development,scenario,total_veh_km,new_link_veh_km,rest_network_veh_km,status_quo_veh_km,delta_total_veh_km,delta_rest_network_veh_km
0,scenario_19,540144.3768610478,3001.9187611131238,537142.4580999347,541239.4593620441,-1095.082500996301,-4097.001262109377
2,scenario_19,554403.2953093696,6992.722163602932,547410.5731457666,541239.4593620441,13163.835947325453,6171.113783722511
9,scenario_19,511725.1431922081,0.0,511725.1431922081,541239.4593620441,-29514.316169836035,-29514.316169836035
12,scenario_19,546085.6664550728,5635.799892847982,540449.8665622248,541239.4593620441,4846.207093028701,-789.5927998193074
15,scenario_19,540283.0836133867,1960.0675171531702,538323.0160962335,541239.4593620441,-956.3757486573886,-2916.443265810609
17,scenario_19,558444.2075616597,17859.942498080018,540584.2650635798,541239.4593620441,17204.748199615628,-655.1942984643392
25,scenario_19,551770.8292489616,2483.6848475796596,549287.144401382,541239.4593620441,10531.369886917528,8047.685039337841
27,scenario_19,551423.2168878237,2806.3401275216615,548616.876760302,541239.4593620441,10183.75752577954,7377.4173982578795
28,scenario_19,561010.1617118813,24123.109172909397,536887.0525389719,541239.4593620441,19770.70234983717,-4352.406823072233
57,scenario_19,541667.2327123905,2406.8131108938246,539260.4196014967,541239.4593620441,427.7733503463678,-1979.0397605474573
62,scenario_19,541570.5749224005,1012.4447160538214,540558.1302063467,541239.4593620441,331.11556035641115,-681.3291556973709
63,scenario_19,556827.6093782573,8502.839038350408,548324.7703399069,541239.4593620441,15588.150016213185,7085.310977862799
73,scenario_19,546282.6993033699,1691.321910827222,544591.3773925427,541239.4593620441,5043.239941325737,3351.9180304985493
90,scenario_19,542802.8833228137,1785.6029212031124,541017.2804016105,541239.4593620441,1563.423960769549,-222.17896043357905
94,scenario_19,541213.7720025247,116.19101922106178,541097.5809833036,541239.4593620441,-25.68735951941926,-141.87837874051183
103,scenario_19,555740.259149304,8183.895174058177,547556.3639752459,541239.4593620441,14500.799787259893,6316.904613201739
104,scenario_19,541988.059017279,865.3972417784448,541122.6617755005,541239.4593620441,748.599655234837,-116.79758654360194
109,scenario_19,563595.4993590092,8627.015160281537,554968.4841987276,541239.4593620441,22356.03999696509,13729.02483668353
114,scenario_19,544011.3827429983,1978.8387491324906,542032.5439938658,541239.4593620441,2771.923380954191,793.0846318217227
126,scenario_19,555596.7929620794,7145.681157251567,548451.1118048278,541239.4593620441,14357.333600035287,7211.652442783699
140,scenario_19,541888.2682862545,485.30825911865963,541402.9600271358,541239.4593620441,648.8089242103742,163.50066509167664
143,scenario_19,541377.0105449918,92.59347889732238,541284.4170660945,541239.4593620441,137.55118294770364,44.95770405035
144,scenario_19,549826.2089951608,2421.219680398029,547404.9893147628,541239.4593620441,8586.749633116648,6165.5299527186435
150,scenario_19,550527.9265536184,3697.7686670532976,546830.1578865651,541239.4593620441,9288.46719157428,5590.698524520965
152,scenario_19,510683.9438029451,0.0,510683.9438029451,541239.4593620441,-30555.515559099033,-30555.515559099033
176,scenario_19,543890.8472709152,5739.218025154499,538151.6292457606,541239.4593620441,2651.387908871053,-3087.830116283498
177,scenario_19,541318.3251348925,683.9740681504214,540634.3510667421,541239.4593620441,78.86577284836676,-605.1082953020232
195,scenario_19,550924.7492486541,4548.553828449282,546376.1954202048,541239.4593620441,9685.28988661,5136.736058160663
197,scenario_19,543287.8766343256,1486.297700041337,541801.5789342843,541239.4593620441,2048.4172722814837,562.1195722401608
201,scenario_19,555911.8771997504,7787.522187779772,548124.3550119706,541239.4593620441,14672.417837706278,6884.895649926504
202,scenario_19,547060.8653534842,3634.202799998984,543426.6625534851,541239.4593620441,5821.405991440057,2187.203191441018
206,scenario_19,543108.2134903534,2271.7303465947602,540836.4831437587,541239.4593620441,1868.754128309316,-402.9762182853883
209,scenario_19,546842.8791109552,7574.418221571698,539268.4608893835,541239.4593620441,5603.419748911052,-1970.9984726606635
227,scenario_19,542323.3652794507,1489.0195107134346,540834.3457687373,541239.4593620441,1083.9059174065478,-405.1135933068581
233,scenario_19,542919.6158375975,1500.1813971397514,541419.4344404577,541239.4593620441,1680.1564755534055,179.9750784136122
240,scenario_19,542467.5641588836,1520.8708329262627,540946.6933259574,541239.4593620441,1228.1047968395287,-292.76603608671576
243,scenario_19,557990.602240085,15237.459675493095,542753.142564592,541239.4593620441,16751.142878040904,1513.6832025478361
245,scenario_19,550945.360645618,2364.104361958698,548581.2562836594,541239.4593620441,9705.901283573941,7341.796921615256
249,scenario_19,556022.7427756463,8316.007753172817,547706.7350224735,541239.4593620441,14783.283413602156,6467.275660429383
250,scenario_19,545219.0157698517,4607.602180382415,540611.4135894693,541239.4593620441,3979.5564078076277,-628.045772574842
254,scenario_19,505506.10461031925,0.0,505506.10461031925,541239.4593620441,-35733.354751724866,-35733.354751724866
255,scenario_19,543817.6065342946,1939.6287346111194,541877.9777996835,541239.4593620441,2578.1471722504357,638.5184376393445
261,scenario_19,545941.9724970505,1814.0504075316742,544127.9220895189,541239.4593620441,4702.513135006418,2888.462727474747
267,scenario_19,542200.3989473531,1625.9068345257474,540574.4921128274,541239.4593620441,960.93958530901,-664.9672492167447
270,scenario_19,544145.9659643394,2384.4595654968243,541761.5063988427,541239.4593620441,2906.506602295325,522.0470367985545
273,scenario_19,542871.5336703009,1793.6209382188038,541077.9127320821,541239.4593620441,1632.074308256735,-161.5466299620457
277,scenario_19,549820.0475088423,4133.601692748056,545686.4458160943,541239.4593620441,8580.588146798196,4446.986454050173
284,scenario_19,543849.2449639348,2979.8831418651002,540869.3618220696,541239.4593620441,2609.785601890646,-370.097539974493
285,scenario_19,556448.2495473564,8852.920406194538,547595.3291411619,541239.4593620441,15208.790185312275,6355.869779117755
289,scenario_19,555762.9413630025,8165.087500273709,547597.8538627288,541239.4593620441,14523.482000958407,6358.394500684692
308,scenario_19,548227.3015068835,7377.711058984979,540849.5904478985,541239.4593620441,6987.842144839349,-389.86891414562706
331,scenario_19,556222.0355609518,7590.520422759313,548631.5151381925,541239.4593620441,14982.576198907685,7392.055776148336
334,scenario_19,539551.3928326012,4438.133241569638,535113.2595910316,541239.4593620441,-1688.0665294429054,-6126.199771012529
348,scenario_19,560338.0516403532,12592.29867950305,547745.7529608501,541239.4593620441,19098.59227830905,6506.29359880602
351,scenario_19,555366.3230745044,1928.6313167165001,553437.6917577878,541239.4593620441,14126.863712460268,12198.232395743718
356,scenario_19,548926.6506367212,2533.0861350382843,546393.5645016829,541239.4593620441,7687.191274677054,5154.105139638763
358,scenario_19,554524.8054832107,7108.061124913739,547416.744358297,541239.4593620441,13285.3461211666,6177.284996252856
390,scenario_19,547309.4714522142,1640.1409163984447,545669.3305358157,541239.4593620441,6070.0120901700575,4429.871173771564
392,scenario_19,541452.9027494912,426.19775722306855,541026.7049922681,541239.4593620441,213.44338744704146,-212.75436977599747
394,scenario_19,544431.1947531677,2755.6977007344904,541675.4970524332,541239.4593620441,3191.7353911235696,436.0376903890865
423,scenario_19,541399.9497625884,4682.200053435251,536717.7497091531,541239.4593620441,160.49040054425132,-4521.709652891033
459,scenario_19,550032.3483988168,8584.525534254151,541447.8228645626,541239.4593620441,8792.889036772656,208.36350251850672
464,scenario_19,541248.3929300605,43.09671199589827,541205.2962180646,541239.4593620441,8.93356801639311,-34.16314397950191
469,scenario_19,550531.9861713791,4875.137719041277,545656.8484523378,541239.4593620441,9292.526809334988,4417.389090293669
486,scenario_19,556460.3475003176,8417.88053419195,548042.4669661256,541239.4593620441,15220.888138273498,6803.007604081533
493,scenario_19,541287.581651408,190.1079463289323,541097.473705079,541239.4593620441,48.12228936387692,-141.9856569650583
499,scenario_19,550117.584949329,2669.597006777762,547447.9879425513,541239.4593620441,8878.125587284914,6208.528580507147
517,scenario_19,542491.7654648062,882.135210202108,541609.6302546042,541239.4593620441,1252.3061027621152,370.17089256003965
521,scenario_19,561921.2156535609,8748.259936531773,553172.9557170292,541239.4593620441,20681.756291516824,11933.49635498505
531,scenario_19,552095.8125537718,5121.32247053022,546974.4900832416,541239.4593620441,10856.353191727656,5735.030721197487
533,scenario_19,545076.146673426,3830.7630896746364,541245.3835837514,541239.4593620441,3836.6873113819165,5.924221707275137
538,scenario_19,543566.0667133927,2095.722678436228,541470.3440349565,541239.4593620441,2326.607351348619,230.88467291241977
540,scenario_19,543392.2688449577,3873.3830191741213,539518.8858257836,541239.4593620441,2152.8094829135807,-1720.5735362605192
546,scenario_19,542621.3492764594,989.6805622042575,541631.6687142552,541239.4593620441,1381.889914415311,392.2093522110954
550,scenario_19,544498.7727015931,2939.120013545899,541559.6526880473,541239.4593620441,3259.3133395490004,320.193326003151
552,scenario_19,544609.970154142,914.6486372317653,543695.3215169102,541239.4593620441,3370.5107920978917,2455.862154866103
556,scenario_19,543128.8053683408,1978.353789991871,541150.451578349,541239.4593620441,1889.3460062966915,-89.00778369512409
557,scenario_19,504960.8489904744,0.0,504960.8489904744,541239.4593620441,-36278.610371569695,-36278.610371569695
558,scenario_19,557839.4874835196,12222.565195985497,545616.9222875341,541239.4593620441,16600.02812147548,4377.462925489992
564,scenario_19,555976.5324992795,8580.349541151736,547396.1829581277,541239.4593620441,14737.073137235362,6156.723596083582
565,scenario_19,547227.6902868629,7226.4441483498995,540001.246138513,541239.4593620441,5988.230924818781,-1238.2132235311437
569,scenario_19,543081.4337421367,2998.470621142135,540082.9631209945,541239.4593620441,1841.974380092579,-1156.4962410496082
594,scenario_19,548953.8542721398,9204.117145801665,539749.7371263382,541239.4593620441,7714.394910095725,-1489.7222357059363
602,scenario_19,547160.6988178327,7079.016435340014,540081.6823824927,541239.4593620441,5921.239455788629,-1157.7769795514178
612,scenario_19,563581.6472061675,8606.22122935263,554975.4259768148,541239.4593620441,22342.187844123342,13735.966614770703
614,scenario_19,543625.53389325,1377.1569622105264,542248.3769310395,541239.4593620441,2386.07453120593,1008.9175689953845
625,scenario_19,544905.4504034212,4075.0042592066175,540830.4461442146,541239.4593620441,3665.9910413770704,-409.0132178295171
627,scenario_19,544150.7860373621,3196.140782827619,540954.6452545344,541239.4593620441,2911.3266753179487,-284.81410750967916
628,scenario_19,543970.123082782,2253.537284324322,541716.5857984577,541239.4593620441,2730.66372073791,477.126436413615
629,scenario_19,543176.0423416542,1868.2324580165548,541307.8098836376,541239.4593620441,1936.5829796100734,68.35052159347106
648,scenario_19,544340.0758384785,3312.1962660212535,541027.8795724573,541239.4593620441,3100.6164764343994,-211.57978958683088
662,scenario_19,561800.0833945236,9427.234504890526,552372.8488896331,541239.4593620441,20560.624032479478,11133.389527588966
669,scenario_19,539824.1257303972,1066.43231651782,538757.6934138794,541239.4593620441,-1415.3336316469358,-2481.7659481647424
670,scenario_19,545211.825360951,3423.6324806728003,541788.1928802782,541239.4593620441,3972.3659989068983,548.7335182341048
673,scenario_19,540452.1097438352,1094.8030321340846,539357.3067117011,541239.4593620441,-787.3496182089439,-1882.1526503430214
678,scenario_19,552363.2118016053,3561.126231809387,548802.0855697959,541239.4593620441,11123.752439561184,7562.626207751804
680,scenario_19,547128.5541040705,6887.3987526850515,540241.1553513855,541239.4593620441,5889.094742026413,-998.3040106586413
682,scenario_19,557865.8350544157,12248.912552361602,545616.9225020541,541239.4593620441,16626.37569237163,4377.463140010019
689,scenario_19,556429.802392506,8746.59988798093,547683.2025045251,541239.4593620441,15190.343030461925,6443.743142480962
694,scenario_19,545226.0060160308,6146.523323052177,539079.4826929786,541239.4593620441,3986.5466539866757,-2159.976669065538
726,scenario_19,543954.2191913808,2611.7462052134724,541342.4729861673,541239.4593620441,2714.759829336661,103.01362412318122
736,scenario_19,541308.2171910864,3.9990733684666484,541304.2181177179,541239.4593620441,68.75782904226799,64.75875567377079
750,scenario_19,556863.3549710199,9019.731535624152,547843.6234353958,541239.4593620441,15623.895608975785,6604.164073351654
755,scenario_19,545517.375710934,4907.00254254209,540610.373168392,541239.4593620441,4277.916348889936,-629.0861936521251
759,scenario_19,563594.6973354148,9193.569381333866,554401.1279540809,541239.4593620441,22355.237973370706,13161.668592036818
761,scenario_19,541168.8605188405,2337.1430958335877,538831.7174230069,541239.4593620441,-70.59884320362471,-2407.7419390372233
764,scenario_19,549079.4281849306,8137.083190482492,540942.3449944481,541239.4593620441,7839.968822886469,-297.1143675959902
767,scenario_19,541187.9266899057,1276.3073660489513,539911.6193238568,541239.4593620441,-51.532672138419,-1327.8400381873362
770,scenario_19,541501.8125725877,822.7136680520878,540679.0989045356,541239.4593620441,262.3532105436316,-560.3604575084755
775,scenario_19,555973.0684570221,7104.491276624393,548868.5771803977,541239.4593620441,14733.609094977961,7629.117818353581
776,scenario_19,545023.7656092657,2988.630000885404,542035.1356083802,541239.4593620441,3784.306247221539,795.6762463360792
780,scenario_19,543895.753881389,2359.180811907756,541536.5730694813,541239.4593620441,2656.294519344927,297.11370743718
789,scenario_19,557912.719122471,11348.590011938704,546564.1291105323,541239.4593620441,16673.25976042694,5324.669748488232
791,scenario_19,547179.4225550706,4944.166954865121,542235.2556002055,541239.4593620441,5939.963193026488,995.7962381613906
809,scenario_19,547451.2822968924,5149.614322224084,542301.6679746683,541239.4593620441,6211.822934848256,1062.2086126242066
810,scenario_19,548746.9624005486,8770.81783717475,539976.1445633739,541239.4593620441,7507.50303850451,-1263.3147986702388
811,scenario_19,541637.2231782787,559.7368162148546,541077.4863620638,541239.4593620441,397.76381623453926,-161.97299998032395
813,scenario_19,549681.7994695336,13829.364340364382,535852.4351291693,541239.4593620441,8442.340107489494,-5387.024232874857
822,scenario_19,543649.2085232224,1724.0996994366683,541925.1088237857,541239.4593620441,2409.749161178246,685.6494617415592
831,scenario_19,544134.5272431455,2378.920987666887,541755.6062554786,541239.4593620441,2895.067881101393,516.1468934344593
837,scenario_19,543087.6311153354,2189.918628344419,540897.712486991,541239.4593620441,1848.1717532912735,-341.74687505315524
858,scenario_19,548672.4433005521,8540.25422132943,540132.1890792226,541239.4593620441,7432.983938507969,-1107.270282821497
863,scenario_19,547460.8168756657,7913.443916696125,539547.3729589696,541239.4593620441,6221.357513621566,-1692.086403074558
866,scenario_19,543739.36548898,1892.317583061042,541847.0479059189,541239.4593620441,2499.90612693585,607.5885438747937
873,scenario_19,556146.6700953924,8620.259945878977,547526.4101495134,541239.4593620441,14907.21073334827,6286.950787469279
878,scenario_19,546432.5574341301,4572.257027595811,541860.3004065343,541239.4593620441,5193.098072085995,620.8410444902256
887,scenario_19,545826.4881329242,1285.7082529141496,544540.77988001,541239.4593620441,4587.028770880075,3301.3205179659417
895,scenario_19,554988.5642860918,8235.001984487153,546753.5623016047,541239.4593620441,13749.104924047715,5514.102939560544
935,scenario_19,544279.3005239853,1905.886819222874,542373.4137047625,541239.4593620441,3039.841161941178,1133.9543427183526
938,scenario_19,546288.272271764,9401.953434329567,536886.3188374344,541239.4593620441,5048.8129097198835,-4353.140524609713
940,scenario_19,544276.5985773043,2037.3634054588576,542239.2351718454,541239.4593620441,3037.139215260162,999.7758098013
945,scenario_19,556079.2162043428,5519.120523648369,550560.0956806944,541239.4593620441,14839.756842298666,9320.63631865033
952,scenario_19,557640.0418248869,11308.97005335675,546331.0717715302,541239.4593620441,16400.58246284281,5091.612409486086
958,scenario_19,543192.646862725,1801.1511298476933,541391.4957328773,541239.4593620441,1953.1875006809132,152.03637083317153
964,scenario_19,541748.97039123,581.6624116877514,541167.3079795422,541239.4593620441,509.51102918584365,-72.15138250193559
970,scenario_19,544697.9241849335,1934.326358457249,542763.5978264763,541239.4593620441,3458.464822889422,1524.1384644322097
971,scenario_19,542770.2254343344,1538.2313415457259,541231.9940927887,541239.4593620441,1530.766072290251,-7.465269255451858
987,scenario_19,541300.1774158076,4.464419395894069,541295.7129964117,541239.4593620441,60.71805376349948,56.25363436760381
0,scenario_26,244901.95509405647,1360.6130313556532,243541.3420627008,245376.64368814207,-474.6885940856009,-1835.301625441265
2,scenario_26,251336.2599567328,3171.011802294173,248165.24815443862,245376.64368814207,5959.616268590733,2788.604466296558
9,scenario_26,232007.9320860684,0.0,232007.9320860684,245376.64368814207,-13368.711602073658,-13368.711602073658
12,scenario_26,247564.18584011085,2553.2034694887748,245010.98237062208,245376.64368814207,2187.5421519687807,-365.6613175199891
15,scenario_26,244965.11486615386,888.4081937204797,244076.70667243339,245376.64368814207,-411.5288219882059,-1299.9370157086814
17,scenario_26,253171.18204761803,8095.589974071096,245075.59207354693,245376.64368814207,7794.538359475962,-301.05161459514056
25,scenario_26,250164.26395935073,1124.791888546765,249039.47207080398,245376.64368814207,4787.620271208667,3662.8283826619154
27,scenario_26,250007.9512935723,1272.5026015516767,248735.4486920206,245376.64368814207,4631.307605430222,3358.805003878544
28,scenario_26,254333.32439599288,10934.681353437865,243398.64304255502,245376.64368814207,8956.680707850814,-1978.0006455870462
57,scenario_26,245592.981261259,1089.6435164226955,244503.33774483632,245376.64368814207,216.33757311693626,-873.3059433057497
62,scenario_26,245549.8951225385,460.03314312124195,245089.86197941724,245376.64368814207,173.25143439642852,-286.7817087248259
63,scenario_26,252428.43425263066,3854.7185060633365,248573.71574656732,245376.64368814207,7051.7905644885905,3197.072058425256
73,scenario_26,247653.55217068843,766.7304727030678,246886.82169798538,245376.64368814207,2276.908482546365,1510.1780098433082
90,scenario_26,246074.03899067832,812.9925833878649,245261.04640729047,245376.64368814207,697.3953025362571,-115.5972808515944
94,scenario_26,245388.38995244633,52.736569794503104,245335.65338265183,245376.64368814207,11.746264304267243,-40.990305490238825
103,scenario_26,251940.48466598772,3711.003029039759,248229.48163694795,245376.64368814207,6563.840977845655,2852.8379488058854
104,scenario_26,245704.379528768,393.86169514520486,245310.5178336228,245376.64368814207,327.73584062594455,-66.12585451925406
109,scenario_26,255496.45590340826,3910.634935158881,251585.82096824938,245376.64368814207,10119.812215266196,6209.177280107309
114,scenario_26,246653.26896372196,895.2994186683238,245757.96954505364,245376.64368814207,1276.6252755798923,381.32585691157146
126,scenario_26,251871.50345357784,3239.667602387428,248631.8358511904,245376.64368814207,6494.859765435773,3255.192163048341
140,scenario_26,245664.8006831145,221.158343901859,245443.64233921265,245376.64368814207,288.1569949724362,66.99865107057849
143,scenario_26,245463.5893319684,42.19253984269884,245421.39679212568,245376.64368814207,86.94564382632961,44.75310398361762
144,scenario_26,249284.23552839336,1096.8211513369267,248187.41437705644,245376.64368814207,3907.5918402512907,2810.7706889143737
150,scenario_26,249575.1835452871,1677.2607967012027,247897.92274858587,245376.64368814207,4198.5398571450205,2521.279060443805
152,scenario_26,231536.60728936992,0.0,231536.60728936992,245376.64368814207,-13840.03639877215,-13840.03639877215
176,scenario_26,246572.24376749044,2599.5973394660937,243972.64642802434,245376.64368814207,1195.600079348369,-1403.9972601177287
177,scenario_26,245432.5598342745,311.5115487287912,245121.0482855457,245376.64368814207,55.91614613242564,-255.59540259637288
189,scenario_26,47258.55092207876,2061.9048051855675,45196.64611689319,245376.64368814207,-198118.09276606332,-200179.99757124888
195,scenario_26,249753.24168577595,2062.7731646928164,247690.46852108312,245376.64368814207,4376.597997633886,2313.8248329410562
197,scenario_26,246298.3942217188,676.8571963749131,245621.5370253439,245376.64368814207,921.7505335767346,244.89333720182185
201,scenario_26,252014.85945550704,3530.782205288964,248484.07725021808,245376.64368814207,6638.215767364978,3107.4335620760103
202,scenario_26,248006.41704680357,1648.3673875305626,246358.049659273,245376.64368814207,2629.773358661507,981.4059711309383
206,scenario_26,246213.06674546847,1034.4381856051232,245178.62855986334,245376.64368814207,836.4230573264067,-198.01512827872648
209,scenario_26,247912.83908697712,3432.990533831735,244479.8485531454,245376.64368814207,2536.195398835058,-896.7951349966752
227,scenario_26,245887.7576132986,674.2949516135415,245213.46266168504,245376.64368814207,511.1139251565328,-163.1810264570231
233,scenario_26,246126.8405646339,683.0033633810713,245443.8372012528,245376.64368814207,750.1968764918274,67.1935131107457
240,scenario_26,245951.9498080294,688.4710899007089,245263.4787181287,245376.64368814207,575.3061198873329,-113.1649700133712
243,scenario_26,252955.33581094796,6907.34769044339,246047.98812050457,245376.64368814207,7578.692122805893,671.3444323625008
245,scenario_26,249792.36742932518,1072.809675415707,248719.55775390947,245376.64368814207,4415.723741183116,3342.9140657673997
249,scenario_26,252065.18002309234,3770.634632758928,248294.5453903334,245376.64368814207,6688.536334950273,2917.9017021913314
250,scenario_26,247197.57452682406,2084.804203801942,245112.77032302212,245376.64368814207,1820.9308386819903,-263.8733651199436
254,scenario_26,229186.16175636937,0.0,229186.16175636937,245376.64368814207,-16190.481931772694,-16190.481931772694
255,scenario_26,246537.22224568354,879.5996368967503,245657.6226087868,245376.64368814207,1160.5785575414775,280.97892064473126
261,scenario_26,247498.83724614812,822.6873423517,246676.1499037964,245376.64368814207,2122.1935580060526,1299.5062156543427
267,scenario_26,245798.01633205608,740.6440695722977,245057.37226248378,245376.64368814207,421.3726439140155,-319.271425658284
270,scenario_26,246685.60208535157,1081.2942874898356,245604.30779786172,245376.64368814207,1308.9583972094988,227.66410971965524
273,scenario_26,246138.38337267318,812.0074573888197,245326.37591528436,245376.64368814207,761.7396845311159,-50.26777285771095
277,scenario_26,249258.77077232828,1874.4442429735025,247384.3265293548,245376.64368814207,3882.1270841862133,2007.6828412127215
284,scenario_26,246551.34459855687,1357.5931970284694,245193.7514015284,245376.64368814207,1174.700910414802,-182.89228661367088
285,scenario_26,252257.8824664717,4013.974976009908,248243.90749046177,245376.64368814207,6881.238778329629,2867.263802319707
289,scenario_26,251949.3521361107,3702.2242637491368,248247.12787236157,245376.64368814207,6572.7084479686455,2870.484184219502
308,scenario_26,248533.96608316578,3342.6478438228237,245191.31823934295,245376.64368814207,3157.322395023715,-185.32544879912166
331,scenario_26,252155.7857347529,3441.6719906571,248714.11374409578,245376.64368814207,6779.142046610825,3337.470055953716
334,scenario_26,244632.88819916564,2011.5918201726145,242621.29637899302,245376.64368814207,-743.7554889764288,-2755.347309149045
348,scenario_26,254018.89741700306,5708.12938038444,248310.76803661863,245376.64368814207,8642.25372886099,2934.124348476558
351,scenario_26,251756.85937240362,874.9613628331637,250881.89800957046,245376.64368814207,6380.215684261551,5505.254321428394
356,scenario_26,248852.74812899026,1148.7759327011936,247703.97219628908,245376.64368814207,3476.1044408481976,2327.3285081470094
358,scenario_26,251391.21576604812,3223.304551989906,248167.9112140582,245376.64368814207,6014.57207790605,2791.2675259161333
390,scenario_26,248123.24899271806,744.9932567082374,247378.25573600983,245376.64368814207,2746.605304575991,2001.6120478677622
392,scenario_26,245498.93685010946,194.09147919004081,245304.84537091941,245376.64368814207,122.29316196739092,-71.79831722265226
394,scenario_26,246842.29868329968,1246.7479427271262,245595.55074057257,245376.64368814207,1465.6549951576162,218.90705243049888
423,scenario_26,245468.80098748484,2122.1933956347743,243346.60759185007,245376.64368814207,92.15729934276897,-2030.036096291995
459,scenario_26,249351.70015035907,3889.5627879412864,245462.1373624178,245376.64368814207,3975.056462217006,85.49367427572724
464,scenario_26,245404.16683392812,19.662382321437015,245384.50445160668,245376.64368814207,27.52314578605001,7.860763464617776
469,scenario_26,249581.5011976482,2210.6822307644143,247370.8189668838,245376.64368814207,4204.857509506139,1994.1752787417208
486,scenario_26,252262.15444970346,3816.243292562697,248445.91115714077,245376.64368814207,6885.510761561396,3069.2674689987034
493,scenario_26,245422.5681479733,86.59841452846268,245335.96973344483,245376.64368814207,45.92445983123616,-40.673954697238514
499,scenario_26,249417.41299533777,1210.8522494752322,248206.56074586255,245376.64368814207,4040.7693071957037,2829.9170577204786
517,scenario_26,245965.8941547178,399.1580954957513,245566.73605922205,245376.64368814207,589.2504665757297,190.09237107998342
521,scenario_26,254738.49848366895,3965.808417856055,250772.6900658129,245376.64368814207,9361.854795526888,5396.046377670835
531,scenario_26,250283.03802766997,2322.8200807901285,247960.21794687986,245376.64368814207,4906.394339527906,2583.57425873779
533,scenario_26,247111.38667095208,1745.4152206811698,245365.9714502709,245376.64368814207,1734.742982810014,-10.67223787115654
538,scenario_26,246456.55464651206,954.1694638925094,245502.38518261956,245376.64368814207,1079.91095836999,125.74149447749369
540,scenario_26,246348.34379108474,1763.9103935840922,244584.43339750066,245376.64368814207,971.7001029426756,-792.2102906414075
546,scenario_26,245990.1500999417,449.50669792518397,245540.64340201652,245376.64368814207,613.5064117996371,163.99971387445112
550,scenario_26,246880.94141582085,1337.577207163002,245543.36420865785,245376.64368814207,1504.297727678786,166.72052051578066
552,scenario_26,246899.90121950267,415.2776188477868,246484.6236006549,245376.64368814207,1523.2575313606067,1107.9799125128193
556,scenario_26,246220.5384456519,901.36053842349,245319.1779072284,245376.64368814207,843.8947575098427,-57.46578091365518
557,scenario_26,228943.6166848777,0.0,228943.6166848777,245376.64368814207,-16433.027003264375,-16433.027003264375
558,scenario_26,252894.92596866697,5540.108934611035,247354.81703405594,245376.64368814207,7518.282280524902,1978.1733459138777
564,scenario_26,252048.09873185135,3890.8543029029574,248157.24442894838,245376.64368814207,6671.455043709284,2780.600740806316
565,scenario_26,248079.93158886163,3273.5912233098147,244806.34036555182,245376.64368814207,2703.287900719559,-570.3033225902473
569,scenario_26,246205.78980460204,1365.465221675738,244840.32458292632,245376.64368814207,829.146116459975,-536.319105215749
594,scenario_26,248861.9283688772,4170.906098427927,244691.0222704493,245376.64368814207,3485.2846807351452,-685.6214176927751
602,scenario_26,248049.73728928695,3206.8245067165903,244842.91278257035,245376.64368814207,2673.0936011448794,-533.7309055717196
612,scenario_26,255490.23155540408,3901.2036815845527,251589.02787381952,245376.64368814207,10113.587867262017,6212.3841856774525
614,scenario_26,246459.79800903675,626.8523467348481,245832.9456623019,245376.64368814207,1083.1543208946823,456.30197415984003
625,scenario_26,247025.92174811906,1855.8023207360472,245170.119427383,245376.64368814207,1649.2780599769903,-206.5242607590626
627,scenario_26,246715.18201907605,1446.1574286068512,245269.0245904692,245376.64368814207,1338.5383309339813,-107.61909767286852
628,scenario_26,246599.55578363762,1026.3442674857286,245573.2115161519,245376.64368814207,1222.9120954955579,196.56782800983638
629,scenario_26,246273.3946038595,845.6079409533027,245427.78666290618,245376.64368814207,896.7509157174209,51.14297476410866
648,scenario_26,246774.64102327495,1500.3268635501697,245274.31415972477,245376.64368814207,1397.9973351328808,-102.32952841729275
662,scenario_26,254684.8543433147,4273.771221026316,250411.0831222884,245376.64368814207,9308.210655172647,5034.439434146334
669,scenario_26,244754.13592186783,485.5991288413794,244268.53679302643,245376.64368814207,-622.5077662742406,-1108.106895115634
670,scenario_26,247194.28642514526,1549.1016752308014,245645.18474991445,245376.64368814207,1817.6427370031888,268.5410617723828
673,scenario_26,245041.3269125486,496.2213699196774,244545.1055426289,245376.64368814207,-335.3167755934701,-831.5381455131574
678,scenario_26,250440.31863880213,1617.8930359574306,248822.42560284468,245376.64368814207,5063.674950660061,3445.7819147026166
680,scenario_26,248035.6444572634,3120.1730524855766,244915.47140477784,245376.64368814207,2659.0007691213395,-461.17228336422704
682,scenario_26,252906.8360747155,5552.051372399022,247354.78470231648,245376.64368814207,7530.1923865734425,1978.1410141744127
689,scenario_26,252253.21943483877,3966.3145148452913,248286.90491999348,245376.64368814207,6876.575746696704,2910.261231851415
694,scenario_26,247180.4665635199,2785.828358724462,244394.63820479545,245376.64368814207,1803.8228753778385,-982.0054833466129
726,scenario_26,246586.66307035182,1189.1677973021556,245397.49527304966,245376.64368814207,1210.01938220975,20.85158490759204
736,scenario_26,245467.40486937357,3.9914685797762677,245463.4134007938,245376.64368814207,90.76118123150081,86.76971265173052
750,scenario_26,252449.35929695488,4090.1929323796608,248359.1663645752,245376.64368814207,7072.71560881281,2982.5226764331455
755,scenario_26,247332.3578514789,2220.2706154336493,245112.08723604525,245376.64368814207,1955.7141633368446,-264.55645209681825
759,scenario_26,255496.6944432409,4167.786273922426,251328.90816931849,245376.64368814207,10120.05075509884,5952.2644811764185
761,scenario_26,245365.6403809306,1059.3957130993308,244306.24466783126,245376.64368814207,-11.003307211474748,-1070.3990203108115
764,scenario_26,248919.71479421188,3686.7757180031203,245232.93907620874,245376.64368814207,3543.0711060698086,-143.7046119333245
767,scenario_26,245378.10358136165,580.3136192079207,244797.78996215374,245376.64368814207,1.4598932195804082,-578.8537259883306
770,scenario_26,245515.1321220761,373.1049270667834,245142.02719500932,245376.64368814207,138.48843393402058,-234.6164931327512
775,scenario_26,252043.04102727398,3221.429525650487,248821.6115016235,245376.64368814207,6666.397339131916,3444.967813481431
776,scenario_26,247072.10177540706,1360.3861372144945,245711.71563819257,245376.64368814207,1695.4580872649967,335.07195005050744
780,scenario_26,246606.85563840164,1073.5050504248738,245533.35058797678,245376.64368814207,1230.2119502595742,156.70689983470947
789,scenario_26,252928.01286106498,5145.439132583585,247782.5737284814,245376.64368814207,7551.369172922918,2405.930040339328
791,scenario_26,248073.00013678198,2251.4708113365205,245821.52932544544,245376.64368814207,2696.356448639912,444.88563730337773
809,scenario_26,248196.80134543113,2345.0287351599427,245851.77261027117,245376.64368814207,2820.1576572890626,475.1289221291081
810,scenario_26,248767.3221325457,3974.3503477883514,244792.97178475733,245376.64368814207,3390.678444403631,-583.671903384733
811,scenario_26,245580.38007211543,253.30560758213372,245327.0744645333,245376.64368814207,203.7363839733589,-49.56922360876342
813,scenario_26,249202.4175942222,6268.503057784535,242933.91453643766,245376.64368814207,3825.7739060801396,-2442.729151704407
822,scenario_26,246465.32042473895,784.5405300673222,245680.77989467164,245376.64368814207,1088.6767365968844,304.1362065295689
831,scenario_26,246673.49738183263,1083.427104812678,245590.07027701996,245376.64368814207,1296.8536936905584,213.42658887789003
837,scenario_26,246203.61788912196,997.132487449225,245206.48540167275,245376.64368814207,826.9742009798938,-170.15828646931914
858,scenario_26,248733.73458624468,3868.9021063644136,244864.83247988028,245376.64368814207,3357.090898102615,-511.8112082617881
863,scenario_26,248191.9054378204,3586.633127757617,244605.27231006278,245376.64368814207,2815.2617496783205,-771.3713780792896
866,scenario_26,246503.74258564741,861.7552154922267,245641.9873701552,245376.64368814207,1127.0988975053478,265.3436820131319
873,scenario_26,252120.62220317143,3908.2339989620045,248212.38820420942,245376.64368814207,6743.978515029361,2835.7445160673524
878,scenario_26,247728.00388265474,2083.3812992990006,245644.62258335573,245376.64368814207,2351.360194512672,267.9788952136587
887,scenario_26,247442.1810885511,583.452813140303,246858.7282754108,245376.64368814207,2065.5374004090263,1482.084587268735
895,scenario_26,251601.5937761247,3734.548824606292,247867.04495151842,245376.64368814207,6224.950087982637,2490.4012633763487
935,scenario_26,246755.48678175814,867.6606798992036,245887.82610185893,245376.64368814207,1378.843093616073,511.1824137168587
938,scenario_26,247664.66779017105,4261.47783984662,243403.18995032442,245376.64368814207,2288.024102028983,-1973.4537378176465
940,scenario_26,246750.38335952273,927.8225889138563,245822.56077060886,245376.64368814207,1373.7396713806666,445.9170824667963
945,scenario_26,252084.8619234086,2501.5408423512085,249583.3210810574,245376.64368814207,6708.21823526654,4206.677392915328
952,scenario_26,252802.53060250476,5125.077759935656,247677.4528425691,245376.64368814207,7425.886914362694,2300.8091544270283
958,scenario_26,246287.01709956874,820.0869486836476,245466.93015088508,245376.64368814207,910.3734114266699,90.2864627430099
964,scenario_26,245601.0345536037,265.06567450346716,245335.96887910023,245376.64368814207,224.3908654616389,-40.67480904184049
970,scenario_26,246928.91849440883,877.9328437026935,246050.98565070613,245376.64368814207,1552.274806266767,674.3419625640672
971,scenario_26,246091.6187424313,696.1123071212216,245395.5064353101,245376.64368814207,714.9750542892434,18.862747168022906
987,scenario_26,245442.41943762233,4.455952113289831,245437.96348550904,245376.64368814207,65.7757494802645,61.319797366973944
0,scenario_44,413392.68856549833,2298.6348290188766,411094.0537364794,414226.4009526994,-833.7123872010852,-3132.3472162199905
2,scenario_44,424298.6646652599,5354.420774320267,418944.24389093963,414226.4009526994,10072.263712560467,4717.84293824021
9,scenario_44,391629.09637561836,0.0,391629.09637561836,414226.4009526994,-22597.304577081057,-22597.304577081057
12,scenario_44,417932.28193663986,4315.64635952737,413616.6355771125,414226.4009526994,3705.880983940442,-609.7653755869251
15,scenario_44,413499.1215806386,1500.8655027009981,411998.25607793755,414226.4009526994,-727.2793720608461,-2228.1448747618706
17,scenario_44,427393.2490396419,13675.943462650306,413717.3055769916,414226.4009526994,13166.848086942453,-509.0953757078387
25,scenario_44,422292.2685365595,1902.0183411943249,420390.25019536517,414226.4009526994,8065.867583860061,6163.849242665747
27,scenario_44,422026.1531607234,2148.9103852815283,419877.24277544185,414226.4009526994,7799.752208023972,5650.841822742426
28,scenario_44,429358.4206426172,18471.66984051748,410886.75080209976,414226.4009526994,15132.019689917797,-3339.6501505996566
57,scenario_44,414558.9203794694,1843.1858046465136,412715.7345748229,414226.4009526994,332.5194267699844,-1510.666377876536
62,scenario_44,414484.60679283,775.1261498420463,413709.48064298794,414226.4009526994,258.2058401305694,-516.9203097114805
63,scenario_44,426153.43941535614,6510.85276426009,419642.58665109606,414226.4009526994,11927.038462656725,5416.185698396643
73,scenario_44,418082.4926402375,1295.0644373474133,416787.4282028901,414226.4009526994,3856.091687538079,2561.027250190673
90,scenario_44,415415.3067948875,1366.866711828051,414048.4400830595,414226.4009526994,1188.9058421881055,-177.9608696399373
94,scenario_44,414212.44819941645,88.96663197510986,414123.48156744137,414226.4009526994,-13.952753282967024,-102.91938525805017
103,scenario_44,425322.05141115136,6266.534823911279,419055.5165872401,414226.4009526994,11095.650458451943,4829.115634540678
104,scenario_44,414792.0760163236,662.4748112741196,414129.6012050495,414226.4009526994,565.6750636241632,-96.79974764992949
109,scenario_44,431336.9362123303,6605.973890227381,424730.9623221029,414226.4009526994,17110.53525963088,10504.561369403498
114,scenario_44,416355.9378725132,1515.5339299302143,414840.40394258295,414226.4009526994,2129.536919813778,614.0029898835346
126,scenario_44,425211.2782973225,5471.612228147767,419739.66606917477,414226.4009526994,10984.877344623092,5513.265116475348
140,scenario_44,414718.3869429117,371.4787411300532,414346.9082017817,414226.4009526994,491.98599021229893,120.50724908226402
143,scenario_44,414338.2727413355,70.89201343860584,414267.3807278969,414226.4009526994,111.87178863608278,40.97977519745473
144,scenario_44,420803.7092754657,1854.1425287259724,418949.5667467397,414226.4009526994,6577.308322766272,4723.165794040309
150,scenario_44,421331.64041918045,2831.3827245853054,418500.25769459514,414226.4009526994,7105.239466481027,4273.856741895725
152,scenario_44,390831.97300513525,0.0,390831.97300513525,414226.4009526994,-23394.427947564167,-23394.427947564167
176,scenario_44,416253.24063951476,4394.824251957973,411858.41638755676,414226.4009526994,2026.8396868153359,-2367.9845651426585
177,scenario_44,414291.42757711676,523.5725528081663,413767.8550243086,414226.4009526994,65.02662441733992,-458.54592839081306
195,scenario_44,421635.08708776254,3482.8746902080134,418152.21239755454,414226.4009526994,7408.6861350631225,3925.8114448551205
197,scenario_44,415789.2625369424,1137.752068190653,414651.5104687517,414226.4009526994,1562.8615842429572,425.1095160522964
201,scenario_44,425452.33657569706,5963.073105780283,419489.26346991677,414226.4009526994,11225.93562299764,5262.862517217349
202,scenario_44,418676.998557987,2782.717597444642,415894.2809605423,414226.4009526994,4450.597605287563,1667.880007842905
206,scenario_44,415649.00336388836,1738.980661469849,413910.0227024185,414226.4009526994,1422.602411188942,-316.378250280919
209,scenario_44,418511.96155654255,5799.919548758971,412712.0420077836,414226.4009526994,4285.560603843129,-1514.3589449158171
227,scenario_44,415061.01230340236,1140.302050614391,413920.710252788,414226.4009526994,834.6113507029368,-305.6906999114435
233,scenario_44,415504.7740688053,1148.3821621955242,414356.39190660976,414226.4009526994,1278.3731161058531,129.99095391033916
240,scenario_44,415170.8185502082,1164.7246895393014,414006.0938606689,414226.4009526994,944.4175975087564,-220.30709203053266
243,scenario_44,427046.2252520249,11667.670171611897,415378.555080413,414226.4009526994,12819.824299325468,1152.1541277135839
245,scenario_44,421660.21779201715,1810.1683060141404,419850.049486003,414226.4009526994,7433.816839317733,5623.648533303582
249,scenario_44,425536.87924591923,6367.7232569043035,419169.15598901495,414226.4009526994,11310.478293219814,4942.7550363155315
250,scenario_44,417279.7791438319,3528.7627329161387,413751.01641091576,414226.4009526994,3053.378191132506,-475.38454178365646
254,scenario_44,386868.5163222962,0.0,386868.5163222962,414226.4009526994,-27357.88463040325,-27357.88463040325
255,scenario_44,416195.03718632506,1485.1979516009264,414709.8392347241,414226.4009526994,1968.6362336256425,483.4382820246974
261,scenario_44,417819.82971976284,1389.0370267498065,416430.79269301303,414226.4009526994,3593.428767063422,2204.3917403136147
267,scenario_44,414955.5859248076,1244.5827510944644,413711.0031737131,414226.4009526994,729.1849721081671,-515.3977789863129
270,scenario_44,416446.4812555811,1825.814211521307,414620.6670440598,414226.4009526994,2220.080302881659,394.2660913603613
273,scenario_44,415482.0398550804,1373.5996429924069,414108.440212088,414226.4009526994,1255.6389023810043,-117.9607406114228
277,scenario_44,420789.8929645648,3165.159130153981,417624.7338344108,414226.4009526994,6563.492011865368,3398.332881711365
284,scenario_44,416217.90795989736,2280.997727158116,413936.91023273923,414226.4009526994,1991.5070071979426,-289.49071996018756
285,scenario_44,425862.7769819362,6778.860751558862,419083.91623037733,414226.4009526994,11636.376029236766,4857.515277677914
289,scenario_44,425339.01394443755,6252.162399910175,419086.8515445274,414226.4009526994,11112.612991738133,4860.450591827976
308,scenario_44,419571.43508188304,5649.487311788207,413921.94777009485,414226.4009526994,5345.034129183623,-304.45318260457134
331,scenario_44,425690.1023473025,5812.202129041803,419877.9002182607,414226.4009526994,11463.701394603064,5651.499265561288
334,scenario_44,412938.80871305574,3398.383576283471,409540.4251367723,414226.4009526994,-1287.59223964368,-4685.975815927144
348,scenario_44,428842.33385843126,9642.265217765455,419200.0686406658,414226.4009526994,14615.93290573184,4973.667687966372
351,scenario_44,425036.9377334724,1476.754558377168,423560.18317509524,414226.4009526994,10810.536780772964,9333.782222395821
356,scenario_44,420106.2486926251,1939.6412006717148,418166.60749195336,414226.4009526994,5879.847739925666,3940.206539253937
358,scenario_44,424391.6251021259,5442.738491675214,418948.8866104507,414226.4009526994,10165.224149426504,4722.485657751269
390,scenario_44,418869.16493300244,1255.7162472719708,417613.44868573046,414226.4009526994,4642.763980303018,3387.0477330310387
392,scenario_44,414396.26227710076,326.24854939322313,414070.01372770756,414226.4009526994,169.86132440133952,-156.38722499186406
394,scenario_44,416676.81689015194,2110.4892891300615,414566.32760102185,414226.4009526994,2450.415937452519,339.92664832243463
423,scenario_44,414353.80310473137,3585.272125685068,410768.5309790463,414226.4009526994,127.40215203195112,-3457.8699736531125
459,scenario_44,420953.1777892738,6573.589439606988,414379.5883496668,414226.4009526994,6726.776836574369,153.18739696737612
464,scenario_44,414239.2178848509,33.00261596229744,414206.2152688886,414226.4009526994,12.816932151501533,-20.185683810792398
469,scenario_44,421335.0374423586,3732.9663317520904,417602.07111060654,414226.4009526994,7108.636489659199,3375.670157907123
486,scenario_44,425872.3210345959,6445.793081943351,419426.52795265254,414226.4009526994,11645.920081896475,5200.126999953121
493,scenario_44,414268.83694628853,145.53228464296282,414123.30466164555,414226.4009526994,42.435993589111604,-103.09629105386557
499,scenario_44,421026.47902596206,2044.1572873835566,418982.3217385785,414226.4009526994,6800.0780732626445,4755.920785879076
517,scenario_44,415191.9831775576,675.5961352112346,414516.38704234635,414226.4009526994,965.582224858168,289.98608964693267
521,scenario_44,430054.86872222944,6698.797634156182,423356.07108807325,414226.4009526994,15828.46776953002,9129.670135373832
531,scenario_44,422531.7078697667,3921.413898623132,418610.29397114355,414226.4009526994,8305.306917067268,4383.893018444127
533,scenario_44,417157.2104550568,2932.286568849797,414224.923886207,414226.4009526994,2930.809502357384,-1.4770664924290031
538,scenario_44,416010.15792796,1604.2839947891857,414405.8739331708,414226.4009526994,1783.7569752605632,179.4729804713861
540,scenario_44,415868.61418257403,2965.0474685770896,412903.56671399693,414226.4009526994,1642.2132298746146,-1322.8342387024895
546,scenario_44,415278.82399785914,757.7233370292756,414521.10066082986,414226.4009526994,1052.423045159725,294.69970813044347
550,scenario_44,416724.16968832264,2249.978861133921,414474.1908271887,414226.4009526994,2497.76873562322,247.78987448930275
552,scenario_44,416802.3851421016,700.2871353301188,416102.09800677147,414226.4009526994,2575.9841894021956,1875.6970540720504
556,scenario_44,415665.8579388866,1514.3577306047641,414151.50020828185,414226.4009526994,1439.4569861872005,-74.90074441756587
557,scenario_44,386450.4303533888,0.0,386450.4303533888,414226.4009526994,-27775.970599310647,-27775.970599310647
558,scenario_44,426930.2246613806,9359.24282914538,417570.9818322352,414226.4009526994,12703.823708681157,3344.580879535759
564,scenario_44,425503.08365204657,6570.097109034287,418932.98654301226,414226.4009526994,11276.682699347148,4706.5855903128395
565,scenario_44,418806.6676502913,5533.6629679284015,413273.0046823629,414226.4009526994,4580.266697591869,-953.396270336525
569,scenario_44,415630.9591636952,2295.314631922384,413335.6445317728,414226.4009526994,1404.558210995805,-890.7564209265984
594,scenario_44,420127.295145927,7047.930289674554,413079.36485625245,414226.4009526994,5900.8941932275775,-1147.0360964469728
602,scenario_44,418755.3346452756,5420.76460371008,413334.5700415655,414226.4009526994,4528.933692576189,-891.830911133904
612,scenario_44,431326.31178934604,6590.051960223967,424736.25982912205,414226.4009526994,17099.910836646624,10509.85887642263
614,scenario_44,416049.3189149018,1054.2279615799337,414995.0909533219,414226.4009526994,1822.9179622023948,768.690000622475
625,scenario_44,417024.8116939617,3119.343528349788,413905.4681656119,414226.4009526994,2798.4107412622543,-320.93278708751313
627,scenario_44,416461.150036276,2447.784566588051,414013.36546968797,414226.4009526994,2234.7490835766075,-213.03548301145202
628,scenario_44,416310.06649178785,1725.0482311680744,414585.0182606198,414226.4009526994,2083.665539088426,358.61730792035814
629,scenario_44,415713.67688230507,1430.774035533058,414282.902846772,414226.4009526994,1487.2759296056465,56.501894072571304
648,scenario_44,416597.06742892467,2536.376980210852,414060.69044871384,414226.4009526994,2370.6664762252476,-165.71050398558145
662,scenario_44,429962.00621954125,7218.692836593878,422743.31338294735,414226.4009526994,15735.605266841827,8516.912430247932
669,scenario_44,413148.10462031455,816.3454212199285,412331.7591990946,414226.4009526994,-1078.2963323848671,-1894.6417536048102
670,scenario_44,417274.1438558558,2622.0105535182165,414652.1333023376,414226.4009526994,3047.7429031563806,425.73234963818686
673,scenario_44,413628.4488482108,838.3141092996557,412790.1347389111,414226.4009526994,-597.9521044886205,-1436.2662137883017
678,scenario_44,422745.28227811155,2726.480562528144,420018.8017155834,414226.4009526994,8518.881325412134,5792.4007628840045
680,scenario_44,418730.2823693891,5274.055164640355,413456.2272047487,414226.4009526994,4503.881416689663,-770.1737479506992
682,scenario_44,426950.39650737774,9379.41791533032,417570.9785920474,414226.4009526994,12723.995554678317,3344.57763934799
689,scenario_44,425849.92923789966,6697.3930751766375,419152.53616272303,414226.4009526994,11623.528285200242,4926.135210023611
694,scenario_44,417273.79155912745,4706.545295816868,412567.2462633106,414226.4009526994,3047.390606428031,-1659.1546893888153
726,scenario_44,416297.9582171488,1999.2851636932062,414298.6730534556,414226.4009526994,2071.557264449366,72.27210075617768
736,scenario_44,414300.9569727558,3.9971240446469762,414296.95984871115,414226.4009526994,74.5560200563632,70.55889601173112
750,scenario_44,426181.5484500102,6906.527920202108,419275.02052980807,414226.4009526994,11955.147497310769,5048.6195771086495
755,scenario_44,417508.2260746812,3758.06092756039,413750.16514712083,414226.4009526994,3281.8251219817903,-476.23580557858804
759,scenario_44,431336.36284639244,7039.771672213658,424296.59117417876,414226.4009526994,17109.96189369302,10070.190221479337
761,scenario_44,414176.9845323946,1789.5908538907775,412387.39367850387,414226.4009526994,-49.41642030479852,-1839.0072741955519
764,scenario_44,420223.58733184775,6230.966038221705,413992.621293626,414226.4009526994,5997.186379148334,-233.7796590733924
767,scenario_44,414192.97350976465,977.0971130187761,413215.87639674585,414226.4009526994,-33.427442934771534,-1010.5245559535688
770,scenario_44,414430.9313191632,629.9450586541428,413800.98626050906,414226.4009526994,204.5303664637613,-425.41469219035935
775,scenario_44,425499.47631625494,5440.023103323535,420059.4532129314,414226.4009526994,11273.075363555516,5833.052260231983
776,scenario_44,417116.6869922192,2287.8402762479095,414828.84671597125,414226.4009526994,2890.286039519764,602.4457632718259
780,scenario_44,416262.563399197,1806.037353452481,414456.52604574454,414226.4009526994,2036.1624464975903,230.1250930451206
789,scenario_44,426986.5818070303,8689.859339155913,418296.7224678744,414226.4009526994,12760.180854330887,4070.32151517499
791,scenario_44,418768.2662852346,3784.7028265381255,414983.5634586965,414226.4009526994,4541.865332535177,757.1625059970538
809,scenario_44,418976.2968391595,3941.9703889502466,415034.32645020925,414226.4009526994,4749.895886460086,807.9254975098302
810,scenario_44,419968.67071887327,6716.160110832285,413252.51060804096,414226.4009526994,5742.269766173849,-973.8903446584591
811,scenario_44,414536.79301888164,428.6798940197998,414108.11312486185,414226.4009526994,310.3920661822194,-118.28782783757197
813,scenario_44,420685.4474114331,10589.484053087062,410095.963358346,414226.4009526994,6459.0464587336755,-4130.437594353396
822,scenario_44,416066.20115786523,1319.8392676513793,414746.36189021386,414226.4009526994,1839.8002051658113,519.9609375144355
831,scenario_44,416435.83182621707,1821.030119193297,414614.80170702375,414226.4009526994,2209.4308735176455,388.40075432433514
837,scenario_44,415633.3071229635,1676.3612629444067,413956.94586001907,414226.4009526994,1406.906170264061,-269.4550926803495
858,scenario_44,419912.6201989772,6539.69147357568,413372.9287254015,414226.4009526994,5686.21924627776,-853.4722272978979
863,scenario_44,418985.0463258528,6059.524868651953,412925.52145720087,414226.4009526994,4758.645373153384,-1300.8794954985497
866,scenario_44,416134.90535963804,1448.5571407257291,414686.3482189123,414226.4009526994,1908.5044069386204,459.9472662128974
873,scenario_44,425631.86012404173,6600.732127547595,419031.1279964941,414226.4009526994,11405.459171342314,4804.727043794701
878,scenario_44,418194.06200301787,3499.867758124002,414694.19424489385,414226.4009526994,3967.6610503184493,467.79329219443025
887,scenario_44,417733.1473522846,984.4363027946798,416748.7110494899,414226.4009526994,3506.7463995851576,2522.31009679049
895,scenario_44,424746.55530285987,6305.625272708842,418440.93003015104,414226.4009526994,10520.154350160446,4214.529077451618
935,scenario_44,416549.2444277605,1458.9610917805671,415090.2833359799,414226.4009526994,2322.8434750610613,863.8823832804919
938,scenario_44,418087.3289503758,7199.311484303077,410888.0174660727,414226.4009526994,3860.9279976763646,-3338.383486626728
940,scenario_44,416547.13067972835,1559.583115891436,414987.5475638369,414226.4009526994,2320.7297270289273,761.1466111374903
945,scenario_44,425583.72212181566,4226.121758292543,421357.6003635231,414226.4009526994,11357.321169116243,7131.199410823698
952,scenario_44,426777.6837588686,8659.722945997744,418117.9608128709,414226.4009526994,12551.282806169183,3891.559860171459
958,scenario_44,415724.3866285492,1378.7835723100131,414345.6030562392,414226.4009526994,1497.9856758497772,119.20210353977745
964,scenario_44,414611.82543789846,445.23291473911684,414166.59252315934,414226.4009526994,385.424485199037,-59.80842954007676
970,scenario_44,416869.25738143653,1481.0514249693272,415388.2059564672,414226.4009526994,2642.856428737112,1161.805003767775
971,scenario_44,415404.01946630393,1178.0643910386777,414225.95507526526,414226.4009526994,1177.6185136045096,-0.44587743416195735
987,scenario_44,414288.4035040159,4.462248995913236,414283.94125502,414226.4009526994,62.002551316458266,57.54030232055811
0,scenario_64,511650.1194448409,2847.711453540796,508802.4079913001,512687.96968057886,-1037.8502357379766,-3885.561689278751
2,scenario_64,525163.9781524024,6630.9233124088805,518533.0548399936,512687.96968057886,12476.008471823588,5845.085159414739
9,scenario_64,484682.82888755354,0.0,484682.82888755354,512687.96968057886,-28005.14079302532,-28005.14079302532
12,scenario_64,517284.94607832504,5348.597027620872,511936.34905070416,512687.96968057886,4596.976397746184,-751.6206298746984
15,scenario_64,511781.92599328165,1859.3580729207854,509922.5679203609,512687.96968057886,-906.0436872972059,-2765.4017602179665
17,scenario_64,528990.3442243107,16941.970706707412,512048.3735176033,512687.96968057886,16302.374543731858,-639.5961629755329
25,scenario_64,522680.96451667027,2357.912411679308,520323.052104991,512687.96968057886,9992.994836091413,7635.082424412132
27,scenario_64,522349.0040907079,2661.3173257588332,519687.6867649491,512687.96968057886,9661.034410129068,6999.7170843702625
28,scenario_64,531429.2944906682,22882.65543606756,508546.6390546006,512687.96968057886,18741.32481008937,-4141.33062597824
57,scenario_64,513092.9208068963,2285.4874215049335,510807.43338539137,512687.96968057886,404.9511263174354,-1880.536295187485
62,scenario_64,513001.34767699114,958.3736076372618,512042.9740693539,512687.96968057886,313.3779964122805,-644.9956112249638
63,scenario_64,527464.6161012129,8064.859880399781,519399.75622081314,512687.96968057886,14776.64642063406,6711.786540234287
73,scenario_64,517473.0280176924,1604.171526480702,515868.8564912117,512687.96968057886,4785.058337113529,3180.88681063283
90,scenario_64,514162.8389428178,1687.2628677886337,512475.5760750292,512687.96968057886,1474.8692622389644,-212.39360554964514
94,scenario_64,512664.4349179384,110.1095070866136,512554.32541085174,512687.96968057886,-23.534762640483677,-133.64426972711226
103,scenario_64,526432.7436670231,7760.774780163785,518671.96888685937,512687.96968057886,13744.773986444285,5983.99920628051
104,scenario_64,513393.52566402167,818.020618420098,512575.5050456016,512687.96968057886,705.5559834428132,-112.4646349772811
109,scenario_64,533889.7961584552,8183.305160070192,525706.490998385,512687.96968057886,21201.82647787634,13018.521317806153
114,scenario_64,515322.5431721416,1880.2037883183398,513442.3393838233,512687.96968057886,2634.57349156274,754.3697032444179
126,scenario_64,526296.7536693572,6777.219310560136,519519.534358797,512687.96968057886,13608.783988778305,6831.5646782181575
140,scenario_64,513299.0402082651,458.24427246946453,512840.79593579564,512687.96968057886,611.0705276862718,152.8262552167871
143,scenario_64,512819.0110809889,87.48214582389986,512731.528935165,512687.96968057886,131.0414004100603,43.559254586172756
144,scenario_64,520835.78586614906,2298.046889534004,518537.7389766151,512687.96968057886,8147.816185570206,5849.769296036218
150,scenario_64,521495.1115913539,3505.6847556524394,517989.42683570145,512687.96968057886,8807.14191077504,5301.457155122596
152,scenario_64,483694.74975138874,0.0,483694.74975138874,512687.96968057886,-28993.21992919012,-28993.21992919012
176,scenario_64,515202.73254976503,5447.459172157678,509755.27337760734,512687.96968057886,2514.7628691861755,-2932.6963029715116
177,scenario_64,512762.91019898903,646.1521159020546,512116.758083087,512687.96968057886,74.9405184101779,-571.2115974918706
195,scenario_64,521872.46402919234,4312.9848493343725,517559.479179858,512687.96968057886,9184.494348613487,4871.509499279142
197,scenario_64,514623.55425458,1404.2395510743852,513219.3147035056,512687.96968057886,1935.5845740011428,531.3450229267473
201,scenario_64,526594.9352417078,7385.753442279169,519209.1817994287,512687.96968057886,13906.965561128978,6521.212118849857
202,scenario_64,518202.5459584382,3445.5309957873196,514757.0149626509,512687.96968057886,5514.576277859334,2069.0452820720384
206,scenario_64,514450.4712776357,2146.4195825012416,512304.0516951345,512687.96968057886,1762.5015970568638,-383.9179854443646
209,scenario_64,517996.87212990347,7185.533753343558,510811.3383765599,512687.96968057886,5308.902449324611,-1876.6313040189561
227,scenario_64,513717.8707029354,1413.6584198072815,512304.2122831281,512687.96968057886,1029.9010223565274,-383.7573974507395
233,scenario_64,514274.7537822088,1417.6229883785213,512857.13079383026,512687.96968057886,1586.7841016299208,169.1611132514081
240,scenario_64,513854.62424053147,1444.3446612128857,512410.2795793186,512687.96968057886,1166.6545599526144,-277.69010126026114
243,scenario_64,528580.0330022448,14453.200355882766,514126.832646362,512687.96968057886,15892.063321665919,1438.8629657831625
245,scenario_64,521893.4163141199,2240.45519422543,519652.96111989446,512687.96968057886,9205.446633541025,6964.991439315607
249,scenario_64,526699.7290192306,7886.546821362632,518813.1821978679,512687.96968057886,14011.759338651726,6125.212517289037
250,scenario_64,516469.8835795766,4377.545642004738,512092.33793757187,512687.96968057886,3781.9138989977655,-595.6317430069903
254,scenario_64,478792.68476120604,0.0,478792.68476120604,512687.96968057886,-33895.28491937282,-33895.28491937282
255,scenario_64,515131.22640647826,1839.2221473575303,513292.00425912073,512687.96968057886,2443.2567258994095,604.0345785418758
261,scenario_64,517142.2975429723,1720.078856668199,515422.2186863041,512687.96968057886,4454.32786239346,2734.249005725258
267,scenario_64,513601.346254682,1535.7147900230968,512065.6314646589,512687.96968057886,913.3765741031384,-622.3382159199682
270,scenario_64,515442.89845377643,2261.0824461833668,513181.81600759306,512687.96968057886,2754.9287731975783,493.84632701420924
273,scenario_64,514238.7763550548,1703.2538350346297,512535.5225200202,512687.96968057886,1550.8066744759562,-152.44716055865865
277,scenario_64,520819.18886744446,3919.7938609868024,516899.39500645763,512687.96968057886,8131.219186865608,4211.425325878779
284,scenario_64,515154.8514704619,2814.2862227082364,512340.56524775364,512687.96968057886,2466.8817898830166,-347.4044328252203
285,scenario_64,527103.9069656065,8395.92674489955,518707.9802207069,512687.96968057886,14415.937285027641,6020.010540128045
289,scenario_64,526454.7220272495,7743.393061668626,518711.3289655809,512687.96968057886,13766.752346670663,6023.3592850020505
308,scenario_64,519315.78406526294,7001.1905609006735,512314.5935043623,512687.96968057886,6627.814384684083,-373.37617621658137
331,scenario_64,526888.4729678908,7198.538065933599,519689.93490195717,512687.96968057886,14200.503287311934,7001.965221378312
334,scenario_64,511089.66640730645,4210.142415826314,506879.5239914801,512687.96968057886,-1598.3032732724096,-5808.445689098735
348,scenario_64,530801.9743184182,11944.509172560787,518857.46514585736,512687.96968057886,18114.00463783933,6169.495465278509
351,scenario_64,526102.1448926941,1828.1685366566699,524273.97635603737,512687.96968057886,13414.175212115224,11586.006675458513
356,scenario_64,519972.32880051184,2401.9719784436106,517570.3568220682,512687.96968057886,7284.359119932982,4882.387141489366
358,scenario_64,525279.2570593972,6740.31342688184,518538.9436325154,512687.96968057886,12591.28737881832,5850.973951936525
390,scenario_64,518441.1480413031,1552.9968004479022,516888.15124085516,512687.96968057886,5753.17836072424,4200.181560276309
392,scenario_64,512890.7495220406,402.65031047664843,512488.09921156394,512687.96968057886,202.77984146174276,-199.87046901491703
394,scenario_64,515721.62322240847,2618.377671090036,513103.24555131845,512687.96968057886,3033.6535418296116,415.27587073959876
423,scenario_64,512844.3405822945,4441.707663058213,508402.6329192363,512687.96968057886,156.3709017156507,-4285.336761342536
459,scenario_64,521027.30036686256,8146.164143312679,512881.1362235499,512687.96968057886,8339.330686283705,193.16654297104105
464,scenario_64,512697.4507469544,40.7238768109641,512656.72687014344,512687.96968057886,9.481066375563387,-31.242810435418505
469,scenario_64,521494.6192340379,4623.01500331329,516871.60423072457,512687.96968057886,8806.649553459021,4183.634550145711
486,scenario_64,527116.2300091994,7984.204932875748,519132.0250763236,512687.96968057886,14428.260328620498,6444.055395744741
493,scenario_64,512734.23517055094,179.60654581550182,512554.62862473546,512687.96968057886,46.265489972080104,-133.34105584339704
499,scenario_64,521109.0883979956,2530.998493081265,518578.0899049144,512687.96968057886,8421.118717416772,5890.120224335522
517,scenario_64,513878.9675385865,838.0838320843103,513040.8837065022,512687.96968057886,1190.9978580076713,352.9140259233536
521,scenario_64,532300.8831639874,8297.947820292677,524002.93534369476,512687.96968057886,19612.91348340857,11314.965663115901
531,scenario_64,522984.4991870303,4855.549210822667,518128.94997620763,512687.96968057886,10296.52950645145,5440.980295628775
533,scenario_64,516309.6874926093,3617.5382331734827,512692.1492594358,512687.96968057886,3621.7178120304598,4.179578856972512
538,scenario_64,514880.57698542834,1980.3711564410864,512900.20582898724,512687.96968057886,2192.6073048494873,212.23614840838127
540,scenario_64,514717.51044325146,3659.553657637489,511057.95678561396,512687.96968057886,2029.5407626726083,-1630.0128949648933
546,scenario_64,514000.5781149451,937.1680255772759,513063.4100893678,512687.96968057886,1312.608434366237,375.4404087889707
550,scenario_64,515762.8393789694,2778.4096697986656,512984.4297091707,512687.96968057886,3074.8696983905393,296.4600285918568
552,scenario_64,515882.4369483663,866.3702293694303,515016.06671899685,512687.96968057886,3194.4672677874332,2328.0970384179964
556,scenario_64,514478.2660308007,1868.3214359681765,512609.94459483254,512687.96968057886,1790.2963502218481,-78.02508574631065
557,scenario_64,478266.86155597115,0.0,478266.86155597115,512687.96968057886,-34421.10812460771,-34421.10812460771
558,scenario_64,528421.3394660217,11594.637496631729,516826.70196939,512687.96968057886,15733.36978544289,4138.732288811123
564,scenario_64,526656.443919244,8136.590174536902,518519.85374470707,512687.96968057886,13968.474238665134,5831.884064128215
565,scenario_64,518370.0813218192,6858.471646780249,511511.60967503896,512687.96968057886,5682.111641240364,-1176.3600055399002
569,scenario_64,514425.59201212734,2832.9827229538537,511592.6092891735,512687.96968057886,1737.6223315484822,-1095.3603914053529
594,scenario_64,520005.9006566873,8732.92273970216,511272.97791698517,512687.96968057886,7317.930976108473,-1414.9917635936872
602,scenario_64,518306.58138397534,6718.51033737478,511588.0710466006,512687.96968057886,5618.611703396484,-1099.8986339782714
612,scenario_64,533876.6792336595,8163.590558282477,525713.0886753771,512687.96968057886,21188.70955308067,13025.11899479822
614,scenario_64,514943.60320069996,1301.6326652844805,513641.97053541546,512687.96968057886,2255.633520121104,954.0008548366022
625,scenario_64,516157.09451761935,3849.8014893722952,512307.2930282471,512687.96968057886,3469.1248370404937,-380.6766523317783
627,scenario_64,515454.7393966115,3036.55739488458,512418.18200172693,512687.96968057886,2766.7697160326643,-269.78767885192065
628,scenario_64,515279.3056731428,2128.905045458828,513150.40062768396,512687.96968057886,2591.3359925639234,462.4309471051092
629,scenario_64,514527.4796943989,1774.469878929049,512753.00981546985,512687.96968057886,1839.5100138200214,65.04013489099452
648,scenario_64,515630.42921612493,3143.8660947911544,512486.5631213338,512687.96968057886,2942.459535546077,-201.40655924507882
662,scenario_64,532184.1561838475,8941.68102818339,523242.4751556641,512687.96968057886,19496.186503268604,10554.505475085229
669,scenario_64,511351.2011801452,1007.617599324332,510343.5835808209,512687.96968057886,-1336.7685004336527,-2344.386099757976
670,scenario_64,516462.529870682,3252.6752823057436,513209.85458837624,512687.96968057886,3774.560190103133,521.8849077973864
673,scenario_64,511942.1600074781,1038.554760242461,510903.6052472356,512687.96968057886,-745.8096731007681,-1784.3644333432312
678,scenario_64,523228.1266672175,3371.4084524760488,519856.7182147415,512687.96968057886,10540.15698663867,7168.748534162645
680,scenario_64,518274.7066586222,6536.466433634826,511738.2402249874,512687.96968057886,5586.736978043336,-949.7294555914705
682,scenario_64,528446.3338438013,11619.631271774437,516826.7025720268,512687.96968057886,15758.364163222432,4138.7328914479585
689,scenario_64,527085.774999584,8294.119153637928,518791.65584594605,512687.96968057886,14397.8053190051,6103.686165367195
694,scenario_64,516462.13163154304,5830.932829404607,510631.19880213845,512687.96968057886,3774.1619509641896,-2056.7708784404094
726,scenario_64,515271.49780732155,2467.875614483444,512803.6221928381,512687.96968057886,2583.528126742691,115.65251225925749
736,scenario_64,512757.74100576056,3.998712138825444,512753.74229362176,512687.96968057886,69.77132518170401,65.77261304290732
750,scenario_64,527496.3509386219,8553.0757814165,518943.27515720535,512687.96968057886,14808.381258043053,6255.305476626498
755,scenario_64,516753.32810944197,4662.003222114237,512091.32488732773,512687.96968057886,4065.35842886311,-596.6447932511219
759,scenario_64,533888.5100299737,8720.140035173401,525168.3699948003,512687.96968057886,21200.54034939484,12480.40031422145
761,scenario_64,512621.4221998064,2216.9170012994427,510404.50519850693,512687.96968057886,-66.54748077248223,-2283.464482071926
764,scenario_64,520123.8465349004,7721.666717296745,512402.17981760367,512687.96968057886,7435.87685432157,-285.78986297518713
767,scenario_64,512638.19968492124,1207.4501651929884,511430.74951972824,512687.96968057886,-49.76999565761071,-1257.2201608506148
770,scenario_64,512937.09984749614,780.0608759258415,512157.0389715703,512687.96968057886,249.13016691728262,-530.9307090085349
775,scenario_64,526652.069063009,6737.3623015550975,519914.70676145394,512687.96968057886,13964.09938243014,7226.737080875086
776,scenario_64,516284.57836552017,2824.700338849443,513459.8780266707,512687.96968057886,3596.6086849413114,771.9083460918628
780,scenario_64,515193.12962583505,2230.4450177694903,512962.6846080656,512687.96968057886,2505.159945256193,274.7149274867261
789,scenario_64,528493.8137237733,10762.936534045622,517730.8771897277,512687.96968057886,15805.844043194491,5042.907509148819
791,scenario_64,518299.6628838178,4671.245308090264,513628.4175757275,512687.96968057886,5611.693203238945,940.4478951486526
809,scenario_64,518556.58122323814,4865.349489476723,513691.23173376144,512687.96968057886,5868.611542659288,1003.2620531825814
810,scenario_64,519810.03825324296,8322.171974025812,511487.8662792172,512687.96968057886,7122.0685726641095,-1200.1034013616736
811,scenario_64,513066.73809820146,531.7336841895578,512535.0044140119,512687.96968057886,378.768417622603,-152.96526656695642
813,scenario_64,520684.5933746,13118.472435807907,507566.12093879207,512687.96968057886,7996.623694021138,-5121.848741786787
822,scenario_64,514966.2352181449,1629.9553226741248,513336.27989547077,512687.96968057886,2278.2655375660397,648.3102148919133
831,scenario_64,515435.49211510277,2247.3944595524936,513188.0976555503,512687.96968057886,2747.522434523911,500.1279749714304
837,scenario_64,514431.35367436457,2069.216019681874,512362.1376546827,512687.96968057886,1743.383993785712,-325.83202589617576
858,scenario_64,519741.3673375666,8105.093655416308,511636.2736821503,512687.96968057886,7053.3976569877705,-1051.695998428564
863,scenario_64,518583.7258798317,7507.1889419984645,511076.53693783324,512687.96968057886,5895.75619925285,-1611.4327427456155
866,scenario_64,515050.32278619334,1787.8450603471476,513262.47772584617,512687.96968057886,2362.3531056144857,574.5080452673137
873,scenario_64,526817.9814344088,8175.7210466789,518642.2603877299,512687.96968057886,14130.011753829953,5954.290707151056
878,scenario_64,517591.67802568845,4317.567628631079,513274.1103970574,512687.96968057886,4903.708345109597,586.1407164785196
887,scenario_64,517042.233085214,1218.4289459268475,515823.80413928715,512687.96968057886,4354.26340463513,3135.8344587082975
895,scenario_64,525717.7876297925,7808.56641593993,517909.2212138525,512687.96968057886,13029.817949213611,5221.251533273666
935,scenario_64,515560.8414338991,1801.1140769422777,513759.72735695686,512687.96968057886,2872.8717533202725,1071.757676378009
938,scenario_64,517467.0901876674,8918.960039425123,508548.1301482423,512687.96968057886,4779.120507088548,-4139.839532336569
940,scenario_64,515558.92603819934,1924.846309544071,513634.0797286553,512687.96968057886,2870.956357620482,946.1100480764289
945,scenario_64,526777.3861722822,5235.61467555982,521541.77149672236,512687.96968057886,14089.416491703305,8853.801816143503
952,scenario_64,528236.1894142051,10729.550459704162,517506.638954501,512687.96968057886,15548.21973362629,4818.669273922162
958,scenario_64,514527.78767357906,1701.9498936355947,512825.8377799435,512687.96968057886,1839.817993000208,137.8680993646267
964,scenario_64,513168.1053018154,549.2253798190786,512618.8799219963,512687.96968057886,480.1356212365208,-69.08975858252961
970,scenario_64,515974.81674028526,1832.8558309877483,514141.9609092975,512687.96968057886,3286.8470597064006,1453.9912287186598
971,scenario_64,514143.17587118555,1461.271705339766,512681.9041658458,512687.96968057886,1455.2061906066956,-6.065514733083546
987,scenario_64,512748.9336621216,4.464017199416085,512744.4696449222,512687.96968057886,60.96398154273629,56.4999643433257
0,scenario_70,337905.8911925819,1876.9131402884263,336028.9780522935,338579.30395679234,-673.4127642104286,-2550.3259044988663
2,scenario_70,346806.11752609495,4373.908696490569,342432.2088296044,338579.30395679234,8226.813569302612,3852.9048728120397
9,scenario_70,320134.4899336517,0.0,320134.4899336517,338579.30395679234,-18444.814023140643,-18444.814023140643
12,scenario_70,341602.28320204077,3522.479503161714,338079.803698879,338579.30395679234,3022.9792452484253,-499.5002579133143
15,scenario_70,337992.857676465,1225.5214312622525,336767.33624520275,338579.30395679234,-586.4462803273345,-1811.9677115895902
17,scenario_70,349337.7435893129,11167.613174490547,338170.1304148223,338579.30395679234,10758.439632520545,-409.17354197002714
25,scenario_70,345169.3237446327,1552.0292820119082,343617.2944626208,338579.30395679234,6590.019787840371,5037.990505828464
27,scenario_70,344953.26757893036,1755.332807446503,343197.9347714839,338579.30395679234,6373.963622138021,4618.63081469154
28,scenario_70,350939.90184293943,15083.830219387854,335856.0716235516,338579.30395679234,12360.597886147094,-2723.2323332407395
57,scenario_70,338859.0656315999,1503.6172478728456,337355.44838372705,338579.30395679234,279.7616748075816,-1223.855573065288
62,scenario_70,338798.70797735726,634.2442579573949,338164.4637193999,338579.30395679234,219.40402056492167,-414.84023739246186
63,scenario_70,348317.82029275823,5317.326770607607,343000.4935221506,338579.30395679234,9738.51633596589,4421.189565358276
73,scenario_70,341723.81235326076,1057.6341534706103,340666.1781997901,338579.30395679234,3144.5083964684163,2086.8742429977865
90,scenario_70,339549.3169364811,1120.368028093504,338428.9489083876,338579.30395679234,970.0129796887632,-150.3550484047155
94,scenario_70,338576.11682734406,72.7196548849028,338503.39717245917,338579.30395679234,-3.187129448284395,-75.90678433317225
103,scenario_70,347640.7458492691,5118.792611389853,342521.95323787926,338579.30395679234,9061.441892476752,3942.649281086924
104,scenario_70,339038.7475760405,542.82530700267,338495.9222690378,338579.30395679234,459.4436192481662,-83.38168775453232
109,scenario_70,352548.4788819256,5394.582152540398,347153.8967293852,338579.30395679234,13969.174925133237,8574.592772592849
114,scenario_70,340323.60979843885,1235.6377362128299,339087.97206222604,338579.30395679234,1744.3058416465065,508.668105433695
126,scenario_70,347548.9528499574,4468.845972609067,343080.1068773483,338579.30395679234,8969.648893165053,4500.802920555987
140,scenario_70,338980.46896885976,304.6989350816018,338675.77003377816,338579.30395679234,401.1650120674167,96.46607698581647
143,scenario_70,338679.4069238397,58.123318010319785,338621.2836058294,338579.30395679234,100.10296704736538,41.97964903706452
144,scenario_70,343954.782536057,1513.3313156874556,342441.45122036955,338579.30395679234,5375.478579264658,3862.147263577208
150,scenario_70,344378.584070592,2313.387573293026,342065.196497299,338579.30395679234,5799.280113799672,3485.8925405066693
152,scenario_70,319484.0011035743,0.0,319484.0011035743,338579.30395679234,-19095.302853218047,-19095.302853218047
176,scenario_70,340232.095550763,3586.5392410474565,336645.55630971555,338579.30395679234,1652.7915939706727,-1933.747647076787
177,scenario_70,338639.0873516988,429.24994691278084,338209.83740478597,338579.30395679234,59.783394906437024,-369.4665520063718
195,scenario_70,344625.43515551666,2845.23752035696,341780.1976351597,338579.30395679234,6046.131198724324,3200.8936783673707
197,scenario_70,339856.58007754636,932.7011246880149,338923.87895285833,338579.30395679234,1277.276120754017,344.57499606598867
201,scenario_70,347746.35987422284,4870.373273400086,342875.98660082277,338579.30395679234,9167.055917430494,4296.6826440304285
202,scenario_70,342213.5411353971,2273.555411668499,339939.9857237286,338579.30395679234,3634.237178604759,1360.6817669362645
206,scenario_70,339741.38136720815,1425.5006883326487,338315.8806788755,338579.30395679234,1162.0774104158045,-263.4232779168524
209,scenario_70,342080.06271430233,4735.71253983619,337344.35017446615,338579.30395679234,3500.7587575099897,-1234.9537823261926
227,scenario_70,339267.07552861073,930.418494607088,338336.65703400364,338579.30395679234,687.7715718183899,-242.64692278869916
233,scenario_70,339621.9044930163,941.2449122087802,338680.65958080755,338579.30395679234,1042.6005362239666,101.3556240152102
240,scenario_70,339356.40735727956,950.060818390653,338406.34653888893,338579.30395679234,777.1034004872199,-172.9574179034098
243,scenario_70,349041.35373460845,9528.210237341129,339513.14349726733,338579.30395679234,10462.049777816108,933.8395404749899
245,scenario_70,344655.9900233703,1479.585910276294,343176.40411309403,338579.30395679234,6076.686066577968,4597.100156301691
249,scenario_70,347815.40800200036,5201.1441988219285,342614.26380317844,338579.30395679234,9236.10404520802,4034.959846386104
250,scenario_70,341075.91759962286,2877.2779353674364,338198.63966425543,338579.30395679234,2496.613642830518,-380.66429253690876
254,scenario_70,316241.89443186513,0.0,316241.89443186513,338579.30395679234,-22337.409524927207,-22337.409524927207
255,scenario_70,340184.7491031133,1213.2583014746915,338971.49080163863,338579.30395679234,1605.4451463209698,392.18684484629193
261,scenario_70,341512.8752900038,1134.7491617557105,340378.12612824806,338579.30395679234,2933.571333211439,1798.8221714557149
267,scenario_70,339168.46482943033,1020.5494992306453,338147.9153301997,338579.30395679234,589.1608726379927,-431.38862659264123
270,scenario_70,340389.86887948733,1491.471582462446,338898.3972970249,338579.30395679234,1810.56492269499,319.0933402325609
273,scenario_70,339611.04580131854,1120.5184833699823,338490.5273179486,338579.30395679234,1031.741844526201,-88.77663884375943
277,scenario_70,343939.7533125246,2585.5099999955046,341354.24331252906,338579.30395679234,5360.449355732242,2774.939355736715
284,scenario_70,340206.37019380013,1870.5946217567564,338335.7755720434,338579.30395679234,1627.0662370077916,-243.5283847489627
285,scenario_70,348081.3716635448,5536.8286050043425,342544.54305854044,338579.30395679234,9502.067706752452,3965.2391017480986
289,scenario_70,347653.8150552954,5106.762904213721,342547.0521510817,338579.30395679234,9074.511098503077,3967.7481942893355
308,scenario_70,342940.58741556556,4611.522219513318,338329.06519605225,338579.30395679234,4361.283458773221,-250.23876074008876
331,scenario_70,347940.9520743133,4747.3956912673375,343193.556383046,338579.30395679234,9361.648117520963,4614.252426253632
334,scenario_70,337534.24931515695,2774.9126192604053,334759.3366958965,338579.30395679234,-1045.05464163539,-3819.967260895821
348,scenario_70,350509.99742716184,7874.0577083856615,342635.9397187762,338579.30395679234,11930.6934703695,4056.6357619838673
351,scenario_70,347392.61343552405,1206.8067048469295,346185.80673067714,338579.30395679234,8813.30947873171,7606.5027738848
356,scenario_70,343380.93178688735,1584.5201912600928,341796.41159562726,338579.30395679234,4801.627830095007,3217.1076388349175
358,scenario_70,346881.8044674829,4446.041318305733,342435.7631491772,338579.30395679234,8302.50051069056,3856.4591923848493
390,scenario_70,342370.47677267675,1027.1953056757898,341343.28146700095,338579.30395679234,3791.1728158844053,2763.9775102086132
392,scenario_70,338727.3167863197,267.45793822134937,338459.8588480984,338579.30395679234,148.0128295273753,-119.44510869396618
394,scenario_70,340584.987483296,1720.6934126059618,338864.29407069006,338579.30395679234,2005.6835265036789,284.99011389771476
423,scenario_70,338688.5765686757,2927.488891322138,335761.0876773535,338579.30395679234,109.27261188335251,-2818.216279438813
459,scenario_70,344068.94868374424,5366.002469410603,338702.94621433364,338579.30395679234,5489.644726951898,123.64225754130166
464,scenario_70,338597.90169606515,27.063958792444435,338570.8377372727,338579.30395679234,18.59773927280912,-8.466219519614242
469,scenario_70,344384.90543713456,3049.3054682052148,341335.59996892937,338579.30395679234,5805.601480342215,2756.296012137027
486,scenario_70,348088.20709573483,5264.23976152873,342823.9673342061,338579.30395679234,9508.903138942493,4244.663377413759
493,scenario_70,338622.395271399,119.31442248931555,338503.0808489097,338579.30395679234,43.09131460665958,-76.22310788265895
499,scenario_70,344138.0702721792,1670.1740296092423,342467.89624256996,338579.30395679234,5558.766315386863,3888.592285777617
517,scenario_70,339374.3067138963,550.8786827420865,338823.4280311542,338579.30395679234,795.0027571039391,244.12407436186913
521,scenario_70,351502.1540119036,5470.614712084074,346031.53929981956,338579.30395679234,12922.850055111281,7452.23534302722
531,scenario_70,345356.8094200988,3203.840776066868,342152.9686440319,338579.30395679234,6777.505463306443,3573.664687239565
533,scenario_70,340978.70542935655,2404.907695192118,338573.7977341644,338579.30395679234,2399.4014725642046,-5.506222627940588
538,scenario_70,340051.1000629015,1314.933155449527,338736.166907452,338579.30395679234,1471.7961061091628,156.86295065964805
540,scenario_70,339924.21675246634,2430.6557689560063,337493.56098351034,338579.30395679234,1344.9127956739976,-1085.742973282002
546,scenario_70,339433.23449465627,619.8024592083939,338813.43203544786,338579.30395679234,853.9305378639256,234.1280786555144
550,scenario_70,340635.8257004959,1843.4988337046825,338792.32686679123,338579.30395679234,2056.5217437035753,213.02290999889374
552,scenario_70,340681.73271887976,572.6400815760281,340109.09263730375,338579.30395679234,2102.428762087424,1529.7886805114103
556,scenario_70,339750.7030193751,1241.9506475698222,338508.75237180525,338579.30395679234,1171.3990625827573,-70.55158498708624
557,scenario_70,315906.2816514297,0.0,315906.2816514297,338579.30395679234,-22673.022305362625,-22673.022305362625
558,scenario_70,348956.43062883976,7642.488419023943,341313.94220981584,338579.30395679234,10377.126672047423,2734.6382530234987
564,scenario_70,347788.9552390025,5366.846773424318,342422.1084655782,338579.30395679234,9209.651282210136,3842.8045087858336
565,scenario_70,342314.477641514,4516.370280054683,337798.1073614593,338579.30395679234,3735.173684721638,-781.1965953330509
569,scenario_70,339728.16452789644,1881.6047850468424,337846.5597428496,338579.30395679234,1148.8605711041018,-732.7442139427294
594,scenario_70,343393.4052794411,5753.901568261234,337639.5037111799,338579.30395679234,4814.101322648756,-939.8002456124523
602,scenario_70,342272.5060113918,4424.247359536528,337848.2586518553,338579.30395679234,3693.2020545994746,-731.0453049370553
612,scenario_70,352539.8477189522,5381.573649539582,347158.27406941267,338579.30395679234,13960.543762159883,8578.970112620329
614,scenario_70,340071.38169409445,863.8946067110164,339207.48708738346,338579.30395679234,1492.077737302112,628.1831305911182
625,scenario_70,340863.2722698594,2557.2999220043394,338305.97234785504,338579.30395679234,2283.9683130670455,-273.33160893729655
627,scenario_70,340408.66127354023,1995.8686825661853,338412.7925909741,338579.30395679234,1829.3573167478899,-166.51136581826722
628,scenario_70,340274.3508223667,1414.2919102023113,338860.0589121644,338579.30395679234,1695.0468655743753,280.7549553720746
629,scenario_70,339799.1644253374,1166.9446181823541,338632.219807155,338579.30395679234,1219.8604685450555,52.91585036268225
648,scenario_70,340511.74322504655,2069.9310620740466,338441.8121629725,338579.30395679234,1932.4392682542093,-137.49179381981958
662,scenario_70,351427.4557569379,5895.377802776776,345532.07795416116,338579.30395679234,12848.15180014557,6952.773997368815
669,scenario_70,337703.111776163,669.1719975618685,337033.9397786011,338579.30395679234,-876.192180629354,-1545.3641781912302
670,scenario_70,341071.50858230866,2137.9416921164284,338933.5668901922,338579.30395679234,2492.204625516315,354.2629333998775
673,scenario_70,338098.3808214735,684.5172771155081,337413.863544358,338579.30395679234,-480.92313531885156,-1165.4404124343419
678,scenario_70,345548.6803534077,2230.749546278652,343317.930807129,338579.30395679234,6969.376396615349,4738.626850336674
680,scenario_70,342252.9153167811,4304.68584323331,337948.2294735478,338579.30395679234,3673.6113599887467,-631.0744832445635
682,scenario_70,348972.91041230597,7658.962813944119,341313.9475983618,338579.30395679234,10393.606455513625,2734.643641569477
689,scenario_70,348072.49838439503,5470.915992960348,342601.5823914347,338579.30395679234,9493.194427602692,4022.2784346423578
694,scenario_70,341069.72215543396,3842.970097719874,337226.7520577141,338579.30395679234,2490.4181986416224,-1352.5518990782439
726,scenario_70,340259.45332781033,1638.7619293938128,338620.69139841653,338579.30395679234,1680.149371017993,41.387441624188796
736,scenario_70,338660.58233762387,3.9952852986454914,338656.58705232525,338579.30395679234,81.27838083152892,77.28309553291183
750,scenario_70,348343.2638090065,5641.78079755808,342701.4830114484,338579.30395679234,9763.959852214146,4122.179054656066
755,scenario_70,341262.21400026366,3064.238869515039,338197.97513074864,338579.30395679234,2682.910043471318,-381.3288260436966
759,scenario_70,352548.2698548096,5749.20422966693,346799.0656251427,338579.30395679234,13968.965898017283,8219.761668350373
761,scenario_70,338546.16204400884,1461.3688014489378,337084.7932425599,338579.30395679234,-33.14191278349608,-1494.510714232456
764,scenario_70,343472.97665423714,5086.2543880584335,338386.7222661787,338579.30395679234,4893.672697444796,-192.58169061364606
767,scenario_70,338561.32396346366,799.9542769164597,337761.3696865472,338579.30395679234,-17.97999332868494,-817.9342702451395
770,scenario_70,338753.04496246274,514.6206774589883,338238.42428500374,338579.30395679234,173.74100567039568,-340.8796717885998
775,scenario_70,347785.4401548072,4443.559348031198,343341.880806776,338579.30395679234,9206.136198014836,4762.576849983656
776,scenario_70,340928.8341841593,1874.8411910448965,339053.9929931144,338579.30395679234,2349.5302273669513,474.6890363220591
780,scenario_70,340257.7090091183,1479.592008235176,338778.11700088315,338579.30395679234,1678.4050523259793,198.8130440908135
789,scenario_70,349000.82332324475,7097.5741517604465,341903.2491714843,338579.30395679234,10421.519366452412,3323.9452146919793
791,scenario_70,342299.3396849406,3102.5498232462105,339196.7898616944,338579.30395679234,3720.035728148243,617.4859049020451
809,scenario_70,342469.8772495271,3231.473101504852,339238.40414802224,338579.30395679234,3890.5732927347417,659.1001912298962
810,scenario_70,343263.43262624514,5482.811774271164,337780.62085197394,338579.30395679234,4684.128669452795,-798.6831048183958
811,scenario_70,338840.6151404299,349.57416878711723,338491.04097164277,338579.30395679234,261.31118363753194,-88.26298514957307
813,scenario_70,343858.25776558684,8647.101053169836,335211.156712417,338579.30395679234,5278.953808794497,-3368.1472443753155
822,scenario_70,340083.1686146525,1081.2872023018708,339001.88141235063,338579.30395679234,1503.8646578601329,422.57745555829024
831,scenario_70,340376.7743515635,1492.9579339922525,338883.8164175712,338579.30395679234,1797.4703947711387,304.5124607788748
837,scenario_70,339728.3346119972,1374.1092417432162,338354.22537025396,338579.30395679234,1149.0306552048423,-225.07858653838048
858,scenario_70,343216.88178882404,5337.6259755876035,337879.25581323646,338579.30395679234,4637.577832031704,-700.0481435558759
863,scenario_70,342465.63992625213,4947.665947933679,337517.97397831845,338579.30395679234,3886.3359694597893,-1061.329978473892
866,scenario_70,340139.4262194632,1187.489432516148,338951.936786947,338579.30395679234,1560.1222626708332,372.6328301546746
873,scenario_70,347892.4888083916,5391.055564034417,342501.4332443572,338579.30395679234,9313.184851599275,3922.129287564836
878,scenario_70,341827.81390814297,2870.5480279066196,338957.26588023634,338579.30395679234,3248.5099513506284,377.96192344400333
887,scenario_70,341436.62947688944,804.6513605015505,340631.9781163879,338579.30395679234,2857.3255200971034,2052.674159595568
895,scenario_70,347172.3256785588,5151.159545296057,342021.16613326274,338579.30395679234,8593.021721766447,3441.8621764704003
935,scenario_70,340480.72523983405,1195.7193871424324,339285.0058526916,338579.30395679234,1901.421283041709,705.7018958992558
938,scenario_70,341736.22769615555,5878.548922676374,335857.6787734792,338579.30395679234,3156.9237393632066,-2721.6251833131537
940,scenario_70,340477.68344991386,1278.5267121135878,339199.1567378003,338579.30395679234,1898.3794931215234,619.8527810079395
945,scenario_70,347840.52906460164,3450.782497207176,344389.74656739447,338579.30395679234,9261.225107809296,5810.442610602127
952,scenario_70,348829.59185934457,7070.193917722732,341759.39794162184,338579.30395679234,10250.287902552227,3180.0939848294947
958,scenario_70,339817.0768464421,1130.1445513096135,338686.9322951325,338579.30395679234,1237.7728896497865,107.628338340146
964,scenario_70,338892.84992463334,365.19426759342656,338527.6556570399,338579.30395679234,313.54596784099704,-51.64829975244356
970,scenario_70,340729.4303435272,1210.7305875155155,339518.69975601166,338579.30395679234,2150.1263867348316,939.3957992193173
971,scenario_70,339546.7925679386,960.6805796673748,338586.11198827124,338579.30395679234,967.4886111462838,6.808031478896737
987,scenario_70,338642.9100681387,4.46020171043238,338638.4498664283,338579.30395679234,63.60611134633655,59.145909635932185
0,scenario_75,414215.79381564364,2303.624771991967,411912.16904365167,415051.19567632925,-835.4018606856116,-3139.026632677589
2,scenario_75,425144.3989413192,5365.751099552639,419778.64784176653,415051.19567632925,10093.203264989948,4727.45216543728
9,scenario_75,392404.09366454877,0.0,392404.09366454877,415051.19567632925,-22647.102011780487,-22647.102011780487
12,scenario_75,418765.3539328553,4325.250119873853,414440.10381298146,415051.19567632925,3714.158256526047,-611.0918633477995
15,scenario_75,414322.5229789732,1504.1206163544052,412818.4023626188,415051.19567632925,-728.672697356029,-2232.7933137104264
17,scenario_75,428244.98002100247,13705.529300105336,414539.4507208971,415051.19567632925,13193.784344673215,-511.7449554321356
25,scenario_75,423134.6915050478,1906.207064219742,421228.48444082803,415051.19567632925,8083.495828718529,6177.288764498779
27,scenario_75,422867.74873755244,2153.370717103276,420714.37802044913,415051.19567632925,7816.553061223181,5663.182344119879
28,scenario_75,430214.8467833674,18511.610210504616,411703.2365728628,415051.19567632925,15163.651107038138,-3347.9591034664772
57,scenario_75,415384.28327635094,1847.238252717204,413537.04502363375,415051.19567632925,333.0876000216813,-1514.1506526955054
62,scenario_75,415309.8726491992,776.5906224779349,414533.2820267213,415051.19567632925,258.67697286995826,-517.9136496079736
63,scenario_75,427003.450060547,6524.840021124587,420478.6100394224,415051.19567632925,11952.254384217726,5427.41436309315
73,scenario_75,418915.9638443175,1297.846293475674,417618.1175508418,415051.19567632925,3864.7681679882226,2566.921874512569
90,scenario_75,416242.09937684814,1369.1527486893276,414872.9466281588,415051.19567632925,1190.9037005188875,-178.249048170459
94,scenario_75,415037.25062805467,89.14755971154446,414948.10306834313,415051.19567632925,-13.945048274588771,-103.09260798612377
103,scenario_75,426170.0878964573,6279.828329987659,419890.25956646964,415051.19567632925,11118.892220128037,4839.063890140387
104,scenario_75,415617.8971186811,663.6111207395123,414954.2859979416,415051.19567632925,566.7014423518558,-96.90967838763027
109,scenario_75,432198.53141630144,6620.237403761926,425578.2940125395,415051.19567632925,17147.335739972186,10527.098336210242
114,scenario_75,417185.4740949686,1518.9526487402695,415666.5214462283,415051.19567632925,2134.2784186393255,615.3257698990637
126,scenario_75,426059.1356799196,5483.328928920918,420575.8067509987,415051.19567632925,11007.940003590367,5524.611074669461
140,scenario_75,415543.95589413255,372.06515098812855,415171.89074314444,415051.19567632925,492.76021780329756,120.69506681518396
143,scenario_75,415163.1550842714,71.00821486617755,415092.14686940523,415051.19567632925,111.95940794213675,40.951193075976335
144,scenario_75,421642.9576554024,1858.179527689559,419784.77812771284,415051.19567632925,6591.76197907317,4733.582451383583
150,scenario_75,422171.7057531382,2837.2957372066753,419334.41001593147,415051.19567632925,7120.510076808918,4283.214339602215
152,scenario_75,391605.2251160098,0.0,391605.2251160098,415051.19567632925,-23445.97056031943,-23445.97056031943
176,scenario_75,417082.455906988,4404.672129367216,412677.7837776208,415051.19567632925,2031.2602306587505,-2373.4118987084366
177,scenario_75,415116.2937933303,524.4257679861743,414591.86802534416,415051.19567632925,65.09811700106366,-459.32765098509844
195,scenario_75,422475.92070772353,3490.2212508457474,418985.6994568778,415051.19567632925,7424.725031394279,3934.503780548519
197,scenario_75,416616.7843114451,1139.6284216070876,415477.155889838,415051.19567632925,1565.588635115826,425.960213508748
201,scenario_75,426300.67925387045,5975.819438706979,420324.8598151635,415051.19567632925,11249.483577541192,5273.664138834225
202,scenario_75,419510.8679877018,2788.5401507550414,416722.32783694676,415051.19567632925,4459.672311372531,1671.1321606175043
206,scenario_75,416476.12808209955,1741.869246294266,414734.2588358053,415051.19567632925,1424.9324057702906,-316.93684052396566
209,scenario_75,419345.3920857944,5812.535043524179,413532.85704227025,415051.19567632925,4294.196409465163,-1518.3386340590077
227,scenario_75,415887.63233381516,1142.7779119810784,414744.85442183405,415051.19567632925,836.4366574859014,-306.3412544952007
233,scenario_75,416331.97830003005,1150.3093660327243,415181.66893399734,415051.19567632925,1280.7826237007976,130.47325766808353
240,scenario_75,415997.7081969922,1167.2926217672987,414830.41557522485,415051.19567632925,946.5125206629164,-220.78010110440664
243,scenario_75,427899.19802312576,11692.817308955084,416206.3807141707,415051.19567632925,12848.002346796507,1155.1850378414383
245,scenario_75,422500.905562915,1813.821418850304,420687.08414406475,415051.19567632925,7449.70988658577,5635.8884677354945
249,scenario_75,426385.39346911473,6381.28701713798,420004.10645197675,415051.19567632925,11334.197792785475,4952.910775647499
250,scenario_75,418111.42682583054,3536.6911987817093,414574.7356270488,415051.19567632925,3060.2311495012837,-476.4600492804311
254,scenario_75,387634.2097643746,0.0,387634.2097643746,415051.19567632925,-27416.98591195466,-27416.98591195466
255,scenario_75,417024.0921334594,1488.3341618704344,415535.757971589,415051.19567632925,1972.8964571301476,484.5622952597332
261,scenario_75,418652.0420941815,1391.963819761505,417260.07827442,415051.19567632925,3600.84641785227,2208.8825980907422
267,scenario_75,415782.34812143445,1246.594200149298,414535.75392128516,415051.19567632925,731.1524451051955,-515.4417550440994
270,scenario_75,417276.0958434228,1829.675443587141,415446.4203998357,415051.19567632925,2224.900167093554,395.22472350642784
273,scenario_75,416309.6143690998,1376.6126686477444,414933.00170045206,415051.19567632925,1258.4186927705305,-118.1939758771914
277,scenario_75,421628.3492756933,3171.862498030541,418456.48677766277,415051.19567632925,6577.153599364043,3405.2911013335106
284,scenario_75,417046.2929686368,2284.652241410306,414761.6407272265,415051.19567632925,1995.0972923075315,-289.55494910274865
285,scenario_75,426711.9657288889,6793.317313304819,419918.6484155841,415051.19567632925,11660.770052559674,4867.4527392548625
289,scenario_75,426187.167935664,6265.4721860313675,419921.69574963266,415051.19567632925,11135.972259334754,4870.50007330341
308,scenario_75,420408.03757606767,5662.00215056964,414746.03542549803,415051.19567632925,5356.841899738414,-305.16025083122076
331,scenario_75,426538.7761902483,5824.586684702692,420714.1895055456,415051.19567632925,11487.580513919063,5662.993829216342
334,scenario_75,413761.3010229939,3405.759294314591,410355.5417286793,415051.19567632925,-1289.89465333533,-4695.653947649931
348,scenario_75,429698.8415290532,9663.076119683403,420035.76540936984,415051.19567632925,14647.645852723974,4984.569733040582
351,scenario_75,425886.29609209474,1479.7919564608871,424406.5041356339,415051.19567632925,10835.100415765482,9355.308459304622
356,scenario_75,420943.23201460624,1943.742792571209,418999.48922203504,415051.19567632925,5892.0363382769865,3948.29354570579
358,scenario_75,425237.61452006956,5454.257642828277,419783.3568772413,415051.19567632925,10186.418843740306,4732.161200912029
390,scenario_75,419703.60497495095,1258.1359561138595,418445.4690188371,415051.19567632925,4652.4092986217,3394.273342507833
392,scenario_75,415221.33645387826,326.7830052286556,414894.5534486496,415051.19567632925,170.1407775490079,-156.64222767966567
394,scenario_75,417507.1394397262,2115.2525896023703,415391.8868501238,415051.19567632925,2455.9437633969355,340.6911737945629
423,scenario_75,415179.40950787754,3593.0579451703975,411586.35156270716,415051.19567632925,128.213831548288,-3464.8441136220936
459,scenario_75,421792.58564436145,6588.125757528322,415204.45988683315,415051.19567632925,6741.389968032192,153.26421050389763
464,scenario_75,415064.0847714034,33.05700406989838,415031.0277673335,415051.19567632925,12.889095074147917,-20.167908995761536
469,scenario_75,422174.6976170473,3740.876537764987,418433.8210792823,415051.19567632925,7123.501940718037,3382.6254029530683
486,scenario_75,426721.63099820295,6459.632938442286,420261.99805976066,415051.19567632925,11670.435321873694,5210.802383431408
493,scenario_75,415093.6957121577,145.77080646412986,414947.92490569357,415051.19567632925,42.50003582844511,-103.27077063568868
499,scenario_75,421865.8522899118,2048.3415139554754,419817.5107759563,415051.19567632925,6814.656613582571,4766.315099627071
517,scenario_75,416018.9082462978,677.1138578823076,415341.79438841547,415051.19567632925,967.7125699685421,290.5987120862119
521,scenario_75,430913.6528494264,6713.218827801991,424200.4340216244,415051.19567632925,15862.457173097122,9149.238345295133
531,scenario_75,423374.6332288877,3929.6313719258624,419445.0018569618,415051.19567632925,8323.437552558433,4393.806180632557
533,scenario_75,417986.76006173406,2936.9567250889636,415049.8033366451,415051.19567632925,2935.5643854048103,-1.3923396841273643
538,scenario_75,416837.3760424936,1606.9539506947656,415230.42209179886,415051.19567632925,1786.1803661643644,179.22641546960222
540,scenario_75,416695.8728000823,2969.939347508623,413725.9334525737,415051.19567632925,1644.677123753063,-1325.2622237555333
546,scenario_75,416106.35443424986,759.1945645753545,415347.15986967454,415051.19567632925,1055.1587579206098,295.96419334528036
550,scenario_75,417552.6322158517,2253.832372527618,415298.79984332406,415051.19567632925,2501.4365395224304,247.60416699480265
552,scenario_75,417632.6909923069,701.6709324238861,416931.020059883,415051.19567632925,2581.4953159776633,1879.8243835537578
556,scenario_75,416493.6981812799,1516.7705187679428,414976.92766251194,415051.19567632925,1442.502504950622,-74.26801381731639
557,scenario_75,387214.27192733984,0.0,387214.27192733984,415051.19567632925,-27836.923748989415,-27836.923748989415
558,scenario_75,427781.4092505275,9379.520835740404,418401.8884147871,415051.19567632925,12730.21357419825,3350.692738457874
564,scenario_75,426351.3953554819,6584.019950299091,419767.3754051828,415051.19567632925,11300.199679152633,4716.179728853516
565,scenario_75,419641.75272764027,5546.012376052643,414095.74035158765,415051.19567632925,4590.557051311014,-955.4553247416043
569,scenario_75,416457.9805771796,2299.1050386831052,414158.8755384965,415051.19567632925,1406.7849008503254,-892.3201378327794
594,scenario_75,420965.0981760899,7063.396007666572,413901.7021684233,415051.19567632925,5913.9024997606175,-1149.4935079059796
602,scenario_75,419590.38493873953,5432.8582139070595,414157.5267248325,415051.19567632925,4539.189262410277,-893.6689514967729
612,scenario_75,432187.95677229826,6604.282150066353,425583.6746222319,415051.19567632925,17136.761095969006,10532.478945902665
614,scenario_75,416877.4079064176,1056.0190149377772,415821.3888914798,415051.19567632925,1826.2122300883639,770.1932151505607
625,scenario_75,417855.047448287,3124.473862357713,414730.5735859293,415051.19567632925,2803.851771957765,-320.6220903999638
627,scenario_75,417290.9890427971,2453.281774728454,414837.7072680687,415051.19567632925,2239.7933664678712,-213.4884082605713
628,scenario_75,417139.50312434754,1727.8636528975917,415411.63947144995,415051.19567632925,2088.307448018284,360.4437951206928
629,scenario_75,416541.8983218684,1433.9563847380564,415107.94193713035,415051.19567632925,1490.7026455391315,56.74626080109738
648,scenario_75,417427.3328326407,2542.072775999377,414885.2600566413,415051.19567632925,2376.1371563114226,-165.93561968795257
662,scenario_75,430820.3899057239,7234.200453638849,423586.18945208506,415051.19567632925,15769.194229394663,8534.993775755807
669,scenario_75,413971.14108558936,817.6958598647576,413153.4452257246,415051.19567632925,-1080.0545907398919,-1897.7504506046535
670,scenario_75,418105.68390746135,2627.9004456177668,415477.78346184356,415051.19567632925,3054.488231132098,426.5877855143044
673,scenario_75,414452.1455730658,840.1325430797161,413612.01302998606,415051.19567632925,-599.0501032634638,-1439.1826463431935
678,scenario_75,423587.3305713951,2731.6453707841806,420855.68520061095,415051.19567632925,8536.134895065858,5804.4895242817
680,scenario_75,419565.01927362185,5285.7989001130345,414279.2203735088,415051.19567632925,4513.82359729259,-771.9753028204432
682,scenario_75,427801.6227075274,9399.739633851425,418401.88307367597,415051.19567632925,12750.427031198167,3350.6873973467154
689,scenario_75,426698.97621330846,6711.571729001765,419987.4044843067,415051.19567632925,11647.780536979204,4936.20880797744
694,scenario_75,418104.5481243428,4716.779466216718,413387.76865812606,415051.19567632925,3053.352448013553,-1663.4270182031905
726,scenario_75,417128.2181727974,2002.6108540766402,415125.6073187208,415051.19567632925,2077.0224964681547,74.41164239152567
736,scenario_75,415125.7338136744,3.997139700102421,415121.7366739743,415051.19567632925,74.53813734516734,70.540997645061
750,scenario_75,427031.26895027386,6921.146433069527,420110.1225172043,415051.19567632925,11980.07327394461,5058.926840875065
755,scenario_75,418340.45744392544,3766.5050936283183,414573.9523502971,415051.19567632925,3289.261767596181,-477.2433260321268
759,scenario_75,432197.87579813495,7054.908563959749,425142.9672341752,415051.19567632925,17146.680121805693,10091.771557845932
761,scenario_75,415001.6306109235,1793.4571488028023,413208.1734621207,415051.19567632925,-49.565065405739006,-1843.022214208555
764,scenario_75,421061.4728413987,6244.754283283923,414816.7185581148,415051.19567632925,6010.277165069419,-234.47711821447592
767,scenario_75,415017.5321528641,978.8709893588746,414038.6611635052,415051.19567632925,-33.66352346516214,-1012.5345128240297
770,scenario_75,415256.2042017524,631.2697758110069,414624.9344259414,415051.19567632925,205.0085254231235,-426.2612503878772
775,scenario_75,426347.73143052694,5451.590078212557,420896.1413523144,415051.19567632925,11296.535754197685,5844.945675985131
776,scenario_75,417948.40427113464,2291.712270095276,415656.69200103934,415051.19567632925,2897.2085948053864,605.4963247100823
780,scenario_75,417090.3869185048,1809.1546900064477,415281.2322284983,415051.19567632925,2039.191242175526,230.03655216906918
789,scenario_75,427838.16728942684,8708.404687841175,419129.76260158565,415051.19567632925,12786.971613097587,4078.5669252563966
791,scenario_75,419600.68337526976,3790.9494793431977,415809.73389592656,415051.19567632925,4549.487698940502,758.538219597307
809,scenario_75,419809.0840521553,3948.476424116517,415860.6076280388,415051.19567632925,4757.888375826064,809.4119517095387
810,scenario_75,420806.2743703204,6730.936256767903,414075.3381135525,415051.19567632925,5755.0786939911195,-975.8575627767714
811,scenario_75,415362.2397282237,429.63723428878893,414932.6024939349,415051.19567632925,311.0440518944524,-118.59318239433924
813,scenario_75,421523.0763397293,10612.412436922496,410910.6639028068,415051.19567632925,6471.88066340005,-4140.531773522438
822,scenario_75,416894.39809735987,1322.123341338746,415572.2747560211,415051.19567632925,1843.2024210306117,521.0790796918445
831,scenario_75,417265.56934484513,1824.006493385954,415441.5628514592,415051.19567632925,2214.37366851588,390.36717512994073
837,scenario_75,416460.37858028203,1679.1553582950462,414781.22322198696,415051.19567632925,1409.1829039527802,-269.9724543422926
858,scenario_75,420750.2105842135,6554.256748290182,414195.9538359233,415051.19567632925,5699.014907884237,-855.2418404059717
863,scenario_75,419819.63329298334,6072.70874721718,413746.92454576615,415051.19567632925,4768.43761665409,-1304.2711305631092
866,scenario_75,416963.04461598676,1450.9463343305526,415512.0982816562,415051.19567632925,1911.8489396575023,460.90260532696266
873,scenario_75,426480.5561752493,6614.858640311029,419865.6975349382,415051.19567632925,11429.360498920025,4814.501858608972
878,scenario_75,419025.3254253755,3505.4076719691493,415519.91775340633,415051.19567632925,3974.129749046231,468.72207707708003
887,scenario_75,418566.0713067571,986.4414922663138,417579.6298144908,415051.19567632925,3514.8756304278504,2528.4341381615377
895,scenario_75,425593.1718028241,6318.932792302025,419274.239010522,415051.19567632925,10541.976126494817,4223.043334192771
935,scenario_75,417378.17413010914,1461.4137564982016,415916.76037361094,415051.19567632925,2326.978453779884,865.5646972816903
938,scenario_75,418919.46698126564,7214.9359261367,411704.53105512896,415051.19567632925,3868.271304936381,-3346.664621200296
940,scenario_75,417376.08049307263,1562.1519192163003,415813.9285738563,415051.19567632925,2324.8848167433753,762.7328975270502
945,scenario_75,426434.58121288626,4235.295722517918,422199.2854903683,415051.19567632925,11383.385536557005,7148.089814039064
952,scenario_75,427628.94795408513,8678.671285305032,418950.2766687801,415051.19567632925,12577.752277755877,3899.080992450821
958,scenario_75,416551.15113767394,1381.0725034088327,415170.0786342651,415051.19567632925,1499.9554613446817,118.88295793585712
964,scenario_75,415437.27392180654,445.935777019921,414991.3381447866,415051.19567632925,386.07824547728524,-59.85753154265694
970,scenario_75,417700.63722529646,1484.042730323138,416216.5944949733,415051.19567632925,2649.44154896721,1165.3988186440547
971,scenario_75,416231.45531644125,1180.7004842052108,415050.75483223604,415051.19567632925,1180.2596401119954,-0.44084409321658313
987,scenario_75,415112.91586692794,4.462266426962075,415108.453600501,415051.19567632925,61.72019059868762,57.25792417174671
0,scenario_78,560929.3478952495,3120.7029676833768,557808.6449275662,562067.9056858013,-1138.5577905518003,-4259.260758235119
2,scenario_78,575744.9038888387,7267.084222082605,568477.8196667561,562067.9056858013,13676.998203037423,6409.913980954792
9,scenario_78,531378.3797529291,0.0,531378.3797529291,562067.9056858013,-30689.525932872202,-30689.525932872202
12,scenario_78,567107.4072875298,5860.862829561614,561246.5444579682,562067.9056858013,5039.501601728494,-821.3612278330838
15,scenario_78,561073.6317858641,2037.6063243037993,559036.0254615603,562067.9056858013,-994.273899937165,-3031.880224240944
17,scenario_78,579939.1097888855,18566.149733865735,561372.9600550197,562067.9056858013,17871.204103084165,-694.9456307815854
25,scenario_78,573019.3543824798,2583.6155163427134,570435.7388661371,562067.9056858013,10951.448696678504,8367.833180335816
27,scenario_78,572655.8413447383,2916.632302226241,569739.209042512,562067.9056858013,10587.93565893697,7671.303356710705
28,scenario_78,582610.8307800974,25076.483538420776,557534.3472416766,562067.9056858013,20542.925094296108,-4533.5584441246465
57,scenario_78,562510.9162200007,2503.9942703397082,560006.921949661,562067.9056858013,443.01053419942036,-2060.9837361403042
62,scenario_78,562410.3715679795,1050.6432766501705,561359.7282913292,562067.9056858013,342.46588217816316,-708.1773944720626
63,scenario_78,578266.4979308313,8838.227754601821,569428.2701762294,562067.9056858013,16198.592245029984,7360.364490428125
73,scenario_78,567313.6258095473,1758.004730296601,565555.6210792507,562067.9056858013,5245.720123745967,3487.7153934494127
90,scenario_78,563688.5562872266,1850.356026027714,561838.2002611989,562067.9056858013,1620.6506014253246,-229.7054246023763
94,scenario_78,562040.5508229462,120.6851848577658,561919.8656380884,562067.9056858013,-27.35486285504885,-148.0400477128569
103,scenario_78,577135.3479245735,8505.271230493427,568630.07669408,562067.9056858013,15067.442238772172,6562.171008278732
104,scenario_78,562844.7842940835,897.0395357515457,561947.7447583319,562067.9056858013,776.8786082821898,-120.16092746937647
109,scenario_78,585306.321420459,8967.909139348832,576338.4122811102,562067.9056858013,23238.41573465767,14270.506595308892
114,scenario_78,564952.3557639807,2059.733854204981,562892.6219097757,562067.9056858013,2884.4500781793613,824.716223974363
126,scenario_78,576986.6534839165,7427.205077405041,569559.4484065115,562067.9056858013,14918.747798115248,7491.54272071016
140,scenario_78,562740.0952690733,502.59230990601554,562237.5029591672,562067.9056858013,672.1895832719747,169.5972733659437
143,scenario_78,562209.8539147652,95.93398289620396,562113.919931869,562067.9056858013,141.9482289638836,46.01424606773071
144,scenario_78,570997.0062737385,2518.144338436453,568478.861935302,562067.9056858013,8929.100587937166,6410.956249500741
150,scenario_78,571722.8997598405,3842.1711737489118,567880.7285860915,562067.9056858013,9654.994074039161,5812.822900290252
152,scenario_78,530295.5997703313,0.0,530295.5997703313,562067.9056858013,-31772.305915470002,-31772.305915470002
176,scenario_78,564824.8685305484,5969.064964319928,558855.8035662285,562067.9056858013,2756.9628447471187,-3212.10211957281
177,scenario_78,562149.2127510248,708.6219200519131,561440.5908309729,562067.9056858013,81.30706522346009,-627.314854828408
195,scenario_78,572136.3932759623,4726.820684950646,567409.5725910116,562067.9056858013,10068.487590161036,5341.666905210353
197,scenario_78,564192.351915322,1539.9691430061032,562652.3827723159,562067.9056858013,2124.4462295207195,584.4770865145838
201,scenario_78,577313.7161597557,8094.141264226744,569219.574895529,562067.9056858013,15245.810473954421,7151.669209727668
202,scenario_78,568115.2988177977,3776.221447798083,564339.0773699996,562067.9056858013,6047.393131996389,2271.1716841983143
206,scenario_78,564004.1421349673,2353.9317270255206,561650.2104079417,562067.9056858013,1936.2364491659682,-417.69527785957325
209,scenario_78,567888.7882308285,7874.32192944974,560014.4663013787,562067.9056858013,5820.882545027183,-2053.4393844226142
227,scenario_78,563195.1672989441,1548.870390257468,561646.2969086866,562067.9056858013,1127.261613142793,-421.6087771146558
233,scenario_78,563811.086113078,1554.6417003034614,562256.4444127746,562067.9056858013,1743.1804272767622,188.53872697334737
240,scenario_78,563345.2217728911,1582.399282871371,561762.8224900197,562067.9056858013,1277.3160870898282,-305.08319578156807
243,scenario_78,579485.8508499786,15839.006820682413,563646.8440292962,562067.9056858013,17417.945164177334,1578.9383434948977
245,scenario_78,572156.9736273817,2455.75756546428,569701.2160619175,562067.9056858013,10089.067941580433,7633.310376116191
249,scenario_78,577428.6843730247,8643.035153745423,568785.6492192793,562067.9056858013,15360.778687223443,6717.743533478002
250,scenario_78,566209.315514951,4795.607396920694,561413.7081180303,562067.9056858013,4141.409829149721,-654.1975677709561
254,scenario_78,524921.4672820175,0.0,524921.4672820175,562067.9056858013,-37146.43840378383,-37146.43840378383
255,scenario_78,564747.8281264253,2015.678149578229,562732.149976847,562067.9056858013,2679.922440623981,664.244291045703
261,scenario_78,566953.317429282,1885.1216239068015,565068.1958053752,562067.9056858013,4885.411743480712,3000.2901195739396
267,scenario_78,563071.1892815921,1684.2657495629603,561386.9235320291,562067.9056858013,1003.2835957908537,-680.9821537721436
270,scenario_78,565089.3477374676,2478.000226627749,562611.3475108398,562067.9056858013,3021.442051666323,543.4418250385206
273,scenario_78,563765.3668654452,1866.0781676656698,561899.2886977795,562067.9056858013,1697.4611796438694,-168.61698802176397
277,scenario_78,570982.795766895,4295.838177898085,566686.957588997,562067.9056858013,8914.890081093763,4619.051903195679
284,scenario_78,564775.2880430736,3086.5503490391243,561688.7376940345,562067.9056858013,2707.3823572723195,-379.1679917668225
285,scenario_78,577871.4582999103,9201.222771690183,568670.2355282201,562067.9056858013,15803.552614109009,6602.3298424187815
289,scenario_78,577159.4922435805,8486.131456899942,568673.3607866806,562067.9056858013,15091.586557779228,6605.455100879306
308,scenario_78,569333.3428360843,7671.846815032562,561661.4960210518,562067.9056858013,7265.437150283018,-406.4096647495171
331,scenario_78,577635.3911809614,7889.048238765274,569746.3429421961,562067.9056858013,15567.485495160101,7678.437256394769
334,scenario_78,560315.0364225273,4613.739544553368,555701.296877974,562067.9056858013,-1752.869263274013,-6366.608807827346
348,scenario_78,581922.2425772165,13089.715153390274,568832.5274238262,562067.9056858013,19854.33689141518,6764.621738024871
351,scenario_78,576769.1450533407,2003.8106722107366,574765.33438113,562067.9056858013,14701.239367539412,12697.42869532865
356,scenario_78,570054.3423055814,2632.4356534945655,567421.9066520869,562067.9056858013,7986.436619780143,5354.000966285588
358,scenario_78,575871.2583521841,7386.965099235708,568484.2932529483,562067.9056858013,13803.352666382794,6416.3875671470305
390,scenario_78,568375.2022856035,1702.428834570896,566672.7734510326,562067.9056858013,6307.296599802212,4604.867765231291
392,scenario_78,562288.3375033784,441.56891142657025,561846.7685919518,562067.9056858013,220.43181757710408,-221.13709384948015
394,scenario_78,565389.4631083921,2868.3810421993016,562521.0820661928,562067.9056858013,3321.5574225907912,453.1763803914655
423,scenario_78,562237.7767364614,4867.496982709797,557370.2797537516,562067.9056858013,169.8710506601492,-4697.625932049705
459,scenario_78,571209.2293894977,8926.553377241129,562282.6760122565,562067.9056858013,9141.32370369637,214.77032645524014
464,scenario_78,562076.6180624553,44.65542987053415,562031.9626325847,562067.9056858013,8.712376654031686,-35.94305321655702
469,scenario_78,571722.8955114981,5066.51409566451,566656.3814158336,562067.9056858013,9654.9898256968,4588.475730032311
486,scenario_78,577884.7688291806,8749.85359033866,569134.915238842,562067.9056858013,15816.863143379334,7067.009553040727
493,scenario_78,562117.3295712074,196.96522907127394,561920.3643421361,562067.9056858013,49.42388540611137,-147.54134366521612
499,scenario_78,571297.2167932756,2773.9402887449396,568523.2765045306,562067.9056858013,9229.311107474263,6455.37081872928
517,scenario_78,563370.6008173556,918.1240208925551,562452.476796463,562067.9056858013,1302.6951315542683,384.57111066172365
521,scenario_78,583565.1680481338,9093.59504251305,574471.5730056207,562067.9056858013,21497.26236233255,12403.667319819448
531,scenario_78,573354.7671446223,5321.564984295465,568033.2021603268,562067.9056858013,11286.86145882099,5965.296474525472
533,scenario_78,566042.3655238791,3967.5635281370455,562074.801995742,562067.9056858013,3974.459838077775,6.896309940726496
538,scenario_78,564473.074958467,2171.7393595954522,562301.3355988716,562067.9056858013,2405.1692726657493,233.4299130702857
540,scenario_78,564296.4167314512,4013.2734471770073,560283.1432842741,562067.9056858013,2228.5110456498805,-1784.762401527143
546,scenario_78,563508.2433744045,1027.3474739368785,562480.8959004676,562067.9056858013,1440.3376886032056,412.9902146663517
550,scenario_78,565440.5987903754,3046.7063541046136,562393.8924362708,562067.9056858013,3372.6931045741076,325.98675046954304
552,scenario_78,565570.8532258155,949.673647372747,564621.1795784427,562067.9056858013,3502.9475400141673,2553.2738926414168
556,scenario_78,564032.7338900394,2049.0848563948175,561983.6490336446,562067.9056858013,1964.8282042380888,-84.25665215670597
557,scenario_78,524346.9100016893,0.0,524346.9100016893,562067.9056858013,-37720.99568411196,-37720.99568411196
558,scenario_78,579314.7112140286,12706.148177705447,566608.5630363232,562067.9056858013,17246.805528227356,4540.657350521884
564,scenario_78,577380.5347286706,8917.167278246776,568463.3674504239,562067.9056858013,15312.629042869317,6395.461764622596
565,scenario_78,568295.9439114064,7515.304434119353,560780.6394772871,562067.9056858013,6228.038225605153,-1287.266208514222
569,scenario_78,563975.9083505655,3106.7978323174757,560869.1105182479,562067.9056858013,1908.002664764179,-1198.795167553355
594,scenario_78,570089.7342357112,9569.763322307002,560519.9709134041,562067.9056858013,8021.828549909871,-1547.9347723971587
602,scenario_78,568226.3479259376,7361.947568247019,560864.4003576906,562067.9056858013,6158.442240136326,-1203.505328110652
612,scenario_78,585291.9203731982,8946.3022861058,576345.6180870924,562067.9056858013,23224.014687396935,14277.712401291123
614,scenario_78,564542.8944584777,1427.347513524476,563115.5469449533,562067.9056858013,2474.9887726764427,1047.6412591519766
625,scenario_78,565874.201902907,4222.051330823451,561652.1505720835,562067.9056858013,3806.2962171057006,-415.75511371775065
627,scenario_78,565097.5513518023,3326.54589772409,561771.0054540782,562067.9056858013,3029.6456660010153,-296.90023172309157
628,scenario_78,564910.0866048144,2334.7453630268524,562575.3412417875,562067.9056858013,2842.1809190131025,507.43555598624516
629,scenario_78,564082.7352161185,1944.060418283771,562138.6747978347,562067.9056858013,2014.82953031722,70.76911203342024
648,scenario_78,565293.5455266458,3444.8859104440426,561848.6596162018,562067.9056858013,3225.639840844553,-219.24606959952507
662,scenario_78,583437.7071889234,9799.10472815563,573638.6024607677,562067.9056858013,21369.801503122086,11570.696774966433
669,scenario_78,560600.7305737942,1104.9954623685626,559495.7351114256,562067.9056858013,-1467.1751120070694,-2572.170574375661
670,scenario_78,566201.4458158637,3563.3138152377114,562638.132000626,562067.9056858013,4133.540130062378,570.2263148246566
673,scenario_78,561249.3917869163,1138.115582552357,560111.2762043639,562067.9056858013,-818.513898884994,-1956.6294814373832
678,scenario_78,573621.8193318074,3696.041674973873,569925.7776568335,562067.9056858013,11553.913646006142,7857.871971032233
680,scenario_78,568192.2263142989,7162.496148484068,561029.7301658149,562067.9056858013,6124.320628497633,-1038.1755199864274
682,scenario_78,579342.1132499104,12733.537961178696,566608.5752887317,562067.9056858013,17274.20756410912,4540.669602930429
689,scenario_78,577851.3009672331,9089.833853544136,568761.467113689,562067.9056858013,15783.395281431847,6693.561427887762
694,scenario_78,566207.0471903186,6389.87415798895,559817.1730323297,562067.9056858013,4139.141504517291,-2250.7326534716412
726,scenario_78,564900.3379623932,2706.3966354828385,562193.9413269104,562067.9056858013,2832.4322765918914,126.0356411091052
736,scenario_78,562136.1041843876,3.999304731182061,562132.1048796565,562067.9056858013,68.19849858630914,64.1991938551655
750,scenario_78,578301.5374254128,9373.651689146289,568927.8857362665,562067.9056858013,16233.631739611505,6859.9800504652085
755,scenario_78,566519.8622112857,5107.229783353092,561412.6324279327,562067.9056858013,4451.956525484449,-655.2732578685973
759,scenario_78,585305.0156163983,9556.317955125345,575748.697661273,562067.9056858013,23237.109930597013,13680.791975471657
761,scenario_78,561993.9544360669,2429.4705005326077,559564.4839355343,562067.9056858013,-73.95124973438215,-2503.4217502670363
764,scenario_78,570219.0761188375,8461.36842508513,561757.7076937524,562067.9056858013,8151.170433036168,-310.1979920489248
767,scenario_78,562012.1934684243,1323.8358141729418,560688.3576542513,562067.9056858013,-55.712217377033085,-1379.5480315500172
770,scenario_78,562340.278290209,854.9146325302746,561485.3636576787,562067.9056858013,272.37260440771934,-582.5420281225815
775,scenario_78,577376.2999135614,7383.69169973953,569992.6082138219,562067.9056858013,15308.394227760145,7924.7025280206
776,scenario_78,566010.7797889676,3097.57096316784,562913.2088257998,562067.9056858013,3942.8741031662794,845.3031399984611
780,scenario_78,564815.7954866878,2445.774434873196,562370.0210518145,562067.9056858013,2747.889800886507,302.11536601325497
789,scenario_78,579393.5689224654,11795.205550664627,567598.3633718009,562067.9056858013,17325.663236664142,5530.457685999572
791,scenario_78,568224.0373393911,5122.756150255528,563101.2811891355,562067.9056858013,6156.131653589779,1033.3755033342168
809,scenario_78,568505.7857402887,5335.622538353018,563170.1632019357,562067.9056858013,6437.880054487381,1102.257516134414
810,scenario_78,569875.0233222534,9119.579600944779,560755.4437213086,562067.9056858013,7807.11763645208,-1312.461964492686
811,scenario_78,562481.435283326,582.523669490527,561898.9116138355,562067.9056858013,413.52959752466995,-168.99407196580432
813,scenario_78,570835.3647606915,14376.13550157575,556459.2292591158,562067.9056858013,8767.459074890241,-5608.676426685532
822,scenario_78,564567.9391000536,1787.30009685963,562780.639003194,562067.9056858013,2500.033414252335,712.7333173927618
831,scenario_78,565081.2109158535,2464.6842583253374,562616.5266575281,562067.9056858013,3013.3052300522104,548.6209717268357
837,scenario_78,563983.089477078,2269.2466567627516,561713.8428203153,562067.9056858013,1915.183791276766,-354.0628654860193
858,scenario_78,569798.7971064529,8881.373082821812,560917.424023631,562067.9056858013,7730.8914206515765,-1150.481662170263
863,scenario_78,568531.9330827929,8226.802592849837,560305.1304899431,562067.9056858013,6464.027396991616,-1762.7751958582085
866,scenario_78,564660.3612499288,1960.6525877084334,562699.7086622204,562067.9056858013,2592.4555641275365,631.8029764191015
873,scenario_78,577558.128260476,8959.8226823103,568598.3055781658,562067.9056858013,15490.222574674757,6530.399892364512
878,scenario_78,567448.8413963492,4735.378614750811,562713.4627815984,562067.9056858013,5380.935710547958,645.5570957971504
887,scenario_78,566841.2022043064,1335.473456890056,565505.7287474163,562067.9056858013,4773.296518505085,3437.823061614996
895,scenario_78,576352.2365160093,8557.792180140174,567794.4443358692,562067.9056858013,14284.330830208026,5726.538650067872
935,scenario_78,565220.0336255665,1975.1196984729224,563244.9139270936,562067.9056858013,3152.127939765225,1177.008241292322
938,scenario_78,567308.9611355625,9773.959066982994,557535.0020685795,562067.9056858013,5241.0554497612175,-4532.903617221746
940,scenario_78,565217.6554977322,2110.9050591071073,563106.7504386251,562067.9056858013,3149.749811930931,1038.8447528238175
945,scenario_78,577508.0512608348,5737.513618234022,571770.5376426007,562067.9056858013,15440.1455750335,9702.631956799421
952,scenario_78,579111.0655607453,11757.836566061527,567353.2289946838,562067.9056858013,17043.159874944016,5285.323308882536
958,scenario_78,564086.2367227658,1866.4268499153156,562219.8098728505,562067.9056858013,2018.3310369645478,151.90418704925105
964,scenario_78,562596.3431785798,602.3783640509827,561993.9648145288,562067.9056858013,528.4374927785248,-73.94087127246894
970,scenario_78,565670.8940680125,2008.9732004704347,563661.920867542,562067.9056858013,3602.988382211188,1594.015181740746
971,scenario_78,563660.6911217481,1600.8653928735262,562059.8257288745,562067.9056858013,1592.7854359467747,-8.079956926754676
987,scenario_78,562128.5045064721,4.464676998029484,562124.0398294742,562067.9056858013,60.598820670857094,56.13414367288351
0,scenario_89,346338.72707066033,1926.2044037227859,344412.52266693756,347030.8183515454,-692.0912808850408,-2618.295684607816
2,scenario_89,355467.3092837242,4486.941568032247,350980.3677156919,347030.8183515454,8436.4909321788,3949.5493641465437
9,scenario_89,328096.97873914195,0.0,328096.97873914195,347030.8183515454,-18933.83961240342,-18933.83961240342
12,scenario_89,350133.82044645457,3616.3572609875587,346517.463185467,347030.8183515454,3103.0020949091995,-513.3551660783705
15,scenario_89,346427.94307864935,1257.6921105710146,345170.2509680783,347030.8183515454,-602.8752728960244,-1860.5673834670451
17,scenario_89,358060.8712212761,11460.140350345988,346600.7308709301,347030.8183515454,11030.052869730745,-430.0874806152424
25,scenario_89,353793.9230868459,1593.8310882061294,352200.09199863975,347030.8183515454,6763.104735300527,5169.273647094378
27,scenario_89,353571.0537697849,1800.7758956377183,351770.2778741472,347030.8183515454,6540.23541823955,4739.459522601857
28,scenario_89,359708.2231584706,15478.873395618286,344229.3497628523,347030.8183515454,12677.404806925217,-2801.4685886930674
57,scenario_89,347315.79708166583,1544.518556163919,345771.2785255019,347030.8183515454,284.9787301204633,-1259.539826043474
62,scenario_89,347253.818741023,649.579460596257,346604.23928042676,347030.8183515454,223.0003894776455,-426.5790711186128
63,scenario_89,357019.93054772425,5455.975148238505,351563.9553994857,347030.8183515454,9989.112196178874,4533.137047940341
73,scenario_89,350259.49560073053,1085.2388947812776,349174.25670594926,347030.8183515454,3228.677249185159,2143.4383544038865
90,scenario_89,348022.68211370206,1145.551953591352,346877.1301601107,347030.8183515454,991.8637621566886,-153.68819143465953
94,scenario_89,347026.19159639115,74.5563782419625,346951.63521814917,347030.8183515454,-4.626755154225975,-79.18313339620363
103,scenario_89,356324.4998602236,5251.275590684298,351073.2242695393,347030.8183515454,9293.681508678244,4042.4059179939213
104,scenario_89,347500.968950561,555.2049552365495,346945.7639953245,347030.8183515454,470.1505990156438,-85.0543562208768
109,scenario_89,361364.3078518157,5535.669665024947,355828.63818679075,347030.8183515454,14333.489500270342,8797.819835245376
114,scenario_89,348822.0361397191,1269.9459574001664,347552.09018231893,347030.8183515454,1791.2177881737007,521.2718307735631
126,scenario_89,356230.71197071875,4585.1219376980835,351645.59003302065,347030.8183515454,9199.893619173381,4614.7716814752785
140,scenario_89,347440.793444162,311.3333696125115,347129.4600745495,347030.8183515454,409.9750926166307,98.64172300411155
143,scenario_89,347131.84487156005,59.41999281401586,347072.42487874604,347030.8183515454,101.02652001468232,41.60652720066719
144,scenario_89,352547.4436173761,1553.736594790125,350993.70702258596,347030.8183515454,5516.62526583072,3962.888671040593
150,scenario_89,352981.02695357695,2372.6826592190014,350608.3442943579,347030.8183515454,5950.208602031576,3577.5259428125573
152,scenario_89,327429.1405295045,0.0,327429.1405295045,347030.8183515454,-19601.67782204086,-19601.67782204086
176,scenario_89,348727.29947058024,3682.694453951271,345044.605016629,347030.8183515454,1696.48111903487,-1986.2133349163923
177,scenario_89,347090.8189290432,438.7977119185147,346652.02121712465,347030.8183515454,60.000577497819904,-378.79713442071807
195,scenario_89,353235.1762654239,2918.6149037515956,350316.5613616723,347030.8183515454,6204.3579138785135,3285.7430101269274
197,scenario_89,348337.7996485716,953.5360703753852,347384.2635781962,347030.8183515454,1306.9812970262137,353.4452266508015
201,scenario_89,356432.79671491083,4996.963693229533,351435.8330216813,347030.8183515454,9401.978363365459,4405.014670135919
202,scenario_89,350756.7973608046,2331.899040577634,348424.89832022693,347030.8183515454,3725.979009259201,1394.079968681559
206,scenario_89,348218.5098661952,1457.4196439325729,346761.09022226266,347030.8183515454,1187.6915146498359,-269.72812928271014
209,scenario_89,350620.20620026963,4860.198488910138,345760.0077113595,347030.8183515454,3589.387848724262,-1270.8106401858968
227,scenario_89,347736.10067069234,955.5351083214032,346780.56556237093,347030.8183515454,705.2823191469652,-250.25278917443939
233,scenario_89,348097.93784622825,962.4417088899972,347135.4961373382,347030.8183515454,1067.1194946828764,104.67778579285368
240,scenario_89,347827.8002298864,975.9918544191397,346851.80837546726,347030.8183515454,796.981878341001,-179.00997607811587
243,scenario_89,357769.90606621053,9777.279696952313,347992.6263692582,347030.8183515454,10739.087714665162,961.8080177128431
245,scenario_89,353264.46618060535,1516.9397793773746,351747.526401228,347030.8183515454,6233.647829059977,4716.708049682609
249,scenario_89,356503.4535343095,5336.06183552436,351167.3916987852,347030.8183515454,9472.635182764148,4136.573347239813
250,scenario_89,349595.3945633672,2956.927201203206,346638.467362164,347030.8183515454,2564.5762118218117,-392.35098938137526
254,scenario_89,324108.2874278752,0.0,324108.2874278752,347030.8183515454,-22922.530923670158,-22922.530923670158
255,scenario_89,348677.8418241269,1244.5780555207828,347433.2637686061,347030.8183515454,1647.0234725815244,402.4454170607496
261,scenario_89,350038.706493996,1163.9985185695061,348874.7079754265,347030.8183515454,3007.8881424506544,1843.889623881143
267,scenario_89,347638.24250786577,1043.0760045199231,346595.1665033458,347030.8183515454,607.4241563203977,-435.6518481995445
270,scenario_89,348888.535169626,1530.0090342660637,347358.52613535995,347030.8183515454,1857.716818080633,327.70778381457785
273,scenario_89,348089.4209514562,1151.0232636346734,346938.39768782153,347030.8183515454,1058.6025999108097,-92.42066372383852
277,scenario_89,352527.681013791,2652.3642008485613,349875.31681294244,347030.8183515454,5496.862662245636,2844.4984613970737
284,scenario_89,348696.28292824293,1911.689662560842,346784.5932656821,347030.8183515454,1665.464576697559,-246.22508586326148
285,scenario_89,356776.5903184544,5680.5836749132395,351096.00664354116,347030.8183515454,9745.771966909,4065.188291995786
289,scenario_89,356338.2933529161,5239.221318229944,351099.07203468616,347030.8183515454,9307.475001370709,4068.2536831407924
308,scenario_89,351506.8763843825,4734.08266485055,346772.7937195319,347030.8183515454,4476.058032837114,-258.0246320134611
331,scenario_89,356632.024567169,4870.544113689967,351761.48045347905,347030.8183515454,9601.20621562365,4730.662101933674
334,scenario_89,345958.64102311636,2847.7699032980545,343110.8711198183,347030.8183515454,-1072.1773284290102,-3919.94723172707
348,scenario_89,359274.10040909884,8080.021671407701,351194.07873769116,347030.8183515454,12243.282057553472,4163.26038614579
351,scenario_89,356084.81259097776,1237.5277161395043,354847.28487483825,347030.8183515454,9053.994239432388,7816.466523292882
356,scenario_89,351954.5898454746,1625.4190432986707,350329.1708021759,347030.8183515454,4923.7714939292055,3298.352450630511
358,scenario_89,355545.16788122826,4560.950317960467,350984.2175632678,347030.8183515454,8514.349529682891,3953.399211722426
390,scenario_89,350919.2438143042,1052.3194922991402,349866.924322005,347030.8183515454,3888.425462758809,2836.105970459641
392,scenario_89,347180.6427988522,273.42192726633414,346907.2208715858,347030.8183515454,149.82444730680436,-123.5974799595424
394,scenario_89,349090.87696458783,1768.4944774414635,347322.38248714636,347030.8183515454,2060.0586130424635,291.56413560098736
423,scenario_89,347143.9556222643,3004.377509607228,344139.57811265707,347030.8183515454,113.13727071892936,-2891.2402388883056
459,scenario_89,352664.4824634014,5508.456746233462,347156.02571716794,347030.8183515454,5633.664111856022,125.20736562256934
464,scenario_89,347048.35064890934,27.66621332649326,347020.68443558284,347030.8183515454,17.53229736397043,-10.133915962534957
469,scenario_89,352984.52969662054,3128.1786392652825,349856.35105735523,347030.8183515454,5953.711345075164,2825.532705809863
486,scenario_89,356784.397952152,5401.458418345766,351382.93953380623,347030.8183515454,9753.579600606638,4352.12118226086
493,scenario_89,347073.62448226154,121.97521667377241,346951.6492655878,347030.8183515454,42.80613071616972,-79.16908595757559
499,scenario_89,352733.637511167,1713.005785931898,351020.6317252351,347030.8183515454,5702.819159621606,3989.8133736897144
517,scenario_89,347846.55455237255,566.1192011793277,347280.43535119324,347030.8183515454,815.7362008271739,249.61699964787113
521,scenario_89,360290.0153977069,5613.461263855286,354676.5541338516,347030.8183515454,13259.197046161513,7645.735782306234
531,scenario_89,353986.205102348,3286.120376529783,350700.08472581825,347030.8183515454,6955.386750802631,3669.2663742728764
533,scenario_89,349483.178375879,2457.52745463504,347025.650921244,347030.8183515454,2452.3600243336405,-5.167430301371496
538,scenario_89,348530.8340166989,1344.5167993011646,347186.31721739774,347030.8183515454,1500.0156651535071,155.49886585236527
540,scenario_89,348404.21045426413,2484.966421956108,345919.24403230805,347030.8183515454,1373.3921027187607,-1111.5743192373193
546,scenario_89,347909.47616134625,634.9919511176755,347274.48421022855,347030.8183515454,878.6578098008758,243.66585868317634
550,scenario_89,349129.38488635153,1885.640218764218,347243.74466758734,347030.8183515454,2098.5665348061593,212.92631604196504
552,scenario_89,349187.4641798385,586.8502360965189,348600.61394374195,347030.8183515454,2156.6458282931126,1569.7955921965768
556,scenario_89,348233.1451742552,1269.174343341583,346963.97083091363,347030.8183515454,1202.326822709816,-66.847520631738
557,scenario_89,323758.1064322369,0.0,323758.1064322369,347030.8183515454,-23272.711919308465,-23272.711919308465
558,scenario_89,357672.6033579272,7842.833829197708,349829.7695287295,347030.8183515454,10641.785006381804,2798.9511771841208
564,scenario_89,356476.24586643354,5505.6601299877175,350970.58573644585,347030.8183515454,9445.427514888172,3939.7673849004786
565,scenario_89,350865.89936034736,4637.011470221323,346228.88789012603,347030.8183515454,3835.0810088019934,-801.9304614193388
569,scenario_89,348204.80737490614,1923.6732959617868,346281.13407894433,347030.8183515454,1173.989023360773,-749.6842726010364
594,scenario_89,351972.4571375935,5905.96983329206,346066.4873043014,347030.8183515454,4941.6387860481045,-964.3310472439625
602,scenario_89,350823.01297783636,4542.407479920419,346280.60549791594,347030.8183515454,3792.1946262909914,-750.2128536294331
612,scenario_89,361355.3887985457,5522.327207769664,355833.061590776,347030.8183515454,14324.570447000326,8802.243239230651
614,scenario_89,348557.6765957091,883.5192573818822,347674.1573383272,347030.8183515454,1526.858244163741,643.3389867818332
625,scenario_89,349371.03564790386,2614.289354378079,346756.7462935258,347030.8183515454,2340.217296358489,-274.0720580195775
627,scenario_89,348909.5914412707,2051.121131757295,346858.47030951345,347030.8183515454,1878.7730897253496,-172.3480420319247
628,scenario_89,348772.5966350615,1445.7386569288276,347326.85797813267,347030.8183515454,1741.7782835161197,296.0396265872987
629,scenario_89,348282.814876522,1198.9322319996065,347083.8826445224,347030.8183515454,1251.9965249766246,53.06429297704017
648,scenario_89,349015.5055611448,2125.4032073257345,346890.10235381906,347030.8183515454,1984.6872095994186,-140.71599772630725
662,scenario_89,360212.32926899014,6049.130524647385,354163.1987443428,347030.8183515454,13181.510917444772,7132.380392797408
669,scenario_89,346133.66493258864,684.1616758737587,345449.5032567149,347030.8183515454,-897.1534189567319,-1581.3150948304683
670,scenario_89,349590.5873991931,2197.1144050391085,347393.47299415397,347030.8183515454,2559.7690476477146,362.6546426085988
673,scenario_89,346536.29797832784,702.4885383171918,345833.80944001063,347030.8183515454,-494.5203732175287,-1197.0089115347364
678,scenario_89,354174.118076936,2284.8875086643948,351889.2305682716,347030.8183515454,7143.2997253906215,4858.412216726225
680,scenario_89,350802.1293339826,4419.471479210391,346382.6578547722,347030.8183515454,3771.3109824372223,-648.1604967731982
682,scenario_89,357689.51805415686,7859.740095156044,349829.7779590008,347030.8183515454,10658.699702611484,2798.959607455414
689,scenario_89,356766.89217904606,5612.335244935117,351154.55693411094,347030.8183515454,9736.073827500688,4123.738582565566
694,scenario_89,349582.6260505638,3943.976015646311,345638.6500349175,347030.8183515454,2551.807699018449,-1392.1683166278526
726,scenario_89,348762.040875667,1675.5660214822144,347086.4748541848,347030.8183515454,1731.2225241216365,55.656502639409155
736,scenario_89,347111.17559166835,3.995522505421624,347107.1800691629,347030.8183515454,80.35724012297578,76.36171761754667
750,scenario_89,357044.3485540509,5787.590412959935,351256.758141091,347030.8183515454,10013.530202505528,4225.939789545606
755,scenario_89,349786.83362803125,3149.067553081795,346637.76607494947,347030.8183515454,2756.0152764858794,-393.0522765959031
759,scenario_89,361363.724237365,5899.196394989259,355464.52784237574,347030.8183515454,14332.905885819637,8433.70949083037
761,scenario_89,346995.5965911267,1499.6398908271542,345495.9567002995,347030.8183515454,-35.22176041867351,-1534.8616512458539
764,scenario_89,352053.0901592916,5221.346820595195,346831.74333869637,347030.8183515454,5022.271807746205,-199.07501284900354
767,scenario_89,347009.981232379,818.8517759749976,346191.12945640396,347030.8183515454,-20.83711916639004,-839.6888951414148
770,scenario_89,347207.99244189303,527.8866144917804,346680.1058274013,347030.8183515454,177.17409034766024,-350.71252414409537
775,scenario_89,356472.19920736225,4558.669415156944,351913.5297922053,347030.8183515454,9441.380855816882,4882.711440659943
776,scenario_89,349448.04176616686,1917.3833820988232,347530.65838406805,347030.8183515454,2417.2234146214905,499.84003252268303
780,scenario_89,348742.61908887967,1513.5810432981261,347229.03804558155,347030.8183515454,1711.800737334299,198.2196940361755
789,scenario_89,357720.06726847787,7281.963833397483,350438.1034350804,347030.8183515454,10689.248916932498,3407.285083535011
791,scenario_89,350834.7285247308,3171.89202210635,347662.83650262444,347030.8183515454,3803.9101731854025,632.0181510790717
809,scenario_89,351009.19780314446,3303.695295191529,347705.5025079529,347030.8183515454,3978.3794515990885,674.6841564075439
810,scenario_89,351839.35731109435,5627.947005051263,346211.4103060431,347030.8183515454,4808.538959548983,-819.4080455022631
811,scenario_89,347297.9242022512,359.2170099879636,346938.7071922632,347030.8183515454,267.10585070581874,-92.1111592821544
813,scenario_89,352441.6993583321,8873.761614456607,343567.9377438755,347030.8183515454,5410.881006786716,-3462.880607669882
822,scenario_89,348570.2203123199,1106.1104000994794,347464.10991222045,347030.8183515454,1539.4019607745577,433.29156067507574
831,scenario_89,348877.8898790684,1526.1793248459458,347351.71055422246,347030.8183515454,1847.0715275230468,320.8922026770888
837,scenario_89,348205.36230109126,1404.937165755104,346800.4251353362,347030.8183515454,1174.543949545885,-230.3932162091951
858,scenario_89,351792.64552341605,5480.034909850833,346312.6106135652,347030.8183515454,4761.827171870682,-718.2077379801776
863,scenario_89,351016.45877351804,5077.740630943913,345938.71814257413,347030.8183515454,3985.6404219726683,-1092.100208971242
866,scenario_89,348627.2028828939,1214.0174996682308,347413.1853832257,347030.8183515454,1596.3845313485363,382.3670316803036
873,scenario_89,356583.0518135751,5531.3060543045485,351051.74575927056,347030.8183515454,9552.233462029719,4020.9274077251903
878,scenario_89,350351.79626416246,2933.2243501403987,347418.5719140221,347030.8183515454,3320.9779126170906,387.7535624767188
887,scenario_89,349966.1300657748,824.9618049929671,349141.1682607818,347030.8183515454,2935.311714229407,2110.349909236422
895,scenario_89,355842.61842738604,5284.050255339188,350558.56817204686,347030.8183515454,8811.80007584067,3527.7498205014854
935,scenario_89,348975.94454819866,1222.7205220839455,347753.22402611474,347030.8183515454,1945.1261966532911,722.405674569367
938,scenario_89,350264.91142077686,6032.862663944375,344232.0487568325,347030.8183515454,3234.093069231487,-2798.7695947128814
940,scenario_89,348973.5086186646,1307.0656142337302,347666.44300443085,347030.8183515454,1942.6902671192074,635.6246528854826
945,scenario_89,356544.27354937745,3541.395270642133,353002.8782787353,347030.8183515454,9513.455197832081,5972.0599271899555
952,scenario_89,357544.9726424625,7256.618596511394,350288.35404595116,347030.8183515454,10514.154290917155,3257.5356944057858
958,scenario_89,348291.5251024273,1155.530736640369,347135.9943657869,347030.8183515454,1260.7067508819164,105.17601424152963
964,scenario_89,347351.5068574959,373.1461206073613,346978.3607368885,347030.8183515454,320.68850595050026,-52.45761465688702
970,scenario_89,349242.3248735966,1241.1327843450708,348001.19208925153,347030.8183515454,2211.5065220512333,970.3737377061625
971,scenario_89,348023.9217050782,987.167778163087,347036.7539269151,347030.8183515454,993.1033535328461,5.935575369745493
987,scenario_89,347094.0914225251,4.460465820618517,347089.6309567045,347030.8183515454,63.27307097974699,58.81260515912436
0,scenario_96,367570.6562515912,2045.1560965719345,365525.5001550193,368308.10862877563,-737.4523771844106,-2782.6084737563506
2,scenario_96,377264.43777431105,4763.452557248777,372500.9852170623,368308.10862877563,8956.32914553542,4192.876588286657
9,scenario_96,348201.90766457864,0.0,348201.90766457864,368308.10862877563,-20106.200964196993,-20106.200964196993
12,scenario_96,371603.88951156184,3840.359131632433,367763.5303799294,368308.10862877563,3295.7808827862027,-544.5782488462282
15,scenario_96,367665.5638468103,1335.354061093284,366330.209785717,368308.10862877563,-642.54478196532,-1977.8988430586178
17,scenario_96,380016.5597670659,12167.970106251129,367848.5896608148,368308.10862877563,11708.451138290286,-459.51896796084475
25,scenario_96,375487.9332758213,1692.7138755400358,373795.2194002813,368308.10862877563,7179.824647045694,5487.110771505686
27,scenario_96,375250.7020170594,1911.7376986132979,373338.96431844606,368308.10862877563,6942.593388283742,5030.855689670425
28,scenario_96,381766.55421432765,16434.597096526406,365331.95711780124,368308.10862877563,13458.445585552021,-2976.1515109743923
57,scenario_96,368607.6864497434,1640.4442108257158,366967.2422389177,368308.10862877563,299.57782096776646,-1340.8663898579543
62,scenario_96,368541.91448056453,689.1519541740616,367852.7625263905,368308.10862877563,233.80585178890033,-455.3461023851414
63,scenario_96,378914.09450528305,5792.725308840424,373121.36919644265,368308.10862877563,10605.985876507417,4813.260567667021
73,scenario_96,371737.740708103,1152.1864292834546,370585.55427881953,368308.10862877563,3429.6320793273626,2277.4456500438973
90,scenario_96,369361.28400530585,1214.5515245844917,368146.7324807214,368308.10862877563,1053.1753765302128,-161.37614805425983
94,scenario_96,368300.43260052486,79.12981079646936,368221.3027897284,368308.10862877563,-7.676028250774834,-86.80583904724335
103,scenario_96,378175.07813800056,5574.9691089777525,372600.1090290228,368308.10862877563,9866.969509224931,4292.000400247169
104,scenario_96,368808.09311083076,588.7220028680605,368219.3711079627,368308.10862877563,499.9844820551225,-88.73752081295243
109,scenario_96,383527.8868362358,5877.514547159771,377650.37228907604,368308.10862877563,15219.778207460186,9342.263660300407
114,scenario_96,370208.1772534646,1349.102147252861,368859.0751062117,368308.10862877563,1900.0686246889527,550.9664774360717
126,scenario_96,378075.9136961917,4868.016506810403,373207.8971893813,368308.10862877563,9767.805067416048,4899.788560605666
140,scenario_96,368743.47928395006,330.00121784687525,368413.4780661032,368308.10862877563,435.37065517442534,105.36943732755026
143,scenario_96,368412.36782987503,62.99333683273171,368349.3744930423,368308.10862877563,104.25920109939761,41.26586426666472
144,scenario_96,374164.13297370484,1649.9856517484861,372514.14732195635,368308.10862877563,5856.024344929203,4206.038693180715
150,scenario_96,374626.6922369351,2518.6995628477175,372107.99267408735,368308.10862877563,6318.583608159446,3799.8840453117155
152,scenario_96,347492.67199637066,0.0,347492.67199637066,368308.10862877563,-20815.436632404977,-20815.436632404977
176,scenario_96,370110.2909974548,3910.9132695362346,366199.37772791856,368308.10862877563,1802.1823686791467,-2108.7309008570737
177,scenario_96,368369.43818878266,465.19018712396434,367904.2480016587,368308.10862877563,61.329560007026885,-403.8606271169265
189,scenario_96,94389.20286736176,4164.47063340331,90224.73223395845,368308.10862877563,-273918.90576141386,-278083.3763948172
195,scenario_96,374896.88160133857,3098.417612576912,371798.46398876165,368308.10862877563,6588.772972562932,3490.355359986017
197,scenario_96,369695.2327639362,1010.9200963878079,368684.3126675484,368308.10862877563,1387.1241351605859,376.2040387727902
201,scenario_96,378290.3065339652,5305.211138662265,372985.095395303,368308.10862877563,9982.19790518959,4676.986766527349
202,scenario_96,372263.90535833256,2475.435714128911,369788.46964420367,368308.10862877563,3955.796729556925,1480.3610154280323
206,scenario_96,369568.7130391824,1545.1511407711394,368023.56189841125,368308.10862877563,1260.6044104067842,-284.5467303643818
209,scenario_96,372118.3628419028,5160.404715803579,366957.95812609926,368308.10862877563,3810.254213127191,-1350.150502676377
227,scenario_96,369054.8759093486,1014.8015393789018,368040.0743699697,368308.10862877563,746.7672805729671,-268.03425880591385
233,scenario_96,369441.39134210226,1020.4287771744724,368420.96256492776,368308.10862877563,1133.2827133266255,112.85393615212524
240,scenario_96,369152.3892857127,1036.6418097049384,368115.74747600773,368308.10862877563,844.2806569370441,-192.36115276790224
243,scenario_96,379712.50875332404,10380.78046506922,369331.7282882548,368308.10862877563,11404.40012454841,1023.6196594791836
245,scenario_96,374924.6281155009,1610.0467498533383,373314.58136564755,368308.10862877563,6616.519486725272,5006.472736871918
249,scenario_96,378365.2459809682,5665.1146002887535,372700.13138067944,368308.10862877563,10057.137352192542,4392.022751903802
250,scenario_96,371030.0329362727,3141.1379940803895,367888.8949421923,368308.10862877563,2721.9243074970436,-419.21368658333085
254,scenario_96,343968.8547973705,0.0,343968.8547973705,368308.10862877563,-24339.253831405134,-24339.253831405134
255,scenario_96,370057.62286806345,1321.2639176327039,368736.35895043076,368308.10862877563,1749.5142392878188,428.25032165512675
261,scenario_96,371501.5258856141,1235.702676339194,370265.8232092749,368308.10862877563,3193.4172568384674,1957.714580499276
267,scenario_96,368955.247700054,1105.7363973830477,367849.511302671,368308.10862877563,647.1390712783905,-458.5973261046456
270,scenario_96,370281.236850494,1624.2972240918589,368656.93962640216,368308.10862877563,1973.1282217183616,348.83099762653
273,scenario_96,369429.88901124307,1222.519268390771,368207.3697428523,368308.10862877563,1121.7803824674338,-100.73888592334697
277,scenario_96,374143.6636224919,2815.8356573052265,371327.8279651867,368308.10862877563,5835.554993716243,3019.7193364110426
284,scenario_96,370075.8714158413,2026.4584780255075,368049.41293781577,368308.10862877563,1767.7627870656434,-258.6956909598666
285,scenario_96,378655.3904825033,6030.930552121085,372624.4599303822,368308.10862877563,10347.281853727647,4316.35130160657
289,scenario_96,378190.0195772491,5562.293103956384,372627.72647329274,368308.10862877563,9881.910948473494,4319.61784451711
308,scenario_96,373061.90644904313,5027.165229385247,368034.7412196579,368308.10862877563,4753.7978202675,-273.3674091177527
331,scenario_96,378501.66745841847,5170.8962087819955,373330.7712496365,368308.10862877563,10193.558829642832,5022.66262086085
334,scenario_96,367167.6015557476,3023.6386366673337,364143.9629190803,368308.10862877563,-1140.507073028013,-4164.145709695353
348,scenario_96,381308.9063878895,8578.889487311377,372730.01690057816,368308.10862877563,13000.797759113892,4421.908271802531
351,scenario_96,377927.0507534676,1313.6013807794332,376613.4493726882,368308.10862877563,9618.942124691966,8305.340743912559
356,scenario_96,373535.65150570765,1725.565760519294,371810.08574518835,368308.10862877563,5227.542876932013,3501.977116412716
358,scenario_96,377347.2529885255,4842.027081069554,372505.22590745596,368308.10862877563,9039.144359749858,4197.117278680322
390,scenario_96,372436.49391280086,1116.5449973996663,371319.9489154012,368308.10862877563,4128.385284025222,3011.840286625549
392,scenario_96,368464.0727636244,289.87328124786745,368174.19948237657,368308.10862877563,155.96413484879304,-133.9091463990626
394,scenario_96,370493.9910884856,1878.7344199355605,368615.25666855,368308.10862877563,2185.8824597099447,307.14803977438714
423,scenario_96,368426.62466263917,3189.9263928816576,365236.6982697575,368308.10862877563,118.51603386353236,-3071.410359018133
459,scenario_96,374290.79402583657,5849.410903540148,368441.3831222964,368308.10862877563,5982.685397060937,133.27449352078838
464,scenario_96,368324.039067045,29.3297275628855,368294.7093394821,368308.10862877563,15.930438269395381,-13.399289293505717
469,scenario_96,374628.7181314044,3320.9861123410833,371307.7320190633,368308.10862877563,6320.609502628795,2999.6233902876847
486,scenario_96,378663.94453041564,5734.8236346977865,372929.1208957179,368308.10862877563,10355.835901640006,4621.012266942242
493,scenario_96,368350.59299118584,129.312712854614,368221.28027833125,368308.10862877563,42.48436241020681,-86.82835044438252
499,scenario_96,374361.11399326567,1818.39278411378,372542.7212091519,368308.10862877563,6053.005364490033,4234.61258037627
517,scenario_96,369171.9509212383,601.3847435834189,368570.56617765484,368308.10862877563,863.8422924626502,262.4575488792034
521,scenario_96,382387.0655139298,5960.011570782135,376427.0539431477,368308.10862877563,14078.956885154184,8118.945314372075
531,scenario_96,375694.79877018323,3488.4199587302774,372206.37881145295,368308.10862877563,7386.690141407598,3898.270182677312
533,scenario_96,370909.1999232322,2604.9840058847317,368304.21591734746,368308.10862877563,2601.0912944565644,-3.8927114281686954
538,scenario_96,369894.8991346264,1425.5269595988202,368469.37217502756,368308.10862877563,1586.7905058507458,161.2635462519247
540,scenario_96,369764.4885267451,2634.5186796011067,367129.96984714404,368308.10862877563,1456.3798979694839,-1178.1387816315982
546,scenario_96,369243.07479142357,673.7747199888182,368569.30007143476,368308.10862877563,934.9661626479356,261.19144265912473
550,scenario_96,370529.6331445145,1999.5361519583735,368530.0969925561,368308.10862877563,2221.5245157388854,221.98836378048873
552,scenario_96,370598.1371703285,622.7513420397497,369975.3858282888,368308.10862877563,2290.0285415528924,1667.2771995131625
556,scenario_96,369586.04897826165,1345.3450212627376,368240.7039569989,368308.10862877563,1277.9403494860162,-67.40467177674873
557,scenario_96,343594.9529971741,0.0,343594.9529971741,368308.10862877563,-24713.15563160152,-24713.15563160152
558,scenario_96,379605.5971094089,8327.33514983,371278.2619595789,368308.10862877563,11297.488480633241,2970.1533308032667
564,scenario_96,378335.8690645256,5844.99629080538,372490.8727737202,368308.10862877563,10027.760435749951,4182.764144944551
565,scenario_96,372381.88787114236,4924.250544673034,367457.63732646935,368308.10862877563,4073.779242366727,-850.4713023062795
569,scenario_96,369553.5064725576,2039.455485725334,367514.0509868323,368308.10862877563,1245.397843781975,-794.0576419433346
594,scenario_96,373556.4556342108,6271.1630951375155,367285.29253907327,368308.10862877563,5248.347005435149,-1022.8160897023627
602,scenario_96,372336.20196530974,4823.772401972767,367512.42956333695,368308.10862877563,4028.0933365341043,-795.6790654386859
612,scenario_96,383518.4162713968,5863.3507608704085,377655.0655105264,368308.10862877563,15210.307642621163,9346.956881750782
614,scenario_96,369927.71477933007,936.8253287071018,368990.88945062296,368308.10862877563,1619.6061505544349,682.7808218473219
625,scenario_96,370793.00546479865,2771.5527813646568,368021.452683434,368308.10862877563,2484.896836023021,-286.65594534162665
627,scenario_96,370301.3302011371,2178.8996080339357,368122.43059310317,368308.10862877563,1993.221572361479,-185.678035672463
628,scenario_96,370159.7618145037,1532.690650630137,368627.07116387354,368308.10862877563,1851.6531857280643,318.96253509790404
629,scenario_96,369635.63221034786,1273.5056532802769,368362.12655706756,368308.10862877563,1327.5235815722262,54.01792829192709
648,scenario_96,370416.46437801723,2257.1604127083774,368159.3039653089,368308.10862877563,2108.3557492416003,-148.8046634667553
662,scenario_96,382303.93998162023,6422.498455685861,375881.4415259344,368308.10862877563,13995.831352844601,7573.332897158747
669,scenario_96,367354.3057735954,725.3535346271921,366628.9522389682,368308.10862877563,-953.8028551802272,-1679.1563898074091
670,scenario_96,371024.88479958003,2333.9862902741047,368690.8985093059,368308.10862877563,2716.776170804398,382.7898805302684
673,scenario_96,367780.58922669,745.867715963457,367034.72151072655,368308.10862877563,-527.5194020856288,-1273.3871180490823
678,scenario_96,375887.56962600234,2424.217411254002,373463.35221474833,368308.10862877563,7579.460997226706,5155.2435859726975
680,scenario_96,372313.76536042726,4693.213952476463,367620.5514079508,368308.10862877563,4005.6567316516303,-687.5572208248195
682,scenario_96,379623.52380521345,8345.285822486494,371278.23798272695,368308.10862877563,11315.415176437818,2970.1293539513135
689,scenario_96,378644.36300651886,5958.217520583619,372686.14548593527,368308.10862877563,10336.25437774323,4378.036857159634
694,scenario_96,371016.67651400086,4187.585335931887,366829.09117806895,368308.10862877563,2708.5678852252313,-1479.017450706684
726,scenario_96,370150.502094271,1776.48791507867,368374.01417919237,368308.10862877563,1842.3934654953773,65.9055504167336
736,scenario_96,368386.5007848012,3.9960885098320635,368382.50469629135,368308.10862877563,78.39215602556942,74.3960675157141
750,scenario_96,378938.99049752706,6144.258809367231,372794.7316881598,368308.10862877563,10630.881868751429,4486.623059384176
755,scenario_96,371233.3412235947,3345.249877640427,367888.0913459542,368308.10862877563,2925.232594819041,-420.01728282141266
759,scenario_96,383527.04391952907,6263.336927300441,377263.70699222863,368308.10862877563,15218.935290753434,8955.598363452998
761,scenario_96,368268.28552612127,1592.2047054861714,366676.0808206351,368308.10862877563,-39.82310265436536,-1632.0278081405559
764,scenario_96,373641.88721664256,5544.5537737552995,368097.33344288723,368308.10862877563,5333.778587866924,-210.7751858884003
767,scenario_96,368282.68205713504,868.5545404244862,367414.12751671055,368308.10862877563,-25.426571640593465,-893.9811120650847
770,scenario_96,368493.86774372734,560.38244361489,367933.48530011246,368308.10862877563,185.75911495171022,-374.6233286631759
775,scenario_96,378331.9375234653,4839.723438088261,373492.21408537705,368308.10862877563,10023.82889468968,5184.105456601421
776,scenario_96,370878.5010915482,2033.0582538892068,368845.442837659,368308.10862877563,2570.39246277255,537.3342088833451
780,scenario_96,370119.6432570613,1605.0724305448741,368514.5708265164,368308.10862877563,1811.5346282856772,206.4621977407951
789,scenario_96,379656.55828155886,7731.119977228427,371925.43830433046,368308.10862877563,11348.449652783223,3617.3296755548217
791,scenario_96,372342.17589481326,3362.7980319425697,368979.3778628707,368308.10862877563,4034.0672660376295,671.2692340950598
809,scenario_96,372527.00387583463,3502.5334345949614,369024.47044123965,368308.10862877563,4218.895247059001,716.3618124640197
810,scenario_96,373415.3736419717,5976.047513266494,367439.3261287052,368308.10862877563,5107.26501319604,-868.7825000704615
811,scenario_96,368589.07969278883,381.5789018752013,368207.50079091365,368308.10862877563,280.97106401319616,-100.6078378619859
813,scenario_96,374050.98816714267,9421.700351421781,364629.2878157209,368308.10862877563,5742.879538367037,-3678.8208130547428
822,scenario_96,369941.8535650219,1172.9534090765308,368768.90015594533,368308.10862877563,1633.7449362462503,460.7915271696984
831,scenario_96,370271.56865177216,1617.9796485121894,368653.58900325996,368308.10862877563,1963.460022996529,345.48037448432297
837,scenario_96,369554.73600556795,1489.534732492746,368065.2012730752,368308.10862877563,1246.6273767923121,-242.9073557004449
858,scenario_96,373366.0798448717,5819.409008589375,367546.6708362823,368308.10862877563,5057.971216096077,-761.4377924933215
863,scenario_96,372539.36465562717,5391.397382482483,367147.9672731447,368308.10862877563,4231.256026851537,-1160.1413556309417
866,scenario_96,370002.20082316233,1287.077985576761,368715.1228375856,368308.10862877563,1694.0921943866997,407.0142088099383
873,scenario_96,378449.89448725735,5872.565044875281,372577.3294423821,368308.10862877563,10141.785858481715,4269.220813606458
878,scenario_96,371830.3317311995,3109.164194679016,368721.1675365205,368308.10862877563,3522.2231024238863,413.05890774488216
887,scenario_96,371427.189889895,875.601245513494,370551.5886443815,368308.10862877563,3119.0812611193396,2243.4800156058627
895,scenario_96,377662.71481918165,5609.584728467971,372053.1300907137,368308.10862877563,9354.606190406019,3745.021461938042
935,scenario_96,370371.417167222,1296.4255424725688,369074.99162474944,368308.10862877563,2063.3085384463775,766.8829959738068
938,scenario_96,371740.0108320478,6405.448288692646,365334.56254335516,368308.10862877563,3431.902203272155,-2973.546085420472
940,scenario_96,370369.32102764316,1385.7173696984019,368983.60365794477,368308.10862877563,2061.2123988675303,675.4950291691348
945,scenario_96,378413.83519855695,3760.10483148448,374653.73036707245,368308.10862877563,10105.726569781313,6345.621738296817
952,scenario_96,379471.01112196955,7705.280939445323,371765.73018252425,368308.10862877563,11162.90249319392,3457.621553748613
958,scenario_96,369641.05619106896,1225.1376008502232,368415.91859021876,368308.10862877563,1332.9475622933242,107.80996144312667
964,scenario_96,368648.9632493334,395.52041841585515,368253.44283091754,368308.10862877563,340.85462055774406,-54.66579785809154
970,scenario_96,370659.49806279637,1317.2516685529113,369342.24639424344,368308.10862877563,2351.3894340207335,1034.1377654678072
971,scenario_96,369360.3703551531,1048.6274177150037,368311.74293743813,368308.10862877563,1052.2617263774737,3.63430866249837
987,scenario_96,368370.9444681476,4.461096018128154,368366.48337212944,368308.10862877563,62.835839371953625,58.3747433538083
0,scenario_100,358137.2858373678,1990.7372998747073,356146.5485374931,358854.22068416275,-716.9348467949312,-2707.672146669647
2,scenario_100,367576.8229338135,4638.042795509469,362938.78013830405,358854.22068416275,8722.60224965075,4084.559454141301
9,scenario_100,339287.0596439053,0.0,339287.0596439053,358854.22068416275,-19567.16104025743,-19567.16104025743
12,scenario_100,362061.60231794167,3737.0272632581696,358324.5750546835,358854.22068416275,3207.3816337789176,-529.6456294792588
15,scenario_100,358229.5685649785,1299.833547027721,356929.73501795076,358854.22068416275,-624.6521191842621,-1924.4856662119855
17,scenario_100,370259.20222731656,11844.542105908296,358414.6601214083,358854.22068416275,11404.981543153815,-439.56056275445735
25,scenario_100,365842.6771600727,1646.892086069735,364195.785074003,358854.22068416275,6988.456475909974,5341.564389840234
27,scenario_100,365612.845520536,1861.418038080195,363751.4274824558,358854.22068416275,6758.624836373259,4897.206798293046
28,scenario_100,371960.3054626019,15997.98118972754,355962.32427287434,358854.22068416275,13106.084778439137,-2891.896411288413
57,scenario_100,359147.63626108464,1595.7936896196588,357551.842571465,358854.22068416275,293.41557692189235,-1302.378112697741
62,scenario_100,359083.5414114404,671.850820729392,358411.690590711,358854.22068416275,229.32072727766354,-442.53009345172904
63,scenario_100,369181.6445013723,5639.237249549106,363542.40725182317,358854.22068416275,10327.42381720955,4688.186567660421
73,scenario_100,362191.132561241,1121.6634865682452,361069.4690746727,358854.22068416275,3336.911877078237,2215.24839050998
90,scenario_100,359881.90708304086,1185.558345778112,358696.3487372628,358854.22068416275,1027.6863988781115,-157.87194689997705
94,scenario_100,358847.9408101517,77.08181218956517,358770.85899796215,358854.22068416275,-6.279874011059292,-83.36168620060198
103,scenario_100,368462.6487293828,5428.037882749385,363034.6108466334,358854.22068416275,9608.428045220033,4180.390162470634
104,scenario_100,359341.711813815,574.5272678193503,358767.18454599567,358854.22068416275,487.49112965224776,-87.03613816708094
109,scenario_100,373670.4524543885,5721.445159556029,367949.00729483244,358854.22068416275,14816.231770225742,9094.78661066969
114,scenario_100,360703.11186284956,1311.849498606662,359391.2623642429,358854.22068416275,1848.891178686812,537.0416800801759
126,scenario_100,368365.92656708695,4739.227458702367,363626.6991083846,358854.22068416275,9511.705882924201,4772.478424221859
140,scenario_100,359279.31335798325,322.2891441678316,358957.0242138154,358854.22068416275,425.09267382050166,102.80352965265047
143,scenario_100,358957.11767072044,61.49744918645001,358895.620221534,358854.22068416275,102.89698655769462,41.399537371238694
144,scenario_100,364554.3475855979,1605.5951700651337,362948.75241553277,358854.22068416275,5700.126901435142,4094.5317313700216
150,scenario_100,365005.46444282425,2452.7724395743385,362552.6920032499,358854.22068416275,6151.243758661498,3698.4713190871407
152,scenario_100,338596.95917931554,0.0,338596.95917931554,358854.22068416275,-20257.261504847207,-20257.261504847207
176,scenario_100,360608.0796081631,3805.3205956147895,356802.7590125483,358854.22068416275,1753.8589240003494,-2051.4616716144374
177,scenario_100,358915.07561519154,454.1638279151896,358460.91178727633,358854.22068416275,60.854931028792635,-393.30889688641764
189,scenario_100,406354.03754125343,3743.9823054306457,402610.0552358228,358854.22068416275,47499.816857090686,43755.83455166005
195,scenario_100,365267.93490243546,3016.9618180631237,362250.97308437235,358854.22068416275,6413.714218272711,3396.7524002096034
197,scenario_100,360207.24933131173,986.8866478304647,359220.36268348125,358854.22068416275,1353.0286471489817,366.14199931849726
201,scenario_100,368574.86197042145,5164.961703454385,363409.9002669671,358854.22068416275,9720.641286258702,4555.679582804325
202,scenario_100,362707.4177622104,2410.585963262361,360296.83179894806,358854.22068416275,3853.1970780476695,1442.611114785308
206,scenario_100,360084.8102265367,1508.364243215401,358576.4459833213,358854.22068416275,1230.5895423739566,-277.774700841459
209,scenario_100,362565.7327844865,5022.987846871175,357542.7449376153,358854.22068416275,3711.5121003237437,-1311.475746547454
227,scenario_100,359581.6887992083,987.3307808414489,358594.35801836685,358854.22068416275,727.4681150455726,-259.86266579589574
233,scenario_100,359959.32505888934,996.0384112889634,358963.28664760035,358854.22068416275,1105.104374726594,109.06596343760611
240,scenario_100,359676.50004827,1008.3619746408616,358668.1380736291,358854.22068416275,822.2793641072349,-186.08261053363094
243,scenario_100,369953.2624439636,10105.36354031606,359847.89890364755,358854.22068416275,11099.041759800864,993.6782194848056
245,scenario_100,365296.6274498784,1568.3754200003905,363728.252029878,358854.22068416275,6442.4067657156265,4874.031345715222
249,scenario_100,368648.0474570701,5515.563811305673,363132.4836457644,358854.22068416275,9793.826772907341,4278.262961601664
250,scenario_100,361502.17659037013,3054.586838139964,358447.58975223015,358854.22068416275,2647.955906207382,-406.63093193259556
254,scenario_100,335162.031708808,0.0,335162.031708808,358854.22068416275,-23692.188975354773,-23692.188975354773
255,scenario_100,360557.4368607157,1286.503847955967,359270.9330127597,358854.22068416275,1703.2161765529308,416.71232859697193
261,scenario_100,361964.5967851429,1203.2273370684327,360761.3694480745,358854.22068416275,3110.376100980153,1907.1487639117404
267,scenario_100,359482.00571277254,1079.663715241399,358402.3419975311,358854.22068416275,627.7850286097964,-451.87868663162226
270,scenario_100,360774.9206179939,1581.5365319752173,359193.3840860187,358854.22068416275,1920.6999338311725,339.16340185597073
273,scenario_100,359946.5386771668,1189.230549366663,358757.3081278001,358854.22068416275,1092.3179930040496,-96.9125563626294
277,scenario_100,364537.5298509271,2741.670857619161,361795.858993308,358854.22068416275,5683.309166764375,2941.63830914523
284,scenario_100,360578.15931551513,1978.8215569560023,358599.33775855915,358854.22068416275,1723.9386313523864,-254.88292560359696
285,scenario_100,368930.23906098114,5871.624143714322,363058.6149172668,358854.22068416275,10076.018376818392,4204.394233104074
289,scenario_100,368476.91631523735,5415.4687883852375,363061.44752685213,358854.22068416275,9622.695631074603,4207.226842689386
308,scenario_100,363481.06075925526,4892.175955727044,358588.8848035282,358854.22068416275,4626.840075092507,-265.33588063454954
331,scenario_100,368781.05977489933,5034.388209327871,363746.67156557145,358854.22068416275,9926.839090736583,4892.450881408702
334,scenario_100,357743.9696609242,2943.189057684275,354800.78060323995,358854.22068416275,-1110.2510232385248,-4053.4400809227955
348,scenario_100,371509.2155159766,8351.129000877849,363158.08651509875,358854.22068416275,12654.994831813849,4303.8658309360035
351,scenario_100,368209.6638322005,1279.3900531648028,366930.2737790357,358854.22068416275,9355.443148037768,8076.053094872972
356,scenario_100,363945.4720814364,1680.1720535192133,362265.3000279172,358854.22068416275,5091.251397273678,3411.079343754449
358,scenario_100,367657.33966363297,4714.539187141566,362942.8004764914,358854.22068416275,8803.118979470222,4088.5797923286445
390,scenario_100,362874.5033425282,1088.2882499504178,361786.2150925778,358854.22068416275,4020.2826583654387,2931.9944084150484
392,scenario_100,359007.7788811149,282.9903351711239,358724.7885459438,358854.22068416275,153.55819695215905,-129.43213821895188
394,scenario_100,360980.79499228887,1826.8391913933822,359153.95580089546,358854.22068416275,2126.574308126117,299.73511673271423
423,scenario_100,358968.87202128227,3105.033392254398,355863.8386290279,358854.22068416275,114.65133711951785,-2990.3820551348617
459,scenario_100,364677.605828048,5692.469335187058,358985.13649286097,358854.22068416275,5823.385143885273,130.91580869822064
464,scenario_100,358870.7709549281,28.63156392740784,358842.13939100073,358854.22068416275,16.550270765379537,-12.081293162016664
469,scenario_100,365009.66583201766,3233.4958168837943,361776.17001513386,358854.22068416275,6155.445147854916,2921.9493309711106
486,scenario_100,368938.10209332407,5582.906428609964,363355.1956647141,358854.22068416275,10083.881409161317,4500.974980551342
493,scenario_100,358896.9210789241,126.24224422624668,358770.6788346979,358854.22068416275,42.70039476134116,-83.54184946487658
499,scenario_100,364747.63628807286,1770.8450042698216,362976.79128380306,358854.22068416275,5893.415603910107,4122.570599640312
517,scenario_100,359695.5088525787,584.819512469005,359110.6893401097,358854.22068416275,841.2881684159511,256.46865594695555
521,scenario_100,372560.22805308586,5801.934655166097,366758.29339791974,358854.22068416275,13706.007368923107,7904.072713756992
531,scenario_100,366044.0238530771,3396.9838862126267,362647.03996686445,358854.22068416275,7189.803168914339,3792.8192827017047
533,scenario_100,361393.7356893265,2543.9072870322334,358849.82840229425,358854.22068416275,2539.515005163732,-4.392281868495047
538,scenario_100,360407.0472110229,1391.471410644501,359015.5758003784,358854.22068416275,1552.8265268601244,161.35511621565092
540,scenario_100,360277.18950668327,2571.875356837874,357705.3141498454,358854.22068416275,1422.9688225205173,-1148.906534317357
546,scenario_100,359762.31586034194,656.6903872567748,359105.62547308515,358854.22068416275,908.0951761791948,251.40478892240208
550,scenario_100,361026.1009433678,1951.2392347740004,359074.8617085938,358854.22068416275,2171.8802592050633,220.6410244310391
552,scenario_100,361084.1124498075,606.8304631449874,360477.28198666254,358854.22068416275,2229.891765644774,1623.0613024997874
556,scenario_100,360097.8261845169,1313.7681928896468,358784.05799162725,358854.22068416275,1243.6055003541405,-70.16269253549399
557,scenario_100,334802.5358584456,0.0,334802.5358584456,358854.22068416275,-24051.684825717122,-24051.684825717122
558,scenario_100,369856.78856923146,8105.853762875757,361750.9348063557,358854.22068416275,11002.56788506871,2896.714122192934
564,scenario_100,368619.6564898333,5691.019392795428,362928.63709703786,358854.22068416275,9765.435805670568,4074.4164128751145
565,scenario_100,362817.81511499995,4791.598593904382,358026.21652109554,358854.22068416275,3963.594430837198,-828.0041630672058
569,scenario_100,360070.4008295931,1990.9414336262723,358079.45939596684,358854.22068416275,1216.1801454303786,-774.7612881959067
594,scenario_100,363961.8417083105,6103.4934663455015,357858.348241965,358854.22068416275,5107.621024147724,-995.8724421977531
602,scenario_100,362773.31890499935,4693.846292325741,358079.4726126736,358854.22068416275,3919.098220836604,-774.7480714891572
612,scenario_100,373661.21074451477,5707.652535051394,367953.5582094634,358854.22068416275,14806.990060352022,9099.337525300623
614,scenario_100,360434.0673108233,914.2966107699812,359519.7707000533,358854.22068416275,1579.8466266605537,665.5500158905634
625,scenario_100,361275.68194574857,2705.780431753605,358569.90151399496,358854.22068416275,2421.4612615858205,-284.31917016778607
627,scenario_100,360793.81039417646,2118.8634831453896,358674.9469110311,358854.22068416275,1939.589710013708,-179.27377313165925
628,scenario_100,360654.71891993645,1496.3682293427182,359158.3506905937,358854.22068416275,1800.4982357737026,304.13000643096166
629,scenario_100,360146.5880169281,1238.6459314314534,358907.9420854967,358854.22068416275,1292.3673327653669,53.721401333925314
648,scenario_100,360905.20389534277,2196.194475297264,358709.0094200455,358854.22068416275,2050.9832111800206,-145.21126411727164
662,scenario_100,372480.35416137404,6252.30281483497,366228.05134653905,358854.22068416275,13626.13347721129,7373.830662376306
669,scenario_100,357924.28681880265,708.0769464387989,357216.20987236383,358854.22068416275,-929.9338653601008,-1638.0108117989148
670,scenario_100,361497.32937590015,2269.68313944103,359227.64623645914,358854.22068416275,2643.108691737405,373.425552296394
673,scenario_100,358341.6538234813,726.0259943126724,357615.62782916863,358854.22068416275,-512.5668606814579,-1238.5928549941164
678,scenario_100,366239.08625851246,2363.1841255571135,363875.9021329553,358854.22068416275,7384.8655743497075,5021.681448792573
680,scenario_100,362752.21806704625,4566.90517974874,358185.31288729754,358854.22068416275,3897.9973828835064,-668.9077968652127
682,scenario_100,369874.30611385626,8123.327003099763,361750.9791107565,358854.22068416275,11020.085429693514,2896.758426593733
689,scenario_100,368920.0962589253,5801.32190139097,363118.7743575343,358854.22068416275,10065.875574762526,4264.553673371556
694,scenario_100,361493.6419589836,4076.0832461242644,357417.55871285935,358854.22068416275,2639.4212748208665,-1436.6619713034015
726,scenario_100,360642.11844754993,1734.1017895316484,358908.0166580183,358854.22068416275,1787.8977633871837,53.79597385553643
736,scenario_100,358933.5522226295,3.9958503480614964,358929.5563722814,358854.22068416275,79.33153846673667,75.33568811864825
750,scenario_100,369207.1933837528,5982.4871291119125,363224.7062546409,358854.22068416275,10352.972699590027,4370.485570478137
755,scenario_100,361699.9408503212,3253.0716491670814,358446.8692011541,358854.22068416275,2845.720166158455,-407.35148300864967
759,scenario_100,373669.91145071253,6097.314130943534,367572.597319769,358854.22068416275,14815.690766549786,8718.376635606226
761,scenario_100,358816.559088555,1549.9234022176104,357266.63568633737,358854.22068416275,-37.6615956077585,-1587.5849978253827
764,scenario_100,364045.62877718144,5395.742585036795,358649.88619214465,358854.22068416275,5191.40809301869,-204.33449201809708
767,scenario_100,358831.5449159173,847.0980224971139,357984.4468934201,358854.22068416275,-22.67576824547723,-869.7737907426199
770,scenario_100,359036.0828064082,545.6684236500203,358490.41438275814,358854.22068416275,181.86212224542396,-363.8063014046056
775,scenario_100,368616.0536695221,4712.082318633599,363903.9713508885,358854.22068416275,9761.83298535936,5049.75066672574
776,scenario_100,361351.6171129872,1984.203736186498,359367.4133768007,358854.22068416275,2497.3964288244606,513.1926926379674
780,scenario_100,360625.93043563544,1566.1739015759015,359059.75653405953,358854.22068416275,1771.709751472692,205.53584989678347
789,scenario_100,369904.929702344,7526.8156353876275,362378.1140669564,358854.22068416275,11050.709018181253,3523.8933827936416
791,scenario_100,362791.63163334894,3282.8225946881084,359508.80903866084,358854.22068416275,3937.410949186189,654.5883544980898
809,scenario_100,362972.0617200521,3419.2357736520994,359552.8259464,358854.22068416275,4117.841035889345,698.6052622372517
810,scenario_100,363824.16509717144,5816.084351418097,358008.08074575337,358854.22068416275,4969.944413008692,-846.139938409382
811,scenario_100,359128.75742565247,371.09273635124936,358757.6646893012,358854.22068416275,274.53674148971913,-96.55599486152641
813,scenario_100,364449.42931221396,9171.26547534766,355278.1638368663,358854.22068416275,5595.208628051216,-3576.0568472964223
822,scenario_100,360447.3777195139,1144.5418836649549,359302.83583584893,358854.22068416275,1593.1570353511488,448.61515168618644
831,scenario_100,360763.5061523661,1579.6160231817137,359183.8901291844,358854.22068416275,1909.2854682033649,329.66944502166007
837,scenario_100,360071.1015697051,1454.024656079938,358617.0769136252,358854.22068416275,1216.8808855423704,-237.14377053757198
858,scenario_100,363775.4583721804,5662.7855758651185,358112.6727963153,358854.22068416275,4921.23768801766,-741.5478878474678
863,scenario_100,362974.9800016282,5247.811911332546,357727.1680902957,358854.22068416275,4120.759317465476,-1127.0525938670617
866,scenario_100,360506.7456591568,1256.4781153254307,359250.2675438314,358854.22068416275,1652.5249749940704,396.046859668626
873,scenario_100,368730.122228391,5717.21910574218,363012.90312264883,358854.22068416275,9875.901544228254,4158.682438486081
878,scenario_100,362292.56045869394,3036.3800423998705,359256.1804162941,358854.22068416275,3438.339774531196,401.959732131334
887,scenario_100,361887.7543632293,852.9285164773828,361034.8258467519,358854.22068416275,3033.533679066575,2180.6051625891705
895,scenario_100,367965.12353022135,5462.080982022419,362503.04254819895,358854.22068416275,9110.902846058598,3648.821864036203
935,scenario_100,360867.35987472185,1265.3759300143786,359601.9839447075,358854.22068416275,2013.1391905591008,747.7632605447434
938,scenario_100,362199.2560705179,6235.025519032798,355964.2305514851,358854.22068416275,3345.035386355128,-2889.99013267766
940,scenario_100,360864.8390349921,1352.7898669431008,359512.049168049,358854.22068416275,2010.618350829347,657.8284838862601
945,scenario_100,368683.83709223947,3660.051875523683,365023.78521671577,358854.22068416275,9829.61640807672,6169.56453255302
952,scenario_100,369723.7395941096,7499.529102705818,362224.21049140376,358854.22068416275,10869.51890994684,3369.989807241014
958,scenario_100,360159.28740741336,1195.9004903231075,358963.3869170903,358854.22068416275,1305.0667232506094,109.16623292752774
964,scenario_100,359186.7420808795,386.27700356519574,358800.4650773143,358854.22068416275,332.5213967167656,-53.7556068484555
970,scenario_100,361138.81755933363,1283.267905377374,359855.54965395626,358854.22068416275,2284.596875170886,1001.3289697935106
971,scenario_100,359878.60387831094,1019.8101869655745,358858.7936913454,358854.22068416275,1024.3831941481913,4.573007182625588
987,scenario_100,358917.1926056377,4.460830844954973,358912.7317747928,358854.22068416275,62.97192147496389,58.51109063002514
