development,mean_net_benefit,median_net_benefit,share_positive_scenarios,positive_scenarios,total_scenarios,mode,vtt_chf_per_hour,base_vtt_chf_per_hour
100000,2377787.3292286303,2359680.3213360747,1.0,20,20,Rail,15.19,15.2
100001,9759622.405038992,9699876.207388168,1.0,20,20,Rail,15.19,15.2
100002,1455290.2186258375,1430322.2817525961,1.0,20,20,Rail,15.19,15.2
100003,-1173713.2274982075,-1181219.331525516,0.0,0,20,Rail,15.19,15.2
100004,-1159179.016154106,-1166350.641843293,0.0,0,20,Rail,15.19,15.2
100005,1256541.995820644,1231087.8950960352,1.0,20,20,Rail,15.19,15.2
101000,-5818793.704886841,-5844604.770271385,0.0,0,20,Rail,15.19,15.2
101001,-2610341.594736633,-2666066.0202603973,0.05,1,20,Rail,15.19,15.2
101002,-8047512.739609691,-8072084.264636284,0.0,0,20,Rail,15.19,15.2
101003,-7745984.921984218,-7771545.192167338,0.0,0,20,Rail,15.19,15.2
101004,-10568758.95446426,-10555282.73348039,0.0,0,20,Rail,15.19,15.2
101005,-7509384.391259256,-7509933.806773605,0.0,0,20,Rail,15.19,15.2
101006,-3460638.5666294233,-3435930.1658393084,0.0,0,20,Rail,15.19,15.2
101007,2123071.915037456,2071157.9472222822,1.0,20,20,Rail,15.19,15.2
101008,-1285259.810878842,-1310894.0915479618,0.05,1,20,Rail,15.19,15.2
101009,-7377321.172242263,-7378056.6480259225,0.0,0,20,Rail,15.19,15.2
101010,230145.07916064849,198831.9341883026,0.6,12,20,Rail,15.19,15.2
101011,-320733.2570262645,-227927.0282640122,0.35,7,20,Rail,15.19,15.2
101012,2468946.004784131,2421109.0756258294,1.0,20,20,Rail,15.19,15.2
101013,-1211613.2820709415,-1234298.3159441163,0.0,0,20,Rail,15.19,15.2
101014,-2111384.606157488,-2133197.278442581,0.0,0,20,Rail,15.19,15.2
101015,-1930361.6722183723,-1914788.0466327176,0.0,0,20,Rail,15.19,15.2
101016,3286396.8373008324,3251735.979556846,1.0,20,20,Rail,15.19,15.2
101017,-10936833.230421152,-10947282.96175192,0.0,0,20,Rail,15.19,15.2
101018,-11991506.441538386,-11992730.09966926,0.0,0,20,Rail,15.19,15.2
101019,-16247500.906138837,-16247141.025469199,0.0,0,20,Rail,15.19,15.2
101020,-13806896.844239509,-13819621.974281965,0.0,0,20,Rail,15.19,15.2
101021,-16488613.528415322,-16499917.366029095,0.0,0,20,Rail,15.19,15.2
101022,-17219586.2822638,-17227640.328183692,0.0,0,20,Rail,15.19,15.2
101023,-10628192.215675566,-10677860.797966357,0.0,0,20,Rail,15.19,15.2
101024,-15373118.752732152,-15396739.484581439,0.0,0,20,Rail,15.19,15.2
101025,-11546019.9380035,-11554547.113423977,0.0,0,20,Rail,15.19,15.2
101026,-7160583.890658565,-7192246.527698859,0.0,0,20,Rail,15.19,15.2
101027,-3073442.502026988,-2980742.3172023175,0.0,0,20,Rail,15.19,15.2
101028,-11767842.12835464,-11786896.887336466,0.0,0,20,Rail,15.19,15.2
101029,-12547028.618065126,-12568215.80155833,0.0,0,20,Rail,15.19,15.2
101030,-14174381.709691714,-14197443.569826987,0.0,0,20,Rail,15.19,15.2
101031,-4994596.745669537,-5033681.158270115,0.0,0,20,Rail,15.19,15.2
101032,-8744530.27134591,-8740486.907108031,0.0,0,20,Rail,15.19,15.2
100000,2436880.0687365322,2418473.562112377,1.0,20,20,Rail,15.44125,15.2
100001,9946717.663096465,9885983.234230384,1.0,20,20,Rail,15.44125,15.2
100002,1524596.360864934,1499215.4421523642,1.0,20,20,Rail,15.44125,15.2
100003,-1152115.6813443112,-1159745.9399889247,0.0,0,20,Rail,15.44125,15.2
100004,-1135296.9374310574,-1142587.1853028918,0.0,0,20,Rail,15.44125,15.2
100005,1327469.2880123146,1301594.1640614346,1.0,20,20,Rail,15.44125,15.2
101000,-5742107.29754846,-5768345.290528651,0.0,0,20,Rail,15.44125,15.2
101001,-2438181.5532180816,-2494827.687886866,0.05,1,20,Rail,15.44125,15.2
101002,-7972959.874995585,-7997937.8250164455,0.0,0,20,Rail,15.44125,15.2
101003,-7674613.019494446,-7700596.068998402,0.0,0,20,Rail,15.44125,15.2
101004,-10550914.595427506,-10537215.471183453,0.0,0,20,Rail,15.44125,15.2
101005,-7507553.75803828,-7508112.261152891,0.0,0,20,Rail,15.44125,15.2
101006,-3410136.535655244,-3385019.4458790515,0.0,0,20,Rail,15.44125,15.2
101007,2267776.4299155097,2215003.7797821295,1.0,20,20,Rail,15.44125,15.2
101008,-1205925.5442838965,-1231983.828443346,0.05,1,20,Rail,15.44125,15.2
101009,-7374919.378120361,-7375667.019031778,0.0,0,20,Rail,15.44125,15.2
101010,317347.1340957529,285516.05445097154,0.65,13,20,Rail,15.44125,15.2
101011,-195456.28890757193,-101114.99990986753,0.4,8,20,Rail,15.44125,15.2
101012,2612432.7466309583,2563804.5713600153,1.0,20,20,Rail,15.44125,15.2
101013,-1149719.6253589024,-1172779.8807436395,0.0,0,20,Rail,15.44125,15.2
101014,-2047537.0824307147,-2069710.5469417213,0.0,0,20,Rail,15.44125,15.2
101015,-1888260.921720637,-1872429.7007809076,0.0,0,20,Rail,15.44125,15.2
101016,3392165.003255418,3356930.838038872,1.0,20,20,Rail,15.44125,15.2
101017,-10900070.163981056,-10910692.738958754,0.0,0,20,Rail,15.44125,15.2
101018,-11987993.82364691,-11989237.72167939,0.0,0,20,Rail,15.44125,15.2
101019,-16245324.76538403,-16244958.932112794,0.0,0,20,Rail,15.44125,15.2
101020,-13769677.444000011,-13782613.053892577,0.0,0,20,Rail,15.44125,15.2
101021,-16456051.702009391,-16467542.510604102,0.0,0,20,Rail,15.44125,15.2
101022,-17192753.77608261,-17200941.039845645,0.0,0,20,Rail,15.44125,15.2
101023,-10474779.235618373,-10525269.360456932,0.0,0,20,Rail,15.44125,15.2
101024,-15296126.971644318,-15320138.40190553,0.0,0,20,Rail,15.44125,15.2
101025,-11521667.521010261,-11530335.740066312,0.0,0,20,Rail,15.44125,15.2
101026,-7072038.863169899,-7104225.215651692,0.0,0,20,Rail,15.44125,15.2
101027,-2944904.2099899063,-2850670.718948172,0.0,0,20,Rail,15.44125,15.2
101028,-11714606.77949496,-11733976.71347311,0.0,0,20,Rail,15.44125,15.2
101029,-12474598.969034541,-12496136.598864328,0.0,0,20,Rail,15.44125,15.2
101030,-14102702.288354984,-14126145.60289177,0.0,0,20,Rail,15.44125,15.2
101031,-4885454.216697006,-4925185.104522461,0.0,0,20,Rail,15.44125,15.2
101032,-8735579.485908007,-8731469.24245586,0.0,0,20,Rail,15.44125,15.2
100000,2495972.808244434,2477266.8028886793,1.0,20,20,Rail,15.692499999999999,15.2
100001,10133812.921153938,10072090.261072598,1.0,20,20,Rail,15.692499999999999,15.2
100002,1593902.5031040306,1568108.6025521317,1.0,20,20,Rail,15.692499999999999,15.2
100003,-1130518.1351904147,-1138272.548452333,0.0,0,20,Rail,15.692499999999999,15.2
100004,-1111414.8587080091,-1118823.7287624902,0.0,0,20,Rail,15.692499999999999,15.2
100005,1398396.5802039853,1372100.433026834,1.0,20,20,Rail,15.692499999999999,15.2
101000,-5665420.890210079,-5692085.810785918,0.0,0,20,Rail,15.692499999999999,15.2
101001,-2266021.51169953,-2323589.3555133333,0.05,1,20,Rail,15.692499999999999,15.2
101002,-7898407.010381478,-7923791.385396607,0.0,0,20,Rail,15.692499999999999,15.2
101003,-7603241.117004673,-7629646.945829466,0.0,0,20,Rail,15.692499999999999,15.2
101004,-10533070.23639075,-10519148.208886515,0.0,0,20,Rail,15.692499999999999,15.2
101005,-7505723.124817304,-7506290.715532178,0.0,0,20,Rail,15.692499999999999,15.2
101006,-3359634.5046810643,-3334108.7259187945,0.0,0,20,Rail,15.692499999999999,15.2
101007,2412480.9447935643,2358849.6123419767,1.0,20,20,Rail,15.692499999999999,15.2
101008,-1126591.277688951,-1153073.5653387313,0.05,1,20,Rail,15.692499999999999,15.2
101009,-7372517.583998458,-7373277.3900376335,0.0,0,20,Rail,15.692499999999999,15.2
101010,404549.1890308574,372200.17471364,0.65,13,20,Rail,15.692499999999999,15.2
101011,-70179.3207888796,25697.028444276657,0.5,10,20,Rail,15.692499999999999,15.2
101012,2755919.4884777856,2706500.0670942003,1.0,20,20,Rail,15.692499999999999,15.2
101013,-1087825.9686468632,-1111261.4455431632,0.0,0,20,Rail,15.692499999999999,15.2
101014,-1983689.5587039415,-2006223.815440862,0.0,0,20,Rail,15.692499999999999,15.2
101015,-1846160.1712229021,-1830071.3549290977,0.0,0,20,Rail,15.692499999999999,15.2
101016,3497933.169210004,3462125.6965208985,1.0,20,20,Rail,15.692499999999999,15.2
101017,-10863307.097540962,-10874102.516165586,0.0,0,20,Rail,15.692499999999999,15.2
101018,-11984481.205755433,-11985745.343689518,0.0,0,20,Rail,15.692499999999999,15.2
101019,-16243148.624629226,-16242776.838756392,0.0,0,20,Rail,15.692499999999999,15.2
101020,-13732458.043760514,-13745604.13350319,0.0,0,20,Rail,15.692499999999999,15.2
101021,-16423489.875603458,-16435167.65517911,0.0,0,20,Rail,15.692499999999999,15.2
101022,-17165921.269901417,-17174241.7515076,0.0,0,20,Rail,15.692499999999999,15.2
101023,-10321366.255561184,-10372677.922947507,0.0,0,20,Rail,15.692499999999999,15.2
101024,-15219135.190556481,-15243537.319229618,0.0,0,20,Rail,15.692499999999999,15.2
101025,-11497315.104017021,-11506124.366708646,0.0,0,20,Rail,15.692499999999999,15.2
101026,-6983493.835681233,-7016203.903604526,0.0,0,20,Rail,15.692499999999999,15.2
101027,-2816365.9179528253,-2720599.120694027,0.0,0,20,Rail,15.692499999999999,15.2
101028,-11661371.430635277,-11681056.539609753,0.0,0,20,Rail,15.692499999999999,15.2
101029,-12402169.320003958,-12424057.396170326,0.0,0,20,Rail,15.692499999999999,15.2
101030,-14031022.867018253,-14054847.635956552,0.0,0,20,Rail,15.692499999999999,15.2
101031,-4776311.687724476,-4816689.050774808,0.0,0,20,Rail,15.692499999999999,15.2
101032,-8726628.700470105,-8722451.577803688,0.0,0,20,Rail,15.692499999999999,15.2
100000,2555065.547752337,2536060.0436649816,1.0,20,20,Rail,15.94375,15.2
100001,10320908.179211415,10258197.287914816,1.0,20,20,Rail,15.94375,15.2
100002,1663208.6453431281,1637001.7629519012,1.0,20,20,Rail,15.94375,15.2
100003,-1108920.589036518,-1116799.156915741,0.0,0,20,Rail,15.94375,15.2
100004,-1087532.7799849603,-1095060.2722220884,0.0,0,20,Rail,15.94375,15.2
100005,1469323.872395657,1442606.7019922351,1.0,20,20,Rail,15.94375,15.2
101000,-5588734.482871697,-5615826.331043181,0.0,0,20,Rail,15.94375,15.2
101001,-2093861.470180976,-2152351.023139799,0.05,1,20,Rail,15.94375,15.2
101002,-7823854.145767371,-7849644.945776768,0.0,0,20,Rail,15.94375,15.2
101003,-7531869.214514901,-7558697.82266053,0.0,0,20,Rail,15.94375,15.2
101004,-10515225.877353998,-10501080.946589578,0.0,0,20,Rail,15.94375,15.2
101005,-7503892.491596329,-7504469.169911464,0.0,0,20,Rail,15.94375,15.2
101006,-3309132.4737068834,-3283198.0059585366,0.0,0,20,Rail,15.94375,15.2
101007,2557185.45967162,2502695.444901826,1.0,20,20,Rail,15.94375,15.2
101008,-1047257.0110940045,-1074163.3022341146,0.05,1,20,Rail,15.94375,15.2
101009,-7370115.789876555,-7370887.761043489,0.0,0,20,Rail,15.94375,15.2
101010,491751.2439659631,458884.2949763099,0.65,13,20,Rail,15.94375,15.2
101011,55097.647329814594,152509.05679842317,0.55,11,20,Rail,15.94375,15.2
101012,2899406.2303246143,2849195.562828388,1.0,20,20,Rail,15.94375,15.2
101013,-1025932.3119348235,-1049743.0103426857,0.05,1,20,Rail,15.94375,15.2
101014,-1919842.0349771674,-1942737.0839400014,0.0,0,20,Rail,15.94375,15.2
101015,-1804059.420725166,-1787713.0090772873,0.0,0,20,Rail,15.94375,15.2
101016,3603701.3351645907,3567320.555002926,1.0,20,20,Rail,15.94375,15.2
101017,-10826544.031100865,-10837512.293372419,0.0,0,20,Rail,15.94375,15.2
101018,-11980968.587863956,-11982252.965699647,0.0,0,20,Rail,15.94375,15.2
101019,-16240972.48387442,-16240594.74539999,0.0,0,20,Rail,15.94375,15.2
101020,-13695238.643521016,-13708595.213113802,0.0,0,20,Rail,15.94375,15.2
101021,-16390928.049197529,-16402792.799754117,0.0,0,20,Rail,15.94375,15.2
101022,-17139088.763720226,-17147542.463169552,0.0,0,20,Rail,15.94375,15.2
101023,-10167953.27550399,-10220086.48543808,0.0,0,20,Rail,15.94375,15.2
101024,-15142143.409468645,-15166936.236553706,0.0,0,20,Rail,15.94375,15.2
101025,-11472962.68702378,-11481912.993350983,0.0,0,20,Rail,15.94375,15.2
101026,-6894948.808192566,-6928182.591557357,0.0,0,20,Rail,15.94375,15.2
101027,-2687827.625915742,-2590527.5224398794,0.0,0,20,Rail,15.94375,15.2
101028,-11608136.081775595,-11628136.365746396,0.0,0,20,Rail,15.94375,15.2
101029,-12329739.670973372,-12351978.193476321,0.0,0,20,Rail,15.94375,15.2
101030,-13959343.445681522,-13983549.669021333,0.0,0,20,Rail,15.94375,15.2
101031,-4667169.158751943,-4708192.997027153,0.0,0,20,Rail,15.94375,15.2
101032,-8717677.915032204,-8713433.913151516,0.0,0,20,Rail,15.94375,15.2
100000,2614158.287260239,2594853.284441284,1.0,20,20,Rail,16.195,15.2
100001,10508003.437268887,10444304.314757032,1.0,20,20,Rail,16.195,15.2
100002,1732514.7875822247,1705894.9233516688,1.0,20,20,Rail,16.195,15.2
100003,-1087323.0428826218,-1095325.76537915,0.0,0,20,Rail,16.195,15.2
100004,-1063650.701261912,-1071296.8156816869,0.0,0,20,Rail,16.195,15.2
100005,1540251.1645873277,1513112.9709576345,1.0,20,20,Rail,16.195,15.2
101000,-5512048.0755333165,-5539566.851300446,0.0,0,20,Rail,16.195,15.2
101001,-1921701.4286624237,-1981112.6907662665,0.15,3,20,Rail,16.195,15.2
101002,-7749301.281153266,-7775498.506156931,0.0,0,20,Rail,16.195,15.2
101003,-7460497.312025128,-7487748.699491595,0.0,0,20,Rail,16.195,15.2
101004,-10497381.518317245,-10483013.68429264,0.0,0,20,Rail,16.195,15.2
101005,-7502061.858375353,-7502647.624290749,0.0,0,20,Rail,16.195,15.2
101006,-3258630.442732704,-3232287.28599828,0.0,0,20,Rail,16.195,15.2
101007,2701889.9745496744,2646541.277461673,1.0,20,20,Rail,16.195,15.2
101008,-967922.7444990588,-995253.0391294993,0.05,1,20,Rail,16.195,15.2
101009,-7367713.995754654,-7368498.1320493445,0.0,0,20,Rail,16.195,15.2
101010,578953.2989010673,545568.4152389779,0.7,14,20,Rail,16.195,15.2
101011,180374.61544850693,279321.0851525669,0.6,12,20,Rail,16.195,15.2
101012,3042892.9721714417,2991891.058562573,1.0,20,20,Rail,16.195,15.2
101013,-964038.6552227844,-988224.5751422094,0.05,1,20,Rail,16.195,15.2
101014,-1855994.511250394,-1879250.3524391418,0.0,0,20,Rail,16.195,15.2
101015,-1761958.6702274312,-1745354.6632254773,0.0,0,20,Rail,16.195,15.2
101016,3709469.501119177,3672515.4134849524,1.0,20,20,Rail,16.195,15.2
101017,-10789780.964660767,-10800922.070579251,0.0,0,20,Rail,16.195,15.2
101018,-11977455.96997248,-11978760.587709775,0.0,0,20,Rail,16.195,15.2
101019,-16238796.343119612,-16238412.652043585,0.0,0,20,Rail,16.195,15.2
101020,-13658019.243281519,-13671586.292724412,0.0,0,20,Rail,16.195,15.2
101021,-16358366.222791594,-16370417.944329122,0.0,0,20,Rail,16.195,15.2
101022,-17112256.257539038,-17120843.174831506,0.0,0,20,Rail,16.195,15.2
101023,-10014540.295446798,-10067495.047928656,0.0,0,20,Rail,16.195,15.2
101024,-15065151.62838081,-15090335.153877798,0.0,0,20,Rail,16.195,15.2
101025,-11448610.27003054,-11457701.619993318,0.0,0,20,Rail,16.195,15.2
101026,-6806403.7807039,-6840161.279510192,0.0,0,20,Rail,16.195,15.2
101027,-2559289.33387866,-2460455.9241857342,0.0,0,20,Rail,16.195,15.2
101028,-11554900.732915912,-11575216.191883039,0.0,0,20,Rail,16.195,15.2
101029,-12257310.021942789,-12279898.990782319,0.0,0,20,Rail,16.195,15.2
101030,-13887664.024344793,-13912251.702086117,0.0,0,20,Rail,16.195,15.2
101031,-4558026.6297794115,-4599696.943279501,0.0,0,20,Rail,16.195,15.2
101032,-8708727.129594302,-8704416.248499343,0.0,0,20,Rail,16.195,15.2
100000,2673251.0267681414,2653646.525217586,1.0,20,20,Rail,16.44625,15.2
100001,10695098.695326362,10630411.341599246,1.0,20,20,Rail,16.44625,15.2
100002,1801820.9298213213,1774788.0837514373,1.0,20,20,Rail,16.44625,15.2
100003,-1065725.4967287253,-1073852.3738425584,0.0,0,20,Rail,16.44625,15.2
100004,-1039768.6225388633,-1047533.3591412855,0.0,0,20,Rail,16.44625,15.2
100005,1611178.4567789985,1583619.2399230339,1.0,20,20,Rail,16.44625,15.2
101000,-5435361.668194936,-5463307.371557713,0.0,0,20,Rail,16.44625,15.2
101001,-1749541.3871438722,-1809874.358392734,0.15,3,20,Rail,16.44625,15.2
101002,-7674748.41653916,-7701352.066537093,0.0,0,20,Rail,16.44625,15.2
101003,-7389125.409535356,-7416799.57632266,0.0,0,20,Rail,16.44625,15.2
101004,-10479537.15928049,-10464946.421995703,0.0,0,20,Rail,16.44625,15.2
101005,-7500231.2251543775,-7500826.078670036,0.0,0,20,Rail,16.44625,15.2
101006,-3208128.4117585244,-3181376.5660380227,0.0,0,20,Rail,16.44625,15.2
101007,2846594.4894277276,2790387.1100215195,1.0,20,20,Rail,16.44625,15.2
101008,-888588.4779041134,-916342.7760248841,0.15,3,20,Rail,16.44625,15.2
101009,-7365312.20163275,-7366108.5030552,0.0,0,20,Rail,16.44625,15.2
101010,666155.353836172,632252.5355016468,0.75,15,20,Rail,16.44625,15.2
101011,305651.5835671994,406133.11350671155,0.6,12,20,Rail,16.44625,15.2
101012,3186379.714018269,3134586.554296759,1.0,20,20,Rail,16.44625,15.2
101013,-902144.9985107454,-926706.1399417326,0.05,1,20,Rail,16.44625,15.2
101014,-1792146.9875236205,-1815763.6209382822,0.0,0,20,Rail,16.44625,15.2
101015,-1719857.919729696,-1702996.3173736674,0.0,0,20,Rail,16.44625,15.2
101016,3815237.6670737625,3777710.2719669784,1.0,20,20,Rail,16.44625,15.2
101017,-10753017.898220671,-10764331.847786084,0.0,0,20,Rail,16.44625,15.2
101018,-11973943.352081005,-11975268.209719904,0.0,0,20,Rail,16.44625,15.2
101019,-16236620.202364806,-16236230.558687182,0.0,0,20,Rail,16.44625,15.2
101020,-13620799.843042022,-13634577.372335024,0.0,0,20,Rail,16.44625,15.2
101021,-16325804.39638566,-16338043.088904127,0.0,0,20,Rail,16.44625,15.2
101022,-17085423.751357846,-17094143.88649346,0.0,0,20,Rail,16.44625,15.2
101023,-9861127.315389607,-9914903.610419229,0.0,0,20,Rail,16.44625,15.2
101024,-14988159.847292978,-15013734.071201887,0.0,0,20,Rail,16.44625,15.2
101025,-11424257.8530373,-11433490.246635653,0.0,0,20,Rail,16.44625,15.2
101026,-6717858.753215236,-6752139.967463025,0.0,0,20,Rail,16.44625,15.2
101027,-2430751.0418415787,-2330384.325931589,0.0,0,20,Rail,16.44625,15.2
101028,-11501665.384056231,-11522296.018019684,0.0,0,20,Rail,16.44625,15.2
101029,-12184880.372912202,-12207819.788088314,0.0,0,20,Rail,16.44625,15.2
101030,-13815984.603008062,-13840953.7351509,0.0,0,20,Rail,16.44625,15.2
101031,-4448884.100806881,-4491200.889531848,0.0,0,20,Rail,16.44625,15.2
101032,-8699776.3441564,-8695398.58384717,0.0,0,20,Rail,16.44625,15.2
100000,2732343.766276044,2712439.765993888,1.0,20,20,Rail,16.697499999999998,15.2
100001,10882193.953383835,10816518.368441463,1.0,20,20,Rail,16.697499999999998,15.2
100002,1871127.0720604178,1843681.2441512048,1.0,20,20,Rail,16.697499999999998,15.2
100003,-1044127.9505748289,-1052378.9823059668,0.0,0,20,Rail,16.697499999999998,15.2
100004,-1015886.5438158149,-1023769.9026008841,0.0,0,20,Rail,16.697499999999998,15.2
100005,1682105.7489706692,1654125.5088884337,1.0,20,20,Rail,16.697499999999998,15.2
101000,-5358675.260856555,-5387047.891814978,0.0,0,20,Rail,16.697499999999998,15.2
101001,-1577381.345625321,-1638636.0260192025,0.15,3,20,Rail,16.697499999999998,15.2
101002,-7600195.551925054,-7627205.626917254,0.0,0,20,Rail,16.697499999999998,15.2
101003,-7317753.507045585,-7345850.453153724,0.0,0,20,Rail,16.697499999999998,15.2
101004,-10461692.800243739,-10446879.159698766,0.0,0,20,Rail,16.697499999999998,15.2
101005,-7498400.591933401,-7499004.533049323,0.0,0,20,Rail,16.697499999999998,15.2
101006,-3157626.380784345,-3130465.8460777663,0.0,0,20,Rail,16.697499999999998,15.2
101007,2991299.004305782,2934232.9425813667,1.0,20,20,Rail,16.697499999999998,15.2
101008,-809254.2113091678,-837432.5129202688,0.15,3,20,Rail,16.697499999999998,15.2
101009,-7362910.407510849,-7363718.8740610555,0.0,0,20,Rail,16.697499999999998,15.2
101010,753357.4087712765,718936.6557643153,0.85,17,20,Rail,16.697499999999998,15.2
101011,430928.55168589187,532945.1418608562,0.65,13,20,Rail,16.697499999999998,15.2
101012,3329866.455865096,3277282.050030945,1.0,20,20,Rail,16.697499999999998,15.2
101013,-840251.3417987063,-865187.7047412563,0.05,1,20,Rail,16.697499999999998,15.2
101014,-1728299.4637968473,-1752276.8894374226,0.0,0,20,Rail,16.697499999999998,15.2
101015,-1677757.169231961,-1660637.9715218574,0.0,0,20,Rail,16.697499999999998,15.2
101016,3921005.8330283486,3882905.130449005,1.0,20,20,Rail,16.697499999999998,15.2
101017,-10716254.831780575,-10727741.624992918,0.0,0,20,Rail,16.697499999999998,15.2
101018,-11970430.734189529,-11971775.831730032,0.0,0,20,Rail,16.697499999999998,15.2
101019,-16234444.061609998,-16234048.46533078,0.0,0,20,Rail,16.697499999999998,15.2
101020,-13583580.442802524,-13597568.451945636,0.0,0,20,Rail,16.697499999999998,15.2
101021,-16293242.569979731,-16305668.233479135,0.0,0,20,Rail,16.697499999999998,15.2
101022,-17058591.24517665,-17067444.598155413,0.0,0,20,Rail,16.697499999999998,15.2
101023,-9707714.335332418,-9762312.172909804,0.0,0,20,Rail,16.697499999999998,15.2
101024,-14911168.06620514,-14937132.988525977,0.0,0,20,Rail,16.697499999999998,15.2
101025,-11399905.436044058,-11409278.873277988,0.0,0,20,Rail,16.697499999999998,15.2
101026,-6629313.725726569,-6664118.655415858,0.0,0,20,Rail,16.697499999999998,15.2
101027,-2302212.7498044968,-2200312.727677443,0.0,0,20,Rail,16.697499999999998,15.2
101028,-11448430.035196548,-11469375.844156327,0.0,0,20,Rail,16.697499999999998,15.2
101029,-12112450.723881619,-12135740.585394312,0.0,0,20,Rail,16.697499999999998,15.2
101030,-13744305.18167133,-13769655.768215682,0.0,0,20,Rail,16.697499999999998,15.2
101031,-4339741.57183435,-4382704.835784195,0.0,0,20,Rail,16.697499999999998,15.2
101032,-8690825.558718499,-8686380.919195,0.0,0,20,Rail,16.697499999999998,15.2
100000,2791436.5057839463,2771233.006770191,1.0,20,20,Rail,16.94875,15.2
100001,11069289.21144131,11002625.39528368,1.0,20,20,Rail,16.94875,15.2
100002,1940433.2142995154,1912574.4045509733,1.0,20,20,Rail,16.94875,15.2
100003,-1022530.404420932,-1030905.5907693749,0.0,0,20,Rail,16.94875,15.2
100004,-992004.4650927661,-1000006.4460604822,0.0,0,20,Rail,16.94875,15.2
100005,1753033.0411623407,1724631.777853834,1.0,20,20,Rail,16.94875,15.2
101000,-5281988.853518173,-5310788.412072242,0.0,0,20,Rail,16.94875,15.2
101001,-1405221.3041067668,-1467397.6936456682,0.15,3,20,Rail,16.94875,15.2
101002,-7525642.687310946,-7553059.187297416,0.0,0,20,Rail,16.94875,15.2
101003,-7246381.604555811,-7274901.329984788,0.0,0,20,Rail,16.94875,15.2
101004,-10443848.441206984,-10428811.897401826,0.0,0,20,Rail,16.94875,15.2
101005,-7496569.958712426,-7497182.987428608,0.0,0,20,Rail,16.94875,15.2
101006,-3107124.349810165,-3079555.1261175084,0.0,0,20,Rail,16.94875,15.2
101007,3136003.519183838,3078078.775141217,1.0,20,20,Rail,16.94875,15.2
101008,-729919.9447142212,-758522.2498156521,0.15,3,20,Rail,16.94875,15.2
101009,-7360508.613388945,-7361329.245066911,0.0,0,20,Rail,16.94875,15.2
101010,840559.463706382,805620.7760269847,0.9,18,20,Rail,16.94875,15.2
101011,556205.5198045861,659757.1702150023,0.65,13,20,Rail,16.94875,15.2
101012,3473353.197711925,3419977.5457651326,1.0,20,20,Rail,16.94875,15.2
101013,-778357.6850866664,-803669.2695407791,0.1,2,20,Rail,16.94875,15.2
101014,-1664451.9400700731,-1688790.1579365623,0.0,0,20,Rail,16.94875,15.2
101015,-1635656.418734225,-1618279.625670047,0.0,0,20,Rail,16.94875,15.2
101016,4026773.998982935,3988099.988931033,1.0,20,20,Rail,16.94875,15.2
101017,-10679491.76534048,-10691151.40219975,0.0,0,20,Rail,16.94875,15.2
101018,-11966918.116298052,-11968283.45374016,0.0,0,20,Rail,16.94875,15.2
101019,-16232267.92085519,-16231866.371974375,0.0,0,20,Rail,16.94875,15.2
101020,-13546361.042563027,-13560559.531556249,0.0,0,20,Rail,16.94875,15.2
101021,-16260680.743573796,-16273293.378054142,0.0,0,20,Rail,16.94875,15.2
101022,-17031758.738995463,-17040745.309817366,0.0,0,20,Rail,16.94875,15.2
101023,-9554301.355275225,-9609720.735400379,0.0,0,20,Rail,16.94875,15.2
101024,-14834176.285117308,-14860531.905850066,0.0,0,20,Rail,16.94875,15.2
101025,-11375553.019050818,-11385067.499920323,0.0,0,20,Rail,16.94875,15.2
101026,-6540768.698237902,-6576097.34336869,0.0,0,20,Rail,16.94875,15.2
101027,-2173674.457767414,-2070241.129423296,0.05,1,20,Rail,16.94875,15.2
101028,-11395194.686336866,-11416455.67029297,0.0,0,20,Rail,16.94875,15.2
101029,-12040021.074851034,-12063661.382700307,0.0,0,20,Rail,16.94875,15.2
101030,-13672625.7603346,-13698357.801280465,0.0,0,20,Rail,16.94875,15.2
101031,-4230599.042861817,-4274208.782036539,0.0,0,20,Rail,16.94875,15.2
101032,-8681874.773280594,-8677363.254542828,0.0,0,20,Rail,16.94875,15.2
100000,2850529.2452918487,2830026.247546493,1.0,20,20,Rail,17.2,15.2
100001,11256384.469498783,11188732.422125896,1.0,20,20,Rail,17.2,15.2
100002,2009739.356538612,1981467.5649507418,1.0,20,20,Rail,17.2,15.2
100003,-1000932.8582670357,-1009432.1992327834,0.0,0,20,Rail,17.2,15.2
100004,-968122.3863697177,-976242.9895200809,0.0,0,20,Rail,17.2,15.2
100005,1823960.3333540116,1795138.0468192338,1.0,20,20,Rail,17.2,15.2
101000,-5205302.446179792,-5234528.932329508,0.0,0,20,Rail,17.2,15.2
101001,-1233061.2625882153,-1296159.3612721357,0.2,4,20,Rail,17.2,15.2
101002,-7451089.82269684,-7478912.747677578,0.0,0,20,Rail,17.2,15.2
101003,-7175009.702066039,-7203952.206815852,0.0,0,20,Rail,17.2,15.2
101004,-10426004.08217023,-10410744.635104889,0.0,0,20,Rail,17.2,15.2
101005,-7494739.325491449,-7495361.441807895,0.0,0,20,Rail,17.2,15.2
101006,-3056622.318835986,-3028644.4061572514,0.0,0,20,Rail,17.2,15.2
101007,3280708.0340618924,3221924.607701064,1.0,20,20,Rail,17.2,15.2
101008,-650585.6781192756,-679611.9867110373,0.15,3,20,Rail,17.2,15.2
101009,-7358106.819267042,-7358939.6160727665,0.0,0,20,Rail,17.2,15.2
101010,927761.5186414864,892304.8962896536,0.95,19,20,Rail,17.2,15.2
101011,681482.4879232787,786569.1985691469,0.65,13,20,Rail,17.2,15.2
101012,3616839.939558752,3562673.0414993186,1.0,20,20,Rail,17.2,15.2
101013,-716464.0283746273,-742150.8343403023,0.15,3,20,Rail,17.2,15.2
101014,-1600604.4163433,-1625303.426435703,0.0,0,20,Rail,17.2,15.2
101015,-1593555.6682364899,-1575921.279818237,0.0,0,20,Rail,17.2,15.2
101016,4132542.164937521,4093294.8474130593,1.0,20,20,Rail,17.2,15.2
101017,-10642728.698900383,-10654561.179406583,0.0,0,20,Rail,17.2,15.2
101018,-11963405.498406574,-11964791.07575029,0.0,0,20,Rail,17.2,15.2
101019,-16230091.780100385,-16229684.278617973,0.0,0,20,Rail,17.2,15.2
101020,-13509141.64232353,-13523550.61116686,0.0,0,20,Rail,17.2,15.2
101021,-16228118.917167867,-16240918.52262915,0.0,0,20,Rail,17.2,15.2
101022,-17004926.23281427,-17014046.02147932,0.0,0,20,Rail,17.2,15.2
101023,-9400888.375218034,-9457129.297890952,0.0,0,20,Rail,17.2,15.2
101024,-14757184.504029471,-14783930.823174156,0.0,0,20,Rail,17.2,15.2
101025,-11351200.602057578,-11360856.126562657,0.0,0,20,Rail,17.2,15.2
101026,-6452223.670749237,-6488076.031321524,0.0,0,20,Rail,17.2,15.2
101027,-2045136.1657303323,-1940169.531169151,0.05,1,20,Rail,17.2,15.2
101028,-11341959.337477185,-11363535.496429615,0.0,0,20,Rail,17.2,15.2
101029,-11967591.42582045,-11991582.180006303,0.0,0,20,Rail,17.2,15.2
101030,-13600946.338997867,-13627059.834345246,0.0,0,20,Rail,17.2,15.2
101031,-4121456.5138892867,-4165712.728288887,0.0,0,20,Rail,17.2,15.2
101032,-8672923.987842694,-8668345.589890655,0.0,0,20,Rail,17.2,15.2
100000,2909621.9847997506,2888819.488322795,1.0,20,20,Rail,17.451249999999998,15.2
100001,11443479.727556257,11374839.448968112,1.0,20,20,Rail,17.451249999999998,15.2
100002,2079045.4987777087,2050360.7253505094,1.0,20,20,Rail,17.451249999999998,15.2
100003,-979335.3121131394,-987958.8076961918,0.0,0,20,Rail,17.451249999999998,15.2
100004,-944240.3076466692,-952479.5329796794,0.0,0,20,Rail,17.451249999999998,15.2
100005,1894887.625545682,1865644.3157846336,1.0,20,20,Rail,17.451249999999998,15.2
101000,-5128616.0388414115,-5158269.452586774,0.0,0,20,Rail,17.451249999999998,15.2
101001,-1060901.2210696633,-1124921.0288986033,0.25,5,20,Rail,17.451249999999998,15.2
101002,-7376536.958082734,-7404766.30805774,0.0,0,20,Rail,17.451249999999998,15.2
101003,-7103637.799576268,-7133003.083646917,0.0,0,20,Rail,17.451249999999998,15.2
101004,-10408159.723133476,-10392677.372807952,0.0,0,20,Rail,17.451249999999998,15.2
101005,-7492908.6922704745,-7493539.896187181,0.0,0,20,Rail,17.451249999999998,15.2
101006,-3006120.287861806,-2977733.6861969945,0.0,0,20,Rail,17.451249999999998,15.2
101007,3425412.548939946,3365770.4402609114,1.0,20,20,Rail,17.451249999999998,15.2
101008,-571251.41152433,-600701.7236064216,0.2,4,20,Rail,17.451249999999998,15.2
101009,-7355705.0251451405,-7356549.987078622,0.0,0,20,Rail,17.451249999999998,15.2
101010,1014963.573576591,978989.0165523221,0.95,19,20,Rail,17.451249999999998,15.2
101011,806759.4560419706,913381.2269232906,0.65,13,20,Rail,17.451249999999998,15.2
101012,3760326.681405579,3705368.5372335035,1.0,20,20,Rail,17.451249999999998,15.2
101013,-654570.3716625882,-680632.3991398257,0.15,3,20,Rail,17.451249999999998,15.2
101014,-1536756.8926165267,-1561816.694934843,0.0,0,20,Rail,17.451249999999998,15.2
101015,-1551454.9177387548,-1533562.933966427,0.0,0,20,Rail,17.451249999999998,15.2
101016,4238310.3308921065,4198489.705895086,1.0,20,20,Rail,17.451249999999998,15.2
101017,-10605965.632460285,-10617970.956613416,0.0,0,20,Rail,17.451249999999998,15.2
101018,-11959892.880515099,-11961298.697760418,0.0,0,20,Rail,17.451249999999998,15.2
101019,-16227915.639345577,-16227502.18526157,0.0,0,20,Rail,17.451249999999998,15.2
101020,-13471922.242084032,-13486541.690777473,0.0,0,20,Rail,17.451249999999998,15.2
101021,-16195557.090761933,-16208543.667204155,0.0,0,20,Rail,17.451249999999998,15.2
101022,-16978093.72663308,-16987346.733141273,0.0,0,20,Rail,17.451249999999998,15.2
101023,-9247475.395160843,-9304537.860381527,0.0,0,20,Rail,17.451249999999998,15.2
101024,-14680192.722941637,-14707329.740498245,0.0,0,20,Rail,17.451249999999998,15.2
101025,-11326848.185064336,-11336644.753204992,0.0,0,20,Rail,17.451249999999998,15.2
101026,-6363678.64326057,-6400054.719274358,0.0,0,20,Rail,17.451249999999998,15.2
101027,-1916597.8736932508,-1810097.9329150058,0.05,1,20,Rail,17.451249999999998,15.2
101028,-11288723.988617504,-11310615.322566256,0.0,0,20,Rail,17.451249999999998,15.2
101029,-11895161.776789865,-11919502.9773123,0.0,0,20,Rail,17.451249999999998,15.2
101030,-13529266.91766114,-13555761.86741003,0.0,0,20,Rail,17.451249999999998,15.2
101031,-4012313.9849167555,-4057216.674541234,0.0,0,20,Rail,17.451249999999998,15.2
101032,-8663973.202404791,-8659327.925238483,0.0,0,20,Rail,17.451249999999998,15.2
100000,2968714.7243076535,2947612.7290990977,1.0,20,20,Rail,17.7025,15.2
100001,11630574.985613732,11560946.475810328,1.0,20,20,Rail,17.7025,15.2
100002,2148351.6410168065,2119253.885750279,1.0,20,20,Rail,17.7025,15.2
100003,-957737.7659592426,-966485.4161596,0.0,0,20,Rail,17.7025,15.2
100004,-920358.2289236204,-928716.0764392776,0.0,0,20,Rail,17.7025,15.2
100005,1965814.9177373536,1936150.584750034,1.0,20,20,Rail,17.7025,15.2
101000,-5051929.63150303,-5082009.972844038,0.0,0,20,Rail,17.7025,15.2
101001,-888741.1795511094,-953682.696525069,0.3,6,20,Rail,17.7025,15.2
101002,-7301984.093468627,-7330619.868437901,0.0,0,20,Rail,17.7025,15.2
101003,-7032265.897086494,-7062053.96047798,0.0,0,20,Rail,17.7025,15.2
101004,-10390315.364096723,-10374610.110511012,0.0,0,20,Rail,17.7025,15.2
101005,-7491078.059049497,-7491718.350566467,0.0,0,20,Rail,17.7025,15.2
101006,-2955618.2568876254,-2926822.9662367366,0.0,0,20,Rail,17.7025,15.2
101007,3570117.0638180026,3509616.2728207605,1.0,20,20,Rail,17.7025,15.2
101008,-491917.14492938353,-521791.4605018054,0.3,6,20,Rail,17.7025,15.2
101009,-7353303.231023237,-7354160.3580844775,0.0,0,20,Rail,17.7025,15.2
101010,1102165.6285116966,1065673.136814992,0.95,19,20,Rail,17.7025,15.2
101011,932036.4241606653,1040193.2552774381,0.75,15,20,Rail,17.7025,15.2
101012,3903813.4232524084,3848064.0329676913,1.0,20,20,Rail,17.7025,15.2
101013,-592676.7149505483,-619113.9639393487,0.15,3,20,Rail,17.7025,15.2
101014,-1472909.3688897523,-1498329.9634339828,0.0,0,20,Rail,17.7025,15.2
101015,-1509354.167241019,-1491204.5881146167,0.0,0,20,Rail,17.7025,15.2
101016,4344078.496846694,4303684.564377113,1.0,20,20,Rail,17.7025,15.2
101017,-10569202.566020189,-10581380.733820248,0.0,0,20,Rail,17.7025,15.2
101018,-11956380.262623621,-11957806.319770547,0.0,0,20,Rail,17.7025,15.2
101019,-16225739.498590771,-16225320.091905165,0.0,0,20,Rail,17.7025,15.2
101020,-13434702.841844533,-13449532.770388085,0.0,0,20,Rail,17.7025,15.2
101021,-16162995.264355998,-16176168.81177916,0.0,0,20,Rail,17.7025,15.2
101022,-16951261.220451888,-16960647.444803227,0.0,0,20,Rail,17.7025,15.2
101023,-9094062.415103648,-9151946.4228721,0.0,0,20,Rail,17.7025,15.2
101024,-14603200.9418538,-14630728.657822333,0.0,0,20,Rail,17.7025,15.2
101025,-11302495.768071096,-11312433.379847327,0.0,0,20,Rail,17.7025,15.2
101026,-6275133.615771904,-6312033.40722719,0.0,0,20,Rail,17.7025,15.2
101027,-1788059.5816561677,-1680026.3346608598,0.05,1,20,Rail,17.7025,15.2
101028,-11235488.639757821,-11257695.1487029,0.0,0,20,Rail,17.7025,15.2
101029,-11822732.127759282,-11847423.774618298,0.0,0,20,Rail,17.7025,15.2
101030,-13457587.496324409,-13484463.900474811,0.0,0,20,Rail,17.7025,15.2
101031,-3903171.455944223,-3948720.6207935796,0.0,0,20,Rail,17.7025,15.2
101032,-8655022.416966889,-8650310.26058631,0.0,0,20,Rail,17.7025,15.2
100000,3027807.4638155554,3006405.9698754,1.0,20,20,Rail,17.95375,15.2
100001,11817670.243671205,11747053.502652545,1.0,20,20,Rail,17.95375,15.2
100002,2217657.7832559026,2188147.0461500464,1.0,20,20,Rail,17.95375,15.2
100003,-936140.2198053462,-945012.0246230086,0.0,0,20,Rail,17.95375,15.2
100004,-896476.1502005719,-904952.6198988762,0.0,0,20,Rail,17.95375,15.2
100005,2036742.2099290243,2006656.8537154333,1.0,20,20,Rail,17.95375,15.2
101000,-4975243.224164649,-5005750.493101303,0.0,0,20,Rail,17.95375,15.2
101001,-716581.1380325577,-782444.3641515365,0.3,6,20,Rail,17.95375,15.2
101002,-7227431.228854522,-7256473.428818062,0.0,0,20,Rail,17.95375,15.2
101003,-6960893.994596722,-6991104.837309046,0.0,0,20,Rail,17.95375,15.2
101004,-10372471.005059969,-10356542.848214075,0.0,0,20,Rail,17.95375,15.2
101005,-7489247.425828522,-7489896.804945754,0.0,0,20,Rail,17.95375,15.2
101006,-2905116.2259134464,-2875912.24627648,0.0,0,20,Rail,17.95375,15.2
101007,3714821.5786960563,3653462.105380607,1.0,20,20,Rail,17.95375,15.2
101008,-412582.8783344381,-442881.19739719015,0.3,6,20,Rail,17.95375,15.2
101009,-7350901.436901336,-7351770.729090333,0.0,0,20,Rail,17.95375,15.2
101010,1189367.6834468008,1152357.25707766,0.95,19,20,Rail,17.95375,15.2
101011,1057313.3922793576,1167005.2836315818,0.75,15,20,Rail,17.95375,15.2
101012,4047300.1650992357,3990759.528701877,1.0,20,20,Rail,17.95375,15.2
101013,-530783.0582385093,-557595.5287388721,0.15,3,20,Rail,17.95375,15.2
101014,-1409061.8451629789,-1434843.2319331225,0.0,0,20,Rail,17.95375,15.2
101015,-1467253.4167432839,-1448846.2422628067,0.0,0,20,Rail,17.95375,15.2
101016,4449846.66280128,4408879.42285914,1.0,20,20,Rail,17.95375,15.2
101017,-10532439.499580093,-10544790.511027083,0.0,0,20,Rail,17.95375,15.2
101018,-11952867.644732144,-11954313.941780675,0.0,0,20,Rail,17.95375,15.2
101019,-16223563.357835963,-16223137.998548761,0.0,0,20,Rail,17.95375,15.2
101020,-13397483.441605035,-13412523.849998698,0.0,0,20,Rail,17.95375,15.2
101021,-16130433.43795007,-16143793.956354167,0.0,0,20,Rail,17.95375,15.2
101022,-16924428.714270696,-16933948.15646518,0.0,0,20,Rail,17.95375,15.2
101023,-8940649.435046459,-8999354.985362675,0.0,0,20,Rail,17.95375,15.2
101024,-14526209.160765966,-14554127.575146424,0.0,0,20,Rail,17.95375,15.2
101025,-11278143.351077856,-11288222.006489664,0.0,0,20,Rail,17.95375,15.2
101026,-6186588.588283238,-6224012.095180023,0.0,0,20,Rail,17.95375,15.2
101027,-1659521.2896190858,-1549954.7364067137,0.05,1,20,Rail,17.95375,15.2
101028,-11182253.29089814,-11204774.974839542,0.0,0,20,Rail,17.95375,15.2
101029,-11750302.478728695,-11775344.571924295,0.0,0,20,Rail,17.95375,15.2
101030,-13385908.074987676,-13413165.933539594,0.0,0,20,Rail,17.95375,15.2
101031,-3794028.9269716917,-3840224.5670459266,0.0,0,20,Rail,17.95375,15.2
101032,-8646071.631528988,-8641292.595934138,0.0,0,20,Rail,17.95375,15.2
100000,3086900.203323458,3065199.210651702,1.0,20,20,Rail,18.205,15.2
100001,12004765.50172868,11933160.529494759,1.0,20,20,Rail,18.205,15.2
100002,2286963.9254949996,2257040.2065498144,1.0,20,20,Rail,18.205,15.2
100003,-914542.6736514497,-923538.6330864171,0.0,0,20,Rail,18.205,15.2
100004,-872594.0714775234,-881189.1633584747,0.0,0,20,Rail,18.205,15.2
100005,2107669.502120695,2077163.122680833,1.0,20,20,Rail,18.205,15.2
101000,-4898556.816826268,-4929491.013358569,0.0,0,20,Rail,18.205,15.2
101001,-544421.0965140061,-611206.031778005,0.35,7,20,Rail,18.205,15.2
101002,-7152878.364240415,-7182326.989198225,0.0,0,20,Rail,18.205,15.2
101003,-6889522.0921069505,-6920155.71414011,0.0,0,20,Rail,18.205,15.2
101004,-10354626.646023218,-10338475.585917138,0.0,0,20,Rail,18.205,15.2
101005,-7487416.792607546,-7488075.2593250405,0.0,0,20,Rail,18.205,15.2
101006,-2854614.1949392664,-2825001.5263162227,0.0,0,20,Rail,18.205,15.2
101007,3859526.0935741104,3797307.937940454,1.0,20,20,Rail,18.205,15.2
101008,-333248.61173949257,-363970.9342925749,0.3,6,20,Rail,18.205,15.2
101009,-7348499.642779432,-7349381.1000961885,0.0,0,20,Rail,18.205,15.2
101010,1276569.7383819055,1239041.3773403289,1.0,20,20,Rail,18.205,15.2
101011,1182590.36039805,1293817.3119857255,0.8,16,20,Rail,18.205,15.2
101012,4190786.906946062,4133455.024436063,1.0,20,20,Rail,18.205,15.2
101013,-468889.4015264702,-496077.0935383956,0.2,4,20,Rail,18.205,15.2
101014,-1345214.3214362054,-1371356.5004322631,0.0,0,20,Rail,18.205,15.2
101015,-1425152.6662455488,-1406487.8964109968,0.0,0,20,Rail,18.205,15.2
101016,4555614.828755865,4514074.281341166,1.0,20,20,Rail,18.205,15.2
101017,-10495676.433139997,-10508200.288233913,0.0,0,20,Rail,18.205,15.2
101018,-11949355.026840668,-11950821.563790804,0.0,0,20,Rail,18.205,15.2
101019,-16221387.217081156,-16220955.90519236,0.0,0,20,Rail,18.205,15.2
101020,-13360264.041365538,-13375514.92960931,0.0,0,20,Rail,18.205,15.2
101021,-16097871.611544136,-16111419.100929175,0.0,0,20,Rail,18.205,15.2
101022,-16897596.208089508,-16907248.868127137,0.0,0,20,Rail,18.205,15.2
101023,-8787236.454989268,-8846763.547853248,0.0,0,20,Rail,18.205,15.2
101024,-14449217.379678134,-14477526.492470514,0.0,0,20,Rail,18.205,15.2
101025,-11253790.934084615,-11264010.633131998,0.0,0,20,Rail,18.205,15.2
101026,-6098043.560794572,-6135990.783132857,0.0,0,20,Rail,18.205,15.2
101027,-1530982.9975820044,-1419883.1381525686,0.1,2,20,Rail,18.205,15.2
101028,-11129017.942038458,-11151854.800976187,0.0,0,20,Rail,18.205,15.2
101029,-11677872.829698112,-11703265.36923029,0.0,0,20,Rail,18.205,15.2
101030,-13314228.653650945,-13341867.966604376,0.0,0,20,Rail,18.205,15.2
101031,-3684886.3979991614,-3731728.513298273,0.0,0,20,Rail,18.205,15.2
101032,-8637120.846091086,-8632274.931281965,0.0,0,20,Rail,18.205,15.2
100000,3145992.94283136,3123992.4514280036,1.0,20,20,Rail,18.456249999999997,15.2
100001,12191860.759786153,12119267.556336975,1.0,20,20,Rail,18.456249999999997,15.2
100002,2356270.0677340957,2325933.3669495825,1.0,20,20,Rail,18.456249999999997,15.2
100003,-892945.1274975535,-902065.2415498255,0.0,0,20,Rail,18.456249999999997,15.2
100004,-848711.992754475,-857425.7068180733,0.0,0,20,Rail,18.456249999999997,15.2
100005,2178596.7943123663,2147669.391646233,1.0,20,20,Rail,18.456249999999997,15.2
101000,-4821870.409487887,-4853231.533615835,0.0,0,20,Rail,18.456249999999997,15.2
101001,-372261.05499545456,-439967.6994044725,0.35,7,20,Rail,18.456249999999997,15.2
101002,-7078325.499626311,-7108180.549578387,0.0,0,20,Rail,18.456249999999997,15.2
101003,-6818150.1896171775,-6849206.590971174,0.0,0,20,Rail,18.456249999999997,15.2
101004,-10336782.286986463,-10320408.3236202,0.0,0,20,Rail,18.456249999999997,15.2
101005,-7485586.159386571,-7486253.713704326,0.0,0,20,Rail,18.456249999999997,15.2
101006,-2804112.163965087,-2774090.8063559663,0.0,0,20,Rail,18.456249999999997,15.2
101007,4004230.6084521646,3941153.7705003014,1.0,20,20,Rail,18.456249999999997,15.2
101008,-253914.3451445472,-285060.6711879601,0.35,7,20,Rail,18.456249999999997,15.2
101009,-7346097.848657529,-7346991.471102044,0.0,0,20,Rail,18.456249999999997,15.2
101010,1363771.79331701,1325725.4976029973,1.0,20,20,Rail,18.456249999999997,15.2
101011,1307867.3285167427,1420629.3403398711,0.85,17,20,Rail,18.456249999999997,15.2
101012,4334273.64879289,4276150.520170249,1.0,20,20,Rail,18.456249999999997,15.2
101013,-406995.744814431,-434558.6583379186,0.25,5,20,Rail,18.456249999999997,15.2
101014,-1281366.7977094322,-1307869.7689314038,0.05,1,20,Rail,18.456249999999997,15.2
101015,-1383051.9157478134,-1364129.5505591868,0.0,0,20,Rail,18.456249999999997,15.2
101016,4661382.994710451,4619269.139823193,1.0,20,20,Rail,18.456249999999997,15.2
101017,-10458913.3666999,-10471610.065440748,0.0,0,20,Rail,18.456249999999997,15.2
101018,-11945842.408949193,-11947329.185800932,0.0,0,20,Rail,18.456249999999997,15.2
101019,-16219211.07632635,-16218773.811835956,0.0,0,20,Rail,18.456249999999997,15.2
101020,-13323044.64112604,-13338506.009219922,0.0,0,20,Rail,18.456249999999997,15.2
101021,-16065309.785138205,-16079044.245504182,0.0,0,20,Rail,18.456249999999997,15.2
101022,-16870763.701908313,-16880549.579789087,0.0,0,20,Rail,18.456249999999997,15.2
101023,-8633823.474932076,-8694172.110343823,0.0,0,20,Rail,18.456249999999997,15.2
101024,-14372225.598590296,-14400925.409794603,0.0,0,20,Rail,18.456249999999997,15.2
101025,-11229438.517091375,-11239799.259774333,0.0,0,20,Rail,18.456249999999997,15.2
101026,-6009498.533305907,-6047969.47108569,0.0,0,20,Rail,18.456249999999997,15.2
101027,-1402444.705544923,-1289811.5398984235,0.15,3,20,Rail,18.456249999999997,15.2
101028,-11075782.593178775,-11098934.627112832,0.0,0,20,Rail,18.456249999999997,15.2
101029,-11605443.180667527,-11631186.166536286,0.0,0,20,Rail,18.456249999999997,15.2
101030,-13242549.232314216,-13270569.99966916,0.0,0,20,Rail,18.456249999999997,15.2
101031,-3575743.86902663,-3623232.45955062,0.0,0,20,Rail,18.456249999999997,15.2
101032,-8628170.060653184,-8623257.266629793,0.0,0,20,Rail,18.456249999999997,15.2
100000,3205085.6823392627,3182785.692204307,1.0,20,20,Rail,18.7075,15.2
100001,12378956.017843628,12305374.583179193,1.0,20,20,Rail,18.7075,15.2
100002,2425576.2099731932,2394826.5273493514,1.0,20,20,Rail,18.7075,15.2
100003,-871347.5813436568,-880591.8500132337,0.0,0,20,Rail,18.7075,15.2
100004,-824829.9140314262,-833662.2502776715,0.0,0,20,Rail,18.7075,15.2
100005,2249524.0865040375,2218175.660611633,1.0,20,20,Rail,18.7075,15.2
101000,-4745184.002149506,-4776972.053873099,0.0,0,20,Rail,18.7075,15.2
101001,-200101.01347690047,-268729.36703093816,0.4,8,20,Rail,18.7075,15.2
101002,-7003772.635012202,-7034034.109958548,0.0,0,20,Rail,18.7075,15.2
101003,-6746778.287127404,-6778257.467802238,0.0,0,20,Rail,18.7075,15.2
101004,-10318937.927949708,-10302341.061323263,0.0,0,20,Rail,18.7075,15.2
101005,-7483755.526165594,-7484432.168083612,0.0,0,20,Rail,18.7075,15.2
101006,-2753610.132990907,-2723180.0863957084,0.0,0,20,Rail,18.7075,15.2
101007,4148935.1233302206,4084999.6030601505,1.0,20,20,Rail,18.7075,15.2
101008,-174580.0785496005,-206150.4080833434,0.35,7,20,Rail,18.7075,15.2
101009,-7343696.054535627,-7344601.8421078995,0.0,0,20,Rail,18.7075,15.2
101010,1450973.8482521155,1412409.6178656672,1.0,20,20,Rail,18.7075,15.2
101011,1433144.2966354366,1547441.3686940167,0.9,18,20,Rail,18.7075,15.2
101012,4477760.390639719,4418846.015904437,1.0,20,20,Rail,18.7075,15.2
101013,-345102.0881023913,-373040.22313744156,0.3,6,20,Rail,18.7075,15.2
101014,-1217519.273982658,-1244383.037430543,0.05,1,20,Rail,18.7075,15.2
101015,-1340951.1652500778,-1321771.2047073764,0.0,0,20,Rail,18.7075,15.2
101016,4767151.160665038,4724463.998305219,1.0,20,20,Rail,18.7075,15.2
101017,-10422150.300259802,-10435019.842647579,0.0,0,20,Rail,18.7075,15.2
101018,-11942329.791057715,-11943836.80781106,0.0,0,20,Rail,18.7075,15.2
101019,-16217034.935571542,-16216591.718479551,0.0,0,20,Rail,18.7075,15.2
101020,-13285825.240886543,-13301497.088830533,0.0,0,20,Rail,18.7075,15.2
101021,-16032747.958732272,-16046669.39007919,0.0,0,20,Rail,18.7075,15.2
101022,-16843931.19572712,-16853850.29145104,0.0,0,20,Rail,18.7075,15.2
101023,-8480410.494874883,-8541580.672834396,0.0,0,20,Rail,18.7075,15.2
101024,-14295233.817502463,-14324324.327118693,0.0,0,20,Rail,18.7075,15.2
101025,-11205086.100098135,-11215587.88641667,0.0,0,20,Rail,18.7075,15.2
101026,-5920953.50581724,-5959948.159038523,0.0,0,20,Rail,18.7075,15.2
101027,-1273906.4135078397,-1159739.9416442765,0.15,3,20,Rail,18.7075,15.2
101028,-11022547.244319092,-11046014.453249475,0.0,0,20,Rail,18.7075,15.2
101029,-11533013.531636942,-11559106.963842284,0.0,0,20,Rail,18.7075,15.2
101030,-13170869.810977485,-13199272.032733941,0.0,0,20,Rail,18.7075,15.2
101031,-3466601.3400540976,-3514736.4058029656,0.0,0,20,Rail,18.7075,15.2
101032,-8619219.275215281,-8614239.60197762,0.0,0,20,Rail,18.7075,15.2
100000,3264178.4218471646,3241578.9329806087,1.0,20,20,Rail,18.95875,15.2
100001,12566051.275901102,12491481.610021409,1.0,20,20,Rail,18.95875,15.2
100002,2494882.3522122903,2463719.6877491195,1.0,20,20,Rail,18.95875,15.2
100003,-849750.0351897603,-859118.4584766423,0.0,0,20,Rail,18.95875,15.2
100004,-800947.8353083776,-809898.79373727,0.0,0,20,Rail,18.95875,15.2
100005,2320451.3786957082,2288681.929577033,1.0,20,20,Rail,18.95875,15.2
101000,-4668497.594811125,-4700712.574130364,0.0,0,20,Rail,18.95875,15.2
101001,-27940.971958348808,-97491.03465740569,0.45,9,20,Rail,18.95875,15.2
101002,-6929219.770398097,-6959887.67033871,0.0,0,20,Rail,18.95875,15.2
101003,-6675406.384637632,-6707308.344633302,0.0,0,20,Rail,18.95875,15.2
101004,-10301093.568912955,-10284273.799026325,0.0,0,20,Rail,18.95875,15.2
101005,-7481924.892944619,-7482610.6224628985,0.0,0,20,Rail,18.95875,15.2
101006,-2703108.1020167274,-2672269.3664354514,0.0,0,20,Rail,18.95875,15.2
101007,4293639.638208275,4228845.435619999,1.0,20,20,Rail,18.95875,15.2
101008,-95245.81195465484,-127240.14497872815,0.4,8,20,Rail,18.95875,15.2
101009,-7341294.260413724,-7342212.213113755,0.0,0,20,Rail,18.95875,15.2
101010,1538175.9031872198,1499093.7381283352,1.0,20,20,Rail,18.95875,15.2
101011,1558421.2647541289,1674253.3970481614,0.95,19,20,Rail,18.95875,15.2
101012,4621247.132486546,4561541.511638622,1.0,20,20,Rail,18.95875,15.2
101013,-283208.43139035214,-311521.787936965,0.3,6,20,Rail,18.95875,15.2
101014,-1153671.7502558848,-1180896.3059296836,0.05,1,20,Rail,18.95875,15.2
101015,-1298850.414752343,-1279412.8588555665,0.0,0,20,Rail,18.95875,15.2
101016,4872919.326619623,4829658.856787246,1.0,20,20,Rail,18.95875,15.2
101017,-10385387.233819706,-10398429.619854413,0.0,0,20,Rail,18.95875,15.2
101018,-11938817.17316624,-11940344.42982119,0.0,0,20,Rail,18.95875,15.2
101019,-16214858.794816736,-16214409.62512315,0.0,0,20,Rail,18.95875,15.2
101020,-13248605.840647046,-13264488.168441145,0.0,0,20,Rail,18.95875,15.2
101021,-16000186.13232634,-16014294.534654194,0.0,0,20,Rail,18.95875,15.2
101022,-16817098.689545933,-16827151.003112994,0.0,0,20,Rail,18.95875,15.2
101023,-8326997.514817692,-8388989.235324971,0.0,0,20,Rail,18.95875,15.2
101024,-14218242.036414627,-14247723.244442781,0.0,0,20,Rail,18.95875,15.2
101025,-11180733.683104893,-11191376.513059003,0.0,0,20,Rail,18.95875,15.2
101026,-5832408.4783285735,-5871926.846991356,0.0,0,20,Rail,18.95875,15.2
101027,-1145368.1214707582,-1029668.3433901314,0.15,3,20,Rail,18.95875,15.2
101028,-10969311.89545941,-10993094.279386118,0.0,0,20,Rail,18.95875,15.2
101029,-11460583.882606357,-11487027.76114828,0.0,0,20,Rail,18.95875,15.2
101030,-13099190.389640752,-13127974.065798722,0.0,0,20,Rail,18.95875,15.2
101031,-3357458.8110815673,-3406240.3520553126,0.0,0,20,Rail,18.95875,15.2
101032,-8610268.48977738,-8605221.937325448,0.0,0,20,Rail,18.95875,15.2
100000,3323271.1613550675,3300372.1737569114,1.0,20,20,Rail,19.21,15.2
100001,12753146.533958578,12677588.636863625,1.0,20,20,Rail,19.21,15.2
100002,2564188.494451388,2532612.848148888,1.0,20,20,Rail,19.21,15.2
100003,-828152.4890358637,-837645.0669400505,0.0,0,20,Rail,19.21,15.2
100004,-777065.7565853288,-786135.3371968683,0.0,0,20,Rail,19.21,15.2
100005,2391378.67088738,2359188.1985424333,1.0,20,20,Rail,19.21,15.2
101000,-4591811.187472744,-4624453.094387629,0.0,0,20,Rail,19.21,15.2
101001,144219.06956020548,73747.29771612957,0.6,12,20,Rail,19.21,15.2
101002,-6854666.90578399,-6885741.230718872,0.0,0,20,Rail,19.21,15.2
101003,-6604034.482147859,-6636359.221464366,0.0,0,20,Rail,19.21,15.2
101004,-10283249.2098762,-10266206.536729386,0.0,0,20,Rail,19.21,15.2
101005,-7480094.259723643,-7480789.076842185,0.0,0,20,Rail,19.21,15.2
101006,-2652606.0710425475,-2621358.646475194,0.0,0,20,Rail,19.21,15.2
101007,4438344.153086331,4372691.268179848,1.0,20,20,Rail,19.21,15.2
101008,-15911.545359708416,-48329.88187411195,0.45,9,20,Rail,19.21,15.2
101009,-7338892.4662918225,-7339822.5841196105,0.0,0,20,Rail,19.21,15.2
101010,1625377.9581223256,1585777.858391005,1.0,20,20,Rail,19.21,15.2
101011,1683698.2328728228,1801065.425402307,0.95,19,20,Rail,19.21,15.2
101012,4764733.874333375,4704237.00737281,1.0,20,20,Rail,19.21,15.2
101013,-221314.77467831215,-250003.35273648752,0.35,7,20,Rail,19.21,15.2
101014,-1089824.2265291105,-1117409.5744288228,0.05,1,20,Rail,19.21,15.2
101015,-1256749.6642546072,-1237054.513003756,0.0,0,20,Rail,19.21,15.2
101016,4978687.49257421,4934853.715269274,1.0,20,20,Rail,19.21,15.2
101017,-10348624.16737961,-10361839.397061244,0.0,0,20,Rail,19.21,15.2
101018,-11935304.555274762,-11936852.05183132,0.0,0,20,Rail,19.21,15.2
101019,-16212682.654061928,-16212227.531766746,0.0,0,20,Rail,19.21,15.2
101020,-13211386.440407546,-13227479.248051755,0.0,0,20,Rail,19.21,15.2
101021,-15967624.305920407,-15981919.6792292,0.0,0,20,Rail,19.21,15.2
101022,-16790266.18336474,-16800451.714774948,0.0,0,20,Rail,19.21,15.2
101023,-8173584.534760499,-8236397.797815544,0.0,0,20,Rail,19.21,15.2
101024,-14141250.255326789,-14171122.161766872,0.0,0,20,Rail,19.21,15.2
101025,-11156381.266111653,-11167165.139701338,0.0,0,20,Rail,19.21,15.2
101026,-5743863.450839907,-5783905.534944189,0.0,0,20,Rail,19.21,15.2
101027,-1016829.8294336749,-899596.7451359835,0.2,4,20,Rail,19.21,15.2
101028,-10916076.546599729,-10940174.105522761,0.0,0,20,Rail,19.21,15.2
101029,-11388154.233575772,-11414948.558454275,0.0,0,20,Rail,19.21,15.2
101030,-13027510.968304021,-13056676.098863505,0.0,0,20,Rail,19.21,15.2
101031,-3248316.2821090342,-3297744.298307658,0.0,0,20,Rail,19.21,15.2
101032,-8601317.704339478,-8596204.272673275,0.0,0,20,Rail,19.21,15.2
100000,3382363.9008629695,3359165.4145332132,1.0,20,20,Rail,19.46125,15.2
100001,12940241.79201605,12863695.66370584,1.0,20,20,Rail,19.46125,15.2
100002,2633494.636690484,2601506.008548656,1.0,20,20,Rail,19.46125,15.2
100003,-806554.9428819672,-816171.6754034589,0.0,0,20,Rail,19.46125,15.2
100004,-753183.6778622804,-762371.8806564668,0.0,0,20,Rail,19.46125,15.2
100005,2462305.9630790506,2429694.4675078327,1.0,20,20,Rail,19.46125,15.2
101000,-4515124.780134363,-4548193.614644894,0.0,0,20,Rail,19.46125,15.2
101001,316379.11107875704,244985.6300896611,0.6,12,20,Rail,19.46125,15.2
101002,-6780114.041169884,-6811594.791099032,0.0,0,20,Rail,19.46125,15.2
101003,-6532662.579658087,-6565410.098295431,0.0,0,20,Rail,19.46125,15.2
101004,-10265404.850839447,-10248139.274432449,0.0,0,20,Rail,19.46125,15.2
101005,-7478263.626502668,-7478967.531221471,0.0,0,20,Rail,19.46125,15.2
101006,-2602104.040068368,-2570447.9265149366,0.0,0,20,Rail,19.46125,15.2
101007,4583048.667964385,4516537.100739694,1.0,20,20,Rail,19.46125,15.2
101008,63422.72123523718,30580.381230503786,0.6,12,20,Rail,19.46125,15.2
101009,-7336490.672169919,-7337432.955125466,0.0,0,20,Rail,19.46125,15.2
101010,1712580.01305743,1672461.978653674,1.0,20,20,Rail,19.46125,15.2
101011,1808975.2009915155,1927877.4537564516,0.95,19,20,Rail,19.46125,15.2
101012,4908220.616180202,4846932.503106995,1.0,20,20,Rail,19.46125,15.2
101013,-159421.11796627316,-188484.91753601143,0.35,7,20,Rail,19.46125,15.2
101014,-1025976.7028023371,-1053922.8429279635,0.05,1,20,Rail,19.46125,15.2
101015,-1214648.913756872,-1194696.167151946,0.0,0,20,Rail,19.46125,15.2
101016,5084455.658528796,5040048.573751301,1.0,20,20,Rail,19.46125,15.2
101017,-10311861.100939516,-10325249.174268078,0.0,0,20,Rail,19.46125,15.2
101018,-11931791.937383285,-11933359.673841447,0.0,0,20,Rail,19.46125,15.2
101019,-16210506.51330712,-16210045.438410342,0.0,0,20,Rail,19.46125,15.2
101020,-13174167.040168049,-13190470.327662367,0.0,0,20,Rail,19.46125,15.2
101021,-15935062.479514474,-15949544.823804207,0.0,0,20,Rail,19.46125,15.2
101022,-16763433.677183548,-16773752.426436903,0.0,0,20,Rail,19.46125,15.2
101023,-8020171.554703308,-8083806.360306119,0.0,0,20,Rail,19.46125,15.2
101024,-14064258.474238956,-14094521.07909096,0.0,0,20,Rail,19.46125,15.2
101025,-11132028.849118413,-11142953.766343674,0.0,0,20,Rail,19.46125,15.2
101026,-5655318.423351241,-5695884.222897022,0.0,0,20,Rail,19.46125,15.2
101027,-888291.5373965934,-769525.1468818383,0.25,5,20,Rail,19.46125,15.2
101028,-10862841.197740046,-10887253.931659404,0.0,0,20,Rail,19.46125,15.2
101029,-11315724.584545188,-11342869.355760273,0.0,0,20,Rail,19.46125,15.2
101030,-12955831.546967292,-12985378.131928287,0.0,0,20,Rail,19.46125,15.2
101031,-3139173.7531365035,-3189248.2445600047,0.0,0,20,Rail,19.46125,15.2
101032,-8592366.918901576,-8587186.608021103,0.0,0,20,Rail,19.46125,15.2
100000,3441456.640370872,3417958.6553095155,1.0,20,20,Rail,19.7125,15.2
100001,13127337.050073523,13049802.690548055,1.0,20,20,Rail,19.7125,15.2
100002,2702800.778929581,2670399.168948424,1.0,20,20,Rail,19.7125,15.2
100003,-784957.3967280708,-794698.2838668674,0.0,0,20,Rail,19.7125,15.2
100004,-729301.599139232,-738608.4241160654,0.0,0,20,Rail,19.7125,15.2
100005,2533233.2552707214,2500200.7364732325,1.0,20,20,Rail,19.7125,15.2
101000,-4438438.372795982,-4471934.134902161,0.0,0,20,Rail,19.7125,15.2
101001,488539.1525973088,416223.9624631936,0.6,12,20,Rail,19.7125,15.2
101002,-6705561.176555777,-6737448.351479195,0.0,0,20,Rail,19.7125,15.2
101003,-6461290.677168315,-6494460.975126496,0.0,0,20,Rail,19.7125,15.2
101004,-10247560.491802694,-10230072.012135511,0.0,0,20,Rail,19.7125,15.2
101005,-7476432.99328169,-7477145.985600757,0.0,0,20,Rail,19.7125,15.2
101006,-2551602.009094188,-2519537.20655468,0.0,0,20,Rail,19.7125,15.2
101007,4727753.182842439,4660382.9332995415,1.0,20,20,Rail,19.7125,15.2
101008,142756.98783018268,109490.64433511905,0.6,12,20,Rail,19.7125,15.2
101009,-7334088.878048016,-7335043.3261313215,0.0,0,20,Rail,19.7125,15.2
101010,1799782.0679925345,1759146.098916342,1.0,20,20,Rail,19.7125,15.2
101011,1934252.169110208,2054689.4821105963,1.0,20,20,Rail,19.7125,15.2
101012,5051707.358027029,4989627.9988411805,1.0,20,20,Rail,19.7125,15.2
101013,-97527.46125423412,-126966.48233553488,0.35,7,20,Rail,19.7125,15.2
101014,-962129.1790755639,-990436.1114271041,0.05,1,20,Rail,19.7125,15.2
101015,-1172548.1632591367,-1152337.8213001362,0.0,0,20,Rail,19.7125,15.2
101016,5190223.824483382,5145243.432233326,1.0,20,20,Rail,19.7125,15.2
101017,-10275098.034499418,-10288658.95147491,0.0,0,20,Rail,19.7125,15.2
101018,-11928279.31949181,-11929867.295851577,0.0,0,20,Rail,19.7125,15.2
101019,-16208330.372552315,-16207863.345053941,0.0,0,20,Rail,19.7125,15.2
101020,-13136947.639928551,-13153461.407272981,0.0,0,20,Rail,19.7125,15.2
101021,-15902500.653108543,-15917169.968379214,0.0,0,20,Rail,19.7125,15.2
101022,-16736601.171002358,-16747053.138098856,0.0,0,20,Rail,19.7125,15.2
101023,-7866758.574646118,-7931214.922796694,0.0,0,20,Rail,19.7125,15.2
101024,-13987266.693151122,-14017919.99641505,0.0,0,20,Rail,19.7125,15.2
101025,-11107676.432125172,-11118742.392986009,0.0,0,20,Rail,19.7125,15.2
101026,-5566773.395862575,-5607862.910849856,0.0,0,20,Rail,19.7125,15.2
101027,-759753.2453595118,-639453.5486276932,0.3,6,20,Rail,19.7125,15.2
101028,-10809605.848880365,-10834333.75779605,0.0,0,20,Rail,19.7125,15.2
101029,-11243294.935514603,-11270790.15306627,0.0,0,20,Rail,19.7125,15.2
101030,-12884152.125630561,-12914080.16499307,0.0,0,20,Rail,19.7125,15.2
101031,-3030031.224163973,-3080752.190812352,0.0,0,20,Rail,19.7125,15.2
101032,-8583416.133463675,-8578168.94336893,0.0,0,20,Rail,19.7125,15.2
100000,3500549.3798787734,3476751.896085818,1.0,20,20,Rail,19.963749999999997,15.2
100001,13314432.308130998,13235909.71739027,1.0,20,20,Rail,19.963749999999997,15.2
100002,2772106.921168677,2739292.329348192,1.0,20,20,Rail,19.963749999999997,15.2
100003,-763359.8505741744,-773224.892330276,0.0,0,20,Rail,19.963749999999997,15.2
100004,-705419.5204161834,-714844.9675756638,0.0,0,20,Rail,19.963749999999997,15.2
100005,2604160.5474623917,2570707.0054386323,1.0,20,20,Rail,19.963749999999997,15.2
101000,-4361751.9654576015,-4395674.655159425,0.0,0,20,Rail,19.963749999999997,15.2
101001,660699.1941158602,587462.294836726,0.65,13,20,Rail,19.963749999999997,15.2
101002,-6631008.311941671,-6663301.911859357,0.0,0,20,Rail,19.963749999999997,15.2
101003,-6389918.774678543,-6423511.85195756,0.0,0,20,Rail,19.963749999999997,15.2
101004,-10229716.13276594,-10212004.749838572,0.0,0,20,Rail,19.963749999999997,15.2
101005,-7474602.360060716,-7475324.439980043,0.0,0,20,Rail,19.963749999999997,15.2
101006,-2501099.9781200085,-2468626.4865944227,0.0,0,20,Rail,19.963749999999997,15.2
101007,4872457.697720492,4804228.765859389,1.0,20,20,Rail,19.963749999999997,15.2
101008,222091.25442512814,188400.90743973386,0.6,12,20,Rail,19.963749999999997,15.2
101009,-7331687.083926114,-7332653.697137176,0.0,0,20,Rail,19.963749999999997,15.2
101010,1886984.122927639,1845830.219179011,1.0,20,20,Rail,19.963749999999997,15.2
101011,2059529.1372289,2181501.51046474,1.0,20,20,Rail,19.963749999999997,15.2
101012,5195194.099873857,5132323.494575366,1.0,20,20,Rail,19.963749999999997,15.2
101013,-35633.80454219505,-65448.047135058325,0.45,9,20,Rail,19.963749999999997,15.2
101014,-898281.6553487905,-926949.3799262443,0.15,3,20,Rail,19.963749999999997,15.2
101015,-1130447.4127614016,-1109979.4754483262,0.0,0,20,Rail,19.963749999999997,15.2
101016,5295991.990437968,5250438.290715353,1.0,20,20,Rail,19.963749999999997,15.2
101017,-10238334.968059322,-10252068.728681745,0.0,0,20,Rail,19.963749999999997,15.2
101018,-11924766.701600332,-11926374.917861704,0.0,0,20,Rail,19.963749999999997,15.2
101019,-16206154.231797507,-16205681.251697537,0.0,0,20,Rail,19.963749999999997,15.2
101020,-13099728.239689054,-13116452.486883594,0.0,0,20,Rail,19.963749999999997,15.2
101021,-15869938.82670261,-15884795.112954222,0.0,0,20,Rail,19.963749999999997,15.2
101022,-16709768.664821167,-16720353.84976081,0.0,0,20,Rail,19.963749999999997,15.2
101023,-7713345.594588926,-7778623.485287269,0.0,0,20,Rail,19.963749999999997,15.2
101024,-13910274.912063286,-13941318.913739141,0.0,0,20,Rail,19.963749999999997,15.2
101025,-11083324.015131932,-11094531.019628344,0.0,0,20,Rail,19.963749999999997,15.2
101026,-5478228.36837391,-5519841.598802689,0.0,0,20,Rail,19.963749999999997,15.2
101027,-631214.9533224304,-509381.9503735481,0.35,7,20,Rail,19.963749999999997,15.2
101028,-10756370.500020683,-10781413.583932692,0.0,0,20,Rail,19.963749999999997,15.2
101029,-11170865.28648402,-11198710.950372268,0.0,0,20,Rail,19.963749999999997,15.2
101030,-12812472.70429383,-12842782.198057855,0.0,0,20,Rail,19.963749999999997,15.2
101031,-2920888.695191442,-2972256.137064699,0.0,0,20,Rail,19.963749999999997,15.2
101032,-8574465.348025773,-8569151.278716758,0.0,0,20,Rail,19.963749999999997,15.2
100000,3559642.1193866767,3535545.13686212,1.0,20,20,Rail,20.215,15.2
100001,13501527.566188473,13422016.744232489,1.0,20,20,Rail,20.215,15.2
100002,2841413.0634077745,2808185.489747961,1.0,20,20,Rail,20.215,15.2
100003,-741762.3044202777,-751751.5007936842,0.0,0,20,Rail,20.215,15.2
100004,-681537.4416931346,-691081.5110352621,0.0,0,20,Rail,20.215,15.2
100005,2675087.8396540633,2641213.2744040326,1.0,20,20,Rail,20.215,15.2
101000,-4285065.55811922,-4319415.175416689,0.0,0,20,Rail,20.215,15.2
101001,832859.2356344145,758700.6272102604,0.65,13,20,Rail,20.215,15.2
101002,-6556455.4473275645,-6589155.472239518,0.0,0,20,Rail,20.215,15.2
101003,-6318546.87218877,-6352562.728788624,0.0,0,20,Rail,20.215,15.2
101004,-10211871.773729187,-10193937.487541635,0.0,0,20,Rail,20.215,15.2
101005,-7472771.726839739,-7473502.89435933,0.0,0,20,Rail,20.215,15.2
101006,-2450597.9471458285,-2417715.7666341653,0.0,0,20,Rail,20.215,15.2
101007,5017162.212598549,4948074.598419238,1.0,20,20,Rail,20.215,15.2
101008,301425.5210200747,267311.1705443505,0.6,12,20,Rail,20.215,15.2
101009,-7329285.289804211,-7330264.068143032,0.0,0,20,Rail,20.215,15.2
101010,1974186.1778627448,1932514.3394416803,1.0,20,20,Rail,20.215,15.2
101011,2184806.1053475947,2308313.5388188874,1.0,20,20,Rail,20.215,15.2
101012,5338680.841720685,5275018.990309554,1.0,20,20,Rail,20.215,15.2
101013,26259.852169844857,-3929.611934581306,0.5,10,20,Rail,20.215,15.2
101014,-834434.1316220164,-863462.648425384,0.15,3,20,Rail,20.215,15.2
101015,-1088346.6622636658,-1067621.1295965158,0.0,0,20,Rail,20.215,15.2
101016,5401760.156392555,5355633.149197381,1.0,20,20,Rail,20.215,15.2
101017,-10201571.901619226,-10215478.505888578,0.0,0,20,Rail,20.215,15.2
101018,-11921254.083708856,-11922882.539871834,0.0,0,20,Rail,20.215,15.2
101019,-16203978.091042701,-16203499.158341134,0.0,0,20,Rail,20.215,15.2
101020,-13062508.839449557,-13079443.566494204,0.0,0,20,Rail,20.215,15.2
101021,-15837377.000296678,-15852420.257529227,0.0,0,20,Rail,20.215,15.2
101022,-16682936.158639973,-16693654.561422765,0.0,0,20,Rail,20.215,15.2
101023,-7559932.614531733,-7626032.047777841,0.0,0,20,Rail,20.215,15.2
101024,-13833283.130975451,-13864717.83106323,0.0,0,20,Rail,20.215,15.2
101025,-11058971.598138692,-11070319.64627068,0.0,0,20,Rail,20.215,15.2
101026,-5389683.340885242,-5431820.286755521,0.0,0,20,Rail,20.215,15.2
101027,-502676.66128534713,-379310.3521194011,0.35,7,20,Rail,20.215,15.2
101028,-10703135.151161002,-10728493.410069335,0.0,0,20,Rail,20.215,15.2
101029,-11098435.637453433,-11126631.747678261,0.0,0,20,Rail,20.215,15.2
101030,-12740793.2829571,-12771484.231122635,0.0,0,20,Rail,20.215,15.2
101031,-2811746.1662189094,-2863760.083317044,0.0,0,20,Rail,20.215,15.2
101032,-8565514.56258787,-8560133.614064585,0.0,0,20,Rail,20.215,15.2
100000,3618734.858894578,3594338.3776384224,1.0,20,20,Rail,20.46625,15.2
100001,13688622.824245948,13608123.771074705,1.0,20,20,Rail,20.46625,15.2
100002,2910719.2056468716,2877078.650147729,1.0,20,20,Rail,20.46625,15.2
100003,-720164.7582663813,-730278.1092570926,0.0,0,20,Rail,20.46625,15.2
100004,-657655.3629700862,-667318.0544948607,0.0,0,20,Rail,20.46625,15.2
100005,2746015.131845734,2711719.5433694324,1.0,20,20,Rail,20.46625,15.2
101000,-4208379.150780839,-4243155.695673956,0.0,0,20,Rail,20.46625,15.2
101001,1005019.2771529661,929938.9595837928,0.65,13,20,Rail,20.46625,15.2
101002,-6481902.582713459,-6515009.03261968,0.0,0,20,Rail,20.46625,15.2
101003,-6247174.969698998,-6281613.605619688,0.0,0,20,Rail,20.46625,15.2
101004,-10194027.414692434,-10175870.225244697,0.0,0,20,Rail,20.46625,15.2
101005,-7470941.093618764,-7471681.348738616,0.0,0,20,Rail,20.46625,15.2
101006,-2400095.916171649,-2366805.0466739084,0.0,0,20,Rail,20.46625,15.2
101007,5161866.727476602,5091920.430979085,1.0,20,20,Rail,20.46625,15.2
101008,380759.7876150203,346221.4336489658,0.65,13,20,Rail,20.46625,15.2
101009,-7326883.495682308,-7327874.439148887,0.0,0,20,Rail,20.46625,15.2
101010,2061388.2327978492,2019198.4597043493,1.0,20,20,Rail,20.46625,15.2
101011,2310083.073466287,2435125.567173031,1.0,20,20,Rail,20.46625,15.2
101012,5482167.583567512,5417714.48604374,1.0,20,20,Rail,20.46625,15.2
101013,88153.50888188393,57588.82326589571,0.6,12,20,Rail,20.46625,15.2
101014,-770586.6078952432,-799975.9169245246,0.15,3,20,Rail,20.46625,15.2
101015,-1046245.9117659308,-1025262.7837447058,0.0,0,20,Rail,20.46625,15.2
101016,5507528.32234714,5460828.007679407,1.0,20,20,Rail,20.46625,15.2
101017,-10164808.83517913,-10178888.283095408,0.0,0,20,Rail,20.46625,15.2
101018,-11917741.46581738,-11919390.16188196,0.0,0,20,Rail,20.46625,15.2
101019,-16201801.950287893,-16201317.064984731,0.0,0,20,Rail,20.46625,15.2
101020,-13025289.439210057,-13042434.646104816,0.0,0,20,Rail,20.46625,15.2
101021,-15804815.173890745,-15820045.402104232,0.0,0,20,Rail,20.46625,15.2
101022,-16656103.652458783,-16666955.273084719,0.0,0,20,Rail,20.46625,15.2
101023,-7406519.634474543,-7473440.610268416,0.0,0,20,Rail,20.46625,15.2
101024,-13756291.349887615,-13788116.748387318,0.0,0,20,Rail,20.46625,15.2
101025,-11034619.18114545,-11046108.272913013,0.0,0,20,Rail,20.46625,15.2
101026,-5301138.313396577,-5343798.974708355,0.0,0,20,Rail,20.46625,15.2
101027,-374138.3692482656,-249238.75386525504,0.35,7,20,Rail,20.46625,15.2
101028,-10649899.80230132,-10675573.236205978,0.0,0,20,Rail,20.46625,15.2
101029,-11026005.98842285,-11054552.54498426,0.0,0,20,Rail,20.46625,15.2
101030,-12669113.861620368,-12700186.264187418,0.0,0,20,Rail,20.46625,15.2
101031,-2702603.6372463787,-2755264.029569391,0.0,0,20,Rail,20.46625,15.2
101032,-8556563.77714997,-8551115.949412415,0.0,0,20,Rail,20.46625,15.2
100000,3677827.5984024815,3653131.6184147256,1.0,20,20,Rail,20.7175,15.2
100001,13875718.082303423,13794230.797916923,1.0,20,20,Rail,20.7175,15.2
100002,2980025.347885969,2945971.8105474976,1.0,20,20,Rail,20.7175,15.2
100003,-698567.2121124847,-708804.7177205008,0.0,0,20,Rail,20.7175,15.2
100004,-633773.2842470374,-643554.5979544589,0.0,0,20,Rail,20.7175,15.2
100005,2816942.4240374058,2782225.8123348327,1.0,20,20,Rail,20.7175,15.2
101000,-4131692.7434424562,-4166896.21593122,0.0,0,20,Rail,20.7175,15.2
101001,1177179.31867152,1101177.2919573272,0.65,13,20,Rail,20.7175,15.2
101002,-6407349.718099351,-6440862.592999841,0.0,0,20,Rail,20.7175,15.2
101003,-6175803.067209225,-6210664.482450752,0.0,0,20,Rail,20.7175,15.2
101004,-10176183.055655679,-10157802.96294776,0.0,0,20,Rail,20.7175,15.2
101005,-7469110.460397789,-7469859.803117903,0.0,0,20,Rail,20.7175,15.2
101006,-2349593.885197469,-2315894.326713651,0.0,0,20,Rail,20.7175,15.2
101007,5306571.242354659,5235766.263538935,1.0,20,20,Rail,20.7175,15.2
101008,460094.05420996685,425131.696753582,0.65,13,20,Rail,20.7175,15.2
101009,-7324481.701560406,-7325484.810154743,0.0,0,20,Rail,20.7175,15.2
101010,2148590.2877329546,2105882.579967018,1.0,20,20,Rail,20.7175,15.2
101011,2435360.0415849807,2561937.5955271767,1.0,20,20,Rail,20.7175,15.2
101012,5625654.325414342,5560409.981777928,1.0,20,20,Rail,20.7175,15.2
101013,150047.16559392388,119107.2584663732,0.6,12,20,Rail,20.7175,15.2
101014,-706739.0841684688,-736489.1854236638,0.15,3,20,Rail,20.7175,15.2
101015,-1004145.1612681951,-982904.4378928954,0.0,0,20,Rail,20.7175,15.2
101016,5613296.488301728,5566022.866161434,1.0,20,20,Rail,20.7175,15.2
101017,-10128045.768739033,-10142298.060302243,0.0,0,20,Rail,20.7175,15.2
101018,-11914228.847925903,-11915897.783892091,0.0,0,20,Rail,20.7175,15.2
101019,-16199625.809533086,-16199134.971628327,0.0,0,20,Rail,20.7175,15.2
101020,-12988070.03897056,-13005425.725715429,0.0,0,20,Rail,20.7175,15.2
101021,-15772253.347484816,-15787670.54667924,0.0,0,20,Rail,20.7175,15.2
101022,-16629271.146277592,-16640255.984746672,0.0,0,20,Rail,20.7175,15.2
101023,-7253106.654417349,-7320849.172758989,0.0,0,20,Rail,20.7175,15.2
101024,-13679299.568799783,-13711515.665711408,0.0,0,20,Rail,20.7175,15.2
101025,-11010266.76415221,-11021896.89955535,0.0,0,20,Rail,20.7175,15.2
101026,-5212593.28590791,-5255777.662661187,0.0,0,20,Rail,20.7175,15.2
101027,-245600.0772111822,-119167.15561110806,0.4,8,20,Rail,20.7175,15.2
101028,-10596664.453441637,-10622653.062342621,0.0,0,20,Rail,20.7175,15.2
101029,-10953576.339392263,-10982473.342290256,0.0,0,20,Rail,20.7175,15.2
101030,-12597434.440283637,-12628888.2972522,0.0,0,20,Rail,20.7175,15.2
101031,-2593461.108273846,-2646767.9758217363,0.0,0,20,Rail,20.7175,15.2
101032,-8547612.991712067,-8542098.284760242,0.0,0,20,Rail,20.7175,15.2
100000,3736920.337910384,3711924.8591910275,1.0,20,20,Rail,20.96875,15.2
100001,14062813.340360895,13980337.824759137,1.0,20,20,Rail,20.96875,15.2
100002,3049331.4901250657,3014864.970947266,1.0,20,20,Rail,20.96875,15.2
100003,-676969.6659585882,-687331.3261839093,0.0,0,20,Rail,20.96875,15.2
100004,-609891.2055239889,-619791.1414140575,0.0,0,20,Rail,20.96875,15.2
100005,2887869.7162290765,2852732.081300232,1.0,20,20,Rail,20.96875,15.2
101000,-4055006.3361040754,-4090636.7361884853,0.0,0,20,Rail,20.96875,15.2
101001,1349339.3601900716,1272415.6243308587,0.65,13,20,Rail,20.96875,15.2
101002,-6332796.853485245,-6366716.153380003,0.0,0,20,Rail,20.96875,15.2
101003,-6104431.164719453,-6139715.359281816,0.0,0,20,Rail,20.96875,15.2
101004,-10158338.696618926,-10139735.700650822,0.0,0,20,Rail,20.96875,15.2
101005,-7467279.827176812,-7468038.257497188,0.0,0,20,Rail,20.96875,15.2
101006,-2299091.8542232895,-2264983.6067533935,0.0,0,20,Rail,20.96875,15.2
101007,5451275.7572327135,5379612.096098782,1.0,20,20,Rail,20.96875,15.2
101008,539428.3208049124,504041.9598581977,0.65,13,20,Rail,20.96875,15.2
101009,-7322079.907438504,-7323095.181160598,0.0,0,20,Rail,20.96875,15.2
101010,2235792.3426680593,2192566.700229687,1.0,20,20,Rail,20.96875,15.2
101011,2560637.0097036734,2688749.6238813223,1.0,20,20,Rail,20.96875,15.2
101012,5769141.067261169,5703105.477512114,1.0,20,20,Rail,20.96875,15.2
101013,211940.82230596273,180625.69366684975,0.6,12,20,Rail,20.96875,15.2
101014,-642891.5604416956,-673002.4539228044,0.15,3,20,Rail,20.96875,15.2
101015,-962044.4107704598,-940546.0920410855,0.0,0,20,Rail,20.96875,15.2
101016,5719064.654256313,5671217.7246434605,1.0,20,20,Rail,20.96875,15.2
101017,-10091282.702298936,-10105707.837509075,0.0,0,20,Rail,20.96875,15.2
101018,-11910716.230034426,-11912405.405902218,0.0,0,20,Rail,20.96875,15.2
101019,-16197449.66877828,-16196952.878271924,0.0,0,20,Rail,20.96875,15.2
101020,-12950850.638731062,-12968416.80532604,0.0,0,20,Rail,20.96875,15.2
101021,-15739691.52107888,-15755295.691254247,0.0,0,20,Rail,20.96875,15.2
101022,-16602438.6400964,-16613556.696408626,0.0,0,20,Rail,20.96875,15.2
101023,-7099693.674360159,-7168257.735249563,0.0,0,20,Rail,20.96875,15.2
101024,-13602307.787711944,-13634914.583035497,0.0,0,20,Rail,20.96875,15.2
101025,-10985914.34715897,-10997685.526197685,0.0,0,20,Rail,20.96875,15.2
101026,-5124048.258419244,-5167756.350614021,0.0,0,20,Rail,20.96875,15.2
101027,-117061.78517410057,10904.442643037066,0.5,10,20,Rail,20.96875,15.2
101028,-10543429.104581956,-10569732.888479264,0.0,0,20,Rail,20.96875,15.2
101029,-10881146.69036168,-10910394.139596254,0.0,0,20,Rail,20.96875,15.2
101030,-12525755.018946907,-12557590.330316983,0.0,0,20,Rail,20.96875,15.2
101031,-2484318.579301315,-2538271.922074084,0.05,1,20,Rail,20.96875,15.2
101032,-8538662.206274165,-8533080.62010807,0.0,0,20,Rail,20.96875,15.2
100000,3796013.0774182854,3770718.0999673293,1.0,20,20,Rail,21.22,15.2
100001,14249908.598418366,14166444.851601351,1.0,20,20,Rail,21.22,15.2
100002,3118637.6323641622,3083758.1313470337,1.0,20,20,Rail,21.22,15.2
100003,-655372.1198046919,-665857.9346473179,0.0,0,20,Rail,21.22,15.2
100004,-586009.1268009405,-596027.684873656,0.0,0,20,Rail,21.22,15.2
100005,2958797.0084207477,2923238.3502656324,1.0,20,20,Rail,21.22,15.2
101000,-3978319.9287656946,-4014377.256445751,0.0,0,20,Rail,21.22,15.2
101001,1521499.4017086234,1443653.9567043912,0.7,14,20,Rail,21.22,15.2
101002,-6258243.9888711395,-6292569.7137601655,0.0,0,20,Rail,21.22,15.2
101003,-6033059.262229681,-6068766.2361128805,0.0,0,20,Rail,21.22,15.2
101004,-10140494.337582173,-10121668.438353885,0.0,0,20,Rail,21.22,15.2
101005,-7465449.193955837,-7466216.711876474,0.0,0,20,Rail,21.22,15.2
101006,-2248589.8232491096,-2214072.886793137,0.0,0,20,Rail,21.22,15.2
101007,5595980.272110767,5523457.928658629,1.0,20,20,Rail,21.22,15.2
101008,618762.587399858,582952.2229628125,0.65,13,20,Rail,21.22,15.2
101009,-7319678.113316601,-7320705.552166454,0.0,0,20,Rail,21.22,15.2
101010,2322994.397603164,2279250.8204923556,1.0,20,20,Rail,21.22,15.2
101011,2685913.977822366,2815561.652235466,1.0,20,20,Rail,21.22,15.2
101012,5912627.809107996,5845800.9732463,1.0,20,20,Rail,21.22,15.2
101013,273834.47901800193,242144.12886732584,0.65,13,20,Rail,21.22,15.2
101014,-579044.0367149222,-609515.7224219446,0.2,4,20,Rail,21.22,15.2
101015,-919943.6602727247,-898187.7461892755,0.05,1,20,Rail,21.22,15.2
101016,5824832.820210898,5776412.583125487,1.0,20,20,Rail,21.22,15.2
101017,-10054519.63585884,-10069117.614715908,0.0,0,20,Rail,21.22,15.2
101018,-11907203.61214295,-11908913.027912349,0.0,0,20,Rail,21.22,15.2
101019,-16195273.528023476,-16194770.784915522,0.0,0,20,Rail,21.22,15.2
101020,-12913631.238491565,-12931407.884936653,0.0,0,20,Rail,21.22,15.2
101021,-15707129.694672948,-15722920.835829254,0.0,0,20,Rail,21.22,15.2
101022,-16575606.13391521,-16586857.40807058,0.0,0,20,Rail,21.22,15.2
101023,-6946280.694302967,-7015666.297740138,0.0,0,20,Rail,21.22,15.2
101024,-13525316.006624112,-13558313.500359587,0.0,0,20,Rail,21.22,15.2
101025,-10961561.930165729,-10973474.152840018,0.0,0,20,Rail,21.22,15.2
101026,-5035503.230930579,-5079735.038566854,0.0,0,20,Rail,21.22,15.2
101027,11476.50686298106,140976.0408971822,0.55,11,20,Rail,21.22,15.2
101028,-10490193.755722273,-10516812.714615908,0.0,0,20,Rail,21.22,15.2
101029,-10808717.041331096,-10838314.93690225,0.0,0,20,Rail,21.22,15.2
101030,-12454075.597610176,-12486292.363381766,0.0,0,20,Rail,21.22,15.2
101031,-2375176.050328784,-2429775.86832643,0.05,1,20,Rail,21.22,15.2
101032,-8529711.420836262,-8524062.955455897,0.0,0,20,Rail,21.22,15.2
100000,3855105.816926188,3829511.3407436316,1.0,20,20,Rail,21.471249999999998,15.2
100001,14437003.856475841,14352551.878443567,1.0,20,20,Rail,21.471249999999998,15.2
100002,3187943.774603259,3152651.2917468017,1.0,20,20,Rail,21.471249999999998,15.2
100003,-633774.5736507954,-644384.5431107263,0.0,0,20,Rail,21.471249999999998,15.2
100004,-562127.0480778919,-572264.2283332545,0.05,1,20,Rail,21.471249999999998,15.2
100005,3029724.300612418,2993744.6192310317,1.0,20,20,Rail,21.471249999999998,15.2
101000,-3901633.5214273147,-3938117.7767030164,0.0,0,20,Rail,21.471249999999998,15.2
101001,1693659.4432271752,1614892.2890779236,0.7,14,20,Rail,21.471249999999998,15.2
101002,-6183691.124257034,-6218423.274140326,0.0,0,20,Rail,21.471249999999998,15.2
101003,-5961687.359739909,-5997817.112943945,0.0,0,20,Rail,21.471249999999998,15.2
101004,-10122649.978545418,-10103601.176056948,0.0,0,20,Rail,21.471249999999998,15.2
101005,-7463618.560734861,-7464395.166255761,0.0,0,20,Rail,21.471249999999998,15.2
101006,-2198087.7922749305,-2163162.1668328797,0.0,0,20,Rail,21.471249999999998,15.2
101007,5740684.786988822,5667303.761218476,1.0,20,20,Rail,21.471249999999998,15.2
101008,698096.8539948033,661862.4860674278,0.65,13,20,Rail,21.471249999999998,15.2
101009,-7317276.319194699,-7318315.923172308,0.0,0,20,Rail,21.471249999999998,15.2
101010,2410196.4525382677,2365934.940755024,1.0,20,20,Rail,21.471249999999998,15.2
101011,2811190.9459410585,2942373.6805896107,1.0,20,20,Rail,21.471249999999998,15.2
101012,6056114.550954822,5988496.468980484,1.0,20,20,Rail,21.471249999999998,15.2
101013,335728.1357300411,303662.5640678024,0.65,13,20,Rail,21.471249999999998,15.2
101014,-515196.51298814884,-546028.9909210852,0.25,5,20,Rail,21.471249999999998,15.2
101015,-877842.9097749896,-855829.4003374658,0.05,1,20,Rail,21.471249999999998,15.2
101016,5930600.986165484,5881607.441607513,1.0,20,20,Rail,21.471249999999998,15.2
101017,-10017756.569418743,-10032527.391922742,0.0,0,20,Rail,21.471249999999998,15.2
101018,-11903690.994251473,-11905420.649922477,0.0,0,20,Rail,21.471249999999998,15.2
101019,-16193097.387268668,-16192588.691559117,0.0,0,20,Rail,21.471249999999998,15.2
101020,-12876411.838252068,-12894398.964547265,0.0,0,20,Rail,21.471249999999998,15.2
101021,-15674567.868267018,-15690545.98040426,0.0,0,20,Rail,21.471249999999998,15.2
101022,-16548773.627734017,-16560158.119732533,0.0,0,20,Rail,21.471249999999998,15.2
101023,-6792867.714245777,-6863074.860230713,0.0,0,20,Rail,21.471249999999998,15.2
101024,-13448324.225536278,-13481712.417683676,0.0,0,20,Rail,21.471249999999998,15.2
101025,-10937209.513172489,-10949262.779482353,0.0,0,20,Rail,21.471249999999998,15.2
101026,-4946958.203441912,-4991713.726519687,0.0,0,20,Rail,21.471249999999998,15.2
101027,140014.7989000624,271047.63915132824,0.55,11,20,Rail,21.471249999999998,15.2
101028,-10436958.406862592,-10463892.540752552,0.0,0,20,Rail,21.471249999999998,15.2
101029,-10736287.392300513,-10766235.734208245,0.0,0,20,Rail,21.471249999999998,15.2
101030,-12382396.176273445,-12414994.396446548,0.0,0,20,Rail,21.471249999999998,15.2
101031,-2266033.521356253,-2321279.814578777,0.05,1,20,Rail,21.471249999999998,15.2
101032,-8520760.635398362,-8515045.290803727,0.0,0,20,Rail,21.471249999999998,15.2
100000,3914198.55643409,3888304.5815199334,1.0,20,20,Rail,21.722499999999997,15.2
100001,14624099.114533314,14538658.905285783,1.0,20,20,Rail,21.722499999999997,15.2
100002,3257249.9168423554,3221544.4521465697,1.0,20,20,Rail,21.722499999999997,15.2
100003,-612177.0274968991,-622911.1515741348,0.0,0,20,Rail,21.722499999999997,15.2
100004,-538244.9693548435,-548500.771792853,0.05,1,20,Rail,21.722499999999997,15.2
100005,3100651.5928040887,3064250.888196431,1.0,20,20,Rail,21.722499999999997,15.2
101000,-3824947.114088934,-3861858.296960282,0.0,0,20,Rail,21.722499999999997,15.2
101001,1865819.4847457267,1786130.6214514552,0.8,16,20,Rail,21.722499999999997,15.2
101002,-6109138.259642927,-6144276.834520489,0.0,0,20,Rail,21.722499999999997,15.2
101003,-5890315.457250137,-5926867.989775009,0.0,0,20,Rail,21.722499999999997,15.2
101004,-10104805.619508665,-10085533.91376001,0.0,0,20,Rail,21.722499999999997,15.2
101005,-7461787.927513885,-7462573.620635048,0.0,0,20,Rail,21.722499999999997,15.2
101006,-2147585.761300751,-2112251.446872623,0.0,0,20,Rail,21.722499999999997,15.2
101007,5885389.301866876,5811149.593778323,1.0,20,20,Rail,21.722499999999997,15.2
101008,777431.120589749,740772.7491720435,0.7,14,20,Rail,21.722499999999997,15.2
101009,-7314874.525072795,-7315926.294178164,0.0,0,20,Rail,21.722499999999997,15.2
101010,2497398.5074733724,2452619.0610176926,1.0,20,20,Rail,21.722499999999997,15.2
101011,2936467.914059751,3069185.7089437554,1.0,20,20,Rail,21.722499999999997,15.2
101012,6199601.29280165,6131191.96471467,1.0,20,20,Rail,21.722499999999997,15.2
101013,397621.7924420801,365180.99926827895,0.65,13,20,Rail,21.722499999999997,15.2
101014,-451348.9892613754,-482542.2594202254,0.3,6,20,Rail,21.722499999999997,15.2
101015,-835742.1592772545,-813471.0544856559,0.05,1,20,Rail,21.722499999999997,15.2
101016,6036369.1521200705,5986802.30008954,1.0,20,20,Rail,21.722499999999997,15.2
101017,-9980993.502978647,-9995937.169129573,0.0,0,20,Rail,21.722499999999997,15.2
101018,-11900178.376359997,-11901928.271932606,0.0,0,20,Rail,21.722499999999997,15.2
101019,-16190921.246513862,-16190406.598202715,0.0,0,20,Rail,21.722499999999997,15.2
101020,-12839192.43801257,-12857390.044157878,0.0,0,20,Rail,21.722499999999997,15.2
101021,-15642006.041861083,-15658171.124979265,0.0,0,20,Rail,21.722499999999997,15.2
101022,-16521941.121552825,-16533458.831394486,0.0,0,20,Rail,21.722499999999997,15.2
101023,-6639454.734188586,-6710483.422721288,0.0,0,20,Rail,21.722499999999997,15.2
101024,-13371332.444448441,-13405111.335007766,0.0,0,20,Rail,21.722499999999997,15.2
101025,-10912857.096179249,-10925051.40612469,0.0,0,20,Rail,21.722499999999997,15.2
101026,-4858413.175953247,-4903692.414472521,0.0,0,20,Rail,21.722499999999997,15.2
101027,268553.0909371441,401119.23740547337,0.6,12,20,Rail,21.722499999999997,15.2
101028,-10383723.05800291,-10410972.366889197,0.0,0,20,Rail,21.722499999999997,15.2
101029,-10663857.743269928,-10694156.531514242,0.0,0,20,Rail,21.722499999999997,15.2
101030,-12310716.754936714,-12343696.429511331,0.0,0,20,Rail,21.722499999999997,15.2
101031,-2156890.9923837218,-2212783.760831124,0.05,1,20,Rail,21.722499999999997,15.2
101032,-8511809.84996046,-8506027.626151554,0.0,0,20,Rail,21.722499999999997,15.2
100000,3973291.2959419927,3947097.8222962366,1.0,20,20,Rail,21.97375,15.2
100001,14811194.372590791,14724765.932128001,1.0,20,20,Rail,21.97375,15.2
100002,3326556.059081453,3290437.6125463382,1.0,20,20,Rail,21.97375,15.2
100003,-590579.4813430023,-601437.760037543,0.0,0,20,Rail,21.97375,15.2
100004,-514362.89063179464,-524737.3152524512,0.05,1,20,Rail,21.97375,15.2
100005,3171578.8849957604,3134757.157161832,1.0,20,20,Rail,21.97375,15.2
101000,-3748260.7067505517,-3785598.8172175465,0.0,0,20,Rail,21.97375,15.2
101001,2037979.5262642808,1957368.9538249895,0.9,18,20,Rail,21.97375,15.2
101002,-6034585.39502882,-6070130.39490065,0.0,0,20,Rail,21.97375,15.2
101003,-5818943.554760364,-5855918.866606073,0.0,0,20,Rail,21.97375,15.2
101004,-10086961.260471912,-10067466.651463073,0.0,0,20,Rail,21.97375,15.2
101005,-7459957.294292909,-7460752.075014333,0.0,0,20,Rail,21.97375,15.2
101006,-2097083.7303265706,-2061340.7269123653,0.0,0,20,Rail,21.97375,15.2
101007,6030093.816744931,5954995.4263381725,1.0,20,20,Rail,21.97375,15.2
101008,856765.3871846956,819683.0122766593,0.8,16,20,Rail,21.97375,15.2
101009,-7312472.730950894,-7313536.665184019,0.0,0,20,Rail,21.97375,15.2
101010,2584600.562408478,2539303.1812803624,1.0,20,20,Rail,21.97375,15.2
101011,3061744.882178445,3195997.737297901,1.0,20,20,Rail,21.97375,15.2
101012,6343088.034648479,6273887.460448857,1.0,20,20,Rail,21.97375,15.2
101013,459515.44915411994,426699.43446875643,0.65,13,20,Rail,21.97375,15.2
101014,-387501.4655346012,-419055.5279193646,0.3,6,20,Rail,21.97375,15.2
101015,-793641.4087795188,-771112.7086338452,0.05,1,20,Rail,21.97375,15.2
101016,6142137.318074657,6091997.158571567,1.0,20,20,Rail,21.97375,15.2
101017,-9944230.436538551,-9959346.946336407,0.0,0,20,Rail,21.97375,15.2
101018,-11896665.75846852,-11898435.893942734,0.0,0,20,Rail,21.97375,15.2
101019,-16188745.105759054,-16188224.504846312,0.0,0,20,Rail,21.97375,15.2
101020,-12801973.03777307,-12820381.123768488,0.0,0,20,Rail,21.97375,15.2
101021,-15609444.215455154,-15625796.269554272,0.0,0,20,Rail,21.97375,15.2
101022,-16495108.615371635,-16506759.54305644,0.0,0,20,Rail,21.97375,15.2
101023,-6486041.7541313935,-6557891.98521186,0.0,0,20,Rail,21.97375,15.2
101024,-13294340.663360607,-13328510.252331857,0.0,0,20,Rail,21.97375,15.2
101025,-10888504.679186007,-10900840.032767024,0.0,0,20,Rail,21.97375,15.2
101026,-4769868.14846458,-4815671.102425354,0.0,0,20,Rail,21.97375,15.2
101027,397091.38297422725,531190.8356596194,0.6,12,20,Rail,21.97375,15.2
101028,-10330487.709143227,-10358052.193025839,0.0,0,20,Rail,21.97375,15.2
101029,-10591428.094239343,-10622077.328820238,0.0,0,20,Rail,21.97375,15.2
101030,-12239037.333599983,-12272398.462576114,0.0,0,20,Rail,21.97375,15.2
101031,-2047748.4634111896,-2104287.7070834693,0.05,1,20,Rail,21.97375,15.2
101032,-8502859.064522557,-8497009.961499382,0.0,0,20,Rail,21.97375,15.2
100000,4032384.0354498946,4005891.063072538,1.0,20,20,Rail,22.224999999999998,15.2
100001,14998289.630648265,14910872.958970215,1.0,20,20,Rail,22.224999999999998,15.2
100002,3395862.201320549,3359330.7729461067,1.0,20,20,Rail,22.224999999999998,15.2
100003,-568981.9351891059,-579964.3685009514,0.0,0,20,Rail,22.224999999999998,15.2
100004,-490480.81190874625,-500973.8587120498,0.05,1,20,Rail,22.224999999999998,15.2
100005,3242506.1771874307,3205263.426127231,1.0,20,20,Rail,22.224999999999998,15.2
101000,-3671574.299412171,-3709339.337474812,0.0,0,20,Rail,22.224999999999998,15.2
101001,2210139.567782833,2128607.286198522,0.9,18,20,Rail,22.224999999999998,15.2
101002,-5960032.5304147145,-5995983.955280812,0.0,0,20,Rail,22.224999999999998,15.2
101003,-5747571.652270591,-5784969.743437137,0.0,0,20,Rail,22.224999999999998,15.2
101004,-10069116.901435157,-10049399.389166133,0.0,0,20,Rail,22.224999999999998,15.2
101005,-7458126.661071934,-7458930.52939362,0.0,0,20,Rail,22.224999999999998,15.2
101006,-2046581.699352391,-2010430.0069521083,0.0,0,20,Rail,22.224999999999998,15.2
101007,6174798.331622986,6098841.25889802,1.0,20,20,Rail,22.224999999999998,15.2
101008,936099.6537796411,898593.275381275,0.9,18,20,Rail,22.224999999999998,15.2
101009,-7310070.9368289905,-7311147.036189875,0.0,0,20,Rail,22.224999999999998,15.2
101010,2671802.6173435827,2625987.3015430314,1.0,20,20,Rail,22.224999999999998,15.2
101011,3187021.850297137,3322809.7656520456,1.0,20,20,Rail,22.224999999999998,15.2
101012,6486574.776495306,6416582.956183043,1.0,20,20,Rail,22.224999999999998,15.2
101013,521409.105866159,488217.869669233,0.65,13,20,Rail,22.224999999999998,15.2
101014,-323653.9418078279,-355568.79641850526,0.3,6,20,Rail,22.224999999999998,15.2
101015,-751540.6582817836,-728754.3627820355,0.05,1,20,Rail,22.224999999999998,15.2
101016,6247905.484029243,6197192.017053594,1.0,20,20,Rail,22.224999999999998,15.2
101017,-9907467.370098453,-9922756.72354324,0.0,0,20,Rail,22.224999999999998,15.2
101018,-11893153.140577044,-11894943.515952863,0.0,0,20,Rail,22.224999999999998,15.2
101019,-16186568.965004247,-16186042.411489908,0.0,0,20,Rail,22.224999999999998,15.2
101020,-12764753.637533573,-12783372.2033791,0.0,0,20,Rail,22.224999999999998,15.2
101021,-15576882.38904922,-15593421.41412928,0.0,0,20,Rail,22.224999999999998,15.2
101022,-16468276.109190444,-16480060.254718393,0.0,0,20,Rail,22.224999999999998,15.2
101023,-6332628.774074202,-6405300.547702435,0.0,0,20,Rail,22.224999999999998,15.2
101024,-13217348.88227277,-13251909.169655945,0.0,0,20,Rail,22.224999999999998,15.2
101025,-10864152.262192767,-10876628.65940936,0.0,0,20,Rail,22.224999999999998,15.2
101026,-4681323.1209759135,-4727649.790378187,0.0,0,20,Rail,22.224999999999998,15.2
101027,525629.6750113089,661262.4339137645,0.65,13,20,Rail,22.224999999999998,15.2
101028,-10277252.360283546,-10305132.019162484,0.0,0,20,Rail,22.224999999999998,15.2
101029,-10518998.445208758,-10549998.126126235,0.0,0,20,Rail,22.224999999999998,15.2
101030,-12167357.912263254,-12201100.495640896,0.0,0,20,Rail,22.224999999999998,15.2
101031,-1938605.9344386584,-1995791.6533358172,0.05,1,20,Rail,22.224999999999998,15.2
101032,-8493908.279084656,-8487992.29684721,0.0,0,20,Rail,22.224999999999998,15.2
100000,4091476.7749577975,4064684.303848841,1.0,20,20,Rail,22.47625,15.2
100001,15185384.88870574,15096979.985812433,1.0,20,20,Rail,22.47625,15.2
100002,3465168.3435596474,3428223.9333458752,1.0,20,20,Rail,22.47625,15.2
100003,-547384.3890352093,-558490.9769643596,0.0,0,20,Rail,22.47625,15.2
100004,-466598.73318569746,-477210.4021716481,0.05,1,20,Rail,22.47625,15.2
100005,3313433.469379103,3275769.695092632,1.0,20,20,Rail,22.47625,15.2
101000,-3594887.892073789,-3633079.8577320767,0.0,0,20,Rail,22.47625,15.2
101001,2382299.609301387,2299845.618572057,0.95,19,20,Rail,22.47625,15.2
101002,-5885479.665800607,-5921837.515660973,0.0,0,20,Rail,22.47625,15.2
101003,-5676199.749780818,-5714020.620268201,0.0,0,20,Rail,22.47625,15.2
101004,-10051272.542398404,-10031332.126869196,0.0,0,20,Rail,22.47625,15.2
101005,-7456296.027850958,-7457108.983772906,0.0,0,20,Rail,22.47625,15.2
101006,-1996079.6683782109,-1959519.2869918505,0.0,0,20,Rail,22.47625,15.2
101007,6319502.846501041,6242687.091457868,1.0,20,20,Rail,22.47625,15.2
101008,1015433.9203745879,977503.5384858917,0.9,18,20,Rail,22.47625,15.2
101009,-7307669.142707089,-7308757.407195731,0.0,0,20,Rail,22.47625,15.2
101010,2759004.6722786883,2712671.4218057008,1.0,20,20,Rail,22.47625,15.2
101011,3312298.8184158313,3449621.794006192,1.0,20,20,Rail,22.47625,15.2
101012,6630061.5183421355,6559278.451917231,1.0,20,20,Rail,22.47625,15.2
101013,583302.7625781989,549736.3048697105,0.7,14,20,Rail,22.47625,15.2
101014,-259806.4180810537,-292082.0649176445,0.35,7,20,Rail,22.47625,15.2
101015,-709439.9077840479,-686396.0169302248,0.05,1,20,Rail,22.47625,15.2
101016,6353673.64998383,6302386.875535621,1.0,20,20,Rail,22.47625,15.2
101017,-9870704.303658357,-9886166.500750072,0.0,0,20,Rail,22.47625,15.2
101018,-11889640.522685569,-11891451.137962991,0.0,0,20,Rail,22.47625,15.2
101019,-16184392.82424944,-16183860.318133505,0.0,0,20,Rail,22.47625,15.2
101020,-12727534.237294074,-12746363.28298971,0.0,0,20,Rail,22.47625,15.2
101021,-15544320.56264329,-15561046.558704287,0.0,0,20,Rail,22.47625,15.2
101022,-16441443.60300925,-16453360.966380347,0.0,0,20,Rail,22.47625,15.2
101023,-6179215.7940170085,-6252709.110193009,0.0,0,20,Rail,22.47625,15.2
101024,-13140357.101184936,-13175308.086980034,0.0,0,20,Rail,22.47625,15.2
101025,-10839799.845199527,-10852417.286051696,0.0,0,20,Rail,22.47625,15.2
101026,-4592778.093487247,-4639628.478331019,0.0,0,20,Rail,22.47625,15.2
101027,654167.9670483919,791334.0321679115,0.65,13,20,Rail,22.47625,15.2
101028,-10224017.011423863,-10252211.845299125,0.0,0,20,Rail,22.47625,15.2
101029,-10446568.796178173,-10477918.923432231,0.0,0,20,Rail,22.47625,15.2
101030,-12095678.49092652,-12129802.528705679,0.0,0,20,Rail,22.47625,15.2
101031,-1829463.4054661263,-1887295.5995881623,0.1,2,20,Rail,22.47625,15.2
101032,-8484957.493646752,-8478974.632195037,0.0,0,20,Rail,22.47625,15.2
100000,4150569.5144656985,4123477.5446251426,1.0,20,20,Rail,22.7275,15.2
100001,15372480.146763211,15283087.012654647,1.0,20,20,Rail,22.7275,15.2
100002,3534474.4857987426,3497117.093745643,1.0,20,20,Rail,22.7275,15.2
100003,-525786.8428813132,-537017.5854277685,0.05,1,20,Rail,22.7275,15.2
100004,-442716.6544626493,-453446.945631247,0.05,1,20,Rail,22.7275,15.2
100005,3384360.7615707726,3346275.964058031,1.0,20,20,Rail,22.7275,15.2
101000,-3518201.4847354097,-3556820.3779893434,0.0,0,20,Rail,22.7275,15.2
101001,2554459.650819936,2471083.950945587,0.95,19,20,Rail,22.7275,15.2
101002,-5810926.801186503,-5847691.076041136,0.0,0,20,Rail,22.7275,15.2
101003,-5604827.847291047,-5643071.497099266,0.0,0,20,Rail,22.7275,15.2
101004,-10033428.183361651,-10013264.864572259,0.0,0,20,Rail,22.7275,15.2
101005,-7454465.394629982,-7455287.438152192,0.0,0,20,Rail,22.7275,15.2
101006,-1945577.637404032,-1908608.5670315945,0.0,0,20,Rail,22.7275,15.2
101007,6464207.3613790935,6386532.924017713,1.0,20,20,Rail,22.7275,15.2
101008,1094768.1869695322,1056413.8015905055,0.9,18,20,Rail,22.7275,15.2
101009,-7305267.348585186,-7306367.778201586,0.0,0,20,Rail,22.7275,15.2
101010,2846206.7272137916,2799355.5420683683,1.0,20,20,Rail,22.7275,15.2
101011,3437575.7865345227,3576433.822360335,1.0,20,20,Rail,22.7275,15.2
101012,6773548.260188961,6701973.947651415,1.0,20,20,Rail,22.7275,15.2
101013,645196.4192902371,611254.7400701861,0.75,15,20,Rail,22.7275,15.2
101014,-195958.89435428134,-228595.33341678604,0.35,7,20,Rail,22.7275,15.2
101015,-667339.1572863134,-644037.6710784156,0.05,1,20,Rail,22.7275,15.2
101016,6459441.815938415,6407581.734017646,1.0,20,20,Rail,22.7275,15.2
101017,-9833941.237218263,-9849576.277956905,0.0,0,20,Rail,22.7275,15.2
101018,-11886127.904794091,-11887958.75997312,0.0,0,20,Rail,22.7275,15.2
101019,-16182216.683494633,-16181678.224777102,0.0,0,20,Rail,22.7275,15.2
101020,-12690314.837054579,-12709354.362600325,0.0,0,20,Rail,22.7275,15.2
101021,-15511758.736237356,-15528671.703279294,0.0,0,20,Rail,22.7275,15.2
101022,-16414611.096828062,-16426661.6780423,0.0,0,20,Rail,22.7275,15.2
101023,-6025802.81395982,-6100117.672683585,0.0,0,20,Rail,22.7275,15.2
101024,-13063365.320097102,-13098707.004304126,0.0,0,20,Rail,22.7275,15.2
101025,-10815447.428206285,-10828205.912694031,0.0,0,20,Rail,22.7275,15.2
101026,-4504233.065998582,-4551607.166283853,0.0,0,20,Rail,22.7275,15.2
101027,782706.259085472,921405.6304220557,0.65,13,20,Rail,22.7275,15.2
101028,-10170781.662564183,-10199291.67143577,0.0,0,20,Rail,22.7275,15.2
101029,-10374139.147147588,-10405839.720738228,0.0,0,20,Rail,22.7275,15.2
101030,-12023999.06958979,-12058504.561770461,0.0,0,20,Rail,22.7275,15.2
101031,-1720320.8764935967,-1778799.5458405102,0.15,3,20,Rail,22.7275,15.2
101032,-8476006.708208852,-8469956.967542864,0.0,0,20,Rail,22.7275,15.2
100000,4209662.253973601,4182270.7854014444,1.0,20,20,Rail,22.978749999999998,15.2
100001,15559575.404820684,15469194.039496861,1.0,20,20,Rail,22.978749999999998,15.2
100002,3603780.628037839,3566010.2541454104,1.0,20,20,Rail,22.978749999999998,15.2
100003,-504189.29672741675,-515544.19389117695,0.05,1,20,Rail,22.978749999999998,15.2
100004,-418834.5757396008,-429683.48909084545,0.05,1,20,Rail,22.978749999999998,15.2
100005,3455288.0537624434,3416782.23302343,1.0,20,20,Rail,22.978749999999998,15.2
101000,-3441515.077397029,-3480560.898246608,0.0,0,20,Rail,22.978749999999998,15.2
101001,2726619.6923384876,2642322.2833191184,0.95,19,20,Rail,22.978749999999998,15.2
101002,-5736373.936572396,-5773544.636421299,0.0,0,20,Rail,22.978749999999998,15.2
101003,-5533455.944801275,-5572122.373930331,0.0,0,20,Rail,22.978749999999998,15.2
101004,-10015583.824324897,-9995197.602275321,0.0,0,20,Rail,22.978749999999998,15.2
101005,-7452634.761409005,-7453465.892531479,0.0,0,20,Rail,22.978749999999998,15.2
101006,-1895075.6064298525,-1857697.8470713375,0.0,0,20,Rail,22.978749999999998,15.2
101007,6608911.876257148,6530378.756577562,1.0,20,20,Rail,22.978749999999998,15.2
101008,1174102.4535644776,1135324.0646951208,0.95,19,20,Rail,22.978749999999998,15.2
101009,-7302865.554463282,-7303978.149207441,0.0,0,20,Rail,22.978749999999998,15.2
101010,2933408.7821488963,2886039.6623310368,1.0,20,20,Rail,22.978749999999998,15.2
101011,3562852.7546532145,3703245.8507144786,1.0,20,20,Rail,22.978749999999998,15.2
101012,6917035.002035787,6844669.443385601,1.0,20,20,Rail,22.978749999999998,15.2
101013,707090.0760022762,672773.1752706626,0.8,16,20,Rail,22.978749999999998,15.2
101014,-132111.37062750786,-165108.60191592667,0.35,7,20,Rail,22.978749999999998,15.2
101015,-625238.4067885783,-601679.3252266056,0.15,3,20,Rail,22.978749999999998,15.2
101016,6565209.981893,6512776.592499672,1.0,20,20,Rail,22.978749999999998,15.2
101017,-9797178.170778167,-9812986.055163737,0.0,0,20,Rail,22.978749999999998,15.2
101018,-11882615.286902614,-11884466.381983249,0.0,0,20,Rail,22.978749999999998,15.2
101019,-16180040.542739827,-16179496.131420698,0.0,0,20,Rail,22.978749999999998,15.2
101020,-12653095.436815081,-12672345.442210937,0.0,0,20,Rail,22.978749999999998,15.2
101021,-15479196.909831423,-15496296.8478543,0.0,0,20,Rail,22.978749999999998,15.2
101022,-16387778.590646869,-16399962.389704254,0.0,0,20,Rail,22.978749999999998,15.2
101023,-5872389.833902629,-5947526.2351741595,0.0,0,20,Rail,22.978749999999998,15.2
101024,-12986373.539009267,-13022105.921628214,0.0,0,20,Rail,22.978749999999998,15.2
101025,-10791095.011213046,-10803994.539336365,0.0,0,20,Rail,22.978749999999998,15.2
101026,-4415688.038509917,-4463585.8542366875,0.0,0,20,Rail,22.978749999999998,15.2
101027,911244.5511225533,1051477.2286762008,0.65,13,20,Rail,22.978749999999998,15.2
101028,-10117546.313704502,-10146371.497572415,0.0,0,20,Rail,22.978749999999998,15.2
101029,-10301709.498117004,-10333760.518044226,0.0,0,20,Rail,22.978749999999998,15.2
101030,-11952319.64825306,-11987206.594835244,0.0,0,20,Rail,22.978749999999998,15.2
101031,-1611178.347521066,-1670303.492092858,0.15,3,20,Rail,22.978749999999998,15.2
101032,-8467055.922770951,-8460939.302890692,0.0,0,20,Rail,22.978749999999998,15.2
100000,4268754.993481504,4241064.026177747,1.0,20,20,Rail,23.229999999999997,15.2
100001,15746670.662878156,15655301.066339076,1.0,20,20,Rail,23.229999999999997,15.2
100002,3673086.7702769353,3634903.4145451784,1.0,20,20,Rail,23.229999999999997,15.2
100003,-482591.7505735204,-494070.8023545854,0.05,1,20,Rail,23.229999999999997,15.2
100004,-394952.49701655237,-405920.0325504441,0.15,3,20,Rail,23.229999999999997,15.2
100005,3526215.345954114,3487288.5019888296,1.0,20,20,Rail,23.229999999999997,15.2
101000,-3364828.670058648,-3404301.418503874,0.0,0,20,Rail,23.229999999999997,15.2
101001,2898779.7338570394,2813560.615692651,0.95,19,20,Rail,23.229999999999997,15.2
101002,-5661821.07195829,-5699398.196801459,0.0,0,20,Rail,23.229999999999997,15.2
101003,-5462084.042311503,-5501173.250761395,0.0,0,20,Rail,23.229999999999997,15.2
101004,-9997739.465288144,-9977130.339978382,0.0,0,20,Rail,23.229999999999997,15.2
101005,-7450804.128188031,-7451644.346910765,0.0,0,20,Rail,23.229999999999997,15.2
101006,-1844573.5754556726,-1806787.12711108,0.0,0,20,Rail,23.229999999999997,15.2
101007,6753616.391135201,6674224.589137409,1.0,20,20,Rail,23.229999999999997,15.2
101008,1253436.7201594233,1214234.327799736,0.95,19,20,Rail,23.229999999999997,15.2
101009,-7300463.760341381,-7301588.520213297,0.0,0,20,Rail,23.229999999999997,15.2
101010,3020610.837084,2972723.7825937048,1.0,20,20,Rail,23.229999999999997,15.2
101011,3688129.7227719077,3830057.879068624,1.0,20,20,Rail,23.229999999999997,15.2
101012,7060521.743882614,6987364.939119786,1.0,20,20,Rail,23.229999999999997,15.2
101013,768983.7327143152,734291.6104711387,0.9,18,20,Rail,23.229999999999997,15.2
101014,-68263.84690073463,-101621.87041506683,0.4,8,20,Rail,23.229999999999997,15.2
101015,-583137.6562908429,-559320.9793747959,0.15,3,20,Rail,23.229999999999997,15.2
101016,6670978.147847586,6617971.450981699,1.0,20,20,Rail,23.229999999999997,15.2
101017,-9760415.104338069,-9776395.832370572,0.0,0,20,Rail,23.229999999999997,15.2
101018,-11879102.669011138,-11880974.003993377,0.0,0,20,Rail,23.229999999999997,15.2
101019,-16177864.40198502,-16177314.038064295,0.0,0,20,Rail,23.229999999999997,15.2
101020,-12615876.036575582,-12635336.521821547,0.0,0,20,Rail,23.229999999999997,15.2
101021,-15446635.083425492,-15463921.992429305,0.0,0,20,Rail,23.229999999999997,15.2
101022,-16360946.084465679,-16373263.101366207,0.0,0,20,Rail,23.229999999999997,15.2
101023,-5718976.853845438,-5794934.797664735,0.0,0,20,Rail,23.229999999999997,15.2
101024,-12909381.757921433,-12945504.838952307,0.0,0,20,Rail,23.229999999999997,15.2
101025,-10766742.594219806,-10779783.1659787,0.0,0,20,Rail,23.229999999999997,15.2
101026,-4327143.011021251,-4375564.542189522,0.0,0,20,Rail,23.229999999999997,15.2
101027,1039782.843159635,1181548.826930346,0.65,13,20,Rail,23.229999999999997,15.2
101028,-10064310.96484482,-10093451.323709058,0.0,0,20,Rail,23.229999999999997,15.2
101029,-10229279.84908642,-10261681.315350223,0.0,0,20,Rail,23.229999999999997,15.2
101030,-11880640.226916332,-11915908.627900027,0.0,0,20,Rail,23.229999999999997,15.2
101031,-1502035.8185485345,-1561807.438345204,0.15,3,20,Rail,23.229999999999997,15.2
101032,-8458105.137333047,-8451921.63823852,0.0,0,20,Rail,23.229999999999997,15.2
100000,4327847.732989406,4299857.2669540495,1.0,20,20,Rail,23.48125,15.2
100001,15933765.920935635,15841408.093181293,1.0,20,20,Rail,23.48125,15.2
100002,3742392.9125160337,3703796.5749449474,1.0,20,20,Rail,23.48125,15.2
100003,-460994.2044196237,-472597.4108179937,0.05,1,20,Rail,23.48125,15.2
100004,-371070.4182935035,-382156.5760100421,0.15,3,20,Rail,23.48125,15.2
100005,3597142.638145786,3557794.7709542303,1.0,20,20,Rail,23.48125,15.2
101000,-3288142.2627202664,-3328041.938761139,0.0,0,20,Rail,23.48125,15.2
101001,3070939.7753755935,2984798.948066186,0.95,19,20,Rail,23.48125,15.2
101002,-5587268.207344184,-5625251.757181621,0.0,0,20,Rail,23.48125,15.2
101003,-5390712.13982173,-5430224.127592459,0.0,0,20,Rail,23.48125,15.2
101004,-9979895.10625139,-9959063.077681445,0.0,0,20,Rail,23.48125,15.2
101005,-7448973.494967054,-7449822.80129005,0.0,0,20,Rail,23.48125,15.2
101006,-1794071.5444814924,-1755876.4071508227,0.0,0,20,Rail,23.48125,15.2
101007,6898320.906013258,6818070.421697258,1.0,20,20,Rail,23.48125,15.2
101008,1332770.9867543697,1293144.5909043523,0.95,19,20,Rail,23.48125,15.2
101009,-7298061.966219477,-7299198.891219152,0.0,0,20,Rail,23.48125,15.2
101010,3107812.892019106,3059407.9028563746,1.0,20,20,Rail,23.48125,15.2
101011,3813406.6908906014,3956869.90742277,1.0,20,20,Rail,23.48125,15.2
101012,7204008.485729444,7130060.434853974,1.0,20,20,Rail,23.48125,15.2
101013,830877.3894263553,795810.0456716162,0.9,18,20,Rail,23.48125,15.2
101014,-4416.323173960392,-38135.13891420653,0.45,9,20,Rail,23.48125,15.2
101015,-541036.9057931073,-516962.63352298527,0.15,3,20,Rail,23.48125,15.2
101016,6776746.313802173,6723166.309463726,1.0,20,20,Rail,23.48125,15.2
101017,-9723652.037897972,-9739805.609577402,0.0,0,20,Rail,23.48125,15.2
101018,-11875590.051119661,-11877481.626003506,0.0,0,20,Rail,23.48125,15.2
101019,-16175688.261230212,-16175131.944707893,0.0,0,20,Rail,23.48125,15.2
101020,-12578656.636336084,-12598327.60143216,0.0,0,20,Rail,23.48125,15.2
101021,-15414073.257019559,-15431547.137004312,0.0,0,20,Rail,23.48125,15.2
101022,-16334113.578284487,-16346563.813028162,0.0,0,20,Rail,23.48125,15.2
101023,-5565563.873788245,-5642343.360155308,0.0,0,20,Rail,23.48125,15.2
101024,-12832389.976833597,-12868903.756276395,0.0,0,20,Rail,23.48125,15.2
101025,-10742390.177226564,-10755571.792621035,0.0,0,20,Rail,23.48125,15.2
101026,-4238597.983532584,-4287543.230142353,0.0,0,20,Rail,23.48125,15.2
101027,1168321.1351967182,1311620.425184493,0.65,13,20,Rail,23.48125,15.2
101028,-10011075.615985136,-10040531.1498457,0.0,0,20,Rail,23.48125,15.2
101029,-10156850.200055834,-10189602.112656219,0.0,0,20,Rail,23.48125,15.2
101030,-11808960.805579599,-11844610.66096481,0.0,0,20,Rail,23.48125,15.2
101031,-1392893.2895760024,-1453311.3845975501,0.15,3,20,Rail,23.48125,15.2
101032,-8449154.351895146,-8442903.973586347,0.0,0,20,Rail,23.48125,15.2
100000,4386940.472497309,4358650.507730352,1.0,20,20,Rail,23.732499999999998,15.2
100001,16120861.178993106,16027515.120023511,1.0,20,20,Rail,23.732499999999998,15.2
100002,3811699.05475513,3772689.735344715,1.0,20,20,Rail,23.732499999999998,15.2
100003,-439396.6582657273,-451124.0192814021,0.05,1,20,Rail,23.732499999999998,15.2
100004,-347188.3395704551,-358393.1194696408,0.15,3,20,Rail,23.732499999999998,15.2
100005,3668069.930337456,3628301.0399196297,1.0,20,20,Rail,23.732499999999998,15.2
101000,-3211455.8553818855,-3251782.459018404,0.0,0,20,Rail,23.732499999999998,15.2
101001,3243099.8168941448,3156037.2804397177,1.0,20,20,Rail,23.732499999999998,15.2
101002,-5512715.342730077,-5551105.317561783,0.0,0,20,Rail,23.732499999999998,15.2
101003,-5319340.2373319585,-5359275.004423523,0.0,0,20,Rail,23.732499999999998,15.2
101004,-9962050.747214636,-9940995.815384507,0.0,0,20,Rail,23.732499999999998,15.2
101005,-7447142.861746078,-7448001.255669337,0.0,0,20,Rail,23.732499999999998,15.2
101006,-1743569.5135073133,-1704965.6871905662,0.0,0,20,Rail,23.732499999999998,15.2
101007,7043025.420891312,6961916.254257104,1.0,20,20,Rail,23.732499999999998,15.2
101008,1412105.2533493154,1372054.854008968,0.95,19,20,Rail,23.732499999999998,15.2
101009,-7295660.172097576,-7296809.262225008,0.0,0,20,Rail,23.732499999999998,15.2
101010,3195014.9469542103,3146092.0231190436,1.0,20,20,Rail,23.732499999999998,15.2
101011,3938683.6590092937,4083681.9357769135,1.0,20,20,Rail,23.732499999999998,15.2
101012,7347495.227576271,7272755.93058816,1.0,20,20,Rail,23.732499999999998,15.2
101013,892771.0461383943,857328.4808720932,0.9,18,20,Rail,23.732499999999998,15.2
101014,59431.20055281282,25351.592586653307,0.6,12,20,Rail,23.732499999999998,15.2
101015,-498936.1552953722,-474604.2876711753,0.15,3,20,Rail,23.732499999999998,15.2
101016,6882514.4797567595,6828361.167945753,1.0,20,20,Rail,23.732499999999998,15.2
101017,-9686888.971457876,-9703215.386784237,0.0,0,20,Rail,23.732499999999998,15.2
101018,-11872077.433228185,-11873989.248013634,0.0,0,20,Rail,23.732499999999998,15.2
101019,-16173512.120475406,-16172949.851351488,0.0,0,20,Rail,23.732499999999998,15.2
101020,-12541437.236096587,-12561318.681042774,0.0,0,20,Rail,23.732499999999998,15.2
101021,-15381511.430613628,-15399172.28157932,0.0,0,20,Rail,23.732499999999998,15.2
101022,-16307281.072103295,-16319864.524690116,0.0,0,20,Rail,23.732499999999998,15.2
101023,-5412150.893731054,-5489751.922645882,0.0,0,20,Rail,23.732499999999998,15.2
101024,-12755398.195745762,-12792302.673600484,0.0,0,20,Rail,23.732499999999998,15.2
101025,-10718037.760233324,-10731360.41926337,0.0,0,20,Rail,23.732499999999998,15.2
101026,-4150052.9560439186,-4199521.918095186,0.0,0,20,Rail,23.732499999999998,15.2
101027,1296859.4272337998,1441692.023438639,0.75,15,20,Rail,23.732499999999998,15.2
101028,-9957840.267125454,-9987610.975982346,0.0,0,20,Rail,23.732499999999998,15.2
101029,-10084420.55102525,-10117522.909962215,0.0,0,20,Rail,23.732499999999998,15.2
101030,-11737281.384242868,-11773312.694029592,0.0,0,20,Rail,23.732499999999998,15.2
101031,-1283750.7606034714,-1344815.3308498971,0.15,3,20,Rail,23.732499999999998,15.2
101032,-8440203.566457245,-8433886.308934174,0.0,0,20,Rail,23.732499999999998,15.2
100000,4446033.212005211,4417443.748506654,1.0,20,20,Rail,23.98375,15.2
100001,16307956.437050581,16213622.14686573,1.0,20,20,Rail,23.98375,15.2
100002,3881005.1969942274,3841582.8957444844,1.0,20,20,Rail,23.98375,15.2
100003,-417799.11211183056,-429650.6277448103,0.05,1,20,Rail,23.98375,15.2
100004,-323306.2608474062,-334629.662929239,0.15,3,20,Rail,23.98375,15.2
100005,3738997.2225291273,3698807.3088850304,1.0,20,20,Rail,23.98375,15.2
101000,-3134769.448043504,-3175522.9792756685,0.0,0,20,Rail,23.98375,15.2
101001,3415259.858412699,3327275.612813253,1.0,20,20,Rail,23.98375,15.2
101002,-5438162.47811597,-5476958.877941944,0.0,0,20,Rail,23.98375,15.2
101003,-5247968.334842185,-5288325.881254587,0.0,0,20,Rail,23.98375,15.2
101004,-9944206.388177883,-9922928.55308757,0.0,0,20,Rail,23.98375,15.2
101005,-7445312.228525102,-7446179.710048623,0.0,0,20,Rail,23.98375,15.2
101006,-1693067.4825331331,-1654054.9672303083,0.0,0,20,Rail,23.98375,15.2
101007,7187729.935769367,7105762.0868169535,1.0,20,20,Rail,23.98375,15.2
101008,1491439.519944262,1450965.1171135837,0.95,19,20,Rail,23.98375,15.2
101009,-7293258.3779756725,-7294419.633230863,0.0,0,20,Rail,23.98375,15.2
101010,3282217.001889316,3232776.143381713,1.0,20,20,Rail,23.98375,15.2
101011,4063960.627127988,4210493.964131061,1.0,20,20,Rail,23.98375,15.2
101012,7490981.9694231,7415451.4263223475,1.0,20,20,Rail,23.98375,15.2
101013,954664.7028504342,918846.9160725703,0.95,19,20,Rail,23.98375,15.2
101014,123278.72427958707,88838.32408751361,0.6,12,20,Rail,23.98375,15.2
101015,-456835.40479763655,-432245.9418193649,0.15,3,20,Rail,23.98375,15.2
101016,6988282.645711346,6933556.026427781,1.0,20,20,Rail,23.98375,15.2
101017,-9650125.90501778,-9666625.16399107,0.0,0,20,Rail,23.98375,15.2
101018,-11868564.815336708,-11870496.870023763,0.0,0,20,Rail,23.98375,15.2
101019,-16171335.979720598,-16170767.757995086,0.0,0,20,Rail,23.98375,15.2
101020,-12504217.83585709,-12524309.760653384,0.0,0,20,Rail,23.98375,15.2
101021,-15348949.604207695,-15366797.426154327,0.0,0,20,Rail,23.98375,15.2
101022,-16280448.565922106,-16293165.23635207,0.0,0,20,Rail,23.98375,15.2
101023,-5258737.913673861,-5337160.485136455,0.0,0,20,Rail,23.98375,15.2
101024,-12678406.414657926,-12715701.590924572,0.0,0,20,Rail,23.98375,15.2
101025,-10693685.343240084,-10707149.045905706,0.0,0,20,Rail,23.98375,15.2
101026,-4061507.9285552516,-4111500.6060480196,0.0,0,20,Rail,23.98375,15.2
101027,1425397.719270883,1571763.621692786,0.75,15,20,Rail,23.98375,15.2
101028,-9904604.918265771,-9934690.802118987,0.0,0,20,Rail,23.98375,15.2
101029,-10011990.901994664,-10045443.707268212,0.0,0,20,Rail,23.98375,15.2
101030,-11665601.962906137,-11702014.727094375,0.0,0,20,Rail,23.98375,15.2
101031,-1174608.2316309393,-1236319.2771022422,0.2,4,20,Rail,23.98375,15.2
101032,-8431252.781019341,-8424868.644282002,0.0,0,20,Rail,23.98375,15.2
100000,4505125.951513113,4476236.989282956,1.0,20,20,Rail,24.235,15.2
100001,16495051.695108056,16399729.173707943,1.0,20,20,Rail,24.235,15.2
100002,3950311.339233324,3910476.056144252,1.0,20,20,Rail,24.235,15.2
100003,-396201.5659579342,-408177.23620821873,0.05,1,20,Rail,24.235,15.2
100004,-299424.1821243578,-310866.20638883766,0.15,3,20,Rail,24.235,15.2
100005,3809924.5147207985,3769313.5778504303,1.0,20,20,Rail,24.235,15.2
101000,-3058083.040705123,-3099263.4995329343,0.0,0,20,Rail,24.235,15.2
101001,3587419.8999312506,3498513.9451867854,1.0,20,20,Rail,24.235,15.2
101002,-5363609.6135018645,-5402812.438322106,0.0,0,20,Rail,24.235,15.2
101003,-5176596.4323524125,-5217376.758085651,0.0,0,20,Rail,24.235,15.2
101004,-9926362.02914113,-9904861.290790632,0.0,0,20,Rail,24.235,15.2
101005,-7443481.595304127,-7444358.16442791,0.0,0,20,Rail,24.235,15.2
101006,-1642565.4515589536,-1603144.2472700514,0.0,0,20,Rail,24.235,15.2
101007,7332434.450647421,7249607.919376801,1.0,20,20,Rail,24.235,15.2
101008,1570773.7865392074,1529875.3802181995,1.0,20,20,Rail,24.235,15.2
101009,-7290856.583853769,-7292030.004236719,0.0,0,20,Rail,24.235,15.2
101010,3369419.0568244206,3319460.2636443814,1.0,20,20,Rail,24.235,15.2
101011,4189237.59524668,4337305.992485205,1.0,20,20,Rail,24.235,15.2
101012,7634468.711269927,7558146.922056532,1.0,20,20,Rail,24.235,15.2
101013,1016558.3595624731,980365.3512730468,0.95,19,20,Rail,24.235,15.2
101014,187126.24800636052,152325.05558837298,0.6,12,20,Rail,24.235,15.2
101015,-414734.65429990133,-389887.59596755495,0.2,4,20,Rail,24.235,15.2
101016,7094050.811665932,7038750.884909808,1.0,20,20,Rail,24.235,15.2
101017,-9613362.838577684,-9630034.941197902,0.0,0,20,Rail,24.235,15.2
101018,-11865052.197445232,-11867004.492033891,0.0,0,20,Rail,24.235,15.2
101019,-16169159.838965792,-16168585.664638683,0.0,0,20,Rail,24.235,15.2
101020,-12466998.435617592,-12487300.840263996,0.0,0,20,Rail,24.235,15.2
101021,-15316387.777801763,-15334422.570729332,0.0,0,20,Rail,24.235,15.2
101022,-16253616.059740912,-16266465.94801402,0.0,0,20,Rail,24.235,15.2
101023,-5105324.93361667,-5184569.04762703,0.0,0,20,Rail,24.235,15.2
101024,-12601414.633570092,-12639100.50824866,0.0,0,20,Rail,24.235,15.2
101025,-10669332.926246842,-10682937.672548043,0.0,0,20,Rail,24.235,15.2
101026,-3972962.9010665854,-4023479.294000852,0.0,0,20,Rail,24.235,15.2
101027,1553936.0113079646,1701835.219946931,0.75,15,20,Rail,24.235,15.2
101028,-9851369.56940609,-9881770.62825563,0.0,0,20,Rail,24.235,15.2
101029,-9939561.252964081,-9973364.50457421,0.0,0,20,Rail,24.235,15.2
101030,-11593922.541569408,-11630716.760159157,0.0,0,20,Rail,24.235,15.2
101031,-1065465.702658408,-1127823.2233545892,0.2,4,20,Rail,24.235,15.2
101032,-8422301.99558144,-8415850.979629831,0.0,0,20,Rail,24.235,15.2
100000,4564218.691021015,4535030.230059259,1.0,20,20,Rail,24.48625,15.2
100001,16682146.953165527,16585836.200550158,1.0,20,20,Rail,24.48625,15.2
100002,4019617.4814724205,3979369.21654402,1.0,20,20,Rail,24.48625,15.2
100003,-374604.01980403776,-386703.8446716273,0.15,3,20,Rail,24.48625,15.2
100004,-275542.1034013093,-287102.7498484361,0.2,4,20,Rail,24.48625,15.2
100005,3880851.806912469,3839819.8468158296,1.0,20,20,Rail,24.48625,15.2
101000,-2981396.633366742,-3023004.0197901996,0.0,0,20,Rail,24.48625,15.2
101001,3759579.9414498024,3669752.277560317,1.0,20,20,Rail,24.48625,15.2
101002,-5289056.748887758,-5328665.998702269,0.0,0,20,Rail,24.48625,15.2
101003,-5105224.52986264,-5146427.634916717,0.0,0,20,Rail,24.48625,15.2
101004,-9908517.670104375,-9886794.028493695,0.0,0,20,Rail,24.48625,15.2
101005,-7441650.962083152,-7442536.618807196,0.0,0,20,Rail,24.48625,15.2
101006,-1592063.420584774,-1552233.5273097944,0.0,0,20,Rail,24.48625,15.2
101007,7477138.965525475,7393453.751936648,1.0,20,20,Rail,24.48625,15.2
101008,1650108.0531341531,1608785.6433228147,1.0,20,20,Rail,24.48625,15.2
101009,-7288454.789731868,-7289640.375242574,0.0,0,20,Rail,24.48625,15.2
101010,3456621.111759525,3406144.38390705,1.0,20,20,Rail,24.48625,15.2
101011,4314514.563365373,4464118.020839348,1.0,20,20,Rail,24.48625,15.2
101012,7777955.453116754,7700842.417790718,1.0,20,20,Rail,24.48625,15.2
101013,1078452.0162745123,1041883.7864735234,0.95,19,20,Rail,24.48625,15.2
101014,250973.77173313382,215811.78708923282,0.6,12,20,Rail,24.48625,15.2
101015,-372633.9038021661,-347529.250115745,0.25,5,20,Rail,24.48625,15.2
101016,7199818.977620517,7143945.743391833,1.0,20,20,Rail,24.48625,15.2
101017,-9576599.772137586,-9593444.718404736,0.0,0,20,Rail,24.48625,15.2
101018,-11861539.579553755,-11863512.11404402,0.0,0,20,Rail,24.48625,15.2
101019,-16166983.698210984,-16166403.571282279,0.0,0,20,Rail,24.48625,15.2
101020,-12429779.035378095,-12450291.919874609,0.0,0,20,Rail,24.48625,15.2
101021,-15283825.95139583,-15302047.715304337,0.0,0,20,Rail,24.48625,15.2
101022,-16226783.55355972,-16239766.659675976,0.0,0,20,Rail,24.48625,15.2
101023,-4951911.953559479,-5031977.610117605,0.0,0,20,Rail,24.48625,15.2
101024,-12524422.852482257,-12562499.425572753,0.0,0,20,Rail,24.48625,15.2
101025,-10644980.509253602,-10658726.299190376,0.0,0,20,Rail,24.48625,15.2
101026,-3884417.8735779203,-3935457.981953686,0.0,0,20,Rail,24.48625,15.2
101027,1682474.3033450458,1831906.8182010762,0.8,16,20,Rail,24.48625,15.2
101028,-9798134.220546408,-9828850.454392275,0.0,0,20,Rail,24.48625,15.2
101029,-9867131.603933496,-9901285.301880205,0.0,0,20,Rail,24.48625,15.2
101030,-11522243.120232675,-11559418.79322394,0.0,0,20,Rail,24.48625,15.2
101031,-956323.173685877,-1019327.1696069362,0.25,5,20,Rail,24.48625,15.2
101032,-8413351.210143538,-8406833.314977659,0.0,0,20,Rail,24.48625,15.2
100000,4623311.430528917,4593823.470835561,1.0,20,20,Rail,24.737499999999997,15.2
100001,16869242.211223,16771943.227392372,1.0,20,20,Rail,24.737499999999997,15.2
100002,4088923.6237115175,4048262.376943788,1.0,20,20,Rail,24.737499999999997,15.2
100003,-353006.4736501413,-365230.4531350357,0.15,3,20,Rail,24.737499999999997,15.2
100004,-251660.02467826084,-263339.2933080348,0.2,4,20,Rail,24.737499999999997,15.2
100005,3951779.09910414,3910326.115781229,1.0,20,20,Rail,24.737499999999997,15.2
101000,-2904710.2260283614,-2946744.5400474654,0.0,0,20,Rail,24.737499999999997,15.2
101001,3931739.982968354,3840990.6099338494,1.0,20,20,Rail,24.737499999999997,15.2
101002,-5214503.884273652,-5254519.55908243,0.0,0,20,Rail,24.737499999999997,15.2
101003,-5033852.627372868,-5075478.511747781,0.0,0,20,Rail,24.737499999999997,15.2
101004,-9890673.311067622,-9868726.766196758,0.0,0,20,Rail,24.737499999999997,15.2
101005,-7439820.328862175,-7440715.073186482,0.0,0,20,Rail,24.737499999999997,15.2
101006,-1541561.3896105946,-1501322.8073495375,0.0,0,20,Rail,24.737499999999997,15.2
101007,7621843.48040353,7537299.584496496,1.0,20,20,Rail,24.737499999999997,15.2
101008,1729442.3197290986,1687695.90642743,1.0,20,20,Rail,24.737499999999997,15.2
101009,-7286052.995609964,-7287250.74624843,0.0,0,20,Rail,24.737499999999997,15.2
101010,3543823.166694629,3492828.5041697184,1.0,20,20,Rail,24.737499999999997,15.2
101011,4439791.531484066,4590930.049193494,1.0,20,20,Rail,24.737499999999997,15.2
101012,7921442.194963582,7843537.913524904,1.0,20,20,Rail,24.737499999999997,15.2
101013,1140345.6729865514,1103402.221674,0.95,19,20,Rail,24.737499999999997,15.2
101014,314821.29545990715,279298.5185900922,0.65,13,20,Rail,24.737499999999997,15.2
101015,-330533.153304431,-305170.9042639353,0.3,6,20,Rail,24.737499999999997,15.2
101016,7305587.143575104,7249140.60187386,1.0,20,20,Rail,24.737499999999997,15.2
101017,-9539836.70569749,-9556854.495611567,0.0,0,20,Rail,24.737499999999997,15.2
101018,-11858026.96166228,-11860019.736054149,0.0,0,20,Rail,24.737499999999997,15.2
101019,-16164807.557456177,-16164221.477925878,0.0,0,20,Rail,24.737499999999997,15.2
101020,-12392559.635138597,-12413282.99948522,0.0,0,20,Rail,24.737499999999997,15.2
101021,-15251264.124989897,-15269672.859879345,0.0,0,20,Rail,24.737499999999997,15.2
101022,-16199951.04737853,-16213067.371337932,0.0,0,20,Rail,24.737499999999997,15.2
101023,-4798498.973502288,-4879386.172608179,0.0,0,20,Rail,24.737499999999997,15.2
101024,-12447431.071394423,-12485898.342896841,0.0,0,20,Rail,24.737499999999997,15.2
101025,-10620628.092260363,-10634514.925832711,0.0,0,20,Rail,24.737499999999997,15.2
101026,-3795872.846089254,-3847436.6699065194,0.0,0,20,Rail,24.737499999999997,15.2
101027,1811012.5953821274,1961978.4164552214,0.85,17,20,Rail,24.737499999999997,15.2
101028,-9744898.871686727,-9775930.280528918,0.0,0,20,Rail,24.737499999999997,15.2
101029,-9794701.954902913,-9829206.099186203,0.0,0,20,Rail,24.737499999999997,15.2
101030,-11450563.698895946,-11488120.826288722,0.0,0,20,Rail,24.737499999999997,15.2
101031,-847180.6447133463,-910831.1158592822,0.3,6,20,Rail,24.737499999999997,15.2
101032,-8404400.424705636,-8397815.650325486,0.0,0,20,Rail,24.737499999999997,15.2
100000,4682404.17003682,4652616.711611863,1.0,20,20,Rail,24.988749999999996,15.2
100001,17056337.469280474,16958050.25423459,1.0,20,20,Rail,24.988749999999996,15.2
100002,4158229.765950614,4117155.537343556,1.0,20,20,Rail,24.988749999999996,15.2
100003,-331408.92749624496,-343757.06159844436,0.15,3,20,Rail,24.988749999999996,15.2
100004,-227777.94595521232,-239575.8367676332,0.25,5,20,Rail,24.988749999999996,15.2
100005,4022706.3912958107,3980832.384746629,1.0,20,20,Rail,24.988749999999996,15.2
101000,-2828023.8186899805,-2870485.060304731,0.0,0,20,Rail,24.988749999999996,15.2
101001,4103900.0244869054,4012228.942307381,1.0,20,20,Rail,24.988749999999996,15.2
101002,-5139951.019659546,-5180373.1194625925,0.0,0,20,Rail,24.988749999999996,15.2
101003,-4962480.724883096,-5004529.388578845,0.0,0,20,Rail,24.988749999999996,15.2
101004,-9872828.95203087,-9850659.50389982,0.0,0,20,Rail,24.988749999999996,15.2
101005,-7437989.6956412,-7438893.527565768,0.0,0,20,Rail,24.988749999999996,15.2
101006,-1491059.3586364149,-1450412.0873892806,0.0,0,20,Rail,24.988749999999996,15.2
101007,7766547.995281585,7681145.4170563435,1.0,20,20,Rail,24.988749999999996,15.2
101008,1808776.586324044,1766606.1695320453,1.0,20,20,Rail,24.988749999999996,15.2
101009,-7283651.201488063,-7284861.117254285,0.0,0,20,Rail,24.988749999999996,15.2
101010,3631025.221629734,3579512.6244323878,1.0,20,20,Rail,24.988749999999996,15.2
101011,4565068.499602757,4717742.077547638,1.0,20,20,Rail,24.988749999999996,15.2
101012,8064928.936810409,7986233.40925909,1.0,20,20,Rail,24.988749999999996,15.2
101013,1202239.3296985906,1164920.656874476,0.95,19,20,Rail,24.988749999999996,15.2
101014,378668.8191866804,342785.25009095203,0.65,13,20,Rail,24.988749999999996,15.2
101015,-288432.4028066959,-262812.55841212533,0.3,6,20,Rail,24.988749999999996,15.2
101016,7411355.309529689,7354335.460355886,1.0,20,20,Rail,24.988749999999996,15.2
101017,-9503073.639257394,-9520264.272818401,0.0,0,20,Rail,24.988749999999996,15.2
101018,-11854514.343770802,-11856527.358064277,0.0,0,20,Rail,24.988749999999996,15.2
101019,-16162631.41670137,-16162039.384569474,0.0,0,20,Rail,24.988749999999996,15.2
101020,-12355340.2348991,-12376274.079095833,0.0,0,20,Rail,24.988749999999996,15.2
101021,-15218702.298583966,-15237298.004454352,0.0,0,20,Rail,24.988749999999996,15.2
101022,-16173118.54119734,-16186368.082999885,0.0,0,20,Rail,24.988749999999996,15.2
101023,-4645085.993445097,-4726794.735098754,0.0,0,20,Rail,24.988749999999996,15.2
101024,-12370439.290306587,-12409297.260220932,0.0,0,20,Rail,24.988749999999996,15.2
101025,-10596275.675267123,-10610303.552475046,0.0,0,20,Rail,24.988749999999996,15.2
101026,-3707327.8186005885,-3759415.3578593526,0.0,0,20,Rail,24.988749999999996,15.2
101027,1939550.8874192096,2092050.0147093674,0.9,18,20,Rail,24.988749999999996,15.2
101028,-9691663.522827044,-9723010.106665563,0.0,0,20,Rail,24.988749999999996,15.2
101029,-9722272.305872329,-9757126.896492198,0.0,0,20,Rail,24.988749999999996,15.2
101030,-11378884.277559215,-11416822.859353503,0.0,0,20,Rail,24.988749999999996,15.2
101031,-738038.1157408154,-802335.0621116301,0.3,6,20,Rail,24.988749999999996,15.2
101032,-8395449.639267735,-8388797.985673314,0.0,0,20,Rail,24.988749999999996,15.2
100000,4741496.909544722,4711409.9523881655,1.0,20,20,Rail,25.24,15.2
100001,17243432.72733795,17144157.281076804,1.0,20,20,Rail,25.24,15.2
100002,4227535.908189712,4186048.6977433255,1.0,20,20,Rail,25.24,15.2
100003,-309811.3813423483,-322283.67006185255,0.15,3,20,Rail,25.24,15.2
100004,-203895.86723216358,-215812.38022723142,0.3,6,20,Rail,25.24,15.2
100005,4093633.6834874824,4051338.6537120296,1.0,20,20,Rail,25.24,15.2
101000,-2751337.411351599,-2794225.580561995,0.0,0,20,Rail,25.24,15.2
101001,4276060.066005459,4183467.274680916,1.0,20,20,Rail,25.24,15.2
101002,-5065398.1550454395,-5106226.679842753,0.0,0,20,Rail,25.24,15.2
101003,-4891108.822393322,-4933580.265409909,0.0,0,20,Rail,25.24,15.2
101004,-9854984.592994114,-9832592.241602883,0.0,0,20,Rail,25.24,15.2
101005,-7436159.062420224,-7437071.981945055,0.0,0,20,Rail,25.24,15.2
101006,-1440557.3276622347,-1399501.3674290231,0.0,0,20,Rail,25.24,15.2
101007,7911252.51015964,7824991.249616192,1.0,20,20,Rail,25.24,15.2
101008,1888110.8529189907,1845516.4326366615,1.0,20,20,Rail,25.24,15.2
101009,-7281249.407366159,-7282471.488260141,0.0,0,20,Rail,25.24,15.2
101010,3718227.2765648393,3666196.744695057,1.0,20,20,Rail,25.24,15.2
101011,4690345.467721452,4844554.105901784,1.0,20,20,Rail,25.24,15.2
101012,8208415.6786572365,8128928.904993277,1.0,20,20,Rail,25.24,15.2
101013,1264132.9864106304,1226439.0920749535,1.0,20,20,Rail,25.24,15.2
101014,442516.3429134546,406271.98159181233,0.65,13,20,Rail,25.24,15.2
101015,-246331.65230896015,-220454.21256031469,0.35,7,20,Rail,25.24,15.2
101016,7517123.475484276,7459530.318837915,1.0,20,20,Rail,25.24,15.2
101017,-9466310.572817298,-9483674.050025234,0.0,0,20,Rail,25.24,15.2
101018,-11851001.725879326,-11853034.980074406,0.0,0,20,Rail,25.24,15.2
101019,-16160455.275946563,-16159857.29121307,0.0,0,20,Rail,25.24,15.2
101020,-12318120.834659602,-12339265.158706445,0.0,0,20,Rail,25.24,15.2
101021,-15186140.472178033,-15204923.14902936,0.0,0,20,Rail,25.24,15.2
101022,-16146286.03501615,-16159668.794661837,0.0,0,20,Rail,25.24,15.2
101023,-4491673.0133879045,-4574203.297589327,0.0,0,20,Rail,25.24,15.2
101024,-12293447.509218752,-12332696.177545022,0.0,0,20,Rail,25.24,15.2
101025,-10571923.25827388,-10586092.179117382,0.0,0,20,Rail,25.24,15.2
101026,-3618782.7911119214,-3671394.045812186,0.0,0,20,Rail,25.24,15.2
101027,2068089.1794562924,2222121.6129635144,0.95,19,20,Rail,25.24,15.2
101028,-9638428.173967363,-9670089.932802204,0.0,0,20,Rail,25.24,15.2
101029,-9649842.656841744,-9685047.693798196,0.0,0,20,Rail,25.24,15.2
101030,-11307204.856222484,-11345524.892418286,0.0,0,20,Rail,25.24,15.2
101031,-628895.5867682828,-693839.0083639752,0.3,6,20,Rail,25.24,15.2
101032,-8386498.853829833,-8379780.3210211415,0.0,0,20,Rail,25.24,15.2
0,-3483947856.672441,-475805320.2084751,0.1,2,20,Road,26.85,31.4
2,-3799591982.4934616,-495684261.6853111,0.0,0,20,Road,26.85,31.4
9,-2447442371.558161,-1423069858.6103067,0.15,3,20,Road,26.85,31.4
12,-5881937936.528265,-1508963102.6240952,0.15,3,20,Road,26.85,31.4
15,-2198362853.7043037,-375404747.6514586,0.1,2,20,Road,26.85,31.4
17,-3518482809.5862503,-3211237881.9315977,0.1,2,20,Road,26.85,31.4
25,-3685444719.385372,-1190019017.6996179,0.1,2,20,Road,26.85,31.4
62,-2432946716.288343,-212831614.57714182,0.1,2,20,Road,26.85,31.4
63,-4210167951.5380006,-1217707557.527759,0.1,2,20,Road,26.85,31.4
73,-5900174828.763742,-545403878.6016024,0.05,1,20,Road,26.85,31.4
90,-3635083426.838994,-1171353616.7043335,0.15,3,20,Road,26.85,31.4
94,467196493.76758975,-172585854.69714355,0.1,2,20,Road,26.85,31.4
103,-5191610288.71246,-610643808.9572725,0.1,2,20,Road,26.85,31.4
104,-2966995145.3387823,-1036950425.587264,0.15,3,20,Road,26.85,31.4
109,-5245428013.053522,-1620527784.476889,0.1,2,20,Road,26.85,31.4
114,-2603763333.0263166,-491380042.04855585,0.1,2,20,Road,26.85,31.4
126,-3453830694.3462157,-901695546.9790112,0.05,1,20,Road,26.85,31.4
140,-2435456082.933095,-604669697.9297798,0.15,3,20,Road,26.85,31.4
143,-3692594008.122327,-469304037.501263,0.05,1,20,Road,26.85,31.4
144,-3255880864.207118,-1408677773.8012905,0.15,3,20,Road,26.85,31.4
150,-3367106305.71091,-593042243.6209041,0.1,2,20,Road,26.85,31.4
152,-3703767125.1266174,-2318792974.6498117,0.1,2,20,Road,26.85,31.4
189,-6016175730.343473,-728517716.000174,0.1,2,20,Road,26.85,31.4
195,-3019889897.6599913,-423162654.4972998,0.05,1,20,Road,26.85,31.4
197,-4685680846.000194,-493173359.62107456,0.1,2,20,Road,26.85,31.4
201,-6944250031.170346,-1164970245.628386,0.05,1,20,Road,26.85,31.4
202,-2784311056.4235764,-472881569.68340904,0.1,2,20,Road,26.85,31.4
206,-3479456397.5398817,-1241107255.0150695,0.1,2,20,Road,26.85,31.4
209,-3830177839.9219346,-835228729.4442251,0.1,2,20,Road,26.85,31.4
233,-4088468482.19407,-1018209738.1528189,0.15,3,20,Road,26.85,31.4
243,-4367154812.889562,-1383296602.8698163,0.05,1,20,Road,26.85,31.4
245,-3388749155.2131424,-1345751206.0014386,0.15,3,20,Road,26.85,31.4
249,-3003946254.698253,-1119945956.7166686,0.05,1,20,Road,26.85,31.4
250,-4043075736.956711,-1567083086.5170712,0.15,3,20,Road,26.85,31.4
254,-1146275591.6427593,-446281776.2240038,0.15,3,20,Road,26.85,31.4
261,-3137239939.799154,-327186014.2266723,0.05,1,20,Road,26.85,31.4
267,-4977629373.535222,-588742895.2631874,0.0,0,20,Road,26.85,31.4
270,-6244112244.754976,-491581351.2003447,0.0,0,20,Road,26.85,31.4
273,-3235421545.875398,-546500171.2016475,0.1,2,20,Road,26.85,31.4
277,-3504387094.8175454,-1002882651.986829,0.1,2,20,Road,26.85,31.4
284,-6250688116.818077,-1130818536.2122107,0.05,1,20,Road,26.85,31.4
285,-4868574655.487973,-961227006.088003,0.05,1,20,Road,26.85,31.4
331,-3663842526.5996313,-982108718.7334344,0.15,3,20,Road,26.85,31.4
334,-1983750009.9976723,-497705590.81939244,0.15,3,20,Road,26.85,31.4
348,-3685563739.8305445,-1189323328.7866154,0.05,1,20,Road,26.85,31.4
351,-4882360577.091611,-1309215593.016649,0.05,1,20,Road,26.85,31.4
356,-5343553678.160409,-939538033.0157106,0.15,3,20,Road,26.85,31.4
358,-6738302173.272055,-4664956370.93378,0.0,0,20,Road,26.85,31.4
390,-5633165698.857978,-714115020.7721491,0.05,1,20,Road,26.85,31.4
397,-4948374004.343313,-498947349.0174403,0.15,3,20,Road,26.85,31.4
423,-1073044315.9500029,-684070854.5540853,0.1,2,20,Road,26.85,31.4
459,-5534178589.92393,-3183312691.7515984,0.15,3,20,Road,26.85,31.4
464,-2682486164.0186048,-302193408.92819095,0.15,3,20,Road,26.85,31.4
493,-209005233.01893634,-194273598.4457482,0.15,3,20,Road,26.85,31.4
521,-5475522922.238629,-1114958904.690452,0.1,2,20,Road,26.85,31.4
538,-4234607357.8811884,-916365704.9056697,0.1,2,20,Road,26.85,31.4
556,-5696517546.53179,-760260614.6125917,0.1,2,20,Road,26.85,31.4
557,-1980998035.1753,-1610321741.6925335,0.1,2,20,Road,26.85,31.4
558,-6484105511.537551,-5255755719.794855,0.15,3,20,Road,26.85,31.4
564,-4237025477.835051,-835595840.7222948,0.15,3,20,Road,26.85,31.4
565,-5882410008.353846,-1419380942.229947,0.05,1,20,Road,26.85,31.4
569,-3491452904.758355,-1877962654.0563147,0.1,2,20,Road,26.85,31.4
594,-6973721276.352679,-4463577260.9562845,0.1,2,20,Road,26.85,31.4
602,-3871945025.8077803,-1724238929.7080128,0.1,2,20,Road,26.85,31.4
612,-6103024205.827289,-1451122128.8544369,0.1,2,20,Road,26.85,31.4
614,-3443164401.84044,-1011818508.6404259,0.05,1,20,Road,26.85,31.4
625,-6152310816.692774,-721085880.4682742,0.1,2,20,Road,26.85,31.4
627,195666620.99820817,-536768358.525043,0.1,2,20,Road,26.85,31.4
628,-6291639239.407243,-1113445392.7939029,0.05,1,20,Road,26.85,31.4
648,-4891243368.834213,-2812244410.1266522,0.15,3,20,Road,26.85,31.4
662,-7957303233.579129,-5378429276.638106,0.1,2,20,Road,26.85,31.4
669,-1799844917.5113616,-357115978.01548207,0.15,3,20,Road,26.85,31.4
670,-1184317290.7413845,-423967628.6879934,0.05,1,20,Road,26.85,31.4
673,-2806702936.813966,-192786869.4257788,0.15,3,20,Road,26.85,31.4
680,-7938280128.042612,-3249647015.0804634,0.1,2,20,Road,26.85,31.4
682,-4805898810.5479765,-3614834355.8096666,0.1,2,20,Road,26.85,31.4
689,-4061236482.8092012,-844823449.8469605,0.1,2,20,Road,26.85,31.4
694,-3810809777.593705,-813320898.7935781,0.15,3,20,Road,26.85,31.4
736,-10824368331.847765,-11669720638.718786,0.0,0,20,Road,26.85,31.4
750,-8886083733.271046,-11871638037.849339,0.1,2,20,Road,26.85,31.4
755,-4652588730.311626,-617756784.0169795,0.15,3,20,Road,26.85,31.4
759,-6148217364.088197,-1052674499.519177,0.1,2,20,Road,26.85,31.4
760,-5064856749.83396,-484334941.7079463,0.0,0,20,Road,26.85,31.4
761,-408581239.5421826,-408426915.1183145,0.15,3,20,Road,26.85,31.4
764,-3851426041.276667,-1955008063.8610508,0.1,2,20,Road,26.85,31.4
770,-2696253058.074849,-350147044.00905716,0.15,3,20,Road,26.85,31.4
775,-5642698040.691262,-929663350.5030212,0.05,1,20,Road,26.85,31.4
776,-755506365.7062583,-823080638.5931396,0.15,3,20,Road,26.85,31.4
780,-1392620060.676414,-1014190567.3923744,0.15,3,20,Road,26.85,31.4
791,-3005747439.1337476,-751474774.1522391,0.0,0,20,Road,26.85,31.4
809,-2825209613.4334445,-807428018.2554965,0.1,2,20,Road,26.85,31.4
810,-4763424166.157971,-1084348559.0637803,0.15,3,20,Road,26.85,31.4
822,-1418488269.2237308,-459574815.13147926,0.15,3,20,Road,26.85,31.4
837,-3983869533.4247656,-1305744584.034155,0.05,1,20,Road,26.85,31.4
858,-6305950472.574063,-2758275366.7763286,0.15,3,20,Road,26.85,31.4
863,-3205184617.727297,-1423112390.6251163,0.15,3,20,Road,26.85,31.4
866,-4326782877.563787,-772936034.2785822,0.1,2,20,Road,26.85,31.4
873,-6393827376.518698,-1588091217.2098994,0.05,1,20,Road,26.85,31.4
878,-7661122603.396924,-3234876356.854516,0.15,3,20,Road,26.85,31.4
940,-3974293000.0919075,-753815322.6861463,0.1,2,20,Road,26.85,31.4
952,-3104330262.2541647,-1974072168.1489034,0.15,3,20,Road,26.85,31.4
958,-1396604254.9390848,-853140319.0065174,0.15,3,20,Road,26.85,31.4
970,-2853956101.474794,-344261878.44689226,0.15,3,20,Road,26.85,31.4
971,-2744023370.865136,-855641824.2196813,0.15,3,20,Road,26.85,31.4
987,-11623333718.874348,-11742642585.191412,0.0,0,20,Road,26.85,31.4
0,-3496573059.486776,-475686529.967958,0.1,2,20,Road,26.96375,31.4
2,-3813574039.2742033,-495669316.4831134,0.0,0,20,Road,26.96375,31.4
9,-2450541452.674804,-1421829186.5296383,0.15,3,20,Road,26.96375,31.4
12,-5900820365.867929,-1509319428.151597,0.15,3,20,Road,26.96375,31.4
15,-2205985444.73806,-375304378.3662757,0.1,2,20,Road,26.96375,31.4
17,-3520726135.021386,-3212179564.5167994,0.1,2,20,Road,26.96375,31.4
25,-3696593343.2501535,-1190595772.9026952,0.1,2,20,Road,26.96375,31.4
62,-2442333362.858913,-212812745.58645862,0.1,2,20,Road,26.96375,31.4
63,-4223066263.899916,-1217928314.216726,0.1,2,20,Road,26.96375,31.4
73,-5923100016.481695,-545643584.1750137,0.05,1,20,Road,26.96375,31.4
90,-3645542542.422354,-1171375143.2410336,0.15,3,20,Road,26.96375,31.4
94,469912556.40199196,-172580229.3863117,0.1,2,20,Road,26.96375,31.4
103,-5211293390.216612,-610919650.2352747,0.1,2,20,Road,26.96375,31.4
104,-2975188459.8493314,-1036967107.4396479,0.15,3,20,Road,26.96375,31.4
109,-5261188120.785143,-1620931005.765286,0.1,2,20,Road,26.96375,31.4
114,-2612939501.1676273,-491607100.34447634,0.1,2,20,Road,26.96375,31.4
126,-3464935512.7410064,-901988247.1982701,0.05,1,20,Road,26.96375,31.4
140,-2443219217.9788446,-604676708.1601064,0.15,3,20,Road,26.96375,31.4
143,-3706254776.8239837,-469309341.24358517,0.05,1,20,Road,26.96375,31.4
144,-3264294438.358365,-1409265673.7799616,0.15,3,20,Road,26.96375,31.4
150,-3378922513.3206735,-593106131.4145507,0.1,2,20,Road,26.96375,31.4
152,-3708318827.2282906,-2317477235.052537,0.1,2,20,Road,26.96375,31.4
189,-6039949616.048642,-729890443.4509089,0.1,2,20,Road,26.96375,31.4
195,-3030987297.911596,-423259022.2010554,0.05,1,20,Road,26.96375,31.4
197,-4703464816.610875,-493195776.1693491,0.1,2,20,Road,26.96375,31.4
201,-6969457989.873421,-1165694290.9010925,0.05,1,20,Road,26.96375,31.4
202,-2794194894.776265,-472973039.1676924,0.1,2,20,Road,26.96375,31.4
206,-3488949624.9351897,-1241117718.3521948,0.1,2,20,Road,26.96375,31.4
209,-3842950509.708068,-835313300.1124129,0.1,2,20,Road,26.96375,31.4
233,-4101500367.7995043,-1018234475.4478366,0.15,3,20,Road,26.96375,31.4
243,-4379777594.758547,-1383278272.2103195,0.05,1,20,Road,26.96375,31.4
245,-3398148516.171279,-1346495408.049972,0.15,3,20,Road,26.96375,31.4
249,-3012140693.6410494,-1120158830.151256,0.05,1,20,Road,26.96375,31.4
250,-4053529615.8031487,-1567047424.8053155,0.15,3,20,Road,26.96375,31.4
254,-1147970259.4223807,-445010920.8563671,0.15,3,20,Road,26.96375,31.4
261,-3149186162.6073394,-327227446.1956079,0.05,1,20,Road,26.96375,31.4
267,-4996078842.557275,-588598850.8065276,0.0,0,20,Road,26.96375,31.4
270,-6268512759.920916,-491611274.59191465,0.0,0,20,Road,26.96375,31.4
273,-3246803664.770846,-546490677.1969411,0.1,2,20,Road,26.96375,31.4
277,-3514901773.103326,-1002799709.0297045,0.1,2,20,Road,26.96375,31.4
284,-6272375632.101326,-1130815728.7843275,0.05,1,20,Road,26.96375,31.4
285,-4885960181.531091,-962059057.4525647,0.05,1,20,Road,26.96375,31.4
331,-3675498918.49971,-982403947.8534465,0.15,3,20,Road,26.96375,31.4
334,-1989879887.065963,-497539842.08948827,0.15,3,20,Road,26.96375,31.4
348,-3696193874.4118958,-1189378143.190826,0.05,1,20,Road,26.96375,31.4
351,-4897358973.380503,-1309076363.9074588,0.05,1,20,Road,26.96375,31.4
356,-5362419362.407213,-939746109.0824332,0.15,3,20,Road,26.96375,31.4
358,-6764514173.383872,-4682384643.48448,0.0,0,20,Road,26.96375,31.4
390,-5654929459.892134,-715039228.1887169,0.05,1,20,Road,26.96375,31.4
397,-4967231328.901729,-498954681.69342405,0.15,3,20,Road,26.96375,31.4
423,-1074558393.79178,-683937046.6888312,0.1,2,20,Road,26.96375,31.4
459,-5544546128.208197,-3183720788.847145,0.15,3,20,Road,26.96375,31.4
464,-2692569369.044971,-302192505.91390467,0.15,3,20,Road,26.96375,31.4
493,-209066433.04731283,-194272387.9179718,0.15,3,20,Road,26.96375,31.4
521,-5494398857.387144,-1115361314.4387403,0.1,2,20,Road,26.96375,31.4
538,-4249132570.9618225,-916833190.3130841,0.1,2,20,Road,26.96375,31.4
556,-5717182957.2822,-760013577.4670687,0.1,2,20,Road,26.96375,31.4
557,-1981113432.6522212,-1608866769.3972516,0.1,2,20,Road,26.96375,31.4
558,-6490390590.507138,-5256836896.01544,0.15,3,20,Road,26.96375,31.4
564,-4251416901.8708677,-835577111.26755,0.15,3,20,Road,26.96375,31.4
565,-5901562856.060985,-1419626171.4539733,0.05,1,20,Road,26.96375,31.4
569,-3498336029.643799,-1878010228.9969783,0.1,2,20,Road,26.96375,31.4
594,-6984594381.7276125,-4463816143.547184,0.1,2,20,Road,26.96375,31.4
602,-3881144976.4669266,-1724340125.490758,0.1,2,20,Road,26.96375,31.4
612,-6123966360.928028,-1452356505.1374612,0.1,2,20,Road,26.96375,31.4
614,-3453502063.457053,-1011855775.6443212,0.05,1,20,Road,26.96375,31.4
625,-6175140762.834638,-720906447.2248287,0.1,2,20,Road,26.96375,31.4
627,198797271.8759001,-536740667.756132,0.1,2,20,Road,26.96375,31.4
628,-6313866817.098585,-1113735557.0754774,0.05,1,20,Road,26.96375,31.4
648,-4900147658.152723,-2812341022.2923517,0.15,3,20,Road,26.96375,31.4
662,-7986747222.482663,-5396947868.424246,0.1,2,20,Road,26.96375,31.4
669,-1806084846.4498482,-357243787.14511716,0.15,3,20,Road,26.96375,31.4
670,-1187602538.467301,-424031655.7785814,0.05,1,20,Road,26.96375,31.4
673,-2817707422.177401,-192717501.80353826,0.15,3,20,Road,26.96375,31.4
680,-7958506146.110985,-3250009643.331353,0.1,2,20,Road,26.96375,31.4
682,-4811916778.109039,-3615806379.917229,0.1,2,20,Road,26.96375,31.4
689,-4074990628.670334,-844951264.888747,0.1,2,20,Road,26.96375,31.4
694,-3823553727.814692,-813365990.1704869,0.15,3,20,Road,26.96375,31.4
736,-10866789008.566868,-11715722649.698841,0.0,0,20,Road,26.96375,31.4
750,-8919708306.826511,-11917910909.436304,0.1,2,20,Road,26.96375,31.4
755,-4669662387.246951,-617736879.1686536,0.15,3,20,Road,26.96375,31.4
759,-6171027662.117514,-1053897534.9472013,0.1,2,20,Road,26.96375,31.4
760,-5084468443.6548,-484541259.15357935,0.0,0,20,Road,26.96375,31.4
761,-408530386.67835414,-408375408.4592081,0.15,3,20,Road,26.96375,31.4
764,-3859839988.592354,-1955387838.1811688,0.1,2,20,Road,26.96375,31.4
770,-2706190792.728507,-350145502.7185819,0.15,3,20,Road,26.96375,31.4
775,-5663089328.943166,-930087871.6782424,0.05,1,20,Road,26.96375,31.4
776,-754476479.9303497,-822337031.1613982,0.15,3,20,Road,26.96375,31.4
780,-1394753761.6468682,-1014721052.1668859,0.15,3,20,Road,26.96375,31.4
791,-3015402229.6684027,-751579340.6406504,0.0,0,20,Road,26.96375,31.4
809,-2833862858.5268707,-807532933.4997053,0.1,2,20,Road,26.96375,31.4
810,-4779247701.5295925,-1084585694.0515306,0.15,3,20,Road,26.96375,31.4
822,-1422601243.139212,-459625353.09154147,0.15,3,20,Road,26.96375,31.4
837,-3995230124.6021805,-1305759301.3570757,0.05,1,20,Road,26.96375,31.4
858,-6321125612.048847,-2758420783.9686365,0.15,3,20,Road,26.96375,31.4
863,-3212833626.047846,-1423211651.6148324,0.15,3,20,Road,26.96375,31.4
866,-4341858833.342003,-772956121.2142026,0.1,2,20,Road,26.96375,31.4
873,-6414412450.61936,-1588316794.5462651,0.05,1,20,Road,26.96375,31.4
878,-7679847834.728002,-3234849800.083389,0.15,3,20,Road,26.96375,31.4
940,-3987951691.3804474,-753830463.2929385,0.1,2,20,Road,26.96375,31.4
952,-3109872672.6836987,-1974826241.2151418,0.15,3,20,Road,26.96375,31.4
958,-1399335650.599138,-853569330.208011,0.15,3,20,Road,26.96375,31.4
970,-2864641092.09631,-344314551.8293234,0.15,3,20,Road,26.96375,31.4
971,-2752298190.9749713,-855916517.6654227,0.15,3,20,Road,26.96375,31.4
987,-11670938210.801033,-11790752529.019161,0.0,0,20,Road,26.96375,31.4
0,-3509198262.3011107,-475567739.72744083,0.1,2,20,Road,27.0775,31.4
2,-3827556096.0549455,-495654371.28091574,0.0,0,20,Road,27.0775,31.4
9,-2453640533.7914476,-1420588514.4489703,0.15,3,20,Road,27.0775,31.4
12,-5919702795.207595,-1509675753.6790986,0.15,3,20,Road,27.0775,31.4
15,-2213608035.7718153,-375204009.08109283,0.1,2,20,Road,27.0775,31.4
17,-3522969460.456521,-3213121247.102001,0.1,2,20,Road,27.0775,31.4
25,-3707741967.1149344,-1191172528.1057725,0.1,2,20,Road,27.0775,31.4
62,-2451720009.429483,-212793876.59577543,0.1,2,20,Road,27.0775,31.4
63,-4235964576.261831,-1218149070.905693,0.1,2,20,Road,27.0775,31.4
73,-5946025204.199648,-545883289.748425,0.05,1,20,Road,27.0775,31.4
90,-3656001658.0057135,-1171396669.7777338,0.15,3,20,Road,27.0775,31.4
94,472628619.03639424,-172574604.0754798,0.1,2,20,Road,27.0775,31.4
103,-5230976491.720766,-611195491.5132768,0.1,2,20,Road,27.0775,31.4
104,-2983381774.35988,-1036983789.2920318,0.15,3,20,Road,27.0775,31.4
109,-5276948228.516766,-1621334227.0536828,0.1,2,20,Road,27.0775,31.4
114,-2622115669.308938,-491834158.64039683,0.1,2,20,Road,27.0775,31.4
126,-3476040331.1357965,-902280947.4175291,0.05,1,20,Road,27.0775,31.4
140,-2450982353.0245953,-604683718.390433,0.15,3,20,Road,27.0775,31.4
143,-3719915545.525641,-469314644.9859074,0.05,1,20,Road,27.0775,31.4
144,-3272708012.509612,-1409853573.7586327,0.15,3,20,Road,27.0775,31.4
150,-3390738720.9304366,-593170019.2081971,0.1,2,20,Road,27.0775,31.4
152,-3712870529.3299637,-2316161495.455263,0.1,2,20,Road,27.0775,31.4
189,-6063723501.753811,-731263170.9016439,0.1,2,20,Road,27.0775,31.4
195,-3042084698.163201,-423355389.904811,0.05,1,20,Road,27.0775,31.4
197,-4721248787.221556,-493218192.7176235,0.1,2,20,Road,27.0775,31.4
201,-6994665948.576495,-1166418336.1737995,0.05,1,20,Road,27.0775,31.4
202,-2804078733.128954,-473064508.65197575,0.1,2,20,Road,27.0775,31.4
206,-3498442852.3304977,-1241128181.6893206,0.1,2,20,Road,27.0775,31.4
209,-3855723179.4942007,-835397870.7806008,0.1,2,20,Road,27.0775,31.4
233,-4114532253.4049387,-1018259212.7428541,0.15,3,20,Road,27.0775,31.4
243,-4392400376.627532,-1383259941.5508227,0.05,1,20,Road,27.0775,31.4
245,-3407547877.1294146,-1347239610.0985055,0.15,3,20,Road,27.0775,31.4
249,-3020335132.583846,-1120371703.585844,0.05,1,20,Road,27.0775,31.4
250,-4063983494.6495867,-1567011763.0935597,0.15,3,20,Road,27.0775,31.4
254,-1149664927.2020023,-443740065.48873043,0.15,3,20,Road,27.0775,31.4
261,-3161132385.4155254,-327268878.16454357,0.05,1,20,Road,27.0775,31.4
267,-5014528311.579328,-588454806.3498676,0.0,0,20,Road,27.0775,31.4
270,-6292913275.086855,-491641197.9834845,0.0,0,20,Road,27.0775,31.4
273,-3258185783.6662936,-546481183.1922345,0.1,2,20,Road,27.0775,31.4
277,-3525416451.389106,-1002716766.07258,0.1,2,20,Road,27.0775,31.4
284,-6294063147.384576,-1130812921.3564441,0.05,1,20,Road,27.0775,31.4
285,-4903345707.574209,-962891108.8171264,0.05,1,20,Road,27.0775,31.4
331,-3687155310.399788,-982699176.9734583,0.15,3,20,Road,27.0775,31.4
334,-1996009764.1342533,-497374093.35958415,0.15,3,20,Road,27.0775,31.4
348,-3706824008.993248,-1189432957.5950365,0.05,1,20,Road,27.0775,31.4
351,-4912357369.669396,-1308937134.7982683,0.05,1,20,Road,27.0775,31.4
356,-5381285046.654017,-939954185.1491559,0.15,3,20,Road,27.0775,31.4
358,-6790726173.495689,-4699812916.035181,0.0,0,20,Road,27.0775,31.4
390,-5676693220.9262905,-715963435.6052847,0.05,1,20,Road,27.0775,31.4
397,-4986088653.460145,-498962014.3694078,0.15,3,20,Road,27.0775,31.4
423,-1076072471.6335568,-683803238.8235772,0.1,2,20,Road,27.0775,31.4
459,-5554913666.492464,-3184128885.9426928,0.15,3,20,Road,27.0775,31.4
464,-2702652574.0713377,-302191602.8996184,0.15,3,20,Road,27.0775,31.4
493,-209127633.07568902,-194271177.39019537,0.15,3,20,Road,27.0775,31.4
521,-5513274792.53566,-1115763724.1870284,0.1,2,20,Road,27.0775,31.4
538,-4263657784.0424576,-917300675.7204986,0.1,2,20,Road,27.0775,31.4
556,-5737848368.03261,-759766540.3215456,0.1,2,20,Road,27.0775,31.4
557,-1981228830.1291432,-1607411797.1019697,0.1,2,20,Road,27.0775,31.4
558,-6496675669.476726,-5257918072.236025,0.15,3,20,Road,27.0775,31.4
564,-4265808325.906684,-835558381.8128052,0.15,3,20,Road,27.0775,31.4
565,-5920715703.768125,-1419871400.6779995,0.05,1,20,Road,27.0775,31.4
569,-3505219154.529242,-1878057803.9376416,0.1,2,20,Road,27.0775,31.4
594,-6995467487.102547,-4464055026.138082,0.1,2,20,Road,27.0775,31.4
602,-3890344927.126071,-1724441321.2735033,0.1,2,20,Road,27.0775,31.4
612,-6144908516.028769,-1453590881.4204855,0.1,2,20,Road,27.0775,31.4
614,-3463839725.073667,-1011893042.6482165,0.05,1,20,Road,27.0775,31.4
625,-6197970708.9765,-720727013.9813833,0.1,2,20,Road,27.0775,31.4
627,201927922.75359207,-536712976.98722106,0.1,2,20,Road,27.0775,31.4
628,-6336094394.789927,-1114025721.3570518,0.05,1,20,Road,27.0775,31.4
648,-4909051947.471234,-2812437634.4580517,0.15,3,20,Road,27.0775,31.4
662,-8016191211.386198,-5415466460.210385,0.1,2,20,Road,27.0775,31.4
669,-1812324775.3883343,-357371596.27475226,0.15,3,20,Road,27.0775,31.4
670,-1190887786.1932178,-424095682.8691695,0.05,1,20,Road,27.0775,31.4
673,-2828711907.5408363,-192648134.18129772,0.15,3,20,Road,27.0775,31.4
680,-7978732164.179358,-3250372271.5822425,0.1,2,20,Road,27.0775,31.4
682,-4817934745.670103,-3616778404.0247917,0.1,2,20,Road,27.0775,31.4
689,-4088744774.5314665,-845079079.9305334,0.1,2,20,Road,27.0775,31.4
694,-3836297678.03568,-813411081.5473957,0.15,3,20,Road,27.0775,31.4
736,-10909209685.28597,-11761724660.678898,0.0,0,20,Road,27.0775,31.4
750,-8953332880.381977,-11964183781.02327,0.1,2,20,Road,27.0775,31.4
755,-4686736044.182276,-617716974.3203278,0.15,3,20,Road,27.0775,31.4
759,-6193837960.1468315,-1055120570.3752254,0.1,2,20,Road,27.0775,31.4
760,-5104080137.475641,-484747576.59921247,0.0,0,20,Road,27.0775,31.4
761,-408479533.81452584,-408323901.8001015,0.15,3,20,Road,27.0775,31.4
764,-3868253935.9080405,-1955767612.5012867,0.1,2,20,Road,27.0775,31.4
770,-2716128527.3821654,-350143961.42810667,0.15,3,20,Road,27.0775,31.4
775,-5683480617.195068,-930512392.8534636,0.05,1,20,Road,27.0775,31.4
776,-753446594.1544412,-821593423.7296566,0.15,3,20,Road,27.0775,31.4
780,-1396887462.6173222,-1015251536.9413974,0.15,3,20,Road,27.0775,31.4
791,-3025057020.2030573,-751683907.1290617,0.0,0,20,Road,27.0775,31.4
809,-2842516103.620297,-807637848.7439141,0.1,2,20,Road,27.0775,31.4
810,-4795071236.901216,-1084822829.039281,0.15,3,20,Road,27.0775,31.4
822,-1426714217.0546925,-459675891.0516036,0.15,3,20,Road,27.0775,31.4
837,-4006590715.779596,-1305774018.6799963,0.05,1,20,Road,27.0775,31.4
858,-6336300751.523632,-2758566201.1609445,0.15,3,20,Road,27.0775,31.4
863,-3220482634.368395,-1423310912.604548,0.15,3,20,Road,27.0775,31.4
866,-4356934789.120219,-772976208.1498231,0.1,2,20,Road,27.0775,31.4
873,-6434997524.720022,-1588542371.8826308,0.05,1,20,Road,27.0775,31.4
878,-7698573066.059079,-3234823243.312262,0.15,3,20,Road,27.0775,31.4
940,-4001610382.668986,-753845603.8997309,0.1,2,20,Road,27.0775,31.4
952,-3115415083.1132326,-1975580314.2813804,0.15,3,20,Road,27.0775,31.4
958,-1402067046.2591915,-853998341.4095045,0.15,3,20,Road,27.0775,31.4
970,-2875326082.717826,-344367225.2117545,0.15,3,20,Road,27.0775,31.4
971,-2760573011.084807,-856191211.1111643,0.15,3,20,Road,27.0775,31.4
987,-11718542702.727718,-11838862472.846909,0.0,0,20,Road,27.0775,31.4
0,-3521823465.1154456,-475448949.4869237,0.1,2,20,Road,27.19125,31.4
2,-3841538152.835687,-495639426.07871807,0.0,0,20,Road,27.19125,31.4
9,-2456739614.9080915,-1419347842.3683019,0.15,3,20,Road,27.19125,31.4
12,-5938585224.547261,-1510032079.2066002,0.15,3,20,Road,27.19125,31.4
15,-2221230626.8055716,-375103639.7959099,0.1,2,20,Road,27.19125,31.4
17,-3525212785.8916564,-3214062929.687203,0.1,2,20,Road,27.19125,31.4
25,-3718890590.9797163,-1191749283.3088498,0.1,2,20,Road,27.19125,31.4
62,-2461106656.000053,-212775007.60509223,0.1,2,20,Road,27.19125,31.4
63,-4248862888.6237473,-1218369827.5946603,0.1,2,20,Road,27.19125,31.4
73,-5968950391.917602,-546122995.3218362,0.05,1,20,Road,27.19125,31.4
90,-3666460773.589074,-1171418196.314434,0.15,3,20,Road,27.19125,31.4
94,475344681.6707965,-172568978.7646479,0.1,2,20,Road,27.19125,31.4
103,-5250659593.224919,-611471332.7912788,0.1,2,20,Road,27.19125,31.4
104,-2991575088.87043,-1037000471.1444157,0.15,3,20,Road,27.19125,31.4
109,-5292708336.248388,-1621737448.3420796,0.1,2,20,Road,27.19125,31.4
114,-2631291837.4502482,-492061216.9363173,0.1,2,20,Road,27.19125,31.4
126,-3487145149.530587,-902573647.6367879,0.05,1,20,Road,27.19125,31.4
140,-2458745488.070346,-604690728.6207597,0.15,3,20,Road,27.19125,31.4
143,-3733576314.227298,-469319948.7282296,0.05,1,20,Road,27.19125,31.4
144,-3281121586.660859,-1410441473.7373042,0.15,3,20,Road,27.19125,31.4
150,-3402554928.5402,-593233907.0018438,0.1,2,20,Road,27.19125,31.4
152,-3717422231.431637,-2314845755.857989,0.1,2,20,Road,27.19125,31.4
189,-6087497387.45898,-732635898.3523788,0.1,2,20,Road,27.19125,31.4
195,-3053182098.414806,-423451757.6085666,0.05,1,20,Road,27.19125,31.4
197,-4739032757.832238,-493240609.26589787,0.1,2,20,Road,27.19125,31.4
201,-7019873907.279572,-1167142381.4465063,0.05,1,20,Road,27.19125,31.4
202,-2813962571.481643,-473155978.1362591,0.1,2,20,Road,27.19125,31.4
206,-3507936079.7258058,-1241138645.026446,0.1,2,20,Road,27.19125,31.4
209,-3868495849.2803345,-835482441.4487886,0.1,2,20,Road,27.19125,31.4
233,-4127564139.010373,-1018283950.0378716,0.15,3,20,Road,27.19125,31.4
243,-4405023158.496517,-1383241610.891326,0.05,1,20,Road,27.19125,31.4
245,-3416947238.087551,-1347983812.1470392,0.15,3,20,Road,27.19125,31.4
249,-3028529571.5266423,-1120584577.0204315,0.05,1,20,Road,27.19125,31.4
250,-4074437373.496025,-1566976101.381804,0.15,3,20,Road,27.19125,31.4
254,-1151359594.981624,-442469210.12109363,0.15,3,20,Road,27.19125,31.4
261,-3173078608.2237115,-327310310.1334792,0.05,1,20,Road,27.19125,31.4
267,-5032977780.601381,-588310761.8932076,0.0,0,20,Road,27.19125,31.4
270,-6317313790.252796,-491671121.3750545,0.0,0,20,Road,27.19125,31.4
273,-3269567902.561742,-546471689.1875281,0.1,2,20,Road,27.19125,31.4
277,-3535931129.674886,-1002633823.1154554,0.1,2,20,Road,27.19125,31.4
284,-6315750662.667826,-1130810113.928561,0.05,1,20,Road,27.19125,31.4
285,-4920731233.617328,-963723160.1816881,0.05,1,20,Road,27.19125,31.4
331,-3698811702.2998657,-982994406.0934702,0.15,3,20,Road,27.19125,31.4
334,-2002139641.2025445,-497208344.62968004,0.15,3,20,Road,27.19125,31.4
348,-3717454143.5746,-1189487771.999247,0.05,1,20,Road,27.19125,31.4
351,-4927355765.958288,-1308797905.6890783,0.05,1,20,Road,27.19125,31.4
356,-5400150730.900823,-940162261.2158785,0.15,3,20,Road,27.19125,31.4
358,-6816938173.607508,-4717241188.585882,0.0,0,20,Road,27.19125,31.4
390,-5698456981.960447,-716887643.0218525,0.05,1,20,Road,27.19125,31.4
397,-5004945978.018562,-498969347.04539156,0.15,3,20,Road,27.19125,31.4
423,-1077586549.4753342,-683669430.9583232,0.1,2,20,Road,27.19125,31.4
459,-5565281204.776731,-3184536983.0382404,0.15,3,20,Road,27.19125,31.4
464,-2712735779.097705,-302190699.8853321,0.15,3,20,Road,27.19125,31.4
493,-209188833.10406533,-194269966.862419,0.15,3,20,Road,27.19125,31.4
521,-5532150727.6841755,-1116166133.9353166,0.1,2,20,Road,27.19125,31.4
538,-4278182997.1230927,-917768161.127913,0.1,2,20,Road,27.19125,31.4
556,-5758513778.783021,-759519503.1760225,0.1,2,20,Road,27.19125,31.4
557,-1981344227.6060646,-1605956824.8066876,0.1,2,20,Road,27.19125,31.4
558,-6502960748.446314,-5258999248.45661,0.15,3,20,Road,27.19125,31.4
564,-4280199749.942501,-835539652.3580605,0.15,3,20,Road,27.19125,31.4
565,-5939868551.475265,-1420116629.9020257,0.05,1,20,Road,27.19125,31.4
569,-3512102279.4146867,-1878105378.8783054,0.1,2,20,Road,27.19125,31.4
594,-7006340592.47748,-4464293908.728981,0.1,2,20,Road,27.19125,31.4
602,-3899544877.7852173,-1724542517.0562487,0.1,2,20,Road,27.19125,31.4
612,-6165850671.129508,-1454825257.7035098,0.1,2,20,Road,27.19125,31.4
614,-3474177386.690282,-1011930309.6521118,0.05,1,20,Road,27.19125,31.4
625,-6220800655.118364,-720547580.7379378,0.1,2,20,Road,27.19125,31.4
627,205058573.63128406,-536685286.2183101,0.1,2,20,Road,27.19125,31.4
628,-6358321972.481269,-1114315885.6386263,0.05,1,20,Road,27.19125,31.4
648,-4917956236.789745,-2812534246.6237507,0.15,3,20,Road,27.19125,31.4
662,-8045635200.289734,-5433985051.996527,0.1,2,20,Road,27.19125,31.4
669,-1818564704.326821,-357499405.4043875,0.15,3,20,Road,27.19125,31.4
670,-1194173033.9191346,-424159709.9597575,0.05,1,20,Road,27.19125,31.4
673,-2839716392.9042726,-192578766.55905712,0.15,3,20,Road,27.19125,31.4
680,-7998958182.247732,-3250734899.833132,0.1,2,20,Road,27.19125,31.4
682,-4823952713.231166,-3617750428.1323547,0.1,2,20,Road,27.19125,31.4
689,-4102498920.3926,-845206894.9723198,0.1,2,20,Road,27.19125,31.4
694,-3849041628.256667,-813456172.9243045,0.15,3,20,Road,27.19125,31.4
736,-10951630362.005075,-11807726671.658955,0.0,0,20,Road,27.19125,31.4
750,-8986957453.937443,-12010456652.610237,0.1,2,20,Road,27.19125,31.4
755,-4703809701.1176,-617697069.4720018,0.15,3,20,Road,27.19125,31.4
759,-6216648258.176149,-1056343605.8032496,0.1,2,20,Road,27.19125,31.4
760,-5123691831.296483,-484953894.0448456,0.0,0,20,Road,27.19125,31.4
761,-408428680.9506973,-408272395.1409951,0.15,3,20,Road,27.19125,31.4
764,-3876667883.223727,-1956147386.8214045,0.1,2,20,Road,27.19125,31.4
770,-2726066262.035824,-350142420.1376314,0.15,3,20,Road,27.19125,31.4
775,-5703871905.446972,-930936914.0286849,0.05,1,20,Road,27.19125,31.4
776,-752416708.3785326,-820849816.297915,0.15,3,20,Road,27.19125,31.4
780,-1399021163.5877767,-1015782021.715909,0.15,3,20,Road,27.19125,31.4
791,-3034711810.737713,-751788473.6174731,0.0,0,20,Road,27.19125,31.4
809,-2851169348.713723,-807742763.9881232,0.1,2,20,Road,27.19125,31.4
810,-4810894772.272839,-1085059964.0270314,0.15,3,20,Road,27.19125,31.4
822,-1430827190.9701736,-459726429.0116658,0.15,3,20,Road,27.19125,31.4
837,-4017951306.957011,-1305788736.0029168,0.05,1,20,Road,27.19125,31.4
858,-6351475890.998417,-2758711618.3532524,0.15,3,20,Road,27.19125,31.4
863,-3228131642.688944,-1423410173.5942638,0.15,3,20,Road,27.19125,31.4
866,-4372010744.898436,-772996295.0854435,0.1,2,20,Road,27.19125,31.4
873,-6455582598.820685,-1588767949.2189965,0.05,1,20,Road,27.19125,31.4
878,-7717298297.390158,-3234796686.5411353,0.15,3,20,Road,27.19125,31.4
940,-4015269073.9575257,-753860744.5065233,0.1,2,20,Road,27.19125,31.4
952,-3120957493.542766,-1976334387.347619,0.15,3,20,Road,27.19125,31.4
958,-1404798441.919245,-854427352.6109982,0.15,3,20,Road,27.19125,31.4
970,-2886011073.3393416,-344419898.59418565,0.15,3,20,Road,27.19125,31.4
971,-2768847831.194642,-856465904.5569057,0.15,3,20,Road,27.19125,31.4
987,-11766147194.654404,-11886972416.67466,0.0,0,20,Road,27.19125,31.4
0,-3534448667.9297805,-475330159.24640656,0.1,2,20,Road,27.305,31.4
2,-3855520209.6164293,-495624480.8765204,0.0,0,20,Road,27.305,31.4
9,-2459838696.0247345,-1418107170.2876334,0.15,3,20,Road,27.305,31.4
12,-5957467653.886927,-1510388404.7341018,0.15,3,20,Road,27.305,31.4
15,-2228853217.839328,-375003270.5107269,0.1,2,20,Road,27.305,31.4
17,-3527456111.3267922,-3215004612.2724047,0.1,2,20,Road,27.305,31.4
25,-3730039214.8444977,-1192326038.5119274,0.1,2,20,Road,27.305,31.4
62,-2470493302.570623,-212756138.61440903,0.1,2,20,Road,27.305,31.4
63,-4261761200.985662,-1218590584.283627,0.1,2,20,Road,27.305,31.4
73,-5991875579.635554,-546362700.8952475,0.05,1,20,Road,27.305,31.4
90,-3676919889.1724343,-1171439722.8511343,0.15,3,20,Road,27.305,31.4
94,478060744.30519855,-172563353.45381603,0.1,2,20,Road,27.305,31.4
103,-5270342694.729072,-611747174.0692811,0.1,2,20,Road,27.305,31.4
104,-2999768403.3809786,-1037017152.9967997,0.15,3,20,Road,27.305,31.4
109,-5308468443.980009,-1622140669.6304765,0.1,2,20,Road,27.305,31.4
114,-2640468005.591559,-492288275.23223776,0.1,2,20,Road,27.305,31.4
126,-3498249967.925378,-902866347.8560469,0.05,1,20,Road,27.305,31.4
140,-2466508623.116096,-604697738.8510864,0.15,3,20,Road,27.305,31.4
143,-3747237082.928955,-469325252.4705517,0.05,1,20,Road,27.305,31.4
144,-3289535160.812106,-1411029373.7159753,0.15,3,20,Road,27.305,31.4
150,-3414371136.149964,-593297794.7954903,0.1,2,20,Road,27.305,31.4
152,-3721973933.53331,-2313530016.2607145,0.1,2,20,Road,27.305,31.4
189,-6111271273.164148,-734008625.8031137,0.1,2,20,Road,27.305,31.4
195,-3064279498.666411,-423548125.3123222,0.05,1,20,Road,27.305,31.4
197,-4756816728.442919,-493263025.81417227,0.1,2,20,Road,27.305,31.4
201,-7045081865.982648,-1167866426.7192128,0.05,1,20,Road,27.305,31.4
202,-2823846409.8343325,-473247447.6205424,0.1,2,20,Road,27.305,31.4
206,-3517429307.121114,-1241149108.3635716,0.1,2,20,Road,27.305,31.4
209,-3881268519.0664682,-835567012.1169765,0.1,2,20,Road,27.305,31.4
233,-4140596024.6158066,-1018308687.3328891,0.15,3,20,Road,27.305,31.4
243,-4417645940.365503,-1383223280.231829,0.05,1,20,Road,27.305,31.4
245,-3426346599.045687,-1348728014.1955729,0.15,3,20,Road,27.305,31.4
249,-3036724010.4694386,-1120797450.455019,0.05,1,20,Road,27.305,31.4
250,-4084891252.3424635,-1566940439.670048,0.15,3,20,Road,27.305,31.4
254,-1153054262.7612453,-441198354.75345695,0.15,3,20,Road,27.305,31.4
261,-3185024831.0318975,-327351742.10241485,0.05,1,20,Road,27.305,31.4
267,-5051427249.623434,-588166717.4365478,0.0,0,20,Road,27.305,31.4
270,-6341714305.418736,-491701044.7666244,0.0,0,20,Road,27.305,31.4
273,-3280950021.457189,-546462195.1828218,0.1,2,20,Road,27.305,31.4
277,-3546445807.9606667,-1002550880.1583309,0.1,2,20,Road,27.305,31.4
284,-6337438177.951076,-1130807306.5006778,0.05,1,20,Road,27.305,31.4
285,-4938116759.660446,-964555211.5462499,0.05,1,20,Road,27.305,31.4
331,-3710468094.1999445,-983289635.2134821,0.15,3,20,Road,27.305,31.4
334,-2008269518.2708347,-497042595.89977586,0.15,3,20,Road,27.305,31.4
348,-3728084278.1559515,-1189542586.4034579,0.05,1,20,Road,27.305,31.4
351,-4942354162.247182,-1308658676.5798879,0.05,1,20,Road,27.305,31.4
356,-5419016415.147627,-940370337.282601,0.15,3,20,Road,27.305,31.4
358,-6843150173.719324,-4734669461.136582,0.0,0,20,Road,27.305,31.4
390,-5720220742.994604,-717811850.4384203,0.05,1,20,Road,27.305,31.4
397,-5023803302.576979,-498976679.72137535,0.15,3,20,Road,27.305,31.4
423,-1079100627.3171115,-683535623.0930692,0.1,2,20,Road,27.305,31.4
459,-5575648743.060995,-3184945080.1337876,0.15,3,20,Road,27.305,31.4
464,-2722818984.1240716,-302189796.8710458,0.15,3,20,Road,27.305,31.4
493,-209250033.13244152,-194268756.3346426,0.15,3,20,Road,27.305,31.4
521,-5551026662.832691,-1116568543.6836047,0.1,2,20,Road,27.305,31.4
538,-4292708210.203727,-918235646.5353274,0.1,2,20,Road,27.305,31.4
556,-5779179189.53343,-759272466.0304993,0.1,2,20,Road,27.305,31.4
557,-1981459625.082986,-1604501852.5114055,0.1,2,20,Road,27.305,31.4
558,-6509245827.415902,-5260080424.677195,0.15,3,20,Road,27.305,31.4
564,-4294591173.9783173,-835520922.9033158,0.15,3,20,Road,27.305,31.4
565,-5959021399.182404,-1420361859.126052,0.05,1,20,Road,27.305,31.4
569,-3518985404.3001304,-1878152953.8189688,0.1,2,20,Road,27.305,31.4
594,-7017213697.852414,-4464532791.31988,0.1,2,20,Road,27.305,31.4
602,-3908744828.4443636,-1724643712.838994,0.1,2,20,Road,27.305,31.4
612,-6186792826.2302475,-1456059633.986534,0.1,2,20,Road,27.305,31.4
614,-3484515048.306896,-1011967576.6560069,0.05,1,20,Road,27.305,31.4
625,-6243630601.260226,-720368147.4944923,0.1,2,20,Road,27.305,31.4
627,208189224.508976,-536657595.4493991,0.1,2,20,Road,27.305,31.4
628,-6380549550.172611,-1114606049.9202008,0.05,1,20,Road,27.305,31.4
648,-4926860526.108256,-2812630858.78945,0.15,3,20,Road,27.305,31.4
662,-8075079189.193268,-5452503643.782666,0.1,2,20,Road,27.305,31.4
669,-1824804633.2653077,-357627214.53402257,0.15,3,20,Road,27.305,31.4
670,-1197458281.6450512,-424223737.05034554,0.05,1,20,Road,27.305,31.4
673,-2850720878.2677083,-192509398.93681657,0.15,3,20,Road,27.305,31.4
680,-8019184200.316106,-3251097528.0840216,0.1,2,20,Road,27.305,31.4
682,-4829970680.79223,-3618722452.2399178,0.1,2,20,Road,27.305,31.4
689,-4116253066.253733,-845334710.0141063,0.1,2,20,Road,27.305,31.4
694,-3861785578.477655,-813501264.3012133,0.15,3,20,Road,27.305,31.4
736,-10994051038.724178,-11853728682.639011,0.0,0,20,Road,27.305,31.4
750,-9020582027.492908,-12056729524.1972,0.1,2,20,Road,27.305,31.4
755,-4720883358.052925,-617677164.623676,0.15,3,20,Road,27.305,31.4
759,-6239458556.205467,-1057566641.2312738,0.1,2,20,Road,27.305,31.4
760,-5143303525.117323,-485160211.4904787,0.0,0,20,Road,27.305,31.4
761,-408377828.08686876,-408220888.4818886,0.15,3,20,Road,27.305,31.4
764,-3885081830.5394144,-1956527161.1415224,0.1,2,20,Road,27.305,31.4
770,-2736003996.6894817,-350140878.8471562,0.15,3,20,Road,27.305,31.4
775,-5724263193.698874,-931361435.203906,0.05,1,20,Road,27.305,31.4
776,-751386822.6026242,-820106208.8661733,0.15,3,20,Road,27.305,31.4
780,-1401154864.5582309,-1016312506.4904206,0.15,3,20,Road,27.305,31.4
791,-3044366601.272368,-751893040.1058844,0.0,0,20,Road,27.305,31.4
809,-2859822593.80715,-807847679.232332,0.1,2,20,Road,27.305,31.4
810,-4826718307.644461,-1085297099.0147815,0.15,3,20,Road,27.305,31.4
822,-1434940164.8856542,-459776966.97172797,0.15,3,20,Road,27.305,31.4
837,-4029311898.134427,-1305803453.3258376,0.05,1,20,Road,27.305,31.4
858,-6366651030.473201,-2758857035.5455604,0.15,3,20,Road,27.305,31.4
863,-3235780651.009493,-1423509434.5839796,0.15,3,20,Road,27.305,31.4
866,-4387086700.676651,-773016382.0210638,0.1,2,20,Road,27.305,31.4
873,-6476167672.921348,-1588993526.5553622,0.05,1,20,Road,27.305,31.4
878,-7736023528.721235,-3234770129.770008,0.15,3,20,Road,27.305,31.4
940,-4028927765.2460647,-753875885.1133156,0.1,2,20,Road,27.305,31.4
952,-3126499903.9722996,-1977088460.4138577,0.15,3,20,Road,27.305,31.4
958,-1407529837.5792985,-854856363.8124918,0.15,3,20,Road,27.305,31.4
970,-2896696063.9608574,-344472571.97661674,0.15,3,20,Road,27.305,31.4
971,-2777122651.3044777,-856740598.0026472,0.15,3,20,Road,27.305,31.4
987,-11813751686.581089,-11935082360.502407,0.0,0,20,Road,27.305,31.4
0,-3547073870.7441154,-475211369.0058894,0.1,2,20,Road,27.418750000000003,31.4
2,-3869502266.397171,-495609535.6743227,0.0,0,20,Road,27.418750000000003,31.4
9,-2462937777.141378,-1416866498.2069654,0.15,3,20,Road,27.418750000000003,31.4
12,-5976350083.226592,-1510744730.2616036,0.15,3,20,Road,27.418750000000003,31.4
15,-2236475808.873084,-374902901.22554404,0.1,2,20,Road,27.418750000000003,31.4
17,-3529699436.761927,-3215946294.8576064,0.1,2,20,Road,27.418750000000003,31.4
25,-3741187838.709279,-1192902793.7150047,0.1,2,20,Road,27.418750000000003,31.4
62,-2479879949.141193,-212737269.62372583,0.1,2,20,Road,27.418750000000003,31.4
63,-4274659513.3475776,-1218811340.9725943,0.1,2,20,Road,27.418750000000003,31.4
73,-6014800767.353508,-546602406.4686587,0.05,1,20,Road,27.418750000000003,31.4
90,-3687379004.7557936,-1171461249.3878345,0.15,3,20,Road,27.418750000000003,31.4
94,480776806.9396008,-172557728.14298415,0.1,2,20,Road,27.418750000000003,31.4
103,-5290025796.233225,-612023015.3472831,0.1,2,20,Road,27.418750000000003,31.4
104,-3007961717.891528,-1037033834.8491837,0.15,3,20,Road,27.418750000000003,31.4
109,-5324228551.711632,-1622543890.9188735,0.1,2,20,Road,27.418750000000003,31.4
114,-2649644173.732869,-492515333.52815825,0.1,2,20,Road,27.418750000000003,31.4
126,-3509354786.3201685,-903159048.0753058,0.05,1,20,Road,27.418750000000003,31.4
140,-2474271758.1618466,-604704749.081413,0.15,3,20,Road,27.418750000000003,31.4
143,-3760897851.6306124,-469330556.21287394,0.05,1,20,Road,27.418750000000003,31.4
144,-3297948734.963353,-1411617273.6946464,0.15,3,20,Road,27.418750000000003,31.4
150,-3426187343.759727,-593361682.5891368,0.1,2,20,Road,27.418750000000003,31.4
152,-3726525635.634983,-2312214276.66344,0.1,2,20,Road,27.418750000000003,31.4
189,-6135045158.869318,-735381353.2538487,0.1,2,20,Road,27.418750000000003,31.4
195,-3075376898.918016,-423644493.01607776,0.05,1,20,Road,27.418750000000003,31.4
197,-4774600699.053601,-493285442.3624468,0.1,2,20,Road,27.418750000000003,31.4
201,-7070289824.685722,-1168590471.9919195,0.05,1,20,Road,27.418750000000003,31.4
202,-2833730248.1870217,-473338917.10482574,0.1,2,20,Road,27.418750000000003,31.4
206,-3526922534.5164213,-1241159571.7006972,0.1,2,20,Road,27.418750000000003,31.4
209,-3894041188.8526015,-835651582.7851642,0.1,2,20,Road,27.418750000000003,31.4
233,-4153627910.221242,-1018333424.6279066,0.15,3,20,Road,27.418750000000003,31.4
243,-4430268722.234488,-1383204949.5723321,0.05,1,20,Road,27.418750000000003,31.4
245,-3435745960.0038233,-1349472216.2441063,0.15,3,20,Road,27.418750000000003,31.4
249,-3044918449.412235,-1121010323.8896065,0.05,1,20,Road,27.418750000000003,31.4
250,-4095345131.1889014,-1566904777.958292,0.15,3,20,Road,27.418750000000003,31.4
254,-1154748930.5408669,-439927499.3858202,0.15,3,20,Road,27.418750000000003,31.4
261,-3196971053.8400836,-327393174.07135046,0.05,1,20,Road,27.418750000000003,31.4
267,-5069876718.645487,-588022672.9798877,0.0,0,20,Road,27.418750000000003,31.4
270,-6366114820.584677,-491730968.1581943,0.0,0,20,Road,27.418750000000003,31.4
273,-3292332140.3526373,-546452701.1781154,0.1,2,20,Road,27.418750000000003,31.4
277,-3556960486.246447,-1002467937.2012064,0.1,2,20,Road,27.418750000000003,31.4
284,-6359125693.234325,-1130804499.0727944,0.05,1,20,Road,27.418750000000003,31.4
285,-4955502285.703565,-965387262.9108114,0.05,1,20,Road,27.418750000000003,31.4
331,-3722124486.100023,-983584864.3334942,0.15,3,20,Road,27.418750000000003,31.4
334,-2014399395.3391254,-496876847.1698717,0.15,3,20,Road,27.418750000000003,31.4
348,-3738714412.7373037,-1189597400.8076684,0.05,1,20,Road,27.418750000000003,31.4
351,-4957352558.536074,-1308519447.4706979,0.05,1,20,Road,27.418750000000003,31.4
356,-5437882099.394433,-940578413.3493235,0.15,3,20,Road,27.418750000000003,31.4
358,-6869362173.831141,-4752097733.6872835,0.0,0,20,Road,27.418750000000003,31.4
390,-5741984504.028761,-718736057.8549881,0.05,1,20,Road,27.418750000000003,31.4
397,-5042660627.135395,-498984012.397359,0.15,3,20,Road,27.418750000000003,31.4
423,-1080614705.1588886,-683401815.2278152,0.1,2,20,Road,27.418750000000003,31.4
459,-5586016281.345263,-3185353177.229335,0.15,3,20,Road,27.418750000000003,31.4
464,-2732902189.150439,-302188893.85675955,0.15,3,20,Road,27.418750000000003,31.4
493,-209311233.1608178,-194267545.80686617,0.15,3,20,Road,27.418750000000003,31.4
521,-5569902597.981207,-1116970953.431893,0.1,2,20,Road,27.418750000000003,31.4
538,-4307233423.284363,-918703131.942742,0.1,2,20,Road,27.418750000000003,31.4
556,-5799844600.283841,-759025428.8849763,0.1,2,20,Road,27.418750000000003,31.4
557,-1981575022.5599074,-1603046880.2161233,0.1,2,20,Road,27.418750000000003,31.4
558,-6515530906.38549,-5261161600.897779,0.15,3,20,Road,27.418750000000003,31.4
564,-4308982598.014135,-835502193.448571,0.15,3,20,Road,27.418750000000003,31.4
565,-5978174246.889544,-1420607088.3500783,0.05,1,20,Road,27.418750000000003,31.4
569,-3525868529.185575,-1878200528.759632,0.1,2,20,Road,27.418750000000003,31.4
594,-7028086803.227348,-4464771673.910778,0.1,2,20,Road,27.418750000000003,31.4
602,-3917944779.103509,-1724744908.6217394,0.1,2,20,Road,27.418750000000003,31.4
612,-6207734981.330988,-1457294010.2695584,0.1,2,20,Road,27.418750000000003,31.4
614,-3494852709.92351,-1012004843.6599023,0.05,1,20,Road,27.418750000000003,31.4
625,-6266460547.40209,-720188714.2510469,0.1,2,20,Road,27.418750000000003,31.4
627,211319875.38666803,-536629904.6804881,0.1,2,20,Road,27.418750000000003,31.4
628,-6402777127.863955,-1114896214.2017753,0.05,1,20,Road,27.418750000000003,31.4
648,-4935764815.426767,-2812727470.9551497,0.15,3,20,Road,27.418750000000003,31.4
662,-8104523178.096802,-5471022235.568807,0.1,2,20,Road,27.418750000000003,31.4
669,-1831044562.2037938,-357755023.6636577,0.15,3,20,Road,27.418750000000003,31.4
670,-1200743529.3709679,-424287764.14093363,0.05,1,20,Road,27.418750000000003,31.4
673,-2861725363.631144,-192440031.31457603,0.15,3,20,Road,27.418750000000003,31.4
680,-8039410218.384479,-3251460156.3349113,0.1,2,20,Road,27.418750000000003,31.4
682,-4835988648.353292,-3619694476.347481,0.1,2,20,Road,27.418750000000003,31.4
689,-4130007212.1148667,-845462525.0558928,0.1,2,20,Road,27.418750000000003,31.4
694,-3874529528.6986427,-813546355.6781222,0.15,3,20,Road,27.418750000000003,31.4
736,-11036471715.443281,-11899730693.619068,0.0,0,20,Road,27.418750000000003,31.4
750,-9054206601.048374,-12103002395.784166,0.1,2,20,Road,27.418750000000003,31.4
755,-4737957014.98825,-617657259.7753501,0.15,3,20,Road,27.418750000000003,31.4
759,-6262268854.234785,-1058789676.659298,0.1,2,20,Road,27.418750000000003,31.4
760,-5162915218.938166,-485366528.9361118,0.0,0,20,Road,27.418750000000003,31.4
761,-408326975.2230402,-408169381.82278204,0.15,3,20,Road,27.418750000000003,31.4
764,-3893495777.8551016,-1956906935.4616404,0.1,2,20,Road,27.418750000000003,31.4
770,-2745941731.3431406,-350139337.55668104,0.15,3,20,Road,27.418750000000003,31.4
775,-5744654481.950778,-931785956.3791275,0.05,1,20,Road,27.418750000000003,31.4
776,-750356936.8267156,-819362601.4344318,0.15,3,20,Road,27.418750000000003,31.4
780,-1403288565.528685,-1016842991.2649322,0.15,3,20,Road,27.418750000000003,31.4
791,-3054021391.807023,-751997606.5942957,0.0,0,20,Road,27.418750000000003,31.4
809,-2868475838.9005766,-807952594.4765408,0.1,2,20,Road,27.418750000000003,31.4
810,-4842541843.016083,-1085534234.002532,0.15,3,20,Road,27.418750000000003,31.4
822,-1439053138.8011355,-459827504.9317901,0.15,3,20,Road,27.418750000000003,31.4
837,-4040672489.3118424,-1305818170.6487582,0.05,1,20,Road,27.418750000000003,31.4
858,-6381826169.947985,-2759002452.7378683,0.15,3,20,Road,27.418750000000003,31.4
863,-3243429659.330042,-1423608695.5736952,0.15,3,20,Road,27.418750000000003,31.4
866,-4402162656.454867,-773036468.9566841,0.1,2,20,Road,27.418750000000003,31.4
873,-6496752747.022012,-1589219103.891728,0.05,1,20,Road,27.418750000000003,31.4
878,-7754748760.052313,-3234743572.9988813,0.15,3,20,Road,27.418750000000003,31.4
940,-4042586456.5346045,-753891025.7201078,0.1,2,20,Road,27.418750000000003,31.4
952,-3132042314.4018335,-1977842533.4800963,0.15,3,20,Road,27.418750000000003,31.4
958,-1410261233.2393517,-855285375.0139854,0.15,3,20,Road,27.418750000000003,31.4
970,-2907381054.5823736,-344525245.3590479,0.15,3,20,Road,27.418750000000003,31.4
971,-2785397471.414313,-857015291.4483888,0.15,3,20,Road,27.418750000000003,31.4
987,-11861356178.507774,-11983192304.330158,0.0,0,20,Road,27.418750000000003,31.4
0,-3559699073.55845,-475092578.76537234,0.1,2,20,Road,27.532500000000002,31.4
2,-3883484323.1779127,-495594590.47212505,0.0,0,20,Road,27.532500000000002,31.4
9,-2466036858.2580214,-1415625826.126297,0.15,3,20,Road,27.532500000000002,31.4
12,-5995232512.566257,-1511101055.7891054,0.15,3,20,Road,27.532500000000002,31.4
15,-2244098399.90684,-374802531.9403611,0.1,2,20,Road,27.532500000000002,31.4
17,-3531942762.1970625,-3216887977.442808,0.1,2,20,Road,27.532500000000002,31.4
25,-3752336462.57406,-1193479548.918082,0.1,2,20,Road,27.532500000000002,31.4
62,-2489266595.711763,-212718400.63304263,0.1,2,20,Road,27.532500000000002,31.4
63,-4287557825.709493,-1219032097.6615615,0.1,2,20,Road,27.532500000000002,31.4
73,-6037725955.071461,-546842112.04207,0.05,1,20,Road,27.532500000000002,31.4
90,-3697838120.3391542,-1171482775.9245346,0.15,3,20,Road,27.532500000000002,31.4
94,483492869.57400304,-172552102.83215225,0.1,2,20,Road,27.532500000000002,31.4
103,-5309708897.737378,-612298856.6252853,0.1,2,20,Road,27.532500000000002,31.4
104,-3016155032.402077,-1037050516.7015676,0.15,3,20,Road,27.532500000000002,31.4
109,-5339988659.4432535,-1622947112.2072706,0.1,2,20,Road,27.532500000000002,31.4
114,-2658820341.8741794,-492742391.8240787,0.1,2,20,Road,27.532500000000002,31.4
126,-3520459604.714958,-903451748.2945647,0.05,1,20,Road,27.532500000000002,31.4
140,-2482034893.207597,-604711759.3117396,0.15,3,20,Road,27.532500000000002,31.4
143,-3774558620.332269,-469335859.95519614,0.05,1,20,Road,27.532500000000002,31.4
144,-3306362309.1146,-1412205173.6733174,0.15,3,20,Road,27.532500000000002,31.4
150,-3438003551.3694906,-593425570.3827834,0.1,2,20,Road,27.532500000000002,31.4
152,-3731077337.736656,-2310898537.066166,0.1,2,20,Road,27.532500000000002,31.4
189,-6158819044.574487,-736754080.7045835,0.1,2,20,Road,27.532500000000002,31.4
195,-3086474299.169621,-423740860.7198334,0.05,1,20,Road,27.532500000000002,31.4
197,-4792384669.664282,-493307858.9107212,0.1,2,20,Road,27.532500000000002,31.4
201,-7095497783.388799,-1169314517.2646263,0.05,1,20,Road,27.532500000000002,31.4
202,-2843614086.5397105,-473430386.58910906,0.1,2,20,Road,27.532500000000002,31.4
206,-3536415761.9117293,-1241170035.0378227,0.1,2,20,Road,27.532500000000002,31.4
209,-3906813858.6387353,-835736153.4533521,0.1,2,20,Road,27.532500000000002,31.4
233,-4166659795.8266764,-1018358161.922924,0.15,3,20,Road,27.532500000000002,31.4
243,-4442891504.103474,-1383186618.9128351,0.05,1,20,Road,27.532500000000002,31.4
245,-3445145320.96196,-1350216418.2926397,0.15,3,20,Road,27.532500000000002,31.4
249,-3053112888.355031,-1121223197.3241942,0.05,1,20,Road,27.532500000000002,31.4
250,-4105799010.0353403,-1566869116.2465363,0.15,3,20,Road,27.532500000000002,31.4
254,-1156443598.3204885,-438656644.0181836,0.15,3,20,Road,27.532500000000002,31.4
261,-3208917276.648269,-327434606.04028606,0.05,1,20,Road,27.532500000000002,31.4
267,-5088326187.66754,-587878628.5232277,0.0,0,20,Road,27.532500000000002,31.4
270,-6390515335.750616,-491760891.5497643,0.0,0,20,Road,27.532500000000002,31.4
273,-3303714259.248085,-546443207.173409,0.1,2,20,Road,27.532500000000002,31.4
277,-3567475164.5322275,-1002384994.244082,0.1,2,20,Road,27.532500000000002,31.4
284,-6380813208.517575,-1130801691.6449115,0.05,1,20,Road,27.532500000000002,31.4
285,-4972887811.746683,-966219314.2753732,0.05,1,20,Road,27.532500000000002,31.4
331,-3733780878.0001006,-983880093.453506,0.15,3,20,Road,27.532500000000002,31.4
334,-2020529272.407416,-496711098.4399676,0.15,3,20,Road,27.532500000000002,31.4
348,-3749344547.318656,-1189652215.2118793,0.05,1,20,Road,27.532500000000002,31.4
351,-4972350954.824967,-1308380218.3615074,0.05,1,20,Road,27.532500000000002,31.4
356,-5456747783.641237,-940786489.4160461,0.15,3,20,Road,27.532500000000002,31.4
358,-6895574173.94296,-4769526006.237984,0.0,0,20,Road,27.532500000000002,31.4
390,-5763748265.062918,-719660265.2715559,0.05,1,20,Road,27.532500000000002,31.4
397,-5061517951.693811,-498991345.0733428,0.15,3,20,Road,27.532500000000002,31.4
423,-1082128783.0006657,-683268007.3625612,0.1,2,20,Road,27.532500000000002,31.4
459,-5596383819.629529,-3185761274.3248825,0.15,3,20,Road,27.532500000000002,31.4
464,-2742985394.176805,-302187990.84247327,0.15,3,20,Road,27.532500000000002,31.4
493,-209372433.1891943,-194266335.27908978,0.15,3,20,Road,27.532500000000002,31.4
521,-5588778533.129723,-1117373363.1801813,0.1,2,20,Road,27.532500000000002,31.4
538,-4321758636.364997,-919170617.3501564,0.1,2,20,Road,27.532500000000002,31.4
556,-5820510011.034251,-758778391.7394531,0.1,2,20,Road,27.532500000000002,31.4
557,-1981690420.036829,-1601591907.9208412,0.1,2,20,Road,27.532500000000002,31.4
558,-6521815985.355078,-5262242777.118364,0.15,3,20,Road,27.532500000000002,31.4
564,-4323374022.049952,-835483463.9938262,0.15,3,20,Road,27.532500000000002,31.4
565,-5997327094.5966835,-1420852317.5741048,0.05,1,20,Road,27.532500000000002,31.4
569,-3532751654.071019,-1878248103.700296,0.1,2,20,Road,27.532500000000002,31.4
594,-7038959908.602282,-4465010556.501677,0.1,2,20,Road,27.532500000000002,31.4
602,-3927144729.7626543,-1724846104.4044847,0.1,2,20,Road,27.532500000000002,31.4
612,-6228677136.431727,-1458528386.5525827,0.1,2,20,Road,27.532500000000002,31.4
614,-3505190371.5401244,-1012042110.6637975,0.05,1,20,Road,27.532500000000002,31.4
625,-6289290493.543953,-720009281.0076014,0.1,2,20,Road,27.532500000000002,31.4
627,214450526.26436004,-536602213.9115771,0.1,2,20,Road,27.532500000000002,31.4
628,-6425004705.555296,-1115186378.4833496,0.05,1,20,Road,27.532500000000002,31.4
648,-4944669104.745278,-2812824083.120849,0.15,3,20,Road,27.532500000000002,31.4
662,-8133967167.000338,-5489540827.354946,0.1,2,20,Road,27.532500000000002,31.4
669,-1837284491.14228,-357882832.7932929,0.15,3,20,Road,27.532500000000002,31.4
670,-1204028777.0968845,-424351791.23152167,0.05,1,20,Road,27.532500000000002,31.4
673,-2872729848.9945793,-192370663.69233546,0.15,3,20,Road,27.532500000000002,31.4
680,-8059636236.452852,-3251822784.5858,0.1,2,20,Road,27.532500000000002,31.4
682,-4842006615.914355,-3620666500.455044,0.1,2,20,Road,27.532500000000002,31.4
689,-4143761357.9759994,-845590340.0976794,0.1,2,20,Road,27.532500000000002,31.4
694,-3887273478.9196296,-813591447.055031,0.15,3,20,Road,27.532500000000002,31.4
736,-11078892392.162386,-11945732704.599123,0.0,0,20,Road,27.532500000000002,31.4
750,-9087831174.60384,-12149275267.371132,0.1,2,20,Road,27.532500000000002,31.4
755,-4755030671.923574,-617637354.9270241,0.15,3,20,Road,27.532500000000002,31.4
759,-6285079152.264102,-1060012712.0873221,0.1,2,20,Road,27.532500000000002,31.4
760,-5182526912.759006,-485572846.38174486,0.0,0,20,Road,27.532500000000002,31.4
761,-408276122.3592119,-408117875.1636756,0.15,3,20,Road,27.532500000000002,31.4
764,-3901909725.170789,-1957286709.7817583,0.1,2,20,Road,27.532500000000002,31.4
770,-2755879465.9967985,-350137796.2662057,0.15,3,20,Road,27.532500000000002,31.4
775,-5765045770.202682,-932210477.5543487,0.05,1,20,Road,27.532500000000002,31.4
776,-749327051.0508069,-818618994.0026901,0.15,3,20,Road,27.532500000000002,31.4
780,-1405422266.4991393,-1017373476.0394437,0.15,3,20,Road,27.532500000000002,31.4
791,-3063676182.341678,-752102173.0827072,0.0,0,20,Road,27.532500000000002,31.4
809,-2877129083.994003,-808057509.7207497,0.1,2,20,Road,27.532500000000002,31.4
810,-4858365378.387706,-1085771368.9902823,0.15,3,20,Road,27.532500000000002,31.4
822,-1443166112.7166162,-459878042.89185226,0.15,3,20,Road,27.532500000000002,31.4
837,-4052033080.489258,-1305832887.9716787,0.05,1,20,Road,27.532500000000002,31.4
858,-6397001309.42277,-2759147869.9301763,0.15,3,20,Road,27.532500000000002,31.4
863,-3251078667.650591,-1423707956.5634112,0.15,3,20,Road,27.532500000000002,31.4
866,-4417238612.233084,-773056555.8923047,0.1,2,20,Road,27.532500000000002,31.4
873,-6517337821.122674,-1589444681.2280936,0.05,1,20,Road,27.532500000000002,31.4
878,-7773473991.38339,-3234717016.2277546,0.15,3,20,Road,27.532500000000002,31.4
940,-4056245147.823143,-753906166.3269002,0.1,2,20,Road,27.532500000000002,31.4
952,-3137584724.831367,-1978596606.5463347,0.15,3,20,Road,27.532500000000002,31.4
958,-1412992628.899405,-855714386.2154789,0.15,3,20,Road,27.532500000000002,31.4
970,-2918066045.203889,-344577918.74147904,0.15,3,20,Road,27.532500000000002,31.4
971,-2793672291.5241485,-857289984.8941302,0.15,3,20,Road,27.532500000000002,31.4
987,-11908960670.43446,-12031302248.157907,0.0,0,20,Road,27.532500000000002,31.4
0,-3572324276.372785,-474973788.5248552,0.1,2,20,Road,27.646250000000002,31.4
2,-3897466379.958655,-495579645.2699274,0.0,0,20,Road,27.646250000000002,31.4
9,-2469135939.374665,-1414385154.045629,0.15,3,20,Road,27.646250000000002,31.4
12,-6014114941.905923,-1511457381.316607,0.15,3,20,Road,27.646250000000002,31.4
15,-2251720990.940596,-374702162.6551782,0.1,2,20,Road,27.646250000000002,31.4
17,-3534186087.6321983,-3217829660.02801,0.1,2,20,Road,27.646250000000002,31.4
25,-3763485086.438842,-1194056304.1211596,0.1,2,20,Road,27.646250000000002,31.4
62,-2498653242.282333,-212699531.64235944,0.1,2,20,Road,27.646250000000002,31.4
63,-4300456138.071409,-1219252854.3505282,0.1,2,20,Road,27.646250000000002,31.4
73,-6060651142.789413,-547081817.6154813,0.05,1,20,Road,27.646250000000002,31.4
90,-3708297235.9225144,-1171504302.4612346,0.15,3,20,Road,27.646250000000002,31.4
94,486208932.2084053,-172546477.52132037,0.1,2,20,Road,27.646250000000002,31.4
103,-5329391999.24153,-612574697.9032874,0.1,2,20,Road,27.646250000000002,31.4
104,-3024348346.9126263,-1037067198.5539515,0.15,3,20,Road,27.646250000000002,31.4
109,-5355748767.174875,-1623350333.4956675,0.1,2,20,Road,27.646250000000002,31.4
114,-2667996510.01549,-492969450.1199992,0.1,2,20,Road,27.646250000000002,31.4
126,-3531564423.109749,-903744448.5138237,0.05,1,20,Road,27.646250000000002,31.4
140,-2489798028.2533474,-604718769.5420663,0.15,3,20,Road,27.646250000000002,31.4
143,-3788219389.0339265,-469341163.69751835,0.05,1,20,Road,27.646250000000002,31.4
144,-3314775883.265847,-1412793073.6519885,0.15,3,20,Road,27.646250000000002,31.4
150,-3449819758.9792542,-593489458.17643,0.1,2,20,Road,27.646250000000002,31.4
152,-3735629039.8383293,-2309582797.468892,0.1,2,20,Road,27.646250000000002,31.4
189,-6182592930.2796545,-738126808.1553184,0.1,2,20,Road,27.646250000000002,31.4
195,-3097571699.4212255,-423837228.423589,0.05,1,20,Road,27.646250000000002,31.4
197,-4810168640.274962,-493330275.4589956,0.1,2,20,Road,27.646250000000002,31.4
201,-7120705742.091873,-1170038562.537333,0.05,1,20,Road,27.646250000000002,31.4
202,-2853497924.8924,-473521856.07339245,0.1,2,20,Road,27.646250000000002,31.4
206,-3545908989.3070383,-1241180498.374948,0.1,2,20,Road,27.646250000000002,31.4
209,-3919586528.4248686,-835820724.12154,0.1,2,20,Road,27.646250000000002,31.4
233,-4179691681.43211,-1018382899.2179415,0.15,3,20,Road,27.646250000000002,31.4
243,-4455514285.972459,-1383168288.2533383,0.05,1,20,Road,27.646250000000002,31.4
245,-3454544681.920096,-1350960620.3411734,0.15,3,20,Road,27.646250000000002,31.4
249,-3061307327.2978277,-1121436070.7587817,0.05,1,20,Road,27.646250000000002,31.4
250,-4116252888.881778,-1566833454.5347805,0.15,3,20,Road,27.646250000000002,31.4
254,-1158138266.1001098,-437385788.65054685,0.15,3,20,Road,27.646250000000002,31.4
261,-3220863499.456455,-327476038.0092217,0.05,1,20,Road,27.646250000000002,31.4
267,-5106775656.689592,-587734584.0665678,0.0,0,20,Road,27.646250000000002,31.4
270,-6414915850.916556,-491790814.9413342,0.0,0,20,Road,27.646250000000002,31.4
273,-3315096378.1435323,-546433713.1687026,0.1,2,20,Road,27.646250000000002,31.4
277,-3577989842.8180075,-1002302051.2869575,0.1,2,20,Road,27.646250000000002,31.4
284,-6402500723.800825,-1130798884.2170281,0.05,1,20,Road,27.646250000000002,31.4
285,-4990273337.789801,-967051365.6399349,0.05,1,20,Road,27.646250000000002,31.4
331,-3745437269.9001784,-984175322.5735179,0.15,3,20,Road,27.646250000000002,31.4
334,-2026659149.4757066,-496545349.71006346,0.15,3,20,Road,27.646250000000002,31.4
348,-3759974681.900008,-1189707029.6160898,0.05,1,20,Road,27.646250000000002,31.4
351,-4987349351.113859,-1308240989.2523172,0.05,1,20,Road,27.646250000000002,31.4
356,-5475613467.8880415,-940994565.4827688,0.15,3,20,Road,27.646250000000002,31.4
358,-6921786174.054776,-4786954278.788685,0.0,0,20,Road,27.646250000000002,31.4
390,-5785512026.0970745,-720584472.6881237,0.05,1,20,Road,27.646250000000002,31.4
397,-5080375276.252228,-498998677.7493265,0.15,3,20,Road,27.646250000000002,31.4
423,-1083642860.8424425,-683134199.4973071,0.1,2,20,Road,27.646250000000002,31.4
459,-5606751357.9137945,-3186169371.4204297,0.15,3,20,Road,27.646250000000002,31.4
464,-2753068599.2031717,-302187087.82818705,0.15,3,20,Road,27.646250000000002,31.4
493,-209433633.21757048,-194265124.7513134,0.15,3,20,Road,27.646250000000002,31.4
521,-5607654468.278238,-1117775772.9284694,0.1,2,20,Road,27.646250000000002,31.4
538,-4336283849.445631,-919638102.757571,0.1,2,20,Road,27.646250000000002,31.4
556,-5841175421.784661,-758531354.59393,0.1,2,20,Road,27.646250000000002,31.4
557,-1981805817.5137506,-1600136935.6255593,0.1,2,20,Road,27.646250000000002,31.4
558,-6528101064.324666,-5263323953.338949,0.15,3,20,Road,27.646250000000002,31.4
564,-4337765446.085768,-835464734.5390813,0.15,3,20,Road,27.646250000000002,31.4
565,-6016479942.303823,-1421097546.798131,0.05,1,20,Road,27.646250000000002,31.4
569,-3539634778.956463,-1878295678.6409593,0.1,2,20,Road,27.646250000000002,31.4
594,-7049833013.977216,-4465249439.092575,0.1,2,20,Road,27.646250000000002,31.4
602,-3936344680.4218,-1724947300.18723,0.1,2,20,Road,27.646250000000002,31.4
612,-6249619291.532467,-1459762762.835607,0.1,2,20,Road,27.646250000000002,31.4
614,-3515528033.1567383,-1012079377.6676928,0.05,1,20,Road,27.646250000000002,31.4
625,-6312120439.685816,-719829847.7641559,0.1,2,20,Road,27.646250000000002,31.4
627,217581177.14205202,-536574523.14266616,0.1,2,20,Road,27.646250000000002,31.4
628,-6447232283.246638,-1115476542.764924,0.05,1,20,Road,27.646250000000002,31.4
648,-4953573394.063788,-2812920695.2865486,0.15,3,20,Road,27.646250000000002,31.4
662,-8163411155.903872,-5508059419.141087,0.1,2,20,Road,27.646250000000002,31.4
669,-1843524420.0807662,-358010641.922928,0.15,3,20,Road,27.646250000000002,31.4
670,-1207314024.822801,-424415818.3221097,0.05,1,20,Road,27.646250000000002,31.4
673,-2883734334.358015,-192301296.07009488,0.15,3,20,Road,27.646250000000002,31.4
680,-8079862254.521227,-3252185412.83669,0.1,2,20,Road,27.646250000000002,31.4
682,-4848024583.475419,-3621638524.562607,0.1,2,20,Road,27.646250000000002,31.4
689,-4157515503.8371325,-845718155.1394657,0.1,2,20,Road,27.646250000000002,31.4
694,-3900017429.1406174,-813636538.4319398,0.15,3,20,Road,27.646250000000002,31.4
736,-11121313068.881489,-11991734715.579178,0.0,0,20,Road,27.646250000000002,31.4
750,-9121455748.159304,-12195548138.958096,0.1,2,20,Road,27.646250000000002,31.4
755,-4772104328.858899,-617617450.0786983,0.15,3,20,Road,27.646250000000002,31.4
759,-6307889450.293419,-1061235747.5153463,0.1,2,20,Road,27.646250000000002,31.4
760,-5202138606.579847,-485779163.82737803,0.0,0,20,Road,27.646250000000002,31.4
761,-408225269.4953834,-408066368.5045691,0.15,3,20,Road,27.646250000000002,31.4
764,-3910323672.4864755,-1957666484.1018763,0.1,2,20,Road,27.646250000000002,31.4
770,-2765817200.650457,-350136254.97573054,0.15,3,20,Road,27.646250000000002,31.4
775,-5785437058.454584,-932634998.7295699,0.05,1,20,Road,27.646250000000002,31.4
776,-748297165.2748983,-817875386.5709485,0.15,3,20,Road,27.646250000000002,31.4
780,-1407555967.4695933,-1017903960.8139553,0.15,3,20,Road,27.646250000000002,31.4
791,-3073330972.876333,-752206739.5711185,0.0,0,20,Road,27.646250000000002,31.4
809,-2885782329.0874295,-808162424.9649587,0.1,2,20,Road,27.646250000000002,31.4
810,-4874188913.759328,-1086008503.9780326,0.15,3,20,Road,27.646250000000002,31.4
822,-1447279086.6320972,-459928580.8519144,0.15,3,20,Road,27.646250000000002,31.4
837,-4063393671.6666727,-1305847605.2945995,0.05,1,20,Road,27.646250000000002,31.4
858,-6412176448.897553,-2759293287.122484,0.15,3,20,Road,27.646250000000002,31.4
863,-3258727675.97114,-1423807217.5531268,0.15,3,20,Road,27.646250000000002,31.4
866,-4432314568.011299,-773076642.827925,0.1,2,20,Road,27.646250000000002,31.4
873,-6537922895.223336,-1589670258.5644593,0.05,1,20,Road,27.646250000000002,31.4
878,-7792199222.714468,-3234690459.4566274,0.15,3,20,Road,27.646250000000002,31.4
940,-4069903839.111683,-753921306.9336926,0.1,2,20,Road,27.646250000000002,31.4
952,-3143127135.260901,-1979350679.6125736,0.15,3,20,Road,27.646250000000002,31.4
958,-1415724024.5594583,-856143397.4169724,0.15,3,20,Road,27.646250000000002,31.4
970,-2928751035.825405,-344630592.1239101,0.15,3,20,Road,27.646250000000002,31.4
971,-2801947111.6339836,-857564678.3398716,0.15,3,20,Road,27.646250000000002,31.4
987,-11956565162.361145,-12079412191.985655,0.0,0,20,Road,27.646250000000002,31.4
0,-3584949479.18712,-474854998.28433806,0.1,2,20,Road,27.76,31.4
2,-3911448436.7393966,-495564700.0677297,0.0,0,20,Road,27.76,31.4
9,-2472235020.491308,-1413144481.9649606,0.15,3,20,Road,27.76,31.4
12,-6032997371.245588,-1511813706.8441086,0.15,3,20,Road,27.76,31.4
15,-2259343581.9743524,-374601793.36999524,0.1,2,20,Road,27.76,31.4
17,-3536429413.067333,-3218771342.6132116,0.1,2,20,Road,27.76,31.4
25,-3774633710.303623,-1194633059.3242369,0.1,2,20,Road,27.76,31.4
62,-2508039888.8529034,-212680662.65167624,0.1,2,20,Road,27.76,31.4
63,-4313354450.433325,-1219473611.0394955,0.1,2,20,Road,27.76,31.4
73,-6083576330.507367,-547321523.1888926,0.05,1,20,Road,27.76,31.4
90,-3718756351.5058746,-1171525828.997935,0.15,3,20,Road,27.76,31.4
94,488924994.8428076,-172540852.2104885,0.1,2,20,Road,27.76,31.4
103,-5349075100.745684,-612850539.1812894,0.1,2,20,Road,27.76,31.4
104,-3032541661.423175,-1037083880.4063355,0.15,3,20,Road,27.76,31.4
109,-5371508874.906497,-1623753554.7840643,0.1,2,20,Road,27.76,31.4
114,-2677172678.1568003,-493196508.41591966,0.1,2,20,Road,27.76,31.4
126,-3542669241.5045395,-904037148.7330827,0.05,1,20,Road,27.76,31.4
140,-2497561163.2990975,-604725779.772393,0.15,3,20,Road,27.76,31.4
143,-3801880157.7355843,-469346467.43984056,0.05,1,20,Road,27.76,31.4
144,-3323189457.4170947,-1413380973.6306598,0.15,3,20,Road,27.76,31.4
150,-3461635966.5890174,-593553345.9700766,0.1,2,20,Road,27.76,31.4
152,-3740180741.9400024,-2308267057.8716173,0.1,2,20,Road,27.76,31.4
189,-6206366815.984824,-739499535.6060534,0.1,2,20,Road,27.76,31.4
195,-3108669099.672831,-423933596.1273446,0.05,1,20,Road,27.76,31.4
197,-4827952610.885645,-493352692.00727004,0.1,2,20,Road,27.76,31.4
201,-7145913700.79495,-1170762607.8100398,0.05,1,20,Road,27.76,31.4
202,-2863381763.245089,-473613325.55767584,0.1,2,20,Road,27.76,31.4
206,-3555402216.702346,-1241190961.7120738,0.1,2,20,Road,27.76,31.4
209,-3932359198.2110023,-835905294.7897278,0.1,2,20,Road,27.76,31.4
233,-4192723567.0375443,-1018407636.512959,0.15,3,20,Road,27.76,31.4
243,-4468137067.841444,-1383149957.5938416,0.05,1,20,Road,27.76,31.4
245,-3463944042.878232,-1351704822.389707,0.15,3,20,Road,27.76,31.4
249,-3069501766.2406244,-1121648944.1933694,0.05,1,20,Road,27.76,31.4
250,-4126706767.7282166,-1566797792.8230247,0.15,3,20,Road,27.76,31.4
254,-1159832933.8797314,-436114933.2829101,0.15,3,20,Road,27.76,31.4
261,-3232809722.2646413,-327517469.9781573,0.05,1,20,Road,27.76,31.4
267,-5125225125.711646,-587590539.6099079,0.0,0,20,Road,27.76,31.4
270,-6439316366.082498,-491820738.3329041,0.0,0,20,Road,27.76,31.4
273,-3326478497.0389805,-546424219.163996,0.1,2,20,Road,27.76,31.4
277,-3588504521.103788,-1002219108.3298329,0.1,2,20,Road,27.76,31.4
284,-6424188239.084074,-1130796076.789145,0.05,1,20,Road,27.76,31.4
285,-5007658863.832919,-967883417.0044966,0.05,1,20,Road,27.76,31.4
331,-3757093661.800257,-984470551.6935298,0.15,3,20,Road,27.76,31.4
334,-2032789026.5439973,-496379600.9801593,0.15,3,20,Road,27.76,31.4
348,-3770604816.4813604,-1189761844.0203004,0.05,1,20,Road,27.76,31.4
351,-5002347747.402753,-1308101760.143127,0.05,1,20,Road,27.76,31.4
356,-5494479152.134848,-941202641.5494914,0.15,3,20,Road,27.76,31.4
358,-6947998174.166594,-4804382551.339386,0.0,0,20,Road,27.76,31.4
390,-5807275787.131231,-721508680.1046915,0.05,1,20,Road,27.76,31.4
397,-5099232600.810644,-499006010.4253103,0.15,3,20,Road,27.76,31.4
423,-1085156938.6842198,-683000391.6320531,0.1,2,20,Road,27.76,31.4
459,-5617118896.198061,-3186577468.515977,0.15,3,20,Road,27.76,31.4
464,-2763151804.229539,-302186184.81390077,0.15,3,20,Road,27.76,31.4
493,-209494833.24594688,-194263914.22353697,0.15,3,20,Road,27.76,31.4
521,-5626530403.426754,-1118178182.6767578,0.1,2,20,Road,27.76,31.4
538,-4350809062.526266,-920105588.1649854,0.1,2,20,Road,27.76,31.4
556,-5861840832.535072,-758284317.4484069,0.1,2,20,Road,27.76,31.4
557,-1981921214.9906719,-1598681963.330277,0.1,2,20,Road,27.76,31.4
558,-6534386143.294253,-5264405129.559534,0.15,3,20,Road,27.76,31.4
564,-4352156870.121585,-835446005.0843366,0.15,3,20,Road,27.76,31.4
565,-6035632790.0109625,-1421342776.0221572,0.05,1,20,Road,27.76,31.4
569,-3546517903.8419065,-1878343253.5816226,0.1,2,20,Road,27.76,31.4
594,-7060706119.352148,-4465488321.683475,0.1,2,20,Road,27.76,31.4
602,-3945544631.0809455,-1725048495.9699752,0.1,2,20,Road,27.76,31.4
612,-6270561446.633207,-1460997139.1186314,0.1,2,20,Road,27.76,31.4
614,-3525865694.7733526,-1012116644.671588,0.05,1,20,Road,27.76,31.4
625,-6334950385.82768,-719650414.5207105,0.1,2,20,Road,27.76,31.4
627,220711828.019744,-536546832.37375516,0.1,2,20,Road,27.76,31.4
628,-6469459860.937982,-1115766707.0464988,0.05,1,20,Road,27.76,31.4
648,-4962477683.382299,-2813017307.452248,0.15,3,20,Road,27.76,31.4
662,-8192855144.807405,-5526578010.927227,0.1,2,20,Road,27.76,31.4
669,-1849764349.0192533,-358138451.05256313,0.15,3,20,Road,27.76,31.4
670,-1210599272.548718,-424479845.4126978,0.05,1,20,Road,27.76,31.4
673,-2894738819.721451,-192231928.44785434,0.15,3,20,Road,27.76,31.4
680,-8100088272.589598,-3252548041.0875793,0.1,2,20,Road,27.76,31.4
682,-4854042551.036482,-3622610548.67017,0.1,2,20,Road,27.76,31.4
689,-4171269649.698265,-845845970.1812522,0.1,2,20,Road,27.76,31.4
694,-3912761379.361605,-813681629.8088486,0.15,3,20,Road,27.76,31.4
736,-11163733745.600592,-12037736726.559235,0.0,0,20,Road,27.76,31.4
750,-9155080321.71477,-12241821010.545063,0.1,2,20,Road,27.76,31.4
755,-4789177985.794224,-617597545.2303724,0.15,3,20,Road,27.76,31.4
759,-6330699748.322737,-1062458782.9433706,0.1,2,20,Road,27.76,31.4
760,-5221750300.400689,-485985481.2730111,0.0,0,20,Road,27.76,31.4
761,-408174416.6315551,-408014861.84546256,0.15,3,20,Road,27.76,31.4
764,-3918737619.802162,-1958046258.4219942,0.1,2,20,Road,27.76,31.4
770,-2775754935.3041153,-350134713.6852553,0.15,3,20,Road,27.76,31.4
775,-5805828346.706488,-933059519.9047911,0.05,1,20,Road,27.76,31.4
776,-747267279.4989899,-817131779.1392069,0.15,3,20,Road,27.76,31.4
780,-1409689668.4400477,-1018434445.5884669,0.15,3,20,Road,27.76,31.4
791,-3082985763.410989,-752311306.0595298,0.0,0,20,Road,27.76,31.4
809,-2894435574.1808558,-808267340.2091675,0.1,2,20,Road,27.76,31.4
810,-4890012449.13095,-1086245638.965783,0.15,3,20,Road,27.76,31.4
822,-1451392060.5475783,-459979118.8119766,0.15,3,20,Road,27.76,31.4
837,-4074754262.844088,-1305862322.61752,0.05,1,20,Road,27.76,31.4
858,-6427351588.372338,-2759438704.314792,0.15,3,20,Road,27.76,31.4
863,-3266376684.291689,-1423906478.5428424,0.15,3,20,Road,27.76,31.4
866,-4447390523.7895155,-773096729.7635453,0.1,2,20,Road,27.76,31.4
873,-6558507969.323999,-1589895835.900825,0.05,1,20,Road,27.76,31.4
878,-7810924454.0455475,-3234663902.6855006,0.15,3,20,Road,27.76,31.4
940,-4083562530.400223,-753936447.5404849,0.1,2,20,Road,27.76,31.4
952,-3148669545.6904345,-1980104752.6788123,0.15,3,20,Road,27.76,31.4
958,-1418455420.2195115,-856572408.6184661,0.15,3,20,Road,27.76,31.4
970,-2939436026.4469213,-344683265.5063412,0.15,3,20,Road,27.76,31.4
971,-2810221931.743819,-857839371.7856132,0.15,3,20,Road,27.76,31.4
987,-12004169654.28783,-12127522135.813406,0.0,0,20,Road,27.76,31.4
0,-3597574682.001455,-474736208.0438209,0.1,2,20,Road,27.87375,31.4
2,-3925430493.5201387,-495549754.86553204,0.0,0,20,Road,27.87375,31.4
9,-2475334101.6079516,-1411903809.8842924,0.15,3,20,Road,27.87375,31.4
12,-6051879800.585254,-1512170032.3716102,0.15,3,20,Road,27.87375,31.4
15,-2266966173.008108,-374501424.0848123,0.1,2,20,Road,27.87375,31.4
17,-3538672738.502469,-3219713025.198414,0.1,2,20,Road,27.87375,31.4
25,-3785782334.1684046,-1195209814.5273142,0.1,2,20,Road,27.87375,31.4
62,-2517426535.4234734,-212661793.66099304,0.1,2,20,Road,27.87375,31.4
63,-4326252762.79524,-1219694367.7284625,0.1,2,20,Road,27.87375,31.4
73,-6106501518.22532,-547561228.7623038,0.05,1,20,Road,27.87375,31.4
90,-3729215467.089235,-1171547355.534635,0.15,3,20,Road,27.87375,31.4
94,491641057.47720975,-172535226.8996566,0.1,2,20,Road,27.87375,31.4
103,-5368758202.249837,-613126380.4592916,0.1,2,20,Road,27.87375,31.4
104,-3040734975.9337244,-1037100562.2587194,0.15,3,20,Road,27.87375,31.4
109,-5387268982.63812,-1624156776.0724614,0.1,2,20,Road,27.87375,31.4
114,-2686348846.298111,-493423566.71184015,0.1,2,20,Road,27.87375,31.4
126,-3553774059.899329,-904329848.9523416,0.05,1,20,Road,27.87375,31.4
140,-2505324298.3448477,-604732790.0027196,0.15,3,20,Road,27.87375,31.4
143,-3815540926.4372416,-469351771.18216276,0.05,1,20,Road,27.87375,31.4
144,-3331603031.5683417,-1413968873.609331,0.15,3,20,Road,27.87375,31.4
150,-3473452174.198781,-593617233.7637231,0.1,2,20,Road,27.87375,31.4
152,-3744732444.0416756,-2306951318.2743435,0.1,2,20,Road,27.87375,31.4
189,-6230140701.689993,-740872263.0567882,0.1,2,20,Road,27.87375,31.4
195,-3119766499.924436,-424029963.83110017,0.05,1,20,Road,27.87375,31.4
197,-4845736581.4963255,-493375108.5555445,0.1,2,20,Road,27.87375,31.4
201,-7171121659.498024,-1171486653.0827465,0.05,1,20,Road,27.87375,31.4
202,-2873265601.597778,-473704795.04195917,0.1,2,20,Road,27.87375,31.4
206,-3564895444.097654,-1241201425.049199,0.1,2,20,Road,27.87375,31.4
209,-3945131867.997135,-835989865.4579155,0.1,2,20,Road,27.87375,31.4
233,-4205755452.6429796,-1018432373.8079765,0.15,3,20,Road,27.87375,31.4
243,-4480759849.710429,-1383131626.9343448,0.05,1,20,Road,27.87375,31.4
245,-3473343403.8363686,-1352449024.4382405,0.15,3,20,Road,27.87375,31.4
249,-3077696205.1834207,-1121861817.6279569,0.05,1,20,Road,27.87375,31.4
250,-4137160646.5746546,-1566762131.111269,0.15,3,20,Road,27.87375,31.4
254,-1161527601.6593528,-434844077.9152734,0.15,3,20,Road,27.87375,31.4
261,-3244755945.0728273,-327558901.9470929,0.05,1,20,Road,27.87375,31.4
267,-5143674594.733699,-587446495.1532478,0.0,0,20,Road,27.87375,31.4
270,-6463716881.248437,-491850661.7244741,0.0,0,20,Road,27.87375,31.4
273,-3337860615.934428,-546414725.1592896,0.1,2,20,Road,27.87375,31.4
277,-3599019199.3895683,-1002136165.3727083,0.1,2,20,Road,27.87375,31.4
284,-6445875754.367324,-1130793269.3612618,0.05,1,20,Road,27.87375,31.4
285,-5025044389.876039,-968715468.3690583,0.05,1,20,Road,27.87375,31.4
331,-3768750053.7003355,-984765780.8135418,0.15,3,20,Road,27.87375,31.4
334,-2038918903.612288,-496213852.25025517,0.15,3,20,Road,27.87375,31.4
348,-3781234951.062712,-1189816658.424511,0.05,1,20,Road,27.87375,31.4
351,-5017346143.691645,-1307962531.0339367,0.05,1,20,Road,27.87375,31.4
356,-5513344836.381652,-941410717.6162139,0.15,3,20,Road,27.87375,31.4
358,-6974210174.27841,-4821810823.890087,0.0,0,20,Road,27.87375,31.4
390,-5829039548.165388,-722432887.5212593,0.05,1,20,Road,27.87375,31.4
397,-5118089925.3690605,-499013343.10129404,0.15,3,20,Road,27.87375,31.4
423,-1086671016.525997,-682866583.7667991,0.1,2,20,Road,27.87375,31.4
459,-5627486434.482327,-3186985565.6115246,0.15,3,20,Road,27.87375,31.4
464,-2773235009.2559056,-302185281.7996145,0.15,3,20,Road,27.87375,31.4
493,-209556033.27432308,-194262703.69576055,0.15,3,20,Road,27.87375,31.4
521,-5645406338.57527,-1118580592.425046,0.1,2,20,Road,27.87375,31.4
538,-4365334275.606901,-920573073.5723999,0.1,2,20,Road,27.87375,31.4
556,-5882506243.285482,-758037280.3028839,0.1,2,20,Road,27.87375,31.4
557,-1982036612.467593,-1597226991.034995,0.1,2,20,Road,27.87375,31.4
558,-6540671222.263842,-5265486305.780119,0.15,3,20,Road,27.87375,31.4
564,-4366548294.157401,-835427275.6295918,0.15,3,20,Road,27.87375,31.4
565,-6054785637.7181015,-1421588005.2461834,0.05,1,20,Road,27.87375,31.4
569,-3553401028.727351,-1878390828.5222864,0.1,2,20,Road,27.87375,31.4
594,-7071579224.727083,-4465727204.274373,0.1,2,20,Road,27.87375,31.4
602,-3954744581.740091,-1725149691.7527206,0.1,2,20,Road,27.87375,31.4
612,-6291503601.733947,-1462231515.4016557,0.1,2,20,Road,27.87375,31.4
614,-3536203356.3899665,-1012153911.6754833,0.05,1,20,Road,27.87375,31.4
625,-6357780331.9695425,-719470981.277265,0.1,2,20,Road,27.87375,31.4
627,223842478.897436,-536519141.6048442,0.1,2,20,Road,27.87375,31.4
628,-6491687438.629324,-1116056871.328073,0.05,1,20,Road,27.87375,31.4
648,-4971381972.70081,-2813113919.6179476,0.15,3,20,Road,27.87375,31.4
662,-8222299133.71094,-5545096602.7133665,0.1,2,20,Road,27.87375,31.4
669,-1856004277.9577394,-358266260.1821983,0.15,3,20,Road,27.87375,31.4
670,-1213884520.2746346,-424543872.50328577,0.05,1,20,Road,27.87375,31.4
673,-2905743305.084886,-192162560.8256138,0.15,3,20,Road,27.87375,31.4
680,-8120314290.657972,-3252910669.3384686,0.1,2,20,Road,27.87375,31.4
682,-4860060518.597546,-3623582572.7777324,0.1,2,20,Road,27.87375,31.4
689,-4185023795.5593987,-845973785.2230387,0.1,2,20,Road,27.87375,31.4
694,-3925505329.582593,-813726721.1857574,0.15,3,20,Road,27.87375,31.4
736,-11206154422.319695,-12083738737.539291,0.0,0,20,Road,27.87375,31.4
750,-9188704895.270235,-12288093882.132029,0.1,2,20,Road,27.87375,31.4
755,-4806251642.729548,-617577640.3820466,0.15,3,20,Road,27.87375,31.4
759,-6353510046.352055,-1063681818.3713946,0.1,2,20,Road,27.87375,31.4
760,-5241361994.221529,-486191798.7186442,0.0,0,20,Road,27.87375,31.4
761,-408123563.76772636,-407963355.1863561,0.15,3,20,Road,27.87375,31.4
764,-3927151567.117849,-1958426032.7421122,0.1,2,20,Road,27.87375,31.4
770,-2785692669.957773,-350133172.39478004,0.15,3,20,Road,27.87375,31.4
775,-5826219634.958391,-933484041.0800123,0.05,1,20,Road,27.87375,31.4
776,-746237393.7230812,-816388171.7074654,0.15,3,20,Road,27.87375,31.4
780,-1411823369.410502,-1018964930.3629785,0.15,3,20,Road,27.87375,31.4
791,-3092640553.945644,-752415872.5479412,0.0,0,20,Road,27.87375,31.4
809,-2903088819.274282,-808372255.4533764,0.1,2,20,Road,27.87375,31.4
810,-4905835984.502573,-1086482773.9535332,0.15,3,20,Road,27.87375,31.4
822,-1455505034.463059,-460029656.7720388,0.15,3,20,Road,27.87375,31.4
837,-4086114854.0215034,-1305877039.9404407,0.05,1,20,Road,27.87375,31.4
858,-6442526727.847123,-2759584121.5071,0.15,3,20,Road,27.87375,31.4
863,-3274025692.612238,-1424005739.5325584,0.15,3,20,Road,27.87375,31.4
866,-4462466479.567732,-773116816.6991658,0.1,2,20,Road,27.87375,31.4
873,-6579093043.424662,-1590121413.2371907,0.05,1,20,Road,27.87375,31.4
878,-7829649685.376625,-3234637345.9143734,0.15,3,20,Road,27.87375,31.4
940,-4097221221.688761,-753951588.1472771,0.1,2,20,Road,27.87375,31.4
952,-3154211956.1199684,-1980858825.745051,0.15,3,20,Road,27.87375,31.4
958,-1421186815.8795648,-857001419.8199596,0.15,3,20,Road,27.87375,31.4
970,-2950121017.0684366,-344735938.88877237,0.15,3,20,Road,27.87375,31.4
971,-2818496751.8536544,-858114065.2313547,0.15,3,20,Road,27.87375,31.4
987,-12051774146.214516,-12175632079.641155,0.0,0,20,Road,27.87375,31.4
0,-3610199884.8157897,-474617417.80330384,0.1,2,20,Road,27.9875,31.4
2,-3939412550.3008804,-495534809.66333437,0.0,0,20,Road,27.9875,31.4
9,-2478433182.724595,-1410663137.8036242,0.15,3,20,Road,27.9875,31.4
12,-6070762229.924919,-1512526357.899112,0.15,3,20,Road,27.9875,31.4
15,-2274588764.041864,-374401054.7996294,0.1,2,20,Road,27.9875,31.4
17,-3540916063.937604,-3220654707.783615,0.1,2,20,Road,27.9875,31.4
25,-3796930958.0331864,-1195786569.7303915,0.1,2,20,Road,27.9875,31.4
62,-2526813181.9940434,-212642924.67030984,0.1,2,20,Road,27.9875,31.4
63,-4339151075.157155,-1219915124.4174294,0.1,2,20,Road,27.9875,31.4
73,-6129426705.943273,-547800934.335715,0.05,1,20,Road,27.9875,31.4
90,-3739674582.6725945,-1171568882.0713353,0.15,3,20,Road,27.9875,31.4
94,494357120.111612,-172529601.58882472,0.1,2,20,Road,27.9875,31.4
103,-5388441303.75399,-613402221.7372937,0.1,2,20,Road,27.9875,31.4
104,-3048928290.4442735,-1037117244.1111034,0.15,3,20,Road,27.9875,31.4
109,-5403029090.369741,-1624559997.3608584,0.1,2,20,Road,27.9875,31.4
114,-2695525014.439421,-493650625.0077606,0.1,2,20,Road,27.9875,31.4
126,-3564878878.29412,-904622549.1716006,0.05,1,20,Road,27.9875,31.4
140,-2513087433.3905983,-604739800.2330462,0.15,3,20,Road,27.9875,31.4
143,-3829201695.1388984,-469357074.9244849,0.05,1,20,Road,27.9875,31.4
144,-3340016605.7195883,-1414556773.588002,0.15,3,20,Road,27.9875,31.4
150,-3485268381.808544,-593681121.5573696,0.1,2,20,Road,27.9875,31.4
152,-3749284146.1433487,-2305635578.677069,0.1,2,20,Road,27.9875,31.4
189,-6253914587.395162,-742244990.5075232,0.1,2,20,Road,27.9875,31.4
195,-3130863900.1760406,-424126331.5348558,0.05,1,20,Road,27.9875,31.4
197,-4863520552.107007,-493397525.1038189,0.1,2,20,Road,27.9875,31.4
201,-7196329618.201098,-1172210698.3554533,0.05,1,20,Road,27.9875,31.4
202,-2883149439.950467,-473796264.5262425,0.1,2,20,Road,27.9875,31.4
206,-3574388671.492961,-1241211888.386325,0.1,2,20,Road,27.9875,31.4
209,-3957904537.783269,-836074436.1261034,0.1,2,20,Road,27.9875,31.4
233,-4218787338.248413,-1018457111.102994,0.15,3,20,Road,27.9875,31.4
243,-4493382631.579414,-1383113296.2748477,0.05,1,20,Road,27.9875,31.4
245,-3482742764.7945046,-1353193226.4867742,0.15,3,20,Road,27.9875,31.4
249,-3085890644.126217,-1122074691.0625443,0.05,1,20,Road,27.9875,31.4
250,-4147614525.421092,-1566726469.3995132,0.15,3,20,Road,27.9875,31.4
254,-1163222269.4389746,-433573222.54763675,0.15,3,20,Road,27.9875,31.4
261,-3256702167.881013,-327600333.9160285,0.05,1,20,Road,27.9875,31.4
267,-5162124063.755752,-587302450.6965878,0.0,0,20,Road,27.9875,31.4
270,-6488117396.414377,-491880585.116044,0.0,0,20,Road,27.9875,31.4
273,-3349242734.8298755,-546405231.1545832,0.1,2,20,Road,27.9875,31.4
277,-3609533877.6753488,-1002053222.415584,0.1,2,20,Road,27.9875,31.4
284,-6467563269.650574,-1130790461.9333787,0.05,1,20,Road,27.9875,31.4
285,-5042429915.919156,-969547519.7336199,0.05,1,20,Road,27.9875,31.4
331,-3780406445.6004133,-985061009.9335537,0.15,3,20,Road,27.9875,31.4
334,-2045048780.6805787,-496048103.52035105,0.15,3,20,Road,27.9875,31.4
348,-3791865085.6440644,-1189871472.8287215,0.05,1,20,Road,27.9875,31.4
351,-5032344539.980537,-1307823301.9247465,0.05,1,20,Road,27.9875,31.4
356,-5532210520.628457,-941618793.6829365,0.15,3,20,Road,27.9875,31.4
358,-7000422174.390228,-4839239096.440787,0.0,0,20,Road,27.9875,31.4
390,-5850803309.199545,-723357094.9378271,0.05,1,20,Road,27.9875,31.4
397,-5136947249.927477,-499020675.7772778,0.15,3,20,Road,27.9875,31.4
423,-1088185094.367774,-682732775.901545,0.1,2,20,Road,27.9875,31.4
459,-5637853972.766594,-3187393662.707072,0.15,3,20,Road,27.9875,31.4
464,-2783318214.282272,-302184378.7853282,0.15,3,20,Road,27.9875,31.4
493,-209617233.30269966,-194261493.16798416,0.15,3,20,Road,27.9875,31.4
521,-5664282273.723784,-1118983002.1733341,0.1,2,20,Road,27.9875,31.4
538,-4379859488.687536,-921040558.9798143,0.1,2,20,Road,27.9875,31.4
556,-5903171654.035892,-757790243.1573608,0.1,2,20,Road,27.9875,31.4
557,-1982152009.9445148,-1595772018.7397132,0.1,2,20,Road,27.9875,31.4
558,-6546956301.233431,-5266567482.000704,0.15,3,20,Road,27.9875,31.4
564,-4380939718.193218,-835408546.1748471,0.15,3,20,Road,27.9875,31.4
565,-6073938485.425241,-1421833234.4702096,0.05,1,20,Road,27.9875,31.4
569,-3560284153.6127944,-1878438403.4629498,0.1,2,20,Road,27.9875,31.4
594,-7082452330.102017,-4465966086.865272,0.1,2,20,Road,27.9875,31.4
602,-3963944532.399237,-1725250887.535466,0.1,2,20,Road,27.9875,31.4
612,-6312445756.834686,-1463465891.68468,0.1,2,20,Road,27.9875,31.4
614,-3546541018.0065804,-1012191178.6793785,0.05,1,20,Road,27.9875,31.4
625,-6380610278.111406,-719291548.0338194,0.1,2,20,Road,27.9875,31.4
627,226973129.77512795,-536491450.8359332,0.1,2,20,Road,27.9875,31.4
628,-6513915016.320665,-1116347035.6096475,0.05,1,20,Road,27.9875,31.4
648,-4980286262.019321,-2813210531.783647,0.15,3,20,Road,27.9875,31.4
662,-8251743122.614474,-5563615194.499506,0.1,2,20,Road,27.9875,31.4
669,-1862244206.8962257,-358394069.3118334,0.15,3,20,Road,27.9875,31.4
670,-1217169768.000551,-424607899.59387386,0.05,1,20,Road,27.9875,31.4
673,-2916747790.4483213,-192093193.20337322,0.15,3,20,Road,27.9875,31.4
680,-8140540308.726346,-3253273297.5893583,0.1,2,20,Road,27.9875,31.4
682,-4866078486.158608,-3624554596.8852954,0.1,2,20,Road,27.9875,31.4
689,-4198777941.4205313,-846101600.2648251,0.1,2,20,Road,27.9875,31.4
694,-3938249279.80358,-813771812.5626662,0.15,3,20,Road,27.9875,31.4
736,-11248575099.0388,-12129740748.519346,0.0,0,20,Road,27.9875,31.4
750,-9222329468.825699,-12334366753.718994,0.1,2,20,Road,27.9875,31.4
755,-4823325299.664873,-617557735.5337207,0.15,3,20,Road,27.9875,31.4
759,-6376320344.381372,-1064904853.7994187,0.1,2,20,Road,27.9875,31.4
760,-5260973688.042371,-486398116.1642773,0.0,0,20,Road,27.9875,31.4
761,-408072710.90389794,-407911848.52724963,0.15,3,20,Road,27.9875,31.4
764,-3935565514.4335356,-1958805807.06223,0.1,2,20,Road,27.9875,31.4
770,-2795630404.6114316,-350131631.1043048,0.15,3,20,Road,27.9875,31.4
775,-5846610923.210295,-933908562.2552335,0.05,1,20,Road,27.9875,31.4
776,-745207507.9471729,-815644564.2757237,0.15,3,20,Road,27.9875,31.4
780,-1413957070.3809562,-1019495415.13749,0.15,3,20,Road,27.9875,31.4
791,-3102295344.480299,-752520439.0363525,0.0,0,20,Road,27.9875,31.4
809,-2911742064.3677087,-808477170.6975853,0.1,2,20,Road,27.9875,31.4
810,-4921659519.874195,-1086719908.9412837,0.15,3,20,Road,27.9875,31.4
822,-1459618008.37854,-460080194.73210096,0.15,3,20,Road,27.9875,31.4
837,-4097475445.198919,-1305891757.2633612,0.05,1,20,Road,27.9875,31.4
858,-6457701867.321907,-2759729538.6994076,0.15,3,20,Road,27.9875,31.4
863,-3281674700.932787,-1424105000.522274,0.15,3,20,Road,27.9875,31.4
866,-4477542435.345947,-773136903.6347861,0.1,2,20,Road,27.9875,31.4
873,-6599678117.525324,-1590346990.5735564,0.05,1,20,Road,27.9875,31.4
878,-7848374916.707703,-3234610789.1432467,0.15,3,20,Road,27.9875,31.4
940,-4110879912.977301,-753966728.7540696,0.1,2,20,Road,27.9875,31.4
952,-3159754366.5495024,-1981612898.8112893,0.15,3,20,Road,27.9875,31.4
958,-1423918211.5396183,-857430431.0214531,0.15,3,20,Road,27.9875,31.4
970,-2960806007.6899524,-344788612.2712035,0.15,3,20,Road,27.9875,31.4
971,-2826771571.9634895,-858388758.6770961,0.15,3,20,Road,27.9875,31.4
987,-12099378638.141201,-12223742023.468903,0.0,0,20,Road,27.9875,31.4
0,-3622825087.6301246,-474498627.5627867,0.1,2,20,Road,28.10125,31.4
2,-3953394607.081622,-495519864.4611367,0.0,0,20,Road,28.10125,31.4
9,-2481532263.8412385,-1409422465.722956,0.15,3,20,Road,28.10125,31.4
12,-6089644659.264585,-1512882683.4266138,0.15,3,20,Road,28.10125,31.4
15,-2282211355.0756197,-374300685.5144465,0.1,2,20,Road,28.10125,31.4
17,-3543159389.3727393,-3221596390.3688173,0.1,2,20,Road,28.10125,31.4
25,-3808079581.8979673,-1196363324.9334688,0.1,2,20,Road,28.10125,31.4
62,-2536199828.564613,-212624055.67962664,0.1,2,20,Road,28.10125,31.4
63,-4352049387.519071,-1220135881.1063967,0.1,2,20,Road,28.10125,31.4
73,-6152351893.661225,-548040639.9091263,0.05,1,20,Road,28.10125,31.4
90,-3750133698.255954,-1171590408.6080356,0.15,3,20,Road,28.10125,31.4
94,497073182.746014,-172523976.27799284,0.1,2,20,Road,28.10125,31.4
103,-5408124405.258142,-613678063.0152959,0.1,2,20,Road,28.10125,31.4
104,-3057121604.954823,-1037133925.9634874,0.15,3,20,Road,28.10125,31.4
109,-5418789198.101363,-1624963218.6492553,0.1,2,20,Road,28.10125,31.4
114,-2704701182.5807314,-493877683.303681,0.1,2,20,Road,28.10125,31.4
126,-3575983696.68891,-904915249.3908594,0.05,1,20,Road,28.10125,31.4
140,-2520850568.436349,-604746810.463373,0.15,3,20,Road,28.10125,31.4
143,-3842862463.8405557,-469362378.6668071,0.05,1,20,Road,28.10125,31.4
144,-3348430179.8708353,-1415144673.566673,0.15,3,20,Road,28.10125,31.4
150,-3497084589.4183073,-593745009.3510163,0.1,2,20,Road,28.10125,31.4
152,-3753835848.245022,-2304319839.079795,0.1,2,20,Road,28.10125,31.4
189,-6277688473.10033,-743617717.958258,0.1,2,20,Road,28.10125,31.4
195,-3141961300.4276457,-424222699.23861134,0.05,1,20,Road,28.10125,31.4
197,-4881304522.717688,-493419941.6520933,0.1,2,20,Road,28.10125,31.4
201,-7221537576.904175,-1172934743.62816,0.05,1,20,Road,28.10125,31.4
202,-2893033278.303156,-473887734.0105258,0.1,2,20,Road,28.10125,31.4
206,-3583881898.88827,-1241222351.7234504,0.1,2,20,Road,28.10125,31.4
209,-3970677207.569402,-836159006.7942913,0.1,2,20,Road,28.10125,31.4
233,-4231819223.8538475,-1018481848.3980114,0.15,3,20,Road,28.10125,31.4
243,-4506005413.4484,-1383094965.6153507,0.05,1,20,Road,28.10125,31.4
245,-3492142125.7526407,-1353937428.535308,0.15,3,20,Road,28.10125,31.4
249,-3094085083.0690126,-1122287564.497132,0.05,1,20,Road,28.10125,31.4
250,-4158068404.267531,-1566690807.6877573,0.15,3,20,Road,28.10125,31.4
254,-1164916937.218596,-432302367.18,0.15,3,20,Road,28.10125,31.4
261,-3268648390.6891985,-327641765.8849641,0.05,1,20,Road,28.10125,31.4
267,-5180573532.777804,-587158406.239928,0.0,0,20,Road,28.10125,31.4
270,-6512517911.580317,-491910508.5076139,0.0,0,20,Road,28.10125,31.4
273,-3360624853.7253237,-546395737.1498768,0.1,2,20,Road,28.10125,31.4
277,-3620048555.961129,-1001970279.4584594,0.1,2,20,Road,28.10125,31.4
284,-6489250784.933823,-1130787654.5054955,0.05,1,20,Road,28.10125,31.4
285,-5059815441.962275,-970379571.0981817,0.05,1,20,Road,28.10125,31.4
331,-3792062837.500491,-985356239.0535655,0.15,3,20,Road,28.10125,31.4
334,-2051178657.748869,-495882354.7904469,0.15,3,20,Road,28.10125,31.4
348,-3802495220.2254167,-1189926287.2329323,0.05,1,20,Road,28.10125,31.4
351,-5047342936.26943,-1307684072.8155563,0.05,1,20,Road,28.10125,31.4
356,-5551076204.875261,-941826869.7496591,0.15,3,20,Road,28.10125,31.4
358,-7026634174.502045,-4856667368.9914875,0.0,0,20,Road,28.10125,31.4
390,-5872567070.233702,-724281302.3543949,0.05,1,20,Road,28.10125,31.4
397,-5155804574.485893,-499028008.4532615,0.15,3,20,Road,28.10125,31.4
423,-1089699172.209551,-682598968.0362911,0.1,2,20,Road,28.10125,31.4
459,-5648221511.050859,-3187801759.802619,0.15,3,20,Road,28.10125,31.4
464,-2793401419.3086386,-302183475.771042,0.15,3,20,Road,28.10125,31.4
493,-209678433.33107585,-194260282.64020777,0.15,3,20,Road,28.10125,31.4
521,-5683158208.8723,-1119385411.9216223,0.1,2,20,Road,28.10125,31.4
538,-4394384701.76817,-921508044.3872287,0.1,2,20,Road,28.10125,31.4
556,-5923837064.786303,-757543206.0118377,0.1,2,20,Road,28.10125,31.4
557,-1982267407.4214363,-1594317046.444431,0.1,2,20,Road,28.10125,31.4
558,-6553241380.203017,-5267648658.221289,0.15,3,20,Road,28.10125,31.4
564,-4395331142.229034,-835389816.7201023,0.15,3,20,Road,28.10125,31.4
565,-6093091333.1323805,-1422078463.6942358,0.05,1,20,Road,28.10125,31.4
569,-3567167278.498239,-1878485978.403613,0.1,2,20,Road,28.10125,31.4
594,-7093325435.47695,-4466204969.456171,0.1,2,20,Road,28.10125,31.4
602,-3973144483.0583825,-1725352083.318211,0.1,2,20,Road,28.10125,31.4
612,-6333387911.935427,-1464700267.9677043,0.1,2,20,Road,28.10125,31.4
614,-3556878679.6231947,-1012228445.6832738,0.05,1,20,Road,28.10125,31.4
625,-6403440224.253268,-719112114.790374,0.1,2,20,Road,28.10125,31.4
627,230103780.65281993,-536463760.0670222,0.1,2,20,Road,28.10125,31.4
628,-6536142594.012007,-1116637199.891222,0.05,1,20,Road,28.10125,31.4
648,-4989190551.3378315,-2813307143.9493465,0.15,3,20,Road,28.10125,31.4
662,-8281187111.518008,-5582133786.285646,0.1,2,20,Road,28.10125,31.4
669,-1868484135.8347118,-358521878.44146854,0.15,3,20,Road,28.10125,31.4
670,-1220455015.7264676,-424671926.6844619,0.05,1,20,Road,28.10125,31.4
673,-2927752275.8117576,-192023825.58113268,0.15,3,20,Road,28.10125,31.4
680,-8160766326.794719,-3253635925.8402476,0.1,2,20,Road,28.10125,31.4
682,-4872096453.719671,-3625526620.992858,0.1,2,20,Road,28.10125,31.4
689,-4212532087.2816644,-846229415.3066115,0.1,2,20,Road,28.10125,31.4
694,-3950993230.0245676,-813816903.939575,0.15,3,20,Road,28.10125,31.4
736,-11290995775.7579,-12175742759.499401,0.0,0,20,Road,28.10125,31.4
750,-9255954042.381165,-12380639625.305958,0.1,2,20,Road,28.10125,31.4
755,-4840398956.600198,-617537830.6853948,0.15,3,20,Road,28.10125,31.4
759,-6399130642.410689,-1066127889.227443,0.1,2,20,Road,28.10125,31.4
760,-5280585381.863211,-486604433.6099104,0.0,0,20,Road,28.10125,31.4
761,-408021858.0400697,-407860341.8681432,0.15,3,20,Road,28.10125,31.4
764,-3943979461.7492228,-1959185581.382348,0.1,2,20,Road,28.10125,31.4
770,-2805568139.2650895,-350130089.81382954,0.15,3,20,Road,28.10125,31.4
775,-5867002211.462198,-934333083.4304547,0.05,1,20,Road,28.10125,31.4
776,-744177622.1712642,-814900956.8439822,0.15,3,20,Road,28.10125,31.4
780,-1416090771.3514102,-1020025899.9120016,0.15,3,20,Road,28.10125,31.4
791,-3111950135.014954,-752625005.5247638,0.0,0,20,Road,28.10125,31.4
809,-2920395309.461135,-808582085.9417942,0.1,2,20,Road,28.10125,31.4
810,-4937483055.245817,-1086957043.9290342,0.15,3,20,Road,28.10125,31.4
822,-1463730982.294021,-460130732.6921631,0.15,3,20,Road,28.10125,31.4
837,-4108836036.3763337,-1305906474.5862818,0.05,1,20,Road,28.10125,31.4
858,-6472877006.796691,-2759874955.891716,0.15,3,20,Road,28.10125,31.4
863,-3289323709.2533355,-1424204261.5119896,0.15,3,20,Road,28.10125,31.4
866,-4492618391.124163,-773156990.5704066,0.1,2,20,Road,28.10125,31.4
873,-6620263191.625986,-1590572567.909922,0.05,1,20,Road,28.10125,31.4
878,-7867100148.03878,-3234584232.37212,0.15,3,20,Road,28.10125,31.4
940,-4124538604.2658396,-753981869.3608619,0.1,2,20,Road,28.10125,31.4
952,-3165296776.979036,-1982366971.8775282,0.15,3,20,Road,28.10125,31.4
958,-1426649607.1996717,-857859442.2229468,0.15,3,20,Road,28.10125,31.4
970,-2971490998.311468,-344841285.65363467,0.15,3,20,Road,28.10125,31.4
971,-2835046392.073325,-858663452.1228375,0.15,3,20,Road,28.10125,31.4
987,-12146983130.067884,-12271851967.296654,0.0,0,20,Road,28.10125,31.4
0,-3635450290.4444594,-474379837.32226956,0.1,2,20,Road,28.215,31.4
2,-3967376663.8623643,-495504919.258939,0.0,0,20,Road,28.215,31.4
9,-2484631344.9578824,-1408181793.6422877,0.15,3,20,Road,28.215,31.4
12,-6108527088.60425,-1513239008.9541154,0.15,3,20,Road,28.215,31.4
15,-2289833946.109376,-374200316.22926354,0.1,2,20,Road,28.215,31.4
17,-3545402714.807875,-3222538072.9540186,0.1,2,20,Road,28.215,31.4
25,-3819228205.7627487,-1196940080.1365461,0.1,2,20,Road,28.215,31.4
62,-2545586475.135183,-212605186.68894345,0.1,2,20,Road,28.215,31.4
63,-4364947699.880986,-1220356637.7953637,0.1,2,20,Road,28.215,31.4
73,-6175277081.379178,-548280345.4825375,0.05,1,20,Road,28.215,31.4
90,-3760592813.8393145,-1171611935.1447358,0.15,3,20,Road,28.215,31.4
94,499789245.3804163,-172518350.96716094,0.1,2,20,Road,28.215,31.4
103,-5427807506.762296,-613953904.293298,0.1,2,20,Road,28.215,31.4
104,-3065314919.4653716,-1037150607.8158712,0.15,3,20,Road,28.215,31.4
109,-5434549305.832985,-1625366439.937652,0.1,2,20,Road,28.215,31.4
114,-2713877350.722042,-494104741.5996015,0.1,2,20,Road,28.215,31.4
126,-3587088515.0837007,-905207949.6101184,0.05,1,20,Road,28.215,31.4
140,-2528613703.482099,-604753820.6936996,0.15,3,20,Road,28.215,31.4
143,-3856523232.5422125,-469367682.40912926,0.05,1,20,Road,28.215,31.4
144,-3356843754.0220823,-1415732573.5453444,0.15,3,20,Road,28.215,31.4
150,-3508900797.028071,-593808897.1446627,0.1,2,20,Road,28.215,31.4
152,-3758387550.346695,-2303004099.4825206,0.1,2,20,Road,28.215,31.4
189,-6301462358.805499,-744990445.4089929,0.1,2,20,Road,28.215,31.4
195,-3153058700.6792507,-424319066.94236696,0.05,1,20,Road,28.215,31.4
197,-4899088493.328369,-493442358.2003678,0.1,2,20,Road,28.215,31.4
201,-7246745535.607249,-1173658788.9008667,0.05,1,20,Road,28.215,31.4
202,-2902917116.6558447,-473979203.49480915,0.1,2,20,Road,28.215,31.4
206,-3593375126.283577,-1241232815.060576,0.1,2,20,Road,28.215,31.4
209,-3983449877.355535,-836243577.4624791,0.1,2,20,Road,28.215,31.4
233,-4244851109.459282,-1018506585.693029,0.15,3,20,Road,28.215,31.4
243,-4518628195.317385,-1383076634.955854,0.05,1,20,Road,28.215,31.4
245,-3501541486.7107763,-1354681630.5838413,0.15,3,20,Road,28.215,31.4
249,-3102279522.0118093,-1122500437.9317198,0.05,1,20,Road,28.215,31.4
250,-4168522283.113969,-1566655145.9760015,0.15,3,20,Road,28.215,31.4
254,-1166611604.9982176,-431031511.8123633,0.15,3,20,Road,28.215,31.4
261,-3280594613.497384,-327683197.8538997,0.05,1,20,Road,28.215,31.4
267,-5199023001.799857,-587014361.783268,0.0,0,20,Road,28.215,31.4
270,-6536918426.746256,-491940431.89918387,0.0,0,20,Road,28.215,31.4
273,-3372006972.620771,-546386243.1451705,0.1,2,20,Road,28.215,31.4
277,-3630563234.246909,-1001887336.5013349,0.1,2,20,Road,28.215,31.4
284,-6510938300.2170725,-1130784847.0776124,0.05,1,20,Road,28.215,31.4
285,-5077200968.005392,-971211622.4627433,0.05,1,20,Road,28.215,31.4
331,-3803719229.400569,-985651468.1735775,0.15,3,20,Road,28.215,31.4
334,-2057308534.8171597,-495716606.0605427,0.15,3,20,Road,28.215,31.4
348,-3813125354.806768,-1189981101.637143,0.05,1,20,Road,28.215,31.4
351,-5062341332.558323,-1307544843.706366,0.05,1,20,Road,28.215,31.4
356,-5569941889.1220665,-942034945.8163817,0.15,3,20,Road,28.215,31.4
358,-7052846174.613861,-4874095641.542189,0.0,0,20,Road,28.215,31.4
390,-5894330831.2678585,-725205509.7709627,0.05,1,20,Road,28.215,31.4
397,-5174661899.04431,-499035341.1292453,0.15,3,20,Road,28.215,31.4
423,-1091213250.0513282,-682465160.1710371,0.1,2,20,Road,28.215,31.4
459,-5658589049.335127,-3188209856.8981667,0.15,3,20,Road,28.215,31.4
464,-2803484624.3350058,-302182572.7567557,0.15,3,20,Road,28.215,31.4
493,-209739633.35945207,-194259072.11243135,0.15,3,20,Road,28.215,31.4
521,-5702034144.020816,-1119787821.6699104,0.1,2,20,Road,28.215,31.4
538,-4408909914.848805,-921975529.7946432,0.1,2,20,Road,28.215,31.4
556,-5944502475.536712,-757296168.8663146,0.1,2,20,Road,28.215,31.4
557,-1982382804.8983579,-1592862074.149149,0.1,2,20,Road,28.215,31.4
558,-6559526459.1726055,-5268729834.441874,0.15,3,20,Road,28.215,31.4
564,-4409722566.264852,-835371087.2653575,0.15,3,20,Road,28.215,31.4
565,-6112244180.83952,-1422323692.9182622,0.05,1,20,Road,28.215,31.4
569,-3574050403.3836823,-1878533553.344277,0.1,2,20,Road,28.215,31.4
594,-7104198540.851883,-4466443852.04707,0.1,2,20,Road,28.215,31.4
602,-3982344433.717528,-1725453279.1009564,0.1,2,20,Road,28.215,31.4
612,-6354330067.036166,-1465934644.2507286,0.1,2,20,Road,28.215,31.4
614,-3567216341.2398086,-1012265712.6871691,0.05,1,20,Road,28.215,31.4
625,-6426270170.395132,-718932681.5469286,0.1,2,20,Road,28.215,31.4
627,233234431.53051177,-536436069.29811126,0.1,2,20,Road,28.215,31.4
628,-6558370171.703349,-1116927364.1727962,0.05,1,20,Road,28.215,31.4
648,-4998094840.6563425,-2813403756.115046,0.15,3,20,Road,28.215,31.4
662,-8310631100.421542,-5600652378.071786,0.1,2,20,Road,28.215,31.4
669,-1874724064.7731986,-358649687.5711037,0.15,3,20,Road,28.215,31.4
670,-1223740263.4523845,-424735953.7750499,0.05,1,20,Road,28.215,31.4
673,-2938756761.175193,-191954457.9588921,0.15,3,20,Road,28.215,31.4
680,-8180992344.863092,-3253998554.091137,0.1,2,20,Road,28.215,31.4
682,-4878114421.280734,-3626498645.100421,0.1,2,20,Road,28.215,31.4
689,-4226286233.142797,-846357230.348398,0.1,2,20,Road,28.215,31.4
694,-3963737180.245555,-813861995.3164839,0.15,3,20,Road,28.215,31.4
736,-11333416452.477005,-12221744770.479458,0.0,0,20,Road,28.215,31.4
750,-9289578615.936628,-12426912496.892923,0.1,2,20,Road,28.215,31.4
755,-4857472613.5355215,-617517925.837069,0.15,3,20,Road,28.215,31.4
759,-6421940940.440006,-1067350924.6554672,0.1,2,20,Road,28.215,31.4
760,-5300197075.684052,-486810751.05554354,0.0,0,20,Road,28.215,31.4
761,-407971005.1762412,-407808835.20903665,0.15,3,20,Road,28.215,31.4
764,-3952393409.0649095,-1959565355.702466,0.1,2,20,Road,28.215,31.4
770,-2815505873.918748,-350128548.5233543,0.15,3,20,Road,28.215,31.4
775,-5887393499.714101,-934757604.6056762,0.05,1,20,Road,28.215,31.4
776,-743147736.3953557,-814157349.4122405,0.15,3,20,Road,28.215,31.4
780,-1418224472.3218641,-1020556384.6865132,0.15,3,20,Road,28.215,31.4
791,-3121604925.549609,-752729572.0131752,0.0,0,20,Road,28.215,31.4
809,-2929048554.554561,-808687001.186003,0.1,2,20,Road,28.215,31.4
810,-4953306590.617439,-1087194178.9167845,0.15,3,20,Road,28.215,31.4
822,-1467843956.2095017,-460181270.65222526,0.15,3,20,Road,28.215,31.4
837,-4120196627.553749,-1305921191.9092026,0.05,1,20,Road,28.215,31.4
858,-6488052146.271476,-2760020373.0840235,0.15,3,20,Road,28.215,31.4
863,-3296972717.5738845,-1424303522.5017056,0.15,3,20,Road,28.215,31.4
866,-4507694346.902379,-773177077.506027,0.1,2,20,Road,28.215,31.4
873,-6640848265.726649,-1590798145.2462876,0.05,1,20,Road,28.215,31.4
878,-7885825379.369858,-3234557675.600993,0.15,3,20,Road,28.215,31.4
940,-4138197295.5543795,-753997009.9676542,0.1,2,20,Road,28.215,31.4
952,-3170839187.4085693,-1983121044.9437666,0.15,3,20,Road,28.215,31.4
958,-1429381002.859725,-858288453.4244404,0.15,3,20,Road,28.215,31.4
970,-2982175988.932984,-344893959.03606576,0.15,3,20,Road,28.215,31.4
971,-2843321212.1831603,-858938145.5685791,0.15,3,20,Road,28.215,31.4
987,-12194587621.99457,-12319961911.124401,0.0,0,20,Road,28.215,31.4
0,-3648075493.2587943,-474261047.0817524,0.1,2,20,Road,28.32875,31.4
2,-3981358720.643106,-495489974.05674136,0.0,0,20,Road,28.32875,31.4
9,-2487730426.0745254,-1406941121.5616193,0.15,3,20,Road,28.32875,31.4
12,-6127409517.943915,-1513595334.481617,0.15,3,20,Road,28.32875,31.4
15,-2297456537.143132,-374099946.9440806,0.1,2,20,Road,28.32875,31.4
17,-3547646040.24301,-3223479755.539221,0.1,2,20,Road,28.32875,31.4
25,-3830376829.62753,-1197516835.3396235,0.1,2,20,Road,28.32875,31.4
62,-2554973121.7057533,-212586317.69826025,0.1,2,20,Road,28.32875,31.4
63,-4377846012.242902,-1220577394.4843307,0.1,2,20,Road,28.32875,31.4
73,-6198202269.097132,-548520051.0559489,0.05,1,20,Road,28.32875,31.4
90,-3771051929.4226747,-1171633461.681436,0.15,3,20,Road,28.32875,31.4
94,502505308.01481855,-172512725.65632907,0.1,2,20,Road,28.32875,31.4
103,-5447490608.266449,-614229745.5713,0.1,2,20,Road,28.32875,31.4
104,-3073508233.9759207,-1037167289.6682552,0.15,3,20,Road,28.32875,31.4
109,-5450309413.564608,-1625769661.226049,0.1,2,20,Road,28.32875,31.4
114,-2723053518.8633523,-494331799.895522,0.1,2,20,Road,28.32875,31.4
126,-3598193333.4784913,-905500649.8293774,0.05,1,20,Road,28.32875,31.4
140,-2536376838.5278497,-604760830.9240261,0.15,3,20,Road,28.32875,31.4
143,-3870184001.2438707,-469372986.15145147,0.05,1,20,Road,28.32875,31.4
144,-3365257328.1733294,-1416320473.5240154,0.15,3,20,Road,28.32875,31.4
150,-3520717004.637834,-593872784.9383093,0.1,2,20,Road,28.32875,31.4
152,-3762939252.448368,-2301688359.8852463,0.1,2,20,Road,28.32875,31.4
189,-6325236244.510668,-746363172.8597279,0.1,2,20,Road,28.32875,31.4
195,-3164156100.9308558,-424415434.6461226,0.05,1,20,Road,28.32875,31.4
197,-4916872463.939051,-493464774.7486422,0.1,2,20,Road,28.32875,31.4
201,-7271953494.310326,-1174382834.1735735,0.05,1,20,Road,28.32875,31.4
202,-2912800955.0085344,-474070672.9790925,0.1,2,20,Road,28.32875,31.4
206,-3602868353.6788855,-1241243278.3977013,0.1,2,20,Road,28.32875,31.4
209,-3996222547.141669,-836328148.130667,0.1,2,20,Road,28.32875,31.4
233,-4257882995.0647163,-1018531322.9880465,0.15,3,20,Road,28.32875,31.4
243,-4531250977.18637,-1383058304.2963572,0.05,1,20,Road,28.32875,31.4
245,-3510940847.6689134,-1355425832.6323748,0.15,3,20,Road,28.32875,31.4
249,-3110473960.954606,-1122713311.3663073,0.05,1,20,Road,28.32875,31.4
250,-4178976161.9604063,-1566619484.2642455,0.15,3,20,Road,28.32875,31.4
254,-1168306272.777839,-429760656.4447266,0.15,3,20,Road,28.32875,31.4
261,-3292540836.3055706,-327724629.8228353,0.05,1,20,Road,28.32875,31.4
267,-5217472470.821911,-586870317.326608,0.0,0,20,Road,28.32875,31.4
270,-6561318941.912197,-491970355.2907538,0.0,0,20,Road,28.32875,31.4
273,-3383389091.516219,-546376749.1404641,0.1,2,20,Road,28.32875,31.4
277,-3641077912.5326896,-1001804393.5442104,0.1,2,20,Road,28.32875,31.4
284,-6532625815.500322,-1130782039.6497293,0.05,1,20,Road,28.32875,31.4
285,-5094586494.0485115,-972043673.8273051,0.05,1,20,Road,28.32875,31.4
331,-3815375621.3006487,-985946697.2935894,0.15,3,20,Road,28.32875,31.4
334,-2063438411.8854504,-495550857.3306386,0.15,3,20,Road,28.32875,31.4
348,-3823755489.38812,-1190035916.0413537,0.05,1,20,Road,28.32875,31.4
351,-5077339728.847216,-1307405614.5971756,0.05,1,20,Road,28.32875,31.4
356,-5588807573.368872,-942243021.8831043,0.15,3,20,Road,28.32875,31.4
358,-7079058174.72568,-4891523914.09289,0.0,0,20,Road,28.32875,31.4
390,-5916094592.302015,-726129717.1875305,0.05,1,20,Road,28.32875,31.4
397,-5193519223.602726,-499042673.80522907,0.15,3,20,Road,28.32875,31.4
423,-1092727327.8931053,-682331352.305783,0.1,2,20,Road,28.32875,31.4
459,-5668956587.619393,-3188617953.993714,0.15,3,20,Road,28.32875,31.4
464,-2813567829.3613725,-302181669.74246943,0.15,3,20,Road,28.32875,31.4
493,-209800833.38782826,-194257861.58465493,0.15,3,20,Road,28.32875,31.4
521,-5720910079.169332,-1120190231.4181986,0.1,2,20,Road,28.32875,31.4
538,-4423435127.9294405,-922443015.2020576,0.1,2,20,Road,28.32875,31.4
556,-5965167886.287123,-757049131.7207915,0.1,2,20,Road,28.32875,31.4
557,-1982498202.375279,-1591407101.853867,0.1,2,20,Road,28.32875,31.4
558,-6565811538.142194,-5269811010.662458,0.15,3,20,Road,28.32875,31.4
564,-4424113990.300669,-835352357.8106127,0.15,3,20,Road,28.32875,31.4
565,-6131397028.54666,-1422568922.1422884,0.05,1,20,Road,28.32875,31.4
569,-3580933528.269127,-1878581128.2849402,0.1,2,20,Road,28.32875,31.4
594,-7115071646.226817,-4466682734.637968,0.1,2,20,Road,28.32875,31.4
602,-3991544384.3766737,-1725554474.8837018,0.1,2,20,Road,28.32875,31.4
612,-6375272222.136907,-1467169020.5337532,0.1,2,20,Road,28.32875,31.4
614,-3577554002.8564234,-1012302979.6910644,0.05,1,20,Road,28.32875,31.4
625,-6449100116.536995,-718753248.303483,0.1,2,20,Road,28.32875,31.4
627,236365082.4082039,-536408378.52920026,0.1,2,20,Road,28.32875,31.4
628,-6580597749.394692,-1117217528.4543707,0.05,1,20,Road,28.32875,31.4
648,-5006999129.9748535,-2813500368.2807455,0.15,3,20,Road,28.32875,31.4
662,-8340075089.325078,-5619170969.857926,0.1,2,20,Road,28.32875,31.4
669,-1880963993.7116852,-358777496.7007388,0.15,3,20,Road,28.32875,31.4
670,-1227025511.178301,-424799980.865638,0.05,1,20,Road,28.32875,31.4
673,-2949761246.5386286,-191885090.33665156,0.15,3,20,Road,28.32875,31.4
680,-8201218362.931467,-3254361182.3420267,0.1,2,20,Road,28.32875,31.4
682,-4884132388.841799,-3627470669.207984,0.1,2,20,Road,28.32875,31.4
689,-4240040379.0039306,-846485045.3901845,0.1,2,20,Road,28.32875,31.4
694,-3976481130.4665427,-813907086.6933926,0.15,3,20,Road,28.32875,31.4
736,-11375837129.196108,-12267746781.459515,0.0,0,20,Road,28.32875,31.4
750,-9323203189.492096,-12473185368.479889,0.1,2,20,Road,28.32875,31.4
755,-4874546270.470846,-617498020.9887431,0.15,3,20,Road,28.32875,31.4
759,-6444751238.469324,-1068573960.0834913,0.1,2,20,Road,28.32875,31.4
760,-5319808769.504893,-487017068.50117666,0.0,0,20,Road,28.32875,31.4
761,-407920152.3124126,-407757328.54993016,0.15,3,20,Road,28.32875,31.4
764,-3960807356.380596,-1959945130.0225837,0.1,2,20,Road,28.32875,31.4
770,-2825443608.572406,-350127007.23287904,0.15,3,20,Road,28.32875,31.4
775,-5907784787.966004,-935182125.7808974,0.05,1,20,Road,28.32875,31.4
776,-742117850.6194471,-813413741.9804989,0.15,3,20,Road,28.32875,31.4
780,-1420358173.2923183,-1021086869.4610248,0.15,3,20,Road,28.32875,31.4
791,-3131259716.0842643,-752834138.5015864,0.0,0,20,Road,28.32875,31.4
809,-2937701799.647988,-808791916.430212,0.1,2,20,Road,28.32875,31.4
810,-4969130125.989062,-1087431313.9045348,0.15,3,20,Road,28.32875,31.4
822,-1471956930.1249828,-460231808.61228746,0.15,3,20,Road,28.32875,31.4
837,-4131557218.7311645,-1305935909.232123,0.05,1,20,Road,28.32875,31.4
858,-6503227285.74626,-2760165790.276332,0.15,3,20,Road,28.32875,31.4
863,-3304621725.894434,-1424402783.4914212,0.15,3,20,Road,28.32875,31.4
866,-4522770302.680595,-773197164.4416473,0.1,2,20,Road,28.32875,31.4
873,-6661433339.827312,-1591023722.5826533,0.05,1,20,Road,28.32875,31.4
878,-7904550610.700935,-3234531118.829866,0.15,3,20,Road,28.32875,31.4
940,-4151855986.8429184,-754012150.5744464,0.1,2,20,Road,28.32875,31.4
952,-3176381597.8381033,-1983875118.0100055,0.15,3,20,Road,28.32875,31.4
958,-1432112398.5197783,-858717464.6259339,0.15,3,20,Road,28.32875,31.4
970,-2992860979.5544996,-344946632.41849685,0.15,3,20,Road,28.32875,31.4
971,-2851596032.2929955,-859212839.0143206,0.15,3,20,Road,28.32875,31.4
987,-12242192113.921257,-12368071854.952152,0.0,0,20,Road,28.32875,31.4
0,-3660700696.073129,-474142256.8412353,0.1,2,20,Road,28.4425,31.4
2,-3995340777.423848,-495475028.8545437,0.0,0,20,Road,28.4425,31.4
9,-2490829507.191169,-1405700449.4809513,0.15,3,20,Road,28.4425,31.4
12,-6146291947.283581,-1513951660.0091186,0.15,3,20,Road,28.4425,31.4
15,-2305079128.176888,-373999577.65889764,0.1,2,20,Road,28.4425,31.4
17,-3549889365.6781454,-3224421438.124422,0.1,2,20,Road,28.4425,31.4
25,-3841525453.492312,-1198093590.5427008,0.1,2,20,Road,28.4425,31.4
62,-2564359768.2763233,-212567448.70757705,0.1,2,20,Road,28.4425,31.4
63,-4390744324.604817,-1220798151.1732976,0.1,2,20,Road,28.4425,31.4
73,-6221127456.815084,-548759756.6293601,0.05,1,20,Road,28.4425,31.4
90,-3781511045.006035,-1171654988.218136,0.15,3,20,Road,28.4425,31.4
94,505221370.64922076,-172507100.3454972,0.1,2,20,Road,28.4425,31.4
103,-5467173709.770601,-614505586.849302,0.1,2,20,Road,28.4425,31.4
104,-3081701548.48647,-1037183971.5206392,0.15,3,20,Road,28.4425,31.4
109,-5466069521.296229,-1626172882.514446,0.1,2,20,Road,28.4425,31.4
114,-2732229687.004663,-494558858.1914425,0.1,2,20,Road,28.4425,31.4
126,-3609298151.873281,-905793350.0486362,0.05,1,20,Road,28.4425,31.4
140,-2544139973.5736,-604767841.1543528,0.15,3,20,Road,28.4425,31.4
143,-3883844769.945527,-469378289.8937737,0.05,1,20,Road,28.4425,31.4
144,-3373670902.3245764,-1416908373.5026865,0.15,3,20,Road,28.4425,31.4
150,-3532533212.2475977,-593936672.7319559,0.1,2,20,Road,28.4425,31.4
152,-3767490954.550041,-2300372620.2879725,0.1,2,20,Road,28.4425,31.4
189,-6349010130.2158375,-747735900.3104627,0.1,2,20,Road,28.4425,31.4
195,-3175253501.182461,-424511802.3498782,0.05,1,20,Road,28.4425,31.4
197,-4934656434.549732,-493487191.2969166,0.1,2,20,Road,28.4425,31.4
201,-7297161453.0134,-1175106879.44628,0.05,1,20,Road,28.4425,31.4
202,-2922684793.3612227,-474162142.46337587,0.1,2,20,Road,28.4425,31.4
206,-3612361581.0741935,-1241253741.734827,0.1,2,20,Road,28.4425,31.4
209,-4008995216.927802,-836412718.7988548,0.1,2,20,Road,28.4425,31.4
233,-4270914880.6701508,-1018556060.283064,0.15,3,20,Road,28.4425,31.4
243,-4543873759.055355,-1383039973.6368604,0.05,1,20,Road,28.4425,31.4
245,-3520340208.6270494,-1356170034.6809084,0.15,3,20,Road,28.4425,31.4
249,-3118668399.897402,-1122926184.8008947,0.05,1,20,Road,28.4425,31.4
250,-4189430040.806845,-1566583822.5524898,0.15,3,20,Road,28.4425,31.4
254,-1170000940.5574605,-428489801.0770899,0.15,3,20,Road,28.4425,31.4
261,-3304487059.113756,-327766061.791771,0.05,1,20,Road,28.4425,31.4
267,-5235921939.843964,-586726272.8699481,0.0,0,20,Road,28.4425,31.4
270,-6585719457.078137,-492000278.6823237,0.0,0,20,Road,28.4425,31.4
273,-3394771210.411667,-546367255.1357574,0.1,2,20,Road,28.4425,31.4
277,-3651592590.81847,-1001721450.587086,0.1,2,20,Road,28.4425,31.4
284,-6554313330.783572,-1130779232.221846,0.05,1,20,Road,28.4425,31.4
285,-5111972020.09163,-972875725.1918668,0.05,1,20,Road,28.4425,31.4
331,-3827032013.2007265,-986241926.4136013,0.15,3,20,Road,28.4425,31.4
334,-2069568288.9537406,-495385108.6007345,0.15,3,20,Road,28.4425,31.4
348,-3834385623.9694724,-1190090730.4455643,0.05,1,20,Road,28.4425,31.4
351,-5092338125.136108,-1307266385.4879856,0.05,1,20,Road,28.4425,31.4
356,-5607673257.615676,-942451097.949827,0.15,3,20,Road,28.4425,31.4
358,-7105270174.837497,-4908952186.643591,0.0,0,20,Road,28.4425,31.4
390,-5937858353.336172,-727053924.6040983,0.05,1,20,Road,28.4425,31.4
397,-5212376548.161142,-499050006.4812128,0.15,3,20,Road,28.4425,31.4
423,-1094241405.7348824,-682197544.4405291,0.1,2,20,Road,28.4425,31.4
459,-5679324125.903659,-3189026051.0892615,0.15,3,20,Road,28.4425,31.4
464,-2823651034.3877387,-302180766.72818315,0.15,3,20,Road,28.4425,31.4
493,-209862033.41620475,-194256651.05687854,0.15,3,20,Road,28.4425,31.4
521,-5739786014.317846,-1120592641.1664867,0.1,2,20,Road,28.4425,31.4
538,-4437960341.010075,-922910500.609472,0.1,2,20,Road,28.4425,31.4
556,-5985833297.037532,-756802094.5752684,0.1,2,20,Road,28.4425,31.4
557,-1982613599.8522003,-1589952129.5585847,0.1,2,20,Road,28.4425,31.4
558,-6572096617.111782,-5270892186.883043,0.15,3,20,Road,28.4425,31.4
564,-4438505414.336485,-835333628.355868,0.15,3,20,Road,28.4425,31.4
565,-6150549876.253799,-1422814151.3663146,0.05,1,20,Road,28.4425,31.4
569,-3587816653.1545706,-1878628703.2256036,0.1,2,20,Road,28.4425,31.4
594,-7125944751.601751,-4466921617.228867,0.1,2,20,Road,28.4425,31.4
602,-4000744335.035819,-1725655670.6664472,0.1,2,20,Road,28.4425,31.4
612,-6396214377.237646,-1468403396.8167775,0.1,2,20,Road,28.4425,31.4
614,-3587891664.473037,-1012340246.6949596,0.05,1,20,Road,28.4425,31.4
625,-6471930062.678858,-718573815.0600376,0.1,2,20,Road,28.4425,31.4
627,239495733.28589576,-536380687.7602893,0.1,2,20,Road,28.4425,31.4
628,-6602825327.086035,-1117507692.7359452,0.05,1,20,Road,28.4425,31.4
648,-5015903419.293365,-2813596980.4464445,0.15,3,20,Road,28.4425,31.4
662,-8369519078.228612,-5637689561.644066,0.1,2,20,Road,28.4425,31.4
669,-1887203922.6501713,-358905305.83037394,0.15,3,20,Road,28.4425,31.4
670,-1230310758.9042177,-424864007.956226,0.05,1,20,Road,28.4425,31.4
673,-2960765731.9020643,-191815722.71441102,0.15,3,20,Road,28.4425,31.4
680,-8221444380.99984,-3254723810.592916,0.1,2,20,Road,28.4425,31.4
682,-4890150356.402861,-3628442693.315547,0.1,2,20,Road,28.4425,31.4
689,-4253794524.8650637,-846612860.431971,0.1,2,20,Road,28.4425,31.4
694,-3989225080.6875305,-813952178.0703015,0.15,3,20,Road,28.4425,31.4
736,-11418257805.91521,-12313748792.439571,0.0,0,20,Road,28.4425,31.4
750,-9356827763.04756,-12519458240.066854,0.1,2,20,Road,28.4425,31.4
755,-4891619927.406172,-617478116.1404172,0.15,3,20,Road,28.4425,31.4
759,-6467561536.498641,-1069796995.5115155,0.1,2,20,Road,28.4425,31.4
760,-5339420463.325734,-487223385.94680977,0.0,0,20,Road,28.4425,31.4
761,-407869299.4485842,-407705821.8908237,0.15,3,20,Road,28.4425,31.4
764,-3969221303.696283,-1960324904.3427017,0.1,2,20,Road,28.4425,31.4
770,-2835381343.226064,-350125465.94240385,0.15,3,20,Road,28.4425,31.4
775,-5928176076.217908,-935606646.9561186,0.05,1,20,Road,28.4425,31.4
776,-741087964.8435384,-812670134.5487573,0.15,3,20,Road,28.4425,31.4
780,-1422491874.2627728,-1021617354.2355363,0.15,3,20,Road,28.4425,31.4
791,-3140914506.6189194,-752938704.9899979,0.0,0,20,Road,28.4425,31.4
809,-2946355044.741414,-808896831.6744208,0.1,2,20,Road,28.4425,31.4
810,-4984953661.360684,-1087668448.8922853,0.15,3,20,Road,28.4425,31.4
822,-1476069904.0404637,-460282346.5723496,0.15,3,20,Road,28.4425,31.4
837,-4142917809.9085793,-1305950626.5550437,0.05,1,20,Road,28.4425,31.4
858,-6518402425.221045,-2760311207.4686394,0.15,3,20,Road,28.4425,31.4
863,-3312270734.2149825,-1424502044.481137,0.15,3,20,Road,28.4425,31.4
866,-4537846258.458811,-773217251.3772677,0.1,2,20,Road,28.4425,31.4
873,-6682018413.927976,-1591249299.919019,0.05,1,20,Road,28.4425,31.4
878,-7923275842.032013,-3234504562.0587387,0.15,3,20,Road,28.4425,31.4
940,-4165514678.1314573,-754027291.1812389,0.1,2,20,Road,28.4425,31.4
952,-3181924008.2676373,-1984629191.0762439,0.15,3,20,Road,28.4425,31.4
958,-1434843794.1798313,-859146475.8274275,0.15,3,20,Road,28.4425,31.4
970,-3003545970.1760154,-344999305.800928,0.15,3,20,Road,28.4425,31.4
971,-2859870852.402831,-859487532.460062,0.15,3,20,Road,28.4425,31.4
987,-12289796605.84794,-12416181798.7799,0.0,0,20,Road,28.4425,31.4
0,-3673325898.887464,-474023466.60071814,0.1,2,20,Road,28.55625,31.4
2,-4009322834.20459,-495460083.652346,0.0,0,20,Road,28.55625,31.4
9,-2493928588.307812,-1404459777.4002829,0.15,3,20,Road,28.55625,31.4
12,-6165174376.623247,-1514307985.5366201,0.15,3,20,Road,28.55625,31.4
15,-2312701719.2106442,-373899208.37371475,0.1,2,20,Road,28.55625,31.4
17,-3552132691.1132812,-3225363120.7096243,0.1,2,20,Road,28.55625,31.4
25,-3852674077.357093,-1198670345.745778,0.1,2,20,Road,28.55625,31.4
62,-2573746414.8468933,-212548579.71689385,0.1,2,20,Road,28.55625,31.4
63,-4403642636.966733,-1221018907.8622649,0.1,2,20,Road,28.55625,31.4
73,-6244052644.533036,-548999462.2027714,0.05,1,20,Road,28.55625,31.4
90,-3791970160.589395,-1171676514.754836,0.15,3,20,Road,28.55625,31.4
94,507937433.2836229,-172501475.0346653,0.1,2,20,Road,28.55625,31.4
103,-5486856811.274755,-614781428.1273043,0.1,2,20,Road,28.55625,31.4
104,-3089894862.9970193,-1037200653.3730232,0.15,3,20,Road,28.55625,31.4
109,-5481829629.02785,-1626576103.802843,0.1,2,20,Road,28.55625,31.4
114,-2741405855.145973,-494785916.4873629,0.1,2,20,Road,28.55625,31.4
126,-3620402970.2680717,-906086050.2678952,0.05,1,20,Road,28.55625,31.4
140,-2551903108.61935,-604774851.3846796,0.15,3,20,Road,28.55625,31.4
143,-3897505538.647184,-469383593.6360959,0.05,1,20,Road,28.55625,31.4
144,-3382084476.4758234,-1417496273.4813576,0.15,3,20,Road,28.55625,31.4
150,-3544349419.857361,-594000560.5256023,0.1,2,20,Road,28.55625,31.4
152,-3772042656.6517143,-2299056880.6906977,0.1,2,20,Road,28.55625,31.4
189,-6372784015.921005,-749108627.7611977,0.1,2,20,Road,28.55625,31.4
195,-3186350901.4340653,-424608170.05363375,0.05,1,20,Road,28.55625,31.4
197,-4952440405.160414,-493509607.845191,0.1,2,20,Road,28.55625,31.4
201,-7322369411.716475,-1175830924.7189867,0.05,1,20,Road,28.55625,31.4
202,-2932568631.713912,-474253611.94765925,0.1,2,20,Road,28.55625,31.4
206,-3621854808.4695005,-1241264205.0719523,0.1,2,20,Road,28.55625,31.4
209,-4021767886.713936,-836497289.4670427,0.1,2,20,Road,28.55625,31.4
233,-4283946766.275584,-1018580797.5780815,0.15,3,20,Road,28.55625,31.4
243,-4556496540.924341,-1383021642.9773633,0.05,1,20,Road,28.55625,31.4
245,-3529739569.585185,-1356914236.7294421,0.15,3,20,Road,28.55625,31.4
249,-3126862838.840198,-1123139058.2354822,0.05,1,20,Road,28.55625,31.4
250,-4199883919.653283,-1566548160.840734,0.15,3,20,Road,28.55625,31.4
254,-1171695608.3370824,-427218945.7094532,0.15,3,20,Road,28.55625,31.4
261,-3316433281.921942,-327807493.76070666,0.05,1,20,Road,28.55625,31.4
267,-5254371408.866016,-586582228.4132881,0.0,0,20,Road,28.55625,31.4
270,-6610119972.244078,-492030202.07389367,0.0,0,20,Road,28.55625,31.4
273,-3406153329.307114,-546357761.1310511,0.1,2,20,Road,28.55625,31.4
277,-3662107269.1042495,-1001638507.6299615,0.1,2,20,Road,28.55625,31.4
284,-6576000846.066821,-1130776424.793963,0.05,1,20,Road,28.55625,31.4
285,-5129357546.1347475,-973707776.5564284,0.05,1,20,Road,28.55625,31.4
331,-3838688405.1008043,-986537155.5336132,0.15,3,20,Road,28.55625,31.4
334,-2075698166.0220313,-495219359.8708303,0.15,3,20,Road,28.55625,31.4
348,-3845015758.5508246,-1190145544.8497748,0.05,1,20,Road,28.55625,31.4
351,-5107336521.425001,-1307127156.3787951,0.05,1,20,Road,28.55625,31.4
356,-5626538941.862481,-942659174.0165496,0.15,3,20,Road,28.55625,31.4
358,-7131482174.949313,-4926380459.194291,0.0,0,20,Road,28.55625,31.4
390,-5959622114.370329,-727978132.0206661,0.05,1,20,Road,28.55625,31.4
397,-5231233872.719559,-499057339.1571965,0.15,3,20,Road,28.55625,31.4
423,-1095755483.5766594,-682063736.5752751,0.1,2,20,Road,28.55625,31.4
459,-5689691664.187925,-3189434148.1848087,0.15,3,20,Road,28.55625,31.4
464,-2833734239.414106,-302179863.7138969,0.15,3,20,Road,28.55625,31.4
493,-209923233.44458094,-194255440.52910215,0.15,3,20,Road,28.55625,31.4
521,-5758661949.466362,-1120995050.914775,0.1,2,20,Road,28.55625,31.4
538,-4452485554.09071,-923377986.0168866,0.1,2,20,Road,28.55625,31.4
556,-6006498707.787943,-756555057.4297453,0.1,2,20,Road,28.55625,31.4
557,-1982728997.329122,-1588497157.2633028,0.1,2,20,Road,28.55625,31.4
558,-6578381696.081369,-5271973363.103628,0.15,3,20,Road,28.55625,31.4
564,-4452896838.372301,-835314898.9011233,0.15,3,20,Road,28.55625,31.4
565,-6169702723.960939,-1423059380.590341,0.05,1,20,Road,28.55625,31.4
569,-3594699778.0400147,-1878676278.1662674,0.1,2,20,Road,28.55625,31.4
594,-7136817856.976685,-4467160499.819765,0.1,2,20,Road,28.55625,31.4
602,-4009944285.6949644,-1725756866.4491925,0.1,2,20,Road,28.55625,31.4
612,-6417156532.338386,-1469637773.0998015,0.1,2,20,Road,28.55625,31.4
614,-3598229326.0896516,-1012377513.6988549,0.05,1,20,Road,28.55625,31.4
625,-6494760008.820722,-718394381.8165921,0.1,2,20,Road,28.55625,31.4
627,242626384.16358775,-536352996.9913783,0.1,2,20,Road,28.55625,31.4
628,-6625052904.777376,-1117797857.0175197,0.05,1,20,Road,28.55625,31.4
648,-5024807708.611876,-2813693592.6121445,0.15,3,20,Road,28.55625,31.4
662,-8398963067.132147,-5656208153.430207,0.1,2,20,Road,28.55625,31.4
669,-1893443851.5886574,-359033114.9600091,0.15,3,20,Road,28.55625,31.4
670,-1233596006.630134,-424928035.0468141,0.05,1,20,Road,28.55625,31.4
673,-2971770217.2655,-191746355.09217045,0.15,3,20,Road,28.55625,31.4
680,-8241670399.0682125,-3255086438.8438053,0.1,2,20,Road,28.55625,31.4
682,-4896168323.963924,-3629414717.42311,0.1,2,20,Road,28.55625,31.4
689,-4267548670.7261963,-846740675.4737575,0.1,2,20,Road,28.55625,31.4
694,-4001969030.9085174,-813997269.4472103,0.15,3,20,Road,28.55625,31.4
736,-11460678482.634314,-12359750803.419626,0.0,0,20,Road,28.55625,31.4
750,-9390452336.603024,-12565731111.65382,0.1,2,20,Road,28.55625,31.4
755,-4908693584.3414955,-617458211.2920914,0.15,3,20,Road,28.55625,31.4
759,-6490371834.52796,-1071020030.9395397,0.1,2,20,Road,28.55625,31.4
760,-5359032157.146575,-487429703.3924429,0.0,0,20,Road,28.55625,31.4
761,-407818446.5847558,-407654315.23171717,0.15,3,20,Road,28.55625,31.4
764,-3977635251.0119696,-1960704678.6628196,0.1,2,20,Road,28.55625,31.4
770,-2845319077.879722,-350123924.6519286,0.15,3,20,Road,28.55625,31.4
775,-5948567364.4698105,-936031168.1313398,0.05,1,20,Road,28.55625,31.4
776,-740058079.06763,-811926527.1170157,0.15,3,20,Road,28.55625,31.4
780,-1424625575.2332268,-1022147839.0100479,0.15,3,20,Road,28.55625,31.4
791,-3150569297.1535745,-753043271.4784092,0.0,0,20,Road,28.55625,31.4
809,-2955008289.834841,-809001746.9186296,0.1,2,20,Road,28.55625,31.4
810,-5000777196.7323065,-1087905583.8800354,0.15,3,20,Road,28.55625,31.4
822,-1480182877.9559445,-460332884.5324118,0.15,3,20,Road,28.55625,31.4
837,-4154278401.0859947,-1305965343.8779645,0.05,1,20,Road,28.55625,31.4
858,-6533577564.695828,-2760456624.6609473,0.15,3,20,Road,28.55625,31.4
863,-3319919742.5355315,-1424601305.4708529,0.15,3,20,Road,28.55625,31.4
866,-4552922214.237027,-773237338.3128881,0.1,2,20,Road,28.55625,31.4
873,-6702603488.028638,-1591474877.2553847,0.05,1,20,Road,28.55625,31.4
878,-7942001073.3630905,-3234478005.287612,0.15,3,20,Road,28.55625,31.4
940,-4179173369.4199967,-754042431.7880312,0.1,2,20,Road,28.55625,31.4
952,-3187466418.6971707,-1985383264.1424825,0.15,3,20,Road,28.55625,31.4
958,-1437575189.8398848,-859575487.0289211,0.15,3,20,Road,28.55625,31.4
970,-3014230960.797531,-345051979.18335915,0.15,3,20,Road,28.55625,31.4
971,-2868145672.512666,-859762225.9058036,0.15,3,20,Road,28.55625,31.4
987,-12337401097.774626,-12464291742.607649,0.0,0,20,Road,28.55625,31.4
0,-3685951101.701799,-473904676.36020106,0.1,2,20,Road,28.67,31.4
2,-4023304890.9853315,-495445138.45014834,0.0,0,20,Road,28.67,31.4
9,-2497027669.4244556,-1403219105.319615,0.15,3,20,Road,28.67,31.4
12,-6184056805.962912,-1514664311.064122,0.15,3,20,Road,28.67,31.4
15,-2320324310.2444,-373798839.08853185,0.1,2,20,Road,28.67,31.4
17,-3554376016.548416,-3226304803.2948256,0.1,2,20,Road,28.67,31.4
25,-3863822701.221875,-1199247100.9488556,0.1,2,20,Road,28.67,31.4
62,-2583133061.4174633,-212529710.72621065,0.1,2,20,Road,28.67,31.4
63,-4416540949.328649,-1221239664.5512319,0.1,2,20,Road,28.67,31.4
73,-6266977832.25099,-549239167.7761827,0.05,1,20,Road,28.67,31.4
90,-3802429276.172755,-1171698041.2915363,0.15,3,20,Road,28.67,31.4
94,510653495.91802514,-172495849.7238334,0.1,2,20,Road,28.67,31.4
103,-5506539912.778908,-615057269.4053063,0.1,2,20,Road,28.67,31.4
104,-3098088177.5075684,-1037217335.2254071,0.15,3,20,Road,28.67,31.4
109,-5497589736.759473,-1626979325.09124,0.1,2,20,Road,28.67,31.4
114,-2750582023.287284,-495012974.7832834,0.1,2,20,Road,28.67,31.4
126,-3631507788.6628623,-906378750.4871541,0.05,1,20,Road,28.67,31.4
140,-2559666243.665101,-604781861.6150062,0.15,3,20,Road,28.67,31.4
143,-3911166307.3488417,-469388897.3784181,0.05,1,20,Road,28.67,31.4
144,-3390498050.627071,-1418084173.460029,0.15,3,20,Road,28.67,31.4
150,-3556165627.467125,-594064448.3192489,0.1,2,20,Road,28.67,31.4
152,-3776594358.7533875,-2297741141.093424,0.1,2,20,Road,28.67,31.4
189,-6396557901.626175,-750481355.2119325,0.1,2,20,Road,28.67,31.4
195,-3197448301.685671,-424704537.75738937,0.05,1,20,Road,28.67,31.4
197,-4970224375.771094,-493532024.3934655,0.1,2,20,Road,28.67,31.4
201,-7347577370.419551,-1176554969.9916935,0.05,1,20,Road,28.67,31.4
202,-2942452470.0666018,-474345081.4319426,0.1,2,20,Road,28.67,31.4
206,-3631348035.8648086,-1241274668.4090781,0.1,2,20,Road,28.67,31.4
209,-4034540556.5000696,-836581860.1352305,0.1,2,20,Road,28.67,31.4
233,-4296978651.88102,-1018605534.8730991,0.15,3,20,Road,28.67,31.4
243,-4569119322.793325,-1383003312.3178666,0.05,1,20,Road,28.67,31.4
245,-3539138930.543322,-1357658438.7779756,0.15,3,20,Road,28.67,31.4
249,-3135057277.7829943,-1123351931.6700702,0.05,1,20,Road,28.67,31.4
250,-4210337798.4997215,-1566512499.1289783,0.15,3,20,Road,28.67,31.4
254,-1173390276.1167035,-425948090.3418164,0.15,3,20,Road,28.67,31.4
261,-3328379504.7301283,-327848925.7296422,0.05,1,20,Road,28.67,31.4
267,-5272820877.888071,-586438183.9566281,0.0,0,20,Road,28.67,31.4
270,-6634520487.410017,-492060125.4654636,0.0,0,20,Road,28.67,31.4
273,-3417535448.202562,-546348267.1263447,0.1,2,20,Road,28.67,31.4
277,-3672621947.390031,-1001555564.6728369,0.1,2,20,Road,28.67,31.4
284,-6597688361.350072,-1130773617.3660798,0.05,1,20,Road,28.67,31.4
285,-5146743072.177866,-974539827.9209902,0.05,1,20,Road,28.67,31.4
331,-3850344797.0008826,-986832384.6536251,0.15,3,20,Road,28.67,31.4
334,-2081828043.090322,-495053611.1409262,0.15,3,20,Road,28.67,31.4
348,-3855645893.1321764,-1190200359.2539854,0.05,1,20,Road,28.67,31.4
351,-5122334917.713894,-1306987927.2696052,0.05,1,20,Road,28.67,31.4
356,-5645404626.109286,-942867250.083272,0.15,3,20,Road,28.67,31.4
358,-7157694175.061132,-4943808731.744992,0.0,0,20,Road,28.67,31.4
390,-5981385875.404486,-728902339.4372339,0.05,1,20,Road,28.67,31.4
397,-5250091197.277975,-499064671.8331803,0.15,3,20,Road,28.67,31.4
423,-1097269561.4184365,-681929928.710021,0.1,2,20,Road,28.67,31.4
459,-5700059202.472192,-3189842245.2803564,0.15,3,20,Road,28.67,31.4
464,-2843817444.440473,-302178960.6996106,0.15,3,20,Road,28.67,31.4
493,-209984433.47295722,-194254230.00132573,0.15,3,20,Road,28.67,31.4
521,-5777537884.614879,-1121397460.663063,0.1,2,20,Road,28.67,31.4
538,-4467010767.171345,-923845471.424301,0.1,2,20,Road,28.67,31.4
556,-6027164118.538353,-756308020.2842221,0.1,2,20,Road,28.67,31.4
557,-1982844394.8060436,-1587042184.9680207,0.1,2,20,Road,28.67,31.4
558,-6584666775.050958,-5273054539.324213,0.15,3,20,Road,28.67,31.4
564,-4467288262.408118,-835296169.4463785,0.15,3,20,Road,28.67,31.4
565,-6188855571.668079,-1423304609.8143673,0.05,1,20,Road,28.67,31.4
569,-3601582902.9254594,-1878723853.1069307,0.1,2,20,Road,28.67,31.4
594,-7147690962.351619,-4467399382.410664,0.1,2,20,Road,28.67,31.4
602,-4019144236.3541107,-1725858062.231938,0.1,2,20,Road,28.67,31.4
612,-6438098687.439126,-1470872149.382826,0.1,2,20,Road,28.67,31.4
614,-3608566987.706266,-1012414780.7027502,0.05,1,20,Road,28.67,31.4
625,-6517589954.9625845,-718214948.5731466,0.1,2,20,Road,28.67,31.4
627,245757035.04127985,-536325306.2224673,0.1,2,20,Road,28.67,31.4
628,-6647280482.4687195,-1118088021.2990942,0.05,1,20,Road,28.67,31.4
648,-5033711997.930387,-2813790204.777844,0.15,3,20,Road,28.67,31.4
662,-8428407056.035681,-5674726745.216347,0.1,2,20,Road,28.67,31.4
669,-1899683780.5271442,-359160924.0896442,0.15,3,20,Road,28.67,31.4
670,-1236881254.356051,-424992062.1374021,0.05,1,20,Road,28.67,31.4
673,-2982774702.628936,-191676987.46992987,0.15,3,20,Road,28.67,31.4
680,-8261896417.136586,-3255449067.094695,0.1,2,20,Road,28.67,31.4
682,-4902186291.524988,-3630386741.5306726,0.1,2,20,Road,28.67,31.4
689,-4281302816.587329,-846868490.5155439,0.1,2,20,Road,28.67,31.4
694,-4014712981.129506,-814042360.8241191,0.15,3,20,Road,28.67,31.4
736,-11503099159.35342,-12405752814.399685,0.0,0,20,Road,28.67,31.4
750,-9424076910.15849,-12612003983.240786,0.1,2,20,Road,28.67,31.4
755,-4925767241.276821,-617438306.4437654,0.15,3,20,Road,28.67,31.4
759,-6513182132.557277,-1072243066.367564,0.1,2,20,Road,28.67,31.4
760,-5378643850.967417,-487636020.838076,0.0,0,20,Road,28.67,31.4
761,-407767593.7209273,-407602808.57261074,0.15,3,20,Road,28.67,31.4
764,-3986049198.327657,-1961084452.9829373,0.1,2,20,Road,28.67,31.4
770,-2855256812.533381,-350122383.3614534,0.15,3,20,Road,28.67,31.4
775,-5968958652.721714,-936455689.306561,0.05,1,20,Road,28.67,31.4
776,-739028193.2917216,-811182919.6852741,0.15,3,20,Road,28.67,31.4
780,-1426759276.2036812,-1022678323.7845595,0.15,3,20,Road,28.67,31.4
791,-3160224087.6882296,-753147837.9668205,0.0,0,20,Road,28.67,31.4
809,-2963661534.9282675,-809106662.1628386,0.1,2,20,Road,28.67,31.4
810,-5016600732.1039295,-1088142718.867786,0.15,3,20,Road,28.67,31.4
822,-1484295851.8714256,-460383422.49247396,0.15,3,20,Road,28.67,31.4
837,-4165638992.26341,-1305980061.2008848,0.05,1,20,Road,28.67,31.4
858,-6548752704.170613,-2760602041.8532553,0.15,3,20,Road,28.67,31.4
863,-3327568750.8560805,-1424700566.4605684,0.15,3,20,Road,28.67,31.4
866,-4567998170.015244,-773257425.2485085,0.1,2,20,Road,28.67,31.4
873,-6723188562.129301,-1591700454.5917504,0.05,1,20,Road,28.67,31.4
878,-7960726304.69417,-3234451448.516485,0.15,3,20,Road,28.67,31.4
940,-4192832060.7085357,-754057572.3948236,0.1,2,20,Road,28.67,31.4
952,-3193008829.126704,-1986137337.2087212,0.15,3,20,Road,28.67,31.4
958,-1440306585.4999382,-860004498.2304146,0.15,3,20,Road,28.67,31.4
970,-3024915951.4190474,-345104652.5657903,0.15,3,20,Road,28.67,31.4
971,-2876420492.622502,-860036919.3515451,0.15,3,20,Road,28.67,31.4
987,-12385005589.701313,-12512401686.435398,0.0,0,20,Road,28.67,31.4
0,-3698576304.516134,-473785886.1196839,0.1,2,20,Road,28.78375,31.4
2,-4037286947.7660737,-495430193.24795073,0.0,0,20,Road,28.78375,31.4
9,-2500126750.5410986,-1401978433.2389464,0.15,3,20,Road,28.78375,31.4
12,-6202939235.302578,-1515020636.5916235,0.15,3,20,Road,28.78375,31.4
15,-2327946901.2781563,-373698469.8033489,0.1,2,20,Road,28.78375,31.4
17,-3556619341.983552,-3227246485.880028,0.1,2,20,Road,28.78375,31.4
25,-3874971325.086656,-1199823856.1519327,0.1,2,20,Road,28.78375,31.4
62,-2592519707.9880333,-212510841.73552746,0.1,2,20,Road,28.78375,31.4
63,-4429439261.690563,-1221460421.2401989,0.1,2,20,Road,28.78375,31.4
73,-6289903019.968943,-549478873.3495939,0.05,1,20,Road,28.78375,31.4
90,-3812888391.756115,-1171719567.8282366,0.15,3,20,Road,28.78375,31.4
94,513369558.5524274,-172490224.41300154,0.1,2,20,Road,28.78375,31.4
103,-5526223014.283061,-615333110.6833086,0.1,2,20,Road,28.78375,31.4
104,-3106281492.0181174,-1037234017.077791,0.15,3,20,Road,28.78375,31.4
109,-5513349844.491095,-1627382546.3796368,0.1,2,20,Road,28.78375,31.4
114,-2759758191.428594,-495240033.07920384,0.1,2,20,Road,28.78375,31.4
126,-3642612607.0576525,-906671450.706413,0.05,1,20,Road,28.78375,31.4
140,-2567429378.7108507,-604788871.8453327,0.15,3,20,Road,28.78375,31.4
143,-3924827076.050499,-469394201.1207403,0.05,1,20,Road,28.78375,31.4
144,-3398911624.7783175,-1418672073.4387002,0.15,3,20,Road,28.78375,31.4
150,-3567981835.076888,-594128336.1128955,0.1,2,20,Road,28.78375,31.4
152,-3781146060.8550606,-2296425401.4961495,0.1,2,20,Road,28.78375,31.4
189,-6420331787.331343,-751854082.6626675,0.1,2,20,Road,28.78375,31.4
195,-3208545701.937276,-424800905.4611449,0.05,1,20,Road,28.78375,31.4
197,-4988008346.381776,-493554440.9417399,0.1,2,20,Road,28.78375,31.4
201,-7372785329.122627,-1177279015.2644002,0.05,1,20,Road,28.78375,31.4
202,-2952336308.4192905,-474436550.9162259,0.1,2,20,Road,28.78375,31.4
206,-3640841263.2601166,-1241285131.7462034,0.1,2,20,Road,28.78375,31.4
209,-4047313226.286203,-836666430.8034184,0.1,2,20,Road,28.78375,31.4
233,-4310010537.486453,-1018630272.1681166,0.15,3,20,Road,28.78375,31.4
243,-4581742104.662312,-1382984981.6583695,0.05,1,20,Road,28.78375,31.4
245,-3548538291.501458,-1358402640.826509,0.15,3,20,Road,28.78375,31.4
249,-3143251716.725791,-1123564805.1046576,0.05,1,20,Road,28.78375,31.4
250,-4220791677.3461595,-1566476837.4172225,0.15,3,20,Road,28.78375,31.4
254,-1175084943.896325,-424677234.97417974,0.15,3,20,Road,28.78375,31.4
261,-3340325727.538314,-327890357.6985779,0.05,1,20,Road,28.78375,31.4
267,-5291270346.910123,-586294139.4999682,0.0,0,20,Road,28.78375,31.4
270,-6658921002.575957,-492090048.8570335,0.0,0,20,Road,28.78375,31.4
273,-3428917567.0980096,-546338773.1216383,0.1,2,20,Road,28.78375,31.4
277,-3683136625.6758103,-1001472621.7157123,0.1,2,20,Road,28.78375,31.4
284,-6619375876.633322,-1130770809.9381967,0.05,1,20,Road,28.78375,31.4
285,-5164128598.220984,-975371879.285552,0.05,1,20,Road,28.78375,31.4
331,-3862001188.9009604,-987127613.773637,0.15,3,20,Road,28.78375,31.4
334,-2087957920.1586127,-494887862.41102207,0.15,3,20,Road,28.78375,31.4
348,-3866276027.7135286,-1190255173.658196,0.05,1,20,Road,28.78375,31.4
351,-5137333314.002787,-1306848698.1604147,0.05,1,20,Road,28.78375,31.4
356,-5664270310.3560915,-943075326.1499946,0.15,3,20,Road,28.78375,31.4
358,-7183906175.172949,-4961237004.295692,0.0,0,20,Road,28.78375,31.4
390,-6003149636.4386425,-729826546.8538017,0.05,1,20,Road,28.78375,31.4
397,-5268948521.836392,-499072004.509164,0.15,3,20,Road,28.78375,31.4
423,-1098783639.2602136,-681796120.8447671,0.1,2,20,Road,28.78375,31.4
459,-5710426740.756457,-3190250342.375903,0.15,3,20,Road,28.78375,31.4
464,-2853900649.46684,-302178057.6853243,0.15,3,20,Road,28.78375,31.4
493,-210045633.50133353,-194253019.47354934,0.15,3,20,Road,28.78375,31.4
521,-5796413819.763393,-1121799870.4113514,0.1,2,20,Road,28.78375,31.4
538,-4481535980.251979,-924312956.8317155,0.1,2,20,Road,28.78375,31.4
556,-6047829529.288763,-756060983.138699,0.1,2,20,Road,28.78375,31.4
557,-1982959792.2829652,-1585587212.6727386,0.1,2,20,Road,28.78375,31.4
558,-6590951854.020545,-5274135715.544798,0.15,3,20,Road,28.78375,31.4
564,-4481679686.443934,-835277439.9916337,0.15,3,20,Road,28.78375,31.4
565,-6208008419.375219,-1423549839.0383935,0.05,1,20,Road,28.78375,31.4
569,-3608466027.8109026,-1878771428.047594,0.1,2,20,Road,28.78375,31.4
594,-7158564067.726553,-4467638265.001562,0.1,2,20,Road,28.78375,31.4
602,-4028344187.013256,-1725959258.0146832,0.1,2,20,Road,28.78375,31.4
612,-6459040842.5398655,-1472106525.6658502,0.1,2,20,Road,28.78375,31.4
614,-3618904649.32288,-1012452047.7066455,0.05,1,20,Road,28.78375,31.4
625,-6540419901.104448,-718035515.3297012,0.1,2,20,Road,28.78375,31.4
627,248887685.91897172,-536297615.45355636,0.1,2,20,Road,28.78375,31.4
628,-6669508060.160062,-1118378185.5806684,0.05,1,20,Road,28.78375,31.4
648,-5042616287.248897,-2813886816.9435434,0.15,3,20,Road,28.78375,31.4
662,-8457851044.939215,-5693245337.002486,0.1,2,20,Road,28.78375,31.4
669,-1905923709.4656303,-359288733.2192794,0.15,3,20,Road,28.78375,31.4
670,-1240166502.0819678,-425056089.2279902,0.05,1,20,Road,28.78375,31.4
673,-2993779187.9923716,-191607619.84768933,0.15,3,20,Road,28.78375,31.4
680,-8282122435.204959,-3255811695.345585,0.1,2,20,Road,28.78375,31.4
682,-4908204259.086051,-3631358765.6382356,0.1,2,20,Road,28.78375,31.4
689,-4295056962.448462,-846996305.5573304,0.1,2,20,Road,28.78375,31.4
694,-4027456931.350493,-814087452.2010279,0.15,3,20,Road,28.78375,31.4
736,-11545519836.072521,-12451754825.379738,0.0,0,20,Road,28.78375,31.4
750,-9457701483.713955,-12658276854.827751,0.1,2,20,Road,28.78375,31.4
755,-4942840898.212145,-617418401.5954397,0.15,3,20,Road,28.78375,31.4
759,-6535992430.586595,-1073466101.795588,0.1,2,20,Road,28.78375,31.4
760,-5398255544.788258,-487842338.28370905,0.0,0,20,Road,28.78375,31.4
761,-407716740.8570989,-407551301.91350424,0.15,3,20,Road,28.78375,31.4
764,-3994463145.6433434,-1961464227.3030553,0.1,2,20,Road,28.78375,31.4
770,-2865194547.187039,-350120842.0709781,0.15,3,20,Road,28.78375,31.4
775,-5989349940.973618,-936880210.4817822,0.05,1,20,Road,28.78375,31.4
776,-737998307.515813,-810439312.2535326,0.15,3,20,Road,28.78375,31.4
780,-1428892977.1741352,-1023208808.5590711,0.15,3,20,Road,28.78375,31.4
791,-3169878878.222885,-753252404.4552319,0.0,0,20,Road,28.78375,31.4
809,-2972314780.0216937,-809211577.4070475,0.1,2,20,Road,28.78375,31.4
810,-5032424267.475552,-1088379853.8555362,0.15,3,20,Road,28.78375,31.4
822,-1488408825.7869065,-460433960.4525361,0.15,3,20,Road,28.78375,31.4
837,-4176999583.4408255,-1305994778.5238056,0.05,1,20,Road,28.78375,31.4
858,-6563927843.645397,-2760747459.045563,0.15,3,20,Road,28.78375,31.4
863,-3335217759.1766295,-1424799827.4502842,0.15,3,20,Road,28.78375,31.4
866,-4583074125.793459,-773277512.1841289,0.1,2,20,Road,28.78375,31.4
873,-6743773636.229963,-1591926031.928116,0.05,1,20,Road,28.78375,31.4
878,-7979451536.025248,-3234424891.7453585,0.15,3,20,Road,28.78375,31.4
940,-4206490751.997075,-754072713.0016158,0.1,2,20,Road,28.78375,31.4
952,-3198551239.556238,-1986891410.27496,0.15,3,20,Road,28.78375,31.4
958,-1443037981.1599915,-860433509.4319082,0.15,3,20,Road,28.78375,31.4
970,-3035600942.0405626,-345157325.9482213,0.15,3,20,Road,28.78375,31.4
971,-2884695312.732337,-860311612.7972865,0.15,3,20,Road,28.78375,31.4
987,-12432610081.627996,-12560511630.263147,0.0,0,20,Road,28.78375,31.4
0,-3711201507.3304687,-473667095.8791668,0.1,2,20,Road,28.8975,31.4
2,-4051269004.5468154,-495415248.04575306,0.0,0,20,Road,28.8975,31.4
9,-2503225831.657743,-1400737761.1582782,0.15,3,20,Road,28.8975,31.4
12,-6221821664.642243,-1515376962.1191254,0.15,3,20,Road,28.8975,31.4
15,-2335569492.3119125,-373598100.51816595,0.1,2,20,Road,28.8975,31.4
17,-3558862667.4186873,-3228188168.4652295,0.1,2,20,Road,28.8975,31.4
25,-3886119948.9514375,-1200400611.3550103,0.1,2,20,Road,28.8975,31.4
62,-2601906354.5586033,-212491972.74484426,0.1,2,20,Road,28.8975,31.4
63,-4442337574.052479,-1221681177.9291658,0.1,2,20,Road,28.8975,31.4
73,-6312828207.686895,-549718578.9230051,0.05,1,20,Road,28.8975,31.4
90,-3823347507.339475,-1171741094.3649368,0.15,3,20,Road,28.8975,31.4
94,516085621.18682975,-172484599.10216963,0.1,2,20,Road,28.8975,31.4
103,-5545906115.787214,-615608951.9613106,0.1,2,20,Road,28.8975,31.4
104,-3114474806.5286665,-1037250698.930175,0.15,3,20,Road,28.8975,31.4
109,-5529109952.222717,-1627785767.6680338,0.1,2,20,Road,28.8975,31.4
114,-2768934359.569905,-495467091.37512434,0.1,2,20,Road,28.8975,31.4
126,-3653717425.452443,-906964150.925672,0.05,1,20,Road,28.8975,31.4
140,-2575192513.756602,-604795882.0756594,0.15,3,20,Road,28.8975,31.4
143,-3938487844.7521567,-469399504.86306244,0.05,1,20,Road,28.8975,31.4
144,-3407325198.9295645,-1419259973.4173713,0.15,3,20,Road,28.8975,31.4
150,-3579798042.6866517,-594192223.9065421,0.1,2,20,Road,28.8975,31.4
152,-3785697762.9567337,-2295109661.898875,0.1,2,20,Road,28.8975,31.4
189,-6444105673.036512,-753226810.1134024,0.1,2,20,Road,28.8975,31.4
195,-3219643102.188881,-424897273.16490054,0.05,1,20,Road,28.8975,31.4
197,-5005792316.992457,-493576857.4900143,0.1,2,20,Road,28.8975,31.4
201,-7397993287.825702,-1178003060.537107,0.05,1,20,Road,28.8975,31.4
202,-2962220146.7719793,-474528020.40050924,0.1,2,20,Road,28.8975,31.4
206,-3650334490.655425,-1241295595.0833292,0.1,2,20,Road,28.8975,31.4
209,-4060085896.0723367,-836751001.4716063,0.1,2,20,Road,28.8975,31.4
233,-4323042423.091888,-1018655009.463134,0.15,3,20,Road,28.8975,31.4
243,-4594364886.531297,-1382966650.9988728,0.05,1,20,Road,28.8975,31.4
245,-3557937652.4595947,-1359146842.8750427,0.15,3,20,Road,28.8975,31.4
249,-3151446155.6685877,-1123777678.5392451,0.05,1,20,Road,28.8975,31.4
250,-4231245556.192598,-1566441175.7054665,0.15,3,20,Road,28.8975,31.4
254,-1176779611.6759467,-423406379.606543,0.15,3,20,Road,28.8975,31.4
261,-3352271950.3465,-327931789.6675135,0.05,1,20,Road,28.8975,31.4
267,-5309719815.932177,-586150095.0433083,0.0,0,20,Road,28.8975,31.4
270,-6683321517.741899,-492119972.24860346,0.0,0,20,Road,28.8975,31.4
273,-3440299685.993458,-546329279.1169319,0.1,2,20,Road,28.8975,31.4
277,-3693651303.961591,-1001389678.7585878,0.1,2,20,Road,28.8975,31.4
284,-6641063391.916571,-1130768002.5103135,0.05,1,20,Road,28.8975,31.4
285,-5181514124.264104,-976203930.6501136,0.05,1,20,Road,28.8975,31.4
331,-3873657580.801039,-987422842.8936491,0.15,3,20,Road,28.8975,31.4
334,-2094087797.2269034,-494722113.6811179,0.15,3,20,Road,28.8975,31.4
348,-3876906162.294881,-1190309988.0624068,0.05,1,20,Road,28.8975,31.4
351,-5152331710.291679,-1306709469.0512245,0.05,1,20,Road,28.8975,31.4
356,-5683135994.602896,-943283402.2167172,0.15,3,20,Road,28.8975,31.4
358,-7210118175.284767,-4978665276.846394,0.0,0,20,Road,28.8975,31.4
390,-6024913397.472799,-730750754.2703695,0.05,1,20,Road,28.8975,31.4
397,-5287805846.394809,-499079337.18514776,0.15,3,20,Road,28.8975,31.4
423,-1100297717.1019907,-681662312.9795129,0.1,2,20,Road,28.8975,31.4
459,-5720794279.040724,-3190658439.471451,0.15,3,20,Road,28.8975,31.4
464,-2863983854.4932065,-302177154.67103803,0.15,3,20,Road,28.8975,31.4
493,-210106833.52970973,-194251808.94577292,0.15,3,20,Road,28.8975,31.4
521,-5815289754.91191,-1122202280.1596396,0.1,2,20,Road,28.8975,31.4
538,-4496061193.332614,-924780442.2391299,0.1,2,20,Road,28.8975,31.4
556,-6068494940.039174,-755813945.993176,0.1,2,20,Road,28.8975,31.4
557,-1983075189.7598863,-1584132240.3774567,0.1,2,20,Road,28.8975,31.4
558,-6597236932.990133,-5275216891.765383,0.15,3,20,Road,28.8975,31.4
564,-4496071110.479752,-835258710.5368888,0.15,3,20,Road,28.8975,31.4
565,-6227161267.082358,-1423795068.2624197,0.05,1,20,Road,28.8975,31.4
569,-3615349152.696347,-1878819002.988258,0.1,2,20,Road,28.8975,31.4
594,-7169437173.101486,-4467877147.592462,0.1,2,20,Road,28.8975,31.4
602,-4037544137.6724024,-1726060453.7974284,0.1,2,20,Road,28.8975,31.4
612,-6479982997.640606,-1473340901.9488747,0.1,2,20,Road,28.8975,31.4
614,-3629242310.9394937,-1012489314.7105408,0.05,1,20,Road,28.8975,31.4
625,-6563249847.246312,-717856082.0862557,0.1,2,20,Road,28.8975,31.4
627,252018336.79666376,-536269924.68464535,0.1,2,20,Road,28.8975,31.4
628,-6691735637.851404,-1118668349.862243,0.05,1,20,Road,28.8975,31.4
648,-5051520576.567408,-2813983429.1092424,0.15,3,20,Road,28.8975,31.4
662,-8487295033.842751,-5711763928.788628,0.1,2,20,Road,28.8975,31.4
669,-1912163638.4041169,-359416542.3489145,0.15,3,20,Road,28.8975,31.4
670,-1243451749.8078847,-425120116.31857824,0.05,1,20,Road,28.8975,31.4
673,-3004783673.3558073,-191538252.2254488,0.15,3,20,Road,28.8975,31.4
680,-8302348453.273334,-3256174323.5964737,0.1,2,20,Road,28.8975,31.4
682,-4914222226.647114,-3632330789.7457986,0.1,2,20,Road,28.8975,31.4
689,-4308811108.309595,-847124120.5991168,0.1,2,20,Road,28.8975,31.4
694,-4040200881.5714808,-814132543.5779366,0.15,3,20,Road,28.8975,31.4
736,-11587940512.791626,-12497756836.359797,0.0,0,20,Road,28.8975,31.4
750,-9491326057.26942,-12704549726.414719,0.1,2,20,Road,28.8975,31.4
755,-4959914555.14747,-617398496.7471137,0.15,3,20,Road,28.8975,31.4
759,-6558802728.6159115,-1074689137.223612,0.1,2,20,Road,28.8975,31.4
760,-5417867238.609099,-488048655.7293422,0.0,0,20,Road,28.8975,31.4
761,-407665887.99327016,-407499795.2543977,0.15,3,20,Road,28.8975,31.4
764,-4002877092.959031,-1961844001.6231732,0.1,2,20,Road,28.8975,31.4
770,-2875132281.8406973,-350119300.7805029,0.15,3,20,Road,28.8975,31.4
775,-6009741229.225521,-937304731.6570034,0.05,1,20,Road,28.8975,31.4
776,-736968421.7399043,-809695704.8217909,0.15,3,20,Road,28.8975,31.4
780,-1431026678.1445894,-1023739293.3335826,0.15,3,20,Road,28.8975,31.4
791,-3179533668.7575407,-753356970.9436433,0.0,0,20,Road,28.8975,31.4
809,-2980968025.1151204,-809316492.6512563,0.1,2,20,Road,28.8975,31.4
810,-5048247802.847174,-1088616988.8432865,0.15,3,20,Road,28.8975,31.4
822,-1492521799.7023873,-460484498.41259825,0.15,3,20,Road,28.8975,31.4
837,-4188360174.6182413,-1306009495.8467262,0.05,1,20,Road,28.8975,31.4
858,-6579102983.120182,-2760892876.237871,0.15,3,20,Road,28.8975,31.4
863,-3342866767.4971786,-1424899088.44,0.15,3,20,Road,28.8975,31.4
866,-4598150081.571675,-773297599.1197493,0.1,2,20,Road,28.8975,31.4
873,-6764358710.330626,-1592151609.2644818,0.05,1,20,Road,28.8975,31.4
878,-7998176767.356326,-3234398334.9742317,0.15,3,20,Road,28.8975,31.4
940,-4220149443.285615,-754087853.6084082,0.1,2,20,Road,28.8975,31.4
952,-3204093649.985772,-1987645483.3411984,0.15,3,20,Road,28.8975,31.4
958,-1445769376.820045,-860862520.6334019,0.15,3,20,Road,28.8975,31.4
970,-3046285932.662079,-345209999.3306525,0.15,3,20,Road,28.8975,31.4
971,-2892970132.8421726,-860586306.243028,0.15,3,20,Road,28.8975,31.4
987,-12480214573.554684,-12608621574.090897,0.0,0,20,Road,28.8975,31.4
0,-3723826710.1448035,-473548305.6386497,0.1,2,20,Road,29.01125,31.4
2,-4065251061.3275576,-495400302.8435554,0.0,0,20,Road,29.01125,31.4
9,-2506324912.774386,-1399497089.07761,0.15,3,20,Road,29.01125,31.4
12,-6240704093.981909,-1515733287.646627,0.15,3,20,Road,29.01125,31.4
15,-2343192083.3456683,-373497731.232983,0.1,2,20,Road,29.01125,31.4
17,-3561105992.853822,-3229129851.0504313,0.1,2,20,Road,29.01125,31.4
25,-3897268572.8162184,-1200977366.5580876,0.1,2,20,Road,29.01125,31.4
62,-2611293001.1291733,-212473103.75416106,0.1,2,20,Road,29.01125,31.4
63,-4455235886.414394,-1221901934.618133,0.1,2,20,Road,29.01125,31.4
73,-6335753395.404848,-549958284.4964163,0.05,1,20,Road,29.01125,31.4
90,-3833806622.922835,-1171762620.901637,0.15,3,20,Road,29.01125,31.4
94,518801683.82123196,-172478973.79133776,0.1,2,20,Road,29.01125,31.4
103,-5565589217.291368,-615884793.2393126,0.1,2,20,Road,29.01125,31.4
104,-3122668121.039216,-1037267380.7825589,0.15,3,20,Road,29.01125,31.4
109,-5544870059.95434,-1628188988.956431,0.1,2,20,Road,29.01125,31.4
114,-2778110527.711215,-495694149.6710448,0.1,2,20,Road,29.01125,31.4
126,-3664822243.847234,-907256851.144931,0.05,1,20,Road,29.01125,31.4
140,-2582955648.802352,-604802892.3059862,0.15,3,20,Road,29.01125,31.4
143,-3952148613.453814,-469404808.6053846,0.05,1,20,Road,29.01125,31.4
144,-3415738773.0808115,-1419847873.3960423,0.15,3,20,Road,29.01125,31.4
150,-3591614250.296415,-594256111.7001886,0.1,2,20,Road,29.01125,31.4
152,-3790249465.058407,-2293793922.301601,0.1,2,20,Road,29.01125,31.4
189,-6467879558.741681,-754599537.5641373,0.1,2,20,Road,29.01125,31.4
195,-3230740502.440486,-424993640.86865616,0.05,1,20,Road,29.01125,31.4
197,-5023576287.603139,-493599274.0382888,0.1,2,20,Road,29.01125,31.4
201,-7423201246.528778,-1178727105.8098137,0.05,1,20,Road,29.01125,31.4
202,-2972103985.1246686,-474619489.88479257,0.1,2,20,Road,29.01125,31.4
206,-3659827718.050733,-1241306058.4204545,0.1,2,20,Road,29.01125,31.4
209,-4072858565.85847,-836835572.1397941,0.1,2,20,Road,29.01125,31.4
233,-4336074308.697322,-1018679746.7581515,0.15,3,20,Road,29.01125,31.4
243,-4606987668.400282,-1382948320.339376,0.05,1,20,Road,29.01125,31.4
245,-3567337013.417731,-1359891044.9235764,0.15,3,20,Road,29.01125,31.4
249,-3159640594.611384,-1123990551.9738326,0.05,1,20,Road,29.01125,31.4
250,-4241699435.039036,-1566405513.9937105,0.15,3,20,Road,29.01125,31.4
254,-1178474279.455568,-422135524.2389063,0.15,3,20,Road,29.01125,31.4
261,-3364218173.154686,-327973221.6364491,0.05,1,20,Road,29.01125,31.4
267,-5328169284.954229,-586006050.5866482,0.0,0,20,Road,29.01125,31.4
270,-6707722032.907838,-492149895.6401733,0.0,0,20,Road,29.01125,31.4
273,-3451681804.8889055,-546319785.1122255,0.1,2,20,Road,29.01125,31.4
277,-3704165982.2473707,-1001306735.8014634,0.1,2,20,Road,29.01125,31.4
284,-6662750907.1998205,-1130765195.0824301,0.05,1,20,Road,29.01125,31.4
285,-5198899650.307221,-977035982.0146754,0.05,1,20,Road,29.01125,31.4
331,-3885313972.701117,-987718072.0136609,0.15,3,20,Road,29.01125,31.4
334,-2100217674.295194,-494556364.9512138,0.15,3,20,Road,29.01125,31.4
348,-3887536296.876233,-1190364802.4666173,0.05,1,20,Road,29.01125,31.4
351,-5167330106.580572,-1306570239.9420342,0.05,1,20,Road,29.01125,31.4
356,-5702001678.849701,-943491478.2834399,0.15,3,20,Road,29.01125,31.4
358,-7236330175.396584,-4996093549.397095,0.0,0,20,Road,29.01125,31.4
390,-6046677158.506956,-731674961.6869373,0.05,1,20,Road,29.01125,31.4
397,-5306663170.953225,-499086669.86113155,0.15,3,20,Road,29.01125,31.4
423,-1101811794.943768,-681528505.114259,0.1,2,20,Road,29.01125,31.4
459,-5731161817.324991,-3191066536.5669985,0.15,3,20,Road,29.01125,31.4
464,-2874067059.519573,-302176251.65675175,0.15,3,20,Road,29.01125,31.4
493,-210168033.55808622,-194250598.41799653,0.15,3,20,Road,29.01125,31.4
521,-5834165690.060425,-1122604689.907928,0.1,2,20,Road,29.01125,31.4
538,-4510586406.413249,-925247927.6465445,0.1,2,20,Road,29.01125,31.4
556,-6089160350.789583,-755566908.8476529,0.1,2,20,Road,29.01125,31.4
557,-1983190587.236808,-1582677268.0821745,0.1,2,20,Road,29.01125,31.4
558,-6603522011.9597225,-5276298067.985968,0.15,3,20,Road,29.01125,31.4
564,-4510462534.515569,-835239981.0821441,0.15,3,20,Road,29.01125,31.4
565,-6246314114.789498,-1424040297.486446,0.05,1,20,Road,29.01125,31.4
569,-3622232277.581792,-1878866577.9289212,0.1,2,20,Road,29.01125,31.4
594,-7180310278.476419,-4468116030.183361,0.1,2,20,Road,29.01125,31.4
602,-4046744088.3315477,-1726161649.5801737,0.1,2,20,Road,29.01125,31.4
612,-6500925152.741345,-1474575278.231899,0.1,2,20,Road,29.01125,31.4
614,-3639579972.556108,-1012526581.714436,0.05,1,20,Road,29.01125,31.4
625,-6586079793.388174,-717676648.8428102,0.1,2,20,Road,29.01125,31.4
627,255148987.67435575,-536242233.9157344,0.1,2,20,Road,29.01125,31.4
628,-6713963215.542747,-1118958514.1438174,0.05,1,20,Road,29.01125,31.4
648,-5060424865.885919,-2814080041.2749424,0.15,3,20,Road,29.01125,31.4
662,-8516739022.746286,-5730282520.574767,0.1,2,20,Road,29.01125,31.4
669,-1918403567.3426032,-359544351.4785497,0.15,3,20,Road,29.01125,31.4
670,-1246736997.533801,-425184143.40916634,0.05,1,20,Road,29.01125,31.4
673,-3015788158.719243,-191468884.6032082,0.15,3,20,Road,29.01125,31.4
680,-8322574471.341707,-3256536951.8473635,0.1,2,20,Road,29.01125,31.4
682,-4920240194.208178,-3633302813.8533616,0.1,2,20,Road,29.01125,31.4
689,-4322565254.170729,-847251935.6409032,0.1,2,20,Road,29.01125,31.4
694,-4052944831.792468,-814177634.9548454,0.15,3,20,Road,29.01125,31.4
736,-11630361189.510729,-12543758847.339851,0.0,0,20,Road,29.01125,31.4
750,-9524950630.824886,-12750822598.001682,0.1,2,20,Road,29.01125,31.4
755,-4976988212.082795,-617378591.8987879,0.15,3,20,Road,29.01125,31.4
759,-6581613026.645229,-1075912172.6516364,0.1,2,20,Road,29.01125,31.4
760,-5437478932.42994,-488254973.1749753,0.0,0,20,Road,29.01125,31.4
761,-407615035.129442,-407448288.59529126,0.15,3,20,Road,29.01125,31.4
764,-4011291040.274718,-1962223775.9432912,0.1,2,20,Road,29.01125,31.4
770,-2885070016.4943557,-350117759.49002767,0.15,3,20,Road,29.01125,31.4
775,-6030132517.477424,-937729252.8322248,0.05,1,20,Road,29.01125,31.4
776,-735938535.9639958,-808952097.3900493,0.15,3,20,Road,29.01125,31.4
780,-1433160379.1150436,-1024269778.1080942,0.15,3,20,Road,29.01125,31.4
791,-3189188459.2921953,-753461537.4320545,0.0,0,20,Road,29.01125,31.4
809,-2989621270.2085466,-809421407.8954653,0.1,2,20,Road,29.01125,31.4
810,-5064071338.218797,-1088854123.831037,0.15,3,20,Road,29.01125,31.4
822,-1496634773.6178682,-460535036.3726604,0.15,3,20,Road,29.01125,31.4
837,-4199720765.7956557,-1306024213.1696467,0.05,1,20,Road,29.01125,31.4
858,-6594278122.594966,-2761038293.430179,0.15,3,20,Road,29.01125,31.4
863,-3350515775.817728,-1424998349.4297156,0.15,3,20,Road,29.01125,31.4
866,-4613226037.349892,-773317686.0553696,0.1,2,20,Road,29.01125,31.4
873,-6784943784.431289,-1592377186.6008472,0.05,1,20,Road,29.01125,31.4
878,-8016901998.687404,-3234371778.2031045,0.15,3,20,Road,29.01125,31.4
940,-4233808134.574154,-754102994.2152005,0.1,2,20,Road,29.01125,31.4
952,-3209636060.4153056,-1988399556.407437,0.15,3,20,Road,29.01125,31.4
958,-1448500772.4800982,-861291531.8348954,0.15,3,20,Road,29.01125,31.4
970,-3056970923.2835946,-345262672.7130836,0.15,3,20,Road,29.01125,31.4
971,-2901244952.952008,-860860999.6887696,0.15,3,20,Road,29.01125,31.4
987,-12527819065.481369,-12656731517.918648,0.0,0,20,Road,29.01125,31.4
0,-3736451912.9591384,-473429515.39813256,0.1,2,20,Road,29.125,31.4
2,-4079233118.1082993,-495385357.6413577,0.0,0,20,Road,29.125,31.4
9,-2509423993.8910294,-1398256416.9969418,0.15,3,20,Road,29.125,31.4
12,-6259586523.321574,-1516089613.1741285,0.15,3,20,Road,29.125,31.4
15,-2350814674.379424,-373397361.9478001,0.1,2,20,Road,29.125,31.4
17,-3563349318.288958,-3230071533.635633,0.1,2,20,Road,29.125,31.4
25,-3908417196.6809998,-1201554121.761165,0.1,2,20,Road,29.125,31.4
62,-2620679647.6997437,-212454234.76347786,0.1,2,20,Road,29.125,31.4
63,-4468134198.776309,-1222122691.3071,0.1,2,20,Road,29.125,31.4
73,-6358678583.122801,-550197990.0698276,0.05,1,20,Road,29.125,31.4
90,-3844265738.506195,-1171784147.438337,0.15,3,20,Road,29.125,31.4
94,521517746.4556341,-172473348.48050588,0.1,2,20,Road,29.125,31.4
103,-5585272318.79552,-616160634.5173149,0.1,2,20,Road,29.125,31.4
104,-3130861435.549765,-1037284062.6349428,0.15,3,20,Road,29.125,31.4
109,-5560630167.685961,-1628592210.2448277,0.1,2,20,Road,29.125,31.4
114,-2787286695.852525,-495921207.9669653,0.1,2,20,Road,29.125,31.4
126,-3675927062.2420235,-907549551.3641899,0.05,1,20,Road,29.125,31.4
140,-2590718783.848102,-604809902.5363128,0.15,3,20,Road,29.125,31.4
143,-3965809382.155471,-469410112.3477068,0.05,1,20,Road,29.125,31.4
144,-3424152347.2320585,-1420435773.3747134,0.15,3,20,Road,29.125,31.4
150,-3603430457.9061785,-594319999.4938352,0.1,2,20,Road,29.125,31.4
152,-3794801167.16008,-2292478182.7043266,0.1,2,20,Road,29.125,31.4
189,-6491653444.44685,-755972265.0148723,0.1,2,20,Road,29.125,31.4
195,-3241837902.6920905,-425090008.5724118,0.05,1,20,Road,29.125,31.4
197,-5041360258.2138195,-493621690.5865632,0.1,2,20,Road,29.125,31.4
201,-7448409205.231853,-1179451151.0825205,0.05,1,20,Road,29.125,31.4
202,-2981987823.4773574,-474710959.3690759,0.1,2,20,Road,29.125,31.4
206,-3669320945.446041,-1241316521.7575803,0.1,2,20,Road,29.125,31.4
209,-4085631235.644603,-836920142.807982,0.1,2,20,Road,29.125,31.4
233,-4349106194.302756,-1018704484.053169,0.15,3,20,Road,29.125,31.4
243,-4619610450.269267,-1382929989.6798792,0.05,1,20,Road,29.125,31.4
245,-3576736374.375867,-1360635246.9721098,0.15,3,20,Road,29.125,31.4
249,-3167835033.55418,-1124203425.4084203,0.05,1,20,Road,29.125,31.4
250,-4252153313.885474,-1566369852.2819548,0.15,3,20,Road,29.125,31.4
254,-1180168947.2351897,-420864668.87126964,0.15,3,20,Road,29.125,31.4
261,-3376164395.9628716,-328014653.6053847,0.05,1,20,Road,29.125,31.4
267,-5346618753.976282,-585862006.1299883,0.0,0,20,Road,29.125,31.4
270,-6732122548.073778,-492179819.0317433,0.0,0,20,Road,29.125,31.4
273,-3463063923.784353,-546310291.1075189,0.1,2,20,Road,29.125,31.4
277,-3714680660.533151,-1001223792.8443389,0.1,2,20,Road,29.125,31.4
284,-6684438422.48307,-1130762387.6545472,0.05,1,20,Road,29.125,31.4
285,-5216285176.35034,-977868033.3792369,0.05,1,20,Road,29.125,31.4
331,-3896970364.601195,-988013301.1336728,0.15,3,20,Road,29.125,31.4
334,-2106347551.3634846,-494390616.22130966,0.15,3,20,Road,29.125,31.4
348,-3898166431.4575853,-1190419616.8708282,0.05,1,20,Road,29.125,31.4
351,-5182328502.869464,-1306431010.8328438,0.05,1,20,Road,29.125,31.4
356,-5720867363.096506,-943699554.3501625,0.15,3,20,Road,29.125,31.4
358,-7262542175.508402,-5013521821.947795,0.0,0,20,Road,29.125,31.4
390,-6068440919.541112,-732599169.1035051,0.05,1,20,Road,29.125,31.4
397,-5325520495.511641,-499094002.5371153,0.15,3,20,Road,29.125,31.4
423,-1103325872.785545,-681394697.249005,0.1,2,20,Road,29.125,31.4
459,-5741529355.609257,-3191474633.6625457,0.15,3,20,Road,29.125,31.4
464,-2884150264.54594,-302175348.6424655,0.15,3,20,Road,29.125,31.4
493,-210229233.5864624,-194249387.8902201,0.15,3,20,Road,29.125,31.4
521,-5853041625.2089405,-1123007099.6562161,0.1,2,20,Road,29.125,31.4
538,-4525111619.493883,-925715413.0539589,0.1,2,20,Road,29.125,31.4
556,-6109825761.539993,-755319871.7021298,0.1,2,20,Road,29.125,31.4
557,-1983305984.7137294,-1581222295.7868924,0.1,2,20,Road,29.125,31.4
558,-6609807090.92931,-5277379244.2065525,0.15,3,20,Road,29.125,31.4
564,-4524853958.551385,-835221251.6273994,0.15,3,20,Road,29.125,31.4
565,-6265466962.496637,-1424285526.710472,0.05,1,20,Road,29.125,31.4
569,-3629115402.4672346,-1878914152.8695846,0.1,2,20,Road,29.125,31.4
594,-7191183383.851354,-4468354912.77426,0.1,2,20,Road,29.125,31.4
602,-4055944038.990693,-1726262845.362919,0.1,2,20,Road,29.125,31.4
612,-6521867307.842085,-1475809654.5149233,0.1,2,20,Road,29.125,31.4
614,-3649917634.172722,-1012563848.7183313,0.05,1,20,Road,29.125,31.4
625,-6608909739.530037,-717497215.5993648,0.1,2,20,Road,29.125,31.4
627,258279638.55204764,-536214543.1468234,0.1,2,20,Road,29.125,31.4
628,-6736190793.234088,-1119248678.4253917,0.05,1,20,Road,29.125,31.4
648,-5069329155.20443,-2814176653.4406414,0.15,3,20,Road,29.125,31.4
662,-8546183011.64982,-5748801112.360907,0.1,2,20,Road,29.125,31.4
669,-1924643496.2810898,-359672160.6081848,0.15,3,20,Road,29.125,31.4
670,-1250022245.2597177,-425248170.4997543,0.05,1,20,Road,29.125,31.4
673,-3026792644.0826783,-191399516.98096764,0.15,3,20,Road,29.125,31.4
680,-8342800489.41008,-3256899580.098253,0.1,2,20,Road,29.125,31.4
682,-4926258161.76924,-3634274837.960924,0.1,2,20,Road,29.125,31.4
689,-4336319400.031861,-847379750.6826898,0.1,2,20,Road,29.125,31.4
694,-4065688782.0134554,-814222726.3317542,0.15,3,20,Road,29.125,31.4
736,-11672781866.229832,-12589760858.319908,0.0,0,20,Road,29.125,31.4
750,-9558575204.380352,-12797095469.588646,0.1,2,20,Road,29.125,31.4
755,-4994061869.018119,-617358687.050462,0.15,3,20,Road,29.125,31.4
759,-6604423324.674547,-1077135208.0796604,0.1,2,20,Road,29.125,31.4
760,-5457090626.250781,-488461290.6206084,0.0,0,20,Road,29.125,31.4
761,-407564182.26561356,-407396781.93618476,0.15,3,20,Road,29.125,31.4
764,-4019704987.5904045,-1962603550.2634091,0.1,2,20,Road,29.125,31.4
770,-2895007751.1480136,-350116218.1995524,0.15,3,20,Road,29.125,31.4
775,-6050523805.729327,-938153774.007446,0.05,1,20,Road,29.125,31.4
776,-734908650.1880871,-808208489.9583077,0.15,3,20,Road,29.125,31.4
780,-1435294080.0854976,-1024800262.8826057,0.15,3,20,Road,29.125,31.4
791,-3198843249.8268504,-753566103.920466,0.0,0,20,Road,29.125,31.4
809,-2998274515.301973,-809526323.1396742,0.1,2,20,Road,29.125,31.4
810,-5079894873.590419,-1089091258.8187873,0.15,3,20,Road,29.125,31.4
822,-1500747747.5333493,-460585574.3327226,0.15,3,20,Road,29.125,31.4
837,-4211081356.973071,-1306038930.4925675,0.05,1,20,Road,29.125,31.4
858,-6609453262.06975,-2761183710.622487,0.15,3,20,Road,29.125,31.4
863,-3358164784.1382766,-1425097610.4194317,0.15,3,20,Road,29.125,31.4
866,-4628301993.128107,-773337772.99099,0.1,2,20,Road,29.125,31.4
873,-6805528858.531951,-1592602763.937213,0.05,1,20,Road,29.125,31.4
878,-8035627230.018481,-3234345221.4319773,0.15,3,20,Road,29.125,31.4
940,-4247466825.862693,-754118134.8219929,0.1,2,20,Road,29.125,31.4
952,-3215178470.8448396,-1989153629.4736757,0.15,3,20,Road,29.125,31.4
958,-1451232168.1401515,-861720543.036389,0.15,3,20,Road,29.125,31.4
970,-3067655913.9051104,-345315346.0955148,0.15,3,20,Road,29.125,31.4
971,-2909519773.061843,-861135693.134511,0.15,3,20,Road,29.125,31.4
987,-12575423557.408054,-12704841461.746395,0.0,0,20,Road,29.125,31.4
0,-3749077115.7734733,-473310725.1576154,0.1,2,20,Road,29.23875,31.4
2,-4093215174.889041,-495370412.43916005,0.0,0,20,Road,29.23875,31.4
9,-2512523075.007673,-1397015744.9162736,0.15,3,20,Road,29.23875,31.4
12,-6278468952.66124,-1516445938.70163,0.15,3,20,Road,29.23875,31.4
15,-2358437265.4131804,-373296992.6626172,0.1,2,20,Road,29.23875,31.4
17,-3565592643.724093,-3231013216.2208347,0.1,2,20,Road,29.23875,31.4
25,-3919565820.545781,-1202130876.9642422,0.1,2,20,Road,29.23875,31.4
62,-2630066294.2703133,-212435365.7727947,0.1,2,20,Road,29.23875,31.4
63,-4481032511.138225,-1222343447.996067,0.1,2,20,Road,29.23875,31.4
73,-6381603770.840754,-550437695.6432389,0.05,1,20,Road,29.23875,31.4
90,-3854724854.089555,-1171805673.9750373,0.15,3,20,Road,29.23875,31.4
94,524233809.0900364,-172467723.16967398,0.1,2,20,Road,29.23875,31.4
103,-5604955420.299673,-616436475.7953169,0.1,2,20,Road,29.23875,31.4
104,-3139054750.060314,-1037300744.4873267,0.15,3,20,Road,29.23875,31.4
109,-5576390275.4175825,-1628995431.5332246,0.1,2,20,Road,29.23875,31.4
114,-2796462863.993836,-496148266.2628858,0.1,2,20,Road,29.23875,31.4
126,-3687031880.636814,-907842251.5834489,0.05,1,20,Road,29.23875,31.4
140,-2598481918.893852,-604816912.7666394,0.15,3,20,Road,29.23875,31.4
143,-3979470150.857127,-469415416.090029,0.05,1,20,Road,29.23875,31.4
144,-3432565921.3833055,-1421023673.3533845,0.15,3,20,Road,29.23875,31.4
150,-3615246665.5159416,-594383887.2874818,0.1,2,20,Road,29.23875,31.4
152,-3799352869.261753,-2291162443.107053,0.1,2,20,Road,29.23875,31.4
189,-6515427330.152018,-757344992.4656072,0.1,2,20,Road,29.23875,31.4
195,-3252935302.9436955,-425186376.2761674,0.05,1,20,Road,29.23875,31.4
197,-5059144228.824501,-493644107.1348376,0.1,2,20,Road,29.23875,31.4
201,-7473617163.934927,-1180175196.3552272,0.05,1,20,Road,29.23875,31.4
202,-2991871661.8300467,-474802428.8533592,0.1,2,20,Road,29.23875,31.4
206,-3678814172.841348,-1241326985.0947056,0.1,2,20,Road,29.23875,31.4
209,-4098403905.4307365,-837004713.4761697,0.1,2,20,Road,29.23875,31.4
233,-4362138079.908191,-1018729221.3481865,0.15,3,20,Road,29.23875,31.4
243,-4632233232.138252,-1382911659.0203822,0.05,1,20,Road,29.23875,31.4
245,-3586135735.3340025,-1361379449.0206432,0.15,3,20,Road,29.23875,31.4
249,-3176029472.4969764,-1124416298.8430078,0.05,1,20,Road,29.23875,31.4
250,-4262607192.731912,-1566334190.570199,0.15,3,20,Road,29.23875,31.4
254,-1181863615.014811,-419593813.5036329,0.15,3,20,Road,29.23875,31.4
261,-3388110618.7710576,-328056085.5743203,0.05,1,20,Road,29.23875,31.4
267,-5365068222.998335,-585717961.6733284,0.0,0,20,Road,29.23875,31.4
270,-6756523063.2397175,-492209742.4233132,0.0,0,20,Road,29.23875,31.4
273,-3474446042.6798005,-546300797.1028125,0.1,2,20,Road,29.23875,31.4
277,-3725195338.8189316,-1001140849.8872144,0.1,2,20,Road,29.23875,31.4
284,-6706125937.76632,-1130759580.2266638,0.05,1,20,Road,29.23875,31.4
285,-5233670702.393457,-978700084.7437987,0.05,1,20,Road,29.23875,31.4
331,-3908626756.501273,-988308530.2536848,0.15,3,20,Road,29.23875,31.4
334,-2112477428.4317753,-494224867.4914055,0.15,3,20,Road,29.23875,31.4
348,-3908796566.0389366,-1190474431.2750387,0.05,1,20,Road,29.23875,31.4
351,-5197326899.158357,-1306291781.7236538,0.05,1,20,Road,29.23875,31.4
356,-5739733047.34331,-943907630.4168851,0.15,3,20,Road,29.23875,31.4
358,-7288754175.620218,-5030950094.498496,0.0,0,20,Road,29.23875,31.4
390,-6090204680.575269,-733523376.5200729,0.05,1,20,Road,29.23875,31.4
397,-5344377820.070058,-499101335.213099,0.15,3,20,Road,29.23875,31.4
423,-1104839950.6273222,-681260889.3837509,0.1,2,20,Road,29.23875,31.4
459,-5751896893.893522,-3191882730.758093,0.15,3,20,Road,29.23875,31.4
464,-2894233469.5723066,-302174445.6281792,0.15,3,20,Road,29.23875,31.4
493,-210290433.6148386,-194248177.3624437,0.15,3,20,Road,29.23875,31.4
521,-5871917560.357455,-1123409509.4045043,0.1,2,20,Road,29.23875,31.4
538,-4539636832.574518,-926182898.4613733,0.1,2,20,Road,29.23875,31.4
556,-6130491172.290403,-755072834.5566067,0.1,2,20,Road,29.23875,31.4
557,-1983421382.1906505,-1579767323.4916105,0.1,2,20,Road,29.23875,31.4
558,-6616092169.898897,-5278460420.427137,0.15,3,20,Road,29.23875,31.4
564,-4539245382.587202,-835202522.1726546,0.15,3,20,Road,29.23875,31.4
565,-6284619810.203776,-1424530755.9344983,0.05,1,20,Road,29.23875,31.4
569,-3635998527.3526793,-1878961727.8102484,0.1,2,20,Road,29.23875,31.4
594,-7202056489.226288,-4468593795.365158,0.1,2,20,Road,29.23875,31.4
602,-4065143989.6498384,-1726364041.1456645,0.1,2,20,Road,29.23875,31.4
612,-6542809462.942825,-1477044030.7979476,0.1,2,20,Road,29.23875,31.4
614,-3660255295.7893357,-1012601115.7222266,0.05,1,20,Road,29.23875,31.4
625,-6631739685.6719,-717317782.3559192,0.1,2,20,Road,29.23875,31.4
627,261410289.42973962,-536186852.3779124,0.1,2,20,Road,29.23875,31.4
628,-6758418370.92543,-1119538842.7069664,0.05,1,20,Road,29.23875,31.4
648,-5078233444.522941,-2814273265.6063414,0.15,3,20,Road,29.23875,31.4
662,-8575627000.553354,-5767319704.147047,0.1,2,20,Road,29.23875,31.4
669,-1930883425.219576,-359799969.7378199,0.15,3,20,Road,29.23875,31.4
670,-1253307492.9856343,-425312197.5903424,0.05,1,20,Road,29.23875,31.4
673,-3037797129.446114,-191330149.3587271,0.15,3,20,Road,29.23875,31.4
680,-8363026507.478453,-3257262208.349142,0.1,2,20,Road,29.23875,31.4
682,-4932276129.330303,-3635246862.068487,0.1,2,20,Road,29.23875,31.4
689,-4350073545.892995,-847507565.7244762,0.1,2,20,Road,29.23875,31.4
694,-4078432732.2344427,-814267817.7086631,0.15,3,20,Road,29.23875,31.4
736,-11715202542.948935,-12635762869.299963,0.0,0,20,Road,29.23875,31.4
750,-9592199777.935816,-12843368341.175611,0.1,2,20,Road,29.23875,31.4
755,-5011135525.953444,-617338782.202136,0.15,3,20,Road,29.23875,31.4
759,-6627233622.703863,-1078358243.5076847,0.1,2,20,Road,29.23875,31.4
760,-5476702320.071622,-488667608.0662415,0.0,0,20,Road,29.23875,31.4
761,-407513329.4017849,-407345275.2770783,0.15,3,20,Road,29.23875,31.4
764,-4028118934.906091,-1962983324.583527,0.1,2,20,Road,29.23875,31.4
770,-2904945485.8016715,-350114676.90907717,0.15,3,20,Road,29.23875,31.4
775,-6070915093.98123,-938578295.1826673,0.05,1,20,Road,29.23875,31.4
776,-733878764.4121788,-807464882.5265661,0.15,3,20,Road,29.23875,31.4
780,-1437427781.0559518,-1025330747.6571172,0.15,3,20,Road,29.23875,31.4
791,-3208498040.3615055,-753670670.4088773,0.0,0,20,Road,29.23875,31.4
809,-3006927760.3953996,-809631238.383883,0.1,2,20,Road,29.23875,31.4
810,-5095718408.962041,-1089328393.8065376,0.15,3,20,Road,29.23875,31.4
822,-1504860721.4488301,-460636112.29278475,0.15,3,20,Road,29.23875,31.4
837,-4222441948.150487,-1306053647.8154879,0.05,1,20,Road,29.23875,31.4
858,-6624628401.544535,-2761329127.814795,0.15,3,20,Road,29.23875,31.4
863,-3365813792.458826,-1425196871.4091473,0.15,3,20,Road,29.23875,31.4
866,-4643377948.906323,-773357859.9266105,0.1,2,20,Road,29.23875,31.4
873,-6826113932.632613,-1592828341.2735786,0.05,1,20,Road,29.23875,31.4
878,-8054352461.349559,-3234318664.6608505,0.15,3,20,Road,29.23875,31.4
940,-4261125517.1512322,-754133275.4287851,0.1,2,20,Road,29.23875,31.4
952,-3220720881.274373,-1989907702.5399144,0.15,3,20,Road,29.23875,31.4
958,-1453963563.8002048,-862149554.2378826,0.15,3,20,Road,29.23875,31.4
970,-3078340904.526626,-345368019.47794586,0.15,3,20,Road,29.23875,31.4
971,-2917794593.1716785,-861410386.5802524,0.15,3,20,Road,29.23875,31.4
987,-12623028049.334738,-12752951405.574142,0.0,0,20,Road,29.23875,31.4
0,-3761702318.5878077,-473191934.9170983,0.1,2,20,Road,29.3525,31.4
2,-4107197231.669783,-495355467.2369624,0.0,0,20,Road,29.3525,31.4
9,-2515622156.124316,-1395775072.8356051,0.15,3,20,Road,29.3525,31.4
12,-6297351382.000905,-1516802264.229132,0.15,3,20,Road,29.3525,31.4
15,-2366059856.4469366,-373196623.37743425,0.1,2,20,Road,29.3525,31.4
17,-3567835969.1592283,-3231954898.8060365,0.1,2,20,Road,29.3525,31.4
25,-3930714444.410563,-1202707632.1673195,0.1,2,20,Road,29.3525,31.4
62,-2639452940.8408833,-212416496.7821115,0.1,2,20,Road,29.3525,31.4
63,-4493930823.50014,-1222564204.6850343,0.1,2,20,Road,29.3525,31.4
73,-6404528958.558706,-550677401.2166501,0.05,1,20,Road,29.3525,31.4
90,-3865183969.672915,-1171827200.5117376,0.15,3,20,Road,29.3525,31.4
94,526949871.72443855,-172462097.8588421,0.1,2,20,Road,29.3525,31.4
103,-5624638521.803825,-616712317.073319,0.1,2,20,Road,29.3525,31.4
104,-3147248064.570863,-1037317426.3397107,0.15,3,20,Road,29.3525,31.4
109,-5592150383.149204,-1629398652.8216217,0.1,2,20,Road,29.3525,31.4
114,-2805639032.135146,-496375324.55880624,0.1,2,20,Road,29.3525,31.4
126,-3698136699.031604,-908134951.8027078,0.05,1,20,Road,29.3525,31.4
140,-2606245053.939603,-604823922.996966,0.15,3,20,Road,29.3525,31.4
143,-3993130919.5587854,-469420719.8323512,0.05,1,20,Road,29.3525,31.4
144,-3440979495.5345526,-1421611573.3320558,0.15,3,20,Road,29.3525,31.4
150,-3627062873.125705,-594447775.0811284,0.1,2,20,Road,29.3525,31.4
152,-3803904571.363426,-2289846703.509778,0.1,2,20,Road,29.3525,31.4
189,-6539201215.857187,-758717719.916342,0.1,2,20,Road,29.3525,31.4
195,-3264032703.1953,-425282743.97992295,0.05,1,20,Road,29.3525,31.4
197,-5076928199.435183,-493666523.683112,0.1,2,20,Road,29.3525,31.4
201,-7498825122.638003,-1180899241.627934,0.05,1,20,Road,29.3525,31.4
202,-3001755500.1827354,-474893898.33764267,0.1,2,20,Road,29.3525,31.4
206,-3688307400.236656,-1241337448.4318314,0.1,2,20,Road,29.3525,31.4
209,-4111176575.2168703,-837089284.1443576,0.1,2,20,Road,29.3525,31.4
233,-4375169965.513624,-1018753958.643204,0.15,3,20,Road,29.3525,31.4
243,-4644856014.007237,-1382893328.3608851,0.05,1,20,Road,29.3525,31.4
245,-3595535096.2921386,-1362123651.0691772,0.15,3,20,Road,29.3525,31.4
249,-3184223911.4397726,-1124629172.2775955,0.05,1,20,Road,29.3525,31.4
250,-4273061071.578351,-1566298528.8584433,0.15,3,20,Road,29.3525,31.4
254,-1183558282.7944326,-418322958.1359962,0.15,3,20,Road,29.3525,31.4
261,-3400056841.579243,-328097517.5432559,0.05,1,20,Road,29.3525,31.4
267,-5383517692.020388,-585573917.2166684,0.0,0,20,Road,29.3525,31.4
270,-6780923578.405657,-492239665.8148831,0.0,0,20,Road,29.3525,31.4
273,-3485828161.575248,-546291303.0981061,0.1,2,20,Road,29.3525,31.4
277,-3735710017.104712,-1001057906.93009,0.1,2,20,Road,29.3525,31.4
284,-6727813453.049569,-1130756772.7987804,0.05,1,20,Road,29.3525,31.4
285,-5251056228.436576,-979532136.1083603,0.05,1,20,Road,29.3525,31.4
331,-3920283148.401352,-988603759.3736967,0.15,3,20,Road,29.3525,31.4
334,-2118607305.500066,-494059118.7615013,0.15,3,20,Road,29.3525,31.4
348,-3919426700.620289,-1190529245.6792493,0.05,1,20,Road,29.3525,31.4
351,-5212325295.447249,-1306152552.6144633,0.05,1,20,Road,29.3525,31.4
356,-5758598731.590116,-944115706.4836075,0.15,3,20,Road,29.3525,31.4
358,-7314966175.732035,-5048378367.049196,0.0,0,20,Road,29.3525,31.4
390,-6111968441.609426,-734447583.9366407,0.05,1,20,Road,29.3525,31.4
397,-5363235144.628473,-499108667.8890828,0.15,3,20,Road,29.3525,31.4
423,-1106354028.469099,-681127081.518497,0.1,2,20,Road,29.3525,31.4
459,-5762264432.17779,-3192290827.8536406,0.15,3,20,Road,29.3525,31.4
464,-2904316674.5986733,-302173542.6138929,0.15,3,20,Road,29.3525,31.4
493,-210351633.643215,-194246966.8346673,0.15,3,20,Road,29.3525,31.4
521,-5890793495.505972,-1123811919.1527925,0.1,2,20,Road,29.3525,31.4
538,-4554162045.655153,-926650383.8687878,0.1,2,20,Road,29.3525,31.4
556,-6151156583.040813,-754825797.4110837,0.1,2,20,Road,29.3525,31.4
557,-1983536779.6675725,-1578312351.1963284,0.1,2,20,Road,29.3525,31.4
558,-6622377248.868485,-5279541596.647722,0.15,3,20,Road,29.3525,31.4
564,-4553636806.623018,-835183792.7179098,0.15,3,20,Road,29.3525,31.4
565,-6303772657.910916,-1424775985.1585248,0.05,1,20,Road,29.3525,31.4
569,-3642881652.2381225,-1879009302.7509117,0.1,2,20,Road,29.3525,31.4
594,-7212929594.601221,-4468832677.956057,0.1,2,20,Road,29.3525,31.4
602,-4074343940.3089843,-1726465236.9284096,0.1,2,20,Road,29.3525,31.4
612,-6563751618.043565,-1478278407.080972,0.1,2,20,Road,29.3525,31.4
614,-3670592957.40595,-1012638382.7261219,0.05,1,20,Road,29.3525,31.4
625,-6654569631.813764,-717138349.1124737,0.1,2,20,Road,29.3525,31.4
627,264540940.3074317,-536159161.60900146,0.1,2,20,Road,29.3525,31.4
628,-6780645948.616773,-1119829006.9885406,0.05,1,20,Road,29.3525,31.4
648,-5087137733.841451,-2814369877.7720404,0.15,3,20,Road,29.3525,31.4
662,-8605070989.456888,-5785838295.9331875,0.1,2,20,Road,29.3525,31.4
669,-1937123354.158062,-359927778.8674551,0.15,3,20,Road,29.3525,31.4
670,-1256592740.711551,-425376224.68093044,0.05,1,20,Road,29.3525,31.4
673,-3048801614.80955,-191260781.73648655,0.15,3,20,Road,29.3525,31.4
680,-8383252525.546826,-3257624836.600032,0.1,2,20,Road,29.3525,31.4
682,-4938294096.891367,-3636218886.17605,0.1,2,20,Road,29.3525,31.4
689,-4363827691.7541275,-847635380.7662627,0.1,2,20,Road,29.3525,31.4
694,-4091176682.4554305,-814312909.0855719,0.15,3,20,Road,29.3525,31.4
736,-11757623219.66804,-12681764880.280018,0.0,0,20,Road,29.3525,31.4
750,-9625824351.491282,-12889641212.762577,0.1,2,20,Road,29.3525,31.4
755,-5028209182.888768,-617318877.3538102,0.15,3,20,Road,29.3525,31.4
759,-6650043920.733181,-1079581278.935709,0.1,2,20,Road,29.3525,31.4
760,-5496314013.892463,-488873925.5118746,0.0,0,20,Road,29.3525,31.4
761,-407462476.5379564,-407293768.6179718,0.15,3,20,Road,29.3525,31.4
764,-4036532882.221778,-1963363098.903645,0.1,2,20,Road,29.3525,31.4
770,-2914883220.45533,-350113135.6186019,0.15,3,20,Road,29.3525,31.4
775,-6091306382.233133,-939002816.3578885,0.05,1,20,Road,29.3525,31.4
776,-732848878.6362703,-806721275.0948246,0.15,3,20,Road,29.3525,31.4
780,-1439561482.026406,-1025861232.431629,0.15,3,20,Road,29.3525,31.4
791,-3218152830.8961606,-753775236.8972886,0.0,0,20,Road,29.3525,31.4
809,-3015581005.488826,-809736153.6280918,0.1,2,20,Road,29.3525,31.4
810,-5111541944.333663,-1089565528.7942882,0.15,3,20,Road,29.3525,31.4
822,-1508973695.3643107,-460686650.25284696,0.15,3,20,Road,29.3525,31.4
837,-4233802539.3279014,-1306068365.1384087,0.05,1,20,Road,29.3525,31.4
858,-6639803541.019319,-2761474545.007103,0.15,3,20,Road,29.3525,31.4
863,-3373462800.7793746,-1425296132.398863,0.15,3,20,Road,29.3525,31.4
866,-4658453904.684539,-773377946.8622308,0.1,2,20,Road,29.3525,31.4
873,-6846699006.733276,-1593053918.6099443,0.05,1,20,Road,29.3525,31.4
878,-8073077692.680636,-3234292107.889724,0.15,3,20,Road,29.3525,31.4
940,-4274784208.439771,-754148416.0355775,0.1,2,20,Road,29.3525,31.4
952,-3226263291.7039065,-1990661775.606153,0.15,3,20,Road,29.3525,31.4
958,-1456694959.460258,-862578565.4393761,0.15,3,20,Road,29.3525,31.4
970,-3089025895.148142,-345420692.86037695,0.15,3,20,Road,29.3525,31.4
971,-2926069413.281514,-861685080.025994,0.15,3,20,Road,29.3525,31.4
987,-12670632541.261423,-12801061349.401894,0.0,0,20,Road,29.3525,31.4
0,-3774327521.402143,-473073144.67658114,0.1,2,20,Road,29.46625,31.4
2,-4121179288.450525,-495340522.03476477,0.0,0,20,Road,29.46625,31.4
9,-2518721237.2409596,-1394534400.7549372,0.15,3,20,Road,29.46625,31.4
12,-6316233811.34057,-1517158589.7566335,0.15,3,20,Road,29.46625,31.4
15,-2373682447.4806924,-373096254.0922513,0.1,2,20,Road,29.46625,31.4
17,-3570079294.594363,-3232896581.391238,0.1,2,20,Road,29.46625,31.4
25,-3941863068.275345,-1203284387.370397,0.1,2,20,Road,29.46625,31.4
62,-2648839587.4114537,-212397627.7914283,0.1,2,20,Road,29.46625,31.4
63,-4506829135.862056,-1222784961.374001,0.1,2,20,Road,29.46625,31.4
73,-6427454146.27666,-550917106.7900615,0.05,1,20,Road,29.46625,31.4
90,-3875643085.256275,-1171848727.0484376,0.15,3,20,Road,29.46625,31.4
94,529665934.35884064,-172456472.54801023,0.1,2,20,Road,29.46625,31.4
103,-5644321623.30798,-616988158.3513212,0.1,2,20,Road,29.46625,31.4
104,-3155441379.0814123,-1037334108.1920947,0.15,3,20,Road,29.46625,31.4
109,-5607910490.880827,-1629801874.1100187,0.1,2,20,Road,29.46625,31.4
114,-2814815200.2764573,-496602382.8547267,0.1,2,20,Road,29.46625,31.4
126,-3709241517.4263954,-908427652.0219667,0.05,1,20,Road,29.46625,31.4
140,-2614008188.985353,-604830933.2272928,0.15,3,20,Road,29.46625,31.4
143,-4006791688.2604423,-469426023.5746734,0.05,1,20,Road,29.46625,31.4
144,-3449393069.6858,-1422199473.310727,0.15,3,20,Road,29.46625,31.4
150,-3638879080.7354684,-594511662.8747748,0.1,2,20,Road,29.46625,31.4
152,-3808456273.4650993,-2288530963.912504,0.1,2,20,Road,29.46625,31.4
189,-6562975101.562357,-760090447.367077,0.1,2,20,Road,29.46625,31.4
195,-3275130103.446906,-425379111.6836785,0.05,1,20,Road,29.46625,31.4
197,-5094712170.045863,-493688940.2313865,0.1,2,20,Road,29.46625,31.4
201,-7524033081.341078,-1181623286.9006405,0.05,1,20,Road,29.46625,31.4
202,-3011639338.5354247,-474985367.821926,0.1,2,20,Road,29.46625,31.4
206,-3697800627.6319647,-1241347911.7689567,0.1,2,20,Road,29.46625,31.4
209,-4123949245.0030036,-837173854.8125454,0.1,2,20,Road,29.46625,31.4
233,-4388201851.11906,-1018778695.9382215,0.15,3,20,Road,29.46625,31.4
243,-4657478795.876223,-1382874997.7013884,0.05,1,20,Road,29.46625,31.4
245,-3604934457.2502756,-1362867853.1177106,0.15,3,20,Road,29.46625,31.4
249,-3192418350.3825693,-1124842045.712183,0.05,1,20,Road,29.46625,31.4
250,-4283514950.4247894,-1566262867.1466875,0.15,3,20,Road,29.46625,31.4
254,-1185252950.5740542,-417052102.76835954,0.15,3,20,Road,29.46625,31.4
261,-3412003064.387429,-328138949.51219153,0.05,1,20,Road,29.46625,31.4
267,-5401967161.042441,-585429872.7600085,0.0,0,20,Road,29.46625,31.4
270,-6805324093.571598,-492269589.2064531,0.0,0,20,Road,29.46625,31.4
273,-3497210280.4706964,-546281809.0933998,0.1,2,20,Road,29.46625,31.4
277,-3746224695.3904924,-1000974963.9729655,0.1,2,20,Road,29.46625,31.4
284,-6749500968.332819,-1130753965.3708975,0.05,1,20,Road,29.46625,31.4
285,-5268441754.479695,-980364187.4729221,0.05,1,20,Road,29.46625,31.4
331,-3931939540.3014297,-988898988.4937086,0.15,3,20,Road,29.46625,31.4
334,-2124737182.5683568,-493893370.0315972,0.15,3,20,Road,29.46625,31.4
348,-3930056835.201641,-1190584060.0834599,0.05,1,20,Road,29.46625,31.4
351,-5227323691.736143,-1306013323.505273,0.05,1,20,Road,29.46625,31.4
356,-5777464415.83692,-944323782.5503302,0.15,3,20,Road,29.46625,31.4
358,-7341178175.843852,-5065806639.599897,0.0,0,20,Road,29.46625,31.4
390,-6133732202.643582,-735371791.3532085,0.05,1,20,Road,29.46625,31.4
397,-5382092469.186891,-499116000.5650665,0.15,3,20,Road,29.46625,31.4
423,-1107868106.3108764,-680993273.653243,0.1,2,20,Road,29.46625,31.4
459,-5772631970.462056,-3192698924.9491878,0.15,3,20,Road,29.46625,31.4
464,-2914399879.6250405,-302172639.59960663,0.15,3,20,Road,29.46625,31.4
493,-210412833.67159128,-194245756.3068909,0.15,3,20,Road,29.46625,31.4
521,-5909669430.654487,-1124214328.9010806,0.1,2,20,Road,29.46625,31.4
538,-4568687258.735788,-927117869.2762022,0.1,2,20,Road,29.46625,31.4
556,-6171821993.7912245,-754578760.2655605,0.1,2,20,Road,29.46625,31.4
557,-1983652177.1444938,-1576857378.9010463,0.1,2,20,Road,29.46625,31.4
558,-6628662327.838074,-5280622772.868307,0.15,3,20,Road,29.46625,31.4
564,-4568028230.658835,-835165063.263165,0.15,3,20,Road,29.46625,31.4
565,-6322925505.618056,-1425021214.382551,0.05,1,20,Road,29.46625,31.4
569,-3649764777.123567,-1879056877.691575,0.1,2,20,Road,29.46625,31.4
594,-7223802699.976155,-4469071560.546955,0.1,2,20,Road,29.46625,31.4
602,-4083543890.9681296,-1726566432.711155,0.1,2,20,Road,29.46625,31.4
612,-6584693773.144305,-1479512783.3639965,0.1,2,20,Road,29.46625,31.4
614,-3680930619.022564,-1012675649.7300171,0.05,1,20,Road,29.46625,31.4
625,-6677399577.9556265,-716958915.8690283,0.1,2,20,Road,29.46625,31.4
627,267671591.18512362,-536131470.84009045,0.1,2,20,Road,29.46625,31.4
628,-6802873526.308115,-1120119171.2701151,0.05,1,20,Road,29.46625,31.4
648,-5096042023.159962,-2814466489.9377403,0.15,3,20,Road,29.46625,31.4
662,-8634514978.360424,-5804356887.719327,0.1,2,20,Road,29.46625,31.4
669,-1943363283.0965488,-360055587.9970902,0.15,3,20,Road,29.46625,31.4
670,-1259877988.4374678,-425440251.77151847,0.05,1,20,Road,29.46625,31.4
673,-3059806100.1729856,-191191414.114246,0.15,3,20,Road,29.46625,31.4
680,-8403478543.615201,-3257987464.850921,0.1,2,20,Road,29.46625,31.4
682,-4944312064.45243,-3637190910.283613,0.1,2,20,Road,29.46625,31.4
689,-4377581837.61526,-847763195.8080492,0.1,2,20,Road,29.46625,31.4
694,-4103920632.6764183,-814358000.4624808,0.15,3,20,Road,29.46625,31.4
736,-11800043896.387142,-12727766891.260075,0.0,0,20,Road,29.46625,31.4
750,-9659448925.046747,-12935914084.349545,0.1,2,20,Road,29.46625,31.4
755,-5045282839.824093,-617298972.5054843,0.15,3,20,Road,29.46625,31.4
759,-6672854218.762499,-1080804314.363733,0.1,2,20,Road,29.46625,31.4
760,-5515925707.7133045,-489080242.9575077,0.0,0,20,Road,29.46625,31.4
761,-407411623.67412794,-407242261.9588653,0.15,3,20,Road,29.46625,31.4
764,-4044946829.537465,-1963742873.223763,0.1,2,20,Road,29.46625,31.4
770,-2924820955.1089883,-350111594.32812667,0.15,3,20,Road,29.46625,31.4
775,-6111697670.485037,-939427337.5331097,0.05,1,20,Road,29.46625,31.4
776,-731818992.8603616,-805977667.663083,0.15,3,20,Road,29.46625,31.4
780,-1441695182.9968605,-1026391717.2061404,0.15,3,20,Road,29.46625,31.4
791,-3227807621.4308157,-753879803.3857,0.0,0,20,Road,29.46625,31.4
809,-3024234250.582252,-809841068.8723007,0.1,2,20,Road,29.46625,31.4
810,-5127365479.705286,-1089802663.7820385,0.15,3,20,Road,29.46625,31.4
822,-1513086669.279792,-460737188.2129091,0.15,3,20,Road,29.46625,31.4
837,-4245163130.5053167,-1306083082.4613292,0.05,1,20,Road,29.46625,31.4
858,-6654978680.494103,-2761619962.199411,0.15,3,20,Road,29.46625,31.4
863,-3381111809.0999236,-1425395393.388579,0.15,3,20,Road,29.46625,31.4
866,-4673529860.462755,-773398033.7978512,0.1,2,20,Road,29.46625,31.4
873,-6867284080.83394,-1593279495.94631,0.05,1,20,Road,29.46625,31.4
878,-8091802924.011714,-3234265551.1185966,0.15,3,20,Road,29.46625,31.4
940,-4288442899.728311,-754163556.6423699,0.1,2,20,Road,29.46625,31.4
952,-3231805702.133441,-1991415848.6723914,0.15,3,20,Road,29.46625,31.4
958,-1459426355.1203113,-863007576.6408696,0.15,3,20,Road,29.46625,31.4
970,-3099710885.7696576,-345473366.2428081,0.15,3,20,Road,29.46625,31.4
971,-2934344233.391349,-861959773.4717355,0.15,3,20,Road,29.46625,31.4
987,-12718237033.188108,-12849171293.229643,0.0,0,20,Road,29.46625,31.4
0,-3786952724.216478,-472954354.436064,0.1,2,20,Road,29.58,31.4
2,-4135161345.231267,-495325576.83256704,0.0,0,20,Road,29.58,31.4
9,-2521820318.357603,-1393293728.6742687,0.15,3,20,Road,29.58,31.4
12,-6335116240.680236,-1517514915.2841353,0.15,3,20,Road,29.58,31.4
15,-2381305038.5144486,-372995884.8070684,0.1,2,20,Road,29.58,31.4
17,-3572322620.029499,-3233838263.97644,0.1,2,20,Road,29.58,31.4
25,-3953011692.140126,-1203861142.5734744,0.1,2,20,Road,29.58,31.4
62,-2658226233.9820237,-212378758.8007451,0.1,2,20,Road,29.58,31.4
63,-4519727448.223971,-1223005718.0629683,0.1,2,20,Road,29.58,31.4
73,-6450379333.994613,-551156812.3634727,0.05,1,20,Road,29.58,31.4
90,-3886102200.8396354,-1171870253.5851378,0.15,3,20,Road,29.58,31.4
94,532381996.99324286,-172450847.23717833,0.1,2,20,Road,29.58,31.4
103,-5664004724.812132,-617263999.6293232,0.1,2,20,Road,29.58,31.4
104,-3163634693.5919614,-1037350790.0444787,0.15,3,20,Road,29.58,31.4
109,-5623670598.612448,-1630205095.3984156,0.1,2,20,Road,29.58,31.4
114,-2823991368.4177675,-496829441.15064716,0.1,2,20,Road,29.58,31.4
126,-3720346335.821185,-908720352.2412256,0.05,1,20,Road,29.58,31.4
140,-2621771324.0311036,-604837943.4576194,0.15,3,20,Road,29.58,31.4
143,-4020452456.9620996,-469431327.3169956,0.05,1,20,Road,29.58,31.4
144,-3457806643.8370466,-1422787373.289398,0.15,3,20,Road,29.58,31.4
150,-3650695288.3452325,-594575550.6684214,0.1,2,20,Road,29.58,31.4
152,-3813007975.5667725,-2287215224.31523,0.1,2,20,Road,29.58,31.4
189,-6586748987.267525,-761463174.8178118,0.1,2,20,Road,29.58,31.4
195,-3286227503.6985106,-425475479.3874341,0.05,1,20,Road,29.58,31.4
197,-5112496140.656545,-493711356.77966094,0.1,2,20,Road,29.58,31.4
201,-7549241040.044153,-1182347332.1733475,0.05,1,20,Road,29.58,31.4
202,-3021523176.888114,-475076837.3062093,0.1,2,20,Road,29.58,31.4
206,-3707293855.0272727,-1241358375.1060824,0.1,2,20,Road,29.58,31.4
209,-4136721914.7891364,-837258425.4807332,0.1,2,20,Road,29.58,31.4
233,-4401233736.724494,-1018803433.2332389,0.15,3,20,Road,29.58,31.4
243,-4670101577.745208,-1382856667.0418916,0.05,1,20,Road,29.58,31.4
245,-3614333818.208411,-1363612055.166244,0.15,3,20,Road,29.58,31.4
249,-3200612789.325365,-1125054919.1467705,0.05,1,20,Road,29.58,31.4
250,-4293968829.2712264,-1566227205.4349315,0.15,3,20,Road,29.58,31.4
254,-1186947618.3536756,-415781247.4007228,0.15,3,20,Road,29.58,31.4
261,-3423949287.195615,-328180381.48112714,0.05,1,20,Road,29.58,31.4
267,-5420416630.064494,-585285828.3033485,0.0,0,20,Road,29.58,31.4
270,-6829724608.737538,-492299512.598023,0.0,0,20,Road,29.58,31.4
273,-3508592399.3661437,-546272315.0886934,0.1,2,20,Road,29.58,31.4
277,-3756739373.6762724,-1000892021.0158409,0.1,2,20,Road,29.58,31.4
284,-6771188483.616069,-1130751157.9430141,0.05,1,20,Road,29.58,31.4
285,-5285827280.522814,-981196238.8374839,0.05,1,20,Road,29.58,31.4
331,-3943595932.2015085,-989194217.6137204,0.15,3,20,Road,29.58,31.4
334,-2130867059.636647,-493727621.3016931,0.15,3,20,Road,29.58,31.4
348,-3940686969.7829924,-1190638874.4876704,0.05,1,20,Road,29.58,31.4
351,-5242322088.025035,-1305874094.3960829,0.05,1,20,Road,29.58,31.4
356,-5796330100.083725,-944531858.6170528,0.15,3,20,Road,29.58,31.4
358,-7367390175.95567,-5083234912.150598,0.0,0,20,Road,29.58,31.4
390,-6155495963.677739,-736295998.7697763,0.05,1,20,Road,29.58,31.4
397,-5400949793.745307,-499123333.24105024,0.15,3,20,Road,29.58,31.4
423,-1109382184.1526535,-680859465.7879889,0.1,2,20,Road,29.58,31.4
459,-5782999508.746322,-3193107022.044735,0.15,3,20,Road,29.58,31.4
464,-2924483084.651407,-302171736.58532035,0.15,3,20,Road,29.58,31.4
493,-210474033.69996768,-194244545.77911448,0.15,3,20,Road,29.58,31.4
521,-5928545365.803003,-1124616738.6493688,0.1,2,20,Road,29.58,31.4
538,-4583212471.816422,-927585354.6836166,0.1,2,20,Road,29.58,31.4
556,-6192487404.541635,-754331723.1200373,0.1,2,20,Road,29.58,31.4
557,-1983767574.621415,-1575402406.6057642,0.1,2,20,Road,29.58,31.4
558,-6634947406.807661,-5281703949.088892,0.15,3,20,Road,29.58,31.4
564,-4582419654.694652,-835146333.8084202,0.15,3,20,Road,29.58,31.4
565,-6342078353.325196,-1425266443.6065772,0.05,1,20,Road,29.58,31.4
569,-3656647902.0090113,-1879104452.6322389,0.1,2,20,Road,29.58,31.4
594,-7234675805.351088,-4469310443.137854,0.1,2,20,Road,29.58,31.4
602,-4092743841.627276,-1726667628.4939003,0.1,2,20,Road,29.58,31.4
612,-6605635928.245045,-1480747159.6470208,0.1,2,20,Road,29.58,31.4
614,-3691268280.6391783,-1012712916.7339123,0.05,1,20,Road,29.58,31.4
625,-6700229524.09749,-716779482.6255828,0.1,2,20,Road,29.58,31.4
627,270802242.06281567,-536103780.0711795,0.1,2,20,Road,29.58,31.4
628,-6825101103.999457,-1120409335.5516896,0.05,1,20,Road,29.58,31.4
648,-5104946312.478473,-2814563102.1034393,0.15,3,20,Road,29.58,31.4
662,-8663958967.263958,-5822875479.505467,0.1,2,20,Road,29.58,31.4
669,-1949603212.035035,-360183397.1267254,0.15,3,20,Road,29.58,31.4
670,-1263163236.1633842,-425504278.86210656,0.05,1,20,Road,29.58,31.4
673,-3070810585.5364213,-191122046.4920054,0.15,3,20,Road,29.58,31.4
680,-8423704561.683574,-3258350093.1018105,0.1,2,20,Road,29.58,31.4
682,-4950330032.013494,-3638162934.391176,0.1,2,20,Road,29.58,31.4
689,-4391335983.476393,-847891010.8498356,0.1,2,20,Road,29.58,31.4
694,-4116664582.897405,-814403091.8393896,0.15,3,20,Road,29.58,31.4
736,-11842464573.106245,-12773768902.240131,0.0,0,20,Road,29.58,31.4
750,-9693073498.602213,-12982186955.936508,0.1,2,20,Road,29.58,31.4
755,-5062356496.759418,-617279067.6571585,0.15,3,20,Road,29.58,31.4
759,-6695664516.791817,-1082027349.791757,0.1,2,20,Road,29.58,31.4
760,-5535537401.534144,-489286560.4031408,0.0,0,20,Road,29.58,31.4
761,-407360770.8102995,-407190755.2997588,0.15,3,20,Road,29.58,31.4
764,-4053360776.853152,-1964122647.543881,0.1,2,20,Road,29.58,31.4
770,-2934758689.7626467,-350110053.0376514,0.15,3,20,Road,29.58,31.4
775,-6132088958.73694,-939851858.7083309,0.05,1,20,Road,29.58,31.4
776,-730789107.084453,-805234060.2313414,0.15,3,20,Road,29.58,31.4
780,-1443828883.9673145,-1026922201.980652,0.15,3,20,Road,29.58,31.4
791,-3237462411.9654713,-753984369.8741113,0.0,0,20,Road,29.58,31.4
809,-3032887495.6756787,-809945984.1165097,0.1,2,20,Road,29.58,31.4
810,-5143189015.076908,-1090039798.7697887,0.15,3,20,Road,29.58,31.4
822,-1517199643.195273,-460787726.17297125,0.15,3,20,Road,29.58,31.4
837,-4256523721.6827326,-1306097799.7842498,0.05,1,20,Road,29.58,31.4
858,-6670153819.968887,-2761765379.391719,0.15,3,20,Road,29.58,31.4
863,-3388760817.4204726,-1425494654.3782945,0.15,3,20,Road,29.58,31.4
866,-4688605816.240972,-773418120.7334716,0.1,2,20,Road,29.58,31.4
873,-6887869154.934603,-1593505073.2826757,0.05,1,20,Road,29.58,31.4
878,-8110528155.342792,-3234238994.34747,0.15,3,20,Road,29.58,31.4
940,-4302101591.01685,-754178697.2491622,0.1,2,20,Road,29.58,31.4
952,-3237348112.5629745,-1992169921.7386303,0.15,3,20,Road,29.58,31.4
958,-1462157750.7803648,-863436587.8423634,0.15,3,20,Road,29.58,31.4
970,-3110395876.3911734,-345526039.62523925,0.15,3,20,Road,29.58,31.4
971,-2942619053.501185,-862234466.9174769,0.15,3,20,Road,29.58,31.4
987,-12765841525.114794,-12897281237.057392,0.0,0,20,Road,29.58,31.4
0,-3799577927.0308127,-472835564.19554687,0.1,2,20,Road,29.69375,31.4
2,-4149143402.0120087,-495310631.63036937,0.0,0,20,Road,29.69375,31.4
9,-2524919399.4742465,-1392053056.5936007,0.15,3,20,Road,29.69375,31.4
12,-6353998670.019902,-1517871240.811637,0.15,3,20,Road,29.69375,31.4
15,-2388927629.548205,-372895515.5218855,0.1,2,20,Road,29.69375,31.4
17,-3574565945.464635,-3234779946.5616417,0.1,2,20,Road,29.69375,31.4
25,-3964160316.004907,-1204437897.7765517,0.1,2,20,Road,29.69375,31.4
62,-2667612880.552594,-212359889.8100619,0.1,2,20,Road,29.69375,31.4
63,-4532625760.585887,-1223226474.7519355,0.1,2,20,Road,29.69375,31.4
73,-6473304521.712566,-551396517.9368839,0.05,1,20,Road,29.69375,31.4
90,-3896561316.4229956,-1171891780.121838,0.15,3,20,Road,29.69375,31.4
94,535098059.6276452,-172445221.92634645,0.1,2,20,Road,29.69375,31.4
103,-5683687826.316286,-617539840.9073255,0.1,2,20,Road,29.69375,31.4
104,-3171828008.102511,-1037367471.8968625,0.15,3,20,Road,29.69375,31.4
109,-5639430706.344071,-1630608316.6868124,0.1,2,20,Road,29.69375,31.4
114,-2833167536.5590773,-497056499.44656765,0.1,2,20,Road,29.69375,31.4
126,-3731451154.2159753,-909013052.4604845,0.05,1,20,Road,29.69375,31.4
140,-2629534459.0768538,-604844953.687946,0.15,3,20,Road,29.69375,31.4
143,-4034113225.6637564,-469436631.05931777,0.05,1,20,Road,29.69375,31.4
144,-3466220217.988294,-1423375273.2680693,0.15,3,20,Road,29.69375,31.4
150,-3662511495.9549956,-594639438.4620678,0.1,2,20,Road,29.69375,31.4
152,-3817559677.6684456,-2285899484.7179556,0.1,2,20,Road,29.69375,31.4
189,-6610522872.972694,-762835902.2685468,0.1,2,20,Road,29.69375,31.4
195,-3297324903.950116,-425571847.09118974,0.05,1,20,Road,29.69375,31.4
197,-5130280111.267226,-493733773.32793534,0.1,2,20,Road,29.69375,31.4
201,-7574448998.747229,-1183071377.446054,0.05,1,20,Road,29.69375,31.4
202,-3031407015.2408032,-475168306.79049265,0.1,2,20,Road,29.69375,31.4
206,-3716787082.4225807,-1241368838.443208,0.1,2,20,Road,29.69375,31.4
209,-4149494584.5752707,-837342996.148921,0.1,2,20,Road,29.69375,31.4
233,-4414265622.329928,-1018828170.5282564,0.15,3,20,Road,29.69375,31.4
243,-4682724359.614194,-1382838336.3823948,0.05,1,20,Road,29.69375,31.4
245,-3623733179.1665483,-1364356257.2147777,0.15,3,20,Road,29.69375,31.4
249,-3208807228.2681613,-1125267792.5813582,0.05,1,20,Road,29.69375,31.4
250,-4304422708.117665,-1566191543.7231758,0.15,3,20,Road,29.69375,31.4
254,-1188642286.1332974,-414510392.03308606,0.15,3,20,Road,29.69375,31.4
261,-3435895510.0038013,-328221813.4500628,0.05,1,20,Road,29.69375,31.4
267,-5438866099.086548,-585141783.8466885,0.0,0,20,Road,29.69375,31.4
270,-6854125123.903479,-492329435.9895929,0.0,0,20,Road,29.69375,31.4
273,-3519974518.2615914,-546262821.0839869,0.1,2,20,Road,29.69375,31.4
277,-3767254051.962053,-1000809078.0587163,0.1,2,20,Road,29.69375,31.4
284,-6792875998.89932,-1130748350.5151312,0.05,1,20,Road,29.69375,31.4
285,-5303212806.565931,-982028290.2020454,0.05,1,20,Road,29.69375,31.4
331,-3955252324.101587,-989489446.7337325,0.15,3,20,Road,29.69375,31.4
334,-2136996936.7049377,-493561872.5717889,0.15,3,20,Road,29.69375,31.4
348,-3951317104.3643446,-1190693688.891881,0.05,1,20,Road,29.69375,31.4
351,-5257320484.313928,-1305734865.2868927,0.05,1,20,Road,29.69375,31.4
356,-5815195784.33053,-944739934.6837754,0.15,3,20,Road,29.69375,31.4
358,-7393602176.067488,-5100663184.7013,0.0,0,20,Road,29.69375,31.4
390,-6177259724.711897,-737220206.1863441,0.05,1,20,Road,29.69375,31.4
397,-5419807118.303724,-499130665.91703403,0.15,3,20,Road,29.69375,31.4
423,-1110896261.9944308,-680725657.922735,0.1,2,20,Road,29.69375,31.4
459,-5793367047.030588,-3193515119.1402826,0.15,3,20,Road,29.69375,31.4
464,-2934566289.677774,-302170833.5710341,0.15,3,20,Road,29.69375,31.4
493,-210535233.72834396,-194243335.2513381,0.15,3,20,Road,29.69375,31.4
521,-5947421300.951518,-1125019148.397657,0.1,2,20,Road,29.69375,31.4
538,-4597737684.8970585,-928052840.0910312,0.1,2,20,Road,29.69375,31.4
556,-6213152815.292045,-754084685.9745142,0.1,2,20,Road,29.69375,31.4
557,-1983882972.0983367,-1573947434.310482,0.1,2,20,Road,29.69375,31.4
558,-6641232485.777249,-5282785125.309478,0.15,3,20,Road,29.69375,31.4
564,-4596811078.730469,-835127604.3536755,0.15,3,20,Road,29.69375,31.4
565,-6361231201.032335,-1425511672.8306036,0.05,1,20,Road,29.69375,31.4
569,-3663531026.894455,-1879152027.5729022,0.1,2,20,Road,29.69375,31.4
594,-7245548910.726023,-4469549325.728752,0.1,2,20,Road,29.69375,31.4
602,-4101943792.2864213,-1726768824.2766457,0.1,2,20,Road,29.69375,31.4
612,-6626578083.345785,-1481981535.9300451,0.1,2,20,Road,29.69375,31.4
614,-3701605942.255793,-1012750183.7378076,0.05,1,20,Road,29.69375,31.4
625,-6723059470.239353,-716600049.3821373,0.1,2,20,Road,29.69375,31.4
627,273932892.94050765,-536076089.3022685,0.1,2,20,Road,29.69375,31.4
628,-6847328681.690801,-1120699499.8332639,0.05,1,20,Road,29.69375,31.4
648,-5113850601.796984,-2814659714.2691393,0.15,3,20,Road,29.69375,31.4
662,-8693402956.167492,-5841394071.291607,0.1,2,20,Road,29.69375,31.4
669,-1955843140.9735215,-360311206.25636053,0.15,3,20,Road,29.69375,31.4
670,-1266448483.8893008,-425568305.9526946,0.05,1,20,Road,29.69375,31.4
673,-3081815070.899857,-191052678.86976486,0.15,3,20,Road,29.69375,31.4
680,-8443930579.751947,-3258712721.3527,0.1,2,20,Road,29.69375,31.4
682,-4956347999.574556,-3639134958.4987392,0.1,2,20,Road,29.69375,31.4
689,-4405090129.337526,-848018825.8916221,0.1,2,20,Road,29.69375,31.4
694,-4129408533.118394,-814448183.2162983,0.15,3,20,Road,29.69375,31.4
736,-11884885249.82535,-12819770913.220188,0.0,0,20,Road,29.69375,31.4
750,-9726698072.157679,-13028459827.523476,0.1,2,20,Road,29.69375,31.4
755,-5079430153.694742,-617259162.8088326,0.15,3,20,Road,29.69375,31.4
759,-6718474814.821135,-1083250385.2197814,0.1,2,20,Road,29.69375,31.4
760,-5555149095.354986,-489492877.84877396,0.0,0,20,Road,29.69375,31.4
761,-407309917.9464711,-407139248.6406523,0.15,3,20,Road,29.69375,31.4
764,-4061774724.1688395,-1964502421.8639987,0.1,2,20,Road,29.69375,31.4
770,-2944696424.416305,-350108511.74717623,0.15,3,20,Road,29.69375,31.4
775,-6152480246.988844,-940276379.8835521,0.05,1,20,Road,29.69375,31.4
776,-729759221.3085444,-804490452.7995998,0.15,3,20,Road,29.69375,31.4
780,-1445962584.937769,-1027452686.7551636,0.15,3,20,Road,29.69375,31.4
791,-3247117202.5001264,-754088936.3625226,0.0,0,20,Road,29.69375,31.4
809,-3041540740.7691054,-810050899.3607185,0.1,2,20,Road,29.69375,31.4
810,-5159012550.44853,-1090276933.7575393,0.15,3,20,Road,29.69375,31.4
822,-1521312617.1107538,-460838264.1330334,0.15,3,20,Road,29.69375,31.4
837,-4267884312.860148,-1306112517.1071706,0.05,1,20,Road,29.69375,31.4
858,-6685328959.443672,-2761910796.584027,0.15,3,20,Road,29.69375,31.4
863,-3396409825.741022,-1425593915.3680103,0.15,3,20,Road,29.69375,31.4
866,-4703681772.019187,-773438207.6690919,0.1,2,20,Road,29.69375,31.4
873,-6908454229.035265,-1593730650.6190414,0.05,1,20,Road,29.69375,31.4
878,-8129253386.673871,-3234212437.576343,0.15,3,20,Road,29.69375,31.4
940,-4315760282.305389,-754193837.8559544,0.1,2,20,Road,29.69375,31.4
952,-3242890522.9925084,-1992923994.8048687,0.15,3,20,Road,29.69375,31.4
958,-1464889146.4404182,-863865599.0438569,0.15,3,20,Road,29.69375,31.4
970,-3121080867.0126896,-345578713.00767034,0.15,3,20,Road,29.69375,31.4
971,-2950893873.61102,-862509160.3632184,0.15,3,20,Road,29.69375,31.4
987,-12813446017.04148,-12945391180.885141,0.0,0,20,Road,29.69375,31.4
0,-3812203129.8451476,-472716773.9550298,0.1,2,20,Road,29.8075,31.4
2,-4163125458.7927504,-495295686.4281717,0.0,0,20,Road,29.8075,31.4
9,-2528018480.59089,-1390812384.5129323,0.15,3,20,Road,29.8075,31.4
12,-6372881099.359568,-1518227566.3391385,0.15,3,20,Road,29.8075,31.4
15,-2396550220.58196,-372795146.23670256,0.1,2,20,Road,29.8075,31.4
17,-3576809270.89977,-3235721629.146844,0.1,2,20,Road,29.8075,31.4
25,-3975308939.8696885,-1205014652.979629,0.1,2,20,Road,29.8075,31.4
62,-2676999527.1231637,-212341020.8193787,0.1,2,20,Road,29.8075,31.4
63,-4545524072.947803,-1223447231.4409022,0.1,2,20,Road,29.8075,31.4
73,-6496229709.430519,-551636223.5102952,0.05,1,20,Road,29.8075,31.4
90,-3907020432.0063553,-1171913306.6585383,0.15,3,20,Road,29.8075,31.4
94,537814122.2620473,-172439596.61551458,0.1,2,20,Road,29.8075,31.4
103,-5703370927.820439,-617815682.1853275,0.1,2,20,Road,29.8075,31.4
104,-3180021322.6130595,-1037384153.7492465,0.15,3,20,Road,29.8075,31.4
109,-5655190814.075693,-1631011537.9752092,0.1,2,20,Road,29.8075,31.4
114,-2842343704.7003884,-497283557.74248815,0.1,2,20,Road,29.8075,31.4
126,-3742555972.610766,-909305752.6797435,0.05,1,20,Road,29.8075,31.4
140,-2637297594.122604,-604851963.9182726,0.15,3,20,Road,29.8075,31.4
143,-4047773994.3654146,-469441934.8016399,0.05,1,20,Road,29.8075,31.4
144,-3474633792.1395416,-1423963173.2467403,0.15,3,20,Road,29.8075,31.4
150,-3674327703.5647593,-594703326.2557144,0.1,2,20,Road,29.8075,31.4
152,-3822111379.7701187,-2284583745.120681,0.1,2,20,Road,29.8075,31.4
189,-6634296758.677862,-764208629.7192817,0.1,2,20,Road,29.8075,31.4
195,-3308422304.2017207,-425668214.79494536,0.05,1,20,Road,29.8075,31.4
197,-5148064081.877908,-493756189.8762098,0.1,2,20,Road,29.8075,31.4
201,-7599656957.450305,-1183795422.718761,0.05,1,20,Road,29.8075,31.4
202,-3041290853.593492,-475259776.274776,0.1,2,20,Road,29.8075,31.4
206,-3726280309.8178887,-1241379301.7803335,0.1,2,20,Road,29.8075,31.4
209,-4162267254.3614035,-837427566.8171089,0.1,2,20,Road,29.8075,31.4
233,-4427297507.935362,-1018852907.823274,0.15,3,20,Road,29.8075,31.4
243,-4695347141.483179,-1382820005.7228975,0.05,1,20,Road,29.8075,31.4
245,-3633132540.1246843,-1365100459.2633114,0.15,3,20,Road,29.8075,31.4
249,-3217001667.210958,-1125480666.015946,0.05,1,20,Road,29.8075,31.4
250,-4314876586.964103,-1566155882.0114198,0.15,3,20,Road,29.8075,31.4
254,-1190336953.9129188,-413239536.6654494,0.15,3,20,Road,29.8075,31.4
261,-3447841732.8119874,-328263245.4189984,0.05,1,20,Road,29.8075,31.4
267,-5457315568.108601,-584997739.3900285,0.0,0,20,Road,29.8075,31.4
270,-6878525639.069418,-492359359.3811629,0.0,0,20,Road,29.8075,31.4
273,-3531356637.1570396,-546253327.0792804,0.1,2,20,Road,29.8075,31.4
277,-3777768730.2478333,-1000726135.1015918,0.1,2,20,Road,29.8075,31.4
284,-6814563514.182569,-1130745543.0872478,0.05,1,20,Road,29.8075,31.4
285,-5320598332.60905,-982860341.5666072,0.05,1,20,Road,29.8075,31.4
331,-3966908716.0016646,-989784675.8537443,0.15,3,20,Road,29.8075,31.4
334,-2143126813.7732284,-493396123.84188473,0.15,3,20,Road,29.8075,31.4
348,-3961947238.945697,-1190748503.2960918,0.05,1,20,Road,29.8075,31.4
351,-5272318880.60282,-1305595636.1777024,0.05,1,20,Road,29.8075,31.4
356,-5834061468.577334,-944948010.750498,0.15,3,20,Road,29.8075,31.4
358,-7419814176.179304,-5118091457.252,0.0,0,20,Road,29.8075,31.4
390,-6199023485.746053,-738144413.602912,0.05,1,20,Road,29.8075,31.4
397,-5438664442.862139,-499137998.59301776,0.15,3,20,Road,29.8075,31.4
423,-1112410339.8362079,-680591850.0574808,0.1,2,20,Road,29.8075,31.4
459,-5803734585.314855,-3193923216.2358303,0.15,3,20,Road,29.8075,31.4
464,-2944649494.7041407,-302169930.5567478,0.15,3,20,Road,29.8075,31.4
493,-210596433.75672045,-194242124.7235617,0.15,3,20,Road,29.8075,31.4
521,-5966297236.100034,-1125421558.145945,0.1,2,20,Road,29.8075,31.4
538,-4612262897.977692,-928520325.4984455,0.1,2,20,Road,29.8075,31.4
556,-6233818226.042455,-753837648.8289912,0.1,2,20,Road,29.8075,31.4
557,-1983998369.5752578,-1572492462.0152001,0.1,2,20,Road,29.8075,31.4
558,-6647517564.746837,-5283866301.530063,0.15,3,20,Road,29.8075,31.4
564,-4611202502.766286,-835108874.8989307,0.15,3,20,Road,29.8075,31.4
565,-6380384048.739475,-1425756902.0546298,0.05,1,20,Road,29.8075,31.4
569,-3670414151.7798996,-1879199602.5135658,0.1,2,20,Road,29.8075,31.4
594,-7256422016.100955,-4469788208.319652,0.1,2,20,Road,29.8075,31.4
602,-4111143742.9455667,-1726870020.059391,0.1,2,20,Road,29.8075,31.4
612,-6647520238.446525,-1483215912.2130694,0.1,2,20,Road,29.8075,31.4
614,-3711943603.872407,-1012787450.7417029,0.05,1,20,Road,29.8075,31.4
625,-6745889416.381216,-716420616.1386919,0.1,2,20,Road,29.8075,31.4
627,277063543.81819963,-536048398.5333575,0.1,2,20,Road,29.8075,31.4
628,-6869556259.382142,-1120989664.1148386,0.05,1,20,Road,29.8075,31.4
648,-5122754891.115495,-2814756326.4348383,0.15,3,20,Road,29.8075,31.4
662,-8722846945.071026,-5859912663.077748,0.1,2,20,Road,29.8075,31.4
669,-1962083069.9120078,-360439015.3859956,0.15,3,20,Road,29.8075,31.4
670,-1269733731.6152177,-425632333.0432826,0.05,1,20,Road,29.8075,31.4
673,-3092819556.2632923,-190983311.24752432,0.15,3,20,Road,29.8075,31.4
680,-8464156597.82032,-3259075349.6035895,0.1,2,20,Road,29.8075,31.4
682,-4962365967.135619,-3640106982.6063023,0.1,2,20,Road,29.8075,31.4
689,-4418844275.19866,-848146640.9334085,0.1,2,20,Road,29.8075,31.4
694,-4142152483.339381,-814493274.5932071,0.15,3,20,Road,29.8075,31.4
736,-11927305926.544453,-12865772924.200245,0.0,0,20,Road,29.8075,31.4
750,-9760322645.713142,-13074732699.11044,0.1,2,20,Road,29.8075,31.4
755,-5096503810.630067,-617239257.9605067,0.15,3,20,Road,29.8075,31.4
759,-6741285112.850451,-1084473420.6478057,0.1,2,20,Road,29.8075,31.4
760,-5574760789.175827,-489699195.294407,0.0,0,20,Road,29.8075,31.4
761,-407259065.0826427,-407087741.9815458,0.15,3,20,Road,29.8075,31.4
764,-4070188671.484525,-1964882196.1841166,0.1,2,20,Road,29.8075,31.4
770,-2954634159.069963,-350106970.45670104,0.15,3,20,Road,29.8075,31.4
775,-6172871535.240747,-940700901.0587735,0.05,1,20,Road,29.8075,31.4
776,-728729335.5326358,-803746845.3678582,0.15,3,20,Road,29.8075,31.4
780,-1448096285.9082232,-1027983171.5296751,0.15,3,20,Road,29.8075,31.4
791,-3256771993.0347815,-754193502.850934,0.0,0,20,Road,29.8075,31.4
809,-3050193985.862531,-810155814.6049274,0.1,2,20,Road,29.8075,31.4
810,-5174836085.820153,-1090514068.7452893,0.15,3,20,Road,29.8075,31.4
822,-1525425591.0262349,-460888802.0930956,0.15,3,20,Road,29.8075,31.4
837,-4279244904.0375633,-1306127234.4300911,0.05,1,20,Road,29.8075,31.4
858,-6700504098.918456,-2762056213.776335,0.15,3,20,Road,29.8075,31.4
863,-3404058834.0615706,-1425693176.357726,0.15,3,20,Road,29.8075,31.4
866,-4718757727.797403,-773458294.6047124,0.1,2,20,Road,29.8075,31.4
873,-6929039303.135928,-1593956227.9554071,0.05,1,20,Road,29.8075,31.4
878,-8147978618.004949,-3234185880.805216,0.15,3,20,Road,29.8075,31.4
940,-4329418973.593928,-754208978.4627469,0.1,2,20,Road,29.8075,31.4
952,-3248432933.422042,-1993678067.8711076,0.15,3,20,Road,29.8075,31.4
958,-1467620542.1004717,-864294610.2453504,0.15,3,20,Road,29.8075,31.4
970,-3131765857.6342053,-345631386.3901015,0.15,3,20,Road,29.8075,31.4
971,-2959168693.7208548,-862783853.80896,0.15,3,20,Road,29.8075,31.4
987,-12861050508.968164,-12993501124.71289,0.0,0,20,Road,29.8075,31.4
0,-3824828332.6594825,-472597983.7145126,0.1,2,20,Road,29.92125,31.4
2,-4177107515.5734925,-495280741.225974,0.0,0,20,Road,29.92125,31.4
9,-2531117561.707534,-1389571712.432264,0.15,3,20,Road,29.92125,31.4
12,-6391763528.699232,-1518583891.86664,0.15,3,20,Road,29.92125,31.4
15,-2404172811.6157165,-372694776.9515196,0.1,2,20,Road,29.92125,31.4
17,-3579052596.334905,-3236663311.732045,0.1,2,20,Road,29.92125,31.4
25,-3986457563.7344694,-1205591408.1827064,0.1,2,20,Road,29.92125,31.4
62,-2686386173.6937337,-212322151.8286955,0.1,2,20,Road,29.92125,31.4
63,-4558422385.309718,-1223667988.1298695,0.1,2,20,Road,29.92125,31.4
73,-6519154897.148472,-551875929.0837065,0.05,1,20,Road,29.92125,31.4
90,-3917479547.5897155,-1171934833.1952386,0.15,3,20,Road,29.92125,31.4
94,540530184.8964497,-172433971.30468267,0.1,2,20,Road,29.92125,31.4
103,-5723054029.324591,-618091523.4633296,0.1,2,20,Road,29.92125,31.4
104,-3188214637.1236086,-1037400835.6016304,0.15,3,20,Road,29.92125,31.4
109,-5670950921.807314,-1631414759.2636063,0.1,2,20,Road,29.92125,31.4
114,-2851519872.8416986,-497510616.03840864,0.1,2,20,Road,29.92125,31.4
126,-3753660791.0055566,-909598452.8990026,0.05,1,20,Road,29.92125,31.4
140,-2645060729.1683545,-604858974.1485994,0.15,3,20,Road,29.92125,31.4
143,-4061434763.0670714,-469447238.5439621,0.05,1,20,Road,29.92125,31.4
144,-3483047366.290788,-1424551073.2254114,0.15,3,20,Road,29.92125,31.4
150,-3686143911.1745224,-594767214.049361,0.1,2,20,Road,29.92125,31.4
152,-3826663081.871792,-2283268005.523407,0.1,2,20,Road,29.92125,31.4
189,-6658070644.383031,-765581357.1700165,0.1,2,20,Road,29.92125,31.4
195,-3319519704.4533257,-425764582.498701,0.05,1,20,Road,29.92125,31.4
197,-5165848052.488588,-493778606.4244842,0.1,2,20,Road,29.92125,31.4
201,-7624864916.153379,-1184519467.9914675,0.05,1,20,Road,29.92125,31.4
202,-3051174691.9461813,-475351245.7590593,0.1,2,20,Road,29.92125,31.4
206,-3735773537.2131968,-1241389765.1174588,0.1,2,20,Road,29.92125,31.4
209,-4175039924.147537,-837512137.4852967,0.1,2,20,Road,29.92125,31.4
233,-4440329393.540797,-1018877645.1182915,0.15,3,20,Road,29.92125,31.4
243,-4707969923.352164,-1382801675.0634007,0.05,1,20,Road,29.92125,31.4
245,-3642531901.08282,-1365844661.3118448,0.15,3,20,Road,29.92125,31.4
249,-3225196106.153754,-1125693539.4505334,0.05,1,20,Road,29.92125,31.4
250,-4325330465.810541,-1566120220.299664,0.15,3,20,Road,29.92125,31.4
254,-1192031621.6925402,-411968681.2978127,0.15,3,20,Road,29.92125,31.4
261,-3459787955.620173,-328304677.387934,0.05,1,20,Road,29.92125,31.4
267,-5475765037.130653,-584853694.9333686,0.0,0,20,Road,29.92125,31.4
270,-6902926154.235357,-492389282.7727328,0.0,0,20,Road,29.92125,31.4
273,-3542738756.0524874,-546243833.074574,0.1,2,20,Road,29.92125,31.4
277,-3788283408.5336137,-1000643192.1444674,0.1,2,20,Road,29.92125,31.4
284,-6836251029.465818,-1130742735.6593647,0.05,1,20,Road,29.92125,31.4
285,-5337983858.652168,-983692392.9311689,0.05,1,20,Road,29.92125,31.4
331,-3978565107.9017425,-990079904.9737562,0.15,3,20,Road,29.92125,31.4
334,-2149256690.8415194,-493230375.1119807,0.15,3,20,Road,29.92125,31.4
348,-3972577373.5270486,-1190803317.7003024,0.05,1,20,Road,29.92125,31.4
351,-5287317276.891713,-1305456407.0685122,0.05,1,20,Road,29.92125,31.4
356,-5852927152.82414,-945156086.8172206,0.15,3,20,Road,29.92125,31.4
358,-7446026176.291122,-5135519729.8027,0.0,0,20,Road,29.92125,31.4
390,-6220787246.78021,-739068621.0194798,0.05,1,20,Road,29.92125,31.4
397,-5457521767.420556,-499145331.2690015,0.15,3,20,Road,29.92125,31.4
423,-1113924417.6779847,-680458042.1922269,0.1,2,20,Road,29.92125,31.4
459,-5814102123.599121,-3194331313.331377,0.15,3,20,Road,29.92125,31.4
464,-2954732699.730508,-302169027.5424616,0.15,3,20,Road,29.92125,31.4
493,-210657633.78509647,-194240914.19578528,0.15,3,20,Road,29.92125,31.4
521,-5985173171.2485485,-1125823967.8942332,0.1,2,20,Road,29.92125,31.4
538,-4626788111.058327,-928987810.9058601,0.1,2,20,Road,29.92125,31.4
556,-6254483636.792864,-753590611.6834681,0.1,2,20,Road,29.92125,31.4
557,-1984113767.0521798,-1571037489.7199183,0.1,2,20,Road,29.92125,31.4
558,-6653802643.716425,-5284947477.750647,0.15,3,20,Road,29.92125,31.4
564,-4625593926.802102,-835090145.444186,0.15,3,20,Road,29.92125,31.4
565,-6399536896.446614,-1426002131.278656,0.05,1,20,Road,29.92125,31.4
569,-3677297276.665343,-1879247177.4542294,0.1,2,20,Road,29.92125,31.4
594,-7267295121.475889,-4470027090.91055,0.1,2,20,Road,29.92125,31.4
602,-4120343693.604712,-1726971215.8421364,0.1,2,20,Road,29.92125,31.4
612,-6668462393.547264,-1484450288.4960938,0.1,2,20,Road,29.92125,31.4
614,-3722281265.4890203,-1012824717.7455981,0.05,1,20,Road,29.92125,31.4
625,-6768719362.523079,-716241182.8952464,0.1,2,20,Road,29.92125,31.4
627,280194194.6958915,-536020707.76444656,0.1,2,20,Road,29.92125,31.4
628,-6891783837.073484,-1121279828.3964128,0.05,1,20,Road,29.92125,31.4
648,-5131659180.434005,-2814852938.6005383,0.15,3,20,Road,29.92125,31.4
662,-8752290933.97456,-5878431254.863888,0.1,2,20,Road,29.92125,31.4
669,-1968322998.8504944,-360566824.5156308,0.15,3,20,Road,29.92125,31.4
670,-1273018979.3411343,-425696360.1338707,0.05,1,20,Road,29.92125,31.4
673,-3103824041.626728,-190913943.62528378,0.15,3,20,Road,29.92125,31.4
680,-8484382615.888693,-3259437977.854479,0.1,2,20,Road,29.92125,31.4
682,-4968383934.696683,-3641079006.7138643,0.1,2,20,Road,29.92125,31.4
689,-4432598421.0597925,-848274455.9751949,0.1,2,20,Road,29.92125,31.4
694,-4154896433.5603685,-814538365.970116,0.15,3,20,Road,29.92125,31.4
736,-11969726603.263556,-12911774935.180298,0.0,0,20,Road,29.92125,31.4
750,-9793947219.268608,-13121005570.697405,0.1,2,20,Road,29.92125,31.4
755,-5113577467.565392,-617219353.1121808,0.15,3,20,Road,29.92125,31.4
759,-6764095410.879769,-1085696456.0758297,0.1,2,20,Road,29.92125,31.4
760,-5594372482.996668,-489905512.7400401,0.0,0,20,Road,29.92125,31.4
761,-407208212.2188142,-407036235.3224393,0.15,3,20,Road,29.92125,31.4
764,-4078602618.800212,-1965261970.5042346,0.1,2,20,Road,29.92125,31.4
770,-2964571893.7236214,-350105429.1662258,0.15,3,20,Road,29.92125,31.4
775,-6193262823.49265,-941125422.2339947,0.05,1,20,Road,29.92125,31.4
776,-727699449.7567275,-803003237.9361165,0.15,3,20,Road,29.92125,31.4
780,-1450229986.8786771,-1028513656.3041867,0.15,3,20,Road,29.92125,31.4
791,-3266426783.5694366,-754298069.3393452,0.0,0,20,Road,29.92125,31.4
809,-3058847230.9559584,-810260729.8491364,0.1,2,20,Road,29.92125,31.4
810,-5190659621.191775,-1090751203.7330399,0.15,3,20,Road,29.92125,31.4
822,-1529538564.9417157,-460939340.0531578,0.15,3,20,Road,29.92125,31.4
837,-4290605495.214978,-1306141951.7530117,0.05,1,20,Road,29.92125,31.4
858,-6715679238.39324,-2762201630.968642,0.15,3,20,Road,29.92125,31.4
863,-3411707842.3821197,-1425792437.3474417,0.15,3,20,Road,29.92125,31.4
866,-4733833683.575619,-773478381.5403328,0.1,2,20,Road,29.92125,31.4
873,-6949624377.23659,-1594181805.2917728,0.05,1,20,Road,29.92125,31.4
878,-8166703849.336026,-3234159324.034089,0.15,3,20,Road,29.92125,31.4
940,-4343077664.882467,-754224119.0695392,0.1,2,20,Road,29.92125,31.4
952,-3253975343.8515754,-1994432140.9373462,0.15,3,20,Road,29.92125,31.4
958,-1470351937.760525,-864723621.446844,0.15,3,20,Road,29.92125,31.4
970,-3142450848.255721,-345684059.7725326,0.15,3,20,Road,29.92125,31.4
971,-2967443513.830691,-863058547.2547014,0.15,3,20,Road,29.92125,31.4
987,-12908655000.89485,-13041611068.540638,0.0,0,20,Road,29.92125,31.4
0,-3837453535.4738173,-472479193.4739955,0.1,2,20,Road,30.035,31.4
2,-4191089572.354234,-495265796.02377635,0.0,0,20,Road,30.035,31.4
9,-2534216642.824177,-1388331040.3515959,0.15,3,20,Road,30.035,31.4
12,-6410645958.038898,-1518940217.394142,0.15,3,20,Road,30.035,31.4
15,-2411795402.6494727,-372594407.6663367,0.1,2,20,Road,30.035,31.4
17,-3581295921.77004,-3237604994.3172474,0.1,2,20,Road,30.035,31.4
25,-3997606187.599252,-1206168163.3857837,0.1,2,20,Road,30.035,31.4
62,-2695772820.264304,-212303282.8380123,0.1,2,20,Road,30.035,31.4
63,-4571320697.671634,-1223888744.8188365,0.1,2,20,Road,30.035,31.4
73,-6542080084.8664255,-552115634.6571177,0.05,1,20,Road,30.035,31.4
90,-3927938663.1730757,-1171956359.7319386,0.15,3,20,Road,30.035,31.4
94,543246247.530852,-172428345.9938508,0.1,2,20,Road,30.035,31.4
103,-5742737130.828745,-618367364.7413318,0.1,2,20,Road,30.035,31.4
104,-3196407951.634158,-1037417517.4540144,0.15,3,20,Road,30.035,31.4
109,-5686711029.538937,-1631817980.5520034,0.1,2,20,Road,30.035,31.4
114,-2860696040.983009,-497737674.33432907,0.1,2,20,Road,30.035,31.4
126,-3764765609.400347,-909891153.1182613,0.05,1,20,Road,30.035,31.4
140,-2652823864.214105,-604865984.3789259,0.15,3,20,Road,30.035,31.4
143,-4075095531.7687287,-469452542.2862843,0.05,1,20,Road,30.035,31.4
144,-3491460940.4420357,-1425138973.2040825,0.15,3,20,Road,30.035,31.4
150,-3697960118.7842855,-594831101.8430076,0.1,2,20,Road,30.035,31.4
152,-3831214783.973465,-2281952265.926133,0.1,2,20,Road,30.035,31.4
189,-6681844530.088201,-766954084.6207515,0.1,2,20,Road,30.035,31.4
195,-3330617104.704931,-425860950.20245653,0.05,1,20,Road,30.035,31.4
197,-5183632023.099271,-493801022.97275865,0.1,2,20,Road,30.035,31.4
201,-7650072874.856456,-1185243513.2641742,0.05,1,20,Road,30.035,31.4
202,-3061058530.2988706,-475442715.24334264,0.1,2,20,Road,30.035,31.4
206,-3745266764.6085043,-1241400228.4545846,0.1,2,20,Road,30.035,31.4
209,-4187812593.933671,-837596708.1534846,0.1,2,20,Road,30.035,31.4
233,-4453361279.146231,-1018902382.413309,0.15,3,20,Road,30.035,31.4
243,-4720592705.221149,-1382783344.403904,0.05,1,20,Road,30.035,31.4
245,-3651931262.040956,-1366588863.3603783,0.15,3,20,Road,30.035,31.4
249,-3233390545.096551,-1125906412.8851209,0.05,1,20,Road,30.035,31.4
250,-4335784344.65698,-1566084558.5879083,0.15,3,20,Road,30.035,31.4
254,-1193726289.4721618,-410697825.93017596,0.15,3,20,Road,30.035,31.4
261,-3471734178.428359,-328346109.3568697,0.05,1,20,Road,30.035,31.4
267,-5494214506.152707,-584709650.4767087,0.0,0,20,Road,30.035,31.4
270,-6927326669.4012985,-492419206.1643027,0.0,0,20,Road,30.035,31.4
273,-3554120874.9479346,-546234339.0698676,0.1,2,20,Road,30.035,31.4
277,-3798798086.819394,-1000560249.1873429,0.1,2,20,Road,30.035,31.4
284,-6857938544.749067,-1130739928.2314816,0.05,1,20,Road,30.035,31.4
285,-5355369384.695287,-984524444.2957306,0.05,1,20,Road,30.035,31.4
331,-3990221499.801821,-990375134.0937681,0.15,3,20,Road,30.035,31.4
334,-2155386567.9098096,-493064626.3820765,0.15,3,20,Road,30.035,31.4
348,-3983207508.108401,-1190858132.1045132,0.05,1,20,Road,30.035,31.4
351,-5302315673.180606,-1305317177.959322,0.05,1,20,Road,30.035,31.4
356,-5871792837.070945,-945364162.8839432,0.15,3,20,Road,30.035,31.4
358,-7472238176.402939,-5152948002.353401,0.0,0,20,Road,30.035,31.4
390,-6242551007.814366,-739992828.4360476,0.05,1,20,Road,30.035,31.4
397,-5476379091.978972,-499152663.9449853,0.15,3,20,Road,30.035,31.4
423,-1115438495.519762,-680324234.326973,0.1,2,20,Road,30.035,31.4
459,-5824469661.883387,-3194739410.4269247,0.15,3,20,Road,30.035,31.4
464,-2964815904.756874,-302168124.5281753,0.15,3,20,Road,30.035,31.4
493,-210718833.81347293,-194239703.66800886,0.15,3,20,Road,30.035,31.4
521,-6004049106.397065,-1126226377.6425216,0.1,2,20,Road,30.035,31.4
538,-4641313324.138962,-929455296.3132745,0.1,2,20,Road,30.035,31.4
556,-6275149047.543276,-753343574.537945,0.1,2,20,Road,30.035,31.4
557,-1984229164.5291011,-1569582517.424636,0.1,2,20,Road,30.035,31.4
558,-6660087722.686013,-5286028653.971231,0.15,3,20,Road,30.035,31.4
564,-4639985350.837919,-835071415.9894412,0.15,3,20,Road,30.035,31.4
565,-6418689744.153755,-1426247360.5026822,0.05,1,20,Road,30.035,31.4
569,-3684180401.5507874,-1879294752.3948927,0.1,2,20,Road,30.035,31.4
594,-7278168226.850824,-4470265973.50145,0.1,2,20,Road,30.035,31.4
602,-4129543644.263858,-1727072411.6248817,0.1,2,20,Road,30.035,31.4
612,-6689404548.648005,-1485684664.779118,0.1,2,20,Road,30.035,31.4
614,-3732618927.105635,-1012861984.7494935,0.05,1,20,Road,30.035,31.4
625,-6791549308.664943,-716061749.6518009,0.1,2,20,Road,30.035,31.4
627,283324845.57358366,-535993016.99553555,0.1,2,20,Road,30.035,31.4
628,-6914011414.764827,-1121569992.6779873,0.05,1,20,Road,30.035,31.4
648,-5140563469.752516,-2814949550.7662373,0.15,3,20,Road,30.035,31.4
662,-8781734922.878096,-5896949846.650027,0.1,2,20,Road,30.035,31.4
669,-1974562927.788981,-360694633.64526594,0.15,3,20,Road,30.035,31.4
670,-1276304227.0670512,-425760387.2244587,0.05,1,20,Road,30.035,31.4
673,-3114828526.990164,-190844576.00304317,0.15,3,20,Road,30.035,31.4
680,-8504608633.9570675,-3259800606.1053686,0.1,2,20,Road,30.035,31.4
682,-4974401902.257746,-3642051030.8214273,0.1,2,20,Road,30.035,31.4
689,-4446352566.920926,-848402271.0169814,0.1,2,20,Road,30.035,31.4
694,-4167640383.781356,-814583457.3470248,0.15,3,20,Road,30.035,31.4
736,-12012147279.98266,-12957776946.160357,0.0,0,20,Road,30.035,31.4
750,-9827571792.824074,-13167278442.28437,0.1,2,20,Road,30.035,31.4
755,-5130651124.500716,-617199448.263855,0.15,3,20,Road,30.035,31.4
759,-6786905708.909086,-1086919491.503854,0.1,2,20,Road,30.035,31.4
760,-5613984176.81751,-490111830.18567324,0.0,0,20,Road,30.035,31.4
761,-407157359.35498565,-406984728.6633328,0.15,3,20,Road,30.035,31.4
764,-4087016566.115899,-1965641744.8243523,0.1,2,20,Road,30.035,31.4
770,-2974509628.3772798,-350103887.87575054,0.15,3,20,Road,30.035,31.4
775,-6213654111.744554,-941549943.4092159,0.05,1,20,Road,30.035,31.4
776,-726669563.9808189,-802259630.504375,0.15,3,20,Road,30.035,31.4
780,-1452363687.8491313,-1029044141.0786982,0.15,3,20,Road,30.035,31.4
791,-3276081574.1040916,-754402635.8277566,0.0,0,20,Road,30.035,31.4
809,-3067500476.0493846,-810365645.0933452,0.1,2,20,Road,30.035,31.4
810,-5206483156.563398,-1090988338.7207901,0.15,3,20,Road,30.035,31.4
822,-1533651538.8571966,-460989878.01321995,0.15,3,20,Road,30.035,31.4
837,-4301966086.392394,-1306156669.0759325,0.05,1,20,Road,30.035,31.4
858,-6730854377.868025,-2762347048.1609507,0.15,3,20,Road,30.035,31.4
863,-3419356850.7026687,-1425891698.3371575,0.15,3,20,Road,30.035,31.4
866,-4748909639.353836,-773498468.4759531,0.1,2,20,Road,30.035,31.4
873,-6970209451.337253,-1594407382.6281385,0.05,1,20,Road,30.035,31.4
878,-8185429080.667105,-3234132767.2629623,0.15,3,20,Road,30.035,31.4
940,-4356736356.171007,-754239259.6763315,0.1,2,20,Road,30.035,31.4
952,-3259517754.2811093,-1995186214.0035849,0.15,3,20,Road,30.035,31.4
958,-1473083333.4205782,-865152632.6483376,0.15,3,20,Road,30.035,31.4
970,-3153135838.877237,-345736733.15496373,0.15,3,20,Road,30.035,31.4
971,-2975718333.940526,-863333240.7004429,0.15,3,20,Road,30.035,31.4
987,-12956259492.821537,-13089721012.36839,0.0,0,20,Road,30.035,31.4
0,-3850078738.288152,-472360403.2334784,0.1,2,20,Road,30.14875,31.4
2,-4205071629.1349764,-495250850.82157874,0.0,0,20,Road,30.14875,31.4
9,-2537315723.9408197,-1387090368.2709274,0.15,3,20,Road,30.14875,31.4
12,-6429528387.378564,-1519296542.9216437,0.15,3,20,Road,30.14875,31.4
15,-2419417993.6832285,-372494038.38115376,0.1,2,20,Road,30.14875,31.4
17,-3583539247.205176,-3238546676.9024487,0.1,2,20,Road,30.14875,31.4
25,-4008754811.4640326,-1206744918.588861,0.1,2,20,Road,30.14875,31.4
62,-2705159466.8348737,-212284413.8473291,0.1,2,20,Road,30.14875,31.4
63,-4584219010.033548,-1224109501.5078034,0.1,2,20,Road,30.14875,31.4
73,-6565005272.584378,-552355340.2305291,0.05,1,20,Road,30.14875,31.4
90,-3938397778.7564354,-1171977886.2686386,0.15,3,20,Road,30.14875,31.4
94,545962310.165254,-172422720.68301892,0.1,2,20,Road,30.14875,31.4
103,-5762420232.332898,-618643206.0193338,0.1,2,20,Road,30.14875,31.4
104,-3204601266.144707,-1037434199.3063984,0.15,3,20,Road,30.14875,31.4
109,-5702471137.270558,-1632221201.8404002,0.1,2,20,Road,30.14875,31.4
114,-2869872209.1243196,-497964732.6302495,0.1,2,20,Road,30.14875,31.4
126,-3775870427.795137,-910183853.3375204,0.05,1,20,Road,30.14875,31.4
140,-2660586999.2598557,-604872994.6092526,0.15,3,20,Road,30.14875,31.4
143,-4088756300.4703856,-469457846.02860653,0.05,1,20,Road,30.14875,31.4
144,-3499874514.593282,-1425726873.1827538,0.15,3,20,Road,30.14875,31.4
150,-3709776326.394049,-594894989.6366541,0.1,2,20,Road,30.14875,31.4
152,-3835766486.075138,-2280636526.3288584,0.1,2,20,Road,30.14875,31.4
189,-6705618415.793369,-768326812.0714865,0.1,2,20,Road,30.14875,31.4
195,-3341714504.956536,-425957317.9062121,0.05,1,20,Road,30.14875,31.4
197,-5201415993.709951,-493823439.52103305,0.1,2,20,Road,30.14875,31.4
201,-7675280833.55953,-1185967558.536881,0.05,1,20,Road,30.14875,31.4
202,-3070942368.651559,-475534184.727626,0.1,2,20,Road,30.14875,31.4
206,-3754759992.0038123,-1241410691.79171,0.1,2,20,Road,30.14875,31.4
209,-4200585263.7198043,-837681278.8216724,0.1,2,20,Road,30.14875,31.4
233,-4466393164.751665,-1018927119.7083265,0.15,3,20,Road,30.14875,31.4
243,-4733215487.090136,-1382765013.7444072,0.05,1,20,Road,30.14875,31.4
245,-3661330622.999093,-1367333065.4089122,0.15,3,20,Road,30.14875,31.4
249,-3241584984.039347,-1126119286.3197083,0.05,1,20,Road,30.14875,31.4
250,-4346238223.503418,-1566048896.8761525,0.15,3,20,Road,30.14875,31.4
254,-1195420957.2517834,-409426970.5625392,0.15,3,20,Road,30.14875,31.4
261,-3483680401.2365446,-328387541.3258053,0.05,1,20,Road,30.14875,31.4
267,-5512663975.174759,-584565606.0200486,0.0,0,20,Road,30.14875,31.4
270,-6951727184.56724,-492449129.5558727,0.0,0,20,Road,30.14875,31.4
273,-3565502993.8433824,-546224845.0651612,0.1,2,20,Road,30.14875,31.4
277,-3809312765.105174,-1000477306.2302184,0.1,2,20,Road,30.14875,31.4
284,-6879626060.032318,-1130737120.8035984,0.05,1,20,Road,30.14875,31.4
285,-5372754910.738405,-985356495.6602924,0.05,1,20,Road,30.14875,31.4
331,-4001877891.701899,-990670363.21378,0.15,3,20,Road,30.14875,31.4
334,-2161516444.9781003,-492898877.6521724,0.15,3,20,Road,30.14875,31.4
348,-3993837642.689753,-1190912946.5087237,0.05,1,20,Road,30.14875,31.4
351,-5317314069.469499,-1305177948.8501315,0.05,1,20,Road,30.14875,31.4
356,-5890658521.31775,-945572238.9506657,0.15,3,20,Road,30.14875,31.4
358,-7498450176.514757,-5170376274.904101,0.0,0,20,Road,30.14875,31.4
390,-6264314768.848523,-740917035.8526154,0.05,1,20,Road,30.14875,31.4
397,-5495236416.53739,-499159996.620969,0.15,3,20,Road,30.14875,31.4
423,-1116952573.3615394,-680190426.4617189,0.1,2,20,Road,30.14875,31.4
459,-5834837200.167653,-3195147507.522472,0.15,3,20,Road,30.14875,31.4
464,-2974899109.7832403,-302167221.513889,0.15,3,20,Road,30.14875,31.4
493,-210780033.84184924,-194238493.14023247,0.15,3,20,Road,30.14875,31.4
521,-6022925041.545581,-1126628787.3908098,0.1,2,20,Road,30.14875,31.4
538,-4655838537.219596,-929922781.720689,0.1,2,20,Road,30.14875,31.4
556,-6295814458.293686,-753096537.392422,0.1,2,20,Road,30.14875,31.4
557,-1984344562.0060227,-1568127545.129354,0.1,2,20,Road,30.14875,31.4
558,-6666372801.655601,-5287109830.191816,0.15,3,20,Road,30.14875,31.4
564,-4654376774.873735,-835052686.5346963,0.15,3,20,Road,30.14875,31.4
565,-6437842591.860894,-1426492589.7267084,0.05,1,20,Road,30.14875,31.4
569,-3691063526.436231,-1879342327.3355563,0.1,2,20,Road,30.14875,31.4
594,-7289041332.225757,-4470504856.092348,0.1,2,20,Road,30.14875,31.4
602,-4138743594.923004,-1727173607.4076269,0.1,2,20,Road,30.14875,31.4
612,-6710346703.748744,-1486919041.0621424,0.1,2,20,Road,30.14875,31.4
614,-3742956588.7222495,-1012899251.7533886,0.05,1,20,Road,30.14875,31.4
625,-6814379254.806806,-715882316.4083555,0.1,2,20,Road,30.14875,31.4
627,286455496.4512755,-535965326.2266246,0.1,2,20,Road,30.14875,31.4
628,-6936238992.456169,-1121860156.9595618,0.05,1,20,Road,30.14875,31.4
648,-5149467759.071027,-2815046162.9319367,0.15,3,20,Road,30.14875,31.4
662,-8811178911.78163,-5915468438.436169,0.1,2,20,Road,30.14875,31.4
669,-1980802856.7274673,-360822442.77490103,0.15,3,20,Road,30.14875,31.4
670,-1279589474.7929678,-425824414.3150468,0.05,1,20,Road,30.14875,31.4
673,-3125833012.3535995,-190775208.38080263,0.15,3,20,Road,30.14875,31.4
680,-8524834652.025441,-3260163234.3562584,0.1,2,20,Road,30.14875,31.4
682,-4980419869.8188095,-3643023054.9289904,0.1,2,20,Road,30.14875,31.4
689,-4460106712.782059,-848530086.0587679,0.1,2,20,Road,30.14875,31.4
694,-4180384334.0023437,-814628548.7239337,0.15,3,20,Road,30.14875,31.4
736,-12054567956.701763,-13003778957.140411,0.0,0,20,Road,30.14875,31.4
750,-9861196366.379538,-13213551313.871336,0.1,2,20,Road,30.14875,31.4
755,-5147724781.436041,-617179543.415529,0.15,3,20,Road,30.14875,31.4
759,-6809716006.938404,-1088142526.931878,0.1,2,20,Road,30.14875,31.4
760,-5633595870.6383505,-490318147.6313064,0.0,0,20,Road,30.14875,31.4
761,-407106506.4911573,-406933222.0042263,0.15,3,20,Road,30.14875,31.4
764,-4095430513.4315863,-1966021519.1444702,0.1,2,20,Road,30.14875,31.4
770,-2984447363.030938,-350102346.5852753,0.15,3,20,Road,30.14875,31.4
775,-6234045399.996457,-941974464.5844371,0.05,1,20,Road,30.14875,31.4
776,-725639678.2049103,-801516023.0726334,0.15,3,20,Road,30.14875,31.4
780,-1454497388.8195853,-1029574625.8532099,0.15,3,20,Road,30.14875,31.4
791,-3285736364.638747,-754507202.3161681,0.0,0,20,Road,30.14875,31.4
809,-3076153721.1428113,-810470560.337554,0.1,2,20,Road,30.14875,31.4
810,-5222306691.93502,-1091225473.7085404,0.15,3,20,Road,30.14875,31.4
822,-1537764512.7726774,-461040415.9732821,0.15,3,20,Road,30.14875,31.4
837,-4313326677.569809,-1306171386.3988528,0.05,1,20,Road,30.14875,31.4
858,-6746029517.34281,-2762492465.353258,0.15,3,20,Road,30.14875,31.4
863,-3427005859.023218,-1425990959.3268733,0.15,3,20,Road,30.14875,31.4
866,-4763985595.132051,-773518555.4115735,0.1,2,20,Road,30.14875,31.4
873,-6990794525.437917,-1594632959.9645042,0.05,1,20,Road,30.14875,31.4
878,-8204154311.998182,-3234106210.491835,0.15,3,20,Road,30.14875,31.4
940,-4370395047.459547,-754254400.2831239,0.1,2,20,Road,30.14875,31.4
952,-3265060164.710643,-1995940287.0698233,0.15,3,20,Road,30.14875,31.4
958,-1475814729.0806315,-865581643.8498311,0.15,3,20,Road,30.14875,31.4
970,-3163820829.4987526,-345789406.5373949,0.15,3,20,Road,30.14875,31.4
971,-2983993154.050361,-863607934.1461844,0.15,3,20,Road,30.14875,31.4
987,-13003863984.74822,-13137830956.196136,0.0,0,20,Road,30.14875,31.4
0,-3862703941.102487,-472241612.9929613,0.1,2,20,Road,30.2625,31.4
2,-4219053685.915718,-495235905.61938107,0.0,0,20,Road,30.2625,31.4
9,-2540414805.0574636,-1385849696.1902595,0.15,3,20,Road,30.2625,31.4
12,-6448410816.718229,-1519652868.4491453,0.15,3,20,Road,30.2625,31.4
15,-2427040584.7169847,-372393669.09597087,0.1,2,20,Road,30.2625,31.4
17,-3585782572.6403112,-3239488359.487651,0.1,2,20,Road,30.2625,31.4
25,-4019903435.3288145,-1207321673.7919383,0.1,2,20,Road,30.2625,31.4
62,-2714546113.4054437,-212265544.8566459,0.1,2,20,Road,30.2625,31.4
63,-4597117322.395464,-1224330258.1967707,0.1,2,20,Road,30.2625,31.4
73,-6587930460.302331,-552595045.8039403,0.05,1,20,Road,30.2625,31.4
90,-3948856894.339795,-1171999412.8053389,0.15,3,20,Road,30.2625,31.4
94,548678372.7996563,-172417095.37218702,0.1,2,20,Road,30.2625,31.4
103,-5782103333.83705,-618919047.297336,0.1,2,20,Road,30.2625,31.4
104,-3212794580.655256,-1037450881.1587822,0.15,3,20,Road,30.2625,31.4
109,-5718231245.00218,-1632624423.128797,0.1,2,20,Road,30.2625,31.4
114,-2879048377.26563,-498191790.92617,0.1,2,20,Road,30.2625,31.4
126,-3786975246.1899276,-910476553.5567793,0.05,1,20,Road,30.2625,31.4
140,-2668350134.305606,-604880004.8395792,0.15,3,20,Road,30.2625,31.4
143,-4102417069.172043,-469463149.77092874,0.05,1,20,Road,30.2625,31.4
144,-3508288088.744529,-1426314773.161425,0.15,3,20,Road,30.2625,31.4
150,-3721592534.0038123,-594958877.4303007,0.1,2,20,Road,30.2625,31.4
152,-3840318188.176811,-2279320786.7315845,0.1,2,20,Road,30.2625,31.4
189,-6729392301.498538,-769699539.5222213,0.1,2,20,Road,30.2625,31.4
195,-3352811905.2081404,-426053685.6099677,0.05,1,20,Road,30.2625,31.4
197,-5219199964.320633,-493845856.0693075,0.1,2,20,Road,30.2625,31.4
201,-7700488792.262606,-1186691603.8095877,0.05,1,20,Road,30.2625,31.4
202,-3080826207.004248,-475625654.2119094,0.1,2,20,Road,30.2625,31.4
206,-3764253219.3991194,-1241421155.1288357,0.1,2,20,Road,30.2625,31.4
209,-4213357933.505937,-837765849.4898603,0.1,2,20,Road,30.2625,31.4
233,-4479425050.3571,-1018951857.0033439,0.15,3,20,Road,30.2625,31.4
243,-4745838268.95912,-1382746683.0849104,0.05,1,20,Road,30.2625,31.4
245,-3670729983.9572287,-1368077267.4574456,0.15,3,20,Road,30.2625,31.4
249,-3249779422.9821434,-1126332159.754296,0.05,1,20,Road,30.2625,31.4
250,-4356692102.349856,-1566013235.1643968,0.15,3,20,Road,30.2625,31.4
254,-1197115625.031405,-408156115.19490254,0.15,3,20,Road,30.2625,31.4
261,-3495626624.04473,-328428973.2947409,0.05,1,20,Road,30.2625,31.4
267,-5531113444.196813,-584421561.5633887,0.0,0,20,Road,30.2625,31.4
270,-6976127699.733179,-492479052.9474426,0.0,0,20,Road,30.2625,31.4
273,-3576885112.7388306,-546215351.0604548,0.1,2,20,Road,30.2625,31.4
277,-3819827443.3909545,-1000394363.2730939,0.1,2,20,Road,30.2625,31.4
284,-6901313575.315567,-1130734313.3757153,0.05,1,20,Road,30.2625,31.4
285,-5390140436.781523,-986188547.024854,0.05,1,20,Road,30.2625,31.4
331,-4013534283.6019773,-990965592.333792,0.15,3,20,Road,30.2625,31.4
334,-2167646322.0463905,-492733128.9222682,0.15,3,20,Road,30.2625,31.4
348,-4004467777.2711053,-1190967760.9129343,0.05,1,20,Road,30.2625,31.4
351,-5332312465.758391,-1305038719.7409415,0.05,1,20,Road,30.2625,31.4
356,-5909524205.564554,-945780315.0173883,0.15,3,20,Road,30.2625,31.4
358,-7524662176.626574,-5187804547.4548025,0.0,0,20,Road,30.2625,31.4
390,-6286078529.88268,-741841243.2691832,0.05,1,20,Road,30.2625,31.4
397,-5514093741.095805,-499167329.2969527,0.15,3,20,Road,30.2625,31.4
423,-1118466651.2033162,-680056618.5964649,0.1,2,20,Road,30.2625,31.4
459,-5845204738.45192,-3195555604.618019,0.15,3,20,Road,30.2625,31.4
464,-2984982314.8096075,-302166318.49960274,0.15,3,20,Road,30.2625,31.4
493,-210841233.87022552,-194237282.61245605,0.15,3,20,Road,30.2625,31.4
521,-6041800976.694096,-1127031197.1390982,0.1,2,20,Road,30.2625,31.4
538,-4670363750.300231,-930390267.1281035,0.1,2,20,Road,30.2625,31.4
556,-6316479869.044095,-752849500.2468989,0.1,2,20,Road,30.2625,31.4
557,-1984459959.482944,-1566672572.8340719,0.1,2,20,Road,30.2625,31.4
558,-6672657880.625189,-5288191006.412401,0.15,3,20,Road,30.2625,31.4
564,-4668768198.909552,-835033957.0799515,0.15,3,20,Road,30.2625,31.4
565,-6456995439.568033,-1426737818.9507346,0.05,1,20,Road,30.2625,31.4
569,-3697946651.3216753,-1879389902.2762198,0.1,2,20,Road,30.2625,31.4
594,-7299914437.600691,-4470743738.683247,0.1,2,20,Road,30.2625,31.4
602,-4147943545.5821495,-1727274803.1903722,0.1,2,20,Road,30.2625,31.4
612,-6731288858.8494835,-1488153417.3451667,0.1,2,20,Road,30.2625,31.4
614,-3753294250.3388634,-1012936518.7572839,0.05,1,20,Road,30.2625,31.4
625,-6837209200.9486685,-715702883.1649098,0.1,2,20,Road,30.2625,31.4
627,289586147.3289675,-535937635.4577136,0.1,2,20,Road,30.2625,31.4
628,-6958466570.1475115,-1122150321.241136,0.05,1,20,Road,30.2625,31.4
648,-5158372048.389538,-2815142775.097636,0.15,3,20,Road,30.2625,31.4
662,-8840622900.685163,-5933987030.222308,0.1,2,20,Road,30.2625,31.4
669,-1987042785.6659539,-360950251.9045362,0.15,3,20,Road,30.2625,31.4
670,-1282874722.5188842,-425888441.4056348,0.05,1,20,Road,30.2625,31.4
673,-3136837497.717035,-190705840.7585621,0.15,3,20,Road,30.2625,31.4
680,-8545060670.093814,-3260525862.6071477,0.1,2,20,Road,30.2625,31.4
682,-4986437837.379872,-3643995079.0365534,0.1,2,20,Road,30.2625,31.4
689,-4473860858.643191,-848657901.1005545,0.1,2,20,Road,30.2625,31.4
694,-4193128284.2233315,-814673640.1008425,0.15,3,20,Road,30.2625,31.4
736,-12096988633.420866,-13049780968.120468,0.0,0,20,Road,30.2625,31.4
750,-9894820939.935003,-13259824185.458302,0.1,2,20,Road,30.2625,31.4
755,-5164798438.371366,-617159638.5672033,0.15,3,20,Road,30.2625,31.4
759,-6832526304.967722,-1089365562.3599024,0.1,2,20,Road,30.2625,31.4
760,-5653207564.459191,-490524465.07693946,0.0,0,20,Road,30.2625,31.4
761,-407055653.6273287,-406881715.34511983,0.15,3,20,Road,30.2625,31.4
764,-4103844460.7472734,-1966401293.4645882,0.1,2,20,Road,30.2625,31.4
770,-2994385097.684596,-350100805.29480004,0.15,3,20,Road,30.2625,31.4
775,-6254436688.24836,-942398985.7596583,0.05,1,20,Road,30.2625,31.4
776,-724609792.4290017,-800772415.6408918,0.15,3,20,Road,30.2625,31.4
780,-1456631089.7900395,-1030105110.6277213,0.15,3,20,Road,30.2625,31.4
791,-3295391155.173402,-754611768.8045794,0.0,0,20,Road,30.2625,31.4
809,-3084806966.2362375,-810575475.581763,0.1,2,20,Road,30.2625,31.4
810,-5238130227.306643,-1091462608.696291,0.15,3,20,Road,30.2625,31.4
822,-1541877486.6881585,-461090953.93334424,0.15,3,20,Road,30.2625,31.4
837,-4324687268.747225,-1306186103.7217736,0.05,1,20,Road,30.2625,31.4
858,-6761204656.817595,-2762637882.5455666,0.15,3,20,Road,30.2625,31.4
863,-3434654867.3437667,-1426090220.3165889,0.15,3,20,Road,30.2625,31.4
866,-4779061550.910267,-773538642.347194,0.1,2,20,Road,30.2625,31.4
873,-7011379599.538577,-1594858537.30087,0.05,1,20,Road,30.2625,31.4
878,-8222879543.32926,-3234079653.7207084,0.15,3,20,Road,30.2625,31.4
940,-4384053738.748086,-754269540.8899162,0.1,2,20,Road,30.2625,31.4
952,-3270602575.140177,-1996694360.136062,0.15,3,20,Road,30.2625,31.4
958,-1478546124.740685,-866010655.0513247,0.15,3,20,Road,30.2625,31.4
970,-3174505820.1202683,-345842079.919826,0.15,3,20,Road,30.2625,31.4
971,-2992267974.160197,-863882627.5919259,0.15,3,20,Road,30.2625,31.4
987,-13051468476.674906,-13185940900.023888,0.0,0,20,Road,30.2625,31.4
0,-3875329143.916822,-472122822.75244415,0.1,2,20,Road,30.37625,31.4
2,-4233035742.69646,-495220960.4171834,0.0,0,20,Road,30.37625,31.4
9,-2543513886.174107,-1384609024.109591,0.15,3,20,Road,30.37625,31.4
12,-6467293246.057894,-1520009193.976647,0.15,3,20,Road,30.37625,31.4
15,-2434663175.7507405,-372293299.8107879,0.1,2,20,Road,30.37625,31.4
17,-3588025898.075446,-3240430042.072852,0.1,2,20,Road,30.37625,31.4
25,-4031052059.193596,-1207898428.9950156,0.1,2,20,Road,30.37625,31.4
62,-2723932759.9760137,-212246675.8659627,0.1,2,20,Road,30.37625,31.4
63,-4610015634.75738,-1224551014.8857377,0.1,2,20,Road,30.37625,31.4
73,-6610855648.020284,-552834751.3773515,0.05,1,20,Road,30.37625,31.4
90,-3959316009.923156,-1172020939.342039,0.15,3,20,Road,30.37625,31.4
94,551394435.4340584,-172411470.06135514,0.1,2,20,Road,30.37625,31.4
103,-5801786435.341204,-619194888.5753381,0.1,2,20,Road,30.37625,31.4
104,-3220987895.165805,-1037467563.0111662,0.15,3,20,Road,30.37625,31.4
109,-5733991352.733802,-1633027644.4171941,0.1,2,20,Road,30.37625,31.4
114,-2888224545.40694,-498418849.2220905,0.1,2,20,Road,30.37625,31.4
126,-3798080064.5847178,-910769253.7760382,0.05,1,20,Road,30.37625,31.4
140,-2676113269.351356,-604887015.069906,0.15,3,20,Road,30.37625,31.4
143,-4116077837.8737,-469468453.51325095,0.05,1,20,Road,30.37625,31.4
144,-3516701662.8957763,-1426902673.1400962,0.15,3,20,Road,30.37625,31.4
150,-3733408741.613576,-595022765.2239473,0.1,2,20,Road,30.37625,31.4
152,-3844869890.2784843,-2278005047.13431,0.1,2,20,Road,30.37625,31.4
189,-6753166187.203707,-771072266.9729563,0.1,2,20,Road,30.37625,31.4
195,-3363909305.4597454,-426150053.3137233,0.05,1,20,Road,30.37625,31.4
197,-5236983934.931314,-493868272.61758196,0.1,2,20,Road,30.37625,31.4
201,-7725696750.965681,-1187415649.0822945,0.05,1,20,Road,30.37625,31.4
202,-3090710045.3569374,-475717123.69619274,0.1,2,20,Road,30.37625,31.4
206,-3773746446.7944283,-1241431618.465961,0.1,2,20,Road,30.37625,31.4
209,-4226130603.292071,-837850420.1580482,0.1,2,20,Road,30.37625,31.4
233,-4492456935.962534,-1018976594.2983615,0.15,3,20,Road,30.37625,31.4
243,-4758461050.828105,-1382728352.4254134,0.05,1,20,Road,30.37625,31.4
245,-3680129344.9153647,-1368821469.505979,0.15,3,20,Road,30.37625,31.4
249,-3257973861.924939,-1126545033.1888838,0.05,1,20,Road,30.37625,31.4
250,-4367145981.196294,-1565977573.4526408,0.15,3,20,Road,30.37625,31.4
254,-1198810292.811026,-406885259.82726586,0.15,3,20,Road,30.37625,31.4
261,-3507572846.852916,-328470405.2636765,0.05,1,20,Road,30.37625,31.4
267,-5549562913.218865,-584277517.1067288,0.0,0,20,Road,30.37625,31.4
270,-7000528214.899118,-492508976.3390125,0.0,0,20,Road,30.37625,31.4
273,-3588267231.6342773,-546205857.0557483,0.1,2,20,Road,30.37625,31.4
277,-3830342121.676734,-1000311420.3159693,0.1,2,20,Road,30.37625,31.4
284,-6923001090.598816,-1130731505.947832,0.05,1,20,Road,30.37625,31.4
285,-5407525962.824641,-987020598.3894157,0.05,1,20,Road,30.37625,31.4
331,-4025190675.502055,-991260821.453804,0.15,3,20,Road,30.37625,31.4
334,-2173776199.1146812,-492567380.1923641,0.15,3,20,Road,30.37625,31.4
348,-4015097911.8524575,-1191022575.3171449,0.05,1,20,Road,30.37625,31.4
351,-5347310862.047283,-1304899490.631751,0.05,1,20,Road,30.37625,31.4
356,-5928389889.811358,-945988391.084111,0.15,3,20,Road,30.37625,31.4
358,-7550874176.738391,-5205232820.005503,0.0,0,20,Road,30.37625,31.4
390,-6307842290.916836,-742765450.685751,0.05,1,20,Road,30.37625,31.4
397,-5532951065.654222,-499174661.9729365,0.15,3,20,Road,30.37625,31.4
423,-1119980729.045093,-679922810.7312108,0.1,2,20,Road,30.37625,31.4
459,-5855572276.736186,-3195963701.713567,0.15,3,20,Road,30.37625,31.4
464,-2995065519.835974,-302165415.4853165,0.15,3,20,Road,30.37625,31.4
493,-210902433.8986017,-194236072.08467966,0.15,3,20,Road,30.37625,31.4
521,-6060676911.842611,-1127433606.8873863,0.1,2,20,Road,30.37625,31.4
538,-4684888963.380865,-930857752.5355179,0.1,2,20,Road,30.37625,31.4
556,-6337145279.794505,-752602463.1013757,0.1,2,20,Road,30.37625,31.4
557,-1984575356.9598656,-1565217600.5387897,0.1,2,20,Road,30.37625,31.4
558,-6678942959.594777,-5289272182.632987,0.15,3,20,Road,30.37625,31.4
564,-4683159622.945369,-835015227.6252068,0.15,3,20,Road,30.37625,31.4
565,-6476148287.275173,-1426983048.174761,0.05,1,20,Road,30.37625,31.4
569,-3704829776.207119,-1879437477.2168832,0.1,2,20,Road,30.37625,31.4
594,-7310787542.975624,-4470982621.274145,0.1,2,20,Road,30.37625,31.4
602,-4157143496.241295,-1727375998.9731176,0.1,2,20,Road,30.37625,31.4
612,-6752231013.950224,-1489387793.628191,0.1,2,20,Road,30.37625,31.4
614,-3763631911.955477,-1012973785.7611792,0.05,1,20,Road,30.37625,31.4
625,-6860039147.090531,-715523449.9214644,0.1,2,20,Road,30.37625,31.4
627,292716798.20665944,-535909944.6888026,0.1,2,20,Road,30.37625,31.4
628,-6980694147.838854,-1122440485.5227108,0.05,1,20,Road,30.37625,31.4
648,-5167276337.708048,-2815239387.2633357,0.15,3,20,Road,30.37625,31.4
662,-8870066889.5887,-5952505622.008448,0.1,2,20,Road,30.37625,31.4
669,-1993282714.6044395,-361078061.03417134,0.15,3,20,Road,30.37625,31.4
670,-1286159970.244801,-425952468.49622285,0.05,1,20,Road,30.37625,31.4
673,-3147841983.08047,-190636473.13632154,0.15,3,20,Road,30.37625,31.4
680,-8565286688.162188,-3260888490.858037,0.1,2,20,Road,30.37625,31.4
682,-4992455804.940935,-3644967103.1441164,0.1,2,20,Road,30.37625,31.4
689,-4487615004.504324,-848785716.1423409,0.1,2,20,Road,30.37625,31.4
694,-4205872234.4443183,-814718731.4777513,0.15,3,20,Road,30.37625,31.4
736,-12139409310.139969,-13095782979.100525,0.0,0,20,Road,30.37625,31.4
750,-9928445513.490467,-13306097057.045265,0.1,2,20,Road,30.37625,31.4
755,-5181872095.30669,-617139733.7188773,0.15,3,20,Road,30.37625,31.4
759,-6855336602.997039,-1090588597.7879264,0.1,2,20,Road,30.37625,31.4
760,-5672819258.280032,-490730782.5225726,0.0,0,20,Road,30.37625,31.4
761,-407004800.7635004,-406830208.68601334,0.15,3,20,Road,30.37625,31.4
764,-4112258408.06296,-1966781067.784706,0.1,2,20,Road,30.37625,31.4
770,-3004322832.338254,-350099264.0043248,0.15,3,20,Road,30.37625,31.4
775,-6274827976.500262,-942823506.9348795,0.05,1,20,Road,30.37625,31.4
776,-723579906.6530931,-800028808.2091502,0.15,3,20,Road,30.37625,31.4
780,-1458764790.7604938,-1030635595.4022329,0.15,3,20,Road,30.37625,31.4
791,-3305045945.708057,-754716335.2929907,0.0,0,20,Road,30.37625,31.4
809,-3093460211.3296638,-810680390.8259718,0.1,2,20,Road,30.37625,31.4
810,-5253953762.678266,-1091699743.6840413,0.15,3,20,Road,30.37625,31.4
822,-1545990460.6036394,-461141491.8934064,0.15,3,20,Road,30.37625,31.4
837,-4336047859.924639,-1306200821.0446944,0.05,1,20,Road,30.37625,31.4
858,-6776379796.292378,-2762783299.737874,0.15,3,20,Road,30.37625,31.4
863,-3442303875.6643157,-1426189481.3063047,0.15,3,20,Road,30.37625,31.4
866,-4794137506.688482,-773558729.2828144,0.1,2,20,Road,30.37625,31.4
873,-7031964673.639241,-1595084114.6372356,0.05,1,20,Road,30.37625,31.4
878,-8241604774.660337,-3234053096.949581,0.15,3,20,Road,30.37625,31.4
940,-4397712430.036625,-754284681.4967085,0.1,2,20,Road,30.37625,31.4
952,-3276144985.5697103,-1997448433.2023005,0.15,3,20,Road,30.37625,31.4
958,-1481277520.4007382,-866439666.2528183,0.15,3,20,Road,30.37625,31.4
970,-3185190810.741784,-345894753.30225706,0.15,3,20,Road,30.37625,31.4
971,-3000542794.270032,-864157321.0376673,0.15,3,20,Road,30.37625,31.4
987,-13099072968.60159,-13234050843.851635,0.0,0,20,Road,30.37625,31.4
0,-3887954346.7311563,-472004032.511927,0.1,2,20,Road,30.49,31.4
2,-4247017799.477202,-495206015.2149857,0.0,0,20,Road,30.49,31.4
9,-2546612967.29075,-1383368352.028923,0.15,3,20,Road,30.49,31.4
12,-6486175675.39756,-1520365519.5041485,0.15,3,20,Road,30.49,31.4
15,-2442285766.784497,-372192930.52560496,0.1,2,20,Road,30.49,31.4
17,-3590269223.510582,-3241371724.6580544,0.1,2,20,Road,30.49,31.4
25,-4042200683.0583773,-1208475184.198093,0.1,2,20,Road,30.49,31.4
62,-2733319406.5465837,-212227806.87527952,0.1,2,20,Road,30.49,31.4
63,-4622913947.119295,-1224771771.5747046,0.1,2,20,Road,30.49,31.4
73,-6633780835.738235,-553074456.9507627,0.05,1,20,Road,30.49,31.4
90,-3969775125.5065155,-1172042465.8787394,0.15,3,20,Road,30.49,31.4
94,554110498.0684606,-172405844.75052327,0.1,2,20,Road,30.49,31.4
103,-5821469536.845356,-619470729.8533401,0.1,2,20,Road,30.49,31.4
104,-3229181209.6763544,-1037484244.8635502,0.15,3,20,Road,30.49,31.4
109,-5749751460.465425,-1633430865.7055912,0.1,2,20,Road,30.49,31.4
114,-2897400713.5482507,-498645907.518011,0.1,2,20,Road,30.49,31.4
126,-3809184882.9795084,-911061953.9952972,0.05,1,20,Road,30.49,31.4
140,-2683876404.397106,-604894025.3002325,0.15,3,20,Road,30.49,31.4
143,-4129738606.575357,-469473757.2555731,0.05,1,20,Road,30.49,31.4
144,-3525115237.047023,-1427490573.1187673,0.15,3,20,Road,30.49,31.4
150,-3745224949.223339,-595086653.0175939,0.1,2,20,Road,30.49,31.4
152,-3849421592.3801575,-2276689307.537036,0.1,2,20,Road,30.49,31.4
189,-6776940072.9088745,-772444994.423691,0.1,2,20,Road,30.49,31.4
195,-3375006705.7113504,-426246421.01747894,0.05,1,20,Road,30.49,31.4
197,-5254767905.541995,-493890689.16585636,0.1,2,20,Road,30.49,31.4
201,-7750904709.6687565,-1188139694.355001,0.05,1,20,Road,30.49,31.4
202,-3100593883.709626,-475808593.18047607,0.1,2,20,Road,30.49,31.4
206,-3783239674.1897354,-1241442081.8030868,0.1,2,20,Road,30.49,31.4
209,-4238903273.078204,-837934990.826236,0.1,2,20,Road,30.49,31.4
233,-4505488821.567968,-1019001331.593379,0.15,3,20,Road,30.49,31.4
243,-4771083832.69709,-1382710021.7659163,0.05,1,20,Road,30.49,31.4
245,-3689528705.873502,-1369565671.5545127,0.15,3,20,Road,30.49,31.4
249,-3266168300.867736,-1126757906.6234713,0.05,1,20,Road,30.49,31.4
250,-4377599860.042732,-1565941911.740885,0.15,3,20,Road,30.49,31.4
254,-1200504960.590648,-405614404.4596292,0.15,3,20,Road,30.49,31.4
261,-3519519069.6611013,-328511837.23261213,0.05,1,20,Road,30.49,31.4
267,-5568012382.240918,-584133472.6500688,0.0,0,20,Road,30.49,31.4
270,-7024928730.065059,-492538899.7305825,0.0,0,20,Road,30.49,31.4
273,-3599649350.5297256,-546196363.0510418,0.1,2,20,Road,30.49,31.4
277,-3840856799.9625144,-1000228477.3588449,0.1,2,20,Road,30.49,31.4
284,-6944688605.882067,-1130728698.519949,0.05,1,20,Road,30.49,31.4
285,-5424911488.86776,-987852649.7539774,0.05,1,20,Road,30.49,31.4
331,-4036847067.402133,-991556050.5738158,0.15,3,20,Road,30.49,31.4
334,-2179906076.182972,-492401631.4624599,0.15,3,20,Road,30.49,31.4
348,-4025728046.433809,-1191077389.7213554,0.05,1,20,Road,30.49,31.4
351,-5362309258.336176,-1304760261.522561,0.05,1,20,Road,30.49,31.4
356,-5947255574.058164,-946196467.1508335,0.15,3,20,Road,30.49,31.4
358,-7577086176.850207,-5222661092.556204,0.0,0,20,Road,30.49,31.4
390,-6329606051.950993,-743689658.1023188,0.05,1,20,Road,30.49,31.4
397,-5551808390.212638,-499181994.6489203,0.15,3,20,Road,30.49,31.4
423,-1121494806.8868704,-679789002.8659568,0.1,2,20,Road,30.49,31.4
459,-5865939815.0204525,-3196371798.8091145,0.15,3,20,Road,30.49,31.4
464,-3005148724.8623414,-302164512.47103024,0.15,3,20,Road,30.49,31.4
493,-210963633.92697802,-194234861.55690324,0.15,3,20,Road,30.49,31.4
521,-6079552846.991127,-1127836016.6356745,0.1,2,20,Road,30.49,31.4
538,-4699414176.4615,-931325237.9429324,0.1,2,20,Road,30.49,31.4
556,-6357810690.544916,-752355425.9558526,0.1,2,20,Road,30.49,31.4
557,-1984690754.4367871,-1563762628.2435079,0.1,2,20,Road,30.49,31.4
558,-6685228038.564364,-5290353358.853572,0.15,3,20,Road,30.49,31.4
564,-4697551046.981185,-834996498.1704621,0.15,3,20,Road,30.49,31.4
565,-6495301134.982312,-1427228277.3987873,0.05,1,20,Road,30.49,31.4
569,-3711712901.0925627,-1879485052.1575468,0.1,2,20,Road,30.49,31.4
594,-7321660648.350558,-4471221503.865044,0.1,2,20,Road,30.49,31.4
602,-4166343446.90044,-1727477194.7558627,0.1,2,20,Road,30.49,31.4
612,-6773173169.050962,-1490622169.9112153,0.1,2,20,Road,30.49,31.4
614,-3773969573.5720916,-1013011052.7650745,0.05,1,20,Road,30.49,31.4
625,-6882869093.232394,-715344016.678019,0.1,2,20,Road,30.49,31.4
627,295847449.08435136,-535882253.91989166,0.1,2,20,Road,30.49,31.4
628,-7002921725.530195,-1122730649.804285,0.05,1,20,Road,30.49,31.4
648,-5176180627.02656,-2815335999.429035,0.15,3,20,Road,30.49,31.4
662,-8899510878.492233,-5971024213.794587,0.1,2,20,Road,30.49,31.4
669,-1999522643.542926,-361205870.16380644,0.15,3,20,Road,30.49,31.4
670,-1289445217.9707177,-426016495.58681095,0.05,1,20,Road,30.49,31.4
673,-3158846468.443906,-190567105.51408097,0.15,3,20,Road,30.49,31.4
680,-8585512706.23056,-3261251119.1089263,0.1,2,20,Road,30.49,31.4
682,-4998473772.501998,-3645939127.2516794,0.1,2,20,Road,30.49,31.4
689,-4501369150.365458,-848913531.1841273,0.1,2,20,Road,30.49,31.4
694,-4218616184.665306,-814763822.85466,0.15,3,20,Road,30.49,31.4
736,-12181829986.859072,-13141784990.080578,0.0,0,20,Road,30.49,31.4
750,-9962070087.045933,-13352369928.63223,0.1,2,20,Road,30.49,31.4
755,-5198945752.242014,-617119828.8705515,0.15,3,20,Road,30.49,31.4
759,-6878146901.026357,-1091811633.2159505,0.1,2,20,Road,30.49,31.4
760,-5692430952.100874,-490937099.9682057,0.0,0,20,Road,30.49,31.4
761,-406953947.8996718,-406778702.02690685,0.15,3,20,Road,30.49,31.4
764,-4120672355.378647,-1967160842.104824,0.1,2,20,Road,30.49,31.4
770,-3014260566.991912,-350097722.71384954,0.15,3,20,Road,30.49,31.4
775,-6295219264.752165,-943248028.1101007,0.05,1,20,Road,30.49,31.4
776,-722550020.8771847,-799285200.7774086,0.15,3,20,Road,30.49,31.4
780,-1460898491.730948,-1031166080.1767445,0.15,3,20,Road,30.49,31.4
791,-3314700736.2427125,-754820901.7814021,0.0,0,20,Road,30.49,31.4
809,-3102113456.42309,-810785306.0701807,0.1,2,20,Road,30.49,31.4
810,-5269777298.049887,-1091936878.6717916,0.15,3,20,Road,30.49,31.4
822,-1550103434.5191202,-461192029.85346854,0.15,3,20,Road,30.49,31.4
837,-4347408451.102055,-1306215538.3676147,0.05,1,20,Road,30.49,31.4
858,-6791554935.767161,-2762928716.930182,0.15,3,20,Road,30.49,31.4
863,-3449952883.9848647,-1426288742.2960205,0.15,3,20,Road,30.49,31.4
866,-4809213462.4667,-773578816.2184348,0.1,2,20,Road,30.49,31.4
873,-7052549747.739903,-1595309691.9736013,0.05,1,20,Road,30.49,31.4
878,-8260330005.991415,-3234026540.1784544,0.15,3,20,Road,30.49,31.4
940,-4411371121.325164,-754299822.1035008,0.1,2,20,Road,30.49,31.4
952,-3281687395.9992437,-1998202506.2685392,0.15,3,20,Road,30.49,31.4
958,-1484008916.0607915,-866868677.4543118,0.15,3,20,Road,30.49,31.4
970,-3195875801.3633,-345947426.6846882,0.15,3,20,Road,30.49,31.4
971,-3008817614.3798676,-864432014.4834088,0.15,3,20,Road,30.49,31.4
987,-13146677460.528275,-13282160787.679384,0.0,0,20,Road,30.49,31.4
0,-3900579549.5454917,-471885242.27140987,0.1,2,20,Road,30.603749999999998,31.4
2,-4260999856.2579436,-495191070.01278806,0.0,0,20,Road,30.603749999999998,31.4
9,-2549712048.407394,-1382127679.9482546,0.15,3,20,Road,30.603749999999998,31.4
12,-6505058104.737226,-1520721845.0316503,0.15,3,20,Road,30.603749999999998,31.4
15,-2449908357.818253,-372092561.240422,0.1,2,20,Road,30.603749999999998,31.4
17,-3592512548.945718,-3242313407.2432556,0.1,2,20,Road,30.603749999999998,31.4
25,-4053349306.923159,-1209051939.4011705,0.1,2,20,Road,30.603749999999998,31.4
62,-2742706053.1171536,-212208937.88459632,0.1,2,20,Road,30.603749999999998,31.4
63,-4635812259.481211,-1224992528.2636719,0.1,2,20,Road,30.603749999999998,31.4
73,-6656706023.456189,-553314162.524174,0.05,1,20,Road,30.603749999999998,31.4
90,-3980234241.0898757,-1172063992.4154396,0.15,3,20,Road,30.603749999999998,31.4
94,556826560.7028627,-172400219.43969136,0.1,2,20,Road,30.603749999999998,31.4
103,-5841152638.34951,-619746571.1313423,0.1,2,20,Road,30.603749999999998,31.4
104,-3237374524.1869035,-1037500926.715934,0.15,3,20,Road,30.603749999999998,31.4
109,-5765511568.197046,-1633834086.993988,0.1,2,20,Road,30.603749999999998,31.4
114,-2906576881.689561,-498872965.81393147,0.1,2,20,Road,30.603749999999998,31.4
126,-3820289701.374299,-911354654.2145561,0.05,1,20,Road,30.603749999999998,31.4
140,-2691639539.442857,-604901035.5305592,0.15,3,20,Road,30.603749999999998,31.4
143,-4143399375.2770147,-469479060.9978953,0.05,1,20,Road,30.603749999999998,31.4
144,-3533528811.1982703,-1428078473.0974383,0.15,3,20,Road,30.603749999999998,31.4
150,-3757041156.833102,-595150540.8112404,0.1,2,20,Road,30.603749999999998,31.4
152,-3853973294.4818306,-2275373567.939761,0.1,2,20,Road,30.603749999999998,31.4
189,-6800713958.614044,-773817721.8744261,0.1,2,20,Road,30.603749999999998,31.4
195,-3386104105.9629555,-426342788.72123456,0.05,1,20,Road,30.603749999999998,31.4
197,-5272551876.152677,-493913105.71413076,0.1,2,20,Road,30.603749999999998,31.4
201,-7776112668.371832,-1188863739.627708,0.05,1,20,Road,30.603749999999998,31.4
202,-3110477722.0623155,-475900062.6647594,0.1,2,20,Road,30.603749999999998,31.4
206,-3792732901.585044,-1241452545.140212,0.1,2,20,Road,30.603749999999998,31.4
209,-4251675942.864338,-838019561.4944239,0.1,2,20,Road,30.603749999999998,31.4
233,-4518520707.173403,-1019026068.8883965,0.15,3,20,Road,30.603749999999998,31.4
243,-4783706614.566076,-1382691691.1064196,0.05,1,20,Road,30.603749999999998,31.4
245,-3698928066.8316374,-1370309873.6030464,0.15,3,20,Road,30.603749999999998,31.4
249,-3274362739.810532,-1126970780.0580587,0.05,1,20,Road,30.603749999999998,31.4
250,-4388053738.88917,-1565906250.029129,0.15,3,20,Road,30.603749999999998,31.4
254,-1202199628.3702693,-404343549.0919924,0.15,3,20,Road,30.603749999999998,31.4
261,-3531465292.469288,-328553269.20154774,0.05,1,20,Road,30.603749999999998,31.4
267,-5586461851.262972,-583989428.1934088,0.0,0,20,Road,30.603749999999998,31.4
270,-7049329245.230998,-492568823.1221523,0.0,0,20,Road,30.603749999999998,31.4
273,-3611031469.4251733,-546186869.0463355,0.1,2,20,Road,30.603749999999998,31.4
277,-3851371478.248296,-1000145534.4017203,0.1,2,20,Road,30.603749999999998,31.4
284,-6966376121.165317,-1130725891.0920658,0.05,1,20,Road,30.603749999999998,31.4
285,-5442297014.910878,-988684701.1185391,0.05,1,20,Road,30.603749999999998,31.4
331,-4048503459.3022127,-991851279.6938277,0.15,3,20,Road,30.603749999999998,31.4
334,-2186035953.251262,-492235882.73255587,0.15,3,20,Road,30.603749999999998,31.4
348,-4036358181.015161,-1191132204.1255662,0.05,1,20,Road,30.603749999999998,31.4
351,-5377307654.625069,-1304621032.4133706,0.05,1,20,Road,30.603749999999998,31.4
356,-5966121258.304969,-946404543.2175561,0.15,3,20,Road,30.603749999999998,31.4
358,-7603298176.962026,-5240089365.106905,0.0,0,20,Road,30.603749999999998,31.4
390,-6351369812.98515,-744613865.5188866,0.05,1,20,Road,30.603749999999998,31.4
397,-5570665714.771055,-499189327.32490396,0.15,3,20,Road,30.603749999999998,31.4
423,-1123008884.7286475,-679655195.0007029,0.1,2,20,Road,30.603749999999998,31.4
459,-5876307353.304718,-3196779895.9046617,0.15,3,20,Road,30.603749999999998,31.4
464,-3015231929.8887076,-302163609.45674396,0.15,3,20,Road,30.603749999999998,31.4
493,-211024833.9553543,-194233651.02912682,0.15,3,20,Road,30.603749999999998,31.4
521,-6098428782.139643,-1128238426.3839626,0.1,2,20,Road,30.603749999999998,31.4
538,-4713939389.542135,-931792723.3503468,0.1,2,20,Road,30.603749999999998,31.4
556,-6378476101.295326,-752108388.8103296,0.1,2,20,Road,30.603749999999998,31.4
557,-1984806151.9137084,-1562307655.9482257,0.1,2,20,Road,30.603749999999998,31.4
558,-6691513117.533953,-5291434535.074157,0.15,3,20,Road,30.603749999999998,31.4
564,-4711942471.017002,-834977768.7157173,0.15,3,20,Road,30.603749999999998,31.4
565,-6514453982.689452,-1427473506.6228137,0.05,1,20,Road,30.603749999999998,31.4
569,-3718596025.9780073,-1879532627.0982103,0.1,2,20,Road,30.603749999999998,31.4
594,-7332533753.7254925,-4471460386.455942,0.1,2,20,Road,30.603749999999998,31.4
602,-4175543397.5595865,-1727578390.538608,0.1,2,20,Road,30.603749999999998,31.4
612,-6794115324.151703,-1491856546.1942396,0.1,2,20,Road,30.603749999999998,31.4
614,-3784307235.1887054,-1013048319.7689698,0.05,1,20,Road,30.603749999999998,31.4
625,-6905699039.374258,-715164583.4345734,0.1,2,20,Road,30.603749999999998,31.4
627,298978099.9620434,-535854563.15098065,0.1,2,20,Road,30.603749999999998,31.4
628,-7025149303.221538,-1123020814.0858595,0.05,1,20,Road,30.603749999999998,31.4
648,-5185084916.34507,-2815432611.5947347,0.15,3,20,Road,30.603749999999998,31.4
662,-8928954867.39577,-5989542805.580729,0.1,2,20,Road,30.603749999999998,31.4
669,-2005762572.4814124,-361333679.2934416,0.15,3,20,Road,30.603749999999998,31.4
670,-1292730465.6966343,-426080522.677399,0.05,1,20,Road,30.603749999999998,31.4
673,-3169850953.8073416,-190497737.8918404,0.15,3,20,Road,30.603749999999998,31.4
680,-8605738724.298933,-3261613747.3598156,0.1,2,20,Road,30.603749999999998,31.4
682,-5004491740.063062,-3646911151.3592424,0.1,2,20,Road,30.603749999999998,31.4
689,-4515123296.22659,-849041346.2259138,0.1,2,20,Road,30.603749999999998,31.4
694,-4231360134.886294,-814808914.2315688,0.15,3,20,Road,30.603749999999998,31.4
736,-12224250663.578176,-13187787001.060637,0.0,0,20,Road,30.603749999999998,31.4
750,-9995694660.601398,-13398642800.219196,0.1,2,20,Road,30.603749999999998,31.4
755,-5216019409.17734,-617099924.0222256,0.15,3,20,Road,30.603749999999998,31.4
759,-6900957199.055674,-1093034668.6439748,0.1,2,20,Road,30.603749999999998,31.4
760,-5712042645.921715,-491143417.41383874,0.0,0,20,Road,30.603749999999998,31.4
761,-406903095.0358434,-406727195.36780035,0.15,3,20,Road,30.603749999999998,31.4
764,-4129086302.6943336,-1967540616.424942,0.1,2,20,Road,30.603749999999998,31.4
770,-3024198301.645571,-350096181.4233743,0.15,3,20,Road,30.603749999999998,31.4
775,-6315610553.004069,-943672549.2853222,0.05,1,20,Road,30.603749999999998,31.4
776,-721520135.1012762,-798541593.345667,0.15,3,20,Road,30.603749999999998,31.4
780,-1463032192.7014022,-1031696564.951256,0.15,3,20,Road,30.603749999999998,31.4
791,-3324355526.7773676,-754925468.2698133,0.0,0,20,Road,30.603749999999998,31.4
809,-3110766701.5165167,-810890221.3143896,0.1,2,20,Road,30.603749999999998,31.4
810,-5285600833.42151,-1092174013.659542,0.15,3,20,Road,30.603749999999998,31.4
822,-1554216408.434601,-461242567.81353074,0.15,3,20,Road,30.603749999999998,31.4
837,-4358769042.27947,-1306230255.6905355,0.05,1,20,Road,30.603749999999998,31.4
858,-6806730075.241947,-2763074134.12249,0.15,3,20,Road,30.603749999999998,31.4
863,-3457601892.3054137,-1426388003.2857363,0.15,3,20,Road,30.603749999999998,31.4
866,-4824289418.244915,-773598903.1540551,0.1,2,20,Road,30.603749999999998,31.4
873,-7073134821.840567,-1595535269.309967,0.05,1,20,Road,30.603749999999998,31.4
878,-8279055237.322493,-3233999983.4073277,0.15,3,20,Road,30.603749999999998,31.4
940,-4425029812.613704,-754314962.7102932,0.1,2,20,Road,30.603749999999998,31.4
952,-3287229806.428778,-1998956579.3347778,0.15,3,20,Road,30.603749999999998,31.4
958,-1486740311.7208447,-867297688.6558055,0.15,3,20,Road,30.603749999999998,31.4
970,-3206560791.9848156,-346000100.06711936,0.15,3,20,Road,30.603749999999998,31.4
971,-3017092434.4897027,-864706707.9291503,0.15,3,20,Road,30.603749999999998,31.4
987,-13194281952.454962,-13330270731.507133,0.0,0,20,Road,30.603749999999998,31.4
0,-3913204752.3598266,-471766452.0308927,0.1,2,20,Road,30.7175,31.4
2,-4274981913.0386863,-495176124.8105904,0.0,0,20,Road,30.7175,31.4
9,-2552811129.5240374,-1380887007.8675864,0.15,3,20,Road,30.7175,31.4
12,-6523940534.076891,-1521078170.5591521,0.15,3,20,Road,30.7175,31.4
15,-2457530948.852009,-371992191.9552392,0.1,2,20,Road,30.7175,31.4
17,-3594755874.3808527,-3243255089.828458,0.1,2,20,Road,30.7175,31.4
25,-4064497930.78794,-1209628694.6042478,0.1,2,20,Road,30.7175,31.4
62,-2752092699.687724,-212190068.89391312,0.1,2,20,Road,30.7175,31.4
63,-4648710571.843126,-1225213284.9526389,0.1,2,20,Road,30.7175,31.4
73,-6679631211.174143,-553553868.0975852,0.05,1,20,Road,30.7175,31.4
90,-3990693356.673236,-1172085518.9521396,0.15,3,20,Road,30.7175,31.4
94,559542623.3372651,-172394594.1288595,0.1,2,20,Road,30.7175,31.4
103,-5860835739.8536625,-620022412.4093444,0.1,2,20,Road,30.7175,31.4
104,-3245567838.6974525,-1037517608.568318,0.15,3,20,Road,30.7175,31.4
109,-5781271675.928669,-1634237308.2823849,0.1,2,20,Road,30.7175,31.4
114,-2915753049.8308716,-499100024.1098519,0.1,2,20,Road,30.7175,31.4
126,-3831394519.7690897,-911647354.433815,0.05,1,20,Road,30.7175,31.4
140,-2699402674.4886074,-604908045.7608858,0.15,3,20,Road,30.7175,31.4
143,-4157060143.978672,-469484364.74021745,0.05,1,20,Road,30.7175,31.4
144,-3541942385.349518,-1428666373.0761094,0.15,3,20,Road,30.7175,31.4
150,-3768857364.4428663,-595214428.6048869,0.1,2,20,Road,30.7175,31.4
152,-3858524996.5835037,-2274057828.3424873,0.1,2,20,Road,30.7175,31.4
189,-6824487844.319214,-775190449.325161,0.1,2,20,Road,30.7175,31.4
195,-3397201506.2145605,-426439156.4249901,0.05,1,20,Road,30.7175,31.4
197,-5290335846.763358,-493935522.2624052,0.1,2,20,Road,30.7175,31.4
201,-7801320627.074908,-1189587784.9004145,0.05,1,20,Road,30.7175,31.4
202,-3120361560.4150047,-475991532.1490427,0.1,2,20,Road,30.7175,31.4
206,-3802226128.980352,-1241463008.4773378,0.1,2,20,Road,30.7175,31.4
209,-4264448612.6504717,-838104132.1626117,0.1,2,20,Road,30.7175,31.4
233,-4531552592.778837,-1019050806.183414,0.15,3,20,Road,30.7175,31.4
243,-4796329396.435061,-1382673360.4469228,0.05,1,20,Road,30.7175,31.4
245,-3708327427.7897744,-1371054075.6515799,0.15,3,20,Road,30.7175,31.4
249,-3282557178.7533293,-1127183653.4926465,0.05,1,20,Road,30.7175,31.4
250,-4398507617.735609,-1565870588.3173733,0.15,3,20,Road,30.7175,31.4
254,-1203894296.149891,-403072693.7243557,0.15,3,20,Road,30.7175,31.4
261,-3543411515.2774744,-328594701.17048335,0.05,1,20,Road,30.7175,31.4
267,-5604911320.285025,-583845383.7367488,0.0,0,20,Road,30.7175,31.4
270,-7073729760.396939,-492598746.5137223,0.0,0,20,Road,30.7175,31.4
273,-3622413588.3206215,-546177375.0416291,0.1,2,20,Road,30.7175,31.4
277,-3861886156.5340757,-1000062591.4445958,0.1,2,20,Road,30.7175,31.4
284,-6988063636.4485655,-1130723083.6641827,0.05,1,20,Road,30.7175,31.4
285,-5459682540.953997,-989516752.4831008,0.05,1,20,Road,30.7175,31.4
331,-4060159851.2022905,-992146508.8138397,0.15,3,20,Road,30.7175,31.4
334,-2192165830.3195534,-492070134.0026517,0.15,3,20,Road,30.7175,31.4
348,-4046988315.5965133,-1191187018.5297768,0.05,1,20,Road,30.7175,31.4
351,-5392306050.913961,-1304481803.3041804,0.05,1,20,Road,30.7175,31.4
356,-5984986942.551774,-946612619.2842788,0.15,3,20,Road,30.7175,31.4
358,-7629510177.073843,-5257517637.657606,0.0,0,20,Road,30.7175,31.4
390,-6373133574.019307,-745538072.9354544,0.05,1,20,Road,30.7175,31.4
397,-5589523039.329472,-499196660.00088775,0.15,3,20,Road,30.7175,31.4
423,-1124522962.5704246,-679521387.1354488,0.1,2,20,Road,30.7175,31.4
459,-5886674891.5889845,-3197187993.000209,0.15,3,20,Road,30.7175,31.4
464,-3025315134.915075,-302162706.4424577,0.15,3,20,Road,30.7175,31.4
493,-211086033.9837306,-194232440.50135046,0.15,3,20,Road,30.7175,31.4
521,-6117304717.288158,-1128640836.1322508,0.1,2,20,Road,30.7175,31.4
538,-4728464602.62277,-932260208.7577612,0.1,2,20,Road,30.7175,31.4
556,-6399141512.045736,-751861351.6648064,0.1,2,20,Road,30.7175,31.4
557,-1984921549.39063,-1560852683.6529436,0.1,2,20,Road,30.7175,31.4
558,-6697798196.503542,-5292515711.294742,0.15,3,20,Road,30.7175,31.4
564,-4726333895.052819,-834959039.2609725,0.15,3,20,Road,30.7175,31.4
565,-6533606830.396593,-1427718735.84684,0.05,1,20,Road,30.7175,31.4
569,-3725479150.8634515,-1879580202.0388737,0.1,2,20,Road,30.7175,31.4
594,-7343406859.100426,-4471699269.046841,0.1,2,20,Road,30.7175,31.4
602,-4184743348.218732,-1727679586.3213534,0.1,2,20,Road,30.7175,31.4
612,-6815057479.252443,-1493090922.477264,0.1,2,20,Road,30.7175,31.4
614,-3794644896.80532,-1013085586.772865,0.05,1,20,Road,30.7175,31.4
625,-6928528985.516123,-714985150.191128,0.1,2,20,Road,30.7175,31.4
627,302108750.8397355,-535826872.3820697,0.1,2,20,Road,30.7175,31.4
628,-7047376880.912882,-1123310978.367434,0.05,1,20,Road,30.7175,31.4
648,-5193989205.663581,-2815529223.760434,0.15,3,20,Road,30.7175,31.4
662,-8958398856.299305,-6008061397.366868,0.1,2,20,Road,30.7175,31.4
669,-2012002501.419899,-361461488.42307675,0.15,3,20,Road,30.7175,31.4
670,-1296015713.422551,-426144549.767987,0.05,1,20,Road,30.7175,31.4
673,-3180855439.1707773,-190428370.26959985,0.15,3,20,Road,30.7175,31.4
680,-8625964742.367308,-3261976375.6107054,0.1,2,20,Road,30.7175,31.4
682,-5010509707.624125,-3647883175.466805,0.1,2,20,Road,30.7175,31.4
689,-4528877442.087725,-849169161.2677002,0.1,2,20,Road,30.7175,31.4
694,-4244104085.1072817,-814854005.6084777,0.15,3,20,Road,30.7175,31.4
736,-12266671340.297281,-13233789012.040691,0.0,0,20,Road,30.7175,31.4
750,-10029319234.156864,-13444915671.806164,0.1,2,20,Road,30.7175,31.4
755,-5233093066.112665,-617080019.1738997,0.15,3,20,Road,30.7175,31.4
759,-6923767497.084991,-1094257704.071999,0.1,2,20,Road,30.7175,31.4
760,-5731654339.742556,-491349734.8594719,0.0,0,20,Road,30.7175,31.4
761,-406852242.17201495,-406675688.70869386,0.15,3,20,Road,30.7175,31.4
764,-4137500250.0100203,-1967920390.74506,0.1,2,20,Road,30.7175,31.4
770,-3034136036.2992296,-350094640.13289905,0.15,3,20,Road,30.7175,31.4
775,-6336001841.255973,-944097070.4605434,0.05,1,20,Road,30.7175,31.4
776,-720490249.3253673,-797797985.9139254,0.15,3,20,Road,30.7175,31.4
780,-1465165893.6718564,-1032227049.7257676,0.15,3,20,Road,30.7175,31.4
791,-3334010317.3120227,-755030034.7582247,0.0,0,20,Road,30.7175,31.4
809,-3119419946.6099434,-810995136.5585985,0.1,2,20,Road,30.7175,31.4
810,-5301424368.793132,-1092411148.6472921,0.15,3,20,Road,30.7175,31.4
822,-1558329382.3500822,-461293105.77359295,0.15,3,20,Road,30.7175,31.4
837,-4370129633.456885,-1306244973.0134559,0.05,1,20,Road,30.7175,31.4
858,-6821905214.716731,-2763219551.314798,0.15,3,20,Road,30.7175,31.4
863,-3465250900.6259627,-1426487264.2754521,0.15,3,20,Road,30.7175,31.4
866,-4839365374.02313,-773618990.0896755,0.1,2,20,Road,30.7175,31.4
873,-7093719895.941229,-1595760846.6463327,0.05,1,20,Road,30.7175,31.4
878,-8297780468.653572,-3233973426.636201,0.15,3,20,Road,30.7175,31.4
940,-4438688503.902243,-754330103.3170855,0.1,2,20,Road,30.7175,31.4
952,-3292772216.8583117,-1999710652.4010167,0.15,3,20,Road,30.7175,31.4
958,-1489471707.3808985,-867726699.8572991,0.15,3,20,Road,30.7175,31.4
970,-3217245782.606332,-346052773.4495505,0.15,3,20,Road,30.7175,31.4
971,-3025367254.5995383,-864981401.3748918,0.15,3,20,Road,30.7175,31.4
987,-13241886444.381649,-13378380675.334885,0.0,0,20,Road,30.7175,31.4
0,-3925829955.1741614,-471647661.7903756,0.1,2,20,Road,30.831249999999997,31.4
2,-4288963969.8194275,-495161179.6083927,0.0,0,20,Road,30.831249999999997,31.4
9,-2555910210.640681,-1379646335.7869182,0.15,3,20,Road,30.831249999999997,31.4
12,-6542822963.416556,-1521434496.0866537,0.15,3,20,Road,30.831249999999997,31.4
15,-2465153539.8857646,-371891822.6700562,0.1,2,20,Road,30.831249999999997,31.4
17,-3596999199.815988,-3244196772.413659,0.1,2,20,Road,30.831249999999997,31.4
25,-4075646554.6527214,-1210205449.8073251,0.1,2,20,Road,30.831249999999997,31.4
62,-2761479346.2582936,-212171199.90322992,0.1,2,20,Road,30.831249999999997,31.4
63,-4661608884.205042,-1225434041.6416059,0.1,2,20,Road,30.831249999999997,31.4
73,-6702556398.892095,-553793573.6709965,0.05,1,20,Road,30.831249999999997,31.4
90,-4001152472.2565956,-1172107045.4888399,0.15,3,20,Road,30.831249999999997,31.4
94,562258685.9716674,-172388968.81802762,0.1,2,20,Road,30.831249999999997,31.4
103,-5880518841.357816,-620298253.6873465,0.1,2,20,Road,30.831249999999997,31.4
104,-3253761153.2080016,-1037534290.420702,0.15,3,20,Road,30.831249999999997,31.4
109,-5797031783.66029,-1634640529.570782,0.1,2,20,Road,30.831249999999997,31.4
114,-2924929217.972182,-499327082.4057723,0.1,2,20,Road,30.831249999999997,31.4
126,-3842499338.1638794,-911940054.653074,0.05,1,20,Road,30.831249999999997,31.4
140,-2707165809.5343575,-604915055.9912126,0.15,3,20,Road,30.831249999999997,31.4
143,-4170720912.6803284,-469489668.48253965,0.05,1,20,Road,30.831249999999997,31.4
144,-3550355959.5007644,-1429254273.0547805,0.15,3,20,Road,30.831249999999997,31.4
150,-3780673572.05263,-595278316.3985335,0.1,2,20,Road,30.831249999999997,31.4
152,-3863076698.685177,-2272742088.745213,0.1,2,20,Road,30.831249999999997,31.4
189,-6848261730.024382,-776563176.7758958,0.1,2,20,Road,30.831249999999997,31.4
195,-3408298906.4661655,-426535524.1287457,0.05,1,20,Road,30.831249999999997,31.4
197,-5308119817.374039,-493957938.8106797,0.1,2,20,Road,30.831249999999997,31.4
201,-7826528585.777983,-1190311830.1731215,0.05,1,20,Road,30.831249999999997,31.4
202,-3130245398.7676935,-476083001.63332605,0.1,2,20,Road,30.831249999999997,31.4
206,-3811719356.375659,-1241473471.8144631,0.1,2,20,Road,30.831249999999997,31.4
209,-4277221282.4366045,-838188702.8307995,0.1,2,20,Road,30.831249999999997,31.4
233,-4544584478.384272,-1019075543.4784315,0.15,3,20,Road,30.831249999999997,31.4
243,-4808952178.304047,-1382655029.787426,0.05,1,20,Road,30.831249999999997,31.4
245,-3717726788.7479095,-1371798277.7001133,0.15,3,20,Road,30.831249999999997,31.4
249,-3290751617.6961246,-1127396526.927234,0.05,1,20,Road,30.831249999999997,31.4
250,-4408961496.5820465,-1565834926.6056175,0.15,3,20,Road,30.831249999999997,31.4
254,-1205588963.9295123,-401801838.356719,0.15,3,20,Road,30.831249999999997,31.4
261,-3555357738.08566,-328636133.13941896,0.05,1,20,Road,30.831249999999997,31.4
267,-5623360789.307077,-583701339.2800889,0.0,0,20,Road,30.831249999999997,31.4
270,-7098130275.562879,-492628669.9052922,0.0,0,20,Road,30.831249999999997,31.4
273,-3633795707.2160683,-546167881.0369227,0.1,2,20,Road,30.831249999999997,31.4
277,-3872400834.8198557,-999979648.4874713,0.1,2,20,Road,30.831249999999997,31.4
284,-7009751151.731814,-1130720276.2362995,0.05,1,20,Road,30.831249999999997,31.4
285,-5477068066.997114,-990348803.8476624,0.05,1,20,Road,30.831249999999997,31.4
331,-4071816243.1023684,-992441737.9338515,0.15,3,20,Road,30.831249999999997,31.4
334,-2198295707.3878436,-491904385.2727475,0.15,3,20,Road,30.831249999999997,31.4
348,-4057618450.177865,-1191241832.9339876,0.05,1,20,Road,30.831249999999997,31.4
351,-5407304447.202854,-1304342574.1949902,0.05,1,20,Road,30.831249999999997,31.4
356,-6003852626.798578,-946820695.3510013,0.15,3,20,Road,30.831249999999997,31.4
358,-7655722177.185659,-5274945910.208306,0.0,0,20,Road,30.831249999999997,31.4
390,-6394897335.053462,-746462280.3520222,0.05,1,20,Road,30.831249999999997,31.4
397,-5608380363.887888,-499203992.6768715,0.15,3,20,Road,30.831249999999997,31.4
423,-1126037040.4122016,-679387579.2701948,0.1,2,20,Road,30.831249999999997,31.4
459,-5897042429.873251,-3197596090.0957565,0.15,3,20,Road,30.831249999999997,31.4
464,-3035398339.9414415,-302161803.4281714,0.15,3,20,Road,30.831249999999997,31.4
493,-211147234.01210698,-194231229.97357404,0.15,3,20,Road,30.831249999999997,31.4
521,-6136180652.436674,-1129043245.880539,0.1,2,20,Road,30.831249999999997,31.4
538,-4742989815.703404,-932727694.1651757,0.1,2,20,Road,30.831249999999997,31.4
556,-6419806922.796145,-751614314.5192833,0.1,2,20,Road,30.831249999999997,31.4
557,-1985036946.8675513,-1559397711.3576617,0.1,2,20,Road,30.831249999999997,31.4
558,-6704083275.473128,-5293596887.5153265,0.15,3,20,Road,30.831249999999997,31.4
564,-4740725319.088635,-834940309.8062277,0.15,3,20,Road,30.831249999999997,31.4
565,-6552759678.103731,-1427963965.070866,0.05,1,20,Road,30.831249999999997,31.4
569,-3732362275.748895,-1879627776.9795372,0.1,2,20,Road,30.831249999999997,31.4
594,-7354279964.475359,-4471938151.63774,0.1,2,20,Road,30.831249999999997,31.4
602,-4193943298.8778777,-1727780782.1040988,0.1,2,20,Road,30.831249999999997,31.4
612,-6835999634.353183,-1494325298.7602882,0.1,2,20,Road,30.831249999999997,31.4
614,-3804982558.4219337,-1013122853.7767603,0.05,1,20,Road,30.831249999999997,31.4
625,-6951358931.657984,-714805716.9476826,0.1,2,20,Road,30.831249999999997,31.4
627,305239401.7174273,-535799181.6131587,0.1,2,20,Road,30.831249999999997,31.4
628,-7069604458.604222,-1123601142.6490083,0.05,1,20,Road,30.831249999999997,31.4
648,-5202893494.982092,-2815625835.9261336,0.15,3,20,Road,30.831249999999997,31.4
662,-8987842845.202837,-6026579989.1530075,0.1,2,20,Road,30.831249999999997,31.4
669,-2018242430.3583856,-361589297.5527119,0.15,3,20,Road,30.831249999999997,31.4
670,-1299300961.1484675,-426208576.85857505,0.05,1,20,Road,30.831249999999997,31.4
673,-3191859924.534213,-190359002.6473593,0.15,3,20,Road,30.831249999999997,31.4
680,-8646190760.43568,-3262339003.8615947,0.1,2,20,Road,30.831249999999997,31.4
682,-5016527675.185188,-3648855199.574368,0.1,2,20,Road,30.831249999999997,31.4
689,-4542631587.948856,-849296976.3094866,0.1,2,20,Road,30.831249999999997,31.4
694,-4256848035.3282685,-814899096.9853865,0.15,3,20,Road,30.831249999999997,31.4
736,-12309092017.016382,-13279791023.020748,0.0,0,20,Road,30.831249999999997,31.4
750,-10062943807.71233,-13491188543.393127,0.1,2,20,Road,30.831249999999997,31.4
755,-5250166723.047988,-617060114.3255739,0.15,3,20,Road,30.831249999999997,31.4
759,-6946577795.114308,-1095480739.5000231,0.1,2,20,Road,30.831249999999997,31.4
760,-5751266033.563396,-491556052.305105,0.0,0,20,Road,30.831249999999997,31.4
761,-406801389.30818635,-406624182.04958737,0.15,3,20,Road,30.831249999999997,31.4
764,-4145914197.3257065,-1968300165.065178,0.1,2,20,Road,30.831249999999997,31.4
770,-3044073770.952887,-350093098.84242386,0.15,3,20,Road,30.831249999999997,31.4
775,-6356393129.507875,-944521591.6357646,0.05,1,20,Road,30.831249999999997,31.4
776,-719460363.5494587,-797054378.4821838,0.15,3,20,Road,30.831249999999997,31.4
780,-1467299594.6423106,-1032757534.5002792,0.15,3,20,Road,30.831249999999997,31.4
791,-3343665107.8466773,-755134601.246636,0.0,0,20,Road,30.831249999999997,31.4
809,-3128073191.7033696,-811100051.8028073,0.1,2,20,Road,30.831249999999997,31.4
810,-5317247904.164755,-1092648283.6350427,0.15,3,20,Road,30.831249999999997,31.4
822,-1562442356.265563,-461343643.7336551,0.15,3,20,Road,30.831249999999997,31.4
837,-4381490224.6343,-1306259690.3363767,0.05,1,20,Road,30.831249999999997,31.4
858,-6837080354.191515,-2763364968.507106,0.15,3,20,Road,30.831249999999997,31.4
863,-3472899908.9465113,-1426586525.2651677,0.15,3,20,Road,30.831249999999997,31.4
866,-4854441329.801347,-773639077.025296,0.1,2,20,Road,30.831249999999997,31.4
873,-7114304970.041891,-1595986423.982698,0.05,1,20,Road,30.831249999999997,31.4
878,-8316505699.98465,-3233946869.8650737,0.15,3,20,Road,30.831249999999997,31.4
940,-4452347195.190783,-754345243.9238778,0.1,2,20,Road,30.831249999999997,31.4
952,-3298314627.287845,-2000464725.467255,0.15,3,20,Road,30.831249999999997,31.4
958,-1492203103.0409515,-868155711.0587926,0.15,3,20,Road,30.831249999999997,31.4
970,-3227930773.227847,-346105446.8319816,0.15,3,20,Road,30.831249999999997,31.4
971,-3033642074.709373,-865256094.8206332,0.15,3,20,Road,30.831249999999997,31.4
987,-13289490936.30833,-13426490619.162632,0.0,0,20,Road,30.831249999999997,31.4
0,-3938455157.9884963,-471528871.54985845,0.1,2,20,Road,30.945,31.4
2,-4302946026.600169,-495146234.40619504,0.0,0,20,Road,30.945,31.4
9,-2559009291.757324,-1378405663.70625,0.15,3,20,Road,30.945,31.4
12,-6561705392.756223,-1521790821.6141553,0.15,3,20,Road,30.945,31.4
15,-2472776130.919521,-371791453.3848733,0.1,2,20,Road,30.945,31.4
17,-3599242525.251123,-3245138454.9988613,0.1,2,20,Road,30.945,31.4
25,-4086795178.517503,-1210782205.0104027,0.1,2,20,Road,30.945,31.4
62,-2770865992.8288636,-212152330.91254672,0.1,2,20,Road,30.945,31.4
63,-4674507196.566957,-1225654798.330573,0.1,2,20,Road,30.945,31.4
73,-6725481586.610047,-554033279.2444079,0.05,1,20,Road,30.945,31.4
90,-4011611587.839956,-1172128572.02554,0.15,3,20,Road,30.945,31.4
94,564974748.6060697,-172383343.5071957,0.1,2,20,Road,30.945,31.4
103,-5900201942.861969,-620574094.9653487,0.1,2,20,Road,30.945,31.4
104,-3261954467.7185507,-1037550972.273086,0.15,3,20,Road,30.945,31.4
109,-5812791891.391912,-1635043750.859179,0.1,2,20,Road,30.945,31.4
114,-2934105386.113492,-499554140.7016928,0.1,2,20,Road,30.945,31.4
126,-3853604156.55867,-912232754.8723328,0.05,1,20,Road,30.945,31.4
140,-2714928944.580108,-604922066.2215391,0.15,3,20,Road,30.945,31.4
143,-4184381681.381986,-469494972.22486186,0.05,1,20,Road,30.945,31.4
144,-3558769533.652011,-1429842173.0334518,0.15,3,20,Road,30.945,31.4
150,-3792489779.662393,-595342204.19218,0.1,2,20,Road,30.945,31.4
152,-3867628400.78685,-2271426349.1479387,0.1,2,20,Road,30.945,31.4
189,-6872035615.72955,-777935904.2266309,0.1,2,20,Road,30.945,31.4
195,-3419396306.7177706,-426631891.8325013,0.05,1,20,Road,30.945,31.4
197,-5325903787.98472,-493980355.3589541,0.1,2,20,Road,30.945,31.4
201,-7851736544.481058,-1191035875.445828,0.05,1,20,Road,30.945,31.4
202,-3140129237.120383,-476174471.11760944,0.1,2,20,Road,30.945,31.4
206,-3821212583.770968,-1241483935.1515887,0.1,2,20,Road,30.945,31.4
209,-4289993952.2227387,-838273273.4989874,0.1,2,20,Road,30.945,31.4
233,-4557616363.989706,-1019100280.773449,0.15,3,20,Road,30.945,31.4
243,-4821574960.173032,-1382636699.127929,0.05,1,20,Road,30.945,31.4
245,-3727126149.706046,-1372542479.748647,0.15,3,20,Road,30.945,31.4
249,-3298946056.6389213,-1127609400.3618217,0.05,1,20,Road,30.945,31.4
250,-4419415375.428485,-1565799264.8938618,0.15,3,20,Road,30.945,31.4
254,-1207283631.7091339,-400530982.98908234,0.15,3,20,Road,30.945,31.4
261,-3567303960.893846,-328677565.1083546,0.05,1,20,Road,30.945,31.4
267,-5641810258.32913,-583557294.8234289,0.0,0,20,Road,30.945,31.4
270,-7122530790.728819,-492658593.2968621,0.0,0,20,Road,30.945,31.4
273,-3645177826.1115165,-546158387.0322163,0.1,2,20,Road,30.945,31.4
277,-3882915513.1056356,-999896705.5303469,0.1,2,20,Road,30.945,31.4
284,-7031438667.015065,-1130717468.8084164,0.05,1,20,Road,30.945,31.4
285,-5494453593.040234,-991180855.2122242,0.05,1,20,Road,30.945,31.4
331,-4083472635.0024467,-992736967.0538635,0.15,3,20,Road,30.945,31.4
334,-2204425584.4561343,-491738636.5428434,0.15,3,20,Road,30.945,31.4
348,-4068248584.7592173,-1191296647.3381982,0.05,1,20,Road,30.945,31.4
351,-5422302843.491747,-1304203345.0858,0.05,1,20,Road,30.945,31.4
356,-6022718311.045383,-947028771.4177239,0.15,3,20,Road,30.945,31.4
358,-7681934177.297478,-5292374182.759007,0.0,0,20,Road,30.945,31.4
390,-6416661096.087621,-747386487.76859,0.05,1,20,Road,30.945,31.4
397,-5627237688.446304,-499211325.3528552,0.15,3,20,Road,30.945,31.4
423,-1127551118.253979,-679253771.4049408,0.1,2,20,Road,30.945,31.4
459,-5907409968.157518,-3198004187.1913033,0.15,3,20,Road,30.945,31.4
464,-3045481544.9678087,-302160900.4138851,0.15,3,20,Road,30.945,31.4
493,-211208434.04048318,-194230019.44579762,0.15,3,20,Road,30.945,31.4
521,-6155056587.58519,-1129445655.628827,0.1,2,20,Road,30.945,31.4
538,-4757515028.78404,-933195179.5725901,0.1,2,20,Road,30.945,31.4
556,-6440472333.546556,-751367277.3737602,0.1,2,20,Road,30.945,31.4
557,-1985152344.344473,-1557942739.0623794,0.1,2,20,Road,30.945,31.4
558,-6710368354.442717,-5294678063.735911,0.15,3,20,Road,30.945,31.4
564,-4755116743.124453,-834921580.351483,0.15,3,20,Road,30.945,31.4
565,-6571912525.810871,-1428209194.2948923,0.05,1,20,Road,30.945,31.4
569,-3739245400.6343393,-1879675351.9202008,0.1,2,20,Road,30.945,31.4
594,-7365153069.850293,-4472177034.228639,0.1,2,20,Road,30.945,31.4
602,-4203143249.537023,-1727881977.8868442,0.1,2,20,Road,30.945,31.4
612,-6856941789.453923,-1495559675.0433125,0.1,2,20,Road,30.945,31.4
614,-3815320220.0385485,-1013160120.7806556,0.05,1,20,Road,30.945,31.4
625,-6974188877.799848,-714626283.704237,0.1,2,20,Road,30.945,31.4
627,308370052.59511936,-535771490.8442477,0.1,2,20,Road,30.945,31.4
628,-7091832036.295565,-1123891306.930583,0.05,1,20,Road,30.945,31.4
648,-5211797784.300603,-2815722448.091833,0.15,3,20,Road,30.945,31.4
662,-9017286834.106373,-6045098580.939148,0.1,2,20,Road,30.945,31.4
669,-2024482359.296872,-361717106.68234706,0.15,3,20,Road,30.945,31.4
670,-1302586208.8743844,-426272603.9491631,0.05,1,20,Road,30.945,31.4
673,-3202864409.897649,-190289635.02511874,0.15,3,20,Road,30.945,31.4
680,-8666416778.504055,-3262701632.112484,0.1,2,20,Road,30.945,31.4
682,-5022545642.746252,-3649827223.681931,0.1,2,20,Road,30.945,31.4
689,-4556385733.80999,-849424791.3512732,0.1,2,20,Road,30.945,31.4
694,-4269591985.5492563,-814944188.3622954,0.15,3,20,Road,30.945,31.4
736,-12351512693.735485,-13325793034.000805,0.0,0,20,Road,30.945,31.4
750,-10096568381.267796,-13537461414.980095,0.1,2,20,Road,30.945,31.4
755,-5267240379.983313,-617040209.477248,0.15,3,20,Road,30.945,31.4
759,-6969388093.143626,-1096703774.9280472,0.1,2,20,Road,30.945,31.4
760,-5770877727.384237,-491762369.75073814,0.0,0,20,Road,30.945,31.4
761,-406750536.44435793,-406572675.3904809,0.15,3,20,Road,30.945,31.4
764,-4154328144.641394,-1968679939.3852959,0.1,2,20,Road,30.945,31.4
770,-3054011505.6065454,-350091557.5519486,0.15,3,20,Road,30.945,31.4
775,-6376784417.759779,-944946112.8109858,0.05,1,20,Road,30.945,31.4
776,-718430477.7735503,-796310771.0504422,0.15,3,20,Road,30.945,31.4
780,-1469433295.6127648,-1033288019.2747908,0.15,3,20,Road,30.945,31.4
791,-3353319898.381333,-755239167.7350473,0.0,0,20,Road,30.945,31.4
809,-3136726436.796796,-811204967.0470163,0.1,2,20,Road,30.945,31.4
810,-5333071439.536377,-1092885418.6227932,0.15,3,20,Road,30.945,31.4
822,-1566555330.181044,-461394181.69371724,0.15,3,20,Road,30.945,31.4
837,-4392850815.811716,-1306274407.6592972,0.05,1,20,Road,30.945,31.4
858,-6852255493.6663,-2763510385.699414,0.15,3,20,Road,30.945,31.4
863,-3480548917.2670608,-1426685786.2548835,0.15,3,20,Road,30.945,31.4
866,-4869517285.579563,-773659163.9609163,0.1,2,20,Road,30.945,31.4
873,-7134890044.142555,-1596212001.3190637,0.05,1,20,Road,30.945,31.4
878,-8335230931.315727,-3233920313.0939465,0.15,3,20,Road,30.945,31.4
940,-4466005886.4793215,-754360384.5306702,0.1,2,20,Road,30.945,31.4
952,-3303857037.717379,-2001218798.5334938,0.15,3,20,Road,30.945,31.4
958,-1494934498.7010047,-868584722.2602862,0.15,3,20,Road,30.945,31.4
970,-3238615763.849363,-346158120.2144127,0.15,3,20,Road,30.945,31.4
971,-3041916894.8192086,-865530788.2663748,0.15,3,20,Road,30.945,31.4
987,-13337095428.235018,-13474600562.990383,0.0,0,20,Road,30.945,31.4
0,-3951080360.802831,-471410081.3093413,0.1,2,20,Road,31.05875,31.4
2,-4316928083.380911,-495131289.2039974,0.0,0,20,Road,31.05875,31.4
9,-2562108372.8739676,-1377164991.6255817,0.15,3,20,Road,31.05875,31.4
12,-6580587822.095888,-1522147147.1416569,0.15,3,20,Road,31.05875,31.4
15,-2480398721.9532766,-371691084.0996903,0.1,2,20,Road,31.05875,31.4
17,-3601485850.686259,-3246080137.584063,0.1,2,20,Road,31.05875,31.4
25,-4097943802.3822846,-1211358960.21348,0.1,2,20,Road,31.05875,31.4
62,-2780252639.3994336,-212133461.92186353,0.1,2,20,Road,31.05875,31.4
63,-4687405508.928873,-1225875555.0195398,0.1,2,20,Road,31.05875,31.4
73,-6748406774.328001,-554272984.8178191,0.05,1,20,Road,31.05875,31.4
90,-4022070703.423316,-1172150098.5622401,0.15,3,20,Road,31.05875,31.4
94,567690811.2404718,-172377718.19636384,0.1,2,20,Road,31.05875,31.4
103,-5919885044.366121,-620849936.2433507,0.1,2,20,Road,31.05875,31.4
104,-3270147782.2291,-1037567654.1254699,0.15,3,20,Road,31.05875,31.4
109,-5828551999.123534,-1635446972.1475759,0.1,2,20,Road,31.05875,31.4
114,-2943281554.2548027,-499781198.9976133,0.1,2,20,Road,31.05875,31.4
126,-3864708974.9534597,-912525455.0915918,0.05,1,20,Road,31.05875,31.4
140,-2722692079.6258583,-604929076.4518658,0.15,3,20,Road,31.05875,31.4
143,-4198042450.0836434,-469500275.96718407,0.05,1,20,Road,31.05875,31.4
144,-3567183107.8032584,-1430430073.0121229,0.15,3,20,Road,31.05875,31.4
150,-3804305987.2721567,-595406091.9858266,0.1,2,20,Road,31.05875,31.4
152,-3872180102.888523,-2270110609.5506644,0.1,2,20,Road,31.05875,31.4
189,-6895809501.43472,-779308631.6773657,0.1,2,20,Road,31.05875,31.4
195,-3430493706.969375,-426728259.5362569,0.05,1,20,Road,31.05875,31.4
197,-5343687758.595402,-494002771.90722847,0.1,2,20,Road,31.05875,31.4
201,-7876944503.184133,-1191759920.7185347,0.05,1,20,Road,31.05875,31.4
202,-3150013075.4730716,-476265940.6018928,0.1,2,20,Road,31.05875,31.4
206,-3830705811.166276,-1241494398.4887142,0.1,2,20,Road,31.05875,31.4
209,-4302766622.008871,-838357844.1671752,0.1,2,20,Road,31.05875,31.4
233,-4570648249.59514,-1019125018.0684664,0.15,3,20,Road,31.05875,31.4
243,-4834197742.042017,-1382618368.4684322,0.05,1,20,Road,31.05875,31.4
245,-3736525510.664182,-1373286681.7971807,0.15,3,20,Road,31.05875,31.4
249,-3307140495.5817175,-1127822273.7964091,0.05,1,20,Road,31.05875,31.4
250,-4429869254.274923,-1565763603.182106,0.15,3,20,Road,31.05875,31.4
254,-1208978299.4887557,-399260127.6214456,0.15,3,20,Road,31.05875,31.4
261,-3579250183.7020316,-328718997.0772902,0.05,1,20,Road,31.05875,31.4
267,-5660259727.351183,-583413250.366769,0.0,0,20,Road,31.05875,31.4
270,-7146931305.894758,-492688516.6884321,0.0,0,20,Road,31.05875,31.4
273,-3656559945.006964,-546148893.0275097,0.1,2,20,Road,31.05875,31.4
277,-3893430191.391416,-999813762.5732224,0.1,2,20,Road,31.05875,31.4
284,-7053126182.298315,-1130714661.3805332,0.05,1,20,Road,31.05875,31.4
285,-5511839119.083352,-992012906.5767858,0.05,1,20,Road,31.05875,31.4
331,-4095129026.9025245,-993032196.1738753,0.15,3,20,Road,31.05875,31.4
334,-2210555461.524425,-491572887.8129393,0.15,3,20,Road,31.05875,31.4
348,-4078878719.3405695,-1191351461.7424088,0.05,1,20,Road,31.05875,31.4
351,-5437301239.78064,-1304064115.9766097,0.05,1,20,Road,31.05875,31.4
356,-6041583995.292189,-947236847.4844465,0.15,3,20,Road,31.05875,31.4
358,-7708146177.409294,-5309802455.309708,0.0,0,20,Road,31.05875,31.4
390,-6438424857.121777,-748310695.1851578,0.05,1,20,Road,31.05875,31.4
397,-5646095013.004721,-499218658.028839,0.15,3,20,Road,31.05875,31.4
423,-1129065196.0957558,-679119963.5396868,0.1,2,20,Road,31.05875,31.4
459,-5917777506.441783,-3198412284.286851,0.15,3,20,Road,31.05875,31.4
464,-3055564749.994175,-302159997.39959884,0.15,3,20,Road,31.05875,31.4
493,-211269634.0688595,-194228808.91802123,0.15,3,20,Road,31.05875,31.4
521,-6173932522.733705,-1129848065.3771152,0.1,2,20,Road,31.05875,31.4
538,-4772040241.864675,-933662664.9800047,0.1,2,20,Road,31.05875,31.4
556,-6461137744.296967,-751120240.2282372,0.1,2,20,Road,31.05875,31.4
557,-1985267741.8213944,-1556487766.7670975,0.1,2,20,Road,31.05875,31.4
558,-6716653433.412305,-5295759239.956496,0.15,3,20,Road,31.05875,31.4
564,-4769508167.160269,-834902850.8967383,0.15,3,20,Road,31.05875,31.4
565,-6591065373.51801,-1428454423.5189185,0.05,1,20,Road,31.05875,31.4
569,-3746128525.519783,-1879722926.8608642,0.1,2,20,Road,31.05875,31.4
594,-7376026175.225227,-4472415916.819537,0.1,2,20,Road,31.05875,31.4
602,-4212343200.1961684,-1727983173.6695895,0.1,2,20,Road,31.05875,31.4
612,-6877883944.554663,-1496794051.3263369,0.1,2,20,Road,31.05875,31.4
614,-3825657881.655162,-1013197387.7845509,0.05,1,20,Road,31.05875,31.4
625,-6997018823.941711,-714446850.4607916,0.1,2,20,Road,31.05875,31.4
627,311500703.4728113,-535743800.07533675,0.1,2,20,Road,31.05875,31.4
628,-7114059613.986906,-1124181471.2121572,0.05,1,20,Road,31.05875,31.4
648,-5220702073.619113,-2815819060.2575326,0.15,3,20,Road,31.05875,31.4
662,-9046730823.009907,-6063617172.725288,0.1,2,20,Road,31.05875,31.4
669,-2030722288.2353585,-361844915.81198215,0.15,3,20,Road,31.05875,31.4
670,-1305871456.6003008,-426336631.0397512,0.05,1,20,Road,31.05875,31.4
673,-3213868895.2610846,-190220267.4028782,0.15,3,20,Road,31.05875,31.4
680,-8686642796.572428,-3263064260.3633738,0.1,2,20,Road,31.05875,31.4
682,-5028563610.307314,-3650799247.7894936,0.1,2,20,Road,31.05875,31.4
689,-4570139879.671123,-849552606.3930596,0.1,2,20,Road,31.05875,31.4
694,-4282335935.7702436,-814989279.7392042,0.15,3,20,Road,31.05875,31.4
736,-12393933370.45459,-13371795044.98086,0.0,0,20,Road,31.05875,31.4
750,-10130192954.82326,-13583734286.567059,0.1,2,20,Road,31.05875,31.4
755,-5284314036.918638,-617020304.6289222,0.15,3,20,Road,31.05875,31.4
759,-6992198391.172945,-1097926810.3560715,0.1,2,20,Road,31.05875,31.4
760,-5790489421.205079,-491968687.1963712,0.0,0,20,Road,31.05875,31.4
761,-406699683.5805295,-406521168.7313744,0.15,3,20,Road,31.05875,31.4
764,-4162742091.957081,-1969059713.7054138,0.1,2,20,Road,31.05875,31.4
770,-3063949240.2602034,-350090016.2614734,0.15,3,20,Road,31.05875,31.4
775,-6397175706.0116825,-945370633.986207,0.05,1,20,Road,31.05875,31.4
776,-717400591.997642,-795567163.6187006,0.15,3,20,Road,31.05875,31.4
780,-1471566996.583219,-1033818504.0493023,0.15,3,20,Road,31.05875,31.4
791,-3362974688.915988,-755343734.2234588,0.0,0,20,Road,31.05875,31.4
809,-3145379681.890222,-811309882.2912252,0.1,2,20,Road,31.05875,31.4
810,-5348894974.907999,-1093122553.6105435,0.15,3,20,Road,31.05875,31.4
822,-1570668304.096525,-461444719.6537794,0.15,3,20,Road,31.05875,31.4
837,-4404211406.989131,-1306289124.9822178,0.05,1,20,Road,31.05875,31.4
858,-6867430633.141085,-2763655802.8917217,0.15,3,20,Road,31.05875,31.4
863,-3488197925.58761,-1426785047.2445993,0.15,3,20,Road,31.05875,31.4
866,-4884593241.357779,-773679250.8965366,0.1,2,20,Road,31.05875,31.4
873,-7155475118.243217,-1596437578.6554294,0.05,1,20,Road,31.05875,31.4
878,-8353956162.646805,-3233893756.3228197,0.15,3,20,Road,31.05875,31.4
940,-4479664577.76786,-754375525.1374625,0.1,2,20,Road,31.05875,31.4
952,-3309399448.1469126,-2001972871.5997324,0.15,3,20,Road,31.05875,31.4
958,-1497665894.3610582,-869013733.4617798,0.15,3,20,Road,31.05875,31.4
970,-3249300754.470879,-346210793.59684384,0.15,3,20,Road,31.05875,31.4
971,-3050191714.9290442,-865805481.7121162,0.15,3,20,Road,31.05875,31.4
987,-13384699920.161701,-13522710506.81813,0.0,0,20,Road,31.05875,31.4
0,-3963705563.617166,-471291291.06882423,0.1,2,20,Road,31.1725,31.4
2,-4330910140.1616535,-495116344.0017997,0.0,0,20,Road,31.1725,31.4
9,-2565207453.990611,-1375924319.5449135,0.15,3,20,Road,31.1725,31.4
12,-6599470251.435554,-1522503472.6691585,0.15,3,20,Road,31.1725,31.4
15,-2488021312.987033,-371590714.8145074,0.1,2,20,Road,31.1725,31.4
17,-3603729176.121394,-3247021820.169265,0.1,2,20,Road,31.1725,31.4
25,-4109092426.2470655,-1211935715.4165573,0.1,2,20,Road,31.1725,31.4
62,-2789639285.970004,-212114592.93118033,0.1,2,20,Road,31.1725,31.4
63,-4700303821.290789,-1226096311.708507,0.1,2,20,Road,31.1725,31.4
73,-6771331962.045954,-554512690.3912303,0.05,1,20,Road,31.1725,31.4
90,-4032529819.0066767,-1172171625.0989404,0.15,3,20,Road,31.1725,31.4
94,570406873.874874,-172372092.88553196,0.1,2,20,Road,31.1725,31.4
103,-5939568145.8702755,-621125777.5213529,0.1,2,20,Road,31.1725,31.4
104,-3278341096.7396493,-1037584335.9778538,0.15,3,20,Road,31.1725,31.4
109,-5844312106.855157,-1635850193.4359727,0.1,2,20,Road,31.1725,31.4
114,-2952457722.3961134,-500008257.2935338,0.1,2,20,Road,31.1725,31.4
126,-3875813793.3482504,-912818155.3108507,0.05,1,20,Road,31.1725,31.4
140,-2730455214.671609,-604936086.6821924,0.15,3,20,Road,31.1725,31.4
143,-4211703218.785301,-469505579.7095063,0.05,1,20,Road,31.1725,31.4
144,-3575596681.954506,-1431017972.9907942,0.15,3,20,Road,31.1725,31.4
150,-3816122194.881921,-595469979.7794731,0.1,2,20,Road,31.1725,31.4
152,-3876731804.990196,-2268794869.95339,0.1,2,20,Road,31.1725,31.4
189,-6919583387.139888,-780681359.1281006,0.1,2,20,Road,31.1725,31.4
195,-3441591107.2209806,-426824627.2400125,0.05,1,20,Road,31.1725,31.4
197,-5361471729.206083,-494025188.4555029,0.1,2,20,Road,31.1725,31.4
201,-7902152461.887209,-1192483965.9912415,0.05,1,20,Road,31.1725,31.4
202,-3159896913.8257613,-476357410.08617616,0.1,2,20,Road,31.1725,31.4
206,-3840199038.5615835,-1241504861.82584,0.1,2,20,Road,31.1725,31.4
209,-4315539291.795005,-838442414.8353629,0.1,2,20,Road,31.1725,31.4
233,-4583680135.200575,-1019149755.3634839,0.15,3,20,Road,31.1725,31.4
243,-4846820523.911002,-1382600037.8089352,0.05,1,20,Road,31.1725,31.4
245,-3745924871.622319,-1374030883.845714,0.15,3,20,Road,31.1725,31.4
249,-3315334934.524514,-1128035147.2309966,0.05,1,20,Road,31.1725,31.4
250,-4440323133.121362,-1565727941.47035,0.15,3,20,Road,31.1725,31.4
254,-1210672967.268377,-397989272.25380886,0.15,3,20,Road,31.1725,31.4
261,-3591196406.510217,-328760429.04622585,0.05,1,20,Road,31.1725,31.4
267,-5678709196.373237,-583269205.910109,0.0,0,20,Road,31.1725,31.4
270,-7171331821.060699,-492718440.080002,0.0,0,20,Road,31.1725,31.4
273,-3667942063.9024124,-546139399.0228033,0.1,2,20,Road,31.1725,31.4
277,-3903944869.6771975,-999730819.6160979,0.1,2,20,Road,31.1725,31.4
284,-7074813697.581564,-1130711853.9526498,0.05,1,20,Road,31.1725,31.4
285,-5529224645.126471,-992844957.9413476,0.05,1,20,Road,31.1725,31.4
331,-4106785418.8026032,-993327425.2938874,0.15,3,20,Road,31.1725,31.4
334,-2216685338.5927157,-491407139.0830351,0.15,3,20,Road,31.1725,31.4
348,-4089508853.9219217,-1191406276.1466193,0.05,1,20,Road,31.1725,31.4
351,-5452299636.069532,-1303924886.8674195,0.05,1,20,Road,31.1725,31.4
356,-6060449679.538994,-947444923.5511692,0.15,3,20,Road,31.1725,31.4
358,-7734358177.521112,-5327230727.860409,0.0,0,20,Road,31.1725,31.4
390,-6460188618.155934,-749234902.6017256,0.05,1,20,Road,31.1725,31.4
397,-5664952337.563137,-499225990.7048228,0.15,3,20,Road,31.1725,31.4
423,-1130579273.937533,-678986155.6744328,0.1,2,20,Road,31.1725,31.4
459,-5928145044.726049,-3198820381.3823986,0.15,3,20,Road,31.1725,31.4
464,-3065647955.020542,-302159094.38531256,0.15,3,20,Road,31.1725,31.4
493,-211330834.09723577,-194227598.39024484,0.15,3,20,Road,31.1725,31.4
521,-6192808457.88222,-1130250475.1254034,0.1,2,20,Road,31.1725,31.4
538,-4786565454.94531,-934130150.3874191,0.1,2,20,Road,31.1725,31.4
556,-6481803155.047377,-750873203.0827141,0.1,2,20,Road,31.1725,31.4
557,-1985383139.2983158,-1555032794.4718156,0.1,2,20,Road,31.1725,31.4
558,-6722938512.381892,-5296840416.177082,0.15,3,20,Road,31.1725,31.4
564,-4783899591.196085,-834884121.4419935,0.15,3,20,Road,31.1725,31.4
565,-6610218221.225151,-1428699652.7429447,0.05,1,20,Road,31.1725,31.4
569,-3753011650.4052277,-1879770501.801528,0.1,2,20,Road,31.1725,31.4
594,-7386899280.600161,-4472654799.410437,0.1,2,20,Road,31.1725,31.4
602,-4221543150.8553147,-1728084369.452335,0.1,2,20,Road,31.1725,31.4
612,-6898826099.655403,-1498028427.6093612,0.1,2,20,Road,31.1725,31.4
614,-3835995543.2717767,-1013234654.7884462,0.05,1,20,Road,31.1725,31.4
625,-7019848770.083574,-714267417.2173461,0.1,2,20,Road,31.1725,31.4
627,314631354.3505033,-535716109.30642575,0.1,2,20,Road,31.1725,31.4
628,-7136287191.67825,-1124471635.4937317,0.05,1,20,Road,31.1725,31.4
648,-5229606362.937624,-2815915672.423232,0.15,3,20,Road,31.1725,31.4
662,-9076174811.91344,-6082135764.511429,0.1,2,20,Road,31.1725,31.4
669,-2036962217.1738448,-361972724.9416173,0.15,3,20,Road,31.1725,31.4
670,-1309156704.3262177,-426400658.13033926,0.05,1,20,Road,31.1725,31.4
673,-3224873380.6245203,-190150899.78063762,0.15,3,20,Road,31.1725,31.4
680,-8706868814.640802,-3263426888.6142635,0.1,2,20,Road,31.1725,31.4
682,-5034581577.868378,-3651771271.8970566,0.1,2,20,Road,31.1725,31.4
689,-4583894025.532255,-849680421.434846,0.1,2,20,Road,31.1725,31.4
694,-4295079885.991232,-815034371.116113,0.15,3,20,Road,31.1725,31.4
736,-12436354047.173695,-13417797055.960918,0.0,0,20,Road,31.1725,31.4
750,-10163817528.378727,-13630007158.154026,0.1,2,20,Road,31.1725,31.4
755,-5301387693.853963,-617000399.7805963,0.15,3,20,Road,31.1725,31.4
759,-7015008689.202261,-1099149845.7840955,0.1,2,20,Road,31.1725,31.4
760,-5810101115.02592,-492175004.6420043,0.0,0,20,Road,31.1725,31.4
761,-406648830.71670103,-406469662.0722679,0.15,3,20,Road,31.1725,31.4
764,-4171156039.2727675,-1969439488.0255315,0.1,2,20,Road,31.1725,31.4
770,-3073886974.9138618,-350088474.97099817,0.15,3,20,Road,31.1725,31.4
775,-6417566994.263586,-945795155.1614282,0.05,1,20,Road,31.1725,31.4
776,-716370706.2217333,-794823556.186959,0.15,3,20,Road,31.1725,31.4
780,-1473700697.5536733,-1034348988.8238139,0.15,3,20,Road,31.1725,31.4
791,-3372629479.4506435,-755448300.7118702,0.0,0,20,Road,31.1725,31.4
809,-3154032926.9836493,-811414797.535434,0.1,2,20,Road,31.1725,31.4
810,-5364718510.279622,-1093359688.5982938,0.15,3,20,Road,31.1725,31.4
822,-1574781278.012006,-461495257.61384153,0.15,3,20,Road,31.1725,31.4
837,-4415571998.166547,-1306303842.3051386,0.05,1,20,Road,31.1725,31.4
858,-6882605772.615868,-2763801220.0840297,0.15,3,20,Road,31.1725,31.4
863,-3495846933.908159,-1426884308.234315,0.15,3,20,Road,31.1725,31.4
866,-4899669197.135996,-773699337.8321571,0.1,2,20,Road,31.1725,31.4
873,-7176060192.34388,-1596663155.991795,0.05,1,20,Road,31.1725,31.4
878,-8372681393.977882,-3233867199.551693,0.15,3,20,Road,31.1725,31.4
940,-4493323269.0564,-754390665.7442548,0.1,2,20,Road,31.1725,31.4
952,-3314941858.5764465,-2002726944.665971,0.15,3,20,Road,31.1725,31.4
958,-1500397290.0211115,-869442744.6632733,0.15,3,20,Road,31.1725,31.4
970,-3259985745.092395,-346263466.979275,0.15,3,20,Road,31.1725,31.4
971,-3058466535.03888,-866080175.1578578,0.15,3,20,Road,31.1725,31.4
987,-13432304412.088388,-13570820450.645882,0.0,0,20,Road,31.1725,31.4
0,-3976330766.431501,-471172500.82830715,0.1,2,20,Road,31.28625,31.4
2,-4344892196.942395,-495101398.79960203,0.0,0,20,Road,31.28625,31.4
9,-2568306535.1072545,-1374683647.4642453,0.15,3,20,Road,31.28625,31.4
12,-6618352680.775219,-1522859798.19666,0.15,3,20,Road,31.28625,31.4
15,-2495643904.020789,-371490345.5293245,0.1,2,20,Road,31.28625,31.4
17,-3605972501.556529,-3247963502.7544665,0.1,2,20,Road,31.28625,31.4
25,-4120241050.111847,-1212512470.6196346,0.1,2,20,Road,31.28625,31.4
62,-2799025932.540574,-212095723.94049713,0.1,2,20,Road,31.28625,31.4
63,-4713202133.652704,-1226317068.3974743,0.1,2,20,Road,31.28625,31.4
73,-6794257149.7639065,-554752395.9646416,0.05,1,20,Road,31.28625,31.4
90,-4042988934.590036,-1172193151.6356406,0.15,3,20,Road,31.28625,31.4
94,573122936.5092762,-172366467.57470006,0.1,2,20,Road,31.28625,31.4
103,-5959251247.374428,-621401618.799355,0.1,2,20,Road,31.28625,31.4
104,-3286534411.250198,-1037601017.8302377,0.15,3,20,Road,31.28625,31.4
109,-5860072214.586779,-1636253414.7243695,0.1,2,20,Road,31.28625,31.4
114,-2961633890.5374236,-500235315.5894543,0.1,2,20,Road,31.28625,31.4
126,-3886918611.743041,-913110855.5301096,0.05,1,20,Road,31.28625,31.4
140,-2738218349.717359,-604943096.9125192,0.15,3,20,Road,31.28625,31.4
143,-4225363987.4869585,-469510883.4518284,0.05,1,20,Road,31.28625,31.4
144,-3584010256.1057525,-1431605872.9694653,0.15,3,20,Road,31.28625,31.4
150,-3827938402.491684,-595533867.5731196,0.1,2,20,Road,31.28625,31.4
152,-3881283507.0918694,-2267479130.3561163,0.1,2,20,Road,31.28625,31.4
189,-6943357272.8450575,-782054086.5788355,0.1,2,20,Road,31.28625,31.4
195,-3452688507.472585,-426920994.94376814,0.05,1,20,Road,31.28625,31.4
197,-5379255699.816764,-494047605.0037774,0.1,2,20,Road,31.28625,31.4
201,-7927360420.590284,-1193208011.2639482,0.05,1,20,Road,31.28625,31.4
202,-3169780752.17845,-476448879.5704595,0.1,2,20,Road,31.28625,31.4
206,-3849692265.9568915,-1241515325.1629653,0.1,2,20,Road,31.28625,31.4
209,-4328311961.581139,-838526985.5035509,0.1,2,20,Road,31.28625,31.4
233,-4596712020.806009,-1019174492.6585014,0.15,3,20,Road,31.28625,31.4
243,-4859443305.779987,-1382581707.1494384,0.05,1,20,Road,31.28625,31.4
245,-3755324232.580455,-1374775085.8942475,0.15,3,20,Road,31.28625,31.4
249,-3323529373.4673104,-1128248020.6655843,0.05,1,20,Road,31.28625,31.4
250,-4450777011.967799,-1565692279.7585943,0.15,3,20,Road,31.28625,31.4
254,-1212367635.0479984,-396718416.8861722,0.15,3,20,Road,31.28625,31.4
261,-3603142629.3184037,-328801861.01516145,0.05,1,20,Road,31.28625,31.4
267,-5697158665.395289,-583125161.453449,0.0,0,20,Road,31.28625,31.4
270,-7195732336.226641,-492748363.4715719,0.0,0,20,Road,31.28625,31.4
273,-3679324182.79786,-546129905.0180969,0.1,2,20,Road,31.28625,31.4
277,-3914459547.962977,-999647876.6589733,0.1,2,20,Road,31.28625,31.4
284,-7096501212.864815,-1130709046.524767,0.05,1,20,Road,31.28625,31.4
285,-5546610171.169588,-993677009.3059093,0.05,1,20,Road,31.28625,31.4
331,-4118441810.702681,-993622654.4138992,0.15,3,20,Road,31.28625,31.4
334,-2222815215.661006,-491241390.35313094,0.15,3,20,Road,31.28625,31.4
348,-4100138988.503274,-1191461090.55083,0.05,1,20,Road,31.28625,31.4
351,-5467298032.358425,-1303785657.7582293,0.05,1,20,Road,31.28625,31.4
356,-6079315363.785799,-947652999.6178917,0.15,3,20,Road,31.28625,31.4
358,-7760570177.63293,-5344659000.41111,0.0,0,20,Road,31.28625,31.4
390,-6481952379.19009,-750159110.0182934,0.05,1,20,Road,31.28625,31.4
397,-5683809662.121553,-499233323.38080645,0.15,3,20,Road,31.28625,31.4
423,-1132093351.7793102,-678852347.8091788,0.1,2,20,Road,31.28625,31.4
459,-5938512583.010317,-3199228478.477946,0.15,3,20,Road,31.28625,31.4
464,-3075731160.046909,-302158191.3710263,0.15,3,20,Road,31.28625,31.4
493,-211392034.12561217,-194226387.86246842,0.15,3,20,Road,31.28625,31.4
521,-6211684393.030737,-1130652884.8736916,0.1,2,20,Road,31.28625,31.4
538,-4801090668.025944,-934597635.7948335,0.1,2,20,Road,31.28625,31.4
556,-6502468565.797787,-750626165.937191,0.1,2,20,Road,31.28625,31.4
557,-1985498536.7752373,-1553577822.1765332,0.1,2,20,Road,31.28625,31.4
558,-6729223591.3514805,-5297921592.397667,0.15,3,20,Road,31.28625,31.4
564,-4798291015.231903,-834865391.9872487,0.15,3,20,Road,31.28625,31.4
565,-6629371068.93229,-1428944881.966971,0.05,1,20,Road,31.28625,31.4
569,-3759894775.2906713,-1879818076.7421913,0.1,2,20,Road,31.28625,31.4
594,-7397772385.975095,-4472893682.001335,0.1,2,20,Road,31.28625,31.4
602,-4230743101.51446,-1728185565.23508,0.1,2,20,Road,31.28625,31.4
612,-6919768254.756144,-1499262803.8923855,0.1,2,20,Road,31.28625,31.4
614,-3846333204.8883905,-1013271921.7923414,0.05,1,20,Road,31.28625,31.4
625,-7042678716.225436,-714087983.9739006,0.1,2,20,Road,31.28625,31.4
627,317762005.2281953,-535688418.5375148,0.1,2,20,Road,31.28625,31.4
628,-7158514769.369593,-1124761799.7753062,0.05,1,20,Road,31.28625,31.4
648,-5238510652.256135,-2816012284.5889316,0.15,3,20,Road,31.28625,31.4
662,-9105618800.816975,-6100654356.297568,0.1,2,20,Road,31.28625,31.4
669,-2043202146.1123314,-362100534.07125247,0.15,3,20,Road,31.28625,31.4
670,-1312441952.0521343,-426464685.22092724,0.05,1,20,Road,31.28625,31.4
673,-3235877865.987956,-190081532.15839708,0.15,3,20,Road,31.28625,31.4
680,-8727094832.709175,-3263789516.8651524,0.1,2,20,Road,31.28625,31.4
682,-5040599545.429441,-3652743296.0046196,0.1,2,20,Road,31.28625,31.4
689,-4597648171.393389,-849808236.4766326,0.1,2,20,Road,31.28625,31.4
694,-4307823836.212219,-815079462.4930217,0.15,3,20,Road,31.28625,31.4
736,-12478774723.892797,-13463799066.940971,0.0,0,20,Road,31.28625,31.4
750,-10197442101.93419,-13676280029.74099,0.1,2,20,Road,31.28625,31.4
755,-5318461350.789288,-616980494.9322703,0.15,3,20,Road,31.28625,31.4
759,-7037818987.23158,-1100372881.2121198,0.1,2,20,Road,31.28625,31.4
760,-5829712808.846762,-492381322.0876374,0.0,0,20,Road,31.28625,31.4
761,-406597977.85287243,-406418155.4131614,0.15,3,20,Road,31.28625,31.4
764,-4179569986.5884542,-1969819262.3456495,0.1,2,20,Road,31.28625,31.4
770,-3083824709.56752,-350086933.6805229,0.15,3,20,Road,31.28625,31.4
775,-6437958282.515489,-946219676.3366495,0.05,1,20,Road,31.28625,31.4
776,-715340820.4458246,-794079948.7552173,0.15,3,20,Road,31.28625,31.4
780,-1475834398.5241275,-1034879473.5983255,0.15,3,20,Road,31.28625,31.4
791,-3382284269.9852986,-755552867.2002814,0.0,0,20,Road,31.28625,31.4
809,-3162686172.077075,-811519712.7796428,0.1,2,20,Road,31.28625,31.4
810,-5380542045.651244,-1093596823.5860443,0.15,3,20,Road,31.28625,31.4
822,-1578894251.9274867,-461545795.57390374,0.15,3,20,Road,31.28625,31.4
837,-4426932589.343962,-1306318559.6280591,0.05,1,20,Road,31.28625,31.4
858,-6897780912.090652,-2763946637.2763376,0.15,3,20,Road,31.28625,31.4
863,-3503495942.228708,-1426983569.2240307,0.15,3,20,Road,31.28625,31.4
866,-4914745152.914211,-773719424.7677774,0.1,2,20,Road,31.28625,31.4
873,-7196645266.444544,-1596888733.3281608,0.05,1,20,Road,31.28625,31.4
878,-8391406625.30896,-3233840642.780566,0.15,3,20,Road,31.28625,31.4
940,-4506981960.344938,-754405806.3510472,0.1,2,20,Road,31.28625,31.4
952,-3320484269.0059805,-2003481017.7322097,0.15,3,20,Road,31.28625,31.4
958,-1503128685.6811647,-869871755.864767,0.15,3,20,Road,31.28625,31.4
970,-3270670735.7139106,-346316140.36170614,0.15,3,20,Road,31.28625,31.4
971,-3066741355.1487145,-866354868.6035993,0.15,3,20,Road,31.28625,31.4
987,-13479908904.015072,-13618930394.473629,0.0,0,20,Road,31.28625,31.4
0,-3988955969.245836,-471053710.58779,0.1,2,20,Road,31.4,31.4
2,-4358874253.723137,-495086453.59740436,0.0,0,20,Road,31.4,31.4
9,-2571405616.223898,-1373442975.3835769,0.15,3,20,Road,31.4,31.4
12,-6637235110.114884,-1523216123.7241619,0.15,3,20,Road,31.4,31.4
15,-2503266495.054545,-371389976.2441416,0.1,2,20,Road,31.4,31.4
17,-3608215826.991665,-3248905185.3396683,0.1,2,20,Road,31.4,31.4
25,-4131389673.976629,-1213089225.822712,0.1,2,20,Road,31.4,31.4
62,-2808412579.111144,-212076854.94981393,0.1,2,20,Road,31.4,31.4
63,-4726100446.01462,-1226537825.086441,0.1,2,20,Road,31.4,31.4
73,-6817182337.481859,-554992101.5380528,0.05,1,20,Road,31.4,31.4
90,-4053448050.173396,-1172214678.1723409,0.15,3,20,Road,31.4,31.4
94,575838999.1436784,-172360842.26386818,0.1,2,20,Road,31.4,31.4
103,-5978934348.878581,-621677460.077357,0.1,2,20,Road,31.4,31.4
104,-3294727725.760747,-1037617699.6826217,0.15,3,20,Road,31.4,31.4
109,-5875832322.318399,-1636656636.0127666,0.1,2,20,Road,31.4,31.4
114,-2970810058.678734,-500462373.8853747,0.1,2,20,Road,31.4,31.4
126,-3898023430.137831,-913403555.7493687,0.05,1,20,Road,31.4,31.4
140,-2745981484.7631097,-604950107.1428457,0.15,3,20,Road,31.4,31.4
143,-4239024756.1886153,-469516187.1941506,0.05,1,20,Road,31.4,31.4
144,-3592423830.256999,-1432193772.9481363,0.15,3,20,Road,31.4,31.4
150,-3839754610.101447,-595597755.3667662,0.1,2,20,Road,31.4,31.4
152,-3885835209.1935425,-2266163390.758842,0.1,2,20,Road,31.4,31.4
189,-6967131158.550226,-783426814.0295703,0.1,2,20,Road,31.4,31.4
195,-3463785907.7241907,-427017362.64752376,0.05,1,20,Road,31.4,31.4
197,-5397039670.427446,-494070021.5520518,0.1,2,20,Road,31.4,31.4
201,-7952568379.29336,-1193932056.536655,0.05,1,20,Road,31.4,31.4
202,-3179664590.531139,-476540349.0547428,0.1,2,20,Road,31.4,31.4
206,-3859185493.3521996,-1241525788.500091,0.1,2,20,Road,31.4,31.4
209,-4341084631.367272,-838611556.1717386,0.1,2,20,Road,31.4,31.4
233,-4609743906.411444,-1019199229.953519,0.15,3,20,Road,31.4,31.4
243,-4872066087.648973,-1382563376.4899416,0.05,1,20,Road,31.4,31.4
245,-3764723593.538591,-1375519287.9427812,0.15,3,20,Road,31.4,31.4
249,-3331723812.4101067,-1128460894.100172,0.05,1,20,Road,31.4,31.4
250,-4461230890.814238,-1565656618.0468383,0.15,3,20,Road,31.4,31.4
254,-1214062302.82762,-395447561.5185355,0.15,3,20,Road,31.4,31.4
261,-3615088852.1265893,-328843292.9840971,0.05,1,20,Road,31.4,31.4
267,-5715608134.417342,-582981116.9967891,0.0,0,20,Road,31.4,31.4
270,-7220132851.39258,-492778286.8631419,0.0,0,20,Road,31.4,31.4
273,-3690706301.6933074,-546120411.0133905,0.1,2,20,Road,31.4,31.4
277,-3924974226.2487574,-999564933.7018487,0.1,2,20,Road,31.4,31.4
284,-7118188728.148064,-1130706239.0968835,0.05,1,20,Road,31.4,31.4
285,-5563995697.212707,-994509060.670471,0.05,1,20,Road,31.4,31.4
331,-4130098202.6027594,-993917883.5339111,0.15,3,20,Road,31.4,31.4
334,-2228945092.7292967,-491075641.6232268,0.15,3,20,Road,31.4,31.4
348,-4110769123.0846252,-1191515904.9550407,0.05,1,20,Road,31.4,31.4
351,-5482296428.647318,-1303646428.6490388,0.05,1,20,Road,31.4,31.4
356,-6098181048.032602,-947861075.6846142,0.15,3,20,Road,31.4,31.4
358,-7786782177.744746,-5362087272.96181,0.0,0,20,Road,31.4,31.4
390,-6503716140.224247,-751083317.4348612,0.05,1,20,Road,31.4,31.4
397,-5702666986.67997,-499240656.05679023,0.15,3,20,Road,31.4,31.4
423,-1133607429.6210873,-678718539.9439248,0.1,2,20,Road,31.4,31.4
459,-5948880121.294582,-3199636575.573493,0.15,3,20,Road,31.4,31.4
464,-3085814365.0732756,-302157288.35674,0.15,3,20,Road,31.4,31.4
493,-211453234.15398836,-194225177.334692,0.15,3,20,Road,31.4,31.4
521,-6230560328.179252,-1131055294.62198,0.1,2,20,Road,31.4,31.4
538,-4815615881.106579,-935065121.2022481,0.1,2,20,Road,31.4,31.4
556,-6523133976.548197,-750379128.7916678,0.1,2,20,Road,31.4,31.4
557,-1985613934.2521586,-1552122849.8812513,0.1,2,20,Road,31.4,31.4
558,-6735508670.321069,-5299002768.618252,0.15,3,20,Road,31.4,31.4
564,-4812682439.267719,-834846662.5325038,0.15,3,20,Road,31.4,31.4
565,-6648523916.639429,-1429190111.1909974,0.05,1,20,Road,31.4,31.4
569,-3766777900.1761155,-1879865651.6828547,0.1,2,20,Road,31.4,31.4
594,-7408645491.350027,-4473132564.592234,0.1,2,20,Road,31.4,31.4
602,-4239943052.1736054,-1728286761.0178254,0.1,2,20,Road,31.4,31.4
612,-6940710409.856882,-1500497180.1754098,0.1,2,20,Road,31.4,31.4
614,-3856670866.505004,-1013309188.7962368,0.05,1,20,Road,31.4,31.4
625,-7065508662.3673,-713908550.7304552,0.1,2,20,Road,31.4,31.4
627,320892656.10588723,-535660727.7686038,0.1,2,20,Road,31.4,31.4
628,-7180742347.060934,-1125051964.0568805,0.05,1,20,Road,31.4,31.4
648,-5247414941.574646,-2816108896.754631,0.15,3,20,Road,31.4,31.4
662,-9135062789.720509,-6119172948.083708,0.1,2,20,Road,31.4,31.4
669,-2049442075.0508175,-362228343.20088756,0.15,3,20,Road,31.4,31.4
670,-1315727199.778051,-426528712.31151533,0.05,1,20,Road,31.4,31.4
673,-3246882351.3513913,-190012164.53615654,0.15,3,20,Road,31.4,31.4
680,-8747320850.777548,-3264152145.116042,0.1,2,20,Road,31.4,31.4
682,-5046617512.990504,-3653715320.1121826,0.1,2,20,Road,31.4,31.4
689,-4611402317.254521,-849936051.518419,0.1,2,20,Road,31.4,31.4
694,-4320567786.433207,-815124553.8699305,0.15,3,20,Road,31.4,31.4
736,-12521195400.6119,-13509801077.921028,0.0,0,20,Road,31.4,31.4
750,-10231066675.489655,-13722552901.327955,0.1,2,20,Road,31.4,31.4
755,-5335535007.724611,-616960590.0839446,0.15,3,20,Road,31.4,31.4
759,-7060629285.260897,-1101595916.6401439,0.1,2,20,Road,31.4,31.4
760,-5849324502.667602,-492587639.5332705,0.0,0,20,Road,31.4,31.4
761,-406547124.9890441,-406366648.7540549,0.15,3,20,Road,31.4,31.4
764,-4187983933.9041414,-1970199036.6657674,0.1,2,20,Road,31.4,31.4
770,-3093762444.2211785,-350085392.39004767,0.15,3,20,Road,31.4,31.4
775,-6458349570.767392,-946644197.5118707,0.05,1,20,Road,31.4,31.4
776,-714310934.669916,-793336341.3234758,0.15,3,20,Road,31.4,31.4
780,-1477968099.4945817,-1035409958.3728371,0.15,3,20,Road,31.4,31.4
791,-3391939060.5199537,-755657433.6886928,0.0,0,20,Road,31.4,31.4
809,-3171339417.1705017,-811624628.0238519,0.1,2,20,Road,31.4,31.4
810,-5396365581.022867,-1093833958.5737944,0.15,3,20,Road,31.4,31.4
822,-1583007225.8429675,-461596333.53396595,0.15,3,20,Road,31.4,31.4
837,-4438293180.521377,-1306333276.9509797,0.05,1,20,Road,31.4,31.4
858,-6912956051.565437,-2764092054.4686456,0.15,3,20,Road,31.4,31.4
863,-3511144950.549257,-1427082830.2137465,0.15,3,20,Road,31.4,31.4
866,-4929821108.692427,-773739511.7033979,0.1,2,20,Road,31.4,31.4
873,-7217230340.545206,-1597114310.6645265,0.05,1,20,Road,31.4,31.4
878,-8410131856.640039,-3233814086.0094395,0.15,3,20,Road,31.4,31.4
940,-4520640651.633478,-754420946.9578395,0.1,2,20,Road,31.4,31.4
952,-3326026679.4355135,-2004235090.798448,0.15,3,20,Road,31.4,31.4
958,-1505860081.3412182,-870300767.0662606,0.15,3,20,Road,31.4,31.4
970,-3281355726.3354263,-346368813.7441372,0.15,3,20,Road,31.4,31.4
971,-3075016175.25855,-866629562.0493407,0.15,3,20,Road,31.4,31.4
987,-13527513395.941757,-13667040338.301378,0.0,0,20,Road,31.4,31.4
