mode_rail,vtt_chf_per_hour_rail,base_vtt_chf_per_hour_rail,mean_net_benefit_rows_rail,median_net_benefit_rows_rail,share_positive_rows_rail,mean_net_benefit_developments_rail,median_net_benefit_developments_rail,share_positive_developments_rail,positive_developments_rail,total_developments_rail,total_rows_rail,mode_road,vtt_chf_per_hour_road,base_vtt_chf_per_hour_road,mean_net_benefit_rows_road,median_net_benefit_rows_road,share_positive_rows_road,mean_net_benefit_developments_road,median_net_benefit_developments_road,share_positive_developments_road,positive_developments_road,total_developments_road,total_rows_road,combined_mean_net_benefit_developments,delta_mean_net_benefit_developments,delta_share_positive_developments
Rail,15.19,15.2,-5796765.46507847,-5865023.438740965,0.2064102564102564,-5796765.465078469,-5818793.704886841,0.20512820512820512,8,39,780,Road,26.85,31.4,-4145941645.5586987,-1128380906.1848278,0.10047619047619048,-4145941645.558698,-3830177839.9219346,0.01904761904761905,2,105,2100,-4151738411.0237765,4140144880.09362,0.18608058608058609
Rail,15.19,15.2,-5796765.46507847,-5865023.438740965,0.2064102564102564,-5796765.465078469,-5818793.704886841,0.20512820512820512,8,39,780,Road,26.96375,31.4,-4158907725.421807,-1128629514.274984,0.10047619047619048,-4158907725.421807,-3842950509.708068,0.01904761904761905,2,105,2100,-4164704490.886885,4153110959.9567285,0.18608058608058609
Rail,15.19,15.2,-5796765.46507847,-5865023.438740965,0.2064102564102564,-5796765.465078469,-5818793.704886841,0.20512820512820512,8,39,780,Road,27.0775,31.4,-4171873805.2849145,-1128878122.3651395,0.10047619047619048,-4171873805.284915,-3855723179.4942007,0.01904761904761905,2,105,2100,-4177670570.7499933,4166077039.8198366,0.18608058608058609
Rail,15.19,15.2,-5796765.46507847,-5865023.438740965,0.2064102564102564,-5796765.465078469,-5818793.704886841,0.20512820512820512,8,39,780,Road,27.19125,31.4,-4184839885.1480227,-1129126730.455295,0.10047619047619048,-4184839885.148023,-3868495849.2803345,0.01904761904761905,2,105,2100,-4190636650.6131015,4179043119.682945,0.18608058608058609
Rail,15.19,15.2,-5796765.46507847,-5865023.438740965,0.2064102564102564,-5796765.465078469,-5818793.704886841,0.20512820512820512,8,39,780,Road,27.305,31.4,-4197805965.011131,-1129375338.5454507,0.10047619047619048,-4197805965.0111313,-3881268519.0664682,0.01904761904761905,2,105,2100,-4203602730.4762096,4192009199.546053,0.18608058608058609
Rail,15.19,15.2,-5796765.46507847,-5865023.438740965,0.2064102564102564,-5796765.465078469,-5818793.704886841,0.20512820512820512,8,39,780,Road,27.418750000000003,31.4,-4210772044.8742394,-1129623946.6356063,0.10047619047619048,-4210772044.8742385,-3893495777.8551016,0.01904761904761905,2,105,2100,-4216568810.339317,4204975279.40916,0.18608058608058609
Rail,15.19,15.2,-5796765.46507847,-5865023.438740965,0.2064102564102564,-5796765.465078469,-5818793.704886841,0.20512820512820512,8,39,780,Road,27.532500000000002,31.4,-4223738124.7373476,-1129872554.725762,0.10047619047619048,-4223738124.7373466,-3901909725.170789,0.01904761904761905,2,105,2100,-4229534890.202425,4217941359.2722683,0.18608058608058609
Rail,15.19,15.2,-5796765.46507847,-5865023.438740965,0.2064102564102564,-5796765.465078469,-5818793.704886841,0.20512820512820512,8,39,780,Road,27.646250000000002,31.4,-4236704204.600455,-1130121162.8159175,0.10047619047619048,-4236704204.6004553,-3910323672.4864755,0.01904761904761905,2,105,2100,-4242500970.0655336,4230907439.135377,0.18608058608058609
Rail,15.19,15.2,-5796765.46507847,-5865023.438740965,0.2064102564102564,-5796765.465078469,-5818793.704886841,0.20512820512820512,8,39,780,Road,27.76,31.4,-4249670284.463563,-1130369770.9060733,0.10047619047619048,-4249670284.463563,-3918737619.802162,0.01904761904761905,2,105,2100,-4255467049.9286413,4243873518.9984846,0.18608058608058609
Rail,15.19,15.2,-5796765.46507847,-5865023.438740965,0.2064102564102564,-5796765.465078469,-5818793.704886841,0.20512820512820512,8,39,780,Road,27.87375,31.4,-4262636364.32667,-1130618378.996229,0.10047619047619048,-4262636364.326671,-3927151567.117849,0.01904761904761905,2,105,2100,-4268433129.7917495,4256839598.861593,0.18608058608058609
Rail,15.19,15.2,-5796765.46507847,-5865023.438740965,0.2064102564102564,-5796765.465078469,-5818793.704886841,0.20512820512820512,8,39,780,Road,27.9875,31.4,-4275602444.189779,-1130053142.5673504,0.10047619047619048,-4275602444.1897793,-3939412550.3008804,0.01904761904761905,2,105,2100,-4281399209.6548576,4269805678.724701,0.18608058608058609
Rail,15.19,15.2,-5796765.46507847,-5865023.438740965,0.2064102564102564,-5796765.465078469,-5818793.704886841,0.20512820512820512,8,39,780,Road,28.10125,31.4,-4288568524.052887,-1128985213.0862138,0.10047619047619048,-4288568524.0528865,-3953394607.081622,0.01904761904761905,2,105,2100,-4294365289.517965,4282771758.587808,0.18608058608058609
Rail,15.19,15.2,-5796765.46507847,-5865023.438740965,0.2064102564102564,-5796765.465078469,-5818793.704886841,0.20512820512820512,8,39,780,Road,28.215,31.4,-4301534603.915996,-1128174086.3538113,0.10047619047619048,-4301534603.915995,-3967376663.8623643,0.01904761904761905,2,105,2100,-4307331369.381073,4295737838.450916,0.18608058608058609
Rail,15.19,15.2,-5796765.46507847,-5865023.438740965,0.2064102564102564,-5796765.465078469,-5818793.704886841,0.20512820512820512,8,39,780,Road,28.32875,31.4,-4314500683.779103,-1128436425.5764236,0.10047619047619048,-4314500683.779103,-3981358720.643106,0.01904761904761905,2,105,2100,-4320297449.244182,4308703918.314025,0.18608058608058609
Rail,15.19,15.2,-5796765.46507847,-5865023.438740965,0.2064102564102564,-5796765.465078469,-5818793.704886841,0.20512820512820512,8,39,780,Road,28.4425,31.4,-4327466763.642212,-1128721958.5330625,0.10047619047619048,-4327466763.642211,-3995340777.423848,0.01904761904761905,2,105,2100,-4333263529.107289,4321669998.177133,0.18608058608058609
Rail,15.19,15.2,-5796765.46507847,-5865023.438740965,0.2064102564102564,-5796765.465078469,-5818793.704886841,0.20512820512820512,8,39,780,Road,28.55625,31.4,-4340432843.505318,-1129007491.4897013,0.10047619047619048,-4340432843.505319,-4009322834.20459,0.01904761904761905,2,105,2100,-4346229608.970397,4334636078.04024,0.18608058608058609
Rail,15.19,15.2,-5796765.46507847,-5865023.438740965,0.2064102564102564,-5796765.465078469,-5818793.704886841,0.20512820512820512,8,39,780,Road,28.67,31.4,-4353398923.368427,-1129293024.4463398,0.10047619047619048,-4353398923.368427,-4019144236.3541107,0.01904761904761905,2,105,2100,-4359195688.833506,4347602157.903349,0.18608058608058609
Rail,15.19,15.2,-5796765.46507847,-5865023.438740965,0.2064102564102564,-5796765.465078469,-5818793.704886841,0.20512820512820512,8,39,780,Road,28.78375,31.4,-4366365003.231536,-1129578557.4029787,0.10047619047619048,-4366365003.231535,-4028344187.013256,0.01904761904761905,2,105,2100,-4372161768.696613,4360568237.766457,0.18608058608058609
Rail,15.19,15.2,-5796765.46507847,-5865023.438740965,0.2064102564102564,-5796765.465078469,-5818793.704886841,0.20512820512820512,8,39,780,Road,28.8975,31.4,-4379331083.094643,-1129864090.3596172,0.10047619047619048,-4379331083.094644,-4040200881.5714808,0.01904761904761905,2,105,2100,-4385127848.559722,4373534317.629565,0.18608058608058609
Rail,15.19,15.2,-5796765.46507847,-5865023.438740965,0.2064102564102564,-5796765.465078469,-5818793.704886841,0.20512820512820512,8,39,780,Road,29.01125,31.4,-4392297162.957751,-1130149623.316256,0.10047619047619048,-4392297162.957751,-4052944831.792468,0.01904761904761905,2,105,2100,-4398093928.42283,4386500397.492673,0.18608058608058609
Rail,15.19,15.2,-5796765.46507847,-5865023.438740965,0.2064102564102564,-5796765.465078469,-5818793.704886841,0.20512820512820512,8,39,780,Road,29.125,31.4,-4405263242.820859,-1130435156.2728949,0.10047619047619048,-4405263242.82086,-4065688782.0134554,0.01904761904761905,2,105,2100,-4411060008.285938,4399466477.355782,0.18608058608058609
Rail,15.19,15.2,-5796765.46507847,-5865023.438740965,0.2064102564102564,-5796765.465078469,-5818793.704886841,0.20512820512820512,8,39,780,Road,29.23875,31.4,-4418229322.683968,-1130720689.2295337,0.10047619047619048,-4418229322.683967,-4078432732.2344427,0.01904761904761905,2,105,2100,-4424026088.149045,4412432557.218888,0.18608058608058609
Rail,15.19,15.2,-5796765.46507847,-5865023.438740965,0.2064102564102564,-5796765.465078469,-5818793.704886841,0.20512820512820512,8,39,780,Road,29.3525,31.4,-4431195402.547075,-1131006222.1861722,0.10047619047619048,-4431195402.547075,-4091176682.4554305,0.01904761904761905,2,105,2100,-4436992168.012154,4425398637.081997,0.18608058608058609
Rail,15.19,15.2,-5796765.46507847,-5865023.438740965,0.2064102564102564,-5796765.465078469,-5818793.704886841,0.20512820512820512,8,39,780,Road,29.46625,31.4,-4444161482.410184,-1131318836.6494703,0.10047619047619048,-4444161482.410183,-4103920632.6764183,0.01904761904761905,2,105,2100,-4449958247.875261,4438364716.945105,0.18608058608058609
Rail,15.19,15.2,-5796765.46507847,-5865023.438740965,0.2064102564102564,-5796765.465078469,-5818793.704886841,0.20512820512820512,8,39,780,Road,29.58,31.4,-4457127562.273292,-1131652692.5152984,0.10047619047619048,-4457127562.273292,-4116664582.897405,0.01904761904761905,2,105,2100,-4462924327.73837,4451330796.808213,0.18608058608058609
Rail,15.19,15.2,-5796765.46507847,-5865023.438740965,0.2064102564102564,-5796765.465078469,-5818793.704886841,0.20512820512820512,8,39,780,Road,29.69375,31.4,-4470093642.136399,-1131986548.3811264,0.10047619047619048,-4470093642.1364,-4129408533.118394,0.01904761904761905,2,105,2100,-4475890407.601479,4464296876.671322,0.18608058608058609
Rail,15.19,15.2,-5796765.46507847,-5865023.438740965,0.2064102564102564,-5796765.465078469,-5818793.704886841,0.20512820512820512,8,39,780,Road,29.8075,31.4,-4483059721.999507,-1132399643.9010806,0.10047619047619048,-4483059721.999507,-4142152483.339381,0.01904761904761905,2,105,2100,-4488856487.464585,4477262956.534429,0.18608058608058609
Rail,15.19,15.2,-5796765.46507847,-5865023.438740965,0.2064102564102564,-5796765.465078469,-5818793.704886841,0.20512820512820512,8,39,780,Road,29.92125,31.4,-4496025801.862616,-1133220640.7194252,0.10047619047619048,-4496025801.862616,-4154896433.5603685,0.01904761904761905,2,105,2100,-4501822567.327694,4490229036.397537,0.18608058608058609
Rail,15.19,15.2,-5796765.46507847,-5865023.438740965,0.2064102564102564,-5796765.465078469,-5818793.704886841,0.20512820512820512,8,39,780,Road,30.035,31.4,-4508991881.725723,-1134041637.53777,0.10047619047619048,-4508991881.725723,-4167640383.781356,0.01904761904761905,2,105,2100,-4514788647.190802,4503195116.260645,0.18608058608058609
Rail,15.19,15.2,-5796765.46507847,-5865023.438740965,0.2064102564102564,-5796765.465078469,-5818793.704886841,0.20512820512820512,8,39,780,Road,30.14875,31.4,-4521957961.588831,-1134862634.3561149,0.10047619047619048,-4521957961.588832,-4180384334.0023437,0.01904761904761905,2,105,2100,-4527754727.05391,4516161196.123754,0.18608058608058609
Rail,15.19,15.2,-5796765.46507847,-5865023.438740965,0.2064102564102564,-5796765.465078469,-5818793.704886841,0.20512820512820512,8,39,780,Road,30.2625,31.4,-4534924041.45194,-1136086734.2343452,0.10047619047619048,-4534924041.45194,-4193128284.2233315,0.01904761904761905,2,105,2100,-4540720806.917018,4529127275.986861,0.18608058608058609
Rail,15.19,15.2,-5796765.46507847,-5865023.438740965,0.2064102564102564,-5796765.465078469,-5818793.704886841,0.20512820512820512,8,39,780,Road,30.37625,31.4,-4547890121.315047,-1137684027.005255,0.10047619047619048,-4547890121.315047,-4205872234.4443183,0.01904761904761905,2,105,2100,-4553686886.780126,4542093355.849969,0.18608058608058609
Rail,15.19,15.2,-5796765.46507847,-5865023.438740965,0.2064102564102564,-5796765.465078469,-5818793.704886841,0.20512820512820512,8,39,780,Road,30.49,31.4,-4560856201.178155,-1138628306.1565766,0.10047619047619048,-4560856201.178156,-4218616184.665306,0.01904761904761905,2,105,2100,-4566652966.643234,4555059435.713078,0.18608058608058609
Rail,15.19,15.2,-5796765.46507847,-5865023.438740965,0.2064102564102564,-5796765.465078469,-5818793.704886841,0.20512820512820512,8,39,780,Road,30.603749999999998,31.4,-4573822281.041263,-1139454162.9291048,0.10047619047619048,-4573822281.041264,-4231360134.886294,0.01904761904761905,2,105,2100,-4579619046.506342,4568025515.576185,0.18608058608058609
Rail,15.19,15.2,-5796765.46507847,-5865023.438740965,0.2064102564102564,-5796765.465078469,-5818793.704886841,0.20512820512820512,8,39,780,Road,30.7175,31.4,-4586788360.904371,-1139439918.655672,0.10047619047619048,-4586788360.904372,-4244104085.1072817,0.01904761904761905,2,105,2100,-4592585126.369451,4580991595.439294,0.18608058608058609
Rail,15.19,15.2,-5796765.46507847,-5865023.438740965,0.2064102564102564,-5796765.465078469,-5818793.704886841,0.20512820512820512,8,39,780,Road,30.831249999999997,31.4,-4599754440.76748,-1138061295.3365622,0.10047619047619048,-4599754440.767479,-4256848035.3282685,0.01904761904761905,2,105,2100,-4605551206.232557,4593957675.302401,0.18608058608058609
Rail,15.19,15.2,-5796765.46507847,-5865023.438740965,0.2064102564102564,-5796765.465078469,-5818793.704886841,0.20512820512820512,8,39,780,Road,30.945,31.4,-4612720520.630588,-1137330797.4304318,0.10047619047619048,-4612720520.630588,-4269591985.5492563,0.01904761904761905,2,105,2100,-4618517286.095666,4606923755.165509,0.18608058608058609
Rail,15.19,15.2,-5796765.46507847,-5865023.438740965,0.2064102564102564,-5796765.465078469,-5818793.704886841,0.20512820512820512,8,39,780,Road,31.05875,31.4,-4625686600.493696,-1137579405.5205877,0.10047619047619048,-4625686600.493695,-4282335935.7702436,0.01904761904761905,2,105,2100,-4631483365.958774,4619889835.028617,0.18608058608058609
Rail,15.19,15.2,-5796765.46507847,-5865023.438740965,0.2064102564102564,-5796765.465078469,-5818793.704886841,0.20512820512820512,8,39,780,Road,31.1725,31.4,-4638652680.356804,-1137828013.6107433,0.10047619047619048,-4638652680.356805,-4295079885.991232,0.01904761904761905,2,105,2100,-4644449445.821883,4632855914.8917265,0.18608058608058609
Rail,15.19,15.2,-5796765.46507847,-5865023.438740965,0.2064102564102564,-5796765.465078469,-5818793.704886841,0.20512820512820512,8,39,780,Road,31.28625,31.4,-4651618760.219912,-1138076621.7008991,0.10047619047619048,-4651618760.219912,-4307823836.212219,0.01904761904761905,2,105,2100,-4657415525.68499,4645821994.754833,0.18608058608058609
Rail,15.19,15.2,-5796765.46507847,-5865023.438740965,0.2064102564102564,-5796765.465078469,-5818793.704886841,0.20512820512820512,8,39,780,Road,31.4,31.4,-4664584840.083019,-1138335947.347439,0.10047619047619048,-4664584840.083019,-4320567786.433207,0.01904761904761905,2,105,2100,-4670381605.548098,4658788074.617941,0.18608058608058609
Rail,15.44125,15.2,-5728067.785010088,-5781954.713091323,0.20897435897435898,-5728067.785010089,-5742107.29754846,0.20512820512820512,8,39,780,Road,26.85,31.4,-4145941645.5586987,-1128380906.1848278,0.10047619047619048,-4145941645.558698,-3830177839.9219346,0.01904761904761905,2,105,2100,-4151669713.343708,4140213577.7736883,0.18608058608058609
Rail,15.44125,15.2,-5728067.785010088,-5781954.713091323,0.20897435897435898,-5728067.785010089,-5742107.29754846,0.20512820512820512,8,39,780,Road,26.96375,31.4,-4158907725.421807,-1128629514.274984,0.10047619047619048,-4158907725.421807,-3842950509.708068,0.01904761904761905,2,105,2100,-4164635793.2068167,4153179657.636797,0.18608058608058609
Rail,15.44125,15.2,-5728067.785010088,-5781954.713091323,0.20897435897435898,-5728067.785010089,-5742107.29754846,0.20512820512820512,8,39,780,Road,27.0775,31.4,-4171873805.2849145,-1128878122.3651395,0.10047619047619048,-4171873805.284915,-3855723179.4942007,0.01904761904761905,2,105,2100,-4177601873.069925,4166145737.499905,0.18608058608058609
Rail,15.44125,15.2,-5728067.785010088,-5781954.713091323,0.20897435897435898,-5728067.785010089,-5742107.29754846,0.20512820512820512,8,39,780,Road,27.19125,31.4,-4184839885.1480227,-1129126730.455295,0.10047619047619048,-4184839885.148023,-3868495849.2803345,0.01904761904761905,2,105,2100,-4190567952.933033,4179111817.3630133,0.18608058608058609
Rail,15.44125,15.2,-5728067.785010088,-5781954.713091323,0.20897435897435898,-5728067.785010089,-5742107.29754846,0.20512820512820512,8,39,780,Road,27.305,31.4,-4197805965.011131,-1129375338.5454507,0.10047619047619048,-4197805965.0111313,-3881268519.0664682,0.01904761904761905,2,105,2100,-4203534032.796141,4192077897.2261214,0.18608058608058609
Rail,15.44125,15.2,-5728067.785010088,-5781954.713091323,0.20897435897435898,-5728067.785010089,-5742107.29754846,0.20512820512820512,8,39,780,Road,27.418750000000003,31.4,-4210772044.8742394,-1129623946.6356063,0.10047619047619048,-4210772044.8742385,-3893495777.8551016,0.01904761904761905,2,105,2100,-4216500112.6592484,4205043977.0892286,0.18608058608058609
Rail,15.44125,15.2,-5728067.785010088,-5781954.713091323,0.20897435897435898,-5728067.785010089,-5742107.29754846,0.20512820512820512,8,39,780,Road,27.532500000000002,31.4,-4223738124.7373476,-1129872554.725762,0.10047619047619048,-4223738124.7373466,-3901909725.170789,0.01904761904761905,2,105,2100,-4229466192.5223565,4218010056.952337,0.18608058608058609
Rail,15.44125,15.2,-5728067.785010088,-5781954.713091323,0.20897435897435898,-5728067.785010089,-5742107.29754846,0.20512820512820512,8,39,780,Road,27.646250000000002,31.4,-4236704204.600455,-1130121162.8159175,0.10047619047619048,-4236704204.6004553,-3910323672.4864755,0.01904761904761905,2,105,2100,-4242432272.385465,4230976136.8154454,0.18608058608058609
Rail,15.44125,15.2,-5728067.785010088,-5781954.713091323,0.20897435897435898,-5728067.785010089,-5742107.29754846,0.20512820512820512,8,39,780,Road,27.76,31.4,-4249670284.463563,-1130369770.9060733,0.10047619047619048,-4249670284.463563,-3918737619.802162,0.01904761904761905,2,105,2100,-4255398352.248573,4243942216.678553,0.18608058608058609
Rail,15.44125,15.2,-5728067.785010088,-5781954.713091323,0.20897435897435898,-5728067.785010089,-5742107.29754846,0.20512820512820512,8,39,780,Road,27.87375,31.4,-4262636364.32667,-1130618378.996229,0.10047619047619048,-4262636364.326671,-3927151567.117849,0.01904761904761905,2,105,2100,-4268364432.111681,4256908296.5416613,0.18608058608058609
Rail,15.44125,15.2,-5728067.785010088,-5781954.713091323,0.20897435897435898,-5728067.785010089,-5742107.29754846,0.20512820512820512,8,39,780,Road,27.9875,31.4,-4275602444.189779,-1130053142.5673504,0.10047619047619048,-4275602444.1897793,-3939412550.3008804,0.01904761904761905,2,105,2100,-4281330511.974789,4269874376.4047694,0.18608058608058609
Rail,15.44125,15.2,-5728067.785010088,-5781954.713091323,0.20897435897435898,-5728067.785010089,-5742107.29754846,0.20512820512820512,8,39,780,Road,28.10125,31.4,-4288568524.052887,-1128985213.0862138,0.10047619047619048,-4288568524.0528865,-3953394607.081622,0.01904761904761905,2,105,2100,-4294296591.8378963,4282840456.2678766,0.18608058608058609
Rail,15.44125,15.2,-5728067.785010088,-5781954.713091323,0.20897435897435898,-5728067.785010089,-5742107.29754846,0.20512820512820512,8,39,780,Road,28.215,31.4,-4301534603.915996,-1128174086.3538113,0.10047619047619048,-4301534603.915995,-3967376663.8623643,0.01904761904761905,2,105,2100,-4307262671.701005,4295806536.130984,0.18608058608058609
Rail,15.44125,15.2,-5728067.785010088,-5781954.713091323,0.20897435897435898,-5728067.785010089,-5742107.29754846,0.20512820512820512,8,39,780,Road,28.32875,31.4,-4314500683.779103,-1128436425.5764236,0.10047619047619048,-4314500683.779103,-3981358720.643106,0.01904761904761905,2,105,2100,-4320228751.564114,4308772615.994093,0.18608058608058609
Rail,15.44125,15.2,-5728067.785010088,-5781954.713091323,0.20897435897435898,-5728067.785010089,-5742107.29754846,0.20512820512820512,8,39,780,Road,28.4425,31.4,-4327466763.642212,-1128721958.5330625,0.10047619047619048,-4327466763.642211,-3995340777.423848,0.01904761904761905,2,105,2100,-4333194831.427221,4321738695.857201,0.18608058608058609
Rail,15.44125,15.2,-5728067.785010088,-5781954.713091323,0.20897435897435898,-5728067.785010089,-5742107.29754846,0.20512820512820512,8,39,780,Road,28.55625,31.4,-4340432843.505318,-1129007491.4897013,0.10047619047619048,-4340432843.505319,-4009322834.20459,0.01904761904761905,2,105,2100,-4346160911.290329,4334704775.720308,0.18608058608058609
Rail,15.44125,15.2,-5728067.785010088,-5781954.713091323,0.20897435897435898,-5728067.785010089,-5742107.29754846,0.20512820512820512,8,39,780,Road,28.67,31.4,-4353398923.368427,-1129293024.4463398,0.10047619047619048,-4353398923.368427,-4019144236.3541107,0.01904761904761905,2,105,2100,-4359126991.153438,4347670855.583417,0.18608058608058609
Rail,15.44125,15.2,-5728067.785010088,-5781954.713091323,0.20897435897435898,-5728067.785010089,-5742107.29754846,0.20512820512820512,8,39,780,Road,28.78375,31.4,-4366365003.231536,-1129578557.4029787,0.10047619047619048,-4366365003.231535,-4028344187.013256,0.01904761904761905,2,105,2100,-4372093071.016545,4360636935.446525,0.18608058608058609
Rail,15.44125,15.2,-5728067.785010088,-5781954.713091323,0.20897435897435898,-5728067.785010089,-5742107.29754846,0.20512820512820512,8,39,780,Road,28.8975,31.4,-4379331083.094643,-1129864090.3596172,0.10047619047619048,-4379331083.094644,-4040200881.5714808,0.01904761904761905,2,105,2100,-4385059150.879654,4373603015.309633,0.18608058608058609
Rail,15.44125,15.2,-5728067.785010088,-5781954.713091323,0.20897435897435898,-5728067.785010089,-5742107.29754846,0.20512820512820512,8,39,780,Road,29.01125,31.4,-4392297162.957751,-1130149623.316256,0.10047619047619048,-4392297162.957751,-4052944831.792468,0.01904761904761905,2,105,2100,-4398025230.742762,4386569095.172741,0.18608058608058609
Rail,15.44125,15.2,-5728067.785010088,-5781954.713091323,0.20897435897435898,-5728067.785010089,-5742107.29754846,0.20512820512820512,8,39,780,Road,29.125,31.4,-4405263242.820859,-1130435156.2728949,0.10047619047619048,-4405263242.82086,-4065688782.0134554,0.01904761904761905,2,105,2100,-4410991310.60587,4399535175.03585,0.18608058608058609
Rail,15.44125,15.2,-5728067.785010088,-5781954.713091323,0.20897435897435898,-5728067.785010089,-5742107.29754846,0.20512820512820512,8,39,780,Road,29.23875,31.4,-4418229322.683968,-1130720689.2295337,0.10047619047619048,-4418229322.683967,-4078432732.2344427,0.01904761904761905,2,105,2100,-4423957390.468977,4412501254.898956,0.18608058608058609
Rail,15.44125,15.2,-5728067.785010088,-5781954.713091323,0.20897435897435898,-5728067.785010089,-5742107.29754846,0.20512820512820512,8,39,780,Road,29.3525,31.4,-4431195402.547075,-1131006222.1861722,0.10047619047619048,-4431195402.547075,-4091176682.4554305,0.01904761904761905,2,105,2100,-4436923470.332086,4425467334.762065,0.18608058608058609
Rail,15.44125,15.2,-5728067.785010088,-5781954.713091323,0.20897435897435898,-5728067.785010089,-5742107.29754846,0.20512820512820512,8,39,780,Road,29.46625,31.4,-4444161482.410184,-1131318836.6494703,0.10047619047619048,-4444161482.410183,-4103920632.6764183,0.01904761904761905,2,105,2100,-4449889550.195193,4438433414.625173,0.18608058608058609
Rail,15.44125,15.2,-5728067.785010088,-5781954.713091323,0.20897435897435898,-5728067.785010089,-5742107.29754846,0.20512820512820512,8,39,780,Road,29.58,31.4,-4457127562.273292,-1131652692.5152984,0.10047619047619048,-4457127562.273292,-4116664582.897405,0.01904761904761905,2,105,2100,-4462855630.058302,4451399494.488281,0.18608058608058609
Rail,15.44125,15.2,-5728067.785010088,-5781954.713091323,0.20897435897435898,-5728067.785010089,-5742107.29754846,0.20512820512820512,8,39,780,Road,29.69375,31.4,-4470093642.136399,-1131986548.3811264,0.10047619047619048,-4470093642.1364,-4129408533.118394,0.01904761904761905,2,105,2100,-4475821709.921411,4464365574.35139,0.18608058608058609
Rail,15.44125,15.2,-5728067.785010088,-5781954.713091323,0.20897435897435898,-5728067.785010089,-5742107.29754846,0.20512820512820512,8,39,780,Road,29.8075,31.4,-4483059721.999507,-1132399643.9010806,0.10047619047619048,-4483059721.999507,-4142152483.339381,0.01904761904761905,2,105,2100,-4488787789.784517,4477331654.214497,0.18608058608058609
Rail,15.44125,15.2,-5728067.785010088,-5781954.713091323,0.20897435897435898,-5728067.785010089,-5742107.29754846,0.20512820512820512,8,39,780,Road,29.92125,31.4,-4496025801.862616,-1133220640.7194252,0.10047619047619048,-4496025801.862616,-4154896433.5603685,0.01904761904761905,2,105,2100,-4501753869.647626,4490297734.077605,0.18608058608058609
Rail,15.44125,15.2,-5728067.785010088,-5781954.713091323,0.20897435897435898,-5728067.785010089,-5742107.29754846,0.20512820512820512,8,39,780,Road,30.035,31.4,-4508991881.725723,-1134041637.53777,0.10047619047619048,-4508991881.725723,-4167640383.781356,0.01904761904761905,2,105,2100,-4514719949.510734,4503263813.940713,0.18608058608058609
Rail,15.44125,15.2,-5728067.785010088,-5781954.713091323,0.20897435897435898,-5728067.785010089,-5742107.29754846,0.20512820512820512,8,39,780,Road,30.14875,31.4,-4521957961.588831,-1134862634.3561149,0.10047619047619048,-4521957961.588832,-4180384334.0023437,0.01904761904761905,2,105,2100,-4527686029.373842,4516229893.803822,0.18608058608058609
Rail,15.44125,15.2,-5728067.785010088,-5781954.713091323,0.20897435897435898,-5728067.785010089,-5742107.29754846,0.20512820512820512,8,39,780,Road,30.2625,31.4,-4534924041.45194,-1136086734.2343452,0.10047619047619048,-4534924041.45194,-4193128284.2233315,0.01904761904761905,2,105,2100,-4540652109.23695,4529195973.666929,0.18608058608058609
Rail,15.44125,15.2,-5728067.785010088,-5781954.713091323,0.20897435897435898,-5728067.785010089,-5742107.29754846,0.20512820512820512,8,39,780,Road,30.37625,31.4,-4547890121.315047,-1137684027.005255,0.10047619047619048,-4547890121.315047,-4205872234.4443183,0.01904761904761905,2,105,2100,-4553618189.100058,4542162053.530037,0.18608058608058609
Rail,15.44125,15.2,-5728067.785010088,-5781954.713091323,0.20897435897435898,-5728067.785010089,-5742107.29754846,0.20512820512820512,8,39,780,Road,30.49,31.4,-4560856201.178155,-1138628306.1565766,0.10047619047619048,-4560856201.178156,-4218616184.665306,0.01904761904761905,2,105,2100,-4566584268.963166,4555128133.393146,0.18608058608058609
Rail,15.44125,15.2,-5728067.785010088,-5781954.713091323,0.20897435897435898,-5728067.785010089,-5742107.29754846,0.20512820512820512,8,39,780,Road,30.603749999999998,31.4,-4573822281.041263,-1139454162.9291048,0.10047619047619048,-4573822281.041264,-4231360134.886294,0.01904761904761905,2,105,2100,-4579550348.826274,4568094213.256253,0.18608058608058609
Rail,15.44125,15.2,-5728067.785010088,-5781954.713091323,0.20897435897435898,-5728067.785010089,-5742107.29754846,0.20512820512820512,8,39,780,Road,30.7175,31.4,-4586788360.904371,-1139439918.655672,0.10047619047619048,-4586788360.904372,-4244104085.1072817,0.01904761904761905,2,105,2100,-4592516428.689383,4581060293.119362,0.18608058608058609
Rail,15.44125,15.2,-5728067.785010088,-5781954.713091323,0.20897435897435898,-5728067.785010089,-5742107.29754846,0.20512820512820512,8,39,780,Road,30.831249999999997,31.4,-4599754440.76748,-1138061295.3365622,0.10047619047619048,-4599754440.767479,-4256848035.3282685,0.01904761904761905,2,105,2100,-4605482508.552489,4594026372.982469,0.18608058608058609
Rail,15.44125,15.2,-5728067.785010088,-5781954.713091323,0.20897435897435898,-5728067.785010089,-5742107.29754846,0.20512820512820512,8,39,780,Road,30.945,31.4,-4612720520.630588,-1137330797.4304318,0.10047619047619048,-4612720520.630588,-4269591985.5492563,0.01904761904761905,2,105,2100,-4618448588.415598,4606992452.845577,0.18608058608058609
Rail,15.44125,15.2,-5728067.785010088,-5781954.713091323,0.20897435897435898,-5728067.785010089,-5742107.29754846,0.20512820512820512,8,39,780,Road,31.05875,31.4,-4625686600.493696,-1137579405.5205877,0.10047619047619048,-4625686600.493695,-4282335935.7702436,0.01904761904761905,2,105,2100,-4631414668.278706,4619958532.708685,0.18608058608058609
Rail,15.44125,15.2,-5728067.785010088,-5781954.713091323,0.20897435897435898,-5728067.785010089,-5742107.29754846,0.20512820512820512,8,39,780,Road,31.1725,31.4,-4638652680.356804,-1137828013.6107433,0.10047619047619048,-4638652680.356805,-4295079885.991232,0.01904761904761905,2,105,2100,-4644380748.141815,4632924612.5717945,0.18608058608058609
Rail,15.44125,15.2,-5728067.785010088,-5781954.713091323,0.20897435897435898,-5728067.785010089,-5742107.29754846,0.20512820512820512,8,39,780,Road,31.28625,31.4,-4651618760.219912,-1138076621.7008991,0.10047619047619048,-4651618760.219912,-4307823836.212219,0.01904761904761905,2,105,2100,-4657346828.004922,4645890692.434901,0.18608058608058609
Rail,15.44125,15.2,-5728067.785010088,-5781954.713091323,0.20897435897435898,-5728067.785010089,-5742107.29754846,0.20512820512820512,8,39,780,Road,31.4,31.4,-4664584840.083019,-1138335947.347439,0.10047619047619048,-4664584840.083019,-4320567786.433207,0.01904761904761905,2,105,2100,-4670312907.86803,4658856772.298009,0.18608058608058609
Rail,15.692499999999999,15.2,-5659370.104941705,-5705916.677041222,0.21153846153846154,-5659370.104941706,-5665420.890210079,0.20512820512820512,8,39,780,Road,26.85,31.4,-4145941645.5586987,-1128380906.1848278,0.10047619047619048,-4145941645.558698,-3830177839.9219346,0.01904761904761905,2,105,2100,-4151601015.66364,4140282275.4537563,0.18608058608058609
Rail,15.692499999999999,15.2,-5659370.104941705,-5705916.677041222,0.21153846153846154,-5659370.104941706,-5665420.890210079,0.20512820512820512,8,39,780,Road,26.96375,31.4,-4158907725.421807,-1128629514.274984,0.10047619047619048,-4158907725.421807,-3842950509.708068,0.01904761904761905,2,105,2100,-4164567095.5267487,4153248355.316865,0.18608058608058609
Rail,15.692499999999999,15.2,-5659370.104941705,-5705916.677041222,0.21153846153846154,-5659370.104941706,-5665420.890210079,0.20512820512820512,8,39,780,Road,27.0775,31.4,-4171873805.2849145,-1128878122.3651395,0.10047619047619048,-4171873805.284915,-3855723179.4942007,0.01904761904761905,2,105,2100,-4177533175.389857,4166214435.179973,0.18608058608058609
Rail,15.692499999999999,15.2,-5659370.104941705,-5705916.677041222,0.21153846153846154,-5659370.104941706,-5665420.890210079,0.20512820512820512,8,39,780,Road,27.19125,31.4,-4184839885.1480227,-1129126730.455295,0.10047619047619048,-4184839885.148023,-3868495849.2803345,0.01904761904761905,2,105,2100,-4190499255.252965,4179180515.0430813,0.18608058608058609
Rail,15.692499999999999,15.2,-5659370.104941705,-5705916.677041222,0.21153846153846154,-5659370.104941706,-5665420.890210079,0.20512820512820512,8,39,780,Road,27.305,31.4,-4197805965.011131,-1129375338.5454507,0.10047619047619048,-4197805965.0111313,-3881268519.0664682,0.01904761904761905,2,105,2100,-4203465335.116073,4192146594.9061894,0.18608058608058609
Rail,15.692499999999999,15.2,-5659370.104941705,-5705916.677041222,0.21153846153846154,-5659370.104941706,-5665420.890210079,0.20512820512820512,8,39,780,Road,27.418750000000003,31.4,-4210772044.8742394,-1129623946.6356063,0.10047619047619048,-4210772044.8742385,-3893495777.8551016,0.01904761904761905,2,105,2100,-4216431414.9791803,4205112674.7692966,0.18608058608058609
Rail,15.692499999999999,15.2,-5659370.104941705,-5705916.677041222,0.21153846153846154,-5659370.104941706,-5665420.890210079,0.20512820512820512,8,39,780,Road,27.532500000000002,31.4,-4223738124.7373476,-1129872554.725762,0.10047619047619048,-4223738124.7373466,-3901909725.170789,0.01904761904761905,2,105,2100,-4229397494.8422885,4218078754.632405,0.18608058608058609
Rail,15.692499999999999,15.2,-5659370.104941705,-5705916.677041222,0.21153846153846154,-5659370.104941706,-5665420.890210079,0.20512820512820512,8,39,780,Road,27.646250000000002,31.4,-4236704204.600455,-1130121162.8159175,0.10047619047619048,-4236704204.6004553,-3910323672.4864755,0.01904761904761905,2,105,2100,-4242363574.705397,4231044834.4955134,0.18608058608058609
Rail,15.692499999999999,15.2,-5659370.104941705,-5705916.677041222,0.21153846153846154,-5659370.104941706,-5665420.890210079,0.20512820512820512,8,39,780,Road,27.76,31.4,-4249670284.463563,-1130369770.9060733,0.10047619047619048,-4249670284.463563,-3918737619.802162,0.01904761904761905,2,105,2100,-4255329654.568505,4244010914.358621,0.18608058608058609
Rail,15.692499999999999,15.2,-5659370.104941705,-5705916.677041222,0.21153846153846154,-5659370.104941706,-5665420.890210079,0.20512820512820512,8,39,780,Road,27.87375,31.4,-4262636364.32667,-1130618378.996229,0.10047619047619048,-4262636364.326671,-3927151567.117849,0.01904761904761905,2,105,2100,-4268295734.431613,4256976994.2217293,0.18608058608058609
Rail,15.692499999999999,15.2,-5659370.104941705,-5705916.677041222,0.21153846153846154,-5659370.104941706,-5665420.890210079,0.20512820512820512,8,39,780,Road,27.9875,31.4,-4275602444.189779,-1130053142.5673504,0.10047619047619048,-4275602444.1897793,-3939412550.3008804,0.01904761904761905,2,105,2100,-4281261814.294721,4269943074.0848374,0.18608058608058609
Rail,15.692499999999999,15.2,-5659370.104941705,-5705916.677041222,0.21153846153846154,-5659370.104941706,-5665420.890210079,0.20512820512820512,8,39,780,Road,28.10125,31.4,-4288568524.052887,-1128985213.0862138,0.10047619047619048,-4288568524.0528865,-3953394607.081622,0.01904761904761905,2,105,2100,-4294227894.1578283,4282909153.9479446,0.18608058608058609
Rail,15.692499999999999,15.2,-5659370.104941705,-5705916.677041222,0.21153846153846154,-5659370.104941706,-5665420.890210079,0.20512820512820512,8,39,780,Road,28.215,31.4,-4301534603.915996,-1128174086.3538113,0.10047619047619048,-4301534603.915995,-3967376663.8623643,0.01904761904761905,2,105,2100,-4307193974.020936,4295875233.811053,0.18608058608058609
Rail,15.692499999999999,15.2,-5659370.104941705,-5705916.677041222,0.21153846153846154,-5659370.104941706,-5665420.890210079,0.20512820512820512,8,39,780,Road,28.32875,31.4,-4314500683.779103,-1128436425.5764236,0.10047619047619048,-4314500683.779103,-3981358720.643106,0.01904761904761905,2,105,2100,-4320160053.884045,4308841313.674162,0.18608058608058609
Rail,15.692499999999999,15.2,-5659370.104941705,-5705916.677041222,0.21153846153846154,-5659370.104941706,-5665420.890210079,0.20512820512820512,8,39,780,Road,28.4425,31.4,-4327466763.642212,-1128721958.5330625,0.10047619047619048,-4327466763.642211,-3995340777.423848,0.01904761904761905,2,105,2100,-4333126133.747152,4321807393.53727,0.18608058608058609
Rail,15.692499999999999,15.2,-5659370.104941705,-5705916.677041222,0.21153846153846154,-5659370.104941706,-5665420.890210079,0.20512820512820512,8,39,780,Road,28.55625,31.4,-4340432843.505318,-1129007491.4897013,0.10047619047619048,-4340432843.505319,-4009322834.20459,0.01904761904761905,2,105,2100,-4346092213.61026,4334773473.400377,0.18608058608058609
Rail,15.692499999999999,15.2,-5659370.104941705,-5705916.677041222,0.21153846153846154,-5659370.104941706,-5665420.890210079,0.20512820512820512,8,39,780,Road,28.67,31.4,-4353398923.368427,-1129293024.4463398,0.10047619047619048,-4353398923.368427,-4019144236.3541107,0.01904761904761905,2,105,2100,-4359058293.473369,4347739553.263486,0.18608058608058609
Rail,15.692499999999999,15.2,-5659370.104941705,-5705916.677041222,0.21153846153846154,-5659370.104941706,-5665420.890210079,0.20512820512820512,8,39,780,Road,28.78375,31.4,-4366365003.231536,-1129578557.4029787,0.10047619047619048,-4366365003.231535,-4028344187.013256,0.01904761904761905,2,105,2100,-4372024373.336476,4360705633.126594,0.18608058608058609
Rail,15.692499999999999,15.2,-5659370.104941705,-5705916.677041222,0.21153846153846154,-5659370.104941706,-5665420.890210079,0.20512820512820512,8,39,780,Road,28.8975,31.4,-4379331083.094643,-1129864090.3596172,0.10047619047619048,-4379331083.094644,-4040200881.5714808,0.01904761904761905,2,105,2100,-4384990453.199585,4373671712.989702,0.18608058608058609
Rail,15.692499999999999,15.2,-5659370.104941705,-5705916.677041222,0.21153846153846154,-5659370.104941706,-5665420.890210079,0.20512820512820512,8,39,780,Road,29.01125,31.4,-4392297162.957751,-1130149623.316256,0.10047619047619048,-4392297162.957751,-4052944831.792468,0.01904761904761905,2,105,2100,-4397956533.062693,4386637792.85281,0.18608058608058609
Rail,15.692499999999999,15.2,-5659370.104941705,-5705916.677041222,0.21153846153846154,-5659370.104941706,-5665420.890210079,0.20512820512820512,8,39,780,Road,29.125,31.4,-4405263242.820859,-1130435156.2728949,0.10047619047619048,-4405263242.82086,-4065688782.0134554,0.01904761904761905,2,105,2100,-4410922612.925801,4399603872.715919,0.18608058608058609
Rail,15.692499999999999,15.2,-5659370.104941705,-5705916.677041222,0.21153846153846154,-5659370.104941706,-5665420.890210079,0.20512820512820512,8,39,780,Road,29.23875,31.4,-4418229322.683968,-1130720689.2295337,0.10047619047619048,-4418229322.683967,-4078432732.2344427,0.01904761904761905,2,105,2100,-4423888692.788908,4412569952.579025,0.18608058608058609
Rail,15.692499999999999,15.2,-5659370.104941705,-5705916.677041222,0.21153846153846154,-5659370.104941706,-5665420.890210079,0.20512820512820512,8,39,780,Road,29.3525,31.4,-4431195402.547075,-1131006222.1861722,0.10047619047619048,-4431195402.547075,-4091176682.4554305,0.01904761904761905,2,105,2100,-4436854772.652017,4425536032.442134,0.18608058608058609
Rail,15.692499999999999,15.2,-5659370.104941705,-5705916.677041222,0.21153846153846154,-5659370.104941706,-5665420.890210079,0.20512820512820512,8,39,780,Road,29.46625,31.4,-4444161482.410184,-1131318836.6494703,0.10047619047619048,-4444161482.410183,-4103920632.6764183,0.01904761904761905,2,105,2100,-4449820852.515124,4438502112.305242,0.18608058608058609
Rail,15.692499999999999,15.2,-5659370.104941705,-5705916.677041222,0.21153846153846154,-5659370.104941706,-5665420.890210079,0.20512820512820512,8,39,780,Road,29.58,31.4,-4457127562.273292,-1131652692.5152984,0.10047619047619048,-4457127562.273292,-4116664582.897405,0.01904761904761905,2,105,2100,-4462786932.378233,4451468192.16835,0.18608058608058609
Rail,15.692499999999999,15.2,-5659370.104941705,-5705916.677041222,0.21153846153846154,-5659370.104941706,-5665420.890210079,0.20512820512820512,8,39,780,Road,29.69375,31.4,-4470093642.136399,-1131986548.3811264,0.10047619047619048,-4470093642.1364,-4129408533.118394,0.01904761904761905,2,105,2100,-4475753012.241342,4464434272.031459,0.18608058608058609
Rail,15.692499999999999,15.2,-5659370.104941705,-5705916.677041222,0.21153846153846154,-5659370.104941706,-5665420.890210079,0.20512820512820512,8,39,780,Road,29.8075,31.4,-4483059721.999507,-1132399643.9010806,0.10047619047619048,-4483059721.999507,-4142152483.339381,0.01904761904761905,2,105,2100,-4488719092.104448,4477400351.894566,0.18608058608058609
Rail,15.692499999999999,15.2,-5659370.104941705,-5705916.677041222,0.21153846153846154,-5659370.104941706,-5665420.890210079,0.20512820512820512,8,39,780,Road,29.92125,31.4,-4496025801.862616,-1133220640.7194252,0.10047619047619048,-4496025801.862616,-4154896433.5603685,0.01904761904761905,2,105,2100,-4501685171.967557,4490366431.757674,0.18608058608058609
Rail,15.692499999999999,15.2,-5659370.104941705,-5705916.677041222,0.21153846153846154,-5659370.104941706,-5665420.890210079,0.20512820512820512,8,39,780,Road,30.035,31.4,-4508991881.725723,-1134041637.53777,0.10047619047619048,-4508991881.725723,-4167640383.781356,0.01904761904761905,2,105,2100,-4514651251.830665,4503332511.620782,0.18608058608058609
Rail,15.692499999999999,15.2,-5659370.104941705,-5705916.677041222,0.21153846153846154,-5659370.104941706,-5665420.890210079,0.20512820512820512,8,39,780,Road,30.14875,31.4,-4521957961.588831,-1134862634.3561149,0.10047619047619048,-4521957961.588832,-4180384334.0023437,0.01904761904761905,2,105,2100,-4527617331.693773,4516298591.483891,0.18608058608058609
Rail,15.692499999999999,15.2,-5659370.104941705,-5705916.677041222,0.21153846153846154,-5659370.104941706,-5665420.890210079,0.20512820512820512,8,39,780,Road,30.2625,31.4,-4534924041.45194,-1136086734.2343452,0.10047619047619048,-4534924041.45194,-4193128284.2233315,0.01904761904761905,2,105,2100,-4540583411.556881,4529264671.346998,0.18608058608058609
Rail,15.692499999999999,15.2,-5659370.104941705,-5705916.677041222,0.21153846153846154,-5659370.104941706,-5665420.890210079,0.20512820512820512,8,39,780,Road,30.37625,31.4,-4547890121.315047,-1137684027.005255,0.10047619047619048,-4547890121.315047,-4205872234.4443183,0.01904761904761905,2,105,2100,-4553549491.419989,4542230751.210106,0.18608058608058609
Rail,15.692499999999999,15.2,-5659370.104941705,-5705916.677041222,0.21153846153846154,-5659370.104941706,-5665420.890210079,0.20512820512820512,8,39,780,Road,30.49,31.4,-4560856201.178155,-1138628306.1565766,0.10047619047619048,-4560856201.178156,-4218616184.665306,0.01904761904761905,2,105,2100,-4566515571.283097,4555196831.073215,0.18608058608058609
Rail,15.692499999999999,15.2,-5659370.104941705,-5705916.677041222,0.21153846153846154,-5659370.104941706,-5665420.890210079,0.20512820512820512,8,39,780,Road,30.603749999999998,31.4,-4573822281.041263,-1139454162.9291048,0.10047619047619048,-4573822281.041264,-4231360134.886294,0.01904761904761905,2,105,2100,-4579481651.146205,4568162910.936322,0.18608058608058609
Rail,15.692499999999999,15.2,-5659370.104941705,-5705916.677041222,0.21153846153846154,-5659370.104941706,-5665420.890210079,0.20512820512820512,8,39,780,Road,30.7175,31.4,-4586788360.904371,-1139439918.655672,0.10047619047619048,-4586788360.904372,-4244104085.1072817,0.01904761904761905,2,105,2100,-4592447731.009314,4581128990.799431,0.18608058608058609
Rail,15.692499999999999,15.2,-5659370.104941705,-5705916.677041222,0.21153846153846154,-5659370.104941706,-5665420.890210079,0.20512820512820512,8,39,780,Road,30.831249999999997,31.4,-4599754440.76748,-1138061295.3365622,0.10047619047619048,-4599754440.767479,-4256848035.3282685,0.01904761904761905,2,105,2100,-4605413810.87242,4594095070.662538,0.18608058608058609
Rail,15.692499999999999,15.2,-5659370.104941705,-5705916.677041222,0.21153846153846154,-5659370.104941706,-5665420.890210079,0.20512820512820512,8,39,780,Road,30.945,31.4,-4612720520.630588,-1137330797.4304318,0.10047619047619048,-4612720520.630588,-4269591985.5492563,0.01904761904761905,2,105,2100,-4618379890.735529,4607061150.525646,0.18608058608058609
Rail,15.692499999999999,15.2,-5659370.104941705,-5705916.677041222,0.21153846153846154,-5659370.104941706,-5665420.890210079,0.20512820512820512,8,39,780,Road,31.05875,31.4,-4625686600.493696,-1137579405.5205877,0.10047619047619048,-4625686600.493695,-4282335935.7702436,0.01904761904761905,2,105,2100,-4631345970.598637,4620027230.388754,0.18608058608058609
Rail,15.692499999999999,15.2,-5659370.104941705,-5705916.677041222,0.21153846153846154,-5659370.104941706,-5665420.890210079,0.20512820512820512,8,39,780,Road,31.1725,31.4,-4638652680.356804,-1137828013.6107433,0.10047619047619048,-4638652680.356805,-4295079885.991232,0.01904761904761905,2,105,2100,-4644312050.461746,4632993310.2518635,0.18608058608058609
Rail,15.692499999999999,15.2,-5659370.104941705,-5705916.677041222,0.21153846153846154,-5659370.104941706,-5665420.890210079,0.20512820512820512,8,39,780,Road,31.28625,31.4,-4651618760.219912,-1138076621.7008991,0.10047619047619048,-4651618760.219912,-4307823836.212219,0.01904761904761905,2,105,2100,-4657278130.324853,4645959390.11497,0.18608058608058609
Rail,15.692499999999999,15.2,-5659370.104941705,-5705916.677041222,0.21153846153846154,-5659370.104941706,-5665420.890210079,0.20512820512820512,8,39,780,Road,31.4,31.4,-4664584840.083019,-1138335947.347439,0.10047619047619048,-4664584840.083019,-4320567786.433207,0.01904761904761905,2,105,2100,-4670244210.187961,4658925469.978078,0.18608058608058609
Rail,15.94375,15.2,-5590672.424873322,-5629878.64099112,0.2141025641025641,-5590672.424873321,-5588734.482871697,0.23076923076923078,9,39,780,Road,26.85,31.4,-4145941645.5586987,-1128380906.1848278,0.10047619047619048,-4145941645.558698,-3830177839.9219346,0.01904761904761905,2,105,2100,-4151532317.9835715,4140350973.133825,0.21172161172161175
Rail,15.94375,15.2,-5590672.424873322,-5629878.64099112,0.2141025641025641,-5590672.424873321,-5588734.482871697,0.23076923076923078,9,39,780,Road,26.96375,31.4,-4158907725.421807,-1128629514.274984,0.10047619047619048,-4158907725.421807,-3842950509.708068,0.01904761904761905,2,105,2100,-4164498397.84668,4153317052.9969335,0.21172161172161175
Rail,15.94375,15.2,-5590672.424873322,-5629878.64099112,0.2141025641025641,-5590672.424873321,-5588734.482871697,0.23076923076923078,9,39,780,Road,27.0775,31.4,-4171873805.2849145,-1128878122.3651395,0.10047619047619048,-4171873805.284915,-3855723179.4942007,0.01904761904761905,2,105,2100,-4177464477.7097883,4166283132.8600416,0.21172161172161175
Rail,15.94375,15.2,-5590672.424873322,-5629878.64099112,0.2141025641025641,-5590672.424873321,-5588734.482871697,0.23076923076923078,9,39,780,Road,27.19125,31.4,-4184839885.1480227,-1129126730.455295,0.10047619047619048,-4184839885.148023,-3868495849.2803345,0.01904761904761905,2,105,2100,-4190430557.5728965,4179249212.72315,0.21172161172161175
Rail,15.94375,15.2,-5590672.424873322,-5629878.64099112,0.2141025641025641,-5590672.424873321,-5588734.482871697,0.23076923076923078,9,39,780,Road,27.305,31.4,-4197805965.011131,-1129375338.5454507,0.10047619047619048,-4197805965.0111313,-3881268519.0664682,0.01904761904761905,2,105,2100,-4203396637.4360046,4192215292.586258,0.21172161172161175
Rail,15.94375,15.2,-5590672.424873322,-5629878.64099112,0.2141025641025641,-5590672.424873321,-5588734.482871697,0.23076923076923078,9,39,780,Road,27.418750000000003,31.4,-4210772044.8742394,-1129623946.6356063,0.10047619047619048,-4210772044.8742385,-3893495777.8551016,0.01904761904761905,2,105,2100,-4216362717.299112,4205181372.449365,0.21172161172161175
Rail,15.94375,15.2,-5590672.424873322,-5629878.64099112,0.2141025641025641,-5590672.424873321,-5588734.482871697,0.23076923076923078,9,39,780,Road,27.532500000000002,31.4,-4223738124.7373476,-1129872554.725762,0.10047619047619048,-4223738124.7373466,-3901909725.170789,0.01904761904761905,2,105,2100,-4229328797.16222,4218147452.3124733,0.21172161172161175
Rail,15.94375,15.2,-5590672.424873322,-5629878.64099112,0.2141025641025641,-5590672.424873321,-5588734.482871697,0.23076923076923078,9,39,780,Road,27.646250000000002,31.4,-4236704204.600455,-1130121162.8159175,0.10047619047619048,-4236704204.6004553,-3910323672.4864755,0.01904761904761905,2,105,2100,-4242294877.0253286,4231113532.175582,0.21172161172161175
Rail,15.94375,15.2,-5590672.424873322,-5629878.64099112,0.2141025641025641,-5590672.424873321,-5588734.482871697,0.23076923076923078,9,39,780,Road,27.76,31.4,-4249670284.463563,-1130369770.9060733,0.10047619047619048,-4249670284.463563,-3918737619.802162,0.01904761904761905,2,105,2100,-4255260956.8884363,4244079612.0386896,0.21172161172161175
Rail,15.94375,15.2,-5590672.424873322,-5629878.64099112,0.2141025641025641,-5590672.424873321,-5588734.482871697,0.23076923076923078,9,39,780,Road,27.87375,31.4,-4262636364.32667,-1130618378.996229,0.10047619047619048,-4262636364.326671,-3927151567.117849,0.01904761904761905,2,105,2100,-4268227036.7515445,4257045691.901798,0.21172161172161175
Rail,15.94375,15.2,-5590672.424873322,-5629878.64099112,0.2141025641025641,-5590672.424873321,-5588734.482871697,0.23076923076923078,9,39,780,Road,27.9875,31.4,-4275602444.189779,-1130053142.5673504,0.10047619047619048,-4275602444.1897793,-3939412550.3008804,0.01904761904761905,2,105,2100,-4281193116.6146526,4270011771.764906,0.21172161172161175
Rail,15.94375,15.2,-5590672.424873322,-5629878.64099112,0.2141025641025641,-5590672.424873321,-5588734.482871697,0.23076923076923078,9,39,780,Road,28.10125,31.4,-4288568524.052887,-1128985213.0862138,0.10047619047619048,-4288568524.0528865,-3953394607.081622,0.01904761904761905,2,105,2100,-4294159196.47776,4282977851.628013,0.21172161172161175
Rail,15.94375,15.2,-5590672.424873322,-5629878.64099112,0.2141025641025641,-5590672.424873321,-5588734.482871697,0.23076923076923078,9,39,780,Road,28.215,31.4,-4301534603.915996,-1128174086.3538113,0.10047619047619048,-4301534603.915995,-3967376663.8623643,0.01904761904761905,2,105,2100,-4307125276.340868,4295943931.491121,0.21172161172161175
Rail,15.94375,15.2,-5590672.424873322,-5629878.64099112,0.2141025641025641,-5590672.424873321,-5588734.482871697,0.23076923076923078,9,39,780,Road,28.32875,31.4,-4314500683.779103,-1128436425.5764236,0.10047619047619048,-4314500683.779103,-3981358720.643106,0.01904761904761905,2,105,2100,-4320091356.203977,4308910011.35423,0.21172161172161175
Rail,15.94375,15.2,-5590672.424873322,-5629878.64099112,0.2141025641025641,-5590672.424873321,-5588734.482871697,0.23076923076923078,9,39,780,Road,28.4425,31.4,-4327466763.642212,-1128721958.5330625,0.10047619047619048,-4327466763.642211,-3995340777.423848,0.01904761904761905,2,105,2100,-4333057436.067084,4321876091.217338,0.21172161172161175
Rail,15.94375,15.2,-5590672.424873322,-5629878.64099112,0.2141025641025641,-5590672.424873321,-5588734.482871697,0.23076923076923078,9,39,780,Road,28.55625,31.4,-4340432843.505318,-1129007491.4897013,0.10047619047619048,-4340432843.505319,-4009322834.20459,0.01904761904761905,2,105,2100,-4346023515.930192,4334842171.080445,0.21172161172161175
Rail,15.94375,15.2,-5590672.424873322,-5629878.64099112,0.2141025641025641,-5590672.424873321,-5588734.482871697,0.23076923076923078,9,39,780,Road,28.67,31.4,-4353398923.368427,-1129293024.4463398,0.10047619047619048,-4353398923.368427,-4019144236.3541107,0.01904761904761905,2,105,2100,-4358989595.793301,4347808250.943554,0.21172161172161175
Rail,15.94375,15.2,-5590672.424873322,-5629878.64099112,0.2141025641025641,-5590672.424873321,-5588734.482871697,0.23076923076923078,9,39,780,Road,28.78375,31.4,-4366365003.231536,-1129578557.4029787,0.10047619047619048,-4366365003.231535,-4028344187.013256,0.01904761904761905,2,105,2100,-4371955675.656408,4360774330.806662,0.21172161172161175
Rail,15.94375,15.2,-5590672.424873322,-5629878.64099112,0.2141025641025641,-5590672.424873321,-5588734.482871697,0.23076923076923078,9,39,780,Road,28.8975,31.4,-4379331083.094643,-1129864090.3596172,0.10047619047619048,-4379331083.094644,-4040200881.5714808,0.01904761904761905,2,105,2100,-4384921755.519517,4373740410.66977,0.21172161172161175
Rail,15.94375,15.2,-5590672.424873322,-5629878.64099112,0.2141025641025641,-5590672.424873321,-5588734.482871697,0.23076923076923078,9,39,780,Road,29.01125,31.4,-4392297162.957751,-1130149623.316256,0.10047619047619048,-4392297162.957751,-4052944831.792468,0.01904761904761905,2,105,2100,-4397887835.382625,4386706490.532878,0.21172161172161175
Rail,15.94375,15.2,-5590672.424873322,-5629878.64099112,0.2141025641025641,-5590672.424873321,-5588734.482871697,0.23076923076923078,9,39,780,Road,29.125,31.4,-4405263242.820859,-1130435156.2728949,0.10047619047619048,-4405263242.82086,-4065688782.0134554,0.01904761904761905,2,105,2100,-4410853915.245733,4399672570.395987,0.21172161172161175
Rail,15.94375,15.2,-5590672.424873322,-5629878.64099112,0.2141025641025641,-5590672.424873321,-5588734.482871697,0.23076923076923078,9,39,780,Road,29.23875,31.4,-4418229322.683968,-1130720689.2295337,0.10047619047619048,-4418229322.683967,-4078432732.2344427,0.01904761904761905,2,105,2100,-4423819995.10884,4412638650.259093,0.21172161172161175
Rail,15.94375,15.2,-5590672.424873322,-5629878.64099112,0.2141025641025641,-5590672.424873321,-5588734.482871697,0.23076923076923078,9,39,780,Road,29.3525,31.4,-4431195402.547075,-1131006222.1861722,0.10047619047619048,-4431195402.547075,-4091176682.4554305,0.01904761904761905,2,105,2100,-4436786074.971949,4425604730.122202,0.21172161172161175
Rail,15.94375,15.2,-5590672.424873322,-5629878.64099112,0.2141025641025641,-5590672.424873321,-5588734.482871697,0.23076923076923078,9,39,780,Road,29.46625,31.4,-4444161482.410184,-1131318836.6494703,0.10047619047619048,-4444161482.410183,-4103920632.6764183,0.01904761904761905,2,105,2100,-4449752154.835056,4438570809.98531,0.21172161172161175
Rail,15.94375,15.2,-5590672.424873322,-5629878.64099112,0.2141025641025641,-5590672.424873321,-5588734.482871697,0.23076923076923078,9,39,780,Road,29.58,31.4,-4457127562.273292,-1131652692.5152984,0.10047619047619048,-4457127562.273292,-4116664582.897405,0.01904761904761905,2,105,2100,-4462718234.698165,4451536889.848418,0.21172161172161175
Rail,15.94375,15.2,-5590672.424873322,-5629878.64099112,0.2141025641025641,-5590672.424873321,-5588734.482871697,0.23076923076923078,9,39,780,Road,29.69375,31.4,-4470093642.136399,-1131986548.3811264,0.10047619047619048,-4470093642.1364,-4129408533.118394,0.01904761904761905,2,105,2100,-4475684314.561274,4464502969.711527,0.21172161172161175
Rail,15.94375,15.2,-5590672.424873322,-5629878.64099112,0.2141025641025641,-5590672.424873321,-5588734.482871697,0.23076923076923078,9,39,780,Road,29.8075,31.4,-4483059721.999507,-1132399643.9010806,0.10047619047619048,-4483059721.999507,-4142152483.339381,0.01904761904761905,2,105,2100,-4488650394.42438,4477469049.574634,0.21172161172161175
Rail,15.94375,15.2,-5590672.424873322,-5629878.64099112,0.2141025641025641,-5590672.424873321,-5588734.482871697,0.23076923076923078,9,39,780,Road,29.92125,31.4,-4496025801.862616,-1133220640.7194252,0.10047619047619048,-4496025801.862616,-4154896433.5603685,0.01904761904761905,2,105,2100,-4501616474.287489,4490435129.437742,0.21172161172161175
Rail,15.94375,15.2,-5590672.424873322,-5629878.64099112,0.2141025641025641,-5590672.424873321,-5588734.482871697,0.23076923076923078,9,39,780,Road,30.035,31.4,-4508991881.725723,-1134041637.53777,0.10047619047619048,-4508991881.725723,-4167640383.781356,0.01904761904761905,2,105,2100,-4514582554.150597,4503401209.30085,0.21172161172161175
Rail,15.94375,15.2,-5590672.424873322,-5629878.64099112,0.2141025641025641,-5590672.424873321,-5588734.482871697,0.23076923076923078,9,39,780,Road,30.14875,31.4,-4521957961.588831,-1134862634.3561149,0.10047619047619048,-4521957961.588832,-4180384334.0023437,0.01904761904761905,2,105,2100,-4527548634.013705,4516367289.163959,0.21172161172161175
Rail,15.94375,15.2,-5590672.424873322,-5629878.64099112,0.2141025641025641,-5590672.424873321,-5588734.482871697,0.23076923076923078,9,39,780,Road,30.2625,31.4,-4534924041.45194,-1136086734.2343452,0.10047619047619048,-4534924041.45194,-4193128284.2233315,0.01904761904761905,2,105,2100,-4540514713.876813,4529333369.027066,0.21172161172161175
Rail,15.94375,15.2,-5590672.424873322,-5629878.64099112,0.2141025641025641,-5590672.424873321,-5588734.482871697,0.23076923076923078,9,39,780,Road,30.37625,31.4,-4547890121.315047,-1137684027.005255,0.10047619047619048,-4547890121.315047,-4205872234.4443183,0.01904761904761905,2,105,2100,-4553480793.739921,4542299448.890174,0.21172161172161175
Rail,15.94375,15.2,-5590672.424873322,-5629878.64099112,0.2141025641025641,-5590672.424873321,-5588734.482871697,0.23076923076923078,9,39,780,Road,30.49,31.4,-4560856201.178155,-1138628306.1565766,0.10047619047619048,-4560856201.178156,-4218616184.665306,0.01904761904761905,2,105,2100,-4566446873.603029,4555265528.753283,0.21172161172161175
Rail,15.94375,15.2,-5590672.424873322,-5629878.64099112,0.2141025641025641,-5590672.424873321,-5588734.482871697,0.23076923076923078,9,39,780,Road,30.603749999999998,31.4,-4573822281.041263,-1139454162.9291048,0.10047619047619048,-4573822281.041264,-4231360134.886294,0.01904761904761905,2,105,2100,-4579412953.466137,4568231608.61639,0.21172161172161175
Rail,15.94375,15.2,-5590672.424873322,-5629878.64099112,0.2141025641025641,-5590672.424873321,-5588734.482871697,0.23076923076923078,9,39,780,Road,30.7175,31.4,-4586788360.904371,-1139439918.655672,0.10047619047619048,-4586788360.904372,-4244104085.1072817,0.01904761904761905,2,105,2100,-4592379033.329246,4581197688.479499,0.21172161172161175
Rail,15.94375,15.2,-5590672.424873322,-5629878.64099112,0.2141025641025641,-5590672.424873321,-5588734.482871697,0.23076923076923078,9,39,780,Road,30.831249999999997,31.4,-4599754440.76748,-1138061295.3365622,0.10047619047619048,-4599754440.767479,-4256848035.3282685,0.01904761904761905,2,105,2100,-4605345113.192352,4594163768.342606,0.21172161172161175
Rail,15.94375,15.2,-5590672.424873322,-5629878.64099112,0.2141025641025641,-5590672.424873321,-5588734.482871697,0.23076923076923078,9,39,780,Road,30.945,31.4,-4612720520.630588,-1137330797.4304318,0.10047619047619048,-4612720520.630588,-4269591985.5492563,0.01904761904761905,2,105,2100,-4618311193.055461,4607129848.205714,0.21172161172161175
Rail,15.94375,15.2,-5590672.424873322,-5629878.64099112,0.2141025641025641,-5590672.424873321,-5588734.482871697,0.23076923076923078,9,39,780,Road,31.05875,31.4,-4625686600.493696,-1137579405.5205877,0.10047619047619048,-4625686600.493695,-4282335935.7702436,0.01904761904761905,2,105,2100,-4631277272.918569,4620095928.068822,0.21172161172161175
Rail,15.94375,15.2,-5590672.424873322,-5629878.64099112,0.2141025641025641,-5590672.424873321,-5588734.482871697,0.23076923076923078,9,39,780,Road,31.1725,31.4,-4638652680.356804,-1137828013.6107433,0.10047619047619048,-4638652680.356805,-4295079885.991232,0.01904761904761905,2,105,2100,-4644243352.781678,4633062007.9319315,0.21172161172161175
Rail,15.94375,15.2,-5590672.424873322,-5629878.64099112,0.2141025641025641,-5590672.424873321,-5588734.482871697,0.23076923076923078,9,39,780,Road,31.28625,31.4,-4651618760.219912,-1138076621.7008991,0.10047619047619048,-4651618760.219912,-4307823836.212219,0.01904761904761905,2,105,2100,-4657209432.644785,4646028087.795038,0.21172161172161175
Rail,15.94375,15.2,-5590672.424873322,-5629878.64099112,0.2141025641025641,-5590672.424873321,-5588734.482871697,0.23076923076923078,9,39,780,Road,31.4,31.4,-4664584840.083019,-1138335947.347439,0.10047619047619048,-4664584840.083019,-4320567786.433207,0.01904761904761905,2,105,2100,-4670175512.507893,4658994167.658146,0.21172161172161175
Rail,16.195,15.2,-5521974.74480494,-5553840.604941018,0.21923076923076923,-5521974.74480494,-5512048.0755333165,0.23076923076923078,9,39,780,Road,26.85,31.4,-4145941645.5586987,-1128380906.1848278,0.10047619047619048,-4145941645.558698,-3830177839.9219346,0.01904761904761905,2,105,2100,-4151463620.303503,4140419670.8138933,0.21172161172161175
Rail,16.195,15.2,-5521974.74480494,-5553840.604941018,0.21923076923076923,-5521974.74480494,-5512048.0755333165,0.23076923076923078,9,39,780,Road,26.96375,31.4,-4158907725.421807,-1128629514.274984,0.10047619047619048,-4158907725.421807,-3842950509.708068,0.01904761904761905,2,105,2100,-4164429700.1666117,4153385750.677002,0.21172161172161175
Rail,16.195,15.2,-5521974.74480494,-5553840.604941018,0.21923076923076923,-5521974.74480494,-5512048.0755333165,0.23076923076923078,9,39,780,Road,27.0775,31.4,-4171873805.2849145,-1128878122.3651395,0.10047619047619048,-4171873805.284915,-3855723179.4942007,0.01904761904761905,2,105,2100,-4177395780.02972,4166351830.54011,0.21172161172161175
Rail,16.195,15.2,-5521974.74480494,-5553840.604941018,0.21923076923076923,-5521974.74480494,-5512048.0755333165,0.23076923076923078,9,39,780,Road,27.19125,31.4,-4184839885.1480227,-1129126730.455295,0.10047619047619048,-4184839885.148023,-3868495849.2803345,0.01904761904761905,2,105,2100,-4190361859.892828,4179317910.4032183,0.21172161172161175
Rail,16.195,15.2,-5521974.74480494,-5553840.604941018,0.21923076923076923,-5521974.74480494,-5512048.0755333165,0.23076923076923078,9,39,780,Road,27.305,31.4,-4197805965.011131,-1129375338.5454507,0.10047619047619048,-4197805965.0111313,-3881268519.0664682,0.01904761904761905,2,105,2100,-4203327939.755936,4192283990.2663264,0.21172161172161175
Rail,16.195,15.2,-5521974.74480494,-5553840.604941018,0.21923076923076923,-5521974.74480494,-5512048.0755333165,0.23076923076923078,9,39,780,Road,27.418750000000003,31.4,-4210772044.8742394,-1129623946.6356063,0.10047619047619048,-4210772044.8742385,-3893495777.8551016,0.01904761904761905,2,105,2100,-4216294019.6190434,4205250070.1294336,0.21172161172161175
Rail,16.195,15.2,-5521974.74480494,-5553840.604941018,0.21923076923076923,-5521974.74480494,-5512048.0755333165,0.23076923076923078,9,39,780,Road,27.532500000000002,31.4,-4223738124.7373476,-1129872554.725762,0.10047619047619048,-4223738124.7373466,-3901909725.170789,0.01904761904761905,2,105,2100,-4229260099.4821515,4218216149.992542,0.21172161172161175
Rail,16.195,15.2,-5521974.74480494,-5553840.604941018,0.21923076923076923,-5521974.74480494,-5512048.0755333165,0.23076923076923078,9,39,780,Road,27.646250000000002,31.4,-4236704204.600455,-1130121162.8159175,0.10047619047619048,-4236704204.6004553,-3910323672.4864755,0.01904761904761905,2,105,2100,-4242226179.34526,4231182229.8556504,0.21172161172161175
Rail,16.195,15.2,-5521974.74480494,-5553840.604941018,0.21923076923076923,-5521974.74480494,-5512048.0755333165,0.23076923076923078,9,39,780,Road,27.76,31.4,-4249670284.463563,-1130369770.9060733,0.10047619047619048,-4249670284.463563,-3918737619.802162,0.01904761904761905,2,105,2100,-4255192259.208368,4244148309.718758,0.21172161172161175
Rail,16.195,15.2,-5521974.74480494,-5553840.604941018,0.21923076923076923,-5521974.74480494,-5512048.0755333165,0.23076923076923078,9,39,780,Road,27.87375,31.4,-4262636364.32667,-1130618378.996229,0.10047619047619048,-4262636364.326671,-3927151567.117849,0.01904761904761905,2,105,2100,-4268158339.071476,4257114389.5818663,0.21172161172161175
Rail,16.195,15.2,-5521974.74480494,-5553840.604941018,0.21923076923076923,-5521974.74480494,-5512048.0755333165,0.23076923076923078,9,39,780,Road,27.9875,31.4,-4275602444.189779,-1130053142.5673504,0.10047619047619048,-4275602444.1897793,-3939412550.3008804,0.01904761904761905,2,105,2100,-4281124418.934584,4270080469.4449744,0.21172161172161175
Rail,16.195,15.2,-5521974.74480494,-5553840.604941018,0.21923076923076923,-5521974.74480494,-5512048.0755333165,0.23076923076923078,9,39,780,Road,28.10125,31.4,-4288568524.052887,-1128985213.0862138,0.10047619047619048,-4288568524.0528865,-3953394607.081622,0.01904761904761905,2,105,2100,-4294090498.7976913,4283046549.3080816,0.21172161172161175
Rail,16.195,15.2,-5521974.74480494,-5553840.604941018,0.21923076923076923,-5521974.74480494,-5512048.0755333165,0.23076923076923078,9,39,780,Road,28.215,31.4,-4301534603.915996,-1128174086.3538113,0.10047619047619048,-4301534603.915995,-3967376663.8623643,0.01904761904761905,2,105,2100,-4307056578.6608,4296012629.171189,0.21172161172161175
Rail,16.195,15.2,-5521974.74480494,-5553840.604941018,0.21923076923076923,-5521974.74480494,-5512048.0755333165,0.23076923076923078,9,39,780,Road,28.32875,31.4,-4314500683.779103,-1128436425.5764236,0.10047619047619048,-4314500683.779103,-3981358720.643106,0.01904761904761905,2,105,2100,-4320022658.523909,4308978709.034298,0.21172161172161175
Rail,16.195,15.2,-5521974.74480494,-5553840.604941018,0.21923076923076923,-5521974.74480494,-5512048.0755333165,0.23076923076923078,9,39,780,Road,28.4425,31.4,-4327466763.642212,-1128721958.5330625,0.10047619047619048,-4327466763.642211,-3995340777.423848,0.01904761904761905,2,105,2100,-4332988738.387016,4321944788.897406,0.21172161172161175
Rail,16.195,15.2,-5521974.74480494,-5553840.604941018,0.21923076923076923,-5521974.74480494,-5512048.0755333165,0.23076923076923078,9,39,780,Road,28.55625,31.4,-4340432843.505318,-1129007491.4897013,0.10047619047619048,-4340432843.505319,-4009322834.20459,0.01904761904761905,2,105,2100,-4345954818.250124,4334910868.760513,0.21172161172161175
Rail,16.195,15.2,-5521974.74480494,-5553840.604941018,0.21923076923076923,-5521974.74480494,-5512048.0755333165,0.23076923076923078,9,39,780,Road,28.67,31.4,-4353398923.368427,-1129293024.4463398,0.10047619047619048,-4353398923.368427,-4019144236.3541107,0.01904761904761905,2,105,2100,-4358920898.113233,4347876948.623622,0.21172161172161175
Rail,16.195,15.2,-5521974.74480494,-5553840.604941018,0.21923076923076923,-5521974.74480494,-5512048.0755333165,0.23076923076923078,9,39,780,Road,28.78375,31.4,-4366365003.231536,-1129578557.4029787,0.10047619047619048,-4366365003.231535,-4028344187.013256,0.01904761904761905,2,105,2100,-4371886977.97634,4360843028.48673,0.21172161172161175
Rail,16.195,15.2,-5521974.74480494,-5553840.604941018,0.21923076923076923,-5521974.74480494,-5512048.0755333165,0.23076923076923078,9,39,780,Road,28.8975,31.4,-4379331083.094643,-1129864090.3596172,0.10047619047619048,-4379331083.094644,-4040200881.5714808,0.01904761904761905,2,105,2100,-4384853057.839449,4373809108.349838,0.21172161172161175
Rail,16.195,15.2,-5521974.74480494,-5553840.604941018,0.21923076923076923,-5521974.74480494,-5512048.0755333165,0.23076923076923078,9,39,780,Road,29.01125,31.4,-4392297162.957751,-1130149623.316256,0.10047619047619048,-4392297162.957751,-4052944831.792468,0.01904761904761905,2,105,2100,-4397819137.702557,4386775188.212946,0.21172161172161175
Rail,16.195,15.2,-5521974.74480494,-5553840.604941018,0.21923076923076923,-5521974.74480494,-5512048.0755333165,0.23076923076923078,9,39,780,Road,29.125,31.4,-4405263242.820859,-1130435156.2728949,0.10047619047619048,-4405263242.82086,-4065688782.0134554,0.01904761904761905,2,105,2100,-4410785217.565665,4399741268.076055,0.21172161172161175
Rail,16.195,15.2,-5521974.74480494,-5553840.604941018,0.21923076923076923,-5521974.74480494,-5512048.0755333165,0.23076923076923078,9,39,780,Road,29.23875,31.4,-4418229322.683968,-1130720689.2295337,0.10047619047619048,-4418229322.683967,-4078432732.2344427,0.01904761904761905,2,105,2100,-4423751297.428772,4412707347.939161,0.21172161172161175
Rail,16.195,15.2,-5521974.74480494,-5553840.604941018,0.21923076923076923,-5521974.74480494,-5512048.0755333165,0.23076923076923078,9,39,780,Road,29.3525,31.4,-4431195402.547075,-1131006222.1861722,0.10047619047619048,-4431195402.547075,-4091176682.4554305,0.01904761904761905,2,105,2100,-4436717377.291881,4425673427.80227,0.21172161172161175
Rail,16.195,15.2,-5521974.74480494,-5553840.604941018,0.21923076923076923,-5521974.74480494,-5512048.0755333165,0.23076923076923078,9,39,780,Road,29.46625,31.4,-4444161482.410184,-1131318836.6494703,0.10047619047619048,-4444161482.410183,-4103920632.6764183,0.01904761904761905,2,105,2100,-4449683457.154988,4438639507.665378,0.21172161172161175
Rail,16.195,15.2,-5521974.74480494,-5553840.604941018,0.21923076923076923,-5521974.74480494,-5512048.0755333165,0.23076923076923078,9,39,780,Road,29.58,31.4,-4457127562.273292,-1131652692.5152984,0.10047619047619048,-4457127562.273292,-4116664582.897405,0.01904761904761905,2,105,2100,-4462649537.018097,4451605587.528486,0.21172161172161175
Rail,16.195,15.2,-5521974.74480494,-5553840.604941018,0.21923076923076923,-5521974.74480494,-5512048.0755333165,0.23076923076923078,9,39,780,Road,29.69375,31.4,-4470093642.136399,-1131986548.3811264,0.10047619047619048,-4470093642.1364,-4129408533.118394,0.01904761904761905,2,105,2100,-4475615616.881206,4464571667.391595,0.21172161172161175
Rail,16.195,15.2,-5521974.74480494,-5553840.604941018,0.21923076923076923,-5521974.74480494,-5512048.0755333165,0.23076923076923078,9,39,780,Road,29.8075,31.4,-4483059721.999507,-1132399643.9010806,0.10047619047619048,-4483059721.999507,-4142152483.339381,0.01904761904761905,2,105,2100,-4488581696.744312,4477537747.254702,0.21172161172161175
Rail,16.195,15.2,-5521974.74480494,-5553840.604941018,0.21923076923076923,-5521974.74480494,-5512048.0755333165,0.23076923076923078,9,39,780,Road,29.92125,31.4,-4496025801.862616,-1133220640.7194252,0.10047619047619048,-4496025801.862616,-4154896433.5603685,0.01904761904761905,2,105,2100,-4501547776.607421,4490503827.11781,0.21172161172161175
Rail,16.195,15.2,-5521974.74480494,-5553840.604941018,0.21923076923076923,-5521974.74480494,-5512048.0755333165,0.23076923076923078,9,39,780,Road,30.035,31.4,-4508991881.725723,-1134041637.53777,0.10047619047619048,-4508991881.725723,-4167640383.781356,0.01904761904761905,2,105,2100,-4514513856.470529,4503469906.980918,0.21172161172161175
Rail,16.195,15.2,-5521974.74480494,-5553840.604941018,0.21923076923076923,-5521974.74480494,-5512048.0755333165,0.23076923076923078,9,39,780,Road,30.14875,31.4,-4521957961.588831,-1134862634.3561149,0.10047619047619048,-4521957961.588832,-4180384334.0023437,0.01904761904761905,2,105,2100,-4527479936.333637,4516435986.844027,0.21172161172161175
Rail,16.195,15.2,-5521974.74480494,-5553840.604941018,0.21923076923076923,-5521974.74480494,-5512048.0755333165,0.23076923076923078,9,39,780,Road,30.2625,31.4,-4534924041.45194,-1136086734.2343452,0.10047619047619048,-4534924041.45194,-4193128284.2233315,0.01904761904761905,2,105,2100,-4540446016.196745,4529402066.707134,0.21172161172161175
Rail,16.195,15.2,-5521974.74480494,-5553840.604941018,0.21923076923076923,-5521974.74480494,-5512048.0755333165,0.23076923076923078,9,39,780,Road,30.37625,31.4,-4547890121.315047,-1137684027.005255,0.10047619047619048,-4547890121.315047,-4205872234.4443183,0.01904761904761905,2,105,2100,-4553412096.059853,4542368146.570242,0.21172161172161175
Rail,16.195,15.2,-5521974.74480494,-5553840.604941018,0.21923076923076923,-5521974.74480494,-5512048.0755333165,0.23076923076923078,9,39,780,Road,30.49,31.4,-4560856201.178155,-1138628306.1565766,0.10047619047619048,-4560856201.178156,-4218616184.665306,0.01904761904761905,2,105,2100,-4566378175.922961,4555334226.433351,0.21172161172161175
Rail,16.195,15.2,-5521974.74480494,-5553840.604941018,0.21923076923076923,-5521974.74480494,-5512048.0755333165,0.23076923076923078,9,39,780,Road,30.603749999999998,31.4,-4573822281.041263,-1139454162.9291048,0.10047619047619048,-4573822281.041264,-4231360134.886294,0.01904761904761905,2,105,2100,-4579344255.786069,4568300306.296458,0.21172161172161175
Rail,16.195,15.2,-5521974.74480494,-5553840.604941018,0.21923076923076923,-5521974.74480494,-5512048.0755333165,0.23076923076923078,9,39,780,Road,30.7175,31.4,-4586788360.904371,-1139439918.655672,0.10047619047619048,-4586788360.904372,-4244104085.1072817,0.01904761904761905,2,105,2100,-4592310335.649178,4581266386.159567,0.21172161172161175
Rail,16.195,15.2,-5521974.74480494,-5553840.604941018,0.21923076923076923,-5521974.74480494,-5512048.0755333165,0.23076923076923078,9,39,780,Road,30.831249999999997,31.4,-4599754440.76748,-1138061295.3365622,0.10047619047619048,-4599754440.767479,-4256848035.3282685,0.01904761904761905,2,105,2100,-4605276415.512284,4594232466.022674,0.21172161172161175
Rail,16.195,15.2,-5521974.74480494,-5553840.604941018,0.21923076923076923,-5521974.74480494,-5512048.0755333165,0.23076923076923078,9,39,780,Road,30.945,31.4,-4612720520.630588,-1137330797.4304318,0.10047619047619048,-4612720520.630588,-4269591985.5492563,0.01904761904761905,2,105,2100,-4618242495.375393,4607198545.885782,0.21172161172161175
Rail,16.195,15.2,-5521974.74480494,-5553840.604941018,0.21923076923076923,-5521974.74480494,-5512048.0755333165,0.23076923076923078,9,39,780,Road,31.05875,31.4,-4625686600.493696,-1137579405.5205877,0.10047619047619048,-4625686600.493695,-4282335935.7702436,0.01904761904761905,2,105,2100,-4631208575.238501,4620164625.74889,0.21172161172161175
Rail,16.195,15.2,-5521974.74480494,-5553840.604941018,0.21923076923076923,-5521974.74480494,-5512048.0755333165,0.23076923076923078,9,39,780,Road,31.1725,31.4,-4638652680.356804,-1137828013.6107433,0.10047619047619048,-4638652680.356805,-4295079885.991232,0.01904761904761905,2,105,2100,-4644174655.10161,4633130705.6119995,0.21172161172161175
Rail,16.195,15.2,-5521974.74480494,-5553840.604941018,0.21923076923076923,-5521974.74480494,-5512048.0755333165,0.23076923076923078,9,39,780,Road,31.28625,31.4,-4651618760.219912,-1138076621.7008991,0.10047619047619048,-4651618760.219912,-4307823836.212219,0.01904761904761905,2,105,2100,-4657140734.964717,4646096785.475106,0.21172161172161175
Rail,16.195,15.2,-5521974.74480494,-5553840.604941018,0.21923076923076923,-5521974.74480494,-5512048.0755333165,0.23076923076923078,9,39,780,Road,31.4,31.4,-4664584840.083019,-1138335947.347439,0.10047619047619048,-4664584840.083019,-4320567786.433207,0.01904761904761905,2,105,2100,-4670106814.827825,4659062865.338214,0.21172161172161175
Rail,16.44625,15.2,-5453277.064736557,-5477802.568890917,0.2230769230769231,-5453277.064736557,-5435361.668194936,0.23076923076923078,9,39,780,Road,26.85,31.4,-4145941645.5586987,-1128380906.1848278,0.10047619047619048,-4145941645.558698,-3830177839.9219346,0.01904761904761905,2,105,2100,-4151394922.6234345,4140488368.493962,0.21172161172161175
Rail,16.44625,15.2,-5453277.064736557,-5477802.568890917,0.2230769230769231,-5453277.064736557,-5435361.668194936,0.23076923076923078,9,39,780,Road,26.96375,31.4,-4158907725.421807,-1128629514.274984,0.10047619047619048,-4158907725.421807,-3842950509.708068,0.01904761904761905,2,105,2100,-4164361002.486543,4153454448.3570704,0.21172161172161175
Rail,16.44625,15.2,-5453277.064736557,-5477802.568890917,0.2230769230769231,-5453277.064736557,-5435361.668194936,0.23076923076923078,9,39,780,Road,27.0775,31.4,-4171873805.2849145,-1128878122.3651395,0.10047619047619048,-4171873805.284915,-3855723179.4942007,0.01904761904761905,2,105,2100,-4177327082.3496513,4166420528.2201786,0.21172161172161175
Rail,16.44625,15.2,-5453277.064736557,-5477802.568890917,0.2230769230769231,-5453277.064736557,-5435361.668194936,0.23076923076923078,9,39,780,Road,27.19125,31.4,-4184839885.1480227,-1129126730.455295,0.10047619047619048,-4184839885.148023,-3868495849.2803345,0.01904761904761905,2,105,2100,-4190293162.2127595,4179386608.083287,0.21172161172161175
Rail,16.44625,15.2,-5453277.064736557,-5477802.568890917,0.2230769230769231,-5453277.064736557,-5435361.668194936,0.23076923076923078,9,39,780,Road,27.305,31.4,-4197805965.011131,-1129375338.5454507,0.10047619047619048,-4197805965.0111313,-3881268519.0664682,0.01904761904761905,2,105,2100,-4203259242.0758677,4192352687.946395,0.21172161172161175
Rail,16.44625,15.2,-5453277.064736557,-5477802.568890917,0.2230769230769231,-5453277.064736557,-5435361.668194936,0.23076923076923078,9,39,780,Road,27.418750000000003,31.4,-4210772044.8742394,-1129623946.6356063,0.10047619047619048,-4210772044.8742385,-3893495777.8551016,0.01904761904761905,2,105,2100,-4216225321.938975,4205318767.809502,0.21172161172161175
Rail,16.44625,15.2,-5453277.064736557,-5477802.568890917,0.2230769230769231,-5453277.064736557,-5435361.668194936,0.23076923076923078,9,39,780,Road,27.532500000000002,31.4,-4223738124.7373476,-1129872554.725762,0.10047619047619048,-4223738124.7373466,-3901909725.170789,0.01904761904761905,2,105,2100,-4229191401.802083,4218284847.6726103,0.21172161172161175
Rail,16.44625,15.2,-5453277.064736557,-5477802.568890917,0.2230769230769231,-5453277.064736557,-5435361.668194936,0.23076923076923078,9,39,780,Road,27.646250000000002,31.4,-4236704204.600455,-1130121162.8159175,0.10047619047619048,-4236704204.6004553,-3910323672.4864755,0.01904761904761905,2,105,2100,-4242157481.6651917,4231250927.535719,0.21172161172161175
Rail,16.44625,15.2,-5453277.064736557,-5477802.568890917,0.2230769230769231,-5453277.064736557,-5435361.668194936,0.23076923076923078,9,39,780,Road,27.76,31.4,-4249670284.463563,-1130369770.9060733,0.10047619047619048,-4249670284.463563,-3918737619.802162,0.01904761904761905,2,105,2100,-4255123561.5282993,4244217007.3988266,0.21172161172161175
Rail,16.44625,15.2,-5453277.064736557,-5477802.568890917,0.2230769230769231,-5453277.064736557,-5435361.668194936,0.23076923076923078,9,39,780,Road,27.87375,31.4,-4262636364.32667,-1130618378.996229,0.10047619047619048,-4262636364.326671,-3927151567.117849,0.01904761904761905,2,105,2100,-4268089641.3914075,4257183087.2619348,0.21172161172161175
Rail,16.44625,15.2,-5453277.064736557,-5477802.568890917,0.2230769230769231,-5453277.064736557,-5435361.668194936,0.23076923076923078,9,39,780,Road,27.9875,31.4,-4275602444.189779,-1130053142.5673504,0.10047619047619048,-4275602444.1897793,-3939412550.3008804,0.01904761904761905,2,105,2100,-4281055721.2545156,4270149167.125043,0.21172161172161175
Rail,16.44625,15.2,-5453277.064736557,-5477802.568890917,0.2230769230769231,-5453277.064736557,-5435361.668194936,0.23076923076923078,9,39,780,Road,28.10125,31.4,-4288568524.052887,-1128985213.0862138,0.10047619047619048,-4288568524.0528865,-3953394607.081622,0.01904761904761905,2,105,2100,-4294021801.117623,4283115246.98815,0.21172161172161175
Rail,16.44625,15.2,-5453277.064736557,-5477802.568890917,0.2230769230769231,-5453277.064736557,-5435361.668194936,0.23076923076923078,9,39,780,Road,28.215,31.4,-4301534603.915996,-1128174086.3538113,0.10047619047619048,-4301534603.915995,-3967376663.8623643,0.01904761904761905,2,105,2100,-4306987880.980731,4296081326.851258,0.21172161172161175
Rail,16.44625,15.2,-5453277.064736557,-5477802.568890917,0.2230769230769231,-5453277.064736557,-5435361.668194936,0.23076923076923078,9,39,780,Road,28.32875,31.4,-4314500683.779103,-1128436425.5764236,0.10047619047619048,-4314500683.779103,-3981358720.643106,0.01904761904761905,2,105,2100,-4319953960.84384,4309047406.714367,0.21172161172161175
Rail,16.44625,15.2,-5453277.064736557,-5477802.568890917,0.2230769230769231,-5453277.064736557,-5435361.668194936,0.23076923076923078,9,39,780,Road,28.4425,31.4,-4327466763.642212,-1128721958.5330625,0.10047619047619048,-4327466763.642211,-3995340777.423848,0.01904761904761905,2,105,2100,-4332920040.706947,4322013486.577475,0.21172161172161175
Rail,16.44625,15.2,-5453277.064736557,-5477802.568890917,0.2230769230769231,-5453277.064736557,-5435361.668194936,0.23076923076923078,9,39,780,Road,28.55625,31.4,-4340432843.505318,-1129007491.4897013,0.10047619047619048,-4340432843.505319,-4009322834.20459,0.01904761904761905,2,105,2100,-4345886120.570055,4334979566.440582,0.21172161172161175
Rail,16.44625,15.2,-5453277.064736557,-5477802.568890917,0.2230769230769231,-5453277.064736557,-5435361.668194936,0.23076923076923078,9,39,780,Road,28.67,31.4,-4353398923.368427,-1129293024.4463398,0.10047619047619048,-4353398923.368427,-4019144236.3541107,0.01904761904761905,2,105,2100,-4358852200.433164,4347945646.303691,0.21172161172161175
Rail,16.44625,15.2,-5453277.064736557,-5477802.568890917,0.2230769230769231,-5453277.064736557,-5435361.668194936,0.23076923076923078,9,39,780,Road,28.78375,31.4,-4366365003.231536,-1129578557.4029787,0.10047619047619048,-4366365003.231535,-4028344187.013256,0.01904761904761905,2,105,2100,-4371818280.296271,4360911726.166799,0.21172161172161175
Rail,16.44625,15.2,-5453277.064736557,-5477802.568890917,0.2230769230769231,-5453277.064736557,-5435361.668194936,0.23076923076923078,9,39,780,Road,28.8975,31.4,-4379331083.094643,-1129864090.3596172,0.10047619047619048,-4379331083.094644,-4040200881.5714808,0.01904761904761905,2,105,2100,-4384784360.15938,4373877806.029907,0.21172161172161175
Rail,16.44625,15.2,-5453277.064736557,-5477802.568890917,0.2230769230769231,-5453277.064736557,-5435361.668194936,0.23076923076923078,9,39,780,Road,29.01125,31.4,-4392297162.957751,-1130149623.316256,0.10047619047619048,-4392297162.957751,-4052944831.792468,0.01904761904761905,2,105,2100,-4397750440.022488,4386843885.893015,0.21172161172161175
Rail,16.44625,15.2,-5453277.064736557,-5477802.568890917,0.2230769230769231,-5453277.064736557,-5435361.668194936,0.23076923076923078,9,39,780,Road,29.125,31.4,-4405263242.820859,-1130435156.2728949,0.10047619047619048,-4405263242.82086,-4065688782.0134554,0.01904761904761905,2,105,2100,-4410716519.885596,4399809965.756124,0.21172161172161175
Rail,16.44625,15.2,-5453277.064736557,-5477802.568890917,0.2230769230769231,-5453277.064736557,-5435361.668194936,0.23076923076923078,9,39,780,Road,29.23875,31.4,-4418229322.683968,-1130720689.2295337,0.10047619047619048,-4418229322.683967,-4078432732.2344427,0.01904761904761905,2,105,2100,-4423682599.748703,4412776045.61923,0.21172161172161175
Rail,16.44625,15.2,-5453277.064736557,-5477802.568890917,0.2230769230769231,-5453277.064736557,-5435361.668194936,0.23076923076923078,9,39,780,Road,29.3525,31.4,-4431195402.547075,-1131006222.1861722,0.10047619047619048,-4431195402.547075,-4091176682.4554305,0.01904761904761905,2,105,2100,-4436648679.611812,4425742125.482339,0.21172161172161175
Rail,16.44625,15.2,-5453277.064736557,-5477802.568890917,0.2230769230769231,-5453277.064736557,-5435361.668194936,0.23076923076923078,9,39,780,Road,29.46625,31.4,-4444161482.410184,-1131318836.6494703,0.10047619047619048,-4444161482.410183,-4103920632.6764183,0.01904761904761905,2,105,2100,-4449614759.474919,4438708205.345447,0.21172161172161175
Rail,16.44625,15.2,-5453277.064736557,-5477802.568890917,0.2230769230769231,-5453277.064736557,-5435361.668194936,0.23076923076923078,9,39,780,Road,29.58,31.4,-4457127562.273292,-1131652692.5152984,0.10047619047619048,-4457127562.273292,-4116664582.897405,0.01904761904761905,2,105,2100,-4462580839.338028,4451674285.208555,0.21172161172161175
Rail,16.44625,15.2,-5453277.064736557,-5477802.568890917,0.2230769230769231,-5453277.064736557,-5435361.668194936,0.23076923076923078,9,39,780,Road,29.69375,31.4,-4470093642.136399,-1131986548.3811264,0.10047619047619048,-4470093642.1364,-4129408533.118394,0.01904761904761905,2,105,2100,-4475546919.201137,4464640365.071664,0.21172161172161175
Rail,16.44625,15.2,-5453277.064736557,-5477802.568890917,0.2230769230769231,-5453277.064736557,-5435361.668194936,0.23076923076923078,9,39,780,Road,29.8075,31.4,-4483059721.999507,-1132399643.9010806,0.10047619047619048,-4483059721.999507,-4142152483.339381,0.01904761904761905,2,105,2100,-4488512999.064243,4477606444.934771,0.21172161172161175
Rail,16.44625,15.2,-5453277.064736557,-5477802.568890917,0.2230769230769231,-5453277.064736557,-5435361.668194936,0.23076923076923078,9,39,780,Road,29.92125,31.4,-4496025801.862616,-1133220640.7194252,0.10047619047619048,-4496025801.862616,-4154896433.5603685,0.01904761904761905,2,105,2100,-4501479078.927352,4490572524.797879,0.21172161172161175
Rail,16.44625,15.2,-5453277.064736557,-5477802.568890917,0.2230769230769231,-5453277.064736557,-5435361.668194936,0.23076923076923078,9,39,780,Road,30.035,31.4,-4508991881.725723,-1134041637.53777,0.10047619047619048,-4508991881.725723,-4167640383.781356,0.01904761904761905,2,105,2100,-4514445158.79046,4503538604.660987,0.21172161172161175
Rail,16.44625,15.2,-5453277.064736557,-5477802.568890917,0.2230769230769231,-5453277.064736557,-5435361.668194936,0.23076923076923078,9,39,780,Road,30.14875,31.4,-4521957961.588831,-1134862634.3561149,0.10047619047619048,-4521957961.588832,-4180384334.0023437,0.01904761904761905,2,105,2100,-4527411238.653568,4516504684.524096,0.21172161172161175
Rail,16.44625,15.2,-5453277.064736557,-5477802.568890917,0.2230769230769231,-5453277.064736557,-5435361.668194936,0.23076923076923078,9,39,780,Road,30.2625,31.4,-4534924041.45194,-1136086734.2343452,0.10047619047619048,-4534924041.45194,-4193128284.2233315,0.01904761904761905,2,105,2100,-4540377318.516676,4529470764.387203,0.21172161172161175
Rail,16.44625,15.2,-5453277.064736557,-5477802.568890917,0.2230769230769231,-5453277.064736557,-5435361.668194936,0.23076923076923078,9,39,780,Road,30.37625,31.4,-4547890121.315047,-1137684027.005255,0.10047619047619048,-4547890121.315047,-4205872234.4443183,0.01904761904761905,2,105,2100,-4553343398.379784,4542436844.250311,0.21172161172161175
Rail,16.44625,15.2,-5453277.064736557,-5477802.568890917,0.2230769230769231,-5453277.064736557,-5435361.668194936,0.23076923076923078,9,39,780,Road,30.49,31.4,-4560856201.178155,-1138628306.1565766,0.10047619047619048,-4560856201.178156,-4218616184.665306,0.01904761904761905,2,105,2100,-4566309478.242892,4555402924.11342,0.21172161172161175
Rail,16.44625,15.2,-5453277.064736557,-5477802.568890917,0.2230769230769231,-5453277.064736557,-5435361.668194936,0.23076923076923078,9,39,780,Road,30.603749999999998,31.4,-4573822281.041263,-1139454162.9291048,0.10047619047619048,-4573822281.041264,-4231360134.886294,0.01904761904761905,2,105,2100,-4579275558.106,4568369003.976527,0.21172161172161175
Rail,16.44625,15.2,-5453277.064736557,-5477802.568890917,0.2230769230769231,-5453277.064736557,-5435361.668194936,0.23076923076923078,9,39,780,Road,30.7175,31.4,-4586788360.904371,-1139439918.655672,0.10047619047619048,-4586788360.904372,-4244104085.1072817,0.01904761904761905,2,105,2100,-4592241637.969109,4581335083.839636,0.21172161172161175
Rail,16.44625,15.2,-5453277.064736557,-5477802.568890917,0.2230769230769231,-5453277.064736557,-5435361.668194936,0.23076923076923078,9,39,780,Road,30.831249999999997,31.4,-4599754440.76748,-1138061295.3365622,0.10047619047619048,-4599754440.767479,-4256848035.3282685,0.01904761904761905,2,105,2100,-4605207717.832215,4594301163.702743,0.21172161172161175
Rail,16.44625,15.2,-5453277.064736557,-5477802.568890917,0.2230769230769231,-5453277.064736557,-5435361.668194936,0.23076923076923078,9,39,780,Road,30.945,31.4,-4612720520.630588,-1137330797.4304318,0.10047619047619048,-4612720520.630588,-4269591985.5492563,0.01904761904761905,2,105,2100,-4618173797.695324,4607267243.565851,0.21172161172161175
Rail,16.44625,15.2,-5453277.064736557,-5477802.568890917,0.2230769230769231,-5453277.064736557,-5435361.668194936,0.23076923076923078,9,39,780,Road,31.05875,31.4,-4625686600.493696,-1137579405.5205877,0.10047619047619048,-4625686600.493695,-4282335935.7702436,0.01904761904761905,2,105,2100,-4631139877.558432,4620233323.428959,0.21172161172161175
Rail,16.44625,15.2,-5453277.064736557,-5477802.568890917,0.2230769230769231,-5453277.064736557,-5435361.668194936,0.23076923076923078,9,39,780,Road,31.1725,31.4,-4638652680.356804,-1137828013.6107433,0.10047619047619048,-4638652680.356805,-4295079885.991232,0.01904761904761905,2,105,2100,-4644105957.421541,4633199403.2920685,0.21172161172161175
Rail,16.44625,15.2,-5453277.064736557,-5477802.568890917,0.2230769230769231,-5453277.064736557,-5435361.668194936,0.23076923076923078,9,39,780,Road,31.28625,31.4,-4651618760.219912,-1138076621.7008991,0.10047619047619048,-4651618760.219912,-4307823836.212219,0.01904761904761905,2,105,2100,-4657072037.284648,4646165483.155175,0.21172161172161175
Rail,16.44625,15.2,-5453277.064736557,-5477802.568890917,0.2230769230769231,-5453277.064736557,-5435361.668194936,0.23076923076923078,9,39,780,Road,31.4,31.4,-4664584840.083019,-1138335947.347439,0.10047619047619048,-4664584840.083019,-4320567786.433207,0.01904761904761905,2,105,2100,-4670038117.147756,4659131563.018283,0.21172161172161175
Rail,16.697499999999998,15.2,-5384579.384668176,-5401764.532840816,0.22692307692307692,-5384579.384668175,-5358675.260856555,0.23076923076923078,9,39,780,Road,26.85,31.4,-4145941645.5586987,-1128380906.1848278,0.10047619047619048,-4145941645.558698,-3830177839.9219346,0.01904761904761905,2,105,2100,-4151326224.9433665,4140557066.17403,0.21172161172161175
Rail,16.697499999999998,15.2,-5384579.384668176,-5401764.532840816,0.22692307692307692,-5384579.384668175,-5358675.260856555,0.23076923076923078,9,39,780,Road,26.96375,31.4,-4158907725.421807,-1128629514.274984,0.10047619047619048,-4158907725.421807,-3842950509.708068,0.01904761904761905,2,105,2100,-4164292304.806475,4153523146.0371385,0.21172161172161175
Rail,16.697499999999998,15.2,-5384579.384668176,-5401764.532840816,0.22692307692307692,-5384579.384668175,-5358675.260856555,0.23076923076923078,9,39,780,Road,27.0775,31.4,-4171873805.2849145,-1128878122.3651395,0.10047619047619048,-4171873805.284915,-3855723179.4942007,0.01904761904761905,2,105,2100,-4177258384.6695833,4166489225.9002466,0.21172161172161175
Rail,16.697499999999998,15.2,-5384579.384668176,-5401764.532840816,0.22692307692307692,-5384579.384668175,-5358675.260856555,0.23076923076923078,9,39,780,Road,27.19125,31.4,-4184839885.1480227,-1129126730.455295,0.10047619047619048,-4184839885.148023,-3868495849.2803345,0.01904761904761905,2,105,2100,-4190224464.5326915,4179455305.763355,0.21172161172161175
Rail,16.697499999999998,15.2,-5384579.384668176,-5401764.532840816,0.22692307692307692,-5384579.384668175,-5358675.260856555,0.23076923076923078,9,39,780,Road,27.305,31.4,-4197805965.011131,-1129375338.5454507,0.10047619047619048,-4197805965.0111313,-3881268519.0664682,0.01904761904761905,2,105,2100,-4203190544.3957996,4192421385.626463,0.21172161172161175
Rail,16.697499999999998,15.2,-5384579.384668176,-5401764.532840816,0.22692307692307692,-5384579.384668175,-5358675.260856555,0.23076923076923078,9,39,780,Road,27.418750000000003,31.4,-4210772044.8742394,-1129623946.6356063,0.10047619047619048,-4210772044.8742385,-3893495777.8551016,0.01904761904761905,2,105,2100,-4216156624.258907,4205387465.48957,0.21172161172161175
Rail,16.697499999999998,15.2,-5384579.384668176,-5401764.532840816,0.22692307692307692,-5384579.384668175,-5358675.260856555,0.23076923076923078,9,39,780,Road,27.532500000000002,31.4,-4223738124.7373476,-1129872554.725762,0.10047619047619048,-4223738124.7373466,-3901909725.170789,0.01904761904761905,2,105,2100,-4229122704.122015,4218353545.3526783,0.21172161172161175
Rail,16.697499999999998,15.2,-5384579.384668176,-5401764.532840816,0.22692307692307692,-5384579.384668175,-5358675.260856555,0.23076923076923078,9,39,780,Road,27.646250000000002,31.4,-4236704204.600455,-1130121162.8159175,0.10047619047619048,-4236704204.6004553,-3910323672.4864755,0.01904761904761905,2,105,2100,-4242088783.9851236,4231319625.215787,0.21172161172161175
Rail,16.697499999999998,15.2,-5384579.384668176,-5401764.532840816,0.22692307692307692,-5384579.384668175,-5358675.260856555,0.23076923076923078,9,39,780,Road,27.76,31.4,-4249670284.463563,-1130369770.9060733,0.10047619047619048,-4249670284.463563,-3918737619.802162,0.01904761904761905,2,105,2100,-4255054863.8482313,4244285705.0788946,0.21172161172161175
Rail,16.697499999999998,15.2,-5384579.384668176,-5401764.532840816,0.22692307692307692,-5384579.384668175,-5358675.260856555,0.23076923076923078,9,39,780,Road,27.87375,31.4,-4262636364.32667,-1130618378.996229,0.10047619047619048,-4262636364.326671,-3927151567.117849,0.01904761904761905,2,105,2100,-4268020943.7113395,4257251784.942003,0.21172161172161175
Rail,16.697499999999998,15.2,-5384579.384668176,-5401764.532840816,0.22692307692307692,-5384579.384668175,-5358675.260856555,0.23076923076923078,9,39,780,Road,27.9875,31.4,-4275602444.189779,-1130053142.5673504,0.10047619047619048,-4275602444.1897793,-3939412550.3008804,0.01904761904761905,2,105,2100,-4280987023.5744476,4270217864.805111,0.21172161172161175
Rail,16.697499999999998,15.2,-5384579.384668176,-5401764.532840816,0.22692307692307692,-5384579.384668175,-5358675.260856555,0.23076923076923078,9,39,780,Road,28.10125,31.4,-4288568524.052887,-1128985213.0862138,0.10047619047619048,-4288568524.0528865,-3953394607.081622,0.01904761904761905,2,105,2100,-4293953103.437555,4283183944.668218,0.21172161172161175
Rail,16.697499999999998,15.2,-5384579.384668176,-5401764.532840816,0.22692307692307692,-5384579.384668175,-5358675.260856555,0.23076923076923078,9,39,780,Road,28.215,31.4,-4301534603.915996,-1128174086.3538113,0.10047619047619048,-4301534603.915995,-3967376663.8623643,0.01904761904761905,2,105,2100,-4306919183.300663,4296150024.531326,0.21172161172161175
Rail,16.697499999999998,15.2,-5384579.384668176,-5401764.532840816,0.22692307692307692,-5384579.384668175,-5358675.260856555,0.23076923076923078,9,39,780,Road,28.32875,31.4,-4314500683.779103,-1128436425.5764236,0.10047619047619048,-4314500683.779103,-3981358720.643106,0.01904761904761905,2,105,2100,-4319885263.163772,4309116104.394435,0.21172161172161175
Rail,16.697499999999998,15.2,-5384579.384668176,-5401764.532840816,0.22692307692307692,-5384579.384668175,-5358675.260856555,0.23076923076923078,9,39,780,Road,28.4425,31.4,-4327466763.642212,-1128721958.5330625,0.10047619047619048,-4327466763.642211,-3995340777.423848,0.01904761904761905,2,105,2100,-4332851343.026879,4322082184.257543,0.21172161172161175
Rail,16.697499999999998,15.2,-5384579.384668176,-5401764.532840816,0.22692307692307692,-5384579.384668175,-5358675.260856555,0.23076923076923078,9,39,780,Road,28.55625,31.4,-4340432843.505318,-1129007491.4897013,0.10047619047619048,-4340432843.505319,-4009322834.20459,0.01904761904761905,2,105,2100,-4345817422.889987,4335048264.12065,0.21172161172161175
Rail,16.697499999999998,15.2,-5384579.384668176,-5401764.532840816,0.22692307692307692,-5384579.384668175,-5358675.260856555,0.23076923076923078,9,39,780,Road,28.67,31.4,-4353398923.368427,-1129293024.4463398,0.10047619047619048,-4353398923.368427,-4019144236.3541107,0.01904761904761905,2,105,2100,-4358783502.753096,4348014343.983759,0.21172161172161175
Rail,16.697499999999998,15.2,-5384579.384668176,-5401764.532840816,0.22692307692307692,-5384579.384668175,-5358675.260856555,0.23076923076923078,9,39,780,Road,28.78375,31.4,-4366365003.231536,-1129578557.4029787,0.10047619047619048,-4366365003.231535,-4028344187.013256,0.01904761904761905,2,105,2100,-4371749582.616203,4360980423.846867,0.21172161172161175
Rail,16.697499999999998,15.2,-5384579.384668176,-5401764.532840816,0.22692307692307692,-5384579.384668175,-5358675.260856555,0.23076923076923078,9,39,780,Road,28.8975,31.4,-4379331083.094643,-1129864090.3596172,0.10047619047619048,-4379331083.094644,-4040200881.5714808,0.01904761904761905,2,105,2100,-4384715662.479312,4373946503.709975,0.21172161172161175
Rail,16.697499999999998,15.2,-5384579.384668176,-5401764.532840816,0.22692307692307692,-5384579.384668175,-5358675.260856555,0.23076923076923078,9,39,780,Road,29.01125,31.4,-4392297162.957751,-1130149623.316256,0.10047619047619048,-4392297162.957751,-4052944831.792468,0.01904761904761905,2,105,2100,-4397681742.34242,4386912583.573083,0.21172161172161175
Rail,16.697499999999998,15.2,-5384579.384668176,-5401764.532840816,0.22692307692307692,-5384579.384668175,-5358675.260856555,0.23076923076923078,9,39,780,Road,29.125,31.4,-4405263242.820859,-1130435156.2728949,0.10047619047619048,-4405263242.82086,-4065688782.0134554,0.01904761904761905,2,105,2100,-4410647822.205528,4399878663.436192,0.21172161172161175
Rail,16.697499999999998,15.2,-5384579.384668176,-5401764.532840816,0.22692307692307692,-5384579.384668175,-5358675.260856555,0.23076923076923078,9,39,780,Road,29.23875,31.4,-4418229322.683968,-1130720689.2295337,0.10047619047619048,-4418229322.683967,-4078432732.2344427,0.01904761904761905,2,105,2100,-4423613902.068635,4412844743.299298,0.21172161172161175
Rail,16.697499999999998,15.2,-5384579.384668176,-5401764.532840816,0.22692307692307692,-5384579.384668175,-5358675.260856555,0.23076923076923078,9,39,780,Road,29.3525,31.4,-4431195402.547075,-1131006222.1861722,0.10047619047619048,-4431195402.547075,-4091176682.4554305,0.01904761904761905,2,105,2100,-4436579981.931744,4425810823.162407,0.21172161172161175
Rail,16.697499999999998,15.2,-5384579.384668176,-5401764.532840816,0.22692307692307692,-5384579.384668175,-5358675.260856555,0.23076923076923078,9,39,780,Road,29.46625,31.4,-4444161482.410184,-1131318836.6494703,0.10047619047619048,-4444161482.410183,-4103920632.6764183,0.01904761904761905,2,105,2100,-4449546061.794851,4438776903.025515,0.21172161172161175
Rail,16.697499999999998,15.2,-5384579.384668176,-5401764.532840816,0.22692307692307692,-5384579.384668175,-5358675.260856555,0.23076923076923078,9,39,780,Road,29.58,31.4,-4457127562.273292,-1131652692.5152984,0.10047619047619048,-4457127562.273292,-4116664582.897405,0.01904761904761905,2,105,2100,-4462512141.65796,4451742982.888623,0.21172161172161175
Rail,16.697499999999998,15.2,-5384579.384668176,-5401764.532840816,0.22692307692307692,-5384579.384668175,-5358675.260856555,0.23076923076923078,9,39,780,Road,29.69375,31.4,-4470093642.136399,-1131986548.3811264,0.10047619047619048,-4470093642.1364,-4129408533.118394,0.01904761904761905,2,105,2100,-4475478221.521069,4464709062.751732,0.21172161172161175
Rail,16.697499999999998,15.2,-5384579.384668176,-5401764.532840816,0.22692307692307692,-5384579.384668175,-5358675.260856555,0.23076923076923078,9,39,780,Road,29.8075,31.4,-4483059721.999507,-1132399643.9010806,0.10047619047619048,-4483059721.999507,-4142152483.339381,0.01904761904761905,2,105,2100,-4488444301.384175,4477675142.614839,0.21172161172161175
Rail,16.697499999999998,15.2,-5384579.384668176,-5401764.532840816,0.22692307692307692,-5384579.384668175,-5358675.260856555,0.23076923076923078,9,39,780,Road,29.92125,31.4,-4496025801.862616,-1133220640.7194252,0.10047619047619048,-4496025801.862616,-4154896433.5603685,0.01904761904761905,2,105,2100,-4501410381.247284,4490641222.477947,0.21172161172161175
Rail,16.697499999999998,15.2,-5384579.384668176,-5401764.532840816,0.22692307692307692,-5384579.384668175,-5358675.260856555,0.23076923076923078,9,39,780,Road,30.035,31.4,-4508991881.725723,-1134041637.53777,0.10047619047619048,-4508991881.725723,-4167640383.781356,0.01904761904761905,2,105,2100,-4514376461.110392,4503607302.341055,0.21172161172161175
Rail,16.697499999999998,15.2,-5384579.384668176,-5401764.532840816,0.22692307692307692,-5384579.384668175,-5358675.260856555,0.23076923076923078,9,39,780,Road,30.14875,31.4,-4521957961.588831,-1134862634.3561149,0.10047619047619048,-4521957961.588832,-4180384334.0023437,0.01904761904761905,2,105,2100,-4527342540.9735,4516573382.204164,0.21172161172161175
Rail,16.697499999999998,15.2,-5384579.384668176,-5401764.532840816,0.22692307692307692,-5384579.384668175,-5358675.260856555,0.23076923076923078,9,39,780,Road,30.2625,31.4,-4534924041.45194,-1136086734.2343452,0.10047619047619048,-4534924041.45194,-4193128284.2233315,0.01904761904761905,2,105,2100,-4540308620.836608,4529539462.067271,0.21172161172161175
Rail,16.697499999999998,15.2,-5384579.384668176,-5401764.532840816,0.22692307692307692,-5384579.384668175,-5358675.260856555,0.23076923076923078,9,39,780,Road,30.37625,31.4,-4547890121.315047,-1137684027.005255,0.10047619047619048,-4547890121.315047,-4205872234.4443183,0.01904761904761905,2,105,2100,-4553274700.699716,4542505541.930379,0.21172161172161175
Rail,16.697499999999998,15.2,-5384579.384668176,-5401764.532840816,0.22692307692307692,-5384579.384668175,-5358675.260856555,0.23076923076923078,9,39,780,Road,30.49,31.4,-4560856201.178155,-1138628306.1565766,0.10047619047619048,-4560856201.178156,-4218616184.665306,0.01904761904761905,2,105,2100,-4566240780.562824,4555471621.793488,0.21172161172161175
Rail,16.697499999999998,15.2,-5384579.384668176,-5401764.532840816,0.22692307692307692,-5384579.384668175,-5358675.260856555,0.23076923076923078,9,39,780,Road,30.603749999999998,31.4,-4573822281.041263,-1139454162.9291048,0.10047619047619048,-4573822281.041264,-4231360134.886294,0.01904761904761905,2,105,2100,-4579206860.425932,4568437701.656595,0.21172161172161175
Rail,16.697499999999998,15.2,-5384579.384668176,-5401764.532840816,0.22692307692307692,-5384579.384668175,-5358675.260856555,0.23076923076923078,9,39,780,Road,30.7175,31.4,-4586788360.904371,-1139439918.655672,0.10047619047619048,-4586788360.904372,-4244104085.1072817,0.01904761904761905,2,105,2100,-4592172940.289041,4581403781.519704,0.21172161172161175
Rail,16.697499999999998,15.2,-5384579.384668176,-5401764.532840816,0.22692307692307692,-5384579.384668175,-5358675.260856555,0.23076923076923078,9,39,780,Road,30.831249999999997,31.4,-4599754440.76748,-1138061295.3365622,0.10047619047619048,-4599754440.767479,-4256848035.3282685,0.01904761904761905,2,105,2100,-4605139020.152147,4594369861.382811,0.21172161172161175
Rail,16.697499999999998,15.2,-5384579.384668176,-5401764.532840816,0.22692307692307692,-5384579.384668175,-5358675.260856555,0.23076923076923078,9,39,780,Road,30.945,31.4,-4612720520.630588,-1137330797.4304318,0.10047619047619048,-4612720520.630588,-4269591985.5492563,0.01904761904761905,2,105,2100,-4618105100.015256,4607335941.245919,0.21172161172161175
Rail,16.697499999999998,15.2,-5384579.384668176,-5401764.532840816,0.22692307692307692,-5384579.384668175,-5358675.260856555,0.23076923076923078,9,39,780,Road,31.05875,31.4,-4625686600.493696,-1137579405.5205877,0.10047619047619048,-4625686600.493695,-4282335935.7702436,0.01904761904761905,2,105,2100,-4631071179.878364,4620302021.109027,0.21172161172161175
Rail,16.697499999999998,15.2,-5384579.384668176,-5401764.532840816,0.22692307692307692,-5384579.384668175,-5358675.260856555,0.23076923076923078,9,39,780,Road,31.1725,31.4,-4638652680.356804,-1137828013.6107433,0.10047619047619048,-4638652680.356805,-4295079885.991232,0.01904761904761905,2,105,2100,-4644037259.741473,4633268100.9721365,0.21172161172161175
Rail,16.697499999999998,15.2,-5384579.384668176,-5401764.532840816,0.22692307692307692,-5384579.384668175,-5358675.260856555,0.23076923076923078,9,39,780,Road,31.28625,31.4,-4651618760.219912,-1138076621.7008991,0.10047619047619048,-4651618760.219912,-4307823836.212219,0.01904761904761905,2,105,2100,-4657003339.60458,4646234180.835243,0.21172161172161175
Rail,16.697499999999998,15.2,-5384579.384668176,-5401764.532840816,0.22692307692307692,-5384579.384668175,-5358675.260856555,0.23076923076923078,9,39,780,Road,31.4,31.4,-4664584840.083019,-1138335947.347439,0.10047619047619048,-4664584840.083019,-4320567786.433207,0.01904761904761905,2,105,2100,-4669969419.467688,4659200260.698351,0.21172161172161175
Rail,16.94875,15.2,-5315881.704599792,-5325726.496790714,0.23076923076923078,-5315881.704599793,-5281988.853518173,0.23076923076923078,9,39,780,Road,26.85,31.4,-4145941645.5586987,-1128380906.1848278,0.10047619047619048,-4145941645.558698,-3830177839.9219346,0.01904761904761905,2,105,2100,-4151257527.263298,4140625763.8540983,0.21172161172161175
Rail,16.94875,15.2,-5315881.704599792,-5325726.496790714,0.23076923076923078,-5315881.704599793,-5281988.853518173,0.23076923076923078,9,39,780,Road,26.96375,31.4,-4158907725.421807,-1128629514.274984,0.10047619047619048,-4158907725.421807,-3842950509.708068,0.01904761904761905,2,105,2100,-4164223607.1264067,4153591843.717207,0.21172161172161175
Rail,16.94875,15.2,-5315881.704599792,-5325726.496790714,0.23076923076923078,-5315881.704599793,-5281988.853518173,0.23076923076923078,9,39,780,Road,27.0775,31.4,-4171873805.2849145,-1128878122.3651395,0.10047619047619048,-4171873805.284915,-3855723179.4942007,0.01904761904761905,2,105,2100,-4177189686.989515,4166557923.580315,0.21172161172161175
Rail,16.94875,15.2,-5315881.704599792,-5325726.496790714,0.23076923076923078,-5315881.704599793,-5281988.853518173,0.23076923076923078,9,39,780,Road,27.19125,31.4,-4184839885.1480227,-1129126730.455295,0.10047619047619048,-4184839885.148023,-3868495849.2803345,0.01904761904761905,2,105,2100,-4190155766.852623,4179524003.4434233,0.21172161172161175
Rail,16.94875,15.2,-5315881.704599792,-5325726.496790714,0.23076923076923078,-5315881.704599793,-5281988.853518173,0.23076923076923078,9,39,780,Road,27.305,31.4,-4197805965.011131,-1129375338.5454507,0.10047619047619048,-4197805965.0111313,-3881268519.0664682,0.01904761904761905,2,105,2100,-4203121846.715731,4192490083.3065314,0.21172161172161175
Rail,16.94875,15.2,-5315881.704599792,-5325726.496790714,0.23076923076923078,-5315881.704599793,-5281988.853518173,0.23076923076923078,9,39,780,Road,27.418750000000003,31.4,-4210772044.8742394,-1129623946.6356063,0.10047619047619048,-4210772044.8742385,-3893495777.8551016,0.01904761904761905,2,105,2100,-4216087926.5788383,4205456163.1696386,0.21172161172161175
Rail,16.94875,15.2,-5315881.704599792,-5325726.496790714,0.23076923076923078,-5315881.704599793,-5281988.853518173,0.23076923076923078,9,39,780,Road,27.532500000000002,31.4,-4223738124.7373476,-1129872554.725762,0.10047619047619048,-4223738124.7373466,-3901909725.170789,0.01904761904761905,2,105,2100,-4229054006.4419465,4218422243.032747,0.21172161172161175
Rail,16.94875,15.2,-5315881.704599792,-5325726.496790714,0.23076923076923078,-5315881.704599793,-5281988.853518173,0.23076923076923078,9,39,780,Road,27.646250000000002,31.4,-4236704204.600455,-1130121162.8159175,0.10047619047619048,-4236704204.6004553,-3910323672.4864755,0.01904761904761905,2,105,2100,-4242020086.305055,4231388322.8958554,0.21172161172161175
Rail,16.94875,15.2,-5315881.704599792,-5325726.496790714,0.23076923076923078,-5315881.704599793,-5281988.853518173,0.23076923076923078,9,39,780,Road,27.76,31.4,-4249670284.463563,-1130369770.9060733,0.10047619047619048,-4249670284.463563,-3918737619.802162,0.01904761904761905,2,105,2100,-4254986166.168163,4244354402.758963,0.21172161172161175
Rail,16.94875,15.2,-5315881.704599792,-5325726.496790714,0.23076923076923078,-5315881.704599793,-5281988.853518173,0.23076923076923078,9,39,780,Road,27.87375,31.4,-4262636364.32667,-1130618378.996229,0.10047619047619048,-4262636364.326671,-3927151567.117849,0.01904761904761905,2,105,2100,-4267952246.031271,4257320482.6220713,0.21172161172161175
Rail,16.94875,15.2,-5315881.704599792,-5325726.496790714,0.23076923076923078,-5315881.704599793,-5281988.853518173,0.23076923076923078,9,39,780,Road,27.9875,31.4,-4275602444.189779,-1130053142.5673504,0.10047619047619048,-4275602444.1897793,-3939412550.3008804,0.01904761904761905,2,105,2100,-4280918325.894379,4270286562.4851794,0.21172161172161175
Rail,16.94875,15.2,-5315881.704599792,-5325726.496790714,0.23076923076923078,-5315881.704599793,-5281988.853518173,0.23076923076923078,9,39,780,Road,28.10125,31.4,-4288568524.052887,-1128985213.0862138,0.10047619047619048,-4288568524.0528865,-3953394607.081622,0.01904761904761905,2,105,2100,-4293884405.7574863,4283252642.3482866,0.21172161172161175
Rail,16.94875,15.2,-5315881.704599792,-5325726.496790714,0.23076923076923078,-5315881.704599793,-5281988.853518173,0.23076923076923078,9,39,780,Road,28.215,31.4,-4301534603.915996,-1128174086.3538113,0.10047619047619048,-4301534603.915995,-3967376663.8623643,0.01904761904761905,2,105,2100,-4306850485.620594,4296218722.211395,0.21172161172161175
Rail,16.94875,15.2,-5315881.704599792,-5325726.496790714,0.23076923076923078,-5315881.704599793,-5281988.853518173,0.23076923076923078,9,39,780,Road,28.32875,31.4,-4314500683.779103,-1128436425.5764236,0.10047619047619048,-4314500683.779103,-3981358720.643106,0.01904761904761905,2,105,2100,-4319816565.483703,4309184802.074504,0.21172161172161175
Rail,16.94875,15.2,-5315881.704599792,-5325726.496790714,0.23076923076923078,-5315881.704599793,-5281988.853518173,0.23076923076923078,9,39,780,Road,28.4425,31.4,-4327466763.642212,-1128721958.5330625,0.10047619047619048,-4327466763.642211,-3995340777.423848,0.01904761904761905,2,105,2100,-4332782645.34681,4322150881.937612,0.21172161172161175
Rail,16.94875,15.2,-5315881.704599792,-5325726.496790714,0.23076923076923078,-5315881.704599793,-5281988.853518173,0.23076923076923078,9,39,780,Road,28.55625,31.4,-4340432843.505318,-1129007491.4897013,0.10047619047619048,-4340432843.505319,-4009322834.20459,0.01904761904761905,2,105,2100,-4345748725.209918,4335116961.800719,0.21172161172161175
Rail,16.94875,15.2,-5315881.704599792,-5325726.496790714,0.23076923076923078,-5315881.704599793,-5281988.853518173,0.23076923076923078,9,39,780,Road,28.67,31.4,-4353398923.368427,-1129293024.4463398,0.10047619047619048,-4353398923.368427,-4019144236.3541107,0.01904761904761905,2,105,2100,-4358714805.073027,4348083041.663828,0.21172161172161175
Rail,16.94875,15.2,-5315881.704599792,-5325726.496790714,0.23076923076923078,-5315881.704599793,-5281988.853518173,0.23076923076923078,9,39,780,Road,28.78375,31.4,-4366365003.231536,-1129578557.4029787,0.10047619047619048,-4366365003.231535,-4028344187.013256,0.01904761904761905,2,105,2100,-4371680884.936134,4361049121.526936,0.21172161172161175
Rail,16.94875,15.2,-5315881.704599792,-5325726.496790714,0.23076923076923078,-5315881.704599793,-5281988.853518173,0.23076923076923078,9,39,780,Road,28.8975,31.4,-4379331083.094643,-1129864090.3596172,0.10047619047619048,-4379331083.094644,-4040200881.5714808,0.01904761904761905,2,105,2100,-4384646964.799243,4374015201.390044,0.21172161172161175
Rail,16.94875,15.2,-5315881.704599792,-5325726.496790714,0.23076923076923078,-5315881.704599793,-5281988.853518173,0.23076923076923078,9,39,780,Road,29.01125,31.4,-4392297162.957751,-1130149623.316256,0.10047619047619048,-4392297162.957751,-4052944831.792468,0.01904761904761905,2,105,2100,-4397613044.662351,4386981281.253152,0.21172161172161175
Rail,16.94875,15.2,-5315881.704599792,-5325726.496790714,0.23076923076923078,-5315881.704599793,-5281988.853518173,0.23076923076923078,9,39,780,Road,29.125,31.4,-4405263242.820859,-1130435156.2728949,0.10047619047619048,-4405263242.82086,-4065688782.0134554,0.01904761904761905,2,105,2100,-4410579124.525459,4399947361.116261,0.21172161172161175
Rail,16.94875,15.2,-5315881.704599792,-5325726.496790714,0.23076923076923078,-5315881.704599793,-5281988.853518173,0.23076923076923078,9,39,780,Road,29.23875,31.4,-4418229322.683968,-1130720689.2295337,0.10047619047619048,-4418229322.683967,-4078432732.2344427,0.01904761904761905,2,105,2100,-4423545204.388566,4412913440.979367,0.21172161172161175
Rail,16.94875,15.2,-5315881.704599792,-5325726.496790714,0.23076923076923078,-5315881.704599793,-5281988.853518173,0.23076923076923078,9,39,780,Road,29.3525,31.4,-4431195402.547075,-1131006222.1861722,0.10047619047619048,-4431195402.547075,-4091176682.4554305,0.01904761904761905,2,105,2100,-4436511284.251675,4425879520.842476,0.21172161172161175
Rail,16.94875,15.2,-5315881.704599792,-5325726.496790714,0.23076923076923078,-5315881.704599793,-5281988.853518173,0.23076923076923078,9,39,780,Road,29.46625,31.4,-4444161482.410184,-1131318836.6494703,0.10047619047619048,-4444161482.410183,-4103920632.6764183,0.01904761904761905,2,105,2100,-4449477364.114782,4438845600.705584,0.21172161172161175
Rail,16.94875,15.2,-5315881.704599792,-5325726.496790714,0.23076923076923078,-5315881.704599793,-5281988.853518173,0.23076923076923078,9,39,780,Road,29.58,31.4,-4457127562.273292,-1131652692.5152984,0.10047619047619048,-4457127562.273292,-4116664582.897405,0.01904761904761905,2,105,2100,-4462443443.977891,4451811680.568692,0.21172161172161175
Rail,16.94875,15.2,-5315881.704599792,-5325726.496790714,0.23076923076923078,-5315881.704599793,-5281988.853518173,0.23076923076923078,9,39,780,Road,29.69375,31.4,-4470093642.136399,-1131986548.3811264,0.10047619047619048,-4470093642.1364,-4129408533.118394,0.01904761904761905,2,105,2100,-4475409523.841,4464777760.431801,0.21172161172161175
Rail,16.94875,15.2,-5315881.704599792,-5325726.496790714,0.23076923076923078,-5315881.704599793,-5281988.853518173,0.23076923076923078,9,39,780,Road,29.8075,31.4,-4483059721.999507,-1132399643.9010806,0.10047619047619048,-4483059721.999507,-4142152483.339381,0.01904761904761905,2,105,2100,-4488375603.704106,4477743840.294908,0.21172161172161175
Rail,16.94875,15.2,-5315881.704599792,-5325726.496790714,0.23076923076923078,-5315881.704599793,-5281988.853518173,0.23076923076923078,9,39,780,Road,29.92125,31.4,-4496025801.862616,-1133220640.7194252,0.10047619047619048,-4496025801.862616,-4154896433.5603685,0.01904761904761905,2,105,2100,-4501341683.567215,4490709920.158016,0.21172161172161175
Rail,16.94875,15.2,-5315881.704599792,-5325726.496790714,0.23076923076923078,-5315881.704599793,-5281988.853518173,0.23076923076923078,9,39,780,Road,30.035,31.4,-4508991881.725723,-1134041637.53777,0.10047619047619048,-4508991881.725723,-4167640383.781356,0.01904761904761905,2,105,2100,-4514307763.430323,4503676000.021124,0.21172161172161175
Rail,16.94875,15.2,-5315881.704599792,-5325726.496790714,0.23076923076923078,-5315881.704599793,-5281988.853518173,0.23076923076923078,9,39,780,Road,30.14875,31.4,-4521957961.588831,-1134862634.3561149,0.10047619047619048,-4521957961.588832,-4180384334.0023437,0.01904761904761905,2,105,2100,-4527273843.293431,4516642079.8842325,0.21172161172161175
Rail,16.94875,15.2,-5315881.704599792,-5325726.496790714,0.23076923076923078,-5315881.704599793,-5281988.853518173,0.23076923076923078,9,39,780,Road,30.2625,31.4,-4534924041.45194,-1136086734.2343452,0.10047619047619048,-4534924041.45194,-4193128284.2233315,0.01904761904761905,2,105,2100,-4540239923.156539,4529608159.74734,0.21172161172161175
Rail,16.94875,15.2,-5315881.704599792,-5325726.496790714,0.23076923076923078,-5315881.704599793,-5281988.853518173,0.23076923076923078,9,39,780,Road,30.37625,31.4,-4547890121.315047,-1137684027.005255,0.10047619047619048,-4547890121.315047,-4205872234.4443183,0.01904761904761905,2,105,2100,-4553206003.019647,4542574239.610448,0.21172161172161175
Rail,16.94875,15.2,-5315881.704599792,-5325726.496790714,0.23076923076923078,-5315881.704599793,-5281988.853518173,0.23076923076923078,9,39,780,Road,30.49,31.4,-4560856201.178155,-1138628306.1565766,0.10047619047619048,-4560856201.178156,-4218616184.665306,0.01904761904761905,2,105,2100,-4566172082.882755,4555540319.4735565,0.21172161172161175
Rail,16.94875,15.2,-5315881.704599792,-5325726.496790714,0.23076923076923078,-5315881.704599793,-5281988.853518173,0.23076923076923078,9,39,780,Road,30.603749999999998,31.4,-4573822281.041263,-1139454162.9291048,0.10047619047619048,-4573822281.041264,-4231360134.886294,0.01904761904761905,2,105,2100,-4579138162.745863,4568506399.336664,0.21172161172161175
Rail,16.94875,15.2,-5315881.704599792,-5325726.496790714,0.23076923076923078,-5315881.704599793,-5281988.853518173,0.23076923076923078,9,39,780,Road,30.7175,31.4,-4586788360.904371,-1139439918.655672,0.10047619047619048,-4586788360.904372,-4244104085.1072817,0.01904761904761905,2,105,2100,-4592104242.608972,4581472479.199773,0.21172161172161175
Rail,16.94875,15.2,-5315881.704599792,-5325726.496790714,0.23076923076923078,-5315881.704599793,-5281988.853518173,0.23076923076923078,9,39,780,Road,30.831249999999997,31.4,-4599754440.76748,-1138061295.3365622,0.10047619047619048,-4599754440.767479,-4256848035.3282685,0.01904761904761905,2,105,2100,-4605070322.472078,4594438559.06288,0.21172161172161175
Rail,16.94875,15.2,-5315881.704599792,-5325726.496790714,0.23076923076923078,-5315881.704599793,-5281988.853518173,0.23076923076923078,9,39,780,Road,30.945,31.4,-4612720520.630588,-1137330797.4304318,0.10047619047619048,-4612720520.630588,-4269591985.5492563,0.01904761904761905,2,105,2100,-4618036402.335187,4607404638.925988,0.21172161172161175
Rail,16.94875,15.2,-5315881.704599792,-5325726.496790714,0.23076923076923078,-5315881.704599793,-5281988.853518173,0.23076923076923078,9,39,780,Road,31.05875,31.4,-4625686600.493696,-1137579405.5205877,0.10047619047619048,-4625686600.493695,-4282335935.7702436,0.01904761904761905,2,105,2100,-4631002482.198295,4620370718.789096,0.21172161172161175
Rail,16.94875,15.2,-5315881.704599792,-5325726.496790714,0.23076923076923078,-5315881.704599793,-5281988.853518173,0.23076923076923078,9,39,780,Road,31.1725,31.4,-4638652680.356804,-1137828013.6107433,0.10047619047619048,-4638652680.356805,-4295079885.991232,0.01904761904761905,2,105,2100,-4643968562.061404,4633336798.652205,0.21172161172161175
Rail,16.94875,15.2,-5315881.704599792,-5325726.496790714,0.23076923076923078,-5315881.704599793,-5281988.853518173,0.23076923076923078,9,39,780,Road,31.28625,31.4,-4651618760.219912,-1138076621.7008991,0.10047619047619048,-4651618760.219912,-4307823836.212219,0.01904761904761905,2,105,2100,-4656934641.924511,4646302878.515312,0.21172161172161175
Rail,16.94875,15.2,-5315881.704599792,-5325726.496790714,0.23076923076923078,-5315881.704599793,-5281988.853518173,0.23076923076923078,9,39,780,Road,31.4,31.4,-4664584840.083019,-1138335947.347439,0.10047619047619048,-4664584840.083019,-4320567786.433207,0.01904761904761905,2,105,2100,-4669900721.787619,4659268958.37842,0.21172161172161175
Rail,17.2,15.2,-5247184.02453141,-5249688.460740612,0.23461538461538461,-5247184.02453141,-5205302.446179792,0.23076923076923078,9,39,780,Road,26.85,31.4,-4145941645.5586987,-1128380906.1848278,0.10047619047619048,-4145941645.558698,-3830177839.9219346,0.01904761904761905,2,105,2100,-4151188829.5832295,4140694461.534167,0.21172161172161175
Rail,17.2,15.2,-5247184.02453141,-5249688.460740612,0.23461538461538461,-5247184.02453141,-5205302.446179792,0.23076923076923078,9,39,780,Road,26.96375,31.4,-4158907725.421807,-1128629514.274984,0.10047619047619048,-4158907725.421807,-3842950509.708068,0.01904761904761905,2,105,2100,-4164154909.446338,4153660541.3972754,0.21172161172161175
Rail,17.2,15.2,-5247184.02453141,-5249688.460740612,0.23461538461538461,-5247184.02453141,-5205302.446179792,0.23076923076923078,9,39,780,Road,27.0775,31.4,-4171873805.2849145,-1128878122.3651395,0.10047619047619048,-4171873805.284915,-3855723179.4942007,0.01904761904761905,2,105,2100,-4177120989.3094463,4166626621.2603836,0.21172161172161175
Rail,17.2,15.2,-5247184.02453141,-5249688.460740612,0.23461538461538461,-5247184.02453141,-5205302.446179792,0.23076923076923078,9,39,780,Road,27.19125,31.4,-4184839885.1480227,-1129126730.455295,0.10047619047619048,-4184839885.148023,-3868495849.2803345,0.01904761904761905,2,105,2100,-4190087069.1725545,4179592701.123492,0.21172161172161175
Rail,17.2,15.2,-5247184.02453141,-5249688.460740612,0.23461538461538461,-5247184.02453141,-5205302.446179792,0.23076923076923078,9,39,780,Road,27.305,31.4,-4197805965.011131,-1129375338.5454507,0.10047619047619048,-4197805965.0111313,-3881268519.0664682,0.01904761904761905,2,105,2100,-4203053149.0356627,4192558780.9866,0.21172161172161175
Rail,17.2,15.2,-5247184.02453141,-5249688.460740612,0.23461538461538461,-5247184.02453141,-5205302.446179792,0.23076923076923078,9,39,780,Road,27.418750000000003,31.4,-4210772044.8742394,-1129623946.6356063,0.10047619047619048,-4210772044.8742385,-3893495777.8551016,0.01904761904761905,2,105,2100,-4216019228.89877,4205524860.849707,0.21172161172161175
Rail,17.2,15.2,-5247184.02453141,-5249688.460740612,0.23461538461538461,-5247184.02453141,-5205302.446179792,0.23076923076923078,9,39,780,Road,27.532500000000002,31.4,-4223738124.7373476,-1129872554.725762,0.10047619047619048,-4223738124.7373466,-3901909725.170789,0.01904761904761905,2,105,2100,-4228985308.761878,4218490940.7128153,0.21172161172161175
Rail,17.2,15.2,-5247184.02453141,-5249688.460740612,0.23461538461538461,-5247184.02453141,-5205302.446179792,0.23076923076923078,9,39,780,Road,27.646250000000002,31.4,-4236704204.600455,-1130121162.8159175,0.10047619047619048,-4236704204.6004553,-3910323672.4864755,0.01904761904761905,2,105,2100,-4241951388.6249866,4231457020.575924,0.21172161172161175
Rail,17.2,15.2,-5247184.02453141,-5249688.460740612,0.23461538461538461,-5247184.02453141,-5205302.446179792,0.23076923076923078,9,39,780,Road,27.76,31.4,-4249670284.463563,-1130369770.9060733,0.10047619047619048,-4249670284.463563,-3918737619.802162,0.01904761904761905,2,105,2100,-4254917468.4880943,4244423100.4390316,0.21172161172161175
Rail,17.2,15.2,-5247184.02453141,-5249688.460740612,0.23461538461538461,-5247184.02453141,-5205302.446179792,0.23076923076923078,9,39,780,Road,27.87375,31.4,-4262636364.32667,-1130618378.996229,0.10047619047619048,-4262636364.326671,-3927151567.117849,0.01904761904761905,2,105,2100,-4267883548.3512025,4257389180.3021398,0.21172161172161175
Rail,17.2,15.2,-5247184.02453141,-5249688.460740612,0.23461538461538461,-5247184.02453141,-5205302.446179792,0.23076923076923078,9,39,780,Road,27.9875,31.4,-4275602444.189779,-1130053142.5673504,0.10047619047619048,-4275602444.1897793,-3939412550.3008804,0.01904761904761905,2,105,2100,-4280849628.2143106,4270355260.165248,0.21172161172161175
Rail,17.2,15.2,-5247184.02453141,-5249688.460740612,0.23461538461538461,-5247184.02453141,-5205302.446179792,0.23076923076923078,9,39,780,Road,28.10125,31.4,-4288568524.052887,-1128985213.0862138,0.10047619047619048,-4288568524.0528865,-3953394607.081622,0.01904761904761905,2,105,2100,-4293815708.077418,4283321340.028355,0.21172161172161175
Rail,17.2,15.2,-5247184.02453141,-5249688.460740612,0.23461538461538461,-5247184.02453141,-5205302.446179792,0.23076923076923078,9,39,780,Road,28.215,31.4,-4301534603.915996,-1128174086.3538113,0.10047619047619048,-4301534603.915995,-3967376663.8623643,0.01904761904761905,2,105,2100,-4306781787.940526,4296287419.891463,0.21172161172161175
Rail,17.2,15.2,-5247184.02453141,-5249688.460740612,0.23461538461538461,-5247184.02453141,-5205302.446179792,0.23076923076923078,9,39,780,Road,28.32875,31.4,-4314500683.779103,-1128436425.5764236,0.10047619047619048,-4314500683.779103,-3981358720.643106,0.01904761904761905,2,105,2100,-4319747867.803635,4309253499.754572,0.21172161172161175
Rail,17.2,15.2,-5247184.02453141,-5249688.460740612,0.23461538461538461,-5247184.02453141,-5205302.446179792,0.23076923076923078,9,39,780,Road,28.4425,31.4,-4327466763.642212,-1128721958.5330625,0.10047619047619048,-4327466763.642211,-3995340777.423848,0.01904761904761905,2,105,2100,-4332713947.666742,4322219579.61768,0.21172161172161175
Rail,17.2,15.2,-5247184.02453141,-5249688.460740612,0.23461538461538461,-5247184.02453141,-5205302.446179792,0.23076923076923078,9,39,780,Road,28.55625,31.4,-4340432843.505318,-1129007491.4897013,0.10047619047619048,-4340432843.505319,-4009322834.20459,0.01904761904761905,2,105,2100,-4345680027.52985,4335185659.480787,0.21172161172161175
Rail,17.2,15.2,-5247184.02453141,-5249688.460740612,0.23461538461538461,-5247184.02453141,-5205302.446179792,0.23076923076923078,9,39,780,Road,28.67,31.4,-4353398923.368427,-1129293024.4463398,0.10047619047619048,-4353398923.368427,-4019144236.3541107,0.01904761904761905,2,105,2100,-4358646107.392959,4348151739.343896,0.21172161172161175
Rail,17.2,15.2,-5247184.02453141,-5249688.460740612,0.23461538461538461,-5247184.02453141,-5205302.446179792,0.23076923076923078,9,39,780,Road,28.78375,31.4,-4366365003.231536,-1129578557.4029787,0.10047619047619048,-4366365003.231535,-4028344187.013256,0.01904761904761905,2,105,2100,-4371612187.256066,4361117819.207004,0.21172161172161175
Rail,17.2,15.2,-5247184.02453141,-5249688.460740612,0.23461538461538461,-5247184.02453141,-5205302.446179792,0.23076923076923078,9,39,780,Road,28.8975,31.4,-4379331083.094643,-1129864090.3596172,0.10047619047619048,-4379331083.094644,-4040200881.5714808,0.01904761904761905,2,105,2100,-4384578267.119175,4374083899.070112,0.21172161172161175
Rail,17.2,15.2,-5247184.02453141,-5249688.460740612,0.23461538461538461,-5247184.02453141,-5205302.446179792,0.23076923076923078,9,39,780,Road,29.01125,31.4,-4392297162.957751,-1130149623.316256,0.10047619047619048,-4392297162.957751,-4052944831.792468,0.01904761904761905,2,105,2100,-4397544346.982283,4387049978.93322,0.21172161172161175
Rail,17.2,15.2,-5247184.02453141,-5249688.460740612,0.23461538461538461,-5247184.02453141,-5205302.446179792,0.23076923076923078,9,39,780,Road,29.125,31.4,-4405263242.820859,-1130435156.2728949,0.10047619047619048,-4405263242.82086,-4065688782.0134554,0.01904761904761905,2,105,2100,-4410510426.845391,4400016058.796329,0.21172161172161175
Rail,17.2,15.2,-5247184.02453141,-5249688.460740612,0.23461538461538461,-5247184.02453141,-5205302.446179792,0.23076923076923078,9,39,780,Road,29.23875,31.4,-4418229322.683968,-1130720689.2295337,0.10047619047619048,-4418229322.683967,-4078432732.2344427,0.01904761904761905,2,105,2100,-4423476506.708498,4412982138.659435,0.21172161172161175
Rail,17.2,15.2,-5247184.02453141,-5249688.460740612,0.23461538461538461,-5247184.02453141,-5205302.446179792,0.23076923076923078,9,39,780,Road,29.3525,31.4,-4431195402.547075,-1131006222.1861722,0.10047619047619048,-4431195402.547075,-4091176682.4554305,0.01904761904761905,2,105,2100,-4436442586.571607,4425948218.522544,0.21172161172161175
Rail,17.2,15.2,-5247184.02453141,-5249688.460740612,0.23461538461538461,-5247184.02453141,-5205302.446179792,0.23076923076923078,9,39,780,Road,29.46625,31.4,-4444161482.410184,-1131318836.6494703,0.10047619047619048,-4444161482.410183,-4103920632.6764183,0.01904761904761905,2,105,2100,-4449408666.434714,4438914298.385652,0.21172161172161175
Rail,17.2,15.2,-5247184.02453141,-5249688.460740612,0.23461538461538461,-5247184.02453141,-5205302.446179792,0.23076923076923078,9,39,780,Road,29.58,31.4,-4457127562.273292,-1131652692.5152984,0.10047619047619048,-4457127562.273292,-4116664582.897405,0.01904761904761905,2,105,2100,-4462374746.297823,4451880378.24876,0.21172161172161175
Rail,17.2,15.2,-5247184.02453141,-5249688.460740612,0.23461538461538461,-5247184.02453141,-5205302.446179792,0.23076923076923078,9,39,780,Road,29.69375,31.4,-4470093642.136399,-1131986548.3811264,0.10047619047619048,-4470093642.1364,-4129408533.118394,0.01904761904761905,2,105,2100,-4475340826.160932,4464846458.111869,0.21172161172161175
Rail,17.2,15.2,-5247184.02453141,-5249688.460740612,0.23461538461538461,-5247184.02453141,-5205302.446179792,0.23076923076923078,9,39,780,Road,29.8075,31.4,-4483059721.999507,-1132399643.9010806,0.10047619047619048,-4483059721.999507,-4142152483.339381,0.01904761904761905,2,105,2100,-4488306906.024038,4477812537.974976,0.21172161172161175
Rail,17.2,15.2,-5247184.02453141,-5249688.460740612,0.23461538461538461,-5247184.02453141,-5205302.446179792,0.23076923076923078,9,39,780,Road,29.92125,31.4,-4496025801.862616,-1133220640.7194252,0.10047619047619048,-4496025801.862616,-4154896433.5603685,0.01904761904761905,2,105,2100,-4501272985.887147,4490778617.838084,0.21172161172161175
Rail,17.2,15.2,-5247184.02453141,-5249688.460740612,0.23461538461538461,-5247184.02453141,-5205302.446179792,0.23076923076923078,9,39,780,Road,30.035,31.4,-4508991881.725723,-1134041637.53777,0.10047619047619048,-4508991881.725723,-4167640383.781356,0.01904761904761905,2,105,2100,-4514239065.750255,4503744697.701192,0.21172161172161175
Rail,17.2,15.2,-5247184.02453141,-5249688.460740612,0.23461538461538461,-5247184.02453141,-5205302.446179792,0.23076923076923078,9,39,780,Road,30.14875,31.4,-4521957961.588831,-1134862634.3561149,0.10047619047619048,-4521957961.588832,-4180384334.0023437,0.01904761904761905,2,105,2100,-4527205145.613363,4516710777.564301,0.21172161172161175
Rail,17.2,15.2,-5247184.02453141,-5249688.460740612,0.23461538461538461,-5247184.02453141,-5205302.446179792,0.23076923076923078,9,39,780,Road,30.2625,31.4,-4534924041.45194,-1136086734.2343452,0.10047619047619048,-4534924041.45194,-4193128284.2233315,0.01904761904761905,2,105,2100,-4540171225.476471,4529676857.427408,0.21172161172161175
Rail,17.2,15.2,-5247184.02453141,-5249688.460740612,0.23461538461538461,-5247184.02453141,-5205302.446179792,0.23076923076923078,9,39,780,Road,30.37625,31.4,-4547890121.315047,-1137684027.005255,0.10047619047619048,-4547890121.315047,-4205872234.4443183,0.01904761904761905,2,105,2100,-4553137305.339579,4542642937.290516,0.21172161172161175
Rail,17.2,15.2,-5247184.02453141,-5249688.460740612,0.23461538461538461,-5247184.02453141,-5205302.446179792,0.23076923076923078,9,39,780,Road,30.49,31.4,-4560856201.178155,-1138628306.1565766,0.10047619047619048,-4560856201.178156,-4218616184.665306,0.01904761904761905,2,105,2100,-4566103385.202687,4555609017.153625,0.21172161172161175
Rail,17.2,15.2,-5247184.02453141,-5249688.460740612,0.23461538461538461,-5247184.02453141,-5205302.446179792,0.23076923076923078,9,39,780,Road,30.603749999999998,31.4,-4573822281.041263,-1139454162.9291048,0.10047619047619048,-4573822281.041264,-4231360134.886294,0.01904761904761905,2,105,2100,-4579069465.065795,4568575097.016732,0.21172161172161175
Rail,17.2,15.2,-5247184.02453141,-5249688.460740612,0.23461538461538461,-5247184.02453141,-5205302.446179792,0.23076923076923078,9,39,780,Road,30.7175,31.4,-4586788360.904371,-1139439918.655672,0.10047619047619048,-4586788360.904372,-4244104085.1072817,0.01904761904761905,2,105,2100,-4592035544.928904,4581541176.879841,0.21172161172161175
Rail,17.2,15.2,-5247184.02453141,-5249688.460740612,0.23461538461538461,-5247184.02453141,-5205302.446179792,0.23076923076923078,9,39,780,Road,30.831249999999997,31.4,-4599754440.76748,-1138061295.3365622,0.10047619047619048,-4599754440.767479,-4256848035.3282685,0.01904761904761905,2,105,2100,-4605001624.79201,4594507256.742948,0.21172161172161175
Rail,17.2,15.2,-5247184.02453141,-5249688.460740612,0.23461538461538461,-5247184.02453141,-5205302.446179792,0.23076923076923078,9,39,780,Road,30.945,31.4,-4612720520.630588,-1137330797.4304318,0.10047619047619048,-4612720520.630588,-4269591985.5492563,0.01904761904761905,2,105,2100,-4617967704.655119,4607473336.606056,0.21172161172161175
Rail,17.2,15.2,-5247184.02453141,-5249688.460740612,0.23461538461538461,-5247184.02453141,-5205302.446179792,0.23076923076923078,9,39,780,Road,31.05875,31.4,-4625686600.493696,-1137579405.5205877,0.10047619047619048,-4625686600.493695,-4282335935.7702436,0.01904761904761905,2,105,2100,-4630933784.518227,4620439416.469164,0.21172161172161175
Rail,17.2,15.2,-5247184.02453141,-5249688.460740612,0.23461538461538461,-5247184.02453141,-5205302.446179792,0.23076923076923078,9,39,780,Road,31.1725,31.4,-4638652680.356804,-1137828013.6107433,0.10047619047619048,-4638652680.356805,-4295079885.991232,0.01904761904761905,2,105,2100,-4643899864.381336,4633405496.3322735,0.21172161172161175
Rail,17.2,15.2,-5247184.02453141,-5249688.460740612,0.23461538461538461,-5247184.02453141,-5205302.446179792,0.23076923076923078,9,39,780,Road,31.28625,31.4,-4651618760.219912,-1138076621.7008991,0.10047619047619048,-4651618760.219912,-4307823836.212219,0.01904761904761905,2,105,2100,-4656865944.244443,4646371576.19538,0.21172161172161175
Rail,17.2,15.2,-5247184.02453141,-5249688.460740612,0.23461538461538461,-5247184.02453141,-5205302.446179792,0.23076923076923078,9,39,780,Road,31.4,31.4,-4664584840.083019,-1138335947.347439,0.10047619047619048,-4664584840.083019,-4320567786.433207,0.01904761904761905,2,105,2100,-4669832024.107551,4659337656.058488,0.21172161172161175
Rail,17.451249999999998,15.2,-5178486.344463028,-5173650.424690511,0.23717948717948717,-5178486.344463028,-5128616.0388414115,0.23076923076923078,9,39,780,Road,26.85,31.4,-4145941645.5586987,-1128380906.1848278,0.10047619047619048,-4145941645.558698,-3830177839.9219346,0.01904761904761905,2,105,2100,-4151120131.903161,4140763159.2142353,0.21172161172161175
Rail,17.451249999999998,15.2,-5178486.344463028,-5173650.424690511,0.23717948717948717,-5178486.344463028,-5128616.0388414115,0.23076923076923078,9,39,780,Road,26.96375,31.4,-4158907725.421807,-1128629514.274984,0.10047619047619048,-4158907725.421807,-3842950509.708068,0.01904761904761905,2,105,2100,-4164086211.7662697,4153729239.077344,0.21172161172161175
Rail,17.451249999999998,15.2,-5178486.344463028,-5173650.424690511,0.23717948717948717,-5178486.344463028,-5128616.0388414115,0.23076923076923078,9,39,780,Road,27.0775,31.4,-4171873805.2849145,-1128878122.3651395,0.10047619047619048,-4171873805.284915,-3855723179.4942007,0.01904761904761905,2,105,2100,-4177052291.629378,4166695318.940452,0.21172161172161175
Rail,17.451249999999998,15.2,-5178486.344463028,-5173650.424690511,0.23717948717948717,-5178486.344463028,-5128616.0388414115,0.23076923076923078,9,39,780,Road,27.19125,31.4,-4184839885.1480227,-1129126730.455295,0.10047619047619048,-4184839885.148023,-3868495849.2803345,0.01904761904761905,2,105,2100,-4190018371.492486,4179661398.8035603,0.21172161172161175
Rail,17.451249999999998,15.2,-5178486.344463028,-5173650.424690511,0.23717948717948717,-5178486.344463028,-5128616.0388414115,0.23076923076923078,9,39,780,Road,27.305,31.4,-4197805965.011131,-1129375338.5454507,0.10047619047619048,-4197805965.0111313,-3881268519.0664682,0.01904761904761905,2,105,2100,-4202984451.355594,4192627478.6666684,0.21172161172161175
Rail,17.451249999999998,15.2,-5178486.344463028,-5173650.424690511,0.23717948717948717,-5178486.344463028,-5128616.0388414115,0.23076923076923078,9,39,780,Road,27.418750000000003,31.4,-4210772044.8742394,-1129623946.6356063,0.10047619047619048,-4210772044.8742385,-3893495777.8551016,0.01904761904761905,2,105,2100,-4215950531.2187014,4205593558.5297756,0.21172161172161175
Rail,17.451249999999998,15.2,-5178486.344463028,-5173650.424690511,0.23717948717948717,-5178486.344463028,-5128616.0388414115,0.23076923076923078,9,39,780,Road,27.532500000000002,31.4,-4223738124.7373476,-1129872554.725762,0.10047619047619048,-4223738124.7373466,-3901909725.170789,0.01904761904761905,2,105,2100,-4228916611.0818095,4218559638.392884,0.21172161172161175
Rail,17.451249999999998,15.2,-5178486.344463028,-5173650.424690511,0.23717948717948717,-5178486.344463028,-5128616.0388414115,0.23076923076923078,9,39,780,Road,27.646250000000002,31.4,-4236704204.600455,-1130121162.8159175,0.10047619047619048,-4236704204.6004553,-3910323672.4864755,0.01904761904761905,2,105,2100,-4241882690.944918,4231525718.2559924,0.21172161172161175
Rail,17.451249999999998,15.2,-5178486.344463028,-5173650.424690511,0.23717948717948717,-5178486.344463028,-5128616.0388414115,0.23076923076923078,9,39,780,Road,27.76,31.4,-4249670284.463563,-1130369770.9060733,0.10047619047619048,-4249670284.463563,-3918737619.802162,0.01904761904761905,2,105,2100,-4254848770.808026,4244491798.1191,0.21172161172161175
Rail,17.451249999999998,15.2,-5178486.344463028,-5173650.424690511,0.23717948717948717,-5178486.344463028,-5128616.0388414115,0.23076923076923078,9,39,780,Road,27.87375,31.4,-4262636364.32667,-1130618378.996229,0.10047619047619048,-4262636364.326671,-3927151567.117849,0.01904761904761905,2,105,2100,-4267814850.671134,4257457877.9822083,0.21172161172161175
Rail,17.451249999999998,15.2,-5178486.344463028,-5173650.424690511,0.23717948717948717,-5178486.344463028,-5128616.0388414115,0.23076923076923078,9,39,780,Road,27.9875,31.4,-4275602444.189779,-1130053142.5673504,0.10047619047619048,-4275602444.1897793,-3939412550.3008804,0.01904761904761905,2,105,2100,-4280780930.534242,4270423957.8453164,0.21172161172161175
Rail,17.451249999999998,15.2,-5178486.344463028,-5173650.424690511,0.23717948717948717,-5178486.344463028,-5128616.0388414115,0.23076923076923078,9,39,780,Road,28.10125,31.4,-4288568524.052887,-1128985213.0862138,0.10047619047619048,-4288568524.0528865,-3953394607.081622,0.01904761904761905,2,105,2100,-4293747010.3973494,4283390037.7084236,0.21172161172161175
Rail,17.451249999999998,15.2,-5178486.344463028,-5173650.424690511,0.23717948717948717,-5178486.344463028,-5128616.0388414115,0.23076923076923078,9,39,780,Road,28.215,31.4,-4301534603.915996,-1128174086.3538113,0.10047619047619048,-4301534603.915995,-3967376663.8623643,0.01904761904761905,2,105,2100,-4306713090.260458,4296356117.571531,0.21172161172161175
Rail,17.451249999999998,15.2,-5178486.344463028,-5173650.424690511,0.23717948717948717,-5178486.344463028,-5128616.0388414115,0.23076923076923078,9,39,780,Road,28.32875,31.4,-4314500683.779103,-1128436425.5764236,0.10047619047619048,-4314500683.779103,-3981358720.643106,0.01904761904761905,2,105,2100,-4319679170.123567,4309322197.43464,0.21172161172161175
Rail,17.451249999999998,15.2,-5178486.344463028,-5173650.424690511,0.23717948717948717,-5178486.344463028,-5128616.0388414115,0.23076923076923078,9,39,780,Road,28.4425,31.4,-4327466763.642212,-1128721958.5330625,0.10047619047619048,-4327466763.642211,-3995340777.423848,0.01904761904761905,2,105,2100,-4332645249.986674,4322288277.297748,0.21172161172161175
Rail,17.451249999999998,15.2,-5178486.344463028,-5173650.424690511,0.23717948717948717,-5178486.344463028,-5128616.0388414115,0.23076923076923078,9,39,780,Road,28.55625,31.4,-4340432843.505318,-1129007491.4897013,0.10047619047619048,-4340432843.505319,-4009322834.20459,0.01904761904761905,2,105,2100,-4345611329.849782,4335254357.160855,0.21172161172161175
Rail,17.451249999999998,15.2,-5178486.344463028,-5173650.424690511,0.23717948717948717,-5178486.344463028,-5128616.0388414115,0.23076923076923078,9,39,780,Road,28.67,31.4,-4353398923.368427,-1129293024.4463398,0.10047619047619048,-4353398923.368427,-4019144236.3541107,0.01904761904761905,2,105,2100,-4358577409.712891,4348220437.023964,0.21172161172161175
Rail,17.451249999999998,15.2,-5178486.344463028,-5173650.424690511,0.23717948717948717,-5178486.344463028,-5128616.0388414115,0.23076923076923078,9,39,780,Road,28.78375,31.4,-4366365003.231536,-1129578557.4029787,0.10047619047619048,-4366365003.231535,-4028344187.013256,0.01904761904761905,2,105,2100,-4371543489.575998,4361186516.887072,0.21172161172161175
Rail,17.451249999999998,15.2,-5178486.344463028,-5173650.424690511,0.23717948717948717,-5178486.344463028,-5128616.0388414115,0.23076923076923078,9,39,780,Road,28.8975,31.4,-4379331083.094643,-1129864090.3596172,0.10047619047619048,-4379331083.094644,-4040200881.5714808,0.01904761904761905,2,105,2100,-4384509569.439107,4374152596.75018,0.21172161172161175
Rail,17.451249999999998,15.2,-5178486.344463028,-5173650.424690511,0.23717948717948717,-5178486.344463028,-5128616.0388414115,0.23076923076923078,9,39,780,Road,29.01125,31.4,-4392297162.957751,-1130149623.316256,0.10047619047619048,-4392297162.957751,-4052944831.792468,0.01904761904761905,2,105,2100,-4397475649.302215,4387118676.613288,0.21172161172161175
Rail,17.451249999999998,15.2,-5178486.344463028,-5173650.424690511,0.23717948717948717,-5178486.344463028,-5128616.0388414115,0.23076923076923078,9,39,780,Road,29.125,31.4,-4405263242.820859,-1130435156.2728949,0.10047619047619048,-4405263242.82086,-4065688782.0134554,0.01904761904761905,2,105,2100,-4410441729.165323,4400084756.476397,0.21172161172161175
Rail,17.451249999999998,15.2,-5178486.344463028,-5173650.424690511,0.23717948717948717,-5178486.344463028,-5128616.0388414115,0.23076923076923078,9,39,780,Road,29.23875,31.4,-4418229322.683968,-1130720689.2295337,0.10047619047619048,-4418229322.683967,-4078432732.2344427,0.01904761904761905,2,105,2100,-4423407809.02843,4413050836.339503,0.21172161172161175
Rail,17.451249999999998,15.2,-5178486.344463028,-5173650.424690511,0.23717948717948717,-5178486.344463028,-5128616.0388414115,0.23076923076923078,9,39,780,Road,29.3525,31.4,-4431195402.547075,-1131006222.1861722,0.10047619047619048,-4431195402.547075,-4091176682.4554305,0.01904761904761905,2,105,2100,-4436373888.891539,4426016916.202612,0.21172161172161175
Rail,17.451249999999998,15.2,-5178486.344463028,-5173650.424690511,0.23717948717948717,-5178486.344463028,-5128616.0388414115,0.23076923076923078,9,39,780,Road,29.46625,31.4,-4444161482.410184,-1131318836.6494703,0.10047619047619048,-4444161482.410183,-4103920632.6764183,0.01904761904761905,2,105,2100,-4449339968.754646,4438982996.06572,0.21172161172161175
Rail,17.451249999999998,15.2,-5178486.344463028,-5173650.424690511,0.23717948717948717,-5178486.344463028,-5128616.0388414115,0.23076923076923078,9,39,780,Road,29.58,31.4,-4457127562.273292,-1131652692.5152984,0.10047619047619048,-4457127562.273292,-4116664582.897405,0.01904761904761905,2,105,2100,-4462306048.617755,4451949075.928828,0.21172161172161175
Rail,17.451249999999998,15.2,-5178486.344463028,-5173650.424690511,0.23717948717948717,-5178486.344463028,-5128616.0388414115,0.23076923076923078,9,39,780,Road,29.69375,31.4,-4470093642.136399,-1131986548.3811264,0.10047619047619048,-4470093642.1364,-4129408533.118394,0.01904761904761905,2,105,2100,-4475272128.480864,4464915155.791937,0.21172161172161175
Rail,17.451249999999998,15.2,-5178486.344463028,-5173650.424690511,0.23717948717948717,-5178486.344463028,-5128616.0388414115,0.23076923076923078,9,39,780,Road,29.8075,31.4,-4483059721.999507,-1132399643.9010806,0.10047619047619048,-4483059721.999507,-4142152483.339381,0.01904761904761905,2,105,2100,-4488238208.34397,4477881235.655044,0.21172161172161175
Rail,17.451249999999998,15.2,-5178486.344463028,-5173650.424690511,0.23717948717948717,-5178486.344463028,-5128616.0388414115,0.23076923076923078,9,39,780,Road,29.92125,31.4,-4496025801.862616,-1133220640.7194252,0.10047619047619048,-4496025801.862616,-4154896433.5603685,0.01904761904761905,2,105,2100,-4501204288.207079,4490847315.518152,0.21172161172161175
Rail,17.451249999999998,15.2,-5178486.344463028,-5173650.424690511,0.23717948717948717,-5178486.344463028,-5128616.0388414115,0.23076923076923078,9,39,780,Road,30.035,31.4,-4508991881.725723,-1134041637.53777,0.10047619047619048,-4508991881.725723,-4167640383.781356,0.01904761904761905,2,105,2100,-4514170368.070187,4503813395.38126,0.21172161172161175
Rail,17.451249999999998,15.2,-5178486.344463028,-5173650.424690511,0.23717948717948717,-5178486.344463028,-5128616.0388414115,0.23076923076923078,9,39,780,Road,30.14875,31.4,-4521957961.588831,-1134862634.3561149,0.10047619047619048,-4521957961.588832,-4180384334.0023437,0.01904761904761905,2,105,2100,-4527136447.933295,4516779475.244369,0.21172161172161175
Rail,17.451249999999998,15.2,-5178486.344463028,-5173650.424690511,0.23717948717948717,-5178486.344463028,-5128616.0388414115,0.23076923076923078,9,39,780,Road,30.2625,31.4,-4534924041.45194,-1136086734.2343452,0.10047619047619048,-4534924041.45194,-4193128284.2233315,0.01904761904761905,2,105,2100,-4540102527.796403,4529745555.107476,0.21172161172161175
Rail,17.451249999999998,15.2,-5178486.344463028,-5173650.424690511,0.23717948717948717,-5178486.344463028,-5128616.0388414115,0.23076923076923078,9,39,780,Road,30.37625,31.4,-4547890121.315047,-1137684027.005255,0.10047619047619048,-4547890121.315047,-4205872234.4443183,0.01904761904761905,2,105,2100,-4553068607.659511,4542711634.970584,0.21172161172161175
Rail,17.451249999999998,15.2,-5178486.344463028,-5173650.424690511,0.23717948717948717,-5178486.344463028,-5128616.0388414115,0.23076923076923078,9,39,780,Road,30.49,31.4,-4560856201.178155,-1138628306.1565766,0.10047619047619048,-4560856201.178156,-4218616184.665306,0.01904761904761905,2,105,2100,-4566034687.522619,4555677714.833693,0.21172161172161175
Rail,17.451249999999998,15.2,-5178486.344463028,-5173650.424690511,0.23717948717948717,-5178486.344463028,-5128616.0388414115,0.23076923076923078,9,39,780,Road,30.603749999999998,31.4,-4573822281.041263,-1139454162.9291048,0.10047619047619048,-4573822281.041264,-4231360134.886294,0.01904761904761905,2,105,2100,-4579000767.385727,4568643794.6968,0.21172161172161175
Rail,17.451249999999998,15.2,-5178486.344463028,-5173650.424690511,0.23717948717948717,-5178486.344463028,-5128616.0388414115,0.23076923076923078,9,39,780,Road,30.7175,31.4,-4586788360.904371,-1139439918.655672,0.10047619047619048,-4586788360.904372,-4244104085.1072817,0.01904761904761905,2,105,2100,-4591966847.248836,4581609874.559909,0.21172161172161175
Rail,17.451249999999998,15.2,-5178486.344463028,-5173650.424690511,0.23717948717948717,-5178486.344463028,-5128616.0388414115,0.23076923076923078,9,39,780,Road,30.831249999999997,31.4,-4599754440.76748,-1138061295.3365622,0.10047619047619048,-4599754440.767479,-4256848035.3282685,0.01904761904761905,2,105,2100,-4604932927.111942,4594575954.423016,0.21172161172161175
Rail,17.451249999999998,15.2,-5178486.344463028,-5173650.424690511,0.23717948717948717,-5178486.344463028,-5128616.0388414115,0.23076923076923078,9,39,780,Road,30.945,31.4,-4612720520.630588,-1137330797.4304318,0.10047619047619048,-4612720520.630588,-4269591985.5492563,0.01904761904761905,2,105,2100,-4617899006.975051,4607542034.286124,0.21172161172161175
Rail,17.451249999999998,15.2,-5178486.344463028,-5173650.424690511,0.23717948717948717,-5178486.344463028,-5128616.0388414115,0.23076923076923078,9,39,780,Road,31.05875,31.4,-4625686600.493696,-1137579405.5205877,0.10047619047619048,-4625686600.493695,-4282335935.7702436,0.01904761904761905,2,105,2100,-4630865086.838159,4620508114.149232,0.21172161172161175
Rail,17.451249999999998,15.2,-5178486.344463028,-5173650.424690511,0.23717948717948717,-5178486.344463028,-5128616.0388414115,0.23076923076923078,9,39,780,Road,31.1725,31.4,-4638652680.356804,-1137828013.6107433,0.10047619047619048,-4638652680.356805,-4295079885.991232,0.01904761904761905,2,105,2100,-4643831166.701268,4633474194.0123415,0.21172161172161175
Rail,17.451249999999998,15.2,-5178486.344463028,-5173650.424690511,0.23717948717948717,-5178486.344463028,-5128616.0388414115,0.23076923076923078,9,39,780,Road,31.28625,31.4,-4651618760.219912,-1138076621.7008991,0.10047619047619048,-4651618760.219912,-4307823836.212219,0.01904761904761905,2,105,2100,-4656797246.564375,4646440273.875448,0.21172161172161175
Rail,17.451249999999998,15.2,-5178486.344463028,-5173650.424690511,0.23717948717948717,-5178486.344463028,-5128616.0388414115,0.23076923076923078,9,39,780,Road,31.4,31.4,-4664584840.083019,-1138335947.347439,0.10047619047619048,-4664584840.083019,-4320567786.433207,0.01904761904761905,2,105,2100,-4669763326.427483,4659406353.738556,0.21172161172161175
Rail,17.7025,15.2,-5109788.664394644,-5090052.251679543,0.24358974358974358,-5109788.664394643,-5051929.63150303,0.23076923076923078,9,39,780,Road,26.85,31.4,-4145941645.5586987,-1128380906.1848278,0.10047619047619048,-4145941645.558698,-3830177839.9219346,0.01904761904761905,2,105,2100,-4151051434.223093,4140831856.8943033,0.21172161172161175
Rail,17.7025,15.2,-5109788.664394644,-5090052.251679543,0.24358974358974358,-5109788.664394643,-5051929.63150303,0.23076923076923078,9,39,780,Road,26.96375,31.4,-4158907725.421807,-1128629514.274984,0.10047619047619048,-4158907725.421807,-3842950509.708068,0.01904761904761905,2,105,2100,-4164017514.0862017,4153797936.757412,0.21172161172161175
Rail,17.7025,15.2,-5109788.664394644,-5090052.251679543,0.24358974358974358,-5109788.664394643,-5051929.63150303,0.23076923076923078,9,39,780,Road,27.0775,31.4,-4171873805.2849145,-1128878122.3651395,0.10047619047619048,-4171873805.284915,-3855723179.4942007,0.01904761904761905,2,105,2100,-4176983593.94931,4166764016.62052,0.21172161172161175
Rail,17.7025,15.2,-5109788.664394644,-5090052.251679543,0.24358974358974358,-5109788.664394643,-5051929.63150303,0.23076923076923078,9,39,780,Road,27.19125,31.4,-4184839885.1480227,-1129126730.455295,0.10047619047619048,-4184839885.148023,-3868495849.2803345,0.01904761904761905,2,105,2100,-4189949673.812418,4179730096.4836283,0.21172161172161175
Rail,17.7025,15.2,-5109788.664394644,-5090052.251679543,0.24358974358974358,-5109788.664394643,-5051929.63150303,0.23076923076923078,9,39,780,Road,27.305,31.4,-4197805965.011131,-1129375338.5454507,0.10047619047619048,-4197805965.0111313,-3881268519.0664682,0.01904761904761905,2,105,2100,-4202915753.675526,4192696176.3467364,0.21172161172161175
Rail,17.7025,15.2,-5109788.664394644,-5090052.251679543,0.24358974358974358,-5109788.664394643,-5051929.63150303,0.23076923076923078,9,39,780,Road,27.418750000000003,31.4,-4210772044.8742394,-1129623946.6356063,0.10047619047619048,-4210772044.8742385,-3893495777.8551016,0.01904761904761905,2,105,2100,-4215881833.5386333,4205662256.2098436,0.21172161172161175
Rail,17.7025,15.2,-5109788.664394644,-5090052.251679543,0.24358974358974358,-5109788.664394643,-5051929.63150303,0.23076923076923078,9,39,780,Road,27.532500000000002,31.4,-4223738124.7373476,-1129872554.725762,0.10047619047619048,-4223738124.7373466,-3901909725.170789,0.01904761904761905,2,105,2100,-4228847913.4017415,4218628336.072952,0.21172161172161175
Rail,17.7025,15.2,-5109788.664394644,-5090052.251679543,0.24358974358974358,-5109788.664394643,-5051929.63150303,0.23076923076923078,9,39,780,Road,27.646250000000002,31.4,-4236704204.600455,-1130121162.8159175,0.10047619047619048,-4236704204.6004553,-3910323672.4864755,0.01904761904761905,2,105,2100,-4241813993.26485,4231594415.9360604,0.21172161172161175
Rail,17.7025,15.2,-5109788.664394644,-5090052.251679543,0.24358974358974358,-5109788.664394643,-5051929.63150303,0.23076923076923078,9,39,780,Road,27.76,31.4,-4249670284.463563,-1130369770.9060733,0.10047619047619048,-4249670284.463563,-3918737619.802162,0.01904761904761905,2,105,2100,-4254780073.127958,4244560495.799168,0.21172161172161175
Rail,17.7025,15.2,-5109788.664394644,-5090052.251679543,0.24358974358974358,-5109788.664394643,-5051929.63150303,0.23076923076923078,9,39,780,Road,27.87375,31.4,-4262636364.32667,-1130618378.996229,0.10047619047619048,-4262636364.326671,-3927151567.117849,0.01904761904761905,2,105,2100,-4267746152.991066,4257526575.6622763,0.21172161172161175
Rail,17.7025,15.2,-5109788.664394644,-5090052.251679543,0.24358974358974358,-5109788.664394643,-5051929.63150303,0.23076923076923078,9,39,780,Road,27.9875,31.4,-4275602444.189779,-1130053142.5673504,0.10047619047619048,-4275602444.1897793,-3939412550.3008804,0.01904761904761905,2,105,2100,-4280712232.854174,4270492655.5253844,0.21172161172161175
Rail,17.7025,15.2,-5109788.664394644,-5090052.251679543,0.24358974358974358,-5109788.664394643,-5051929.63150303,0.23076923076923078,9,39,780,Road,28.10125,31.4,-4288568524.052887,-1128985213.0862138,0.10047619047619048,-4288568524.0528865,-3953394607.081622,0.01904761904761905,2,105,2100,-4293678312.7172813,4283458735.3884916,0.21172161172161175
Rail,17.7025,15.2,-5109788.664394644,-5090052.251679543,0.24358974358974358,-5109788.664394643,-5051929.63150303,0.23076923076923078,9,39,780,Road,28.215,31.4,-4301534603.915996,-1128174086.3538113,0.10047619047619048,-4301534603.915995,-3967376663.8623643,0.01904761904761905,2,105,2100,-4306644392.580389,4296424815.2516,0.21172161172161175
Rail,17.7025,15.2,-5109788.664394644,-5090052.251679543,0.24358974358974358,-5109788.664394643,-5051929.63150303,0.23076923076923078,9,39,780,Road,28.32875,31.4,-4314500683.779103,-1128436425.5764236,0.10047619047619048,-4314500683.779103,-3981358720.643106,0.01904761904761905,2,105,2100,-4319610472.443498,4309390895.114709,0.21172161172161175
Rail,17.7025,15.2,-5109788.664394644,-5090052.251679543,0.24358974358974358,-5109788.664394643,-5051929.63150303,0.23076923076923078,9,39,780,Road,28.4425,31.4,-4327466763.642212,-1128721958.5330625,0.10047619047619048,-4327466763.642211,-3995340777.423848,0.01904761904761905,2,105,2100,-4332576552.306605,4322356974.977817,0.21172161172161175
Rail,17.7025,15.2,-5109788.664394644,-5090052.251679543,0.24358974358974358,-5109788.664394643,-5051929.63150303,0.23076923076923078,9,39,780,Road,28.55625,31.4,-4340432843.505318,-1129007491.4897013,0.10047619047619048,-4340432843.505319,-4009322834.20459,0.01904761904761905,2,105,2100,-4345542632.169713,4335323054.840924,0.21172161172161175
Rail,17.7025,15.2,-5109788.664394644,-5090052.251679543,0.24358974358974358,-5109788.664394643,-5051929.63150303,0.23076923076923078,9,39,780,Road,28.67,31.4,-4353398923.368427,-1129293024.4463398,0.10047619047619048,-4353398923.368427,-4019144236.3541107,0.01904761904761905,2,105,2100,-4358508712.032822,4348289134.704033,0.21172161172161175
Rail,17.7025,15.2,-5109788.664394644,-5090052.251679543,0.24358974358974358,-5109788.664394643,-5051929.63150303,0.23076923076923078,9,39,780,Road,28.78375,31.4,-4366365003.231536,-1129578557.4029787,0.10047619047619048,-4366365003.231535,-4028344187.013256,0.01904761904761905,2,105,2100,-4371474791.895929,4361255214.567141,0.21172161172161175
Rail,17.7025,15.2,-5109788.664394644,-5090052.251679543,0.24358974358974358,-5109788.664394643,-5051929.63150303,0.23076923076923078,9,39,780,Road,28.8975,31.4,-4379331083.094643,-1129864090.3596172,0.10047619047619048,-4379331083.094644,-4040200881.5714808,0.01904761904761905,2,105,2100,-4384440871.759038,4374221294.430249,0.21172161172161175
Rail,17.7025,15.2,-5109788.664394644,-5090052.251679543,0.24358974358974358,-5109788.664394643,-5051929.63150303,0.23076923076923078,9,39,780,Road,29.01125,31.4,-4392297162.957751,-1130149623.316256,0.10047619047619048,-4392297162.957751,-4052944831.792468,0.01904761904761905,2,105,2100,-4397406951.622146,4387187374.293357,0.21172161172161175
Rail,17.7025,15.2,-5109788.664394644,-5090052.251679543,0.24358974358974358,-5109788.664394643,-5051929.63150303,0.23076923076923078,9,39,780,Road,29.125,31.4,-4405263242.820859,-1130435156.2728949,0.10047619047619048,-4405263242.82086,-4065688782.0134554,0.01904761904761905,2,105,2100,-4410373031.485254,4400153454.156466,0.21172161172161175
Rail,17.7025,15.2,-5109788.664394644,-5090052.251679543,0.24358974358974358,-5109788.664394643,-5051929.63150303,0.23076923076923078,9,39,780,Road,29.23875,31.4,-4418229322.683968,-1130720689.2295337,0.10047619047619048,-4418229322.683967,-4078432732.2344427,0.01904761904761905,2,105,2100,-4423339111.348361,4413119534.019572,0.21172161172161175
Rail,17.7025,15.2,-5109788.664394644,-5090052.251679543,0.24358974358974358,-5109788.664394643,-5051929.63150303,0.23076923076923078,9,39,780,Road,29.3525,31.4,-4431195402.547075,-1131006222.1861722,0.10047619047619048,-4431195402.547075,-4091176682.4554305,0.01904761904761905,2,105,2100,-4436305191.21147,4426085613.882681,0.21172161172161175
Rail,17.7025,15.2,-5109788.664394644,-5090052.251679543,0.24358974358974358,-5109788.664394643,-5051929.63150303,0.23076923076923078,9,39,780,Road,29.46625,31.4,-4444161482.410184,-1131318836.6494703,0.10047619047619048,-4444161482.410183,-4103920632.6764183,0.01904761904761905,2,105,2100,-4449271271.074577,4439051693.745789,0.21172161172161175
Rail,17.7025,15.2,-5109788.664394644,-5090052.251679543,0.24358974358974358,-5109788.664394643,-5051929.63150303,0.23076923076923078,9,39,780,Road,29.58,31.4,-4457127562.273292,-1131652692.5152984,0.10047619047619048,-4457127562.273292,-4116664582.897405,0.01904761904761905,2,105,2100,-4462237350.937686,4452017773.608897,0.21172161172161175
Rail,17.7025,15.2,-5109788.664394644,-5090052.251679543,0.24358974358974358,-5109788.664394643,-5051929.63150303,0.23076923076923078,9,39,780,Road,29.69375,31.4,-4470093642.136399,-1131986548.3811264,0.10047619047619048,-4470093642.1364,-4129408533.118394,0.01904761904761905,2,105,2100,-4475203430.800795,4464983853.472006,0.21172161172161175
Rail,17.7025,15.2,-5109788.664394644,-5090052.251679543,0.24358974358974358,-5109788.664394643,-5051929.63150303,0.23076923076923078,9,39,780,Road,29.8075,31.4,-4483059721.999507,-1132399643.9010806,0.10047619047619048,-4483059721.999507,-4142152483.339381,0.01904761904761905,2,105,2100,-4488169510.663901,4477949933.335113,0.21172161172161175
Rail,17.7025,15.2,-5109788.664394644,-5090052.251679543,0.24358974358974358,-5109788.664394643,-5051929.63150303,0.23076923076923078,9,39,780,Road,29.92125,31.4,-4496025801.862616,-1133220640.7194252,0.10047619047619048,-4496025801.862616,-4154896433.5603685,0.01904761904761905,2,105,2100,-4501135590.52701,4490916013.198221,0.21172161172161175
Rail,17.7025,15.2,-5109788.664394644,-5090052.251679543,0.24358974358974358,-5109788.664394643,-5051929.63150303,0.23076923076923078,9,39,780,Road,30.035,31.4,-4508991881.725723,-1134041637.53777,0.10047619047619048,-4508991881.725723,-4167640383.781356,0.01904761904761905,2,105,2100,-4514101670.390118,4503882093.061329,0.21172161172161175
Rail,17.7025,15.2,-5109788.664394644,-5090052.251679543,0.24358974358974358,-5109788.664394643,-5051929.63150303,0.23076923076923078,9,39,780,Road,30.14875,31.4,-4521957961.588831,-1134862634.3561149,0.10047619047619048,-4521957961.588832,-4180384334.0023437,0.01904761904761905,2,105,2100,-4527067750.253226,4516848172.9244375,0.21172161172161175
Rail,17.7025,15.2,-5109788.664394644,-5090052.251679543,0.24358974358974358,-5109788.664394643,-5051929.63150303,0.23076923076923078,9,39,780,Road,30.2625,31.4,-4534924041.45194,-1136086734.2343452,0.10047619047619048,-4534924041.45194,-4193128284.2233315,0.01904761904761905,2,105,2100,-4540033830.116334,4529814252.787545,0.21172161172161175
Rail,17.7025,15.2,-5109788.664394644,-5090052.251679543,0.24358974358974358,-5109788.664394643,-5051929.63150303,0.23076923076923078,9,39,780,Road,30.37625,31.4,-4547890121.315047,-1137684027.005255,0.10047619047619048,-4547890121.315047,-4205872234.4443183,0.01904761904761905,2,105,2100,-4552999909.979442,4542780332.650653,0.21172161172161175
Rail,17.7025,15.2,-5109788.664394644,-5090052.251679543,0.24358974358974358,-5109788.664394643,-5051929.63150303,0.23076923076923078,9,39,780,Road,30.49,31.4,-4560856201.178155,-1138628306.1565766,0.10047619047619048,-4560856201.178156,-4218616184.665306,0.01904761904761905,2,105,2100,-4565965989.84255,4555746412.5137615,0.21172161172161175
Rail,17.7025,15.2,-5109788.664394644,-5090052.251679543,0.24358974358974358,-5109788.664394643,-5051929.63150303,0.23076923076923078,9,39,780,Road,30.603749999999998,31.4,-4573822281.041263,-1139454162.9291048,0.10047619047619048,-4573822281.041264,-4231360134.886294,0.01904761904761905,2,105,2100,-4578932069.705658,4568712492.376869,0.21172161172161175
Rail,17.7025,15.2,-5109788.664394644,-5090052.251679543,0.24358974358974358,-5109788.664394643,-5051929.63150303,0.23076923076923078,9,39,780,Road,30.7175,31.4,-4586788360.904371,-1139439918.655672,0.10047619047619048,-4586788360.904372,-4244104085.1072817,0.01904761904761905,2,105,2100,-4591898149.568767,4581678572.239978,0.21172161172161175
Rail,17.7025,15.2,-5109788.664394644,-5090052.251679543,0.24358974358974358,-5109788.664394643,-5051929.63150303,0.23076923076923078,9,39,780,Road,30.831249999999997,31.4,-4599754440.76748,-1138061295.3365622,0.10047619047619048,-4599754440.767479,-4256848035.3282685,0.01904761904761905,2,105,2100,-4604864229.431873,4594644652.103085,0.21172161172161175
Rail,17.7025,15.2,-5109788.664394644,-5090052.251679543,0.24358974358974358,-5109788.664394643,-5051929.63150303,0.23076923076923078,9,39,780,Road,30.945,31.4,-4612720520.630588,-1137330797.4304318,0.10047619047619048,-4612720520.630588,-4269591985.5492563,0.01904761904761905,2,105,2100,-4617830309.294982,4607610731.966193,0.21172161172161175
Rail,17.7025,15.2,-5109788.664394644,-5090052.251679543,0.24358974358974358,-5109788.664394643,-5051929.63150303,0.23076923076923078,9,39,780,Road,31.05875,31.4,-4625686600.493696,-1137579405.5205877,0.10047619047619048,-4625686600.493695,-4282335935.7702436,0.01904761904761905,2,105,2100,-4630796389.15809,4620576811.829301,0.21172161172161175
Rail,17.7025,15.2,-5109788.664394644,-5090052.251679543,0.24358974358974358,-5109788.664394643,-5051929.63150303,0.23076923076923078,9,39,780,Road,31.1725,31.4,-4638652680.356804,-1137828013.6107433,0.10047619047619048,-4638652680.356805,-4295079885.991232,0.01904761904761905,2,105,2100,-4643762469.021199,4633542891.69241,0.21172161172161175
Rail,17.7025,15.2,-5109788.664394644,-5090052.251679543,0.24358974358974358,-5109788.664394643,-5051929.63150303,0.23076923076923078,9,39,780,Road,31.28625,31.4,-4651618760.219912,-1138076621.7008991,0.10047619047619048,-4651618760.219912,-4307823836.212219,0.01904761904761905,2,105,2100,-4656728548.884306,4646508971.555517,0.21172161172161175
Rail,17.7025,15.2,-5109788.664394644,-5090052.251679543,0.24358974358974358,-5109788.664394643,-5051929.63150303,0.23076923076923078,9,39,780,Road,31.4,31.4,-4664584840.083019,-1138335947.347439,0.10047619047619048,-4664584840.083019,-4320567786.433207,0.01904761904761905,2,105,2100,-4669694628.747414,4659475051.418625,0.21172161172161175
Rail,17.95375,15.2,-5041090.984326262,-4994934.688592524,0.24358974358974358,-5041090.984326263,-4975243.224164649,0.23076923076923078,9,39,780,Road,26.85,31.4,-4145941645.5586987,-1128380906.1848278,0.10047619047619048,-4145941645.558698,-3830177839.9219346,0.01904761904761905,2,105,2100,-4150982736.5430245,4140900554.574372,0.21172161172161175
Rail,17.95375,15.2,-5041090.984326262,-4994934.688592524,0.24358974358974358,-5041090.984326263,-4975243.224164649,0.23076923076923078,9,39,780,Road,26.96375,31.4,-4158907725.421807,-1128629514.274984,0.10047619047619048,-4158907725.421807,-3842950509.708068,0.01904761904761905,2,105,2100,-4163948816.406133,4153866634.4374804,0.21172161172161175
Rail,17.95375,15.2,-5041090.984326262,-4994934.688592524,0.24358974358974358,-5041090.984326263,-4975243.224164649,0.23076923076923078,9,39,780,Road,27.0775,31.4,-4171873805.2849145,-1128878122.3651395,0.10047619047619048,-4171873805.284915,-3855723179.4942007,0.01904761904761905,2,105,2100,-4176914896.2692413,4166832714.3005886,0.21172161172161175
Rail,17.95375,15.2,-5041090.984326262,-4994934.688592524,0.24358974358974358,-5041090.984326263,-4975243.224164649,0.23076923076923078,9,39,780,Road,27.19125,31.4,-4184839885.1480227,-1129126730.455295,0.10047619047619048,-4184839885.148023,-3868495849.2803345,0.01904761904761905,2,105,2100,-4189880976.1323495,4179798794.163697,0.21172161172161175
Rail,17.95375,15.2,-5041090.984326262,-4994934.688592524,0.24358974358974358,-5041090.984326263,-4975243.224164649,0.23076923076923078,9,39,780,Road,27.305,31.4,-4197805965.011131,-1129375338.5454507,0.10047619047619048,-4197805965.0111313,-3881268519.0664682,0.01904761904761905,2,105,2100,-4202847055.9954576,4192764874.026805,0.21172161172161175
Rail,17.95375,15.2,-5041090.984326262,-4994934.688592524,0.24358974358974358,-5041090.984326263,-4975243.224164649,0.23076923076923078,9,39,780,Road,27.418750000000003,31.4,-4210772044.8742394,-1129623946.6356063,0.10047619047619048,-4210772044.8742385,-3893495777.8551016,0.01904761904761905,2,105,2100,-4215813135.858565,4205730953.889912,0.21172161172161175
Rail,17.95375,15.2,-5041090.984326262,-4994934.688592524,0.24358974358974358,-5041090.984326263,-4975243.224164649,0.23076923076923078,9,39,780,Road,27.532500000000002,31.4,-4223738124.7373476,-1129872554.725762,0.10047619047619048,-4223738124.7373466,-3901909725.170789,0.01904761904761905,2,105,2100,-4228779215.721673,4218697033.7530203,0.21172161172161175
Rail,17.95375,15.2,-5041090.984326262,-4994934.688592524,0.24358974358974358,-5041090.984326263,-4975243.224164649,0.23076923076923078,9,39,780,Road,27.646250000000002,31.4,-4236704204.600455,-1130121162.8159175,0.10047619047619048,-4236704204.6004553,-3910323672.4864755,0.01904761904761905,2,105,2100,-4241745295.5847816,4231663113.616129,0.21172161172161175
Rail,17.95375,15.2,-5041090.984326262,-4994934.688592524,0.24358974358974358,-5041090.984326263,-4975243.224164649,0.23076923076923078,9,39,780,Road,27.76,31.4,-4249670284.463563,-1130369770.9060733,0.10047619047619048,-4249670284.463563,-3918737619.802162,0.01904761904761905,2,105,2100,-4254711375.4478893,4244629193.4792366,0.21172161172161175
Rail,17.95375,15.2,-5041090.984326262,-4994934.688592524,0.24358974358974358,-5041090.984326263,-4975243.224164649,0.23076923076923078,9,39,780,Road,27.87375,31.4,-4262636364.32667,-1130618378.996229,0.10047619047619048,-4262636364.326671,-3927151567.117849,0.01904761904761905,2,105,2100,-4267677455.3109975,4257595273.3423448,0.21172161172161175
Rail,17.95375,15.2,-5041090.984326262,-4994934.688592524,0.24358974358974358,-5041090.984326263,-4975243.224164649,0.23076923076923078,9,39,780,Road,27.9875,31.4,-4275602444.189779,-1130053142.5673504,0.10047619047619048,-4275602444.1897793,-3939412550.3008804,0.01904761904761905,2,105,2100,-4280643535.1741056,4270561353.205453,0.21172161172161175
Rail,17.95375,15.2,-5041090.984326262,-4994934.688592524,0.24358974358974358,-5041090.984326263,-4975243.224164649,0.23076923076923078,9,39,780,Road,28.10125,31.4,-4288568524.052887,-1128985213.0862138,0.10047619047619048,-4288568524.0528865,-3953394607.081622,0.01904761904761905,2,105,2100,-4293609615.037213,4283527433.06856,0.21172161172161175
Rail,17.95375,15.2,-5041090.984326262,-4994934.688592524,0.24358974358974358,-5041090.984326263,-4975243.224164649,0.23076923076923078,9,39,780,Road,28.215,31.4,-4301534603.915996,-1128174086.3538113,0.10047619047619048,-4301534603.915995,-3967376663.8623643,0.01904761904761905,2,105,2100,-4306575694.900321,4296493512.931668,0.21172161172161175
Rail,17.95375,15.2,-5041090.984326262,-4994934.688592524,0.24358974358974358,-5041090.984326263,-4975243.224164649,0.23076923076923078,9,39,780,Road,28.32875,31.4,-4314500683.779103,-1128436425.5764236,0.10047619047619048,-4314500683.779103,-3981358720.643106,0.01904761904761905,2,105,2100,-4319541774.76343,4309459592.794777,0.21172161172161175
Rail,17.95375,15.2,-5041090.984326262,-4994934.688592524,0.24358974358974358,-5041090.984326263,-4975243.224164649,0.23076923076923078,9,39,780,Road,28.4425,31.4,-4327466763.642212,-1128721958.5330625,0.10047619047619048,-4327466763.642211,-3995340777.423848,0.01904761904761905,2,105,2100,-4332507854.626537,4322425672.657885,0.21172161172161175
Rail,17.95375,15.2,-5041090.984326262,-4994934.688592524,0.24358974358974358,-5041090.984326263,-4975243.224164649,0.23076923076923078,9,39,780,Road,28.55625,31.4,-4340432843.505318,-1129007491.4897013,0.10047619047619048,-4340432843.505319,-4009322834.20459,0.01904761904761905,2,105,2100,-4345473934.489645,4335391752.520992,0.21172161172161175
Rail,17.95375,15.2,-5041090.984326262,-4994934.688592524,0.24358974358974358,-5041090.984326263,-4975243.224164649,0.23076923076923078,9,39,780,Road,28.67,31.4,-4353398923.368427,-1129293024.4463398,0.10047619047619048,-4353398923.368427,-4019144236.3541107,0.01904761904761905,2,105,2100,-4358440014.352754,4348357832.384101,0.21172161172161175
Rail,17.95375,15.2,-5041090.984326262,-4994934.688592524,0.24358974358974358,-5041090.984326263,-4975243.224164649,0.23076923076923078,9,39,780,Road,28.78375,31.4,-4366365003.231536,-1129578557.4029787,0.10047619047619048,-4366365003.231535,-4028344187.013256,0.01904761904761905,2,105,2100,-4371406094.215861,4361323912.247209,0.21172161172161175
Rail,17.95375,15.2,-5041090.984326262,-4994934.688592524,0.24358974358974358,-5041090.984326263,-4975243.224164649,0.23076923076923078,9,39,780,Road,28.8975,31.4,-4379331083.094643,-1129864090.3596172,0.10047619047619048,-4379331083.094644,-4040200881.5714808,0.01904761904761905,2,105,2100,-4384372174.07897,4374289992.110317,0.21172161172161175
Rail,17.95375,15.2,-5041090.984326262,-4994934.688592524,0.24358974358974358,-5041090.984326263,-4975243.224164649,0.23076923076923078,9,39,780,Road,29.01125,31.4,-4392297162.957751,-1130149623.316256,0.10047619047619048,-4392297162.957751,-4052944831.792468,0.01904761904761905,2,105,2100,-4397338253.942078,4387256071.973425,0.21172161172161175
Rail,17.95375,15.2,-5041090.984326262,-4994934.688592524,0.24358974358974358,-5041090.984326263,-4975243.224164649,0.23076923076923078,9,39,780,Road,29.125,31.4,-4405263242.820859,-1130435156.2728949,0.10047619047619048,-4405263242.82086,-4065688782.0134554,0.01904761904761905,2,105,2100,-4410304333.805186,4400222151.836534,0.21172161172161175
Rail,17.95375,15.2,-5041090.984326262,-4994934.688592524,0.24358974358974358,-5041090.984326263,-4975243.224164649,0.23076923076923078,9,39,780,Road,29.23875,31.4,-4418229322.683968,-1130720689.2295337,0.10047619047619048,-4418229322.683967,-4078432732.2344427,0.01904761904761905,2,105,2100,-4423270413.668293,4413188231.69964,0.21172161172161175
Rail,17.95375,15.2,-5041090.984326262,-4994934.688592524,0.24358974358974358,-5041090.984326263,-4975243.224164649,0.23076923076923078,9,39,780,Road,29.3525,31.4,-4431195402.547075,-1131006222.1861722,0.10047619047619048,-4431195402.547075,-4091176682.4554305,0.01904761904761905,2,105,2100,-4436236493.531402,4426154311.562749,0.21172161172161175
Rail,17.95375,15.2,-5041090.984326262,-4994934.688592524,0.24358974358974358,-5041090.984326263,-4975243.224164649,0.23076923076923078,9,39,780,Road,29.46625,31.4,-4444161482.410184,-1131318836.6494703,0.10047619047619048,-4444161482.410183,-4103920632.6764183,0.01904761904761905,2,105,2100,-4449202573.394509,4439120391.425857,0.21172161172161175
Rail,17.95375,15.2,-5041090.984326262,-4994934.688592524,0.24358974358974358,-5041090.984326263,-4975243.224164649,0.23076923076923078,9,39,780,Road,29.58,31.4,-4457127562.273292,-1131652692.5152984,0.10047619047619048,-4457127562.273292,-4116664582.897405,0.01904761904761905,2,105,2100,-4462168653.257618,4452086471.288965,0.21172161172161175
Rail,17.95375,15.2,-5041090.984326262,-4994934.688592524,0.24358974358974358,-5041090.984326263,-4975243.224164649,0.23076923076923078,9,39,780,Road,29.69375,31.4,-4470093642.136399,-1131986548.3811264,0.10047619047619048,-4470093642.1364,-4129408533.118394,0.01904761904761905,2,105,2100,-4475134733.120727,4465052551.152074,0.21172161172161175
Rail,17.95375,15.2,-5041090.984326262,-4994934.688592524,0.24358974358974358,-5041090.984326263,-4975243.224164649,0.23076923076923078,9,39,780,Road,29.8075,31.4,-4483059721.999507,-1132399643.9010806,0.10047619047619048,-4483059721.999507,-4142152483.339381,0.01904761904761905,2,105,2100,-4488100812.983833,4478018631.015181,0.21172161172161175
Rail,17.95375,15.2,-5041090.984326262,-4994934.688592524,0.24358974358974358,-5041090.984326263,-4975243.224164649,0.23076923076923078,9,39,780,Road,29.92125,31.4,-4496025801.862616,-1133220640.7194252,0.10047619047619048,-4496025801.862616,-4154896433.5603685,0.01904761904761905,2,105,2100,-4501066892.846942,4490984710.878289,0.21172161172161175
Rail,17.95375,15.2,-5041090.984326262,-4994934.688592524,0.24358974358974358,-5041090.984326263,-4975243.224164649,0.23076923076923078,9,39,780,Road,30.035,31.4,-4508991881.725723,-1134041637.53777,0.10047619047619048,-4508991881.725723,-4167640383.781356,0.01904761904761905,2,105,2100,-4514032972.71005,4503950790.741397,0.21172161172161175
Rail,17.95375,15.2,-5041090.984326262,-4994934.688592524,0.24358974358974358,-5041090.984326263,-4975243.224164649,0.23076923076923078,9,39,780,Road,30.14875,31.4,-4521957961.588831,-1134862634.3561149,0.10047619047619048,-4521957961.588832,-4180384334.0023437,0.01904761904761905,2,105,2100,-4526999052.573158,4516916870.604506,0.21172161172161175
Rail,17.95375,15.2,-5041090.984326262,-4994934.688592524,0.24358974358974358,-5041090.984326263,-4975243.224164649,0.23076923076923078,9,39,780,Road,30.2625,31.4,-4534924041.45194,-1136086734.2343452,0.10047619047619048,-4534924041.45194,-4193128284.2233315,0.01904761904761905,2,105,2100,-4539965132.436266,4529882950.467613,0.21172161172161175
Rail,17.95375,15.2,-5041090.984326262,-4994934.688592524,0.24358974358974358,-5041090.984326263,-4975243.224164649,0.23076923076923078,9,39,780,Road,30.37625,31.4,-4547890121.315047,-1137684027.005255,0.10047619047619048,-4547890121.315047,-4205872234.4443183,0.01904761904761905,2,105,2100,-4552931212.299374,4542849030.330721,0.21172161172161175
Rail,17.95375,15.2,-5041090.984326262,-4994934.688592524,0.24358974358974358,-5041090.984326263,-4975243.224164649,0.23076923076923078,9,39,780,Road,30.49,31.4,-4560856201.178155,-1138628306.1565766,0.10047619047619048,-4560856201.178156,-4218616184.665306,0.01904761904761905,2,105,2100,-4565897292.162482,4555815110.19383,0.21172161172161175
Rail,17.95375,15.2,-5041090.984326262,-4994934.688592524,0.24358974358974358,-5041090.984326263,-4975243.224164649,0.23076923076923078,9,39,780,Road,30.603749999999998,31.4,-4573822281.041263,-1139454162.9291048,0.10047619047619048,-4573822281.041264,-4231360134.886294,0.01904761904761905,2,105,2100,-4578863372.02559,4568781190.056937,0.21172161172161175
Rail,17.95375,15.2,-5041090.984326262,-4994934.688592524,0.24358974358974358,-5041090.984326263,-4975243.224164649,0.23076923076923078,9,39,780,Road,30.7175,31.4,-4586788360.904371,-1139439918.655672,0.10047619047619048,-4586788360.904372,-4244104085.1072817,0.01904761904761905,2,105,2100,-4591829451.888699,4581747269.920046,0.21172161172161175
Rail,17.95375,15.2,-5041090.984326262,-4994934.688592524,0.24358974358974358,-5041090.984326263,-4975243.224164649,0.23076923076923078,9,39,780,Road,30.831249999999997,31.4,-4599754440.76748,-1138061295.3365622,0.10047619047619048,-4599754440.767479,-4256848035.3282685,0.01904761904761905,2,105,2100,-4604795531.751805,4594713349.783153,0.21172161172161175
Rail,17.95375,15.2,-5041090.984326262,-4994934.688592524,0.24358974358974358,-5041090.984326263,-4975243.224164649,0.23076923076923078,9,39,780,Road,30.945,31.4,-4612720520.630588,-1137330797.4304318,0.10047619047619048,-4612720520.630588,-4269591985.5492563,0.01904761904761905,2,105,2100,-4617761611.614914,4607679429.646261,0.21172161172161175
Rail,17.95375,15.2,-5041090.984326262,-4994934.688592524,0.24358974358974358,-5041090.984326263,-4975243.224164649,0.23076923076923078,9,39,780,Road,31.05875,31.4,-4625686600.493696,-1137579405.5205877,0.10047619047619048,-4625686600.493695,-4282335935.7702436,0.01904761904761905,2,105,2100,-4630727691.478022,4620645509.509369,0.21172161172161175
Rail,17.95375,15.2,-5041090.984326262,-4994934.688592524,0.24358974358974358,-5041090.984326263,-4975243.224164649,0.23076923076923078,9,39,780,Road,31.1725,31.4,-4638652680.356804,-1137828013.6107433,0.10047619047619048,-4638652680.356805,-4295079885.991232,0.01904761904761905,2,105,2100,-4643693771.341131,4633611589.3724785,0.21172161172161175
Rail,17.95375,15.2,-5041090.984326262,-4994934.688592524,0.24358974358974358,-5041090.984326263,-4975243.224164649,0.23076923076923078,9,39,780,Road,31.28625,31.4,-4651618760.219912,-1138076621.7008991,0.10047619047619048,-4651618760.219912,-4307823836.212219,0.01904761904761905,2,105,2100,-4656659851.204238,4646577669.235585,0.21172161172161175
Rail,17.95375,15.2,-5041090.984326262,-4994934.688592524,0.24358974358974358,-5041090.984326263,-4975243.224164649,0.23076923076923078,9,39,780,Road,31.4,31.4,-4664584840.083019,-1138335947.347439,0.10047619047619048,-4664584840.083019,-4320567786.433207,0.01904761904761905,2,105,2100,-4669625931.067346,4659543749.098693,0.21172161172161175
Rail,18.205,15.2,-4972393.30425788,-4910540.167127829,0.25,-4972393.30425788,-4898556.816826268,0.23076923076923078,9,39,780,Road,26.85,31.4,-4145941645.5586987,-1128380906.1848278,0.10047619047619048,-4145941645.558698,-3830177839.9219346,0.01904761904761905,2,105,2100,-4150914038.862956,4140969252.2544403,0.21172161172161175
Rail,18.205,15.2,-4972393.30425788,-4910540.167127829,0.25,-4972393.30425788,-4898556.816826268,0.23076923076923078,9,39,780,Road,26.96375,31.4,-4158907725.421807,-1128629514.274984,0.10047619047619048,-4158907725.421807,-3842950509.708068,0.01904761904761905,2,105,2100,-4163880118.7260647,4153935332.117549,0.21172161172161175
Rail,18.205,15.2,-4972393.30425788,-4910540.167127829,0.25,-4972393.30425788,-4898556.816826268,0.23076923076923078,9,39,780,Road,27.0775,31.4,-4171873805.2849145,-1128878122.3651395,0.10047619047619048,-4171873805.284915,-3855723179.4942007,0.01904761904761905,2,105,2100,-4176846198.589173,4166901411.980657,0.21172161172161175
Rail,18.205,15.2,-4972393.30425788,-4910540.167127829,0.25,-4972393.30425788,-4898556.816826268,0.23076923076923078,9,39,780,Road,27.19125,31.4,-4184839885.1480227,-1129126730.455295,0.10047619047619048,-4184839885.148023,-3868495849.2803345,0.01904761904761905,2,105,2100,-4189812278.452281,4179867491.8437653,0.21172161172161175
Rail,18.205,15.2,-4972393.30425788,-4910540.167127829,0.25,-4972393.30425788,-4898556.816826268,0.23076923076923078,9,39,780,Road,27.305,31.4,-4197805965.011131,-1129375338.5454507,0.10047619047619048,-4197805965.0111313,-3881268519.0664682,0.01904761904761905,2,105,2100,-4202778358.315389,4192833571.7068734,0.21172161172161175
Rail,18.205,15.2,-4972393.30425788,-4910540.167127829,0.25,-4972393.30425788,-4898556.816826268,0.23076923076923078,9,39,780,Road,27.418750000000003,31.4,-4210772044.8742394,-1129623946.6356063,0.10047619047619048,-4210772044.8742385,-3893495777.8551016,0.01904761904761905,2,105,2100,-4215744438.1784964,4205799651.5699806,0.21172161172161175
Rail,18.205,15.2,-4972393.30425788,-4910540.167127829,0.25,-4972393.30425788,-4898556.816826268,0.23076923076923078,9,39,780,Road,27.532500000000002,31.4,-4223738124.7373476,-1129872554.725762,0.10047619047619048,-4223738124.7373466,-3901909725.170789,0.01904761904761905,2,105,2100,-4228710518.0416045,4218765731.433089,0.21172161172161175
Rail,18.205,15.2,-4972393.30425788,-4910540.167127829,0.25,-4972393.30425788,-4898556.816826268,0.23076923076923078,9,39,780,Road,27.646250000000002,31.4,-4236704204.600455,-1130121162.8159175,0.10047619047619048,-4236704204.6004553,-3910323672.4864755,0.01904761904761905,2,105,2100,-4241676597.904713,4231731811.2961974,0.21172161172161175
Rail,18.205,15.2,-4972393.30425788,-4910540.167127829,0.25,-4972393.30425788,-4898556.816826268,0.23076923076923078,9,39,780,Road,27.76,31.4,-4249670284.463563,-1130369770.9060733,0.10047619047619048,-4249670284.463563,-3918737619.802162,0.01904761904761905,2,105,2100,-4254642677.767821,4244697891.159305,0.21172161172161175
Rail,18.205,15.2,-4972393.30425788,-4910540.167127829,0.25,-4972393.30425788,-4898556.816826268,0.23076923076923078,9,39,780,Road,27.87375,31.4,-4262636364.32667,-1130618378.996229,0.10047619047619048,-4262636364.326671,-3927151567.117849,0.01904761904761905,2,105,2100,-4267608757.630929,4257663971.0224133,0.21172161172161175
Rail,18.205,15.2,-4972393.30425788,-4910540.167127829,0.25,-4972393.30425788,-4898556.816826268,0.23076923076923078,9,39,780,Road,27.9875,31.4,-4275602444.189779,-1130053142.5673504,0.10047619047619048,-4275602444.1897793,-3939412550.3008804,0.01904761904761905,2,105,2100,-4280574837.494037,4270630050.8855214,0.21172161172161175
Rail,18.205,15.2,-4972393.30425788,-4910540.167127829,0.25,-4972393.30425788,-4898556.816826268,0.23076923076923078,9,39,780,Road,28.10125,31.4,-4288568524.052887,-1128985213.0862138,0.10047619047619048,-4288568524.0528865,-3953394607.081622,0.01904761904761905,2,105,2100,-4293540917.3571444,4283596130.7486286,0.21172161172161175
Rail,18.205,15.2,-4972393.30425788,-4910540.167127829,0.25,-4972393.30425788,-4898556.816826268,0.23076923076923078,9,39,780,Road,28.215,31.4,-4301534603.915996,-1128174086.3538113,0.10047619047619048,-4301534603.915995,-3967376663.8623643,0.01904761904761905,2,105,2100,-4306506997.220253,4296562210.611736,0.21172161172161175
Rail,18.205,15.2,-4972393.30425788,-4910540.167127829,0.25,-4972393.30425788,-4898556.816826268,0.23076923076923078,9,39,780,Road,28.32875,31.4,-4314500683.779103,-1128436425.5764236,0.10047619047619048,-4314500683.779103,-3981358720.643106,0.01904761904761905,2,105,2100,-4319473077.083362,4309528290.474845,0.21172161172161175
Rail,18.205,15.2,-4972393.30425788,-4910540.167127829,0.25,-4972393.30425788,-4898556.816826268,0.23076923076923078,9,39,780,Road,28.4425,31.4,-4327466763.642212,-1128721958.5330625,0.10047619047619048,-4327466763.642211,-3995340777.423848,0.01904761904761905,2,105,2100,-4332439156.946469,4322494370.337953,0.21172161172161175
Rail,18.205,15.2,-4972393.30425788,-4910540.167127829,0.25,-4972393.30425788,-4898556.816826268,0.23076923076923078,9,39,780,Road,28.55625,31.4,-4340432843.505318,-1129007491.4897013,0.10047619047619048,-4340432843.505319,-4009322834.20459,0.01904761904761905,2,105,2100,-4345405236.809577,4335460450.20106,0.21172161172161175
Rail,18.205,15.2,-4972393.30425788,-4910540.167127829,0.25,-4972393.30425788,-4898556.816826268,0.23076923076923078,9,39,780,Road,28.67,31.4,-4353398923.368427,-1129293024.4463398,0.10047619047619048,-4353398923.368427,-4019144236.3541107,0.01904761904761905,2,105,2100,-4358371316.672686,4348426530.064169,0.21172161172161175
Rail,18.205,15.2,-4972393.30425788,-4910540.167127829,0.25,-4972393.30425788,-4898556.816826268,0.23076923076923078,9,39,780,Road,28.78375,31.4,-4366365003.231536,-1129578557.4029787,0.10047619047619048,-4366365003.231535,-4028344187.013256,0.01904761904761905,2,105,2100,-4371337396.535793,4361392609.927277,0.21172161172161175
Rail,18.205,15.2,-4972393.30425788,-4910540.167127829,0.25,-4972393.30425788,-4898556.816826268,0.23076923076923078,9,39,780,Road,28.8975,31.4,-4379331083.094643,-1129864090.3596172,0.10047619047619048,-4379331083.094644,-4040200881.5714808,0.01904761904761905,2,105,2100,-4384303476.398902,4374358689.790385,0.21172161172161175
Rail,18.205,15.2,-4972393.30425788,-4910540.167127829,0.25,-4972393.30425788,-4898556.816826268,0.23076923076923078,9,39,780,Road,29.01125,31.4,-4392297162.957751,-1130149623.316256,0.10047619047619048,-4392297162.957751,-4052944831.792468,0.01904761904761905,2,105,2100,-4397269556.26201,4387324769.653493,0.21172161172161175
Rail,18.205,15.2,-4972393.30425788,-4910540.167127829,0.25,-4972393.30425788,-4898556.816826268,0.23076923076923078,9,39,780,Road,29.125,31.4,-4405263242.820859,-1130435156.2728949,0.10047619047619048,-4405263242.82086,-4065688782.0134554,0.01904761904761905,2,105,2100,-4410235636.125118,4400290849.516602,0.21172161172161175
Rail,18.205,15.2,-4972393.30425788,-4910540.167127829,0.25,-4972393.30425788,-4898556.816826268,0.23076923076923078,9,39,780,Road,29.23875,31.4,-4418229322.683968,-1130720689.2295337,0.10047619047619048,-4418229322.683967,-4078432732.2344427,0.01904761904761905,2,105,2100,-4423201715.988225,4413256929.379708,0.21172161172161175
Rail,18.205,15.2,-4972393.30425788,-4910540.167127829,0.25,-4972393.30425788,-4898556.816826268,0.23076923076923078,9,39,780,Road,29.3525,31.4,-4431195402.547075,-1131006222.1861722,0.10047619047619048,-4431195402.547075,-4091176682.4554305,0.01904761904761905,2,105,2100,-4436167795.851334,4426223009.242817,0.21172161172161175
Rail,18.205,15.2,-4972393.30425788,-4910540.167127829,0.25,-4972393.30425788,-4898556.816826268,0.23076923076923078,9,39,780,Road,29.46625,31.4,-4444161482.410184,-1131318836.6494703,0.10047619047619048,-4444161482.410183,-4103920632.6764183,0.01904761904761905,2,105,2100,-4449133875.714441,4439189089.105925,0.21172161172161175
Rail,18.205,15.2,-4972393.30425788,-4910540.167127829,0.25,-4972393.30425788,-4898556.816826268,0.23076923076923078,9,39,780,Road,29.58,31.4,-4457127562.273292,-1131652692.5152984,0.10047619047619048,-4457127562.273292,-4116664582.897405,0.01904761904761905,2,105,2100,-4462099955.57755,4452155168.969033,0.21172161172161175
Rail,18.205,15.2,-4972393.30425788,-4910540.167127829,0.25,-4972393.30425788,-4898556.816826268,0.23076923076923078,9,39,780,Road,29.69375,31.4,-4470093642.136399,-1131986548.3811264,0.10047619047619048,-4470093642.1364,-4129408533.118394,0.01904761904761905,2,105,2100,-4475066035.440659,4465121248.832142,0.21172161172161175
Rail,18.205,15.2,-4972393.30425788,-4910540.167127829,0.25,-4972393.30425788,-4898556.816826268,0.23076923076923078,9,39,780,Road,29.8075,31.4,-4483059721.999507,-1132399643.9010806,0.10047619047619048,-4483059721.999507,-4142152483.339381,0.01904761904761905,2,105,2100,-4488032115.303765,4478087328.695249,0.21172161172161175
Rail,18.205,15.2,-4972393.30425788,-4910540.167127829,0.25,-4972393.30425788,-4898556.816826268,0.23076923076923078,9,39,780,Road,29.92125,31.4,-4496025801.862616,-1133220640.7194252,0.10047619047619048,-4496025801.862616,-4154896433.5603685,0.01904761904761905,2,105,2100,-4500998195.166874,4491053408.558357,0.21172161172161175
Rail,18.205,15.2,-4972393.30425788,-4910540.167127829,0.25,-4972393.30425788,-4898556.816826268,0.23076923076923078,9,39,780,Road,30.035,31.4,-4508991881.725723,-1134041637.53777,0.10047619047619048,-4508991881.725723,-4167640383.781356,0.01904761904761905,2,105,2100,-4513964275.029982,4504019488.421465,0.21172161172161175
Rail,18.205,15.2,-4972393.30425788,-4910540.167127829,0.25,-4972393.30425788,-4898556.816826268,0.23076923076923078,9,39,780,Road,30.14875,31.4,-4521957961.588831,-1134862634.3561149,0.10047619047619048,-4521957961.588832,-4180384334.0023437,0.01904761904761905,2,105,2100,-4526930354.89309,4516985568.284574,0.21172161172161175
Rail,18.205,15.2,-4972393.30425788,-4910540.167127829,0.25,-4972393.30425788,-4898556.816826268,0.23076923076923078,9,39,780,Road,30.2625,31.4,-4534924041.45194,-1136086734.2343452,0.10047619047619048,-4534924041.45194,-4193128284.2233315,0.01904761904761905,2,105,2100,-4539896434.756198,4529951648.147681,0.21172161172161175
Rail,18.205,15.2,-4972393.30425788,-4910540.167127829,0.25,-4972393.30425788,-4898556.816826268,0.23076923076923078,9,39,780,Road,30.37625,31.4,-4547890121.315047,-1137684027.005255,0.10047619047619048,-4547890121.315047,-4205872234.4443183,0.01904761904761905,2,105,2100,-4552862514.619306,4542917728.010789,0.21172161172161175
Rail,18.205,15.2,-4972393.30425788,-4910540.167127829,0.25,-4972393.30425788,-4898556.816826268,0.23076923076923078,9,39,780,Road,30.49,31.4,-4560856201.178155,-1138628306.1565766,0.10047619047619048,-4560856201.178156,-4218616184.665306,0.01904761904761905,2,105,2100,-4565828594.482414,4555883807.873898,0.21172161172161175
Rail,18.205,15.2,-4972393.30425788,-4910540.167127829,0.25,-4972393.30425788,-4898556.816826268,0.23076923076923078,9,39,780,Road,30.603749999999998,31.4,-4573822281.041263,-1139454162.9291048,0.10047619047619048,-4573822281.041264,-4231360134.886294,0.01904761904761905,2,105,2100,-4578794674.345522,4568849887.737005,0.21172161172161175
Rail,18.205,15.2,-4972393.30425788,-4910540.167127829,0.25,-4972393.30425788,-4898556.816826268,0.23076923076923078,9,39,780,Road,30.7175,31.4,-4586788360.904371,-1139439918.655672,0.10047619047619048,-4586788360.904372,-4244104085.1072817,0.01904761904761905,2,105,2100,-4591760754.208631,4581815967.600114,0.21172161172161175
Rail,18.205,15.2,-4972393.30425788,-4910540.167127829,0.25,-4972393.30425788,-4898556.816826268,0.23076923076923078,9,39,780,Road,30.831249999999997,31.4,-4599754440.76748,-1138061295.3365622,0.10047619047619048,-4599754440.767479,-4256848035.3282685,0.01904761904761905,2,105,2100,-4604726834.071737,4594782047.463221,0.21172161172161175
Rail,18.205,15.2,-4972393.30425788,-4910540.167127829,0.25,-4972393.30425788,-4898556.816826268,0.23076923076923078,9,39,780,Road,30.945,31.4,-4612720520.630588,-1137330797.4304318,0.10047619047619048,-4612720520.630588,-4269591985.5492563,0.01904761904761905,2,105,2100,-4617692913.934846,4607748127.326329,0.21172161172161175
Rail,18.205,15.2,-4972393.30425788,-4910540.167127829,0.25,-4972393.30425788,-4898556.816826268,0.23076923076923078,9,39,780,Road,31.05875,31.4,-4625686600.493696,-1137579405.5205877,0.10047619047619048,-4625686600.493695,-4282335935.7702436,0.01904761904761905,2,105,2100,-4630658993.797954,4620714207.189437,0.21172161172161175
Rail,18.205,15.2,-4972393.30425788,-4910540.167127829,0.25,-4972393.30425788,-4898556.816826268,0.23076923076923078,9,39,780,Road,31.1725,31.4,-4638652680.356804,-1137828013.6107433,0.10047619047619048,-4638652680.356805,-4295079885.991232,0.01904761904761905,2,105,2100,-4643625073.661063,4633680287.0525465,0.21172161172161175
Rail,18.205,15.2,-4972393.30425788,-4910540.167127829,0.25,-4972393.30425788,-4898556.816826268,0.23076923076923078,9,39,780,Road,31.28625,31.4,-4651618760.219912,-1138076621.7008991,0.10047619047619048,-4651618760.219912,-4307823836.212219,0.01904761904761905,2,105,2100,-4656591153.52417,4646646366.915653,0.21172161172161175
Rail,18.205,15.2,-4972393.30425788,-4910540.167127829,0.25,-4972393.30425788,-4898556.816826268,0.23076923076923078,9,39,780,Road,31.4,31.4,-4664584840.083019,-1138335947.347439,0.10047619047619048,-4664584840.083019,-4320567786.433207,0.01904761904761905,2,105,2100,-4669557233.387278,4659612446.778761,0.21172161172161175
Rail,18.456249999999997,15.2,-4903695.624189497,-4822731.909730626,0.2564102564102564,-4903695.624189498,-4821870.409487887,0.23076923076923078,9,39,780,Road,26.85,31.4,-4145941645.5586987,-1128380906.1848278,0.10047619047619048,-4145941645.558698,-3830177839.9219346,0.01904761904761905,2,105,2100,-4150845341.1828876,4141037949.934509,0.21172161172161175
Rail,18.456249999999997,15.2,-4903695.624189497,-4822731.909730626,0.2564102564102564,-4903695.624189498,-4821870.409487887,0.23076923076923078,9,39,780,Road,26.96375,31.4,-4158907725.421807,-1128629514.274984,0.10047619047619048,-4158907725.421807,-3842950509.708068,0.01904761904761905,2,105,2100,-4163811421.045996,4154004029.7976174,0.21172161172161175
Rail,18.456249999999997,15.2,-4903695.624189497,-4822731.909730626,0.2564102564102564,-4903695.624189498,-4821870.409487887,0.23076923076923078,9,39,780,Road,27.0775,31.4,-4171873805.2849145,-1128878122.3651395,0.10047619047619048,-4171873805.284915,-3855723179.4942007,0.01904761904761905,2,105,2100,-4176777500.9091043,4166970109.6607256,0.21172161172161175
Rail,18.456249999999997,15.2,-4903695.624189497,-4822731.909730626,0.2564102564102564,-4903695.624189498,-4821870.409487887,0.23076923076923078,9,39,780,Road,27.19125,31.4,-4184839885.1480227,-1129126730.455295,0.10047619047619048,-4184839885.148023,-3868495849.2803345,0.01904761904761905,2,105,2100,-4189743580.7722125,4179936189.5238338,0.21172161172161175
Rail,18.456249999999997,15.2,-4903695.624189497,-4822731.909730626,0.2564102564102564,-4903695.624189498,-4821870.409487887,0.23076923076923078,9,39,780,Road,27.305,31.4,-4197805965.011131,-1129375338.5454507,0.10047619047619048,-4197805965.0111313,-3881268519.0664682,0.01904761904761905,2,105,2100,-4202709660.6353207,4192902269.386942,0.21172161172161175
Rail,18.456249999999997,15.2,-4903695.624189497,-4822731.909730626,0.2564102564102564,-4903695.624189498,-4821870.409487887,0.23076923076923078,9,39,780,Road,27.418750000000003,31.4,-4210772044.8742394,-1129623946.6356063,0.10047619047619048,-4210772044.8742385,-3893495777.8551016,0.01904761904761905,2,105,2100,-4215675740.498428,4205868349.250049,0.21172161172161175
Rail,18.456249999999997,15.2,-4903695.624189497,-4822731.909730626,0.2564102564102564,-4903695.624189498,-4821870.409487887,0.23076923076923078,9,39,780,Road,27.532500000000002,31.4,-4223738124.7373476,-1129872554.725762,0.10047619047619048,-4223738124.7373466,-3901909725.170789,0.01904761904761905,2,105,2100,-4228641820.361536,4218834429.1131573,0.21172161172161175
Rail,18.456249999999997,15.2,-4903695.624189497,-4822731.909730626,0.2564102564102564,-4903695.624189498,-4821870.409487887,0.23076923076923078,9,39,780,Road,27.646250000000002,31.4,-4236704204.600455,-1130121162.8159175,0.10047619047619048,-4236704204.6004553,-3910323672.4864755,0.01904761904761905,2,105,2100,-4241607900.2246447,4231800508.976266,0.21172161172161175
Rail,18.456249999999997,15.2,-4903695.624189497,-4822731.909730626,0.2564102564102564,-4903695.624189498,-4821870.409487887,0.23076923076923078,9,39,780,Road,27.76,31.4,-4249670284.463563,-1130369770.9060733,0.10047619047619048,-4249670284.463563,-3918737619.802162,0.01904761904761905,2,105,2100,-4254573980.0877523,4244766588.8393736,0.21172161172161175
Rail,18.456249999999997,15.2,-4903695.624189497,-4822731.909730626,0.2564102564102564,-4903695.624189498,-4821870.409487887,0.23076923076923078,9,39,780,Road,27.87375,31.4,-4262636364.32667,-1130618378.996229,0.10047619047619048,-4262636364.326671,-3927151567.117849,0.01904761904761905,2,105,2100,-4267540059.9508605,4257732668.7024817,0.21172161172161175
Rail,18.456249999999997,15.2,-4903695.624189497,-4822731.909730626,0.2564102564102564,-4903695.624189498,-4821870.409487887,0.23076923076923078,9,39,780,Road,27.9875,31.4,-4275602444.189779,-1130053142.5673504,0.10047619047619048,-4275602444.1897793,-3939412550.3008804,0.01904761904761905,2,105,2100,-4280506139.8139687,4270698748.56559,0.21172161172161175
Rail,18.456249999999997,15.2,-4903695.624189497,-4822731.909730626,0.2564102564102564,-4903695.624189498,-4821870.409487887,0.23076923076923078,9,39,780,Road,28.10125,31.4,-4288568524.052887,-1128985213.0862138,0.10047619047619048,-4288568524.0528865,-3953394607.081622,0.01904761904761905,2,105,2100,-4293472219.677076,4283664828.428697,0.21172161172161175
Rail,18.456249999999997,15.2,-4903695.624189497,-4822731.909730626,0.2564102564102564,-4903695.624189498,-4821870.409487887,0.23076923076923078,9,39,780,Road,28.215,31.4,-4301534603.915996,-1128174086.3538113,0.10047619047619048,-4301534603.915995,-3967376663.8623643,0.01904761904761905,2,105,2100,-4306438299.540184,4296630908.291805,0.21172161172161175
Rail,18.456249999999997,15.2,-4903695.624189497,-4822731.909730626,0.2564102564102564,-4903695.624189498,-4821870.409487887,0.23076923076923078,9,39,780,Road,28.32875,31.4,-4314500683.779103,-1128436425.5764236,0.10047619047619048,-4314500683.779103,-3981358720.643106,0.01904761904761905,2,105,2100,-4319404379.403293,4309596988.154914,0.21172161172161175
Rail,18.456249999999997,15.2,-4903695.624189497,-4822731.909730626,0.2564102564102564,-4903695.624189498,-4821870.409487887,0.23076923076923078,9,39,780,Road,28.4425,31.4,-4327466763.642212,-1128721958.5330625,0.10047619047619048,-4327466763.642211,-3995340777.423848,0.01904761904761905,2,105,2100,-4332370459.2664,4322563068.018022,0.21172161172161175
Rail,18.456249999999997,15.2,-4903695.624189497,-4822731.909730626,0.2564102564102564,-4903695.624189498,-4821870.409487887,0.23076923076923078,9,39,780,Road,28.55625,31.4,-4340432843.505318,-1129007491.4897013,0.10047619047619048,-4340432843.505319,-4009322834.20459,0.01904761904761905,2,105,2100,-4345336539.129508,4335529147.881129,0.21172161172161175
Rail,18.456249999999997,15.2,-4903695.624189497,-4822731.909730626,0.2564102564102564,-4903695.624189498,-4821870.409487887,0.23076923076923078,9,39,780,Road,28.67,31.4,-4353398923.368427,-1129293024.4463398,0.10047619047619048,-4353398923.368427,-4019144236.3541107,0.01904761904761905,2,105,2100,-4358302618.992617,4348495227.744238,0.21172161172161175
Rail,18.456249999999997,15.2,-4903695.624189497,-4822731.909730626,0.2564102564102564,-4903695.624189498,-4821870.409487887,0.23076923076923078,9,39,780,Road,28.78375,31.4,-4366365003.231536,-1129578557.4029787,0.10047619047619048,-4366365003.231535,-4028344187.013256,0.01904761904761905,2,105,2100,-4371268698.855724,4361461307.607346,0.21172161172161175
Rail,18.456249999999997,15.2,-4903695.624189497,-4822731.909730626,0.2564102564102564,-4903695.624189498,-4821870.409487887,0.23076923076923078,9,39,780,Road,28.8975,31.4,-4379331083.094643,-1129864090.3596172,0.10047619047619048,-4379331083.094644,-4040200881.5714808,0.01904761904761905,2,105,2100,-4384234778.718833,4374427387.470454,0.21172161172161175
Rail,18.456249999999997,15.2,-4903695.624189497,-4822731.909730626,0.2564102564102564,-4903695.624189498,-4821870.409487887,0.23076923076923078,9,39,780,Road,29.01125,31.4,-4392297162.957751,-1130149623.316256,0.10047619047619048,-4392297162.957751,-4052944831.792468,0.01904761904761905,2,105,2100,-4397200858.581941,4387393467.333562,0.21172161172161175
Rail,18.456249999999997,15.2,-4903695.624189497,-4822731.909730626,0.2564102564102564,-4903695.624189498,-4821870.409487887,0.23076923076923078,9,39,780,Road,29.125,31.4,-4405263242.820859,-1130435156.2728949,0.10047619047619048,-4405263242.82086,-4065688782.0134554,0.01904761904761905,2,105,2100,-4410166938.445049,4400359547.196671,0.21172161172161175
Rail,18.456249999999997,15.2,-4903695.624189497,-4822731.909730626,0.2564102564102564,-4903695.624189498,-4821870.409487887,0.23076923076923078,9,39,780,Road,29.23875,31.4,-4418229322.683968,-1130720689.2295337,0.10047619047619048,-4418229322.683967,-4078432732.2344427,0.01904761904761905,2,105,2100,-4423133018.308156,4413325627.059777,0.21172161172161175
Rail,18.456249999999997,15.2,-4903695.624189497,-4822731.909730626,0.2564102564102564,-4903695.624189498,-4821870.409487887,0.23076923076923078,9,39,780,Road,29.3525,31.4,-4431195402.547075,-1131006222.1861722,0.10047619047619048,-4431195402.547075,-4091176682.4554305,0.01904761904761905,2,105,2100,-4436099098.171265,4426291706.922886,0.21172161172161175
Rail,18.456249999999997,15.2,-4903695.624189497,-4822731.909730626,0.2564102564102564,-4903695.624189498,-4821870.409487887,0.23076923076923078,9,39,780,Road,29.46625,31.4,-4444161482.410184,-1131318836.6494703,0.10047619047619048,-4444161482.410183,-4103920632.6764183,0.01904761904761905,2,105,2100,-4449065178.034372,4439257786.785994,0.21172161172161175
Rail,18.456249999999997,15.2,-4903695.624189497,-4822731.909730626,0.2564102564102564,-4903695.624189498,-4821870.409487887,0.23076923076923078,9,39,780,Road,29.58,31.4,-4457127562.273292,-1131652692.5152984,0.10047619047619048,-4457127562.273292,-4116664582.897405,0.01904761904761905,2,105,2100,-4462031257.897481,4452223866.649102,0.21172161172161175
Rail,18.456249999999997,15.2,-4903695.624189497,-4822731.909730626,0.2564102564102564,-4903695.624189498,-4821870.409487887,0.23076923076923078,9,39,780,Road,29.69375,31.4,-4470093642.136399,-1131986548.3811264,0.10047619047619048,-4470093642.1364,-4129408533.118394,0.01904761904761905,2,105,2100,-4474997337.76059,4465189946.512211,0.21172161172161175
Rail,18.456249999999997,15.2,-4903695.624189497,-4822731.909730626,0.2564102564102564,-4903695.624189498,-4821870.409487887,0.23076923076923078,9,39,780,Road,29.8075,31.4,-4483059721.999507,-1132399643.9010806,0.10047619047619048,-4483059721.999507,-4142152483.339381,0.01904761904761905,2,105,2100,-4487963417.623696,4478156026.375318,0.21172161172161175
Rail,18.456249999999997,15.2,-4903695.624189497,-4822731.909730626,0.2564102564102564,-4903695.624189498,-4821870.409487887,0.23076923076923078,9,39,780,Road,29.92125,31.4,-4496025801.862616,-1133220640.7194252,0.10047619047619048,-4496025801.862616,-4154896433.5603685,0.01904761904761905,2,105,2100,-4500929497.486805,4491122106.238426,0.21172161172161175
Rail,18.456249999999997,15.2,-4903695.624189497,-4822731.909730626,0.2564102564102564,-4903695.624189498,-4821870.409487887,0.23076923076923078,9,39,780,Road,30.035,31.4,-4508991881.725723,-1134041637.53777,0.10047619047619048,-4508991881.725723,-4167640383.781356,0.01904761904761905,2,105,2100,-4513895577.349913,4504088186.101534,0.21172161172161175
Rail,18.456249999999997,15.2,-4903695.624189497,-4822731.909730626,0.2564102564102564,-4903695.624189498,-4821870.409487887,0.23076923076923078,9,39,780,Road,30.14875,31.4,-4521957961.588831,-1134862634.3561149,0.10047619047619048,-4521957961.588832,-4180384334.0023437,0.01904761904761905,2,105,2100,-4526861657.213021,4517054265.964643,0.21172161172161175
Rail,18.456249999999997,15.2,-4903695.624189497,-4822731.909730626,0.2564102564102564,-4903695.624189498,-4821870.409487887,0.23076923076923078,9,39,780,Road,30.2625,31.4,-4534924041.45194,-1136086734.2343452,0.10047619047619048,-4534924041.45194,-4193128284.2233315,0.01904761904761905,2,105,2100,-4539827737.076129,4530020345.82775,0.21172161172161175
Rail,18.456249999999997,15.2,-4903695.624189497,-4822731.909730626,0.2564102564102564,-4903695.624189498,-4821870.409487887,0.23076923076923078,9,39,780,Road,30.37625,31.4,-4547890121.315047,-1137684027.005255,0.10047619047619048,-4547890121.315047,-4205872234.4443183,0.01904761904761905,2,105,2100,-4552793816.939237,4542986425.690858,0.21172161172161175
Rail,18.456249999999997,15.2,-4903695.624189497,-4822731.909730626,0.2564102564102564,-4903695.624189498,-4821870.409487887,0.23076923076923078,9,39,780,Road,30.49,31.4,-4560856201.178155,-1138628306.1565766,0.10047619047619048,-4560856201.178156,-4218616184.665306,0.01904761904761905,2,105,2100,-4565759896.802345,4555952505.5539665,0.21172161172161175
Rail,18.456249999999997,15.2,-4903695.624189497,-4822731.909730626,0.2564102564102564,-4903695.624189498,-4821870.409487887,0.23076923076923078,9,39,780,Road,30.603749999999998,31.4,-4573822281.041263,-1139454162.9291048,0.10047619047619048,-4573822281.041264,-4231360134.886294,0.01904761904761905,2,105,2100,-4578725976.665453,4568918585.417074,0.21172161172161175
Rail,18.456249999999997,15.2,-4903695.624189497,-4822731.909730626,0.2564102564102564,-4903695.624189498,-4821870.409487887,0.23076923076923078,9,39,780,Road,30.7175,31.4,-4586788360.904371,-1139439918.655672,0.10047619047619048,-4586788360.904372,-4244104085.1072817,0.01904761904761905,2,105,2100,-4591692056.528562,4581884665.280183,0.21172161172161175
Rail,18.456249999999997,15.2,-4903695.624189497,-4822731.909730626,0.2564102564102564,-4903695.624189498,-4821870.409487887,0.23076923076923078,9,39,780,Road,30.831249999999997,31.4,-4599754440.76748,-1138061295.3365622,0.10047619047619048,-4599754440.767479,-4256848035.3282685,0.01904761904761905,2,105,2100,-4604658136.391668,4594850745.14329,0.21172161172161175
Rail,18.456249999999997,15.2,-4903695.624189497,-4822731.909730626,0.2564102564102564,-4903695.624189498,-4821870.409487887,0.23076923076923078,9,39,780,Road,30.945,31.4,-4612720520.630588,-1137330797.4304318,0.10047619047619048,-4612720520.630588,-4269591985.5492563,0.01904761904761905,2,105,2100,-4617624216.254777,4607816825.006398,0.21172161172161175
Rail,18.456249999999997,15.2,-4903695.624189497,-4822731.909730626,0.2564102564102564,-4903695.624189498,-4821870.409487887,0.23076923076923078,9,39,780,Road,31.05875,31.4,-4625686600.493696,-1137579405.5205877,0.10047619047619048,-4625686600.493695,-4282335935.7702436,0.01904761904761905,2,105,2100,-4630590296.117885,4620782904.869506,0.21172161172161175
Rail,18.456249999999997,15.2,-4903695.624189497,-4822731.909730626,0.2564102564102564,-4903695.624189498,-4821870.409487887,0.23076923076923078,9,39,780,Road,31.1725,31.4,-4638652680.356804,-1137828013.6107433,0.10047619047619048,-4638652680.356805,-4295079885.991232,0.01904761904761905,2,105,2100,-4643556375.980994,4633748984.732615,0.21172161172161175
Rail,18.456249999999997,15.2,-4903695.624189497,-4822731.909730626,0.2564102564102564,-4903695.624189498,-4821870.409487887,0.23076923076923078,9,39,780,Road,31.28625,31.4,-4651618760.219912,-1138076621.7008991,0.10047619047619048,-4651618760.219912,-4307823836.212219,0.01904761904761905,2,105,2100,-4656522455.844101,4646715064.595722,0.21172161172161175
Rail,18.456249999999997,15.2,-4903695.624189497,-4822731.909730626,0.2564102564102564,-4903695.624189498,-4821870.409487887,0.23076923076923078,9,39,780,Road,31.4,31.4,-4664584840.083019,-1138335947.347439,0.10047619047619048,-4664584840.083019,-4320567786.433207,0.01904761904761905,2,105,2100,-4669488535.707209,4659681144.45883,0.21172161172161175
Rail,18.7075,15.2,-4834997.944121114,-4724298.036845196,0.2602564102564103,-4834997.944121115,-4745184.002149506,0.23076923076923078,9,39,780,Road,26.85,31.4,-4145941645.5586987,-1128380906.1848278,0.10047619047619048,-4145941645.558698,-3830177839.9219346,0.01904761904761905,2,105,2100,-4150776643.502819,4141106647.6145773,0.21172161172161175
Rail,18.7075,15.2,-4834997.944121114,-4724298.036845196,0.2602564102564103,-4834997.944121115,-4745184.002149506,0.23076923076923078,9,39,780,Road,26.96375,31.4,-4158907725.421807,-1128629514.274984,0.10047619047619048,-4158907725.421807,-3842950509.708068,0.01904761904761905,2,105,2100,-4163742723.3659277,4154072727.477686,0.21172161172161175
Rail,18.7075,15.2,-4834997.944121114,-4724298.036845196,0.2602564102564103,-4834997.944121115,-4745184.002149506,0.23076923076923078,9,39,780,Road,27.0775,31.4,-4171873805.2849145,-1128878122.3651395,0.10047619047619048,-4171873805.284915,-3855723179.4942007,0.01904761904761905,2,105,2100,-4176708803.229036,4167038807.340794,0.21172161172161175
Rail,18.7075,15.2,-4834997.944121114,-4724298.036845196,0.2602564102564103,-4834997.944121115,-4745184.002149506,0.23076923076923078,9,39,780,Road,27.19125,31.4,-4184839885.1480227,-1129126730.455295,0.10047619047619048,-4184839885.148023,-3868495849.2803345,0.01904761904761905,2,105,2100,-4189674883.092144,4180004887.2039022,0.21172161172161175
Rail,18.7075,15.2,-4834997.944121114,-4724298.036845196,0.2602564102564103,-4834997.944121115,-4745184.002149506,0.23076923076923078,9,39,780,Road,27.305,31.4,-4197805965.011131,-1129375338.5454507,0.10047619047619048,-4197805965.0111313,-3881268519.0664682,0.01904761904761905,2,105,2100,-4202640962.955252,4192970967.0670104,0.21172161172161175
Rail,18.7075,15.2,-4834997.944121114,-4724298.036845196,0.2602564102564103,-4834997.944121115,-4745184.002149506,0.23076923076923078,9,39,780,Road,27.418750000000003,31.4,-4210772044.8742394,-1129623946.6356063,0.10047619047619048,-4210772044.8742385,-3893495777.8551016,0.01904761904761905,2,105,2100,-4215607042.8183594,4205937046.9301176,0.21172161172161175
Rail,18.7075,15.2,-4834997.944121114,-4724298.036845196,0.2602564102564103,-4834997.944121115,-4745184.002149506,0.23076923076923078,9,39,780,Road,27.532500000000002,31.4,-4223738124.7373476,-1129872554.725762,0.10047619047619048,-4223738124.7373466,-3901909725.170789,0.01904761904761905,2,105,2100,-4228573122.6814675,4218903126.793226,0.21172161172161175
Rail,18.7075,15.2,-4834997.944121114,-4724298.036845196,0.2602564102564103,-4834997.944121115,-4745184.002149506,0.23076923076923078,9,39,780,Road,27.646250000000002,31.4,-4236704204.600455,-1130121162.8159175,0.10047619047619048,-4236704204.6004553,-3910323672.4864755,0.01904761904761905,2,105,2100,-4241539202.544576,4231869206.6563344,0.21172161172161175
Rail,18.7075,15.2,-4834997.944121114,-4724298.036845196,0.2602564102564103,-4834997.944121115,-4745184.002149506,0.23076923076923078,9,39,780,Road,27.76,31.4,-4249670284.463563,-1130369770.9060733,0.10047619047619048,-4249670284.463563,-3918737619.802162,0.01904761904761905,2,105,2100,-4254505282.407684,4244835286.519442,0.21172161172161175
Rail,18.7075,15.2,-4834997.944121114,-4724298.036845196,0.2602564102564103,-4834997.944121115,-4745184.002149506,0.23076923076923078,9,39,780,Road,27.87375,31.4,-4262636364.32667,-1130618378.996229,0.10047619047619048,-4262636364.326671,-3927151567.117849,0.01904761904761905,2,105,2100,-4267471362.270792,4257801366.3825502,0.21172161172161175
Rail,18.7075,15.2,-4834997.944121114,-4724298.036845196,0.2602564102564103,-4834997.944121115,-4745184.002149506,0.23076923076923078,9,39,780,Road,27.9875,31.4,-4275602444.189779,-1130053142.5673504,0.10047619047619048,-4275602444.1897793,-3939412550.3008804,0.01904761904761905,2,105,2100,-4280437442.1339,4270767446.2456584,0.21172161172161175
Rail,18.7075,15.2,-4834997.944121114,-4724298.036845196,0.2602564102564103,-4834997.944121115,-4745184.002149506,0.23076923076923078,9,39,780,Road,28.10125,31.4,-4288568524.052887,-1128985213.0862138,0.10047619047619048,-4288568524.0528865,-3953394607.081622,0.01904761904761905,2,105,2100,-4293403521.9970074,4283733526.1087656,0.21172161172161175
Rail,18.7075,15.2,-4834997.944121114,-4724298.036845196,0.2602564102564103,-4834997.944121115,-4745184.002149506,0.23076923076923078,9,39,780,Road,28.215,31.4,-4301534603.915996,-1128174086.3538113,0.10047619047619048,-4301534603.915995,-3967376663.8623643,0.01904761904761905,2,105,2100,-4306369601.860116,4296699605.971873,0.21172161172161175
Rail,18.7075,15.2,-4834997.944121114,-4724298.036845196,0.2602564102564103,-4834997.944121115,-4745184.002149506,0.23076923076923078,9,39,780,Road,28.32875,31.4,-4314500683.779103,-1128436425.5764236,0.10047619047619048,-4314500683.779103,-3981358720.643106,0.01904761904761905,2,105,2100,-4319335681.723225,4309665685.834982,0.21172161172161175
Rail,18.7075,15.2,-4834997.944121114,-4724298.036845196,0.2602564102564103,-4834997.944121115,-4745184.002149506,0.23076923076923078,9,39,780,Road,28.4425,31.4,-4327466763.642212,-1128721958.5330625,0.10047619047619048,-4327466763.642211,-3995340777.423848,0.01904761904761905,2,105,2100,-4332301761.586332,4322631765.69809,0.21172161172161175
Rail,18.7075,15.2,-4834997.944121114,-4724298.036845196,0.2602564102564103,-4834997.944121115,-4745184.002149506,0.23076923076923078,9,39,780,Road,28.55625,31.4,-4340432843.505318,-1129007491.4897013,0.10047619047619048,-4340432843.505319,-4009322834.20459,0.01904761904761905,2,105,2100,-4345267841.44944,4335597845.561197,0.21172161172161175
Rail,18.7075,15.2,-4834997.944121114,-4724298.036845196,0.2602564102564103,-4834997.944121115,-4745184.002149506,0.23076923076923078,9,39,780,Road,28.67,31.4,-4353398923.368427,-1129293024.4463398,0.10047619047619048,-4353398923.368427,-4019144236.3541107,0.01904761904761905,2,105,2100,-4358233921.312549,4348563925.424306,0.21172161172161175
Rail,18.7075,15.2,-4834997.944121114,-4724298.036845196,0.2602564102564103,-4834997.944121115,-4745184.002149506,0.23076923076923078,9,39,780,Road,28.78375,31.4,-4366365003.231536,-1129578557.4029787,0.10047619047619048,-4366365003.231535,-4028344187.013256,0.01904761904761905,2,105,2100,-4371200001.175656,4361530005.287414,0.21172161172161175
Rail,18.7075,15.2,-4834997.944121114,-4724298.036845196,0.2602564102564103,-4834997.944121115,-4745184.002149506,0.23076923076923078,9,39,780,Road,28.8975,31.4,-4379331083.094643,-1129864090.3596172,0.10047619047619048,-4379331083.094644,-4040200881.5714808,0.01904761904761905,2,105,2100,-4384166081.038765,4374496085.150522,0.21172161172161175
Rail,18.7075,15.2,-4834997.944121114,-4724298.036845196,0.2602564102564103,-4834997.944121115,-4745184.002149506,0.23076923076923078,9,39,780,Road,29.01125,31.4,-4392297162.957751,-1130149623.316256,0.10047619047619048,-4392297162.957751,-4052944831.792468,0.01904761904761905,2,105,2100,-4397132160.901873,4387462165.01363,0.21172161172161175
Rail,18.7075,15.2,-4834997.944121114,-4724298.036845196,0.2602564102564103,-4834997.944121115,-4745184.002149506,0.23076923076923078,9,39,780,Road,29.125,31.4,-4405263242.820859,-1130435156.2728949,0.10047619047619048,-4405263242.82086,-4065688782.0134554,0.01904761904761905,2,105,2100,-4410098240.764981,4400428244.876739,0.21172161172161175
Rail,18.7075,15.2,-4834997.944121114,-4724298.036845196,0.2602564102564103,-4834997.944121115,-4745184.002149506,0.23076923076923078,9,39,780,Road,29.23875,31.4,-4418229322.683968,-1130720689.2295337,0.10047619047619048,-4418229322.683967,-4078432732.2344427,0.01904761904761905,2,105,2100,-4423064320.628088,4413394324.739845,0.21172161172161175
Rail,18.7075,15.2,-4834997.944121114,-4724298.036845196,0.2602564102564103,-4834997.944121115,-4745184.002149506,0.23076923076923078,9,39,780,Road,29.3525,31.4,-4431195402.547075,-1131006222.1861722,0.10047619047619048,-4431195402.547075,-4091176682.4554305,0.01904761904761905,2,105,2100,-4436030400.491197,4426360404.602954,0.21172161172161175
Rail,18.7075,15.2,-4834997.944121114,-4724298.036845196,0.2602564102564103,-4834997.944121115,-4745184.002149506,0.23076923076923078,9,39,780,Road,29.46625,31.4,-4444161482.410184,-1131318836.6494703,0.10047619047619048,-4444161482.410183,-4103920632.6764183,0.01904761904761905,2,105,2100,-4448996480.354304,4439326484.466062,0.21172161172161175
Rail,18.7075,15.2,-4834997.944121114,-4724298.036845196,0.2602564102564103,-4834997.944121115,-4745184.002149506,0.23076923076923078,9,39,780,Road,29.58,31.4,-4457127562.273292,-1131652692.5152984,0.10047619047619048,-4457127562.273292,-4116664582.897405,0.01904761904761905,2,105,2100,-4461962560.217413,4452292564.32917,0.21172161172161175
Rail,18.7075,15.2,-4834997.944121114,-4724298.036845196,0.2602564102564103,-4834997.944121115,-4745184.002149506,0.23076923076923078,9,39,780,Road,29.69375,31.4,-4470093642.136399,-1131986548.3811264,0.10047619047619048,-4470093642.1364,-4129408533.118394,0.01904761904761905,2,105,2100,-4474928640.080522,4465258644.192279,0.21172161172161175
Rail,18.7075,15.2,-4834997.944121114,-4724298.036845196,0.2602564102564103,-4834997.944121115,-4745184.002149506,0.23076923076923078,9,39,780,Road,29.8075,31.4,-4483059721.999507,-1132399643.9010806,0.10047619047619048,-4483059721.999507,-4142152483.339381,0.01904761904761905,2,105,2100,-4487894719.943628,4478224724.055386,0.21172161172161175
Rail,18.7075,15.2,-4834997.944121114,-4724298.036845196,0.2602564102564103,-4834997.944121115,-4745184.002149506,0.23076923076923078,9,39,780,Road,29.92125,31.4,-4496025801.862616,-1133220640.7194252,0.10047619047619048,-4496025801.862616,-4154896433.5603685,0.01904761904761905,2,105,2100,-4500860799.806737,4491190803.918494,0.21172161172161175
Rail,18.7075,15.2,-4834997.944121114,-4724298.036845196,0.2602564102564103,-4834997.944121115,-4745184.002149506,0.23076923076923078,9,39,780,Road,30.035,31.4,-4508991881.725723,-1134041637.53777,0.10047619047619048,-4508991881.725723,-4167640383.781356,0.01904761904761905,2,105,2100,-4513826879.669845,4504156883.781602,0.21172161172161175
Rail,18.7075,15.2,-4834997.944121114,-4724298.036845196,0.2602564102564103,-4834997.944121115,-4745184.002149506,0.23076923076923078,9,39,780,Road,30.14875,31.4,-4521957961.588831,-1134862634.3561149,0.10047619047619048,-4521957961.588832,-4180384334.0023437,0.01904761904761905,2,105,2100,-4526792959.532953,4517122963.644711,0.21172161172161175
Rail,18.7075,15.2,-4834997.944121114,-4724298.036845196,0.2602564102564103,-4834997.944121115,-4745184.002149506,0.23076923076923078,9,39,780,Road,30.2625,31.4,-4534924041.45194,-1136086734.2343452,0.10047619047619048,-4534924041.45194,-4193128284.2233315,0.01904761904761905,2,105,2100,-4539759039.396061,4530089043.507818,0.21172161172161175
Rail,18.7075,15.2,-4834997.944121114,-4724298.036845196,0.2602564102564103,-4834997.944121115,-4745184.002149506,0.23076923076923078,9,39,780,Road,30.37625,31.4,-4547890121.315047,-1137684027.005255,0.10047619047619048,-4547890121.315047,-4205872234.4443183,0.01904761904761905,2,105,2100,-4552725119.259169,4543055123.370926,0.21172161172161175
Rail,18.7075,15.2,-4834997.944121114,-4724298.036845196,0.2602564102564103,-4834997.944121115,-4745184.002149506,0.23076923076923078,9,39,780,Road,30.49,31.4,-4560856201.178155,-1138628306.1565766,0.10047619047619048,-4560856201.178156,-4218616184.665306,0.01904761904761905,2,105,2100,-4565691199.122277,4556021203.234035,0.21172161172161175
Rail,18.7075,15.2,-4834997.944121114,-4724298.036845196,0.2602564102564103,-4834997.944121115,-4745184.002149506,0.23076923076923078,9,39,780,Road,30.603749999999998,31.4,-4573822281.041263,-1139454162.9291048,0.10047619047619048,-4573822281.041264,-4231360134.886294,0.01904761904761905,2,105,2100,-4578657278.985385,4568987283.097142,0.21172161172161175
Rail,18.7075,15.2,-4834997.944121114,-4724298.036845196,0.2602564102564103,-4834997.944121115,-4745184.002149506,0.23076923076923078,9,39,780,Road,30.7175,31.4,-4586788360.904371,-1139439918.655672,0.10047619047619048,-4586788360.904372,-4244104085.1072817,0.01904761904761905,2,105,2100,-4591623358.848494,4581953362.960251,0.21172161172161175
Rail,18.7075,15.2,-4834997.944121114,-4724298.036845196,0.2602564102564103,-4834997.944121115,-4745184.002149506,0.23076923076923078,9,39,780,Road,30.831249999999997,31.4,-4599754440.76748,-1138061295.3365622,0.10047619047619048,-4599754440.767479,-4256848035.3282685,0.01904761904761905,2,105,2100,-4604589438.7116,4594919442.823358,0.21172161172161175
Rail,18.7075,15.2,-4834997.944121114,-4724298.036845196,0.2602564102564103,-4834997.944121115,-4745184.002149506,0.23076923076923078,9,39,780,Road,30.945,31.4,-4612720520.630588,-1137330797.4304318,0.10047619047619048,-4612720520.630588,-4269591985.5492563,0.01904761904761905,2,105,2100,-4617555518.574709,4607885522.686466,0.21172161172161175
Rail,18.7075,15.2,-4834997.944121114,-4724298.036845196,0.2602564102564103,-4834997.944121115,-4745184.002149506,0.23076923076923078,9,39,780,Road,31.05875,31.4,-4625686600.493696,-1137579405.5205877,0.10047619047619048,-4625686600.493695,-4282335935.7702436,0.01904761904761905,2,105,2100,-4630521598.437817,4620851602.549574,0.21172161172161175
Rail,18.7075,15.2,-4834997.944121114,-4724298.036845196,0.2602564102564103,-4834997.944121115,-4745184.002149506,0.23076923076923078,9,39,780,Road,31.1725,31.4,-4638652680.356804,-1137828013.6107433,0.10047619047619048,-4638652680.356805,-4295079885.991232,0.01904761904761905,2,105,2100,-4643487678.300926,4633817682.4126835,0.21172161172161175
Rail,18.7075,15.2,-4834997.944121114,-4724298.036845196,0.2602564102564103,-4834997.944121115,-4745184.002149506,0.23076923076923078,9,39,780,Road,31.28625,31.4,-4651618760.219912,-1138076621.7008991,0.10047619047619048,-4651618760.219912,-4307823836.212219,0.01904761904761905,2,105,2100,-4656453758.164033,4646783762.27579,0.21172161172161175
Rail,18.7075,15.2,-4834997.944121114,-4724298.036845196,0.2602564102564103,-4834997.944121115,-4745184.002149506,0.23076923076923078,9,39,780,Road,31.4,31.4,-4664584840.083019,-1138335947.347439,0.10047619047619048,-4664584840.083019,-4320567786.433207,0.01904761904761905,2,105,2100,-4669419838.027141,4659749842.138898,0.21172161172161175
Rail,18.95875,15.2,-4766300.264052732,-4626721.735237801,0.2641025641025641,-4766300.264052733,-4668497.594811125,0.23076923076923078,9,39,780,Road,26.85,31.4,-4145941645.5586987,-1128380906.1848278,0.10047619047619048,-4145941645.558698,-3830177839.9219346,0.01904761904761905,2,105,2100,-4150707945.822751,4141175345.2946453,0.21172161172161175
Rail,18.95875,15.2,-4766300.264052732,-4626721.735237801,0.2641025641025641,-4766300.264052733,-4668497.594811125,0.23076923076923078,9,39,780,Road,26.96375,31.4,-4158907725.421807,-1128629514.274984,0.10047619047619048,-4158907725.421807,-3842950509.708068,0.01904761904761905,2,105,2100,-4163674025.6858597,4154141425.157754,0.21172161172161175
Rail,18.95875,15.2,-4766300.264052732,-4626721.735237801,0.2641025641025641,-4766300.264052733,-4668497.594811125,0.23076923076923078,9,39,780,Road,27.0775,31.4,-4171873805.2849145,-1128878122.3651395,0.10047619047619048,-4171873805.284915,-3855723179.4942007,0.01904761904761905,2,105,2100,-4176640105.548968,4167107505.020862,0.21172161172161175
Rail,18.95875,15.2,-4766300.264052732,-4626721.735237801,0.2641025641025641,-4766300.264052733,-4668497.594811125,0.23076923076923078,9,39,780,Road,27.19125,31.4,-4184839885.1480227,-1129126730.455295,0.10047619047619048,-4184839885.148023,-3868495849.2803345,0.01904761904761905,2,105,2100,-4189606185.412076,4180073584.8839703,0.21172161172161175
Rail,18.95875,15.2,-4766300.264052732,-4626721.735237801,0.2641025641025641,-4766300.264052733,-4668497.594811125,0.23076923076923078,9,39,780,Road,27.305,31.4,-4197805965.011131,-1129375338.5454507,0.10047619047619048,-4197805965.0111313,-3881268519.0664682,0.01904761904761905,2,105,2100,-4202572265.275184,4193039664.7470784,0.21172161172161175
Rail,18.95875,15.2,-4766300.264052732,-4626721.735237801,0.2641025641025641,-4766300.264052733,-4668497.594811125,0.23076923076923078,9,39,780,Road,27.418750000000003,31.4,-4210772044.8742394,-1129623946.6356063,0.10047619047619048,-4210772044.8742385,-3893495777.8551016,0.01904761904761905,2,105,2100,-4215538345.1382914,4206005744.6101856,0.21172161172161175
Rail,18.95875,15.2,-4766300.264052732,-4626721.735237801,0.2641025641025641,-4766300.264052733,-4668497.594811125,0.23076923076923078,9,39,780,Road,27.532500000000002,31.4,-4223738124.7373476,-1129872554.725762,0.10047619047619048,-4223738124.7373466,-3901909725.170789,0.01904761904761905,2,105,2100,-4228504425.0013995,4218971824.473294,0.21172161172161175
Rail,18.95875,15.2,-4766300.264052732,-4626721.735237801,0.2641025641025641,-4766300.264052733,-4668497.594811125,0.23076923076923078,9,39,780,Road,27.646250000000002,31.4,-4236704204.600455,-1130121162.8159175,0.10047619047619048,-4236704204.6004553,-3910323672.4864755,0.01904761904761905,2,105,2100,-4241470504.864508,4231937904.3364024,0.21172161172161175
Rail,18.95875,15.2,-4766300.264052732,-4626721.735237801,0.2641025641025641,-4766300.264052733,-4668497.594811125,0.23076923076923078,9,39,780,Road,27.76,31.4,-4249670284.463563,-1130369770.9060733,0.10047619047619048,-4249670284.463563,-3918737619.802162,0.01904761904761905,2,105,2100,-4254436584.727616,4244903984.19951,0.21172161172161175
Rail,18.95875,15.2,-4766300.264052732,-4626721.735237801,0.2641025641025641,-4766300.264052733,-4668497.594811125,0.23076923076923078,9,39,780,Road,27.87375,31.4,-4262636364.32667,-1130618378.996229,0.10047619047619048,-4262636364.326671,-3927151567.117849,0.01904761904761905,2,105,2100,-4267402664.590724,4257870064.0626183,0.21172161172161175
Rail,18.95875,15.2,-4766300.264052732,-4626721.735237801,0.2641025641025641,-4766300.264052733,-4668497.594811125,0.23076923076923078,9,39,780,Road,27.9875,31.4,-4275602444.189779,-1130053142.5673504,0.10047619047619048,-4275602444.1897793,-3939412550.3008804,0.01904761904761905,2,105,2100,-4280368744.453832,4270836143.9257264,0.21172161172161175
Rail,18.95875,15.2,-4766300.264052732,-4626721.735237801,0.2641025641025641,-4766300.264052733,-4668497.594811125,0.23076923076923078,9,39,780,Road,28.10125,31.4,-4288568524.052887,-1128985213.0862138,0.10047619047619048,-4288568524.0528865,-3953394607.081622,0.01904761904761905,2,105,2100,-4293334824.3169394,4283802223.7888336,0.21172161172161175
Rail,18.95875,15.2,-4766300.264052732,-4626721.735237801,0.2641025641025641,-4766300.264052733,-4668497.594811125,0.23076923076923078,9,39,780,Road,28.215,31.4,-4301534603.915996,-1128174086.3538113,0.10047619047619048,-4301534603.915995,-3967376663.8623643,0.01904761904761905,2,105,2100,-4306300904.180047,4296768303.651942,0.21172161172161175
Rail,18.95875,15.2,-4766300.264052732,-4626721.735237801,0.2641025641025641,-4766300.264052733,-4668497.594811125,0.23076923076923078,9,39,780,Road,28.32875,31.4,-4314500683.779103,-1128436425.5764236,0.10047619047619048,-4314500683.779103,-3981358720.643106,0.01904761904761905,2,105,2100,-4319266984.043156,4309734383.515051,0.21172161172161175
Rail,18.95875,15.2,-4766300.264052732,-4626721.735237801,0.2641025641025641,-4766300.264052733,-4668497.594811125,0.23076923076923078,9,39,780,Road,28.4425,31.4,-4327466763.642212,-1128721958.5330625,0.10047619047619048,-4327466763.642211,-3995340777.423848,0.01904761904761905,2,105,2100,-4332233063.906263,4322700463.378159,0.21172161172161175
Rail,18.95875,15.2,-4766300.264052732,-4626721.735237801,0.2641025641025641,-4766300.264052733,-4668497.594811125,0.23076923076923078,9,39,780,Road,28.55625,31.4,-4340432843.505318,-1129007491.4897013,0.10047619047619048,-4340432843.505319,-4009322834.20459,0.01904761904761905,2,105,2100,-4345199143.769371,4335666543.241266,0.21172161172161175
Rail,18.95875,15.2,-4766300.264052732,-4626721.735237801,0.2641025641025641,-4766300.264052733,-4668497.594811125,0.23076923076923078,9,39,780,Road,28.67,31.4,-4353398923.368427,-1129293024.4463398,0.10047619047619048,-4353398923.368427,-4019144236.3541107,0.01904761904761905,2,105,2100,-4358165223.63248,4348632623.104375,0.21172161172161175
Rail,18.95875,15.2,-4766300.264052732,-4626721.735237801,0.2641025641025641,-4766300.264052733,-4668497.594811125,0.23076923076923078,9,39,780,Road,28.78375,31.4,-4366365003.231536,-1129578557.4029787,0.10047619047619048,-4366365003.231535,-4028344187.013256,0.01904761904761905,2,105,2100,-4371131303.495587,4361598702.967483,0.21172161172161175
Rail,18.95875,15.2,-4766300.264052732,-4626721.735237801,0.2641025641025641,-4766300.264052733,-4668497.594811125,0.23076923076923078,9,39,780,Road,28.8975,31.4,-4379331083.094643,-1129864090.3596172,0.10047619047619048,-4379331083.094644,-4040200881.5714808,0.01904761904761905,2,105,2100,-4384097383.358696,4374564782.830591,0.21172161172161175
Rail,18.95875,15.2,-4766300.264052732,-4626721.735237801,0.2641025641025641,-4766300.264052733,-4668497.594811125,0.23076923076923078,9,39,780,Road,29.01125,31.4,-4392297162.957751,-1130149623.316256,0.10047619047619048,-4392297162.957751,-4052944831.792468,0.01904761904761905,2,105,2100,-4397063463.221804,4387530862.693699,0.21172161172161175
Rail,18.95875,15.2,-4766300.264052732,-4626721.735237801,0.2641025641025641,-4766300.264052733,-4668497.594811125,0.23076923076923078,9,39,780,Road,29.125,31.4,-4405263242.820859,-1130435156.2728949,0.10047619047619048,-4405263242.82086,-4065688782.0134554,0.01904761904761905,2,105,2100,-4410029543.084912,4400496942.5568075,0.21172161172161175
Rail,18.95875,15.2,-4766300.264052732,-4626721.735237801,0.2641025641025641,-4766300.264052733,-4668497.594811125,0.23076923076923078,9,39,780,Road,29.23875,31.4,-4418229322.683968,-1130720689.2295337,0.10047619047619048,-4418229322.683967,-4078432732.2344427,0.01904761904761905,2,105,2100,-4422995622.948019,4413463022.419914,0.21172161172161175
Rail,18.95875,15.2,-4766300.264052732,-4626721.735237801,0.2641025641025641,-4766300.264052733,-4668497.594811125,0.23076923076923078,9,39,780,Road,29.3525,31.4,-4431195402.547075,-1131006222.1861722,0.10047619047619048,-4431195402.547075,-4091176682.4554305,0.01904761904761905,2,105,2100,-4435961702.811128,4426429102.283023,0.21172161172161175
Rail,18.95875,15.2,-4766300.264052732,-4626721.735237801,0.2641025641025641,-4766300.264052733,-4668497.594811125,0.23076923076923078,9,39,780,Road,29.46625,31.4,-4444161482.410184,-1131318836.6494703,0.10047619047619048,-4444161482.410183,-4103920632.6764183,0.01904761904761905,2,105,2100,-4448927782.674235,4439395182.146131,0.21172161172161175
Rail,18.95875,15.2,-4766300.264052732,-4626721.735237801,0.2641025641025641,-4766300.264052733,-4668497.594811125,0.23076923076923078,9,39,780,Road,29.58,31.4,-4457127562.273292,-1131652692.5152984,0.10047619047619048,-4457127562.273292,-4116664582.897405,0.01904761904761905,2,105,2100,-4461893862.537344,4452361262.009239,0.21172161172161175
Rail,18.95875,15.2,-4766300.264052732,-4626721.735237801,0.2641025641025641,-4766300.264052733,-4668497.594811125,0.23076923076923078,9,39,780,Road,29.69375,31.4,-4470093642.136399,-1131986548.3811264,0.10047619047619048,-4470093642.1364,-4129408533.118394,0.01904761904761905,2,105,2100,-4474859942.400453,4465327341.872348,0.21172161172161175
Rail,18.95875,15.2,-4766300.264052732,-4626721.735237801,0.2641025641025641,-4766300.264052733,-4668497.594811125,0.23076923076923078,9,39,780,Road,29.8075,31.4,-4483059721.999507,-1132399643.9010806,0.10047619047619048,-4483059721.999507,-4142152483.339381,0.01904761904761905,2,105,2100,-4487826022.263559,4478293421.735455,0.21172161172161175
Rail,18.95875,15.2,-4766300.264052732,-4626721.735237801,0.2641025641025641,-4766300.264052733,-4668497.594811125,0.23076923076923078,9,39,780,Road,29.92125,31.4,-4496025801.862616,-1133220640.7194252,0.10047619047619048,-4496025801.862616,-4154896433.5603685,0.01904761904761905,2,105,2100,-4500792102.126668,4491259501.598563,0.21172161172161175
Rail,18.95875,15.2,-4766300.264052732,-4626721.735237801,0.2641025641025641,-4766300.264052733,-4668497.594811125,0.23076923076923078,9,39,780,Road,30.035,31.4,-4508991881.725723,-1134041637.53777,0.10047619047619048,-4508991881.725723,-4167640383.781356,0.01904761904761905,2,105,2100,-4513758181.989776,4504225581.461671,0.21172161172161175
Rail,18.95875,15.2,-4766300.264052732,-4626721.735237801,0.2641025641025641,-4766300.264052733,-4668497.594811125,0.23076923076923078,9,39,780,Road,30.14875,31.4,-4521957961.588831,-1134862634.3561149,0.10047619047619048,-4521957961.588832,-4180384334.0023437,0.01904761904761905,2,105,2100,-4526724261.852884,4517191661.3247795,0.21172161172161175
Rail,18.95875,15.2,-4766300.264052732,-4626721.735237801,0.2641025641025641,-4766300.264052733,-4668497.594811125,0.23076923076923078,9,39,780,Road,30.2625,31.4,-4534924041.45194,-1136086734.2343452,0.10047619047619048,-4534924041.45194,-4193128284.2233315,0.01904761904761905,2,105,2100,-4539690341.715992,4530157741.187887,0.21172161172161175
Rail,18.95875,15.2,-4766300.264052732,-4626721.735237801,0.2641025641025641,-4766300.264052733,-4668497.594811125,0.23076923076923078,9,39,780,Road,30.37625,31.4,-4547890121.315047,-1137684027.005255,0.10047619047619048,-4547890121.315047,-4205872234.4443183,0.01904761904761905,2,105,2100,-4552656421.5791,4543123821.050995,0.21172161172161175
Rail,18.95875,15.2,-4766300.264052732,-4626721.735237801,0.2641025641025641,-4766300.264052733,-4668497.594811125,0.23076923076923078,9,39,780,Road,30.49,31.4,-4560856201.178155,-1138628306.1565766,0.10047619047619048,-4560856201.178156,-4218616184.665306,0.01904761904761905,2,105,2100,-4565622501.442208,4556089900.9141035,0.21172161172161175
Rail,18.95875,15.2,-4766300.264052732,-4626721.735237801,0.2641025641025641,-4766300.264052733,-4668497.594811125,0.23076923076923078,9,39,780,Road,30.603749999999998,31.4,-4573822281.041263,-1139454162.9291048,0.10047619047619048,-4573822281.041264,-4231360134.886294,0.01904761904761905,2,105,2100,-4578588581.305316,4569055980.777211,0.21172161172161175
Rail,18.95875,15.2,-4766300.264052732,-4626721.735237801,0.2641025641025641,-4766300.264052733,-4668497.594811125,0.23076923076923078,9,39,780,Road,30.7175,31.4,-4586788360.904371,-1139439918.655672,0.10047619047619048,-4586788360.904372,-4244104085.1072817,0.01904761904761905,2,105,2100,-4591554661.168425,4582022060.64032,0.21172161172161175
Rail,18.95875,15.2,-4766300.264052732,-4626721.735237801,0.2641025641025641,-4766300.264052733,-4668497.594811125,0.23076923076923078,9,39,780,Road,30.831249999999997,31.4,-4599754440.76748,-1138061295.3365622,0.10047619047619048,-4599754440.767479,-4256848035.3282685,0.01904761904761905,2,105,2100,-4604520741.031531,4594988140.503427,0.21172161172161175
Rail,18.95875,15.2,-4766300.264052732,-4626721.735237801,0.2641025641025641,-4766300.264052733,-4668497.594811125,0.23076923076923078,9,39,780,Road,30.945,31.4,-4612720520.630588,-1137330797.4304318,0.10047619047619048,-4612720520.630588,-4269591985.5492563,0.01904761904761905,2,105,2100,-4617486820.89464,4607954220.366535,0.21172161172161175
Rail,18.95875,15.2,-4766300.264052732,-4626721.735237801,0.2641025641025641,-4766300.264052733,-4668497.594811125,0.23076923076923078,9,39,780,Road,31.05875,31.4,-4625686600.493696,-1137579405.5205877,0.10047619047619048,-4625686600.493695,-4282335935.7702436,0.01904761904761905,2,105,2100,-4630452900.757748,4620920300.229643,0.21172161172161175
Rail,18.95875,15.2,-4766300.264052732,-4626721.735237801,0.2641025641025641,-4766300.264052733,-4668497.594811125,0.23076923076923078,9,39,780,Road,31.1725,31.4,-4638652680.356804,-1137828013.6107433,0.10047619047619048,-4638652680.356805,-4295079885.991232,0.01904761904761905,2,105,2100,-4643418980.620857,4633886380.092752,0.21172161172161175
Rail,18.95875,15.2,-4766300.264052732,-4626721.735237801,0.2641025641025641,-4766300.264052733,-4668497.594811125,0.23076923076923078,9,39,780,Road,31.28625,31.4,-4651618760.219912,-1138076621.7008991,0.10047619047619048,-4651618760.219912,-4307823836.212219,0.01904761904761905,2,105,2100,-4656385060.483964,4646852459.955859,0.21172161172161175
Rail,18.95875,15.2,-4766300.264052732,-4626721.735237801,0.2641025641025641,-4766300.264052733,-4668497.594811125,0.23076923076923078,9,39,780,Road,31.4,31.4,-4664584840.083019,-1138335947.347439,0.10047619047619048,-4664584840.083019,-4320567786.433207,0.01904761904761905,2,105,2100,-4669351140.347072,4659818539.818967,0.21172161172161175
Rail,19.21,15.2,-4697602.583984349,-4541725.129713835,0.2717948717948718,-4697602.583984348,-4591811.187472744,0.2564102564102564,10,39,780,Road,26.85,31.4,-4145941645.5586987,-1128380906.1848278,0.10047619047619048,-4145941645.558698,-3830177839.9219346,0.01904761904761905,2,105,2100,-4150639248.1426826,4141244042.974714,0.23736263736263735
Rail,19.21,15.2,-4697602.583984349,-4541725.129713835,0.2717948717948718,-4697602.583984348,-4591811.187472744,0.2564102564102564,10,39,780,Road,26.96375,31.4,-4158907725.421807,-1128629514.274984,0.10047619047619048,-4158907725.421807,-3842950509.708068,0.01904761904761905,2,105,2100,-4163605328.005791,4154210122.8378224,0.23736263736263735
Rail,19.21,15.2,-4697602.583984349,-4541725.129713835,0.2717948717948718,-4697602.583984348,-4591811.187472744,0.2564102564102564,10,39,780,Road,27.0775,31.4,-4171873805.2849145,-1128878122.3651395,0.10047619047619048,-4171873805.284915,-3855723179.4942007,0.01904761904761905,2,105,2100,-4176571407.8688993,4167176202.7009306,0.23736263736263735
Rail,19.21,15.2,-4697602.583984349,-4541725.129713835,0.2717948717948718,-4697602.583984348,-4591811.187472744,0.2564102564102564,10,39,780,Road,27.19125,31.4,-4184839885.1480227,-1129126730.455295,0.10047619047619048,-4184839885.148023,-3868495849.2803345,0.01904761904761905,2,105,2100,-4189537487.7320075,4180142282.5640388,0.23736263736263735
Rail,19.21,15.2,-4697602.583984349,-4541725.129713835,0.2717948717948718,-4697602.583984348,-4591811.187472744,0.2564102564102564,10,39,780,Road,27.305,31.4,-4197805965.011131,-1129375338.5454507,0.10047619047619048,-4197805965.0111313,-3881268519.0664682,0.01904761904761905,2,105,2100,-4202503567.5951157,4193108362.427147,0.23736263736263735
Rail,19.21,15.2,-4697602.583984349,-4541725.129713835,0.2717948717948718,-4697602.583984348,-4591811.187472744,0.2564102564102564,10,39,780,Road,27.418750000000003,31.4,-4210772044.8742394,-1129623946.6356063,0.10047619047619048,-4210772044.8742385,-3893495777.8551016,0.01904761904761905,2,105,2100,-4215469647.458223,4206074442.290254,0.23736263736263735
Rail,19.21,15.2,-4697602.583984349,-4541725.129713835,0.2717948717948718,-4697602.583984348,-4591811.187472744,0.2564102564102564,10,39,780,Road,27.532500000000002,31.4,-4223738124.7373476,-1129872554.725762,0.10047619047619048,-4223738124.7373466,-3901909725.170789,0.01904761904761905,2,105,2100,-4228435727.321331,4219040522.1533623,0.23736263736263735
Rail,19.21,15.2,-4697602.583984349,-4541725.129713835,0.2717948717948718,-4697602.583984348,-4591811.187472744,0.2564102564102564,10,39,780,Road,27.646250000000002,31.4,-4236704204.600455,-1130121162.8159175,0.10047619047619048,-4236704204.6004553,-3910323672.4864755,0.01904761904761905,2,105,2100,-4241401807.1844397,4232006602.016471,0.23736263736263735
Rail,19.21,15.2,-4697602.583984349,-4541725.129713835,0.2717948717948718,-4697602.583984348,-4591811.187472744,0.2564102564102564,10,39,780,Road,27.76,31.4,-4249670284.463563,-1130369770.9060733,0.10047619047619048,-4249670284.463563,-3918737619.802162,0.01904761904761905,2,105,2100,-4254367887.0475473,4244972681.8795786,0.23736263736263735
Rail,19.21,15.2,-4697602.583984349,-4541725.129713835,0.2717948717948718,-4697602.583984348,-4591811.187472744,0.2564102564102564,10,39,780,Road,27.87375,31.4,-4262636364.32667,-1130618378.996229,0.10047619047619048,-4262636364.326671,-3927151567.117849,0.01904761904761905,2,105,2100,-4267333966.9106555,4257938761.7426867,0.23736263736263735
Rail,19.21,15.2,-4697602.583984349,-4541725.129713835,0.2717948717948718,-4697602.583984348,-4591811.187472744,0.2564102564102564,10,39,780,Road,27.9875,31.4,-4275602444.189779,-1130053142.5673504,0.10047619047619048,-4275602444.1897793,-3939412550.3008804,0.01904761904761905,2,105,2100,-4280300046.7737637,4270904841.605795,0.23736263736263735
Rail,19.21,15.2,-4697602.583984349,-4541725.129713835,0.2717948717948718,-4697602.583984348,-4591811.187472744,0.2564102564102564,10,39,780,Road,28.10125,31.4,-4288568524.052887,-1128985213.0862138,0.10047619047619048,-4288568524.0528865,-3953394607.081622,0.01904761904761905,2,105,2100,-4293266126.636871,4283870921.468902,0.23736263736263735
Rail,19.21,15.2,-4697602.583984349,-4541725.129713835,0.2717948717948718,-4697602.583984348,-4591811.187472744,0.2564102564102564,10,39,780,Road,28.215,31.4,-4301534603.915996,-1128174086.3538113,0.10047619047619048,-4301534603.915995,-3967376663.8623643,0.01904761904761905,2,105,2100,-4306232206.499979,4296837001.33201,0.23736263736263735
Rail,19.21,15.2,-4697602.583984349,-4541725.129713835,0.2717948717948718,-4697602.583984348,-4591811.187472744,0.2564102564102564,10,39,780,Road,28.32875,31.4,-4314500683.779103,-1128436425.5764236,0.10047619047619048,-4314500683.779103,-3981358720.643106,0.01904761904761905,2,105,2100,-4319198286.363088,4309803081.195119,0.23736263736263735
Rail,19.21,15.2,-4697602.583984349,-4541725.129713835,0.2717948717948718,-4697602.583984348,-4591811.187472744,0.2564102564102564,10,39,780,Road,28.4425,31.4,-4327466763.642212,-1128721958.5330625,0.10047619047619048,-4327466763.642211,-3995340777.423848,0.01904761904761905,2,105,2100,-4332164366.226195,4322769161.058227,0.23736263736263735
Rail,19.21,15.2,-4697602.583984349,-4541725.129713835,0.2717948717948718,-4697602.583984348,-4591811.187472744,0.2564102564102564,10,39,780,Road,28.55625,31.4,-4340432843.505318,-1129007491.4897013,0.10047619047619048,-4340432843.505319,-4009322834.20459,0.01904761904761905,2,105,2100,-4345130446.089303,4335735240.921334,0.23736263736263735
Rail,19.21,15.2,-4697602.583984349,-4541725.129713835,0.2717948717948718,-4697602.583984348,-4591811.187472744,0.2564102564102564,10,39,780,Road,28.67,31.4,-4353398923.368427,-1129293024.4463398,0.10047619047619048,-4353398923.368427,-4019144236.3541107,0.01904761904761905,2,105,2100,-4358096525.952412,4348701320.784443,0.23736263736263735
Rail,19.21,15.2,-4697602.583984349,-4541725.129713835,0.2717948717948718,-4697602.583984348,-4591811.187472744,0.2564102564102564,10,39,780,Road,28.78375,31.4,-4366365003.231536,-1129578557.4029787,0.10047619047619048,-4366365003.231535,-4028344187.013256,0.01904761904761905,2,105,2100,-4371062605.815519,4361667400.647551,0.23736263736263735
Rail,19.21,15.2,-4697602.583984349,-4541725.129713835,0.2717948717948718,-4697602.583984348,-4591811.187472744,0.2564102564102564,10,39,780,Road,28.8975,31.4,-4379331083.094643,-1129864090.3596172,0.10047619047619048,-4379331083.094644,-4040200881.5714808,0.01904761904761905,2,105,2100,-4384028685.678628,4374633480.510659,0.23736263736263735
Rail,19.21,15.2,-4697602.583984349,-4541725.129713835,0.2717948717948718,-4697602.583984348,-4591811.187472744,0.2564102564102564,10,39,780,Road,29.01125,31.4,-4392297162.957751,-1130149623.316256,0.10047619047619048,-4392297162.957751,-4052944831.792468,0.01904761904761905,2,105,2100,-4396994765.541736,4387599560.373767,0.23736263736263735
Rail,19.21,15.2,-4697602.583984349,-4541725.129713835,0.2717948717948718,-4697602.583984348,-4591811.187472744,0.2564102564102564,10,39,780,Road,29.125,31.4,-4405263242.820859,-1130435156.2728949,0.10047619047619048,-4405263242.82086,-4065688782.0134554,0.01904761904761905,2,105,2100,-4409960845.404844,4400565640.236876,0.23736263736263735
Rail,19.21,15.2,-4697602.583984349,-4541725.129713835,0.2717948717948718,-4697602.583984348,-4591811.187472744,0.2564102564102564,10,39,780,Road,29.23875,31.4,-4418229322.683968,-1130720689.2295337,0.10047619047619048,-4418229322.683967,-4078432732.2344427,0.01904761904761905,2,105,2100,-4422926925.267951,4413531720.099982,0.23736263736263735
Rail,19.21,15.2,-4697602.583984349,-4541725.129713835,0.2717948717948718,-4697602.583984348,-4591811.187472744,0.2564102564102564,10,39,780,Road,29.3525,31.4,-4431195402.547075,-1131006222.1861722,0.10047619047619048,-4431195402.547075,-4091176682.4554305,0.01904761904761905,2,105,2100,-4435893005.13106,4426497799.963091,0.23736263736263735
Rail,19.21,15.2,-4697602.583984349,-4541725.129713835,0.2717948717948718,-4697602.583984348,-4591811.187472744,0.2564102564102564,10,39,780,Road,29.46625,31.4,-4444161482.410184,-1131318836.6494703,0.10047619047619048,-4444161482.410183,-4103920632.6764183,0.01904761904761905,2,105,2100,-4448859084.994167,4439463879.826199,0.23736263736263735
Rail,19.21,15.2,-4697602.583984349,-4541725.129713835,0.2717948717948718,-4697602.583984348,-4591811.187472744,0.2564102564102564,10,39,780,Road,29.58,31.4,-4457127562.273292,-1131652692.5152984,0.10047619047619048,-4457127562.273292,-4116664582.897405,0.01904761904761905,2,105,2100,-4461825164.857276,4452429959.689307,0.23736263736263735
Rail,19.21,15.2,-4697602.583984349,-4541725.129713835,0.2717948717948718,-4697602.583984348,-4591811.187472744,0.2564102564102564,10,39,780,Road,29.69375,31.4,-4470093642.136399,-1131986548.3811264,0.10047619047619048,-4470093642.1364,-4129408533.118394,0.01904761904761905,2,105,2100,-4474791244.720385,4465396039.552416,0.23736263736263735
Rail,19.21,15.2,-4697602.583984349,-4541725.129713835,0.2717948717948718,-4697602.583984348,-4591811.187472744,0.2564102564102564,10,39,780,Road,29.8075,31.4,-4483059721.999507,-1132399643.9010806,0.10047619047619048,-4483059721.999507,-4142152483.339381,0.01904761904761905,2,105,2100,-4487757324.583491,4478362119.415523,0.23736263736263735
Rail,19.21,15.2,-4697602.583984349,-4541725.129713835,0.2717948717948718,-4697602.583984348,-4591811.187472744,0.2564102564102564,10,39,780,Road,29.92125,31.4,-4496025801.862616,-1133220640.7194252,0.10047619047619048,-4496025801.862616,-4154896433.5603685,0.01904761904761905,2,105,2100,-4500723404.4466,4491328199.278631,0.23736263736263735
Rail,19.21,15.2,-4697602.583984349,-4541725.129713835,0.2717948717948718,-4697602.583984348,-4591811.187472744,0.2564102564102564,10,39,780,Road,30.035,31.4,-4508991881.725723,-1134041637.53777,0.10047619047619048,-4508991881.725723,-4167640383.781356,0.01904761904761905,2,105,2100,-4513689484.309708,4504294279.141739,0.23736263736263735
Rail,19.21,15.2,-4697602.583984349,-4541725.129713835,0.2717948717948718,-4697602.583984348,-4591811.187472744,0.2564102564102564,10,39,780,Road,30.14875,31.4,-4521957961.588831,-1134862634.3561149,0.10047619047619048,-4521957961.588832,-4180384334.0023437,0.01904761904761905,2,105,2100,-4526655564.172816,4517260359.004848,0.23736263736263735
Rail,19.21,15.2,-4697602.583984349,-4541725.129713835,0.2717948717948718,-4697602.583984348,-4591811.187472744,0.2564102564102564,10,39,780,Road,30.2625,31.4,-4534924041.45194,-1136086734.2343452,0.10047619047619048,-4534924041.45194,-4193128284.2233315,0.01904761904761905,2,105,2100,-4539621644.035924,4530226438.867955,0.23736263736263735
Rail,19.21,15.2,-4697602.583984349,-4541725.129713835,0.2717948717948718,-4697602.583984348,-4591811.187472744,0.2564102564102564,10,39,780,Road,30.37625,31.4,-4547890121.315047,-1137684027.005255,0.10047619047619048,-4547890121.315047,-4205872234.4443183,0.01904761904761905,2,105,2100,-4552587723.899032,4543192518.731063,0.23736263736263735
Rail,19.21,15.2,-4697602.583984349,-4541725.129713835,0.2717948717948718,-4697602.583984348,-4591811.187472744,0.2564102564102564,10,39,780,Road,30.49,31.4,-4560856201.178155,-1138628306.1565766,0.10047619047619048,-4560856201.178156,-4218616184.665306,0.01904761904761905,2,105,2100,-4565553803.76214,4556158598.594172,0.23736263736263735
Rail,19.21,15.2,-4697602.583984349,-4541725.129713835,0.2717948717948718,-4697602.583984348,-4591811.187472744,0.2564102564102564,10,39,780,Road,30.603749999999998,31.4,-4573822281.041263,-1139454162.9291048,0.10047619047619048,-4573822281.041264,-4231360134.886294,0.01904761904761905,2,105,2100,-4578519883.625248,4569124678.457279,0.23736263736263735
Rail,19.21,15.2,-4697602.583984349,-4541725.129713835,0.2717948717948718,-4697602.583984348,-4591811.187472744,0.2564102564102564,10,39,780,Road,30.7175,31.4,-4586788360.904371,-1139439918.655672,0.10047619047619048,-4586788360.904372,-4244104085.1072817,0.01904761904761905,2,105,2100,-4591485963.488357,4582090758.320388,0.23736263736263735
Rail,19.21,15.2,-4697602.583984349,-4541725.129713835,0.2717948717948718,-4697602.583984348,-4591811.187472744,0.2564102564102564,10,39,780,Road,30.831249999999997,31.4,-4599754440.76748,-1138061295.3365622,0.10047619047619048,-4599754440.767479,-4256848035.3282685,0.01904761904761905,2,105,2100,-4604452043.351463,4595056838.183495,0.23736263736263735
Rail,19.21,15.2,-4697602.583984349,-4541725.129713835,0.2717948717948718,-4697602.583984348,-4591811.187472744,0.2564102564102564,10,39,780,Road,30.945,31.4,-4612720520.630588,-1137330797.4304318,0.10047619047619048,-4612720520.630588,-4269591985.5492563,0.01904761904761905,2,105,2100,-4617418123.214572,4608022918.046603,0.23736263736263735
Rail,19.21,15.2,-4697602.583984349,-4541725.129713835,0.2717948717948718,-4697602.583984348,-4591811.187472744,0.2564102564102564,10,39,780,Road,31.05875,31.4,-4625686600.493696,-1137579405.5205877,0.10047619047619048,-4625686600.493695,-4282335935.7702436,0.01904761904761905,2,105,2100,-4630384203.07768,4620988997.909711,0.23736263736263735
Rail,19.21,15.2,-4697602.583984349,-4541725.129713835,0.2717948717948718,-4697602.583984348,-4591811.187472744,0.2564102564102564,10,39,780,Road,31.1725,31.4,-4638652680.356804,-1137828013.6107433,0.10047619047619048,-4638652680.356805,-4295079885.991232,0.01904761904761905,2,105,2100,-4643350282.940789,4633955077.77282,0.23736263736263735
Rail,19.21,15.2,-4697602.583984349,-4541725.129713835,0.2717948717948718,-4697602.583984348,-4591811.187472744,0.2564102564102564,10,39,780,Road,31.28625,31.4,-4651618760.219912,-1138076621.7008991,0.10047619047619048,-4651618760.219912,-4307823836.212219,0.01904761904761905,2,105,2100,-4656316362.803896,4646921157.635927,0.23736263736263735
Rail,19.21,15.2,-4697602.583984349,-4541725.129713835,0.2717948717948718,-4697602.583984348,-4591811.187472744,0.2564102564102564,10,39,780,Road,31.4,31.4,-4664584840.083019,-1138335947.347439,0.10047619047619048,-4664584840.083019,-4320567786.433207,0.01904761904761905,2,105,2100,-4669282442.667004,4659887237.499035,0.23736263736263735
Rail,19.46125,15.2,-4628904.903915967,-4456941.448933412,0.27692307692307694,-4628904.903915967,-4515124.780134363,0.28205128205128205,11,39,780,Road,26.85,31.4,-4145941645.5586987,-1128380906.1848278,0.10047619047619048,-4145941645.558698,-3830177839.9219346,0.01904761904761905,2,105,2100,-4150570550.462614,4141312740.6547823,0.263003663003663
Rail,19.46125,15.2,-4628904.903915967,-4456941.448933412,0.27692307692307694,-4628904.903915967,-4515124.780134363,0.28205128205128205,11,39,780,Road,26.96375,31.4,-4158907725.421807,-1128629514.274984,0.10047619047619048,-4158907725.421807,-3842950509.708068,0.01904761904761905,2,105,2100,-4163536630.3257227,4154278820.517891,0.263003663003663
Rail,19.46125,15.2,-4628904.903915967,-4456941.448933412,0.27692307692307694,-4628904.903915967,-4515124.780134363,0.28205128205128205,11,39,780,Road,27.0775,31.4,-4171873805.2849145,-1128878122.3651395,0.10047619047619048,-4171873805.284915,-3855723179.4942007,0.01904761904761905,2,105,2100,-4176502710.188831,4167244900.380999,0.263003663003663
Rail,19.46125,15.2,-4628904.903915967,-4456941.448933412,0.27692307692307694,-4628904.903915967,-4515124.780134363,0.28205128205128205,11,39,780,Road,27.19125,31.4,-4184839885.1480227,-1129126730.455295,0.10047619047619048,-4184839885.148023,-3868495849.2803345,0.01904761904761905,2,105,2100,-4189468790.051939,4180210980.2441072,0.263003663003663
Rail,19.46125,15.2,-4628904.903915967,-4456941.448933412,0.27692307692307694,-4628904.903915967,-4515124.780134363,0.28205128205128205,11,39,780,Road,27.305,31.4,-4197805965.011131,-1129375338.5454507,0.10047619047619048,-4197805965.0111313,-3881268519.0664682,0.01904761904761905,2,105,2100,-4202434869.915047,4193177060.1072154,0.263003663003663
Rail,19.46125,15.2,-4628904.903915967,-4456941.448933412,0.27692307692307694,-4628904.903915967,-4515124.780134363,0.28205128205128205,11,39,780,Road,27.418750000000003,31.4,-4210772044.8742394,-1129623946.6356063,0.10047619047619048,-4210772044.8742385,-3893495777.8551016,0.01904761904761905,2,105,2100,-4215400949.7781544,4206143139.9703226,0.263003663003663
Rail,19.46125,15.2,-4628904.903915967,-4456941.448933412,0.27692307692307694,-4628904.903915967,-4515124.780134363,0.28205128205128205,11,39,780,Road,27.532500000000002,31.4,-4223738124.7373476,-1129872554.725762,0.10047619047619048,-4223738124.7373466,-3901909725.170789,0.01904761904761905,2,105,2100,-4228367029.6412625,4219109219.833431,0.263003663003663
Rail,19.46125,15.2,-4628904.903915967,-4456941.448933412,0.27692307692307694,-4628904.903915967,-4515124.780134363,0.28205128205128205,11,39,780,Road,27.646250000000002,31.4,-4236704204.600455,-1130121162.8159175,0.10047619047619048,-4236704204.6004553,-3910323672.4864755,0.01904761904761905,2,105,2100,-4241333109.504371,4232075299.6965394,0.263003663003663
Rail,19.46125,15.2,-4628904.903915967,-4456941.448933412,0.27692307692307694,-4628904.903915967,-4515124.780134363,0.28205128205128205,11,39,780,Road,27.76,31.4,-4249670284.463563,-1130369770.9060733,0.10047619047619048,-4249670284.463563,-3918737619.802162,0.01904761904761905,2,105,2100,-4254299189.367479,4245041379.559647,0.263003663003663
Rail,19.46125,15.2,-4628904.903915967,-4456941.448933412,0.27692307692307694,-4628904.903915967,-4515124.780134363,0.28205128205128205,11,39,780,Road,27.87375,31.4,-4262636364.32667,-1130618378.996229,0.10047619047619048,-4262636364.326671,-3927151567.117849,0.01904761904761905,2,105,2100,-4267265269.230587,4258007459.4227552,0.263003663003663
Rail,19.46125,15.2,-4628904.903915967,-4456941.448933412,0.27692307692307694,-4628904.903915967,-4515124.780134363,0.28205128205128205,11,39,780,Road,27.9875,31.4,-4275602444.189779,-1130053142.5673504,0.10047619047619048,-4275602444.1897793,-3939412550.3008804,0.01904761904761905,2,105,2100,-4280231349.093695,4270973539.2858634,0.263003663003663
Rail,19.46125,15.2,-4628904.903915967,-4456941.448933412,0.27692307692307694,-4628904.903915967,-4515124.780134363,0.28205128205128205,11,39,780,Road,28.10125,31.4,-4288568524.052887,-1128985213.0862138,0.10047619047619048,-4288568524.0528865,-3953394607.081622,0.01904761904761905,2,105,2100,-4293197428.9568024,4283939619.1489706,0.263003663003663
Rail,19.46125,15.2,-4628904.903915967,-4456941.448933412,0.27692307692307694,-4628904.903915967,-4515124.780134363,0.28205128205128205,11,39,780,Road,28.215,31.4,-4301534603.915996,-1128174086.3538113,0.10047619047619048,-4301534603.915995,-3967376663.8623643,0.01904761904761905,2,105,2100,-4306163508.819911,4296905699.012078,0.263003663003663
Rail,19.46125,15.2,-4628904.903915967,-4456941.448933412,0.27692307692307694,-4628904.903915967,-4515124.780134363,0.28205128205128205,11,39,780,Road,28.32875,31.4,-4314500683.779103,-1128436425.5764236,0.10047619047619048,-4314500683.779103,-3981358720.643106,0.01904761904761905,2,105,2100,-4319129588.68302,4309871778.875187,0.263003663003663
Rail,19.46125,15.2,-4628904.903915967,-4456941.448933412,0.27692307692307694,-4628904.903915967,-4515124.780134363,0.28205128205128205,11,39,780,Road,28.4425,31.4,-4327466763.642212,-1128721958.5330625,0.10047619047619048,-4327466763.642211,-3995340777.423848,0.01904761904761905,2,105,2100,-4332095668.546127,4322837858.738295,0.263003663003663
Rail,19.46125,15.2,-4628904.903915967,-4456941.448933412,0.27692307692307694,-4628904.903915967,-4515124.780134363,0.28205128205128205,11,39,780,Road,28.55625,31.4,-4340432843.505318,-1129007491.4897013,0.10047619047619048,-4340432843.505319,-4009322834.20459,0.01904761904761905,2,105,2100,-4345061748.409235,4335803938.601402,0.263003663003663
Rail,19.46125,15.2,-4628904.903915967,-4456941.448933412,0.27692307692307694,-4628904.903915967,-4515124.780134363,0.28205128205128205,11,39,780,Road,28.67,31.4,-4353398923.368427,-1129293024.4463398,0.10047619047619048,-4353398923.368427,-4019144236.3541107,0.01904761904761905,2,105,2100,-4358027828.272344,4348770018.464511,0.263003663003663
Rail,19.46125,15.2,-4628904.903915967,-4456941.448933412,0.27692307692307694,-4628904.903915967,-4515124.780134363,0.28205128205128205,11,39,780,Road,28.78375,31.4,-4366365003.231536,-1129578557.4029787,0.10047619047619048,-4366365003.231535,-4028344187.013256,0.01904761904761905,2,105,2100,-4370993908.135451,4361736098.327619,0.263003663003663
Rail,19.46125,15.2,-4628904.903915967,-4456941.448933412,0.27692307692307694,-4628904.903915967,-4515124.780134363,0.28205128205128205,11,39,780,Road,28.8975,31.4,-4379331083.094643,-1129864090.3596172,0.10047619047619048,-4379331083.094644,-4040200881.5714808,0.01904761904761905,2,105,2100,-4383959987.99856,4374702178.190727,0.263003663003663
Rail,19.46125,15.2,-4628904.903915967,-4456941.448933412,0.27692307692307694,-4628904.903915967,-4515124.780134363,0.28205128205128205,11,39,780,Road,29.01125,31.4,-4392297162.957751,-1130149623.316256,0.10047619047619048,-4392297162.957751,-4052944831.792468,0.01904761904761905,2,105,2100,-4396926067.861668,4387668258.053835,0.263003663003663
Rail,19.46125,15.2,-4628904.903915967,-4456941.448933412,0.27692307692307694,-4628904.903915967,-4515124.780134363,0.28205128205128205,11,39,780,Road,29.125,31.4,-4405263242.820859,-1130435156.2728949,0.10047619047619048,-4405263242.82086,-4065688782.0134554,0.01904761904761905,2,105,2100,-4409892147.724776,4400634337.916944,0.263003663003663
Rail,19.46125,15.2,-4628904.903915967,-4456941.448933412,0.27692307692307694,-4628904.903915967,-4515124.780134363,0.28205128205128205,11,39,780,Road,29.23875,31.4,-4418229322.683968,-1130720689.2295337,0.10047619047619048,-4418229322.683967,-4078432732.2344427,0.01904761904761905,2,105,2100,-4422858227.587883,4413600417.78005,0.263003663003663
Rail,19.46125,15.2,-4628904.903915967,-4456941.448933412,0.27692307692307694,-4628904.903915967,-4515124.780134363,0.28205128205128205,11,39,780,Road,29.3525,31.4,-4431195402.547075,-1131006222.1861722,0.10047619047619048,-4431195402.547075,-4091176682.4554305,0.01904761904761905,2,105,2100,-4435824307.450992,4426566497.643159,0.263003663003663
Rail,19.46125,15.2,-4628904.903915967,-4456941.448933412,0.27692307692307694,-4628904.903915967,-4515124.780134363,0.28205128205128205,11,39,780,Road,29.46625,31.4,-4444161482.410184,-1131318836.6494703,0.10047619047619048,-4444161482.410183,-4103920632.6764183,0.01904761904761905,2,105,2100,-4448790387.314099,4439532577.506267,0.263003663003663
Rail,19.46125,15.2,-4628904.903915967,-4456941.448933412,0.27692307692307694,-4628904.903915967,-4515124.780134363,0.28205128205128205,11,39,780,Road,29.58,31.4,-4457127562.273292,-1131652692.5152984,0.10047619047619048,-4457127562.273292,-4116664582.897405,0.01904761904761905,2,105,2100,-4461756467.177208,4452498657.369375,0.263003663003663
Rail,19.46125,15.2,-4628904.903915967,-4456941.448933412,0.27692307692307694,-4628904.903915967,-4515124.780134363,0.28205128205128205,11,39,780,Road,29.69375,31.4,-4470093642.136399,-1131986548.3811264,0.10047619047619048,-4470093642.1364,-4129408533.118394,0.01904761904761905,2,105,2100,-4474722547.040317,4465464737.232484,0.263003663003663
Rail,19.46125,15.2,-4628904.903915967,-4456941.448933412,0.27692307692307694,-4628904.903915967,-4515124.780134363,0.28205128205128205,11,39,780,Road,29.8075,31.4,-4483059721.999507,-1132399643.9010806,0.10047619047619048,-4483059721.999507,-4142152483.339381,0.01904761904761905,2,105,2100,-4487688626.903423,4478430817.095591,0.263003663003663
Rail,19.46125,15.2,-4628904.903915967,-4456941.448933412,0.27692307692307694,-4628904.903915967,-4515124.780134363,0.28205128205128205,11,39,780,Road,29.92125,31.4,-4496025801.862616,-1133220640.7194252,0.10047619047619048,-4496025801.862616,-4154896433.5603685,0.01904761904761905,2,105,2100,-4500654706.766532,4491396896.958699,0.263003663003663
Rail,19.46125,15.2,-4628904.903915967,-4456941.448933412,0.27692307692307694,-4628904.903915967,-4515124.780134363,0.28205128205128205,11,39,780,Road,30.035,31.4,-4508991881.725723,-1134041637.53777,0.10047619047619048,-4508991881.725723,-4167640383.781356,0.01904761904761905,2,105,2100,-4513620786.62964,4504362976.821807,0.263003663003663
Rail,19.46125,15.2,-4628904.903915967,-4456941.448933412,0.27692307692307694,-4628904.903915967,-4515124.780134363,0.28205128205128205,11,39,780,Road,30.14875,31.4,-4521957961.588831,-1134862634.3561149,0.10047619047619048,-4521957961.588832,-4180384334.0023437,0.01904761904761905,2,105,2100,-4526586866.492748,4517329056.684916,0.263003663003663
Rail,19.46125,15.2,-4628904.903915967,-4456941.448933412,0.27692307692307694,-4628904.903915967,-4515124.780134363,0.28205128205128205,11,39,780,Road,30.2625,31.4,-4534924041.45194,-1136086734.2343452,0.10047619047619048,-4534924041.45194,-4193128284.2233315,0.01904761904761905,2,105,2100,-4539552946.355856,4530295136.548023,0.263003663003663
Rail,19.46125,15.2,-4628904.903915967,-4456941.448933412,0.27692307692307694,-4628904.903915967,-4515124.780134363,0.28205128205128205,11,39,780,Road,30.37625,31.4,-4547890121.315047,-1137684027.005255,0.10047619047619048,-4547890121.315047,-4205872234.4443183,0.01904761904761905,2,105,2100,-4552519026.218964,4543261216.411131,0.263003663003663
Rail,19.46125,15.2,-4628904.903915967,-4456941.448933412,0.27692307692307694,-4628904.903915967,-4515124.780134363,0.28205128205128205,11,39,780,Road,30.49,31.4,-4560856201.178155,-1138628306.1565766,0.10047619047619048,-4560856201.178156,-4218616184.665306,0.01904761904761905,2,105,2100,-4565485106.082072,4556227296.27424,0.263003663003663
Rail,19.46125,15.2,-4628904.903915967,-4456941.448933412,0.27692307692307694,-4628904.903915967,-4515124.780134363,0.28205128205128205,11,39,780,Road,30.603749999999998,31.4,-4573822281.041263,-1139454162.9291048,0.10047619047619048,-4573822281.041264,-4231360134.886294,0.01904761904761905,2,105,2100,-4578451185.94518,4569193376.137347,0.263003663003663
Rail,19.46125,15.2,-4628904.903915967,-4456941.448933412,0.27692307692307694,-4628904.903915967,-4515124.780134363,0.28205128205128205,11,39,780,Road,30.7175,31.4,-4586788360.904371,-1139439918.655672,0.10047619047619048,-4586788360.904372,-4244104085.1072817,0.01904761904761905,2,105,2100,-4591417265.808289,4582159456.000456,0.263003663003663
Rail,19.46125,15.2,-4628904.903915967,-4456941.448933412,0.27692307692307694,-4628904.903915967,-4515124.780134363,0.28205128205128205,11,39,780,Road,30.831249999999997,31.4,-4599754440.76748,-1138061295.3365622,0.10047619047619048,-4599754440.767479,-4256848035.3282685,0.01904761904761905,2,105,2100,-4604383345.671395,4595125535.863563,0.263003663003663
Rail,19.46125,15.2,-4628904.903915967,-4456941.448933412,0.27692307692307694,-4628904.903915967,-4515124.780134363,0.28205128205128205,11,39,780,Road,30.945,31.4,-4612720520.630588,-1137330797.4304318,0.10047619047619048,-4612720520.630588,-4269591985.5492563,0.01904761904761905,2,105,2100,-4617349425.534504,4608091615.726671,0.263003663003663
Rail,19.46125,15.2,-4628904.903915967,-4456941.448933412,0.27692307692307694,-4628904.903915967,-4515124.780134363,0.28205128205128205,11,39,780,Road,31.05875,31.4,-4625686600.493696,-1137579405.5205877,0.10047619047619048,-4625686600.493695,-4282335935.7702436,0.01904761904761905,2,105,2100,-4630315505.397612,4621057695.589779,0.263003663003663
Rail,19.46125,15.2,-4628904.903915967,-4456941.448933412,0.27692307692307694,-4628904.903915967,-4515124.780134363,0.28205128205128205,11,39,780,Road,31.1725,31.4,-4638652680.356804,-1137828013.6107433,0.10047619047619048,-4638652680.356805,-4295079885.991232,0.01904761904761905,2,105,2100,-4643281585.260721,4634023775.4528885,0.263003663003663
Rail,19.46125,15.2,-4628904.903915967,-4456941.448933412,0.27692307692307694,-4628904.903915967,-4515124.780134363,0.28205128205128205,11,39,780,Road,31.28625,31.4,-4651618760.219912,-1138076621.7008991,0.10047619047619048,-4651618760.219912,-4307823836.212219,0.01904761904761905,2,105,2100,-4656247665.123828,4646989855.315995,0.263003663003663
Rail,19.46125,15.2,-4628904.903915967,-4456941.448933412,0.27692307692307694,-4628904.903915967,-4515124.780134363,0.28205128205128205,11,39,780,Road,31.4,31.4,-4664584840.083019,-1138335947.347439,0.10047619047619048,-4664584840.083019,-4320567786.433207,0.01904761904761905,2,105,2100,-4669213744.986936,4659955935.179103,0.263003663003663
Rail,19.7125,15.2,-4560207.223847584,-4372157.768152989,0.2794871794871795,-4560207.223847585,-4438438.372795982,0.28205128205128205,11,39,780,Road,26.85,31.4,-4145941645.5586987,-1128380906.1848278,0.10047619047619048,-4145941645.558698,-3830177839.9219346,0.01904761904761905,2,105,2100,-4150501852.7825456,4141381438.334851,0.263003663003663
Rail,19.7125,15.2,-4560207.223847584,-4372157.768152989,0.2794871794871795,-4560207.223847585,-4438438.372795982,0.28205128205128205,11,39,780,Road,26.96375,31.4,-4158907725.421807,-1128629514.274984,0.10047619047619048,-4158907725.421807,-3842950509.708068,0.01904761904761905,2,105,2100,-4163467932.645654,4154347518.1979594,0.263003663003663
Rail,19.7125,15.2,-4560207.223847584,-4372157.768152989,0.2794871794871795,-4560207.223847585,-4438438.372795982,0.28205128205128205,11,39,780,Road,27.0775,31.4,-4171873805.2849145,-1128878122.3651395,0.10047619047619048,-4171873805.284915,-3855723179.4942007,0.01904761904761905,2,105,2100,-4176434012.5087624,4167313598.0610676,0.263003663003663
Rail,19.7125,15.2,-4560207.223847584,-4372157.768152989,0.2794871794871795,-4560207.223847585,-4438438.372795982,0.28205128205128205,11,39,780,Road,27.19125,31.4,-4184839885.1480227,-1129126730.455295,0.10047619047619048,-4184839885.148023,-3868495849.2803345,0.01904761904761905,2,105,2100,-4189400092.3718705,4180279677.9241757,0.263003663003663
Rail,19.7125,15.2,-4560207.223847584,-4372157.768152989,0.2794871794871795,-4560207.223847585,-4438438.372795982,0.28205128205128205,11,39,780,Road,27.305,31.4,-4197805965.011131,-1129375338.5454507,0.10047619047619048,-4197805965.0111313,-3881268519.0664682,0.01904761904761905,2,105,2100,-4202366172.2349787,4193245757.787284,0.263003663003663
Rail,19.7125,15.2,-4560207.223847584,-4372157.768152989,0.2794871794871795,-4560207.223847585,-4438438.372795982,0.28205128205128205,11,39,780,Road,27.418750000000003,31.4,-4210772044.8742394,-1129623946.6356063,0.10047619047619048,-4210772044.8742385,-3893495777.8551016,0.01904761904761905,2,105,2100,-4215332252.098086,4206211837.650391,0.263003663003663
Rail,19.7125,15.2,-4560207.223847584,-4372157.768152989,0.2794871794871795,-4560207.223847585,-4438438.372795982,0.28205128205128205,11,39,780,Road,27.532500000000002,31.4,-4223738124.7373476,-1129872554.725762,0.10047619047619048,-4223738124.7373466,-3901909725.170789,0.01904761904761905,2,105,2100,-4228298331.961194,4219177917.5134993,0.263003663003663
Rail,19.7125,15.2,-4560207.223847584,-4372157.768152989,0.2794871794871795,-4560207.223847585,-4438438.372795982,0.28205128205128205,11,39,780,Road,27.646250000000002,31.4,-4236704204.600455,-1130121162.8159175,0.10047619047619048,-4236704204.6004553,-3910323672.4864755,0.01904761904761905,2,105,2100,-4241264411.8243027,4232143997.376608,0.263003663003663
Rail,19.7125,15.2,-4560207.223847584,-4372157.768152989,0.2794871794871795,-4560207.223847585,-4438438.372795982,0.28205128205128205,11,39,780,Road,27.76,31.4,-4249670284.463563,-1130369770.9060733,0.10047619047619048,-4249670284.463563,-3918737619.802162,0.01904761904761905,2,105,2100,-4254230491.6874104,4245110077.2397156,0.263003663003663
Rail,19.7125,15.2,-4560207.223847584,-4372157.768152989,0.2794871794871795,-4560207.223847585,-4438438.372795982,0.28205128205128205,11,39,780,Road,27.87375,31.4,-4262636364.32667,-1130618378.996229,0.10047619047619048,-4262636364.326671,-3927151567.117849,0.01904761904761905,2,105,2100,-4267196571.5505185,4258076157.1028237,0.263003663003663
Rail,19.7125,15.2,-4560207.223847584,-4372157.768152989,0.2794871794871795,-4560207.223847585,-4438438.372795982,0.28205128205128205,11,39,780,Road,27.9875,31.4,-4275602444.189779,-1130053142.5673504,0.10047619047619048,-4275602444.1897793,-3939412550.3008804,0.01904761904761905,2,105,2100,-4280162651.4136267,4271042236.965932,0.263003663003663
Rail,19.7125,15.2,-4560207.223847584,-4372157.768152989,0.2794871794871795,-4560207.223847585,-4438438.372795982,0.28205128205128205,11,39,780,Road,28.10125,31.4,-4288568524.052887,-1128985213.0862138,0.10047619047619048,-4288568524.0528865,-3953394607.081622,0.01904761904761905,2,105,2100,-4293128731.276734,4284008316.829039,0.263003663003663
Rail,19.7125,15.2,-4560207.223847584,-4372157.768152989,0.2794871794871795,-4560207.223847585,-4438438.372795982,0.28205128205128205,11,39,780,Road,28.215,31.4,-4301534603.915996,-1128174086.3538113,0.10047619047619048,-4301534603.915995,-3967376663.8623643,0.01904761904761905,2,105,2100,-4306094811.139842,4296974396.692147,0.263003663003663
Rail,19.7125,15.2,-4560207.223847584,-4372157.768152989,0.2794871794871795,-4560207.223847585,-4438438.372795982,0.28205128205128205,11,39,780,Road,28.32875,31.4,-4314500683.779103,-1128436425.5764236,0.10047619047619048,-4314500683.779103,-3981358720.643106,0.01904761904761905,2,105,2100,-4319060891.002951,4309940476.555256,0.263003663003663
Rail,19.7125,15.2,-4560207.223847584,-4372157.768152989,0.2794871794871795,-4560207.223847585,-4438438.372795982,0.28205128205128205,11,39,780,Road,28.4425,31.4,-4327466763.642212,-1128721958.5330625,0.10047619047619048,-4327466763.642211,-3995340777.423848,0.01904761904761905,2,105,2100,-4332026970.866058,4322906556.418364,0.263003663003663
Rail,19.7125,15.2,-4560207.223847584,-4372157.768152989,0.2794871794871795,-4560207.223847585,-4438438.372795982,0.28205128205128205,11,39,780,Road,28.55625,31.4,-4340432843.505318,-1129007491.4897013,0.10047619047619048,-4340432843.505319,-4009322834.20459,0.01904761904761905,2,105,2100,-4344993050.729166,4335872636.281471,0.263003663003663
Rail,19.7125,15.2,-4560207.223847584,-4372157.768152989,0.2794871794871795,-4560207.223847585,-4438438.372795982,0.28205128205128205,11,39,780,Road,28.67,31.4,-4353398923.368427,-1129293024.4463398,0.10047619047619048,-4353398923.368427,-4019144236.3541107,0.01904761904761905,2,105,2100,-4357959130.592275,4348838716.14458,0.263003663003663
Rail,19.7125,15.2,-4560207.223847584,-4372157.768152989,0.2794871794871795,-4560207.223847585,-4438438.372795982,0.28205128205128205,11,39,780,Road,28.78375,31.4,-4366365003.231536,-1129578557.4029787,0.10047619047619048,-4366365003.231535,-4028344187.013256,0.01904761904761905,2,105,2100,-4370925210.455382,4361804796.007688,0.263003663003663
Rail,19.7125,15.2,-4560207.223847584,-4372157.768152989,0.2794871794871795,-4560207.223847585,-4438438.372795982,0.28205128205128205,11,39,780,Road,28.8975,31.4,-4379331083.094643,-1129864090.3596172,0.10047619047619048,-4379331083.094644,-4040200881.5714808,0.01904761904761905,2,105,2100,-4383891290.318491,4374770875.870796,0.263003663003663
Rail,19.7125,15.2,-4560207.223847584,-4372157.768152989,0.2794871794871795,-4560207.223847585,-4438438.372795982,0.28205128205128205,11,39,780,Road,29.01125,31.4,-4392297162.957751,-1130149623.316256,0.10047619047619048,-4392297162.957751,-4052944831.792468,0.01904761904761905,2,105,2100,-4396857370.181599,4387736955.733904,0.263003663003663
Rail,19.7125,15.2,-4560207.223847584,-4372157.768152989,0.2794871794871795,-4560207.223847585,-4438438.372795982,0.28205128205128205,11,39,780,Road,29.125,31.4,-4405263242.820859,-1130435156.2728949,0.10047619047619048,-4405263242.82086,-4065688782.0134554,0.01904761904761905,2,105,2100,-4409823450.044707,4400703035.5970125,0.263003663003663
Rail,19.7125,15.2,-4560207.223847584,-4372157.768152989,0.2794871794871795,-4560207.223847585,-4438438.372795982,0.28205128205128205,11,39,780,Road,29.23875,31.4,-4418229322.683968,-1130720689.2295337,0.10047619047619048,-4418229322.683967,-4078432732.2344427,0.01904761904761905,2,105,2100,-4422789529.907814,4413669115.460119,0.263003663003663
Rail,19.7125,15.2,-4560207.223847584,-4372157.768152989,0.2794871794871795,-4560207.223847585,-4438438.372795982,0.28205128205128205,11,39,780,Road,29.3525,31.4,-4431195402.547075,-1131006222.1861722,0.10047619047619048,-4431195402.547075,-4091176682.4554305,0.01904761904761905,2,105,2100,-4435755609.770923,4426635195.323228,0.263003663003663
Rail,19.7125,15.2,-4560207.223847584,-4372157.768152989,0.2794871794871795,-4560207.223847585,-4438438.372795982,0.28205128205128205,11,39,780,Road,29.46625,31.4,-4444161482.410184,-1131318836.6494703,0.10047619047619048,-4444161482.410183,-4103920632.6764183,0.01904761904761905,2,105,2100,-4448721689.63403,4439601275.186336,0.263003663003663
Rail,19.7125,15.2,-4560207.223847584,-4372157.768152989,0.2794871794871795,-4560207.223847585,-4438438.372795982,0.28205128205128205,11,39,780,Road,29.58,31.4,-4457127562.273292,-1131652692.5152984,0.10047619047619048,-4457127562.273292,-4116664582.897405,0.01904761904761905,2,105,2100,-4461687769.497139,4452567355.049444,0.263003663003663
Rail,19.7125,15.2,-4560207.223847584,-4372157.768152989,0.2794871794871795,-4560207.223847585,-4438438.372795982,0.28205128205128205,11,39,780,Road,29.69375,31.4,-4470093642.136399,-1131986548.3811264,0.10047619047619048,-4470093642.1364,-4129408533.118394,0.01904761904761905,2,105,2100,-4474653849.360248,4465533434.912553,0.263003663003663
Rail,19.7125,15.2,-4560207.223847584,-4372157.768152989,0.2794871794871795,-4560207.223847585,-4438438.372795982,0.28205128205128205,11,39,780,Road,29.8075,31.4,-4483059721.999507,-1132399643.9010806,0.10047619047619048,-4483059721.999507,-4142152483.339381,0.01904761904761905,2,105,2100,-4487619929.223354,4478499514.77566,0.263003663003663
Rail,19.7125,15.2,-4560207.223847584,-4372157.768152989,0.2794871794871795,-4560207.223847585,-4438438.372795982,0.28205128205128205,11,39,780,Road,29.92125,31.4,-4496025801.862616,-1133220640.7194252,0.10047619047619048,-4496025801.862616,-4154896433.5603685,0.01904761904761905,2,105,2100,-4500586009.086463,4491465594.638768,0.263003663003663
Rail,19.7125,15.2,-4560207.223847584,-4372157.768152989,0.2794871794871795,-4560207.223847585,-4438438.372795982,0.28205128205128205,11,39,780,Road,30.035,31.4,-4508991881.725723,-1134041637.53777,0.10047619047619048,-4508991881.725723,-4167640383.781356,0.01904761904761905,2,105,2100,-4513552088.949571,4504431674.501876,0.263003663003663
Rail,19.7125,15.2,-4560207.223847584,-4372157.768152989,0.2794871794871795,-4560207.223847585,-4438438.372795982,0.28205128205128205,11,39,780,Road,30.14875,31.4,-4521957961.588831,-1134862634.3561149,0.10047619047619048,-4521957961.588832,-4180384334.0023437,0.01904761904761905,2,105,2100,-4526518168.812679,4517397754.3649845,0.263003663003663
Rail,19.7125,15.2,-4560207.223847584,-4372157.768152989,0.2794871794871795,-4560207.223847585,-4438438.372795982,0.28205128205128205,11,39,780,Road,30.2625,31.4,-4534924041.45194,-1136086734.2343452,0.10047619047619048,-4534924041.45194,-4193128284.2233315,0.01904761904761905,2,105,2100,-4539484248.675787,4530363834.228092,0.263003663003663
Rail,19.7125,15.2,-4560207.223847584,-4372157.768152989,0.2794871794871795,-4560207.223847585,-4438438.372795982,0.28205128205128205,11,39,780,Road,30.37625,31.4,-4547890121.315047,-1137684027.005255,0.10047619047619048,-4547890121.315047,-4205872234.4443183,0.01904761904761905,2,105,2100,-4552450328.538895,4543329914.0912,0.263003663003663
Rail,19.7125,15.2,-4560207.223847584,-4372157.768152989,0.2794871794871795,-4560207.223847585,-4438438.372795982,0.28205128205128205,11,39,780,Road,30.49,31.4,-4560856201.178155,-1138628306.1565766,0.10047619047619048,-4560856201.178156,-4218616184.665306,0.01904761904761905,2,105,2100,-4565416408.402003,4556295993.9543085,0.263003663003663
Rail,19.7125,15.2,-4560207.223847584,-4372157.768152989,0.2794871794871795,-4560207.223847585,-4438438.372795982,0.28205128205128205,11,39,780,Road,30.603749999999998,31.4,-4573822281.041263,-1139454162.9291048,0.10047619047619048,-4573822281.041264,-4231360134.886294,0.01904761904761905,2,105,2100,-4578382488.265111,4569262073.817416,0.263003663003663
Rail,19.7125,15.2,-4560207.223847584,-4372157.768152989,0.2794871794871795,-4560207.223847585,-4438438.372795982,0.28205128205128205,11,39,780,Road,30.7175,31.4,-4586788360.904371,-1139439918.655672,0.10047619047619048,-4586788360.904372,-4244104085.1072817,0.01904761904761905,2,105,2100,-4591348568.12822,4582228153.680525,0.263003663003663
Rail,19.7125,15.2,-4560207.223847584,-4372157.768152989,0.2794871794871795,-4560207.223847585,-4438438.372795982,0.28205128205128205,11,39,780,Road,30.831249999999997,31.4,-4599754440.76748,-1138061295.3365622,0.10047619047619048,-4599754440.767479,-4256848035.3282685,0.01904761904761905,2,105,2100,-4604314647.991326,4595194233.543632,0.263003663003663
Rail,19.7125,15.2,-4560207.223847584,-4372157.768152989,0.2794871794871795,-4560207.223847585,-4438438.372795982,0.28205128205128205,11,39,780,Road,30.945,31.4,-4612720520.630588,-1137330797.4304318,0.10047619047619048,-4612720520.630588,-4269591985.5492563,0.01904761904761905,2,105,2100,-4617280727.854435,4608160313.40674,0.263003663003663
Rail,19.7125,15.2,-4560207.223847584,-4372157.768152989,0.2794871794871795,-4560207.223847585,-4438438.372795982,0.28205128205128205,11,39,780,Road,31.05875,31.4,-4625686600.493696,-1137579405.5205877,0.10047619047619048,-4625686600.493695,-4282335935.7702436,0.01904761904761905,2,105,2100,-4630246807.717543,4621126393.269848,0.263003663003663
Rail,19.7125,15.2,-4560207.223847584,-4372157.768152989,0.2794871794871795,-4560207.223847585,-4438438.372795982,0.28205128205128205,11,39,780,Road,31.1725,31.4,-4638652680.356804,-1137828013.6107433,0.10047619047619048,-4638652680.356805,-4295079885.991232,0.01904761904761905,2,105,2100,-4643212887.580652,4634092473.132957,0.263003663003663
Rail,19.7125,15.2,-4560207.223847584,-4372157.768152989,0.2794871794871795,-4560207.223847585,-4438438.372795982,0.28205128205128205,11,39,780,Road,31.28625,31.4,-4651618760.219912,-1138076621.7008991,0.10047619047619048,-4651618760.219912,-4307823836.212219,0.01904761904761905,2,105,2100,-4656178967.443759,4647058552.996064,0.263003663003663
Rail,19.7125,15.2,-4560207.223847584,-4372157.768152989,0.2794871794871795,-4560207.223847585,-4438438.372795982,0.28205128205128205,11,39,780,Road,31.4,31.4,-4664584840.083019,-1138335947.347439,0.10047619047619048,-4664584840.083019,-4320567786.433207,0.01904761904761905,2,105,2100,-4669145047.306867,4660024632.859172,0.263003663003663
Rail,19.963749999999997,15.2,-4491509.543779202,-4287478.61902163,0.28717948717948716,-4491509.543779202,-4361751.9654576015,0.28205128205128205,11,39,780,Road,26.85,31.4,-4145941645.5586987,-1128380906.1848278,0.10047619047619048,-4145941645.558698,-3830177839.9219346,0.01904761904761905,2,105,2100,-4150433155.1024776,4141450136.014919,0.263003663003663
Rail,19.963749999999997,15.2,-4491509.543779202,-4287478.61902163,0.28717948717948716,-4491509.543779202,-4361751.9654576015,0.28205128205128205,11,39,780,Road,26.96375,31.4,-4158907725.421807,-1128629514.274984,0.10047619047619048,-4158907725.421807,-3842950509.708068,0.01904761904761905,2,105,2100,-4163399234.965586,4154416215.8780274,0.263003663003663
Rail,19.963749999999997,15.2,-4491509.543779202,-4287478.61902163,0.28717948717948716,-4491509.543779202,-4361751.9654576015,0.28205128205128205,11,39,780,Road,27.0775,31.4,-4171873805.2849145,-1128878122.3651395,0.10047619047619048,-4171873805.284915,-3855723179.4942007,0.01904761904761905,2,105,2100,-4176365314.8286943,4167382295.7411356,0.263003663003663
Rail,19.963749999999997,15.2,-4491509.543779202,-4287478.61902163,0.28717948717948716,-4491509.543779202,-4361751.9654576015,0.28205128205128205,11,39,780,Road,27.19125,31.4,-4184839885.1480227,-1129126730.455295,0.10047619047619048,-4184839885.148023,-3868495849.2803345,0.01904761904761905,2,105,2100,-4189331394.6918025,4180348375.6042438,0.263003663003663
Rail,19.963749999999997,15.2,-4491509.543779202,-4287478.61902163,0.28717948717948716,-4491509.543779202,-4361751.9654576015,0.28205128205128205,11,39,780,Road,27.305,31.4,-4197805965.011131,-1129375338.5454507,0.10047619047619048,-4197805965.0111313,-3881268519.0664682,0.01904761904761905,2,105,2100,-4202297474.5549107,4193314455.467352,0.263003663003663
Rail,19.963749999999997,15.2,-4491509.543779202,-4287478.61902163,0.28717948717948716,-4491509.543779202,-4361751.9654576015,0.28205128205128205,11,39,780,Road,27.418750000000003,31.4,-4210772044.8742394,-1129623946.6356063,0.10047619047619048,-4210772044.8742385,-3893495777.8551016,0.01904761904761905,2,105,2100,-4215263554.418018,4206280535.330459,0.263003663003663
Rail,19.963749999999997,15.2,-4491509.543779202,-4287478.61902163,0.28717948717948716,-4491509.543779202,-4361751.9654576015,0.28205128205128205,11,39,780,Road,27.532500000000002,31.4,-4223738124.7373476,-1129872554.725762,0.10047619047619048,-4223738124.7373466,-3901909725.170789,0.01904761904761905,2,105,2100,-4228229634.281126,4219246615.1935673,0.263003663003663
Rail,19.963749999999997,15.2,-4491509.543779202,-4287478.61902163,0.28717948717948716,-4491509.543779202,-4361751.9654576015,0.28205128205128205,11,39,780,Road,27.646250000000002,31.4,-4236704204.600455,-1130121162.8159175,0.10047619047619048,-4236704204.6004553,-3910323672.4864755,0.01904761904761905,2,105,2100,-4241195714.1442347,4232212695.056676,0.263003663003663
Rail,19.963749999999997,15.2,-4491509.543779202,-4287478.61902163,0.28717948717948716,-4491509.543779202,-4361751.9654576015,0.28205128205128205,11,39,780,Road,27.76,31.4,-4249670284.463563,-1130369770.9060733,0.10047619047619048,-4249670284.463563,-3918737619.802162,0.01904761904761905,2,105,2100,-4254161794.0073423,4245178774.9197836,0.263003663003663
Rail,19.963749999999997,15.2,-4491509.543779202,-4287478.61902163,0.28717948717948716,-4491509.543779202,-4361751.9654576015,0.28205128205128205,11,39,780,Road,27.87375,31.4,-4262636364.32667,-1130618378.996229,0.10047619047619048,-4262636364.326671,-3927151567.117849,0.01904761904761905,2,105,2100,-4267127873.8704505,4258144854.7828918,0.263003663003663
Rail,19.963749999999997,15.2,-4491509.543779202,-4287478.61902163,0.28717948717948716,-4491509.543779202,-4361751.9654576015,0.28205128205128205,11,39,780,Road,27.9875,31.4,-4275602444.189779,-1130053142.5673504,0.10047619047619048,-4275602444.1897793,-3939412550.3008804,0.01904761904761905,2,105,2100,-4280093953.7335587,4271110934.646,0.263003663003663
Rail,19.963749999999997,15.2,-4491509.543779202,-4287478.61902163,0.28717948717948716,-4491509.543779202,-4361751.9654576015,0.28205128205128205,11,39,780,Road,28.10125,31.4,-4288568524.052887,-1128985213.0862138,0.10047619047619048,-4288568524.0528865,-3953394607.081622,0.01904761904761905,2,105,2100,-4293060033.596666,4284077014.509107,0.263003663003663
Rail,19.963749999999997,15.2,-4491509.543779202,-4287478.61902163,0.28717948717948716,-4491509.543779202,-4361751.9654576015,0.28205128205128205,11,39,780,Road,28.215,31.4,-4301534603.915996,-1128174086.3538113,0.10047619047619048,-4301534603.915995,-3967376663.8623643,0.01904761904761905,2,105,2100,-4306026113.459774,4297043094.372215,0.263003663003663
Rail,19.963749999999997,15.2,-4491509.543779202,-4287478.61902163,0.28717948717948716,-4491509.543779202,-4361751.9654576015,0.28205128205128205,11,39,780,Road,28.32875,31.4,-4314500683.779103,-1128436425.5764236,0.10047619047619048,-4314500683.779103,-3981358720.643106,0.01904761904761905,2,105,2100,-4318992193.322883,4310009174.235324,0.263003663003663
Rail,19.963749999999997,15.2,-4491509.543779202,-4287478.61902163,0.28717948717948716,-4491509.543779202,-4361751.9654576015,0.28205128205128205,11,39,780,Road,28.4425,31.4,-4327466763.642212,-1128721958.5330625,0.10047619047619048,-4327466763.642211,-3995340777.423848,0.01904761904761905,2,105,2100,-4331958273.18599,4322975254.098432,0.263003663003663
Rail,19.963749999999997,15.2,-4491509.543779202,-4287478.61902163,0.28717948717948716,-4491509.543779202,-4361751.9654576015,0.28205128205128205,11,39,780,Road,28.55625,31.4,-4340432843.505318,-1129007491.4897013,0.10047619047619048,-4340432843.505319,-4009322834.20459,0.01904761904761905,2,105,2100,-4344924353.049098,4335941333.961539,0.263003663003663
Rail,19.963749999999997,15.2,-4491509.543779202,-4287478.61902163,0.28717948717948716,-4491509.543779202,-4361751.9654576015,0.28205128205128205,11,39,780,Road,28.67,31.4,-4353398923.368427,-1129293024.4463398,0.10047619047619048,-4353398923.368427,-4019144236.3541107,0.01904761904761905,2,105,2100,-4357890432.912207,4348907413.824648,0.263003663003663
Rail,19.963749999999997,15.2,-4491509.543779202,-4287478.61902163,0.28717948717948716,-4491509.543779202,-4361751.9654576015,0.28205128205128205,11,39,780,Road,28.78375,31.4,-4366365003.231536,-1129578557.4029787,0.10047619047619048,-4366365003.231535,-4028344187.013256,0.01904761904761905,2,105,2100,-4370856512.775314,4361873493.687756,0.263003663003663
Rail,19.963749999999997,15.2,-4491509.543779202,-4287478.61902163,0.28717948717948716,-4491509.543779202,-4361751.9654576015,0.28205128205128205,11,39,780,Road,28.8975,31.4,-4379331083.094643,-1129864090.3596172,0.10047619047619048,-4379331083.094644,-4040200881.5714808,0.01904761904761905,2,105,2100,-4383822592.638423,4374839573.550864,0.263003663003663
Rail,19.963749999999997,15.2,-4491509.543779202,-4287478.61902163,0.28717948717948716,-4491509.543779202,-4361751.9654576015,0.28205128205128205,11,39,780,Road,29.01125,31.4,-4392297162.957751,-1130149623.316256,0.10047619047619048,-4392297162.957751,-4052944831.792468,0.01904761904761905,2,105,2100,-4396788672.501531,4387805653.413972,0.263003663003663
Rail,19.963749999999997,15.2,-4491509.543779202,-4287478.61902163,0.28717948717948716,-4491509.543779202,-4361751.9654576015,0.28205128205128205,11,39,780,Road,29.125,31.4,-4405263242.820859,-1130435156.2728949,0.10047619047619048,-4405263242.82086,-4065688782.0134554,0.01904761904761905,2,105,2100,-4409754752.364639,4400771733.277081,0.263003663003663
Rail,19.963749999999997,15.2,-4491509.543779202,-4287478.61902163,0.28717948717948716,-4491509.543779202,-4361751.9654576015,0.28205128205128205,11,39,780,Road,29.23875,31.4,-4418229322.683968,-1130720689.2295337,0.10047619047619048,-4418229322.683967,-4078432732.2344427,0.01904761904761905,2,105,2100,-4422720832.227746,4413737813.140187,0.263003663003663
Rail,19.963749999999997,15.2,-4491509.543779202,-4287478.61902163,0.28717948717948716,-4491509.543779202,-4361751.9654576015,0.28205128205128205,11,39,780,Road,29.3525,31.4,-4431195402.547075,-1131006222.1861722,0.10047619047619048,-4431195402.547075,-4091176682.4554305,0.01904761904761905,2,105,2100,-4435686912.090855,4426703893.003296,0.263003663003663
Rail,19.963749999999997,15.2,-4491509.543779202,-4287478.61902163,0.28717948717948716,-4491509.543779202,-4361751.9654576015,0.28205128205128205,11,39,780,Road,29.46625,31.4,-4444161482.410184,-1131318836.6494703,0.10047619047619048,-4444161482.410183,-4103920632.6764183,0.01904761904761905,2,105,2100,-4448652991.953962,4439669972.866404,0.263003663003663
Rail,19.963749999999997,15.2,-4491509.543779202,-4287478.61902163,0.28717948717948716,-4491509.543779202,-4361751.9654576015,0.28205128205128205,11,39,780,Road,29.58,31.4,-4457127562.273292,-1131652692.5152984,0.10047619047619048,-4457127562.273292,-4116664582.897405,0.01904761904761905,2,105,2100,-4461619071.817071,4452636052.729512,0.263003663003663
Rail,19.963749999999997,15.2,-4491509.543779202,-4287478.61902163,0.28717948717948716,-4491509.543779202,-4361751.9654576015,0.28205128205128205,11,39,780,Road,29.69375,31.4,-4470093642.136399,-1131986548.3811264,0.10047619047619048,-4470093642.1364,-4129408533.118394,0.01904761904761905,2,105,2100,-4474585151.68018,4465602132.592621,0.263003663003663
Rail,19.963749999999997,15.2,-4491509.543779202,-4287478.61902163,0.28717948717948716,-4491509.543779202,-4361751.9654576015,0.28205128205128205,11,39,780,Road,29.8075,31.4,-4483059721.999507,-1132399643.9010806,0.10047619047619048,-4483059721.999507,-4142152483.339381,0.01904761904761905,2,105,2100,-4487551231.543286,4478568212.455728,0.263003663003663
Rail,19.963749999999997,15.2,-4491509.543779202,-4287478.61902163,0.28717948717948716,-4491509.543779202,-4361751.9654576015,0.28205128205128205,11,39,780,Road,29.92125,31.4,-4496025801.862616,-1133220640.7194252,0.10047619047619048,-4496025801.862616,-4154896433.5603685,0.01904761904761905,2,105,2100,-4500517311.406395,4491534292.318836,0.263003663003663
Rail,19.963749999999997,15.2,-4491509.543779202,-4287478.61902163,0.28717948717948716,-4491509.543779202,-4361751.9654576015,0.28205128205128205,11,39,780,Road,30.035,31.4,-4508991881.725723,-1134041637.53777,0.10047619047619048,-4508991881.725723,-4167640383.781356,0.01904761904761905,2,105,2100,-4513483391.269503,4504500372.181944,0.263003663003663
Rail,19.963749999999997,15.2,-4491509.543779202,-4287478.61902163,0.28717948717948716,-4491509.543779202,-4361751.9654576015,0.28205128205128205,11,39,780,Road,30.14875,31.4,-4521957961.588831,-1134862634.3561149,0.10047619047619048,-4521957961.588832,-4180384334.0023437,0.01904761904761905,2,105,2100,-4526449471.132611,4517466452.045053,0.263003663003663
Rail,19.963749999999997,15.2,-4491509.543779202,-4287478.61902163,0.28717948717948716,-4491509.543779202,-4361751.9654576015,0.28205128205128205,11,39,780,Road,30.2625,31.4,-4534924041.45194,-1136086734.2343452,0.10047619047619048,-4534924041.45194,-4193128284.2233315,0.01904761904761905,2,105,2100,-4539415550.995719,4530432531.90816,0.263003663003663
Rail,19.963749999999997,15.2,-4491509.543779202,-4287478.61902163,0.28717948717948716,-4491509.543779202,-4361751.9654576015,0.28205128205128205,11,39,780,Road,30.37625,31.4,-4547890121.315047,-1137684027.005255,0.10047619047619048,-4547890121.315047,-4205872234.4443183,0.01904761904761905,2,105,2100,-4552381630.858827,4543398611.771268,0.263003663003663
Rail,19.963749999999997,15.2,-4491509.543779202,-4287478.61902163,0.28717948717948716,-4491509.543779202,-4361751.9654576015,0.28205128205128205,11,39,780,Road,30.49,31.4,-4560856201.178155,-1138628306.1565766,0.10047619047619048,-4560856201.178156,-4218616184.665306,0.01904761904761905,2,105,2100,-4565347710.721935,4556364691.634377,0.263003663003663
Rail,19.963749999999997,15.2,-4491509.543779202,-4287478.61902163,0.28717948717948716,-4491509.543779202,-4361751.9654576015,0.28205128205128205,11,39,780,Road,30.603749999999998,31.4,-4573822281.041263,-1139454162.9291048,0.10047619047619048,-4573822281.041264,-4231360134.886294,0.01904761904761905,2,105,2100,-4578313790.585043,4569330771.497484,0.263003663003663
Rail,19.963749999999997,15.2,-4491509.543779202,-4287478.61902163,0.28717948717948716,-4491509.543779202,-4361751.9654576015,0.28205128205128205,11,39,780,Road,30.7175,31.4,-4586788360.904371,-1139439918.655672,0.10047619047619048,-4586788360.904372,-4244104085.1072817,0.01904761904761905,2,105,2100,-4591279870.448152,4582296851.360593,0.263003663003663
Rail,19.963749999999997,15.2,-4491509.543779202,-4287478.61902163,0.28717948717948716,-4491509.543779202,-4361751.9654576015,0.28205128205128205,11,39,780,Road,30.831249999999997,31.4,-4599754440.76748,-1138061295.3365622,0.10047619047619048,-4599754440.767479,-4256848035.3282685,0.01904761904761905,2,105,2100,-4604245950.311258,4595262931.2237,0.263003663003663
Rail,19.963749999999997,15.2,-4491509.543779202,-4287478.61902163,0.28717948717948716,-4491509.543779202,-4361751.9654576015,0.28205128205128205,11,39,780,Road,30.945,31.4,-4612720520.630588,-1137330797.4304318,0.10047619047619048,-4612720520.630588,-4269591985.5492563,0.01904761904761905,2,105,2100,-4617212030.174367,4608229011.086808,0.263003663003663
Rail,19.963749999999997,15.2,-4491509.543779202,-4287478.61902163,0.28717948717948716,-4491509.543779202,-4361751.9654576015,0.28205128205128205,11,39,780,Road,31.05875,31.4,-4625686600.493696,-1137579405.5205877,0.10047619047619048,-4625686600.493695,-4282335935.7702436,0.01904761904761905,2,105,2100,-4630178110.037475,4621195090.949916,0.263003663003663
Rail,19.963749999999997,15.2,-4491509.543779202,-4287478.61902163,0.28717948717948716,-4491509.543779202,-4361751.9654576015,0.28205128205128205,11,39,780,Road,31.1725,31.4,-4638652680.356804,-1137828013.6107433,0.10047619047619048,-4638652680.356805,-4295079885.991232,0.01904761904761905,2,105,2100,-4643144189.900584,4634161170.813025,0.263003663003663
Rail,19.963749999999997,15.2,-4491509.543779202,-4287478.61902163,0.28717948717948716,-4491509.543779202,-4361751.9654576015,0.28205128205128205,11,39,780,Road,31.28625,31.4,-4651618760.219912,-1138076621.7008991,0.10047619047619048,-4651618760.219912,-4307823836.212219,0.01904761904761905,2,105,2100,-4656110269.763691,4647127250.676132,0.263003663003663
Rail,19.963749999999997,15.2,-4491509.543779202,-4287478.61902163,0.28717948717948716,-4491509.543779202,-4361751.9654576015,0.28205128205128205,11,39,780,Road,31.4,31.4,-4664584840.083019,-1138335947.347439,0.10047619047619048,-4664584840.083019,-4320567786.433207,0.01904761904761905,2,105,2100,-4669076349.626799,4660093330.53924,0.263003663003663
Rail,20.215,15.2,-4422811.863710819,-4189279.814104608,0.28846153846153844,-4422811.863710819,-4285065.55811922,0.3076923076923077,12,39,780,Road,26.85,31.4,-4145941645.5586987,-1128380906.1848278,0.10047619047619048,-4145941645.558698,-3830177839.9219346,0.01904761904761905,2,105,2100,-4150364457.422409,4141518833.6949873,0.2886446886446887
Rail,20.215,15.2,-4422811.863710819,-4189279.814104608,0.28846153846153844,-4422811.863710819,-4285065.55811922,0.3076923076923077,12,39,780,Road,26.96375,31.4,-4158907725.421807,-1128629514.274984,0.10047619047619048,-4158907725.421807,-3842950509.708068,0.01904761904761905,2,105,2100,-4163330537.2855177,4154484913.558096,0.2886446886446887
Rail,20.215,15.2,-4422811.863710819,-4189279.814104608,0.28846153846153844,-4422811.863710819,-4285065.55811922,0.3076923076923077,12,39,780,Road,27.0775,31.4,-4171873805.2849145,-1128878122.3651395,0.10047619047619048,-4171873805.284915,-3855723179.4942007,0.01904761904761905,2,105,2100,-4176296617.148626,4167450993.421204,0.2886446886446887
Rail,20.215,15.2,-4422811.863710819,-4189279.814104608,0.28846153846153844,-4422811.863710819,-4285065.55811922,0.3076923076923077,12,39,780,Road,27.19125,31.4,-4184839885.1480227,-1129126730.455295,0.10047619047619048,-4184839885.148023,-3868495849.2803345,0.01904761904761905,2,105,2100,-4189262697.011734,4180417073.2843122,0.2886446886446887
Rail,20.215,15.2,-4422811.863710819,-4189279.814104608,0.28846153846153844,-4422811.863710819,-4285065.55811922,0.3076923076923077,12,39,780,Road,27.305,31.4,-4197805965.011131,-1129375338.5454507,0.10047619047619048,-4197805965.0111313,-3881268519.0664682,0.01904761904761905,2,105,2100,-4202228776.874842,4193383153.1474204,0.2886446886446887
Rail,20.215,15.2,-4422811.863710819,-4189279.814104608,0.28846153846153844,-4422811.863710819,-4285065.55811922,0.3076923076923077,12,39,780,Road,27.418750000000003,31.4,-4210772044.8742394,-1129623946.6356063,0.10047619047619048,-4210772044.8742385,-3893495777.8551016,0.01904761904761905,2,105,2100,-4215194856.7379494,4206349233.0105276,0.2886446886446887
Rail,20.215,15.2,-4422811.863710819,-4189279.814104608,0.28846153846153844,-4422811.863710819,-4285065.55811922,0.3076923076923077,12,39,780,Road,27.532500000000002,31.4,-4223738124.7373476,-1129872554.725762,0.10047619047619048,-4223738124.7373466,-3901909725.170789,0.01904761904761905,2,105,2100,-4228160936.6010575,4219315312.873636,0.2886446886446887
Rail,20.215,15.2,-4422811.863710819,-4189279.814104608,0.28846153846153844,-4422811.863710819,-4285065.55811922,0.3076923076923077,12,39,780,Road,27.646250000000002,31.4,-4236704204.600455,-1130121162.8159175,0.10047619047619048,-4236704204.6004553,-3910323672.4864755,0.01904761904761905,2,105,2100,-4241127016.464166,4232281392.7367444,0.2886446886446887
Rail,20.215,15.2,-4422811.863710819,-4189279.814104608,0.28846153846153844,-4422811.863710819,-4285065.55811922,0.3076923076923077,12,39,780,Road,27.76,31.4,-4249670284.463563,-1130369770.9060733,0.10047619047619048,-4249670284.463563,-3918737619.802162,0.01904761904761905,2,105,2100,-4254093096.327274,4245247472.599852,0.2886446886446887
Rail,20.215,15.2,-4422811.863710819,-4189279.814104608,0.28846153846153844,-4422811.863710819,-4285065.55811922,0.3076923076923077,12,39,780,Road,27.87375,31.4,-4262636364.32667,-1130618378.996229,0.10047619047619048,-4262636364.326671,-3927151567.117849,0.01904761904761905,2,105,2100,-4267059176.190382,4258213552.4629602,0.2886446886446887
Rail,20.215,15.2,-4422811.863710819,-4189279.814104608,0.28846153846153844,-4422811.863710819,-4285065.55811922,0.3076923076923077,12,39,780,Road,27.9875,31.4,-4275602444.189779,-1130053142.5673504,0.10047619047619048,-4275602444.1897793,-3939412550.3008804,0.01904761904761905,2,105,2100,-4280025256.05349,4271179632.3260684,0.2886446886446887
Rail,20.215,15.2,-4422811.863710819,-4189279.814104608,0.28846153846153844,-4422811.863710819,-4285065.55811922,0.3076923076923077,12,39,780,Road,28.10125,31.4,-4288568524.052887,-1128985213.0862138,0.10047619047619048,-4288568524.0528865,-3953394607.081622,0.01904761904761905,2,105,2100,-4292991335.9165974,4284145712.1891756,0.2886446886446887
Rail,20.215,15.2,-4422811.863710819,-4189279.814104608,0.28846153846153844,-4422811.863710819,-4285065.55811922,0.3076923076923077,12,39,780,Road,28.215,31.4,-4301534603.915996,-1128174086.3538113,0.10047619047619048,-4301534603.915995,-3967376663.8623643,0.01904761904761905,2,105,2100,-4305957415.779705,4297111792.052284,0.2886446886446887
Rail,20.215,15.2,-4422811.863710819,-4189279.814104608,0.28846153846153844,-4422811.863710819,-4285065.55811922,0.3076923076923077,12,39,780,Road,28.32875,31.4,-4314500683.779103,-1128436425.5764236,0.10047619047619048,-4314500683.779103,-3981358720.643106,0.01904761904761905,2,105,2100,-4318923495.642814,4310077871.915393,0.2886446886446887
Rail,20.215,15.2,-4422811.863710819,-4189279.814104608,0.28846153846153844,-4422811.863710819,-4285065.55811922,0.3076923076923077,12,39,780,Road,28.4425,31.4,-4327466763.642212,-1128721958.5330625,0.10047619047619048,-4327466763.642211,-3995340777.423848,0.01904761904761905,2,105,2100,-4331889575.505921,4323043951.778501,0.2886446886446887
Rail,20.215,15.2,-4422811.863710819,-4189279.814104608,0.28846153846153844,-4422811.863710819,-4285065.55811922,0.3076923076923077,12,39,780,Road,28.55625,31.4,-4340432843.505318,-1129007491.4897013,0.10047619047619048,-4340432843.505319,-4009322834.20459,0.01904761904761905,2,105,2100,-4344855655.369029,4336010031.641608,0.2886446886446887
Rail,20.215,15.2,-4422811.863710819,-4189279.814104608,0.28846153846153844,-4422811.863710819,-4285065.55811922,0.3076923076923077,12,39,780,Road,28.67,31.4,-4353398923.368427,-1129293024.4463398,0.10047619047619048,-4353398923.368427,-4019144236.3541107,0.01904761904761905,2,105,2100,-4357821735.232138,4348976111.504717,0.2886446886446887
Rail,20.215,15.2,-4422811.863710819,-4189279.814104608,0.28846153846153844,-4422811.863710819,-4285065.55811922,0.3076923076923077,12,39,780,Road,28.78375,31.4,-4366365003.231536,-1129578557.4029787,0.10047619047619048,-4366365003.231535,-4028344187.013256,0.01904761904761905,2,105,2100,-4370787815.095245,4361942191.367825,0.2886446886446887
Rail,20.215,15.2,-4422811.863710819,-4189279.814104608,0.28846153846153844,-4422811.863710819,-4285065.55811922,0.3076923076923077,12,39,780,Road,28.8975,31.4,-4379331083.094643,-1129864090.3596172,0.10047619047619048,-4379331083.094644,-4040200881.5714808,0.01904761904761905,2,105,2100,-4383753894.958354,4374908271.230933,0.2886446886446887
Rail,20.215,15.2,-4422811.863710819,-4189279.814104608,0.28846153846153844,-4422811.863710819,-4285065.55811922,0.3076923076923077,12,39,780,Road,29.01125,31.4,-4392297162.957751,-1130149623.316256,0.10047619047619048,-4392297162.957751,-4052944831.792468,0.01904761904761905,2,105,2100,-4396719974.821462,4387874351.094041,0.2886446886446887
Rail,20.215,15.2,-4422811.863710819,-4189279.814104608,0.28846153846153844,-4422811.863710819,-4285065.55811922,0.3076923076923077,12,39,780,Road,29.125,31.4,-4405263242.820859,-1130435156.2728949,0.10047619047619048,-4405263242.82086,-4065688782.0134554,0.01904761904761905,2,105,2100,-4409686054.68457,4400840430.9571495,0.2886446886446887
Rail,20.215,15.2,-4422811.863710819,-4189279.814104608,0.28846153846153844,-4422811.863710819,-4285065.55811922,0.3076923076923077,12,39,780,Road,29.23875,31.4,-4418229322.683968,-1130720689.2295337,0.10047619047619048,-4418229322.683967,-4078432732.2344427,0.01904761904761905,2,105,2100,-4422652134.547677,4413806510.820256,0.2886446886446887
Rail,20.215,15.2,-4422811.863710819,-4189279.814104608,0.28846153846153844,-4422811.863710819,-4285065.55811922,0.3076923076923077,12,39,780,Road,29.3525,31.4,-4431195402.547075,-1131006222.1861722,0.10047619047619048,-4431195402.547075,-4091176682.4554305,0.01904761904761905,2,105,2100,-4435618214.410786,4426772590.683365,0.2886446886446887
Rail,20.215,15.2,-4422811.863710819,-4189279.814104608,0.28846153846153844,-4422811.863710819,-4285065.55811922,0.3076923076923077,12,39,780,Road,29.46625,31.4,-4444161482.410184,-1131318836.6494703,0.10047619047619048,-4444161482.410183,-4103920632.6764183,0.01904761904761905,2,105,2100,-4448584294.273893,4439738670.546473,0.2886446886446887
Rail,20.215,15.2,-4422811.863710819,-4189279.814104608,0.28846153846153844,-4422811.863710819,-4285065.55811922,0.3076923076923077,12,39,780,Road,29.58,31.4,-4457127562.273292,-1131652692.5152984,0.10047619047619048,-4457127562.273292,-4116664582.897405,0.01904761904761905,2,105,2100,-4461550374.137002,4452704750.409581,0.2886446886446887
Rail,20.215,15.2,-4422811.863710819,-4189279.814104608,0.28846153846153844,-4422811.863710819,-4285065.55811922,0.3076923076923077,12,39,780,Road,29.69375,31.4,-4470093642.136399,-1131986548.3811264,0.10047619047619048,-4470093642.1364,-4129408533.118394,0.01904761904761905,2,105,2100,-4474516454.000111,4465670830.27269,0.2886446886446887
Rail,20.215,15.2,-4422811.863710819,-4189279.814104608,0.28846153846153844,-4422811.863710819,-4285065.55811922,0.3076923076923077,12,39,780,Road,29.8075,31.4,-4483059721.999507,-1132399643.9010806,0.10047619047619048,-4483059721.999507,-4142152483.339381,0.01904761904761905,2,105,2100,-4487482533.863217,4478636910.135797,0.2886446886446887
Rail,20.215,15.2,-4422811.863710819,-4189279.814104608,0.28846153846153844,-4422811.863710819,-4285065.55811922,0.3076923076923077,12,39,780,Road,29.92125,31.4,-4496025801.862616,-1133220640.7194252,0.10047619047619048,-4496025801.862616,-4154896433.5603685,0.01904761904761905,2,105,2100,-4500448613.726326,4491602989.998905,0.2886446886446887
Rail,20.215,15.2,-4422811.863710819,-4189279.814104608,0.28846153846153844,-4422811.863710819,-4285065.55811922,0.3076923076923077,12,39,780,Road,30.035,31.4,-4508991881.725723,-1134041637.53777,0.10047619047619048,-4508991881.725723,-4167640383.781356,0.01904761904761905,2,105,2100,-4513414693.589434,4504569069.862013,0.2886446886446887
Rail,20.215,15.2,-4422811.863710819,-4189279.814104608,0.28846153846153844,-4422811.863710819,-4285065.55811922,0.3076923076923077,12,39,780,Road,30.14875,31.4,-4521957961.588831,-1134862634.3561149,0.10047619047619048,-4521957961.588832,-4180384334.0023437,0.01904761904761905,2,105,2100,-4526380773.452542,4517535149.7251215,0.2886446886446887
Rail,20.215,15.2,-4422811.863710819,-4189279.814104608,0.28846153846153844,-4422811.863710819,-4285065.55811922,0.3076923076923077,12,39,780,Road,30.2625,31.4,-4534924041.45194,-1136086734.2343452,0.10047619047619048,-4534924041.45194,-4193128284.2233315,0.01904761904761905,2,105,2100,-4539346853.31565,4530501229.588229,0.2886446886446887
Rail,20.215,15.2,-4422811.863710819,-4189279.814104608,0.28846153846153844,-4422811.863710819,-4285065.55811922,0.3076923076923077,12,39,780,Road,30.37625,31.4,-4547890121.315047,-1137684027.005255,0.10047619047619048,-4547890121.315047,-4205872234.4443183,0.01904761904761905,2,105,2100,-4552312933.178758,4543467309.451337,0.2886446886446887
Rail,20.215,15.2,-4422811.863710819,-4189279.814104608,0.28846153846153844,-4422811.863710819,-4285065.55811922,0.3076923076923077,12,39,780,Road,30.49,31.4,-4560856201.178155,-1138628306.1565766,0.10047619047619048,-4560856201.178156,-4218616184.665306,0.01904761904761905,2,105,2100,-4565279013.041866,4556433389.3144455,0.2886446886446887
Rail,20.215,15.2,-4422811.863710819,-4189279.814104608,0.28846153846153844,-4422811.863710819,-4285065.55811922,0.3076923076923077,12,39,780,Road,30.603749999999998,31.4,-4573822281.041263,-1139454162.9291048,0.10047619047619048,-4573822281.041264,-4231360134.886294,0.01904761904761905,2,105,2100,-4578245092.904974,4569399469.177553,0.2886446886446887
Rail,20.215,15.2,-4422811.863710819,-4189279.814104608,0.28846153846153844,-4422811.863710819,-4285065.55811922,0.3076923076923077,12,39,780,Road,30.7175,31.4,-4586788360.904371,-1139439918.655672,0.10047619047619048,-4586788360.904372,-4244104085.1072817,0.01904761904761905,2,105,2100,-4591211172.768083,4582365549.040662,0.2886446886446887
Rail,20.215,15.2,-4422811.863710819,-4189279.814104608,0.28846153846153844,-4422811.863710819,-4285065.55811922,0.3076923076923077,12,39,780,Road,30.831249999999997,31.4,-4599754440.76748,-1138061295.3365622,0.10047619047619048,-4599754440.767479,-4256848035.3282685,0.01904761904761905,2,105,2100,-4604177252.631189,4595331628.903769,0.2886446886446887
Rail,20.215,15.2,-4422811.863710819,-4189279.814104608,0.28846153846153844,-4422811.863710819,-4285065.55811922,0.3076923076923077,12,39,780,Road,30.945,31.4,-4612720520.630588,-1137330797.4304318,0.10047619047619048,-4612720520.630588,-4269591985.5492563,0.01904761904761905,2,105,2100,-4617143332.494298,4608297708.766877,0.2886446886446887
Rail,20.215,15.2,-4422811.863710819,-4189279.814104608,0.28846153846153844,-4422811.863710819,-4285065.55811922,0.3076923076923077,12,39,780,Road,31.05875,31.4,-4625686600.493696,-1137579405.5205877,0.10047619047619048,-4625686600.493695,-4282335935.7702436,0.01904761904761905,2,105,2100,-4630109412.357406,4621263788.629985,0.2886446886446887
Rail,20.215,15.2,-4422811.863710819,-4189279.814104608,0.28846153846153844,-4422811.863710819,-4285065.55811922,0.3076923076923077,12,39,780,Road,31.1725,31.4,-4638652680.356804,-1137828013.6107433,0.10047619047619048,-4638652680.356805,-4295079885.991232,0.01904761904761905,2,105,2100,-4643075492.220515,4634229868.493094,0.2886446886446887
Rail,20.215,15.2,-4422811.863710819,-4189279.814104608,0.28846153846153844,-4422811.863710819,-4285065.55811922,0.3076923076923077,12,39,780,Road,31.28625,31.4,-4651618760.219912,-1138076621.7008991,0.10047619047619048,-4651618760.219912,-4307823836.212219,0.01904761904761905,2,105,2100,-4656041572.083622,4647195948.356201,0.2886446886446887
Rail,20.215,15.2,-4422811.863710819,-4189279.814104608,0.28846153846153844,-4422811.863710819,-4285065.55811922,0.3076923076923077,12,39,780,Road,31.4,31.4,-4664584840.083019,-1138335947.347439,0.10047619047619048,-4664584840.083019,-4320567786.433207,0.01904761904761905,2,105,2100,-4669007651.94673,4660162028.219309,0.2886446886446887
Rail,20.46625,15.2,-4354114.183642437,-4086065.623648863,0.2923076923076923,-4354114.183642437,-4208379.150780839,0.3076923076923077,12,39,780,Road,26.85,31.4,-4145941645.5586987,-1128380906.1848278,0.10047619047619048,-4145941645.558698,-3830177839.9219346,0.01904761904761905,2,105,2100,-4150295759.7423406,4141587531.375056,0.2886446886446887
Rail,20.46625,15.2,-4354114.183642437,-4086065.623648863,0.2923076923076923,-4354114.183642437,-4208379.150780839,0.3076923076923077,12,39,780,Road,26.96375,31.4,-4158907725.421807,-1128629514.274984,0.10047619047619048,-4158907725.421807,-3842950509.708068,0.01904761904761905,2,105,2100,-4163261839.605449,4154553611.2381644,0.2886446886446887
Rail,20.46625,15.2,-4354114.183642437,-4086065.623648863,0.2923076923076923,-4354114.183642437,-4208379.150780839,0.3076923076923077,12,39,780,Road,27.0775,31.4,-4171873805.2849145,-1128878122.3651395,0.10047619047619048,-4171873805.284915,-3855723179.4942007,0.01904761904761905,2,105,2100,-4176227919.4685574,4167519691.1012726,0.2886446886446887
Rail,20.46625,15.2,-4354114.183642437,-4086065.623648863,0.2923076923076923,-4354114.183642437,-4208379.150780839,0.3076923076923077,12,39,780,Road,27.19125,31.4,-4184839885.1480227,-1129126730.455295,0.10047619047619048,-4184839885.148023,-3868495849.2803345,0.01904761904761905,2,105,2100,-4189193999.3316655,4180485770.9643807,0.2886446886446887
Rail,20.46625,15.2,-4354114.183642437,-4086065.623648863,0.2923076923076923,-4354114.183642437,-4208379.150780839,0.3076923076923077,12,39,780,Road,27.305,31.4,-4197805965.011131,-1129375338.5454507,0.10047619047619048,-4197805965.0111313,-3881268519.0664682,0.01904761904761905,2,105,2100,-4202160079.1947737,4193451850.827489,0.2886446886446887
Rail,20.46625,15.2,-4354114.183642437,-4086065.623648863,0.2923076923076923,-4354114.183642437,-4208379.150780839,0.3076923076923077,12,39,780,Road,27.418750000000003,31.4,-4210772044.8742394,-1129623946.6356063,0.10047619047619048,-4210772044.8742385,-3893495777.8551016,0.01904761904761905,2,105,2100,-4215126159.057881,4206417930.690596,0.2886446886446887
Rail,20.46625,15.2,-4354114.183642437,-4086065.623648863,0.2923076923076923,-4354114.183642437,-4208379.150780839,0.3076923076923077,12,39,780,Road,27.532500000000002,31.4,-4223738124.7373476,-1129872554.725762,0.10047619047619048,-4223738124.7373466,-3901909725.170789,0.01904761904761905,2,105,2100,-4228092238.920989,4219384010.5537043,0.2886446886446887
Rail,20.46625,15.2,-4354114.183642437,-4086065.623648863,0.2923076923076923,-4354114.183642437,-4208379.150780839,0.3076923076923077,12,39,780,Road,27.646250000000002,31.4,-4236704204.600455,-1130121162.8159175,0.10047619047619048,-4236704204.6004553,-3910323672.4864755,0.01904761904761905,2,105,2100,-4241058318.7840977,4232350090.416813,0.2886446886446887
Rail,20.46625,15.2,-4354114.183642437,-4086065.623648863,0.2923076923076923,-4354114.183642437,-4208379.150780839,0.3076923076923077,12,39,780,Road,27.76,31.4,-4249670284.463563,-1130369770.9060733,0.10047619047619048,-4249670284.463563,-3918737619.802162,0.01904761904761905,2,105,2100,-4254024398.6472054,4245316170.2799206,0.2886446886446887
Rail,20.46625,15.2,-4354114.183642437,-4086065.623648863,0.2923076923076923,-4354114.183642437,-4208379.150780839,0.3076923076923077,12,39,780,Road,27.87375,31.4,-4262636364.32667,-1130618378.996229,0.10047619047619048,-4262636364.326671,-3927151567.117849,0.01904761904761905,2,105,2100,-4266990478.5103135,4258282250.1430287,0.2886446886446887
Rail,20.46625,15.2,-4354114.183642437,-4086065.623648863,0.2923076923076923,-4354114.183642437,-4208379.150780839,0.3076923076923077,12,39,780,Road,27.9875,31.4,-4275602444.189779,-1130053142.5673504,0.10047619047619048,-4275602444.1897793,-3939412550.3008804,0.01904761904761905,2,105,2100,-4279956558.3734217,4271248330.006137,0.2886446886446887
Rail,20.46625,15.2,-4354114.183642437,-4086065.623648863,0.2923076923076923,-4354114.183642437,-4208379.150780839,0.3076923076923077,12,39,780,Road,28.10125,31.4,-4288568524.052887,-1128985213.0862138,0.10047619047619048,-4288568524.0528865,-3953394607.081622,0.01904761904761905,2,105,2100,-4292922638.236529,4284214409.869244,0.2886446886446887
Rail,20.46625,15.2,-4354114.183642437,-4086065.623648863,0.2923076923076923,-4354114.183642437,-4208379.150780839,0.3076923076923077,12,39,780,Road,28.215,31.4,-4301534603.915996,-1128174086.3538113,0.10047619047619048,-4301534603.915995,-3967376663.8623643,0.01904761904761905,2,105,2100,-4305888718.099637,4297180489.732352,0.2886446886446887
Rail,20.46625,15.2,-4354114.183642437,-4086065.623648863,0.2923076923076923,-4354114.183642437,-4208379.150780839,0.3076923076923077,12,39,780,Road,28.32875,31.4,-4314500683.779103,-1128436425.5764236,0.10047619047619048,-4314500683.779103,-3981358720.643106,0.01904761904761905,2,105,2100,-4318854797.962746,4310146569.595461,0.2886446886446887
Rail,20.46625,15.2,-4354114.183642437,-4086065.623648863,0.2923076923076923,-4354114.183642437,-4208379.150780839,0.3076923076923077,12,39,780,Road,28.4425,31.4,-4327466763.642212,-1128721958.5330625,0.10047619047619048,-4327466763.642211,-3995340777.423848,0.01904761904761905,2,105,2100,-4331820877.825853,4323112649.458569,0.2886446886446887
Rail,20.46625,15.2,-4354114.183642437,-4086065.623648863,0.2923076923076923,-4354114.183642437,-4208379.150780839,0.3076923076923077,12,39,780,Road,28.55625,31.4,-4340432843.505318,-1129007491.4897013,0.10047619047619048,-4340432843.505319,-4009322834.20459,0.01904761904761905,2,105,2100,-4344786957.688961,4336078729.321676,0.2886446886446887
Rail,20.46625,15.2,-4354114.183642437,-4086065.623648863,0.2923076923076923,-4354114.183642437,-4208379.150780839,0.3076923076923077,12,39,780,Road,28.67,31.4,-4353398923.368427,-1129293024.4463398,0.10047619047619048,-4353398923.368427,-4019144236.3541107,0.01904761904761905,2,105,2100,-4357753037.55207,4349044809.184785,0.2886446886446887
Rail,20.46625,15.2,-4354114.183642437,-4086065.623648863,0.2923076923076923,-4354114.183642437,-4208379.150780839,0.3076923076923077,12,39,780,Road,28.78375,31.4,-4366365003.231536,-1129578557.4029787,0.10047619047619048,-4366365003.231535,-4028344187.013256,0.01904761904761905,2,105,2100,-4370719117.415177,4362010889.047893,0.2886446886446887
Rail,20.46625,15.2,-4354114.183642437,-4086065.623648863,0.2923076923076923,-4354114.183642437,-4208379.150780839,0.3076923076923077,12,39,780,Road,28.8975,31.4,-4379331083.094643,-1129864090.3596172,0.10047619047619048,-4379331083.094644,-4040200881.5714808,0.01904761904761905,2,105,2100,-4383685197.278286,4374976968.911001,0.2886446886446887
Rail,20.46625,15.2,-4354114.183642437,-4086065.623648863,0.2923076923076923,-4354114.183642437,-4208379.150780839,0.3076923076923077,12,39,780,Road,29.01125,31.4,-4392297162.957751,-1130149623.316256,0.10047619047619048,-4392297162.957751,-4052944831.792468,0.01904761904761905,2,105,2100,-4396651277.141394,4387943048.774109,0.2886446886446887
Rail,20.46625,15.2,-4354114.183642437,-4086065.623648863,0.2923076923076923,-4354114.183642437,-4208379.150780839,0.3076923076923077,12,39,780,Road,29.125,31.4,-4405263242.820859,-1130435156.2728949,0.10047619047619048,-4405263242.82086,-4065688782.0134554,0.01904761904761905,2,105,2100,-4409617357.004502,4400909128.6372175,0.2886446886446887
Rail,20.46625,15.2,-4354114.183642437,-4086065.623648863,0.2923076923076923,-4354114.183642437,-4208379.150780839,0.3076923076923077,12,39,780,Road,29.23875,31.4,-4418229322.683968,-1130720689.2295337,0.10047619047619048,-4418229322.683967,-4078432732.2344427,0.01904761904761905,2,105,2100,-4422583436.867609,4413875208.500324,0.2886446886446887
Rail,20.46625,15.2,-4354114.183642437,-4086065.623648863,0.2923076923076923,-4354114.183642437,-4208379.150780839,0.3076923076923077,12,39,780,Road,29.3525,31.4,-4431195402.547075,-1131006222.1861722,0.10047619047619048,-4431195402.547075,-4091176682.4554305,0.01904761904761905,2,105,2100,-4435549516.730718,4426841288.363433,0.2886446886446887
Rail,20.46625,15.2,-4354114.183642437,-4086065.623648863,0.2923076923076923,-4354114.183642437,-4208379.150780839,0.3076923076923077,12,39,780,Road,29.46625,31.4,-4444161482.410184,-1131318836.6494703,0.10047619047619048,-4444161482.410183,-4103920632.6764183,0.01904761904761905,2,105,2100,-4448515596.593825,4439807368.226541,0.2886446886446887
Rail,20.46625,15.2,-4354114.183642437,-4086065.623648863,0.2923076923076923,-4354114.183642437,-4208379.150780839,0.3076923076923077,12,39,780,Road,29.58,31.4,-4457127562.273292,-1131652692.5152984,0.10047619047619048,-4457127562.273292,-4116664582.897405,0.01904761904761905,2,105,2100,-4461481676.456934,4452773448.089649,0.2886446886446887
Rail,20.46625,15.2,-4354114.183642437,-4086065.623648863,0.2923076923076923,-4354114.183642437,-4208379.150780839,0.3076923076923077,12,39,780,Road,29.69375,31.4,-4470093642.136399,-1131986548.3811264,0.10047619047619048,-4470093642.1364,-4129408533.118394,0.01904761904761905,2,105,2100,-4474447756.320043,4465739527.952758,0.2886446886446887
Rail,20.46625,15.2,-4354114.183642437,-4086065.623648863,0.2923076923076923,-4354114.183642437,-4208379.150780839,0.3076923076923077,12,39,780,Road,29.8075,31.4,-4483059721.999507,-1132399643.9010806,0.10047619047619048,-4483059721.999507,-4142152483.339381,0.01904761904761905,2,105,2100,-4487413836.183149,4478705607.815865,0.2886446886446887
Rail,20.46625,15.2,-4354114.183642437,-4086065.623648863,0.2923076923076923,-4354114.183642437,-4208379.150780839,0.3076923076923077,12,39,780,Road,29.92125,31.4,-4496025801.862616,-1133220640.7194252,0.10047619047619048,-4496025801.862616,-4154896433.5603685,0.01904761904761905,2,105,2100,-4500379916.046258,4491671687.678973,0.2886446886446887
Rail,20.46625,15.2,-4354114.183642437,-4086065.623648863,0.2923076923076923,-4354114.183642437,-4208379.150780839,0.3076923076923077,12,39,780,Road,30.035,31.4,-4508991881.725723,-1134041637.53777,0.10047619047619048,-4508991881.725723,-4167640383.781356,0.01904761904761905,2,105,2100,-4513345995.909366,4504637767.542081,0.2886446886446887
Rail,20.46625,15.2,-4354114.183642437,-4086065.623648863,0.2923076923076923,-4354114.183642437,-4208379.150780839,0.3076923076923077,12,39,780,Road,30.14875,31.4,-4521957961.588831,-1134862634.3561149,0.10047619047619048,-4521957961.588832,-4180384334.0023437,0.01904761904761905,2,105,2100,-4526312075.772474,4517603847.4051895,0.2886446886446887
Rail,20.46625,15.2,-4354114.183642437,-4086065.623648863,0.2923076923076923,-4354114.183642437,-4208379.150780839,0.3076923076923077,12,39,780,Road,30.2625,31.4,-4534924041.45194,-1136086734.2343452,0.10047619047619048,-4534924041.45194,-4193128284.2233315,0.01904761904761905,2,105,2100,-4539278155.635582,4530569927.268297,0.2886446886446887
Rail,20.46625,15.2,-4354114.183642437,-4086065.623648863,0.2923076923076923,-4354114.183642437,-4208379.150780839,0.3076923076923077,12,39,780,Road,30.37625,31.4,-4547890121.315047,-1137684027.005255,0.10047619047619048,-4547890121.315047,-4205872234.4443183,0.01904761904761905,2,105,2100,-4552244235.49869,4543536007.131405,0.2886446886446887
Rail,20.46625,15.2,-4354114.183642437,-4086065.623648863,0.2923076923076923,-4354114.183642437,-4208379.150780839,0.3076923076923077,12,39,780,Road,30.49,31.4,-4560856201.178155,-1138628306.1565766,0.10047619047619048,-4560856201.178156,-4218616184.665306,0.01904761904761905,2,105,2100,-4565210315.361798,4556502086.9945135,0.2886446886446887
Rail,20.46625,15.2,-4354114.183642437,-4086065.623648863,0.2923076923076923,-4354114.183642437,-4208379.150780839,0.3076923076923077,12,39,780,Road,30.603749999999998,31.4,-4573822281.041263,-1139454162.9291048,0.10047619047619048,-4573822281.041264,-4231360134.886294,0.01904761904761905,2,105,2100,-4578176395.224906,4569468166.857621,0.2886446886446887
Rail,20.46625,15.2,-4354114.183642437,-4086065.623648863,0.2923076923076923,-4354114.183642437,-4208379.150780839,0.3076923076923077,12,39,780,Road,30.7175,31.4,-4586788360.904371,-1139439918.655672,0.10047619047619048,-4586788360.904372,-4244104085.1072817,0.01904761904761905,2,105,2100,-4591142475.088015,4582434246.72073,0.2886446886446887
Rail,20.46625,15.2,-4354114.183642437,-4086065.623648863,0.2923076923076923,-4354114.183642437,-4208379.150780839,0.3076923076923077,12,39,780,Road,30.831249999999997,31.4,-4599754440.76748,-1138061295.3365622,0.10047619047619048,-4599754440.767479,-4256848035.3282685,0.01904761904761905,2,105,2100,-4604108554.951121,4595400326.583837,0.2886446886446887
Rail,20.46625,15.2,-4354114.183642437,-4086065.623648863,0.2923076923076923,-4354114.183642437,-4208379.150780839,0.3076923076923077,12,39,780,Road,30.945,31.4,-4612720520.630588,-1137330797.4304318,0.10047619047619048,-4612720520.630588,-4269591985.5492563,0.01904761904761905,2,105,2100,-4617074634.81423,4608366406.446945,0.2886446886446887
Rail,20.46625,15.2,-4354114.183642437,-4086065.623648863,0.2923076923076923,-4354114.183642437,-4208379.150780839,0.3076923076923077,12,39,780,Road,31.05875,31.4,-4625686600.493696,-1137579405.5205877,0.10047619047619048,-4625686600.493695,-4282335935.7702436,0.01904761904761905,2,105,2100,-4630040714.677338,4621332486.310053,0.2886446886446887
Rail,20.46625,15.2,-4354114.183642437,-4086065.623648863,0.2923076923076923,-4354114.183642437,-4208379.150780839,0.3076923076923077,12,39,780,Road,31.1725,31.4,-4638652680.356804,-1137828013.6107433,0.10047619047619048,-4638652680.356805,-4295079885.991232,0.01904761904761905,2,105,2100,-4643006794.540447,4634298566.173162,0.2886446886446887
Rail,20.46625,15.2,-4354114.183642437,-4086065.623648863,0.2923076923076923,-4354114.183642437,-4208379.150780839,0.3076923076923077,12,39,780,Road,31.28625,31.4,-4651618760.219912,-1138076621.7008991,0.10047619047619048,-4651618760.219912,-4307823836.212219,0.01904761904761905,2,105,2100,-4655972874.403554,4647264646.036269,0.2886446886446887
Rail,20.46625,15.2,-4354114.183642437,-4086065.623648863,0.2923076923076923,-4354114.183642437,-4208379.150780839,0.3076923076923077,12,39,780,Road,31.4,31.4,-4664584840.083019,-1138335947.347439,0.10047619047619048,-4664584840.083019,-4320567786.433207,0.01904761904761905,2,105,2100,-4668938954.266662,4660230725.899377,0.2886446886446887
Rail,20.7175,15.2,-4285416.503574054,-4000892.279304356,0.2935897435897436,-4285416.503574053,-4131692.7434424562,0.3076923076923077,12,39,780,Road,26.85,31.4,-4145941645.5586987,-1128380906.1848278,0.10047619047619048,-4145941645.558698,-3830177839.9219346,0.01904761904761905,2,105,2100,-4150227062.062272,4141656229.0551243,0.2886446886446887
Rail,20.7175,15.2,-4285416.503574054,-4000892.279304356,0.2935897435897436,-4285416.503574053,-4131692.7434424562,0.3076923076923077,12,39,780,Road,26.96375,31.4,-4158907725.421807,-1128629514.274984,0.10047619047619048,-4158907725.421807,-3842950509.708068,0.01904761904761905,2,105,2100,-4163193141.9253807,4154622308.918233,0.2886446886446887
Rail,20.7175,15.2,-4285416.503574054,-4000892.279304356,0.2935897435897436,-4285416.503574053,-4131692.7434424562,0.3076923076923077,12,39,780,Road,27.0775,31.4,-4171873805.2849145,-1128878122.3651395,0.10047619047619048,-4171873805.284915,-3855723179.4942007,0.01904761904761905,2,105,2100,-4176159221.788489,4167588388.781341,0.2886446886446887
Rail,20.7175,15.2,-4285416.503574054,-4000892.279304356,0.2935897435897436,-4285416.503574053,-4131692.7434424562,0.3076923076923077,12,39,780,Road,27.19125,31.4,-4184839885.1480227,-1129126730.455295,0.10047619047619048,-4184839885.148023,-3868495849.2803345,0.01904761904761905,2,105,2100,-4189125301.651597,4180554468.644449,0.2886446886446887
Rail,20.7175,15.2,-4285416.503574054,-4000892.279304356,0.2935897435897436,-4285416.503574053,-4131692.7434424562,0.3076923076923077,12,39,780,Road,27.305,31.4,-4197805965.011131,-1129375338.5454507,0.10047619047619048,-4197805965.0111313,-3881268519.0664682,0.01904761904761905,2,105,2100,-4202091381.514705,4193520548.5075574,0.2886446886446887
Rail,20.7175,15.2,-4285416.503574054,-4000892.279304356,0.2935897435897436,-4285416.503574053,-4131692.7434424562,0.3076923076923077,12,39,780,Road,27.418750000000003,31.4,-4210772044.8742394,-1129623946.6356063,0.10047619047619048,-4210772044.8742385,-3893495777.8551016,0.01904761904761905,2,105,2100,-4215057461.3778124,4206486628.3706646,0.2886446886446887
Rail,20.7175,15.2,-4285416.503574054,-4000892.279304356,0.2935897435897436,-4285416.503574053,-4131692.7434424562,0.3076923076923077,12,39,780,Road,27.532500000000002,31.4,-4223738124.7373476,-1129872554.725762,0.10047619047619048,-4223738124.7373466,-3901909725.170789,0.01904761904761905,2,105,2100,-4228023541.2409205,4219452708.2337728,0.2886446886446887
Rail,20.7175,15.2,-4285416.503574054,-4000892.279304356,0.2935897435897436,-4285416.503574053,-4131692.7434424562,0.3076923076923077,12,39,780,Road,27.646250000000002,31.4,-4236704204.600455,-1130121162.8159175,0.10047619047619048,-4236704204.6004553,-3910323672.4864755,0.01904761904761905,2,105,2100,-4240989621.104029,4232418788.0968814,0.2886446886446887
Rail,20.7175,15.2,-4285416.503574054,-4000892.279304356,0.2935897435897436,-4285416.503574053,-4131692.7434424562,0.3076923076923077,12,39,780,Road,27.76,31.4,-4249670284.463563,-1130369770.9060733,0.10047619047619048,-4249670284.463563,-3918737619.802162,0.01904761904761905,2,105,2100,-4253955700.967137,4245384867.959989,0.2886446886446887
Rail,20.7175,15.2,-4285416.503574054,-4000892.279304356,0.2935897435897436,-4285416.503574053,-4131692.7434424562,0.3076923076923077,12,39,780,Road,27.87375,31.4,-4262636364.32667,-1130618378.996229,0.10047619047619048,-4262636364.326671,-3927151567.117849,0.01904761904761905,2,105,2100,-4266921780.830245,4258350947.823097,0.2886446886446887
Rail,20.7175,15.2,-4285416.503574054,-4000892.279304356,0.2935897435897436,-4285416.503574053,-4131692.7434424562,0.3076923076923077,12,39,780,Road,27.9875,31.4,-4275602444.189779,-1130053142.5673504,0.10047619047619048,-4275602444.1897793,-3939412550.3008804,0.01904761904761905,2,105,2100,-4279887860.693353,4271317027.6862054,0.2886446886446887
Rail,20.7175,15.2,-4285416.503574054,-4000892.279304356,0.2935897435897436,-4285416.503574053,-4131692.7434424562,0.3076923076923077,12,39,780,Road,28.10125,31.4,-4288568524.052887,-1128985213.0862138,0.10047619047619048,-4288568524.0528865,-3953394607.081622,0.01904761904761905,2,105,2100,-4292853940.5564604,4284283107.5493126,0.2886446886446887
Rail,20.7175,15.2,-4285416.503574054,-4000892.279304356,0.2935897435897436,-4285416.503574053,-4131692.7434424562,0.3076923076923077,12,39,780,Road,28.215,31.4,-4301534603.915996,-1128174086.3538113,0.10047619047619048,-4301534603.915995,-3967376663.8623643,0.01904761904761905,2,105,2100,-4305820020.419569,4297249187.41242,0.2886446886446887
Rail,20.7175,15.2,-4285416.503574054,-4000892.279304356,0.2935897435897436,-4285416.503574053,-4131692.7434424562,0.3076923076923077,12,39,780,Road,28.32875,31.4,-4314500683.779103,-1128436425.5764236,0.10047619047619048,-4314500683.779103,-3981358720.643106,0.01904761904761905,2,105,2100,-4318786100.282678,4310215267.275529,0.2886446886446887
Rail,20.7175,15.2,-4285416.503574054,-4000892.279304356,0.2935897435897436,-4285416.503574053,-4131692.7434424562,0.3076923076923077,12,39,780,Road,28.4425,31.4,-4327466763.642212,-1128721958.5330625,0.10047619047619048,-4327466763.642211,-3995340777.423848,0.01904761904761905,2,105,2100,-4331752180.145785,4323181347.138637,0.2886446886446887
Rail,20.7175,15.2,-4285416.503574054,-4000892.279304356,0.2935897435897436,-4285416.503574053,-4131692.7434424562,0.3076923076923077,12,39,780,Road,28.55625,31.4,-4340432843.505318,-1129007491.4897013,0.10047619047619048,-4340432843.505319,-4009322834.20459,0.01904761904761905,2,105,2100,-4344718260.008893,4336147427.001744,0.2886446886446887
Rail,20.7175,15.2,-4285416.503574054,-4000892.279304356,0.2935897435897436,-4285416.503574053,-4131692.7434424562,0.3076923076923077,12,39,780,Road,28.67,31.4,-4353398923.368427,-1129293024.4463398,0.10047619047619048,-4353398923.368427,-4019144236.3541107,0.01904761904761905,2,105,2100,-4357684339.872002,4349113506.864853,0.2886446886446887
Rail,20.7175,15.2,-4285416.503574054,-4000892.279304356,0.2935897435897436,-4285416.503574053,-4131692.7434424562,0.3076923076923077,12,39,780,Road,28.78375,31.4,-4366365003.231536,-1129578557.4029787,0.10047619047619048,-4366365003.231535,-4028344187.013256,0.01904761904761905,2,105,2100,-4370650419.735109,4362079586.727961,0.2886446886446887
Rail,20.7175,15.2,-4285416.503574054,-4000892.279304356,0.2935897435897436,-4285416.503574053,-4131692.7434424562,0.3076923076923077,12,39,780,Road,28.8975,31.4,-4379331083.094643,-1129864090.3596172,0.10047619047619048,-4379331083.094644,-4040200881.5714808,0.01904761904761905,2,105,2100,-4383616499.598218,4375045666.591069,0.2886446886446887
Rail,20.7175,15.2,-4285416.503574054,-4000892.279304356,0.2935897435897436,-4285416.503574053,-4131692.7434424562,0.3076923076923077,12,39,780,Road,29.01125,31.4,-4392297162.957751,-1130149623.316256,0.10047619047619048,-4392297162.957751,-4052944831.792468,0.01904761904761905,2,105,2100,-4396582579.461326,4388011746.454177,0.2886446886446887
Rail,20.7175,15.2,-4285416.503574054,-4000892.279304356,0.2935897435897436,-4285416.503574053,-4131692.7434424562,0.3076923076923077,12,39,780,Road,29.125,31.4,-4405263242.820859,-1130435156.2728949,0.10047619047619048,-4405263242.82086,-4065688782.0134554,0.01904761904761905,2,105,2100,-4409548659.324434,4400977826.317286,0.2886446886446887
Rail,20.7175,15.2,-4285416.503574054,-4000892.279304356,0.2935897435897436,-4285416.503574053,-4131692.7434424562,0.3076923076923077,12,39,780,Road,29.23875,31.4,-4418229322.683968,-1130720689.2295337,0.10047619047619048,-4418229322.683967,-4078432732.2344427,0.01904761904761905,2,105,2100,-4422514739.187541,4413943906.180392,0.2886446886446887
Rail,20.7175,15.2,-4285416.503574054,-4000892.279304356,0.2935897435897436,-4285416.503574053,-4131692.7434424562,0.3076923076923077,12,39,780,Road,29.3525,31.4,-4431195402.547075,-1131006222.1861722,0.10047619047619048,-4431195402.547075,-4091176682.4554305,0.01904761904761905,2,105,2100,-4435480819.05065,4426909986.043501,0.2886446886446887
Rail,20.7175,15.2,-4285416.503574054,-4000892.279304356,0.2935897435897436,-4285416.503574053,-4131692.7434424562,0.3076923076923077,12,39,780,Road,29.46625,31.4,-4444161482.410184,-1131318836.6494703,0.10047619047619048,-4444161482.410183,-4103920632.6764183,0.01904761904761905,2,105,2100,-4448446898.913757,4439876065.906609,0.2886446886446887
Rail,20.7175,15.2,-4285416.503574054,-4000892.279304356,0.2935897435897436,-4285416.503574053,-4131692.7434424562,0.3076923076923077,12,39,780,Road,29.58,31.4,-4457127562.273292,-1131652692.5152984,0.10047619047619048,-4457127562.273292,-4116664582.897405,0.01904761904761905,2,105,2100,-4461412978.776866,4452842145.769717,0.2886446886446887
Rail,20.7175,15.2,-4285416.503574054,-4000892.279304356,0.2935897435897436,-4285416.503574053,-4131692.7434424562,0.3076923076923077,12,39,780,Road,29.69375,31.4,-4470093642.136399,-1131986548.3811264,0.10047619047619048,-4470093642.1364,-4129408533.118394,0.01904761904761905,2,105,2100,-4474379058.639975,4465808225.632826,0.2886446886446887
Rail,20.7175,15.2,-4285416.503574054,-4000892.279304356,0.2935897435897436,-4285416.503574053,-4131692.7434424562,0.3076923076923077,12,39,780,Road,29.8075,31.4,-4483059721.999507,-1132399643.9010806,0.10047619047619048,-4483059721.999507,-4142152483.339381,0.01904761904761905,2,105,2100,-4487345138.503081,4478774305.495933,0.2886446886446887
Rail,20.7175,15.2,-4285416.503574054,-4000892.279304356,0.2935897435897436,-4285416.503574053,-4131692.7434424562,0.3076923076923077,12,39,780,Road,29.92125,31.4,-4496025801.862616,-1133220640.7194252,0.10047619047619048,-4496025801.862616,-4154896433.5603685,0.01904761904761905,2,105,2100,-4500311218.36619,4491740385.359041,0.2886446886446887
Rail,20.7175,15.2,-4285416.503574054,-4000892.279304356,0.2935897435897436,-4285416.503574053,-4131692.7434424562,0.3076923076923077,12,39,780,Road,30.035,31.4,-4508991881.725723,-1134041637.53777,0.10047619047619048,-4508991881.725723,-4167640383.781356,0.01904761904761905,2,105,2100,-4513277298.229298,4504706465.222149,0.2886446886446887
Rail,20.7175,15.2,-4285416.503574054,-4000892.279304356,0.2935897435897436,-4285416.503574053,-4131692.7434424562,0.3076923076923077,12,39,780,Road,30.14875,31.4,-4521957961.588831,-1134862634.3561149,0.10047619047619048,-4521957961.588832,-4180384334.0023437,0.01904761904761905,2,105,2100,-4526243378.092406,4517672545.085258,0.2886446886446887
Rail,20.7175,15.2,-4285416.503574054,-4000892.279304356,0.2935897435897436,-4285416.503574053,-4131692.7434424562,0.3076923076923077,12,39,780,Road,30.2625,31.4,-4534924041.45194,-1136086734.2343452,0.10047619047619048,-4534924041.45194,-4193128284.2233315,0.01904761904761905,2,105,2100,-4539209457.955514,4530638624.948365,0.2886446886446887
Rail,20.7175,15.2,-4285416.503574054,-4000892.279304356,0.2935897435897436,-4285416.503574053,-4131692.7434424562,0.3076923076923077,12,39,780,Road,30.37625,31.4,-4547890121.315047,-1137684027.005255,0.10047619047619048,-4547890121.315047,-4205872234.4443183,0.01904761904761905,2,105,2100,-4552175537.818622,4543604704.811473,0.2886446886446887
Rail,20.7175,15.2,-4285416.503574054,-4000892.279304356,0.2935897435897436,-4285416.503574053,-4131692.7434424562,0.3076923076923077,12,39,780,Road,30.49,31.4,-4560856201.178155,-1138628306.1565766,0.10047619047619048,-4560856201.178156,-4218616184.665306,0.01904761904761905,2,105,2100,-4565141617.68173,4556570784.674582,0.2886446886446887
Rail,20.7175,15.2,-4285416.503574054,-4000892.279304356,0.2935897435897436,-4285416.503574053,-4131692.7434424562,0.3076923076923077,12,39,780,Road,30.603749999999998,31.4,-4573822281.041263,-1139454162.9291048,0.10047619047619048,-4573822281.041264,-4231360134.886294,0.01904761904761905,2,105,2100,-4578107697.544838,4569536864.537689,0.2886446886446887
Rail,20.7175,15.2,-4285416.503574054,-4000892.279304356,0.2935897435897436,-4285416.503574053,-4131692.7434424562,0.3076923076923077,12,39,780,Road,30.7175,31.4,-4586788360.904371,-1139439918.655672,0.10047619047619048,-4586788360.904372,-4244104085.1072817,0.01904761904761905,2,105,2100,-4591073777.407947,4582502944.400798,0.2886446886446887
Rail,20.7175,15.2,-4285416.503574054,-4000892.279304356,0.2935897435897436,-4285416.503574053,-4131692.7434424562,0.3076923076923077,12,39,780,Road,30.831249999999997,31.4,-4599754440.76748,-1138061295.3365622,0.10047619047619048,-4599754440.767479,-4256848035.3282685,0.01904761904761905,2,105,2100,-4604039857.271053,4595469024.263905,0.2886446886446887
Rail,20.7175,15.2,-4285416.503574054,-4000892.279304356,0.2935897435897436,-4285416.503574053,-4131692.7434424562,0.3076923076923077,12,39,780,Road,30.945,31.4,-4612720520.630588,-1137330797.4304318,0.10047619047619048,-4612720520.630588,-4269591985.5492563,0.01904761904761905,2,105,2100,-4617005937.134162,4608435104.127013,0.2886446886446887
Rail,20.7175,15.2,-4285416.503574054,-4000892.279304356,0.2935897435897436,-4285416.503574053,-4131692.7434424562,0.3076923076923077,12,39,780,Road,31.05875,31.4,-4625686600.493696,-1137579405.5205877,0.10047619047619048,-4625686600.493695,-4282335935.7702436,0.01904761904761905,2,105,2100,-4629972016.99727,4621401183.990121,0.2886446886446887
Rail,20.7175,15.2,-4285416.503574054,-4000892.279304356,0.2935897435897436,-4285416.503574053,-4131692.7434424562,0.3076923076923077,12,39,780,Road,31.1725,31.4,-4638652680.356804,-1137828013.6107433,0.10047619047619048,-4638652680.356805,-4295079885.991232,0.01904761904761905,2,105,2100,-4642938096.860379,4634367263.85323,0.2886446886446887
Rail,20.7175,15.2,-4285416.503574054,-4000892.279304356,0.2935897435897436,-4285416.503574053,-4131692.7434424562,0.3076923076923077,12,39,780,Road,31.28625,31.4,-4651618760.219912,-1138076621.7008991,0.10047619047619048,-4651618760.219912,-4307823836.212219,0.01904761904761905,2,105,2100,-4655904176.723486,4647333343.716337,0.2886446886446887
Rail,20.7175,15.2,-4285416.503574054,-4000892.279304356,0.2935897435897436,-4285416.503574053,-4131692.7434424562,0.3076923076923077,12,39,780,Road,31.4,31.4,-4664584840.083019,-1138335947.347439,0.10047619047619048,-4664584840.083019,-4320567786.433207,0.01904761904761905,2,105,2100,-4668870256.586594,4660299423.579445,0.2886446886446887
Rail,20.96875,15.2,-4216718.823505671,-3915718.9349598503,0.29743589743589743,-4216718.823505672,-4055006.3361040754,0.3076923076923077,12,39,780,Road,26.85,31.4,-4145941645.5586987,-1128380906.1848278,0.10047619047619048,-4145941645.558698,-3830177839.9219346,0.01904761904761905,2,105,2100,-4150158364.382204,4141724926.7351923,0.2886446886446887
Rail,20.96875,15.2,-4216718.823505671,-3915718.9349598503,0.29743589743589743,-4216718.823505672,-4055006.3361040754,0.3076923076923077,12,39,780,Road,26.96375,31.4,-4158907725.421807,-1128629514.274984,0.10047619047619048,-4158907725.421807,-3842950509.708068,0.01904761904761905,2,105,2100,-4163124444.2453127,4154691006.598301,0.2886446886446887
Rail,20.96875,15.2,-4216718.823505671,-3915718.9349598503,0.29743589743589743,-4216718.823505672,-4055006.3361040754,0.3076923076923077,12,39,780,Road,27.0775,31.4,-4171873805.2849145,-1128878122.3651395,0.10047619047619048,-4171873805.284915,-3855723179.4942007,0.01904761904761905,2,105,2100,-4176090524.108421,4167657086.461409,0.2886446886446887
Rail,20.96875,15.2,-4216718.823505671,-3915718.9349598503,0.29743589743589743,-4216718.823505672,-4055006.3361040754,0.3076923076923077,12,39,780,Road,27.19125,31.4,-4184839885.1480227,-1129126730.455295,0.10047619047619048,-4184839885.148023,-3868495849.2803345,0.01904761904761905,2,105,2100,-4189056603.971529,4180623166.3245173,0.2886446886446887
Rail,20.96875,15.2,-4216718.823505671,-3915718.9349598503,0.29743589743589743,-4216718.823505672,-4055006.3361040754,0.3076923076923077,12,39,780,Road,27.305,31.4,-4197805965.011131,-1129375338.5454507,0.10047619047619048,-4197805965.0111313,-3881268519.0664682,0.01904761904761905,2,105,2100,-4202022683.834637,4193589246.1876254,0.2886446886446887
Rail,20.96875,15.2,-4216718.823505671,-3915718.9349598503,0.29743589743589743,-4216718.823505672,-4055006.3361040754,0.3076923076923077,12,39,780,Road,27.418750000000003,31.4,-4210772044.8742394,-1129623946.6356063,0.10047619047619048,-4210772044.8742385,-3893495777.8551016,0.01904761904761905,2,105,2100,-4214988763.6977444,4206555326.0507326,0.2886446886446887
Rail,20.96875,15.2,-4216718.823505671,-3915718.9349598503,0.29743589743589743,-4216718.823505672,-4055006.3361040754,0.3076923076923077,12,39,780,Road,27.532500000000002,31.4,-4223738124.7373476,-1129872554.725762,0.10047619047619048,-4223738124.7373466,-3901909725.170789,0.01904761904761905,2,105,2100,-4227954843.5608525,4219521405.913841,0.2886446886446887
Rail,20.96875,15.2,-4216718.823505671,-3915718.9349598503,0.29743589743589743,-4216718.823505672,-4055006.3361040754,0.3076923076923077,12,39,780,Road,27.646250000000002,31.4,-4236704204.600455,-1130121162.8159175,0.10047619047619048,-4236704204.6004553,-3910323672.4864755,0.01904761904761905,2,105,2100,-4240920923.423961,4232487485.7769494,0.2886446886446887
Rail,20.96875,15.2,-4216718.823505671,-3915718.9349598503,0.29743589743589743,-4216718.823505672,-4055006.3361040754,0.3076923076923077,12,39,780,Road,27.76,31.4,-4249670284.463563,-1130369770.9060733,0.10047619047619048,-4249670284.463563,-3918737619.802162,0.01904761904761905,2,105,2100,-4253887003.287069,4245453565.640057,0.2886446886446887
Rail,20.96875,15.2,-4216718.823505671,-3915718.9349598503,0.29743589743589743,-4216718.823505672,-4055006.3361040754,0.3076923076923077,12,39,780,Road,27.87375,31.4,-4262636364.32667,-1130618378.996229,0.10047619047619048,-4262636364.326671,-3927151567.117849,0.01904761904761905,2,105,2100,-4266853083.150177,4258419645.5031652,0.2886446886446887
Rail,20.96875,15.2,-4216718.823505671,-3915718.9349598503,0.29743589743589743,-4216718.823505672,-4055006.3361040754,0.3076923076923077,12,39,780,Road,27.9875,31.4,-4275602444.189779,-1130053142.5673504,0.10047619047619048,-4275602444.1897793,-3939412550.3008804,0.01904761904761905,2,105,2100,-4279819163.013285,4271385725.3662734,0.2886446886446887
Rail,20.96875,15.2,-4216718.823505671,-3915718.9349598503,0.29743589743589743,-4216718.823505672,-4055006.3361040754,0.3076923076923077,12,39,780,Road,28.10125,31.4,-4288568524.052887,-1128985213.0862138,0.10047619047619048,-4288568524.0528865,-3953394607.081622,0.01904761904761905,2,105,2100,-4292785242.8763924,4284351805.2293806,0.2886446886446887
Rail,20.96875,15.2,-4216718.823505671,-3915718.9349598503,0.29743589743589743,-4216718.823505672,-4055006.3361040754,0.3076923076923077,12,39,780,Road,28.215,31.4,-4301534603.915996,-1128174086.3538113,0.10047619047619048,-4301534603.915995,-3967376663.8623643,0.01904761904761905,2,105,2100,-4305751322.7395,4297317885.092489,0.2886446886446887
Rail,20.96875,15.2,-4216718.823505671,-3915718.9349598503,0.29743589743589743,-4216718.823505672,-4055006.3361040754,0.3076923076923077,12,39,780,Road,28.32875,31.4,-4314500683.779103,-1128436425.5764236,0.10047619047619048,-4314500683.779103,-3981358720.643106,0.01904761904761905,2,105,2100,-4318717402.602609,4310283964.955598,0.2886446886446887
Rail,20.96875,15.2,-4216718.823505671,-3915718.9349598503,0.29743589743589743,-4216718.823505672,-4055006.3361040754,0.3076923076923077,12,39,780,Road,28.4425,31.4,-4327466763.642212,-1128721958.5330625,0.10047619047619048,-4327466763.642211,-3995340777.423848,0.01904761904761905,2,105,2100,-4331683482.465716,4323250044.818706,0.2886446886446887
Rail,20.96875,15.2,-4216718.823505671,-3915718.9349598503,0.29743589743589743,-4216718.823505672,-4055006.3361040754,0.3076923076923077,12,39,780,Road,28.55625,31.4,-4340432843.505318,-1129007491.4897013,0.10047619047619048,-4340432843.505319,-4009322834.20459,0.01904761904761905,2,105,2100,-4344649562.328824,4336216124.681813,0.2886446886446887
Rail,20.96875,15.2,-4216718.823505671,-3915718.9349598503,0.29743589743589743,-4216718.823505672,-4055006.3361040754,0.3076923076923077,12,39,780,Road,28.67,31.4,-4353398923.368427,-1129293024.4463398,0.10047619047619048,-4353398923.368427,-4019144236.3541107,0.01904761904761905,2,105,2100,-4357615642.191933,4349182204.544922,0.2886446886446887
Rail,20.96875,15.2,-4216718.823505671,-3915718.9349598503,0.29743589743589743,-4216718.823505672,-4055006.3361040754,0.3076923076923077,12,39,780,Road,28.78375,31.4,-4366365003.231536,-1129578557.4029787,0.10047619047619048,-4366365003.231535,-4028344187.013256,0.01904761904761905,2,105,2100,-4370581722.05504,4362148284.40803,0.2886446886446887
Rail,20.96875,15.2,-4216718.823505671,-3915718.9349598503,0.29743589743589743,-4216718.823505672,-4055006.3361040754,0.3076923076923077,12,39,780,Road,28.8975,31.4,-4379331083.094643,-1129864090.3596172,0.10047619047619048,-4379331083.094644,-4040200881.5714808,0.01904761904761905,2,105,2100,-4383547801.918149,4375114364.271138,0.2886446886446887
Rail,20.96875,15.2,-4216718.823505671,-3915718.9349598503,0.29743589743589743,-4216718.823505672,-4055006.3361040754,0.3076923076923077,12,39,780,Road,29.01125,31.4,-4392297162.957751,-1130149623.316256,0.10047619047619048,-4392297162.957751,-4052944831.792468,0.01904761904761905,2,105,2100,-4396513881.781257,4388080444.134246,0.2886446886446887
Rail,20.96875,15.2,-4216718.823505671,-3915718.9349598503,0.29743589743589743,-4216718.823505672,-4055006.3361040754,0.3076923076923077,12,39,780,Road,29.125,31.4,-4405263242.820859,-1130435156.2728949,0.10047619047619048,-4405263242.82086,-4065688782.0134554,0.01904761904761905,2,105,2100,-4409479961.644365,4401046523.9973545,0.2886446886446887
Rail,20.96875,15.2,-4216718.823505671,-3915718.9349598503,0.29743589743589743,-4216718.823505672,-4055006.3361040754,0.3076923076923077,12,39,780,Road,29.23875,31.4,-4418229322.683968,-1130720689.2295337,0.10047619047619048,-4418229322.683967,-4078432732.2344427,0.01904761904761905,2,105,2100,-4422446041.507472,4414012603.860461,0.2886446886446887
Rail,20.96875,15.2,-4216718.823505671,-3915718.9349598503,0.29743589743589743,-4216718.823505672,-4055006.3361040754,0.3076923076923077,12,39,780,Road,29.3525,31.4,-4431195402.547075,-1131006222.1861722,0.10047619047619048,-4431195402.547075,-4091176682.4554305,0.01904761904761905,2,105,2100,-4435412121.370581,4426978683.72357,0.2886446886446887
Rail,20.96875,15.2,-4216718.823505671,-3915718.9349598503,0.29743589743589743,-4216718.823505672,-4055006.3361040754,0.3076923076923077,12,39,780,Road,29.46625,31.4,-4444161482.410184,-1131318836.6494703,0.10047619047619048,-4444161482.410183,-4103920632.6764183,0.01904761904761905,2,105,2100,-4448378201.233688,4439944763.586678,0.2886446886446887
Rail,20.96875,15.2,-4216718.823505671,-3915718.9349598503,0.29743589743589743,-4216718.823505672,-4055006.3361040754,0.3076923076923077,12,39,780,Road,29.58,31.4,-4457127562.273292,-1131652692.5152984,0.10047619047619048,-4457127562.273292,-4116664582.897405,0.01904761904761905,2,105,2100,-4461344281.096797,4452910843.449786,0.2886446886446887
Rail,20.96875,15.2,-4216718.823505671,-3915718.9349598503,0.29743589743589743,-4216718.823505672,-4055006.3361040754,0.3076923076923077,12,39,780,Road,29.69375,31.4,-4470093642.136399,-1131986548.3811264,0.10047619047619048,-4470093642.1364,-4129408533.118394,0.01904761904761905,2,105,2100,-4474310360.959906,4465876923.312895,0.2886446886446887
Rail,20.96875,15.2,-4216718.823505671,-3915718.9349598503,0.29743589743589743,-4216718.823505672,-4055006.3361040754,0.3076923076923077,12,39,780,Road,29.8075,31.4,-4483059721.999507,-1132399643.9010806,0.10047619047619048,-4483059721.999507,-4142152483.339381,0.01904761904761905,2,105,2100,-4487276440.823012,4478843003.176002,0.2886446886446887
Rail,20.96875,15.2,-4216718.823505671,-3915718.9349598503,0.29743589743589743,-4216718.823505672,-4055006.3361040754,0.3076923076923077,12,39,780,Road,29.92125,31.4,-4496025801.862616,-1133220640.7194252,0.10047619047619048,-4496025801.862616,-4154896433.5603685,0.01904761904761905,2,105,2100,-4500242520.686121,4491809083.03911,0.2886446886446887
Rail,20.96875,15.2,-4216718.823505671,-3915718.9349598503,0.29743589743589743,-4216718.823505672,-4055006.3361040754,0.3076923076923077,12,39,780,Road,30.035,31.4,-4508991881.725723,-1134041637.53777,0.10047619047619048,-4508991881.725723,-4167640383.781356,0.01904761904761905,2,105,2100,-4513208600.549229,4504775162.902218,0.2886446886446887
Rail,20.96875,15.2,-4216718.823505671,-3915718.9349598503,0.29743589743589743,-4216718.823505672,-4055006.3361040754,0.3076923076923077,12,39,780,Road,30.14875,31.4,-4521957961.588831,-1134862634.3561149,0.10047619047619048,-4521957961.588832,-4180384334.0023437,0.01904761904761905,2,105,2100,-4526174680.412337,4517741242.7653265,0.2886446886446887
Rail,20.96875,15.2,-4216718.823505671,-3915718.9349598503,0.29743589743589743,-4216718.823505672,-4055006.3361040754,0.3076923076923077,12,39,780,Road,30.2625,31.4,-4534924041.45194,-1136086734.2343452,0.10047619047619048,-4534924041.45194,-4193128284.2233315,0.01904761904761905,2,105,2100,-4539140760.275445,4530707322.628434,0.2886446886446887
Rail,20.96875,15.2,-4216718.823505671,-3915718.9349598503,0.29743589743589743,-4216718.823505672,-4055006.3361040754,0.3076923076923077,12,39,780,Road,30.37625,31.4,-4547890121.315047,-1137684027.005255,0.10047619047619048,-4547890121.315047,-4205872234.4443183,0.01904761904761905,2,105,2100,-4552106840.138553,4543673402.491542,0.2886446886446887
Rail,20.96875,15.2,-4216718.823505671,-3915718.9349598503,0.29743589743589743,-4216718.823505672,-4055006.3361040754,0.3076923076923077,12,39,780,Road,30.49,31.4,-4560856201.178155,-1138628306.1565766,0.10047619047619048,-4560856201.178156,-4218616184.665306,0.01904761904761905,2,105,2100,-4565072920.001661,4556639482.3546505,0.2886446886446887
Rail,20.96875,15.2,-4216718.823505671,-3915718.9349598503,0.29743589743589743,-4216718.823505672,-4055006.3361040754,0.3076923076923077,12,39,780,Road,30.603749999999998,31.4,-4573822281.041263,-1139454162.9291048,0.10047619047619048,-4573822281.041264,-4231360134.886294,0.01904761904761905,2,105,2100,-4578038999.864769,4569605562.217758,0.2886446886446887
Rail,20.96875,15.2,-4216718.823505671,-3915718.9349598503,0.29743589743589743,-4216718.823505672,-4055006.3361040754,0.3076923076923077,12,39,780,Road,30.7175,31.4,-4586788360.904371,-1139439918.655672,0.10047619047619048,-4586788360.904372,-4244104085.1072817,0.01904761904761905,2,105,2100,-4591005079.727878,4582571642.080867,0.2886446886446887
Rail,20.96875,15.2,-4216718.823505671,-3915718.9349598503,0.29743589743589743,-4216718.823505672,-4055006.3361040754,0.3076923076923077,12,39,780,Road,30.831249999999997,31.4,-4599754440.76748,-1138061295.3365622,0.10047619047619048,-4599754440.767479,-4256848035.3282685,0.01904761904761905,2,105,2100,-4603971159.590984,4595537721.943974,0.2886446886446887
Rail,20.96875,15.2,-4216718.823505671,-3915718.9349598503,0.29743589743589743,-4216718.823505672,-4055006.3361040754,0.3076923076923077,12,39,780,Road,30.945,31.4,-4612720520.630588,-1137330797.4304318,0.10047619047619048,-4612720520.630588,-4269591985.5492563,0.01904761904761905,2,105,2100,-4616937239.454093,4608503801.807082,0.2886446886446887
Rail,20.96875,15.2,-4216718.823505671,-3915718.9349598503,0.29743589743589743,-4216718.823505672,-4055006.3361040754,0.3076923076923077,12,39,780,Road,31.05875,31.4,-4625686600.493696,-1137579405.5205877,0.10047619047619048,-4625686600.493695,-4282335935.7702436,0.01904761904761905,2,105,2100,-4629903319.317201,4621469881.67019,0.2886446886446887
Rail,20.96875,15.2,-4216718.823505671,-3915718.9349598503,0.29743589743589743,-4216718.823505672,-4055006.3361040754,0.3076923076923077,12,39,780,Road,31.1725,31.4,-4638652680.356804,-1137828013.6107433,0.10047619047619048,-4638652680.356805,-4295079885.991232,0.01904761904761905,2,105,2100,-4642869399.18031,4634435961.533299,0.2886446886446887
Rail,20.96875,15.2,-4216718.823505671,-3915718.9349598503,0.29743589743589743,-4216718.823505672,-4055006.3361040754,0.3076923076923077,12,39,780,Road,31.28625,31.4,-4651618760.219912,-1138076621.7008991,0.10047619047619048,-4651618760.219912,-4307823836.212219,0.01904761904761905,2,105,2100,-4655835479.043417,4647402041.396406,0.2886446886446887
Rail,20.96875,15.2,-4216718.823505671,-3915718.9349598503,0.29743589743589743,-4216718.823505672,-4055006.3361040754,0.3076923076923077,12,39,780,Road,31.4,31.4,-4664584840.083019,-1138335947.347439,0.10047619047619048,-4664584840.083019,-4320567786.433207,0.01904761904761905,2,105,2100,-4668801558.906525,4660368121.259514,0.2886446886446887
Rail,21.22,15.2,-4148021.143437289,-3830545.5906153442,0.3038461538461538,-4148021.1434372887,-3978319.9287656946,0.3333333333333333,13,39,780,Road,26.85,31.4,-4145941645.5586987,-1128380906.1848278,0.10047619047619048,-4145941645.558698,-3830177839.9219346,0.01904761904761905,2,105,2100,-4150089666.7021356,4141793624.415261,0.3142857142857143
Rail,21.22,15.2,-4148021.143437289,-3830545.5906153442,0.3038461538461538,-4148021.1434372887,-3978319.9287656946,0.3333333333333333,13,39,780,Road,26.96375,31.4,-4158907725.421807,-1128629514.274984,0.10047619047619048,-4158907725.421807,-3842950509.708068,0.01904761904761905,2,105,2100,-4163055746.565244,4154759704.2783694,0.3142857142857143
Rail,21.22,15.2,-4148021.143437289,-3830545.5906153442,0.3038461538461538,-4148021.1434372887,-3978319.9287656946,0.3333333333333333,13,39,780,Road,27.0775,31.4,-4171873805.2849145,-1128878122.3651395,0.10047619047619048,-4171873805.284915,-3855723179.4942007,0.01904761904761905,2,105,2100,-4176021826.4283524,4167725784.1414776,0.3142857142857143
Rail,21.22,15.2,-4148021.143437289,-3830545.5906153442,0.3038461538461538,-4148021.1434372887,-3978319.9287656946,0.3333333333333333,13,39,780,Road,27.19125,31.4,-4184839885.1480227,-1129126730.455295,0.10047619047619048,-4184839885.148023,-3868495849.2803345,0.01904761904761905,2,105,2100,-4188987906.2914605,4180691864.0045857,0.3142857142857143
Rail,21.22,15.2,-4148021.143437289,-3830545.5906153442,0.3038461538461538,-4148021.1434372887,-3978319.9287656946,0.3333333333333333,13,39,780,Road,27.305,31.4,-4197805965.011131,-1129375338.5454507,0.10047619047619048,-4197805965.0111313,-3881268519.0664682,0.01904761904761905,2,105,2100,-4201953986.1545687,4193657943.867694,0.3142857142857143
Rail,21.22,15.2,-4148021.143437289,-3830545.5906153442,0.3038461538461538,-4148021.1434372887,-3978319.9287656946,0.3333333333333333,13,39,780,Road,27.418750000000003,31.4,-4210772044.8742394,-1129623946.6356063,0.10047619047619048,-4210772044.8742385,-3893495777.8551016,0.01904761904761905,2,105,2100,-4214920066.017676,4206624023.730801,0.3142857142857143
Rail,21.22,15.2,-4148021.143437289,-3830545.5906153442,0.3038461538461538,-4148021.1434372887,-3978319.9287656946,0.3333333333333333,13,39,780,Road,27.532500000000002,31.4,-4223738124.7373476,-1129872554.725762,0.10047619047619048,-4223738124.7373466,-3901909725.170789,0.01904761904761905,2,105,2100,-4227886145.880784,4219590103.5939093,0.3142857142857143
Rail,21.22,15.2,-4148021.143437289,-3830545.5906153442,0.3038461538461538,-4148021.1434372887,-3978319.9287656946,0.3333333333333333,13,39,780,Road,27.646250000000002,31.4,-4236704204.600455,-1130121162.8159175,0.10047619047619048,-4236704204.6004553,-3910323672.4864755,0.01904761904761905,2,105,2100,-4240852225.7438927,4232556183.457018,0.3142857142857143
Rail,21.22,15.2,-4148021.143437289,-3830545.5906153442,0.3038461538461538,-4148021.1434372887,-3978319.9287656946,0.3333333333333333,13,39,780,Road,27.76,31.4,-4249670284.463563,-1130369770.9060733,0.10047619047619048,-4249670284.463563,-3918737619.802162,0.01904761904761905,2,105,2100,-4253818305.6070004,4245522263.3201256,0.3142857142857143
Rail,21.22,15.2,-4148021.143437289,-3830545.5906153442,0.3038461538461538,-4148021.1434372887,-3978319.9287656946,0.3333333333333333,13,39,780,Road,27.87375,31.4,-4262636364.32667,-1130618378.996229,0.10047619047619048,-4262636364.326671,-3927151567.117849,0.01904761904761905,2,105,2100,-4266784385.4701085,4258488343.1832337,0.3142857142857143
Rail,21.22,15.2,-4148021.143437289,-3830545.5906153442,0.3038461538461538,-4148021.1434372887,-3978319.9287656946,0.3333333333333333,13,39,780,Road,27.9875,31.4,-4275602444.189779,-1130053142.5673504,0.10047619047619048,-4275602444.1897793,-3939412550.3008804,0.01904761904761905,2,105,2100,-4279750465.3332167,4271454423.046342,0.3142857142857143
Rail,21.22,15.2,-4148021.143437289,-3830545.5906153442,0.3038461538461538,-4148021.1434372887,-3978319.9287656946,0.3333333333333333,13,39,780,Road,28.10125,31.4,-4288568524.052887,-1128985213.0862138,0.10047619047619048,-4288568524.0528865,-3953394607.081622,0.01904761904761905,2,105,2100,-4292716545.196324,4284420502.909449,0.3142857142857143
Rail,21.22,15.2,-4148021.143437289,-3830545.5906153442,0.3038461538461538,-4148021.1434372887,-3978319.9287656946,0.3333333333333333,13,39,780,Road,28.215,31.4,-4301534603.915996,-1128174086.3538113,0.10047619047619048,-4301534603.915995,-3967376663.8623643,0.01904761904761905,2,105,2100,-4305682625.059432,4297386582.772557,0.3142857142857143
Rail,21.22,15.2,-4148021.143437289,-3830545.5906153442,0.3038461538461538,-4148021.1434372887,-3978319.9287656946,0.3333333333333333,13,39,780,Road,28.32875,31.4,-4314500683.779103,-1128436425.5764236,0.10047619047619048,-4314500683.779103,-3981358720.643106,0.01904761904761905,2,105,2100,-4318648704.922541,4310352662.635666,0.3142857142857143
Rail,21.22,15.2,-4148021.143437289,-3830545.5906153442,0.3038461538461538,-4148021.1434372887,-3978319.9287656946,0.3333333333333333,13,39,780,Road,28.4425,31.4,-4327466763.642212,-1128721958.5330625,0.10047619047619048,-4327466763.642211,-3995340777.423848,0.01904761904761905,2,105,2100,-4331614784.785648,4323318742.498774,0.3142857142857143
Rail,21.22,15.2,-4148021.143437289,-3830545.5906153442,0.3038461538461538,-4148021.1434372887,-3978319.9287656946,0.3333333333333333,13,39,780,Road,28.55625,31.4,-4340432843.505318,-1129007491.4897013,0.10047619047619048,-4340432843.505319,-4009322834.20459,0.01904761904761905,2,105,2100,-4344580864.648756,4336284822.361881,0.3142857142857143
Rail,21.22,15.2,-4148021.143437289,-3830545.5906153442,0.3038461538461538,-4148021.1434372887,-3978319.9287656946,0.3333333333333333,13,39,780,Road,28.67,31.4,-4353398923.368427,-1129293024.4463398,0.10047619047619048,-4353398923.368427,-4019144236.3541107,0.01904761904761905,2,105,2100,-4357546944.511865,4349250902.22499,0.3142857142857143
Rail,21.22,15.2,-4148021.143437289,-3830545.5906153442,0.3038461538461538,-4148021.1434372887,-3978319.9287656946,0.3333333333333333,13,39,780,Road,28.78375,31.4,-4366365003.231536,-1129578557.4029787,0.10047619047619048,-4366365003.231535,-4028344187.013256,0.01904761904761905,2,105,2100,-4370513024.374972,4362216982.088098,0.3142857142857143
Rail,21.22,15.2,-4148021.143437289,-3830545.5906153442,0.3038461538461538,-4148021.1434372887,-3978319.9287656946,0.3333333333333333,13,39,780,Road,28.8975,31.4,-4379331083.094643,-1129864090.3596172,0.10047619047619048,-4379331083.094644,-4040200881.5714808,0.01904761904761905,2,105,2100,-4383479104.238081,4375183061.951206,0.3142857142857143
Rail,21.22,15.2,-4148021.143437289,-3830545.5906153442,0.3038461538461538,-4148021.1434372887,-3978319.9287656946,0.3333333333333333,13,39,780,Road,29.01125,31.4,-4392297162.957751,-1130149623.316256,0.10047619047619048,-4392297162.957751,-4052944831.792468,0.01904761904761905,2,105,2100,-4396445184.101189,4388149141.814314,0.3142857142857143
Rail,21.22,15.2,-4148021.143437289,-3830545.5906153442,0.3038461538461538,-4148021.1434372887,-3978319.9287656946,0.3333333333333333,13,39,780,Road,29.125,31.4,-4405263242.820859,-1130435156.2728949,0.10047619047619048,-4405263242.82086,-4065688782.0134554,0.01904761904761905,2,105,2100,-4409411263.964297,4401115221.677423,0.3142857142857143
Rail,21.22,15.2,-4148021.143437289,-3830545.5906153442,0.3038461538461538,-4148021.1434372887,-3978319.9287656946,0.3333333333333333,13,39,780,Road,29.23875,31.4,-4418229322.683968,-1130720689.2295337,0.10047619047619048,-4418229322.683967,-4078432732.2344427,0.01904761904761905,2,105,2100,-4422377343.827404,4414081301.540529,0.3142857142857143
Rail,21.22,15.2,-4148021.143437289,-3830545.5906153442,0.3038461538461538,-4148021.1434372887,-3978319.9287656946,0.3333333333333333,13,39,780,Road,29.3525,31.4,-4431195402.547075,-1131006222.1861722,0.10047619047619048,-4431195402.547075,-4091176682.4554305,0.01904761904761905,2,105,2100,-4435343423.690513,4427047381.403638,0.3142857142857143
Rail,21.22,15.2,-4148021.143437289,-3830545.5906153442,0.3038461538461538,-4148021.1434372887,-3978319.9287656946,0.3333333333333333,13,39,780,Road,29.46625,31.4,-4444161482.410184,-1131318836.6494703,0.10047619047619048,-4444161482.410183,-4103920632.6764183,0.01904761904761905,2,105,2100,-4448309503.55362,4440013461.266746,0.3142857142857143
Rail,21.22,15.2,-4148021.143437289,-3830545.5906153442,0.3038461538461538,-4148021.1434372887,-3978319.9287656946,0.3333333333333333,13,39,780,Road,29.58,31.4,-4457127562.273292,-1131652692.5152984,0.10047619047619048,-4457127562.273292,-4116664582.897405,0.01904761904761905,2,105,2100,-4461275583.416729,4452979541.129854,0.3142857142857143
Rail,21.22,15.2,-4148021.143437289,-3830545.5906153442,0.3038461538461538,-4148021.1434372887,-3978319.9287656946,0.3333333333333333,13,39,780,Road,29.69375,31.4,-4470093642.136399,-1131986548.3811264,0.10047619047619048,-4470093642.1364,-4129408533.118394,0.01904761904761905,2,105,2100,-4474241663.279838,4465945620.992963,0.3142857142857143
Rail,21.22,15.2,-4148021.143437289,-3830545.5906153442,0.3038461538461538,-4148021.1434372887,-3978319.9287656946,0.3333333333333333,13,39,780,Road,29.8075,31.4,-4483059721.999507,-1132399643.9010806,0.10047619047619048,-4483059721.999507,-4142152483.339381,0.01904761904761905,2,105,2100,-4487207743.142944,4478911700.85607,0.3142857142857143
Rail,21.22,15.2,-4148021.143437289,-3830545.5906153442,0.3038461538461538,-4148021.1434372887,-3978319.9287656946,0.3333333333333333,13,39,780,Road,29.92125,31.4,-4496025801.862616,-1133220640.7194252,0.10047619047619048,-4496025801.862616,-4154896433.5603685,0.01904761904761905,2,105,2100,-4500173823.006053,4491877780.719178,0.3142857142857143
Rail,21.22,15.2,-4148021.143437289,-3830545.5906153442,0.3038461538461538,-4148021.1434372887,-3978319.9287656946,0.3333333333333333,13,39,780,Road,30.035,31.4,-4508991881.725723,-1134041637.53777,0.10047619047619048,-4508991881.725723,-4167640383.781356,0.01904761904761905,2,105,2100,-4513139902.869161,4504843860.582286,0.3142857142857143
Rail,21.22,15.2,-4148021.143437289,-3830545.5906153442,0.3038461538461538,-4148021.1434372887,-3978319.9287656946,0.3333333333333333,13,39,780,Road,30.14875,31.4,-4521957961.588831,-1134862634.3561149,0.10047619047619048,-4521957961.588832,-4180384334.0023437,0.01904761904761905,2,105,2100,-4526105982.732269,4517809940.4453945,0.3142857142857143
Rail,21.22,15.2,-4148021.143437289,-3830545.5906153442,0.3038461538461538,-4148021.1434372887,-3978319.9287656946,0.3333333333333333,13,39,780,Road,30.2625,31.4,-4534924041.45194,-1136086734.2343452,0.10047619047619048,-4534924041.45194,-4193128284.2233315,0.01904761904761905,2,105,2100,-4539072062.595377,4530776020.308502,0.3142857142857143
Rail,21.22,15.2,-4148021.143437289,-3830545.5906153442,0.3038461538461538,-4148021.1434372887,-3978319.9287656946,0.3333333333333333,13,39,780,Road,30.37625,31.4,-4547890121.315047,-1137684027.005255,0.10047619047619048,-4547890121.315047,-4205872234.4443183,0.01904761904761905,2,105,2100,-4552038142.458485,4543742100.17161,0.3142857142857143
Rail,21.22,15.2,-4148021.143437289,-3830545.5906153442,0.3038461538461538,-4148021.1434372887,-3978319.9287656946,0.3333333333333333,13,39,780,Road,30.49,31.4,-4560856201.178155,-1138628306.1565766,0.10047619047619048,-4560856201.178156,-4218616184.665306,0.01904761904761905,2,105,2100,-4565004222.321593,4556708180.0347185,0.3142857142857143
Rail,21.22,15.2,-4148021.143437289,-3830545.5906153442,0.3038461538461538,-4148021.1434372887,-3978319.9287656946,0.3333333333333333,13,39,780,Road,30.603749999999998,31.4,-4573822281.041263,-1139454162.9291048,0.10047619047619048,-4573822281.041264,-4231360134.886294,0.01904761904761905,2,105,2100,-4577970302.184701,4569674259.897826,0.3142857142857143
Rail,21.22,15.2,-4148021.143437289,-3830545.5906153442,0.3038461538461538,-4148021.1434372887,-3978319.9287656946,0.3333333333333333,13,39,780,Road,30.7175,31.4,-4586788360.904371,-1139439918.655672,0.10047619047619048,-4586788360.904372,-4244104085.1072817,0.01904761904761905,2,105,2100,-4590936382.04781,4582640339.760935,0.3142857142857143
Rail,21.22,15.2,-4148021.143437289,-3830545.5906153442,0.3038461538461538,-4148021.1434372887,-3978319.9287656946,0.3333333333333333,13,39,780,Road,30.831249999999997,31.4,-4599754440.76748,-1138061295.3365622,0.10047619047619048,-4599754440.767479,-4256848035.3282685,0.01904761904761905,2,105,2100,-4603902461.910916,4595606419.624042,0.3142857142857143
Rail,21.22,15.2,-4148021.143437289,-3830545.5906153442,0.3038461538461538,-4148021.1434372887,-3978319.9287656946,0.3333333333333333,13,39,780,Road,30.945,31.4,-4612720520.630588,-1137330797.4304318,0.10047619047619048,-4612720520.630588,-4269591985.5492563,0.01904761904761905,2,105,2100,-4616868541.774025,4608572499.48715,0.3142857142857143
Rail,21.22,15.2,-4148021.143437289,-3830545.5906153442,0.3038461538461538,-4148021.1434372887,-3978319.9287656946,0.3333333333333333,13,39,780,Road,31.05875,31.4,-4625686600.493696,-1137579405.5205877,0.10047619047619048,-4625686600.493695,-4282335935.7702436,0.01904761904761905,2,105,2100,-4629834621.637133,4621538579.350258,0.3142857142857143
Rail,21.22,15.2,-4148021.143437289,-3830545.5906153442,0.3038461538461538,-4148021.1434372887,-3978319.9287656946,0.3333333333333333,13,39,780,Road,31.1725,31.4,-4638652680.356804,-1137828013.6107433,0.10047619047619048,-4638652680.356805,-4295079885.991232,0.01904761904761905,2,105,2100,-4642800701.500242,4634504659.213367,0.3142857142857143
Rail,21.22,15.2,-4148021.143437289,-3830545.5906153442,0.3038461538461538,-4148021.1434372887,-3978319.9287656946,0.3333333333333333,13,39,780,Road,31.28625,31.4,-4651618760.219912,-1138076621.7008991,0.10047619047619048,-4651618760.219912,-4307823836.212219,0.01904761904761905,2,105,2100,-4655766781.363349,4647470739.076474,0.3142857142857143
Rail,21.22,15.2,-4148021.143437289,-3830545.5906153442,0.3038461538461538,-4148021.1434372887,-3978319.9287656946,0.3333333333333333,13,39,780,Road,31.4,31.4,-4664584840.083019,-1138335947.347439,0.10047619047619048,-4664584840.083019,-4320567786.433207,0.01904761904761905,2,105,2100,-4668732861.226457,4660436818.939582,0.3142857142857143
Rail,21.471249999999998,15.2,-4079323.463368906,-3745372.2462708387,0.30641025641025643,-4079323.4633689057,-3901633.5214273147,0.3333333333333333,13,39,780,Road,26.85,31.4,-4145941645.5586987,-1128380906.1848278,0.10047619047619048,-4145941645.558698,-3830177839.9219346,0.01904761904761905,2,105,2100,-4150020969.022067,4141862322.0953293,0.3142857142857143
Rail,21.471249999999998,15.2,-4079323.463368906,-3745372.2462708387,0.30641025641025643,-4079323.4633689057,-3901633.5214273147,0.3333333333333333,13,39,780,Road,26.96375,31.4,-4158907725.421807,-1128629514.274984,0.10047619047619048,-4158907725.421807,-3842950509.708068,0.01904761904761905,2,105,2100,-4162987048.8851757,4154828401.958438,0.3142857142857143
Rail,21.471249999999998,15.2,-4079323.463368906,-3745372.2462708387,0.30641025641025643,-4079323.4633689057,-3901633.5214273147,0.3333333333333333,13,39,780,Road,27.0775,31.4,-4171873805.2849145,-1128878122.3651395,0.10047619047619048,-4171873805.284915,-3855723179.4942007,0.01904761904761905,2,105,2100,-4175953128.748284,4167794481.821546,0.3142857142857143
Rail,21.471249999999998,15.2,-4079323.463368906,-3745372.2462708387,0.30641025641025643,-4079323.4633689057,-3901633.5214273147,0.3333333333333333,13,39,780,Road,27.19125,31.4,-4184839885.1480227,-1129126730.455295,0.10047619047619048,-4184839885.148023,-3868495849.2803345,0.01904761904761905,2,105,2100,-4188919208.611392,4180760561.684654,0.3142857142857143
Rail,21.471249999999998,15.2,-4079323.463368906,-3745372.2462708387,0.30641025641025643,-4079323.4633689057,-3901633.5214273147,0.3333333333333333,13,39,780,Road,27.305,31.4,-4197805965.011131,-1129375338.5454507,0.10047619047619048,-4197805965.0111313,-3881268519.0664682,0.01904761904761905,2,105,2100,-4201885288.4745,4193726641.5477624,0.3142857142857143
Rail,21.471249999999998,15.2,-4079323.463368906,-3745372.2462708387,0.30641025641025643,-4079323.4633689057,-3901633.5214273147,0.3333333333333333,13,39,780,Road,27.418750000000003,31.4,-4210772044.8742394,-1129623946.6356063,0.10047619047619048,-4210772044.8742385,-3893495777.8551016,0.01904761904761905,2,105,2100,-4214851368.3376074,4206692721.4108696,0.3142857142857143
Rail,21.471249999999998,15.2,-4079323.463368906,-3745372.2462708387,0.30641025641025643,-4079323.4633689057,-3901633.5214273147,0.3333333333333333,13,39,780,Road,27.532500000000002,31.4,-4223738124.7373476,-1129872554.725762,0.10047619047619048,-4223738124.7373466,-3901909725.170789,0.01904761904761905,2,105,2100,-4227817448.2007155,4219658801.2739778,0.3142857142857143
Rail,21.471249999999998,15.2,-4079323.463368906,-3745372.2462708387,0.30641025641025643,-4079323.4633689057,-3901633.5214273147,0.3333333333333333,13,39,780,Road,27.646250000000002,31.4,-4236704204.600455,-1130121162.8159175,0.10047619047619048,-4236704204.6004553,-3910323672.4864755,0.01904761904761905,2,105,2100,-4240783528.063824,4232624881.1370864,0.3142857142857143
Rail,21.471249999999998,15.2,-4079323.463368906,-3745372.2462708387,0.30641025641025643,-4079323.4633689057,-3901633.5214273147,0.3333333333333333,13,39,780,Road,27.76,31.4,-4249670284.463563,-1130369770.9060733,0.10047619047619048,-4249670284.463563,-3918737619.802162,0.01904761904761905,2,105,2100,-4253749607.926932,4245590961.000194,0.3142857142857143
Rail,21.471249999999998,15.2,-4079323.463368906,-3745372.2462708387,0.30641025641025643,-4079323.4633689057,-3901633.5214273147,0.3333333333333333,13,39,780,Road,27.87375,31.4,-4262636364.32667,-1130618378.996229,0.10047619047619048,-4262636364.326671,-3927151567.117849,0.01904761904761905,2,105,2100,-4266715687.79004,4258557040.863302,0.3142857142857143
Rail,21.471249999999998,15.2,-4079323.463368906,-3745372.2462708387,0.30641025641025643,-4079323.4633689057,-3901633.5214273147,0.3333333333333333,13,39,780,Road,27.9875,31.4,-4275602444.189779,-1130053142.5673504,0.10047619047619048,-4275602444.1897793,-3939412550.3008804,0.01904761904761905,2,105,2100,-4279681767.653148,4271523120.7264104,0.3142857142857143
Rail,21.471249999999998,15.2,-4079323.463368906,-3745372.2462708387,0.30641025641025643,-4079323.4633689057,-3901633.5214273147,0.3333333333333333,13,39,780,Road,28.10125,31.4,-4288568524.052887,-1128985213.0862138,0.10047619047619048,-4288568524.0528865,-3953394607.081622,0.01904761904761905,2,105,2100,-4292647847.5162554,4284489200.5895176,0.3142857142857143
Rail,21.471249999999998,15.2,-4079323.463368906,-3745372.2462708387,0.30641025641025643,-4079323.4633689057,-3901633.5214273147,0.3333333333333333,13,39,780,Road,28.215,31.4,-4301534603.915996,-1128174086.3538113,0.10047619047619048,-4301534603.915995,-3967376663.8623643,0.01904761904761905,2,105,2100,-4305613927.379364,4297455280.452625,0.3142857142857143
Rail,21.471249999999998,15.2,-4079323.463368906,-3745372.2462708387,0.30641025641025643,-4079323.4633689057,-3901633.5214273147,0.3333333333333333,13,39,780,Road,28.32875,31.4,-4314500683.779103,-1128436425.5764236,0.10047619047619048,-4314500683.779103,-3981358720.643106,0.01904761904761905,2,105,2100,-4318580007.242473,4310421360.315734,0.3142857142857143
Rail,21.471249999999998,15.2,-4079323.463368906,-3745372.2462708387,0.30641025641025643,-4079323.4633689057,-3901633.5214273147,0.3333333333333333,13,39,780,Road,28.4425,31.4,-4327466763.642212,-1128721958.5330625,0.10047619047619048,-4327466763.642211,-3995340777.423848,0.01904761904761905,2,105,2100,-4331546087.10558,4323387440.178842,0.3142857142857143
Rail,21.471249999999998,15.2,-4079323.463368906,-3745372.2462708387,0.30641025641025643,-4079323.4633689057,-3901633.5214273147,0.3333333333333333,13,39,780,Road,28.55625,31.4,-4340432843.505318,-1129007491.4897013,0.10047619047619048,-4340432843.505319,-4009322834.20459,0.01904761904761905,2,105,2100,-4344512166.968688,4336353520.041949,0.3142857142857143
Rail,21.471249999999998,15.2,-4079323.463368906,-3745372.2462708387,0.30641025641025643,-4079323.4633689057,-3901633.5214273147,0.3333333333333333,13,39,780,Road,28.67,31.4,-4353398923.368427,-1129293024.4463398,0.10047619047619048,-4353398923.368427,-4019144236.3541107,0.01904761904761905,2,105,2100,-4357478246.831797,4349319599.905058,0.3142857142857143
Rail,21.471249999999998,15.2,-4079323.463368906,-3745372.2462708387,0.30641025641025643,-4079323.4633689057,-3901633.5214273147,0.3333333333333333,13,39,780,Road,28.78375,31.4,-4366365003.231536,-1129578557.4029787,0.10047619047619048,-4366365003.231535,-4028344187.013256,0.01904761904761905,2,105,2100,-4370444326.694904,4362285679.768166,0.3142857142857143
Rail,21.471249999999998,15.2,-4079323.463368906,-3745372.2462708387,0.30641025641025643,-4079323.4633689057,-3901633.5214273147,0.3333333333333333,13,39,780,Road,28.8975,31.4,-4379331083.094643,-1129864090.3596172,0.10047619047619048,-4379331083.094644,-4040200881.5714808,0.01904761904761905,2,105,2100,-4383410406.558013,4375251759.631274,0.3142857142857143
Rail,21.471249999999998,15.2,-4079323.463368906,-3745372.2462708387,0.30641025641025643,-4079323.4633689057,-3901633.5214273147,0.3333333333333333,13,39,780,Road,29.01125,31.4,-4392297162.957751,-1130149623.316256,0.10047619047619048,-4392297162.957751,-4052944831.792468,0.01904761904761905,2,105,2100,-4396376486.421121,4388217839.494382,0.3142857142857143
Rail,21.471249999999998,15.2,-4079323.463368906,-3745372.2462708387,0.30641025641025643,-4079323.4633689057,-3901633.5214273147,0.3333333333333333,13,39,780,Road,29.125,31.4,-4405263242.820859,-1130435156.2728949,0.10047619047619048,-4405263242.82086,-4065688782.0134554,0.01904761904761905,2,105,2100,-4409342566.284229,4401183919.357491,0.3142857142857143
Rail,21.471249999999998,15.2,-4079323.463368906,-3745372.2462708387,0.30641025641025643,-4079323.4633689057,-3901633.5214273147,0.3333333333333333,13,39,780,Road,29.23875,31.4,-4418229322.683968,-1130720689.2295337,0.10047619047619048,-4418229322.683967,-4078432732.2344427,0.01904761904761905,2,105,2100,-4422308646.147336,4414149999.220597,0.3142857142857143
Rail,21.471249999999998,15.2,-4079323.463368906,-3745372.2462708387,0.30641025641025643,-4079323.4633689057,-3901633.5214273147,0.3333333333333333,13,39,780,Road,29.3525,31.4,-4431195402.547075,-1131006222.1861722,0.10047619047619048,-4431195402.547075,-4091176682.4554305,0.01904761904761905,2,105,2100,-4435274726.010445,4427116079.083706,0.3142857142857143
Rail,21.471249999999998,15.2,-4079323.463368906,-3745372.2462708387,0.30641025641025643,-4079323.4633689057,-3901633.5214273147,0.3333333333333333,13,39,780,Road,29.46625,31.4,-4444161482.410184,-1131318836.6494703,0.10047619047619048,-4444161482.410183,-4103920632.6764183,0.01904761904761905,2,105,2100,-4448240805.873552,4440082158.946814,0.3142857142857143
Rail,21.471249999999998,15.2,-4079323.463368906,-3745372.2462708387,0.30641025641025643,-4079323.4633689057,-3901633.5214273147,0.3333333333333333,13,39,780,Road,29.58,31.4,-4457127562.273292,-1131652692.5152984,0.10047619047619048,-4457127562.273292,-4116664582.897405,0.01904761904761905,2,105,2100,-4461206885.736661,4453048238.809922,0.3142857142857143
Rail,21.471249999999998,15.2,-4079323.463368906,-3745372.2462708387,0.30641025641025643,-4079323.4633689057,-3901633.5214273147,0.3333333333333333,13,39,780,Road,29.69375,31.4,-4470093642.136399,-1131986548.3811264,0.10047619047619048,-4470093642.1364,-4129408533.118394,0.01904761904761905,2,105,2100,-4474172965.59977,4466014318.673031,0.3142857142857143
Rail,21.471249999999998,15.2,-4079323.463368906,-3745372.2462708387,0.30641025641025643,-4079323.4633689057,-3901633.5214273147,0.3333333333333333,13,39,780,Road,29.8075,31.4,-4483059721.999507,-1132399643.9010806,0.10047619047619048,-4483059721.999507,-4142152483.339381,0.01904761904761905,2,105,2100,-4487139045.462876,4478980398.536138,0.3142857142857143
Rail,21.471249999999998,15.2,-4079323.463368906,-3745372.2462708387,0.30641025641025643,-4079323.4633689057,-3901633.5214273147,0.3333333333333333,13,39,780,Road,29.92125,31.4,-4496025801.862616,-1133220640.7194252,0.10047619047619048,-4496025801.862616,-4154896433.5603685,0.01904761904761905,2,105,2100,-4500105125.325985,4491946478.399246,0.3142857142857143
Rail,21.471249999999998,15.2,-4079323.463368906,-3745372.2462708387,0.30641025641025643,-4079323.4633689057,-3901633.5214273147,0.3333333333333333,13,39,780,Road,30.035,31.4,-4508991881.725723,-1134041637.53777,0.10047619047619048,-4508991881.725723,-4167640383.781356,0.01904761904761905,2,105,2100,-4513071205.189093,4504912558.262354,0.3142857142857143
Rail,21.471249999999998,15.2,-4079323.463368906,-3745372.2462708387,0.30641025641025643,-4079323.4633689057,-3901633.5214273147,0.3333333333333333,13,39,780,Road,30.14875,31.4,-4521957961.588831,-1134862634.3561149,0.10047619047619048,-4521957961.588832,-4180384334.0023437,0.01904761904761905,2,105,2100,-4526037285.052201,4517878638.125463,0.3142857142857143
Rail,21.471249999999998,15.2,-4079323.463368906,-3745372.2462708387,0.30641025641025643,-4079323.4633689057,-3901633.5214273147,0.3333333333333333,13,39,780,Road,30.2625,31.4,-4534924041.45194,-1136086734.2343452,0.10047619047619048,-4534924041.45194,-4193128284.2233315,0.01904761904761905,2,105,2100,-4539003364.915309,4530844717.98857,0.3142857142857143
Rail,21.471249999999998,15.2,-4079323.463368906,-3745372.2462708387,0.30641025641025643,-4079323.4633689057,-3901633.5214273147,0.3333333333333333,13,39,780,Road,30.37625,31.4,-4547890121.315047,-1137684027.005255,0.10047619047619048,-4547890121.315047,-4205872234.4443183,0.01904761904761905,2,105,2100,-4551969444.778417,4543810797.851678,0.3142857142857143
Rail,21.471249999999998,15.2,-4079323.463368906,-3745372.2462708387,0.30641025641025643,-4079323.4633689057,-3901633.5214273147,0.3333333333333333,13,39,780,Road,30.49,31.4,-4560856201.178155,-1138628306.1565766,0.10047619047619048,-4560856201.178156,-4218616184.665306,0.01904761904761905,2,105,2100,-4564935524.641525,4556776877.714787,0.3142857142857143
Rail,21.471249999999998,15.2,-4079323.463368906,-3745372.2462708387,0.30641025641025643,-4079323.4633689057,-3901633.5214273147,0.3333333333333333,13,39,780,Road,30.603749999999998,31.4,-4573822281.041263,-1139454162.9291048,0.10047619047619048,-4573822281.041264,-4231360134.886294,0.01904761904761905,2,105,2100,-4577901604.504633,4569742957.577894,0.3142857142857143
Rail,21.471249999999998,15.2,-4079323.463368906,-3745372.2462708387,0.30641025641025643,-4079323.4633689057,-3901633.5214273147,0.3333333333333333,13,39,780,Road,30.7175,31.4,-4586788360.904371,-1139439918.655672,0.10047619047619048,-4586788360.904372,-4244104085.1072817,0.01904761904761905,2,105,2100,-4590867684.367742,4582709037.441003,0.3142857142857143
Rail,21.471249999999998,15.2,-4079323.463368906,-3745372.2462708387,0.30641025641025643,-4079323.4633689057,-3901633.5214273147,0.3333333333333333,13,39,780,Road,30.831249999999997,31.4,-4599754440.76748,-1138061295.3365622,0.10047619047619048,-4599754440.767479,-4256848035.3282685,0.01904761904761905,2,105,2100,-4603833764.230848,4595675117.30411,0.3142857142857143
Rail,21.471249999999998,15.2,-4079323.463368906,-3745372.2462708387,0.30641025641025643,-4079323.4633689057,-3901633.5214273147,0.3333333333333333,13,39,780,Road,30.945,31.4,-4612720520.630588,-1137330797.4304318,0.10047619047619048,-4612720520.630588,-4269591985.5492563,0.01904761904761905,2,105,2100,-4616799844.093957,4608641197.167218,0.3142857142857143
Rail,21.471249999999998,15.2,-4079323.463368906,-3745372.2462708387,0.30641025641025643,-4079323.4633689057,-3901633.5214273147,0.3333333333333333,13,39,780,Road,31.05875,31.4,-4625686600.493696,-1137579405.5205877,0.10047619047619048,-4625686600.493695,-4282335935.7702436,0.01904761904761905,2,105,2100,-4629765923.957065,4621607277.030326,0.3142857142857143
Rail,21.471249999999998,15.2,-4079323.463368906,-3745372.2462708387,0.30641025641025643,-4079323.4633689057,-3901633.5214273147,0.3333333333333333,13,39,780,Road,31.1725,31.4,-4638652680.356804,-1137828013.6107433,0.10047619047619048,-4638652680.356805,-4295079885.991232,0.01904761904761905,2,105,2100,-4642732003.820174,4634573356.8934355,0.3142857142857143
Rail,21.471249999999998,15.2,-4079323.463368906,-3745372.2462708387,0.30641025641025643,-4079323.4633689057,-3901633.5214273147,0.3333333333333333,13,39,780,Road,31.28625,31.4,-4651618760.219912,-1138076621.7008991,0.10047619047619048,-4651618760.219912,-4307823836.212219,0.01904761904761905,2,105,2100,-4655698083.683281,4647539436.756542,0.3142857142857143
Rail,21.471249999999998,15.2,-4079323.463368906,-3745372.2462708387,0.30641025641025643,-4079323.4633689057,-3901633.5214273147,0.3333333333333333,13,39,780,Road,31.4,31.4,-4664584840.083019,-1138335947.347439,0.10047619047619048,-4664584840.083019,-4320567786.433207,0.01904761904761905,2,105,2100,-4668664163.546389,4660505516.61965,0.3142857142857143
Rail,21.722499999999997,15.2,-4010625.7833005246,-3660198.901926333,0.3128205128205128,-4010625.783300524,-3824947.114088934,0.3333333333333333,13,39,780,Road,26.85,31.4,-4145941645.5586987,-1128380906.1848278,0.10047619047619048,-4145941645.558698,-3830177839.9219346,0.01904761904761905,2,105,2100,-4149952271.3419986,4141931019.775398,0.3142857142857143
Rail,21.722499999999997,15.2,-4010625.7833005246,-3660198.901926333,0.3128205128205128,-4010625.783300524,-3824947.114088934,0.3333333333333333,13,39,780,Road,26.96375,31.4,-4158907725.421807,-1128629514.274984,0.10047619047619048,-4158907725.421807,-3842950509.708068,0.01904761904761905,2,105,2100,-4162918351.205107,4154897099.6385064,0.3142857142857143
Rail,21.722499999999997,15.2,-4010625.7833005246,-3660198.901926333,0.3128205128205128,-4010625.783300524,-3824947.114088934,0.3333333333333333,13,39,780,Road,27.0775,31.4,-4171873805.2849145,-1128878122.3651395,0.10047619047619048,-4171873805.284915,-3855723179.4942007,0.01904761904761905,2,105,2100,-4175884431.0682154,4167863179.5016146,0.3142857142857143
Rail,21.722499999999997,15.2,-4010625.7833005246,-3660198.901926333,0.3128205128205128,-4010625.783300524,-3824947.114088934,0.3333333333333333,13,39,780,Road,27.19125,31.4,-4184839885.1480227,-1129126730.455295,0.10047619047619048,-4184839885.148023,-3868495849.2803345,0.01904761904761905,2,105,2100,-4188850510.9313235,4180829259.3647227,0.3142857142857143
Rail,21.722499999999997,15.2,-4010625.7833005246,-3660198.901926333,0.3128205128205128,-4010625.783300524,-3824947.114088934,0.3333333333333333,13,39,780,Road,27.305,31.4,-4197805965.011131,-1129375338.5454507,0.10047619047619048,-4197805965.0111313,-3881268519.0664682,0.01904761904761905,2,105,2100,-4201816590.7944317,4193795339.227831,0.3142857142857143
Rail,21.722499999999997,15.2,-4010625.7833005246,-3660198.901926333,0.3128205128205128,-4010625.783300524,-3824947.114088934,0.3333333333333333,13,39,780,Road,27.418750000000003,31.4,-4210772044.8742394,-1129623946.6356063,0.10047619047619048,-4210772044.8742385,-3893495777.8551016,0.01904761904761905,2,105,2100,-4214782670.657539,4206761419.090938,0.3142857142857143
Rail,21.722499999999997,15.2,-4010625.7833005246,-3660198.901926333,0.3128205128205128,-4010625.783300524,-3824947.114088934,0.3333333333333333,13,39,780,Road,27.532500000000002,31.4,-4223738124.7373476,-1129872554.725762,0.10047619047619048,-4223738124.7373466,-3901909725.170789,0.01904761904761905,2,105,2100,-4227748750.520647,4219727498.9540462,0.3142857142857143
Rail,21.722499999999997,15.2,-4010625.7833005246,-3660198.901926333,0.3128205128205128,-4010625.783300524,-3824947.114088934,0.3333333333333333,13,39,780,Road,27.646250000000002,31.4,-4236704204.600455,-1130121162.8159175,0.10047619047619048,-4236704204.6004553,-3910323672.4864755,0.01904761904761905,2,105,2100,-4240714830.3837557,4232693578.817155,0.3142857142857143
Rail,21.722499999999997,15.2,-4010625.7833005246,-3660198.901926333,0.3128205128205128,-4010625.783300524,-3824947.114088934,0.3333333333333333,13,39,780,Road,27.76,31.4,-4249670284.463563,-1130369770.9060733,0.10047619047619048,-4249670284.463563,-3918737619.802162,0.01904761904761905,2,105,2100,-4253680910.2468634,4245659658.6802626,0.3142857142857143
Rail,21.722499999999997,15.2,-4010625.7833005246,-3660198.901926333,0.3128205128205128,-4010625.783300524,-3824947.114088934,0.3333333333333333,13,39,780,Road,27.87375,31.4,-4262636364.32667,-1130618378.996229,0.10047619047619048,-4262636364.326671,-3927151567.117849,0.01904761904761905,2,105,2100,-4266646990.1099715,4258625738.5433707,0.3142857142857143
Rail,21.722499999999997,15.2,-4010625.7833005246,-3660198.901926333,0.3128205128205128,-4010625.783300524,-3824947.114088934,0.3333333333333333,13,39,780,Road,27.9875,31.4,-4275602444.189779,-1130053142.5673504,0.10047619047619048,-4275602444.1897793,-3939412550.3008804,0.01904761904761905,2,105,2100,-4279613069.9730797,4271591818.406479,0.3142857142857143
Rail,21.722499999999997,15.2,-4010625.7833005246,-3660198.901926333,0.3128205128205128,-4010625.783300524,-3824947.114088934,0.3333333333333333,13,39,780,Road,28.10125,31.4,-4288568524.052887,-1128985213.0862138,0.10047619047619048,-4288568524.0528865,-3953394607.081622,0.01904761904761905,2,105,2100,-4292579149.836187,4284557898.269586,0.3142857142857143
Rail,21.722499999999997,15.2,-4010625.7833005246,-3660198.901926333,0.3128205128205128,-4010625.783300524,-3824947.114088934,0.3333333333333333,13,39,780,Road,28.215,31.4,-4301534603.915996,-1128174086.3538113,0.10047619047619048,-4301534603.915995,-3967376663.8623643,0.01904761904761905,2,105,2100,-4305545229.699295,4297523978.132694,0.3142857142857143
Rail,21.722499999999997,15.2,-4010625.7833005246,-3660198.901926333,0.3128205128205128,-4010625.783300524,-3824947.114088934,0.3333333333333333,13,39,780,Road,28.32875,31.4,-4314500683.779103,-1128436425.5764236,0.10047619047619048,-4314500683.779103,-3981358720.643106,0.01904761904761905,2,105,2100,-4318511309.562404,4310490057.995803,0.3142857142857143
Rail,21.722499999999997,15.2,-4010625.7833005246,-3660198.901926333,0.3128205128205128,-4010625.783300524,-3824947.114088934,0.3333333333333333,13,39,780,Road,28.4425,31.4,-4327466763.642212,-1128721958.5330625,0.10047619047619048,-4327466763.642211,-3995340777.423848,0.01904761904761905,2,105,2100,-4331477389.425511,4323456137.858911,0.3142857142857143
Rail,21.722499999999997,15.2,-4010625.7833005246,-3660198.901926333,0.3128205128205128,-4010625.783300524,-3824947.114088934,0.3333333333333333,13,39,780,Road,28.55625,31.4,-4340432843.505318,-1129007491.4897013,0.10047619047619048,-4340432843.505319,-4009322834.20459,0.01904761904761905,2,105,2100,-4344443469.288619,4336422217.722018,0.3142857142857143
Rail,21.722499999999997,15.2,-4010625.7833005246,-3660198.901926333,0.3128205128205128,-4010625.783300524,-3824947.114088934,0.3333333333333333,13,39,780,Road,28.67,31.4,-4353398923.368427,-1129293024.4463398,0.10047619047619048,-4353398923.368427,-4019144236.3541107,0.01904761904761905,2,105,2100,-4357409549.151728,4349388297.585127,0.3142857142857143
Rail,21.722499999999997,15.2,-4010625.7833005246,-3660198.901926333,0.3128205128205128,-4010625.783300524,-3824947.114088934,0.3333333333333333,13,39,780,Road,28.78375,31.4,-4366365003.231536,-1129578557.4029787,0.10047619047619048,-4366365003.231535,-4028344187.013256,0.01904761904761905,2,105,2100,-4370375629.014835,4362354377.448235,0.3142857142857143
Rail,21.722499999999997,15.2,-4010625.7833005246,-3660198.901926333,0.3128205128205128,-4010625.783300524,-3824947.114088934,0.3333333333333333,13,39,780,Road,28.8975,31.4,-4379331083.094643,-1129864090.3596172,0.10047619047619048,-4379331083.094644,-4040200881.5714808,0.01904761904761905,2,105,2100,-4383341708.877944,4375320457.311343,0.3142857142857143
Rail,21.722499999999997,15.2,-4010625.7833005246,-3660198.901926333,0.3128205128205128,-4010625.783300524,-3824947.114088934,0.3333333333333333,13,39,780,Road,29.01125,31.4,-4392297162.957751,-1130149623.316256,0.10047619047619048,-4392297162.957751,-4052944831.792468,0.01904761904761905,2,105,2100,-4396307788.741052,4388286537.174451,0.3142857142857143
Rail,21.722499999999997,15.2,-4010625.7833005246,-3660198.901926333,0.3128205128205128,-4010625.783300524,-3824947.114088934,0.3333333333333333,13,39,780,Road,29.125,31.4,-4405263242.820859,-1130435156.2728949,0.10047619047619048,-4405263242.82086,-4065688782.0134554,0.01904761904761905,2,105,2100,-4409273868.60416,4401252617.0375595,0.3142857142857143
Rail,21.722499999999997,15.2,-4010625.7833005246,-3660198.901926333,0.3128205128205128,-4010625.783300524,-3824947.114088934,0.3333333333333333,13,39,780,Road,29.23875,31.4,-4418229322.683968,-1130720689.2295337,0.10047619047619048,-4418229322.683967,-4078432732.2344427,0.01904761904761905,2,105,2100,-4422239948.467267,4414218696.900666,0.3142857142857143
Rail,21.722499999999997,15.2,-4010625.7833005246,-3660198.901926333,0.3128205128205128,-4010625.783300524,-3824947.114088934,0.3333333333333333,13,39,780,Road,29.3525,31.4,-4431195402.547075,-1131006222.1861722,0.10047619047619048,-4431195402.547075,-4091176682.4554305,0.01904761904761905,2,105,2100,-4435206028.330376,4427184776.763775,0.3142857142857143
Rail,21.722499999999997,15.2,-4010625.7833005246,-3660198.901926333,0.3128205128205128,-4010625.783300524,-3824947.114088934,0.3333333333333333,13,39,780,Road,29.46625,31.4,-4444161482.410184,-1131318836.6494703,0.10047619047619048,-4444161482.410183,-4103920632.6764183,0.01904761904761905,2,105,2100,-4448172108.193483,4440150856.626883,0.3142857142857143
Rail,21.722499999999997,15.2,-4010625.7833005246,-3660198.901926333,0.3128205128205128,-4010625.783300524,-3824947.114088934,0.3333333333333333,13,39,780,Road,29.58,31.4,-4457127562.273292,-1131652692.5152984,0.10047619047619048,-4457127562.273292,-4116664582.897405,0.01904761904761905,2,105,2100,-4461138188.056592,4453116936.489991,0.3142857142857143
Rail,21.722499999999997,15.2,-4010625.7833005246,-3660198.901926333,0.3128205128205128,-4010625.783300524,-3824947.114088934,0.3333333333333333,13,39,780,Road,29.69375,31.4,-4470093642.136399,-1131986548.3811264,0.10047619047619048,-4470093642.1364,-4129408533.118394,0.01904761904761905,2,105,2100,-4474104267.919701,4466083016.3531,0.3142857142857143
Rail,21.722499999999997,15.2,-4010625.7833005246,-3660198.901926333,0.3128205128205128,-4010625.783300524,-3824947.114088934,0.3333333333333333,13,39,780,Road,29.8075,31.4,-4483059721.999507,-1132399643.9010806,0.10047619047619048,-4483059721.999507,-4142152483.339381,0.01904761904761905,2,105,2100,-4487070347.782807,4479049096.216207,0.3142857142857143
Rail,21.722499999999997,15.2,-4010625.7833005246,-3660198.901926333,0.3128205128205128,-4010625.783300524,-3824947.114088934,0.3333333333333333,13,39,780,Road,29.92125,31.4,-4496025801.862616,-1133220640.7194252,0.10047619047619048,-4496025801.862616,-4154896433.5603685,0.01904761904761905,2,105,2100,-4500036427.645916,4492015176.079315,0.3142857142857143
Rail,21.722499999999997,15.2,-4010625.7833005246,-3660198.901926333,0.3128205128205128,-4010625.783300524,-3824947.114088934,0.3333333333333333,13,39,780,Road,30.035,31.4,-4508991881.725723,-1134041637.53777,0.10047619047619048,-4508991881.725723,-4167640383.781356,0.01904761904761905,2,105,2100,-4513002507.509024,4504981255.942423,0.3142857142857143
Rail,21.722499999999997,15.2,-4010625.7833005246,-3660198.901926333,0.3128205128205128,-4010625.783300524,-3824947.114088934,0.3333333333333333,13,39,780,Road,30.14875,31.4,-4521957961.588831,-1134862634.3561149,0.10047619047619048,-4521957961.588832,-4180384334.0023437,0.01904761904761905,2,105,2100,-4525968587.372132,4517947335.8055315,0.3142857142857143
Rail,21.722499999999997,15.2,-4010625.7833005246,-3660198.901926333,0.3128205128205128,-4010625.783300524,-3824947.114088934,0.3333333333333333,13,39,780,Road,30.2625,31.4,-4534924041.45194,-1136086734.2343452,0.10047619047619048,-4534924041.45194,-4193128284.2233315,0.01904761904761905,2,105,2100,-4538934667.23524,4530913415.668639,0.3142857142857143
Rail,21.722499999999997,15.2,-4010625.7833005246,-3660198.901926333,0.3128205128205128,-4010625.783300524,-3824947.114088934,0.3333333333333333,13,39,780,Road,30.37625,31.4,-4547890121.315047,-1137684027.005255,0.10047619047619048,-4547890121.315047,-4205872234.4443183,0.01904761904761905,2,105,2100,-4551900747.098348,4543879495.531747,0.3142857142857143
Rail,21.722499999999997,15.2,-4010625.7833005246,-3660198.901926333,0.3128205128205128,-4010625.783300524,-3824947.114088934,0.3333333333333333,13,39,780,Road,30.49,31.4,-4560856201.178155,-1138628306.1565766,0.10047619047619048,-4560856201.178156,-4218616184.665306,0.01904761904761905,2,105,2100,-4564866826.961456,4556845575.3948555,0.3142857142857143
Rail,21.722499999999997,15.2,-4010625.7833005246,-3660198.901926333,0.3128205128205128,-4010625.783300524,-3824947.114088934,0.3333333333333333,13,39,780,Road,30.603749999999998,31.4,-4573822281.041263,-1139454162.9291048,0.10047619047619048,-4573822281.041264,-4231360134.886294,0.01904761904761905,2,105,2100,-4577832906.824564,4569811655.257963,0.3142857142857143
Rail,21.722499999999997,15.2,-4010625.7833005246,-3660198.901926333,0.3128205128205128,-4010625.783300524,-3824947.114088934,0.3333333333333333,13,39,780,Road,30.7175,31.4,-4586788360.904371,-1139439918.655672,0.10047619047619048,-4586788360.904372,-4244104085.1072817,0.01904761904761905,2,105,2100,-4590798986.687673,4582777735.121072,0.3142857142857143
Rail,21.722499999999997,15.2,-4010625.7833005246,-3660198.901926333,0.3128205128205128,-4010625.783300524,-3824947.114088934,0.3333333333333333,13,39,780,Road,30.831249999999997,31.4,-4599754440.76748,-1138061295.3365622,0.10047619047619048,-4599754440.767479,-4256848035.3282685,0.01904761904761905,2,105,2100,-4603765066.550779,4595743814.984179,0.3142857142857143
Rail,21.722499999999997,15.2,-4010625.7833005246,-3660198.901926333,0.3128205128205128,-4010625.783300524,-3824947.114088934,0.3333333333333333,13,39,780,Road,30.945,31.4,-4612720520.630588,-1137330797.4304318,0.10047619047619048,-4612720520.630588,-4269591985.5492563,0.01904761904761905,2,105,2100,-4616731146.413888,4608709894.847287,0.3142857142857143
Rail,21.722499999999997,15.2,-4010625.7833005246,-3660198.901926333,0.3128205128205128,-4010625.783300524,-3824947.114088934,0.3333333333333333,13,39,780,Road,31.05875,31.4,-4625686600.493696,-1137579405.5205877,0.10047619047619048,-4625686600.493695,-4282335935.7702436,0.01904761904761905,2,105,2100,-4629697226.276996,4621675974.710395,0.3142857142857143
Rail,21.722499999999997,15.2,-4010625.7833005246,-3660198.901926333,0.3128205128205128,-4010625.783300524,-3824947.114088934,0.3333333333333333,13,39,780,Road,31.1725,31.4,-4638652680.356804,-1137828013.6107433,0.10047619047619048,-4638652680.356805,-4295079885.991232,0.01904761904761905,2,105,2100,-4642663306.140105,4634642054.573504,0.3142857142857143
Rail,21.722499999999997,15.2,-4010625.7833005246,-3660198.901926333,0.3128205128205128,-4010625.783300524,-3824947.114088934,0.3333333333333333,13,39,780,Road,31.28625,31.4,-4651618760.219912,-1138076621.7008991,0.10047619047619048,-4651618760.219912,-4307823836.212219,0.01904761904761905,2,105,2100,-4655629386.003212,4647608134.436611,0.3142857142857143
Rail,21.722499999999997,15.2,-4010625.7833005246,-3660198.901926333,0.3128205128205128,-4010625.783300524,-3824947.114088934,0.3333333333333333,13,39,780,Road,31.4,31.4,-4664584840.083019,-1138335947.347439,0.10047619047619048,-4664584840.083019,-4320567786.433207,0.01904761904761905,2,105,2100,-4668595465.86632,4660574214.299719,0.3142857142857143
Rail,21.97375,15.2,-3941928.103232141,-3575025.557581826,0.31794871794871793,-3941928.1032321407,-3748260.7067505517,0.3333333333333333,13,39,780,Road,26.85,31.4,-4145941645.5586987,-1128380906.1848278,0.10047619047619048,-4145941645.558698,-3830177839.9219346,0.01904761904761905,2,105,2100,-4149883573.66193,4141999717.4554663,0.3142857142857143
Rail,21.97375,15.2,-3941928.103232141,-3575025.557581826,0.31794871794871793,-3941928.1032321407,-3748260.7067505517,0.3333333333333333,13,39,780,Road,26.96375,31.4,-4158907725.421807,-1128629514.274984,0.10047619047619048,-4158907725.421807,-3842950509.708068,0.01904761904761905,2,105,2100,-4162849653.5250387,4154965797.318575,0.3142857142857143
Rail,21.97375,15.2,-3941928.103232141,-3575025.557581826,0.31794871794871793,-3941928.1032321407,-3748260.7067505517,0.3333333333333333,13,39,780,Road,27.0775,31.4,-4171873805.2849145,-1128878122.3651395,0.10047619047619048,-4171873805.284915,-3855723179.4942007,0.01904761904761905,2,105,2100,-4175815733.388147,4167931877.181683,0.3142857142857143
Rail,21.97375,15.2,-3941928.103232141,-3575025.557581826,0.31794871794871793,-3941928.1032321407,-3748260.7067505517,0.3333333333333333,13,39,780,Road,27.19125,31.4,-4184839885.1480227,-1129126730.455295,0.10047619047619048,-4184839885.148023,-3868495849.2803345,0.01904761904761905,2,105,2100,-4188781813.251255,4180897957.044791,0.3142857142857143
Rail,21.97375,15.2,-3941928.103232141,-3575025.557581826,0.31794871794871793,-3941928.1032321407,-3748260.7067505517,0.3333333333333333,13,39,780,Road,27.305,31.4,-4197805965.011131,-1129375338.5454507,0.10047619047619048,-4197805965.0111313,-3881268519.0664682,0.01904761904761905,2,105,2100,-4201747893.114363,4193864036.9078994,0.3142857142857143
Rail,21.97375,15.2,-3941928.103232141,-3575025.557581826,0.31794871794871793,-3941928.1032321407,-3748260.7067505517,0.3333333333333333,13,39,780,Road,27.418750000000003,31.4,-4210772044.8742394,-1129623946.6356063,0.10047619047619048,-4210772044.8742385,-3893495777.8551016,0.01904761904761905,2,105,2100,-4214713972.9774704,4206830116.7710066,0.3142857142857143
Rail,21.97375,15.2,-3941928.103232141,-3575025.557581826,0.31794871794871793,-3941928.1032321407,-3748260.7067505517,0.3333333333333333,13,39,780,Road,27.532500000000002,31.4,-4223738124.7373476,-1129872554.725762,0.10047619047619048,-4223738124.7373466,-3901909725.170789,0.01904761904761905,2,105,2100,-4227680052.8405786,4219796196.6341147,0.3142857142857143
Rail,21.97375,15.2,-3941928.103232141,-3575025.557581826,0.31794871794871793,-3941928.1032321407,-3748260.7067505517,0.3333333333333333,13,39,780,Road,27.646250000000002,31.4,-4236704204.600455,-1130121162.8159175,0.10047619047619048,-4236704204.6004553,-3910323672.4864755,0.01904761904761905,2,105,2100,-4240646132.703687,4232762276.4972234,0.3142857142857143
Rail,21.97375,15.2,-3941928.103232141,-3575025.557581826,0.31794871794871793,-3941928.1032321407,-3748260.7067505517,0.3333333333333333,13,39,780,Road,27.76,31.4,-4249670284.463563,-1130369770.9060733,0.10047619047619048,-4249670284.463563,-3918737619.802162,0.01904761904761905,2,105,2100,-4253612212.566795,4245728356.360331,0.3142857142857143
Rail,21.97375,15.2,-3941928.103232141,-3575025.557581826,0.31794871794871793,-3941928.1032321407,-3748260.7067505517,0.3333333333333333,13,39,780,Road,27.87375,31.4,-4262636364.32667,-1130618378.996229,0.10047619047619048,-4262636364.326671,-3927151567.117849,0.01904761904761905,2,105,2100,-4266578292.429903,4258694436.223439,0.3142857142857143
Rail,21.97375,15.2,-3941928.103232141,-3575025.557581826,0.31794871794871793,-3941928.1032321407,-3748260.7067505517,0.3333333333333333,13,39,780,Road,27.9875,31.4,-4275602444.189779,-1130053142.5673504,0.10047619047619048,-4275602444.1897793,-3939412550.3008804,0.01904761904761905,2,105,2100,-4279544372.293011,4271660516.0865474,0.3142857142857143
Rail,21.97375,15.2,-3941928.103232141,-3575025.557581826,0.31794871794871793,-3941928.1032321407,-3748260.7067505517,0.3333333333333333,13,39,780,Road,28.10125,31.4,-4288568524.052887,-1128985213.0862138,0.10047619047619048,-4288568524.0528865,-3953394607.081622,0.01904761904761905,2,105,2100,-4292510452.1561184,4284626595.9496546,0.3142857142857143
Rail,21.97375,15.2,-3941928.103232141,-3575025.557581826,0.31794871794871793,-3941928.1032321407,-3748260.7067505517,0.3333333333333333,13,39,780,Road,28.215,31.4,-4301534603.915996,-1128174086.3538113,0.10047619047619048,-4301534603.915995,-3967376663.8623643,0.01904761904761905,2,105,2100,-4305476532.019227,4297592675.812762,0.3142857142857143
Rail,21.97375,15.2,-3941928.103232141,-3575025.557581826,0.31794871794871793,-3941928.1032321407,-3748260.7067505517,0.3333333333333333,13,39,780,Road,28.32875,31.4,-4314500683.779103,-1128436425.5764236,0.10047619047619048,-4314500683.779103,-3981358720.643106,0.01904761904761905,2,105,2100,-4318442611.882336,4310558755.675871,0.3142857142857143
Rail,21.97375,15.2,-3941928.103232141,-3575025.557581826,0.31794871794871793,-3941928.1032321407,-3748260.7067505517,0.3333333333333333,13,39,780,Road,28.4425,31.4,-4327466763.642212,-1128721958.5330625,0.10047619047619048,-4327466763.642211,-3995340777.423848,0.01904761904761905,2,105,2100,-4331408691.745443,4323524835.538979,0.3142857142857143
Rail,21.97375,15.2,-3941928.103232141,-3575025.557581826,0.31794871794871793,-3941928.1032321407,-3748260.7067505517,0.3333333333333333,13,39,780,Road,28.55625,31.4,-4340432843.505318,-1129007491.4897013,0.10047619047619048,-4340432843.505319,-4009322834.20459,0.01904761904761905,2,105,2100,-4344374771.608551,4336490915.402086,0.3142857142857143
Rail,21.97375,15.2,-3941928.103232141,-3575025.557581826,0.31794871794871793,-3941928.1032321407,-3748260.7067505517,0.3333333333333333,13,39,780,Road,28.67,31.4,-4353398923.368427,-1129293024.4463398,0.10047619047619048,-4353398923.368427,-4019144236.3541107,0.01904761904761905,2,105,2100,-4357340851.47166,4349456995.265195,0.3142857142857143
Rail,21.97375,15.2,-3941928.103232141,-3575025.557581826,0.31794871794871793,-3941928.1032321407,-3748260.7067505517,0.3333333333333333,13,39,780,Road,28.78375,31.4,-4366365003.231536,-1129578557.4029787,0.10047619047619048,-4366365003.231535,-4028344187.013256,0.01904761904761905,2,105,2100,-4370306931.334767,4362423075.128303,0.3142857142857143
Rail,21.97375,15.2,-3941928.103232141,-3575025.557581826,0.31794871794871793,-3941928.1032321407,-3748260.7067505517,0.3333333333333333,13,39,780,Road,28.8975,31.4,-4379331083.094643,-1129864090.3596172,0.10047619047619048,-4379331083.094644,-4040200881.5714808,0.01904761904761905,2,105,2100,-4383273011.197876,4375389154.991411,0.3142857142857143
Rail,21.97375,15.2,-3941928.103232141,-3575025.557581826,0.31794871794871793,-3941928.1032321407,-3748260.7067505517,0.3333333333333333,13,39,780,Road,29.01125,31.4,-4392297162.957751,-1130149623.316256,0.10047619047619048,-4392297162.957751,-4052944831.792468,0.01904761904761905,2,105,2100,-4396239091.060984,4388355234.854519,0.3142857142857143
Rail,21.97375,15.2,-3941928.103232141,-3575025.557581826,0.31794871794871793,-3941928.1032321407,-3748260.7067505517,0.3333333333333333,13,39,780,Road,29.125,31.4,-4405263242.820859,-1130435156.2728949,0.10047619047619048,-4405263242.82086,-4065688782.0134554,0.01904761904761905,2,105,2100,-4409205170.924092,4401321314.717628,0.3142857142857143
Rail,21.97375,15.2,-3941928.103232141,-3575025.557581826,0.31794871794871793,-3941928.1032321407,-3748260.7067505517,0.3333333333333333,13,39,780,Road,29.23875,31.4,-4418229322.683968,-1130720689.2295337,0.10047619047619048,-4418229322.683967,-4078432732.2344427,0.01904761904761905,2,105,2100,-4422171250.787199,4414287394.580734,0.3142857142857143
Rail,21.97375,15.2,-3941928.103232141,-3575025.557581826,0.31794871794871793,-3941928.1032321407,-3748260.7067505517,0.3333333333333333,13,39,780,Road,29.3525,31.4,-4431195402.547075,-1131006222.1861722,0.10047619047619048,-4431195402.547075,-4091176682.4554305,0.01904761904761905,2,105,2100,-4435137330.650308,4427253474.443843,0.3142857142857143
Rail,21.97375,15.2,-3941928.103232141,-3575025.557581826,0.31794871794871793,-3941928.1032321407,-3748260.7067505517,0.3333333333333333,13,39,780,Road,29.46625,31.4,-4444161482.410184,-1131318836.6494703,0.10047619047619048,-4444161482.410183,-4103920632.6764183,0.01904761904761905,2,105,2100,-4448103410.513415,4440219554.306951,0.3142857142857143
Rail,21.97375,15.2,-3941928.103232141,-3575025.557581826,0.31794871794871793,-3941928.1032321407,-3748260.7067505517,0.3333333333333333,13,39,780,Road,29.58,31.4,-4457127562.273292,-1131652692.5152984,0.10047619047619048,-4457127562.273292,-4116664582.897405,0.01904761904761905,2,105,2100,-4461069490.376524,4453185634.170059,0.3142857142857143
Rail,21.97375,15.2,-3941928.103232141,-3575025.557581826,0.31794871794871793,-3941928.1032321407,-3748260.7067505517,0.3333333333333333,13,39,780,Road,29.69375,31.4,-4470093642.136399,-1131986548.3811264,0.10047619047619048,-4470093642.1364,-4129408533.118394,0.01904761904761905,2,105,2100,-4474035570.239633,4466151714.033168,0.3142857142857143
Rail,21.97375,15.2,-3941928.103232141,-3575025.557581826,0.31794871794871793,-3941928.1032321407,-3748260.7067505517,0.3333333333333333,13,39,780,Road,29.8075,31.4,-4483059721.999507,-1132399643.9010806,0.10047619047619048,-4483059721.999507,-4142152483.339381,0.01904761904761905,2,105,2100,-4487001650.102739,4479117793.896275,0.3142857142857143
Rail,21.97375,15.2,-3941928.103232141,-3575025.557581826,0.31794871794871793,-3941928.1032321407,-3748260.7067505517,0.3333333333333333,13,39,780,Road,29.92125,31.4,-4496025801.862616,-1133220640.7194252,0.10047619047619048,-4496025801.862616,-4154896433.5603685,0.01904761904761905,2,105,2100,-4499967729.965848,4492083873.759383,0.3142857142857143
Rail,21.97375,15.2,-3941928.103232141,-3575025.557581826,0.31794871794871793,-3941928.1032321407,-3748260.7067505517,0.3333333333333333,13,39,780,Road,30.035,31.4,-4508991881.725723,-1134041637.53777,0.10047619047619048,-4508991881.725723,-4167640383.781356,0.01904761904761905,2,105,2100,-4512933809.828956,4505049953.622491,0.3142857142857143
Rail,21.97375,15.2,-3941928.103232141,-3575025.557581826,0.31794871794871793,-3941928.1032321407,-3748260.7067505517,0.3333333333333333,13,39,780,Road,30.14875,31.4,-4521957961.588831,-1134862634.3561149,0.10047619047619048,-4521957961.588832,-4180384334.0023437,0.01904761904761905,2,105,2100,-4525899889.692064,4518016033.4855995,0.3142857142857143
Rail,21.97375,15.2,-3941928.103232141,-3575025.557581826,0.31794871794871793,-3941928.1032321407,-3748260.7067505517,0.3333333333333333,13,39,780,Road,30.2625,31.4,-4534924041.45194,-1136086734.2343452,0.10047619047619048,-4534924041.45194,-4193128284.2233315,0.01904761904761905,2,105,2100,-4538865969.555172,4530982113.348707,0.3142857142857143
Rail,21.97375,15.2,-3941928.103232141,-3575025.557581826,0.31794871794871793,-3941928.1032321407,-3748260.7067505517,0.3333333333333333,13,39,780,Road,30.37625,31.4,-4547890121.315047,-1137684027.005255,0.10047619047619048,-4547890121.315047,-4205872234.4443183,0.01904761904761905,2,105,2100,-4551832049.41828,4543948193.211815,0.3142857142857143
Rail,21.97375,15.2,-3941928.103232141,-3575025.557581826,0.31794871794871793,-3941928.1032321407,-3748260.7067505517,0.3333333333333333,13,39,780,Road,30.49,31.4,-4560856201.178155,-1138628306.1565766,0.10047619047619048,-4560856201.178156,-4218616184.665306,0.01904761904761905,2,105,2100,-4564798129.281388,4556914273.0749235,0.3142857142857143
Rail,21.97375,15.2,-3941928.103232141,-3575025.557581826,0.31794871794871793,-3941928.1032321407,-3748260.7067505517,0.3333333333333333,13,39,780,Road,30.603749999999998,31.4,-4573822281.041263,-1139454162.9291048,0.10047619047619048,-4573822281.041264,-4231360134.886294,0.01904761904761905,2,105,2100,-4577764209.144496,4569880352.938031,0.3142857142857143
Rail,21.97375,15.2,-3941928.103232141,-3575025.557581826,0.31794871794871793,-3941928.1032321407,-3748260.7067505517,0.3333333333333333,13,39,780,Road,30.7175,31.4,-4586788360.904371,-1139439918.655672,0.10047619047619048,-4586788360.904372,-4244104085.1072817,0.01904761904761905,2,105,2100,-4590730289.007605,4582846432.80114,0.3142857142857143
Rail,21.97375,15.2,-3941928.103232141,-3575025.557581826,0.31794871794871793,-3941928.1032321407,-3748260.7067505517,0.3333333333333333,13,39,780,Road,30.831249999999997,31.4,-4599754440.76748,-1138061295.3365622,0.10047619047619048,-4599754440.767479,-4256848035.3282685,0.01904761904761905,2,105,2100,-4603696368.870711,4595812512.664247,0.3142857142857143
Rail,21.97375,15.2,-3941928.103232141,-3575025.557581826,0.31794871794871793,-3941928.1032321407,-3748260.7067505517,0.3333333333333333,13,39,780,Road,30.945,31.4,-4612720520.630588,-1137330797.4304318,0.10047619047619048,-4612720520.630588,-4269591985.5492563,0.01904761904761905,2,105,2100,-4616662448.73382,4608778592.527355,0.3142857142857143
Rail,21.97375,15.2,-3941928.103232141,-3575025.557581826,0.31794871794871793,-3941928.1032321407,-3748260.7067505517,0.3333333333333333,13,39,780,Road,31.05875,31.4,-4625686600.493696,-1137579405.5205877,0.10047619047619048,-4625686600.493695,-4282335935.7702436,0.01904761904761905,2,105,2100,-4629628528.596928,4621744672.390463,0.3142857142857143
Rail,21.97375,15.2,-3941928.103232141,-3575025.557581826,0.31794871794871793,-3941928.1032321407,-3748260.7067505517,0.3333333333333333,13,39,780,Road,31.1725,31.4,-4638652680.356804,-1137828013.6107433,0.10047619047619048,-4638652680.356805,-4295079885.991232,0.01904761904761905,2,105,2100,-4642594608.460037,4634710752.253572,0.3142857142857143
Rail,21.97375,15.2,-3941928.103232141,-3575025.557581826,0.31794871794871793,-3941928.1032321407,-3748260.7067505517,0.3333333333333333,13,39,780,Road,31.28625,31.4,-4651618760.219912,-1138076621.7008991,0.10047619047619048,-4651618760.219912,-4307823836.212219,0.01904761904761905,2,105,2100,-4655560688.323144,4647676832.116679,0.3142857142857143
Rail,21.97375,15.2,-3941928.103232141,-3575025.557581826,0.31794871794871793,-3941928.1032321407,-3748260.7067505517,0.3333333333333333,13,39,780,Road,31.4,31.4,-4664584840.083019,-1138335947.347439,0.10047619047619048,-4664584840.083019,-4320567786.433207,0.01904761904761905,2,105,2100,-4668526768.186252,4660642911.979787,0.3142857142857143
Rail,22.224999999999998,15.2,-3873230.423163758,-3489852.21323732,0.3217948717948718,-3873230.4231637577,-3671574.299412171,0.3333333333333333,13,39,780,Road,26.85,31.4,-4145941645.5586987,-1128380906.1848278,0.10047619047619048,-4145941645.558698,-3830177839.9219346,0.01904761904761905,2,105,2100,-4149814875.981862,4142068415.1355343,0.3142857142857143
Rail,22.224999999999998,15.2,-3873230.423163758,-3489852.21323732,0.3217948717948718,-3873230.4231637577,-3671574.299412171,0.3333333333333333,13,39,780,Road,26.96375,31.4,-4158907725.421807,-1128629514.274984,0.10047619047619048,-4158907725.421807,-3842950509.708068,0.01904761904761905,2,105,2100,-4162780955.8449707,4155034494.998643,0.3142857142857143
Rail,22.224999999999998,15.2,-3873230.423163758,-3489852.21323732,0.3217948717948718,-3873230.4231637577,-3671574.299412171,0.3333333333333333,13,39,780,Road,27.0775,31.4,-4171873805.2849145,-1128878122.3651395,0.10047619047619048,-4171873805.284915,-3855723179.4942007,0.01904761904761905,2,105,2100,-4175747035.708079,4168000574.861751,0.3142857142857143
Rail,22.224999999999998,15.2,-3873230.423163758,-3489852.21323732,0.3217948717948718,-3873230.4231637577,-3671574.299412171,0.3333333333333333,13,39,780,Road,27.19125,31.4,-4184839885.1480227,-1129126730.455295,0.10047619047619048,-4184839885.148023,-3868495849.2803345,0.01904761904761905,2,105,2100,-4188713115.571187,4180966654.724859,0.3142857142857143
Rail,22.224999999999998,15.2,-3873230.423163758,-3489852.21323732,0.3217948717948718,-3873230.4231637577,-3671574.299412171,0.3333333333333333,13,39,780,Road,27.305,31.4,-4197805965.011131,-1129375338.5454507,0.10047619047619048,-4197805965.0111313,-3881268519.0664682,0.01904761904761905,2,105,2100,-4201679195.434295,4193932734.5879674,0.3142857142857143
Rail,22.224999999999998,15.2,-3873230.423163758,-3489852.21323732,0.3217948717948718,-3873230.4231637577,-3671574.299412171,0.3333333333333333,13,39,780,Road,27.418750000000003,31.4,-4210772044.8742394,-1129623946.6356063,0.10047619047619048,-4210772044.8742385,-3893495777.8551016,0.01904761904761905,2,105,2100,-4214645275.2974024,4206898814.4510746,0.3142857142857143
Rail,22.224999999999998,15.2,-3873230.423163758,-3489852.21323732,0.3217948717948718,-3873230.4231637577,-3671574.299412171,0.3333333333333333,13,39,780,Road,27.532500000000002,31.4,-4223738124.7373476,-1129872554.725762,0.10047619047619048,-4223738124.7373466,-3901909725.170789,0.01904761904761905,2,105,2100,-4227611355.1605105,4219864894.3141828,0.3142857142857143
Rail,22.224999999999998,15.2,-3873230.423163758,-3489852.21323732,0.3217948717948718,-3873230.4231637577,-3671574.299412171,0.3333333333333333,13,39,780,Road,27.646250000000002,31.4,-4236704204.600455,-1130121162.8159175,0.10047619047619048,-4236704204.6004553,-3910323672.4864755,0.01904761904761905,2,105,2100,-4240577435.023619,4232830974.1772914,0.3142857142857143
Rail,22.224999999999998,15.2,-3873230.423163758,-3489852.21323732,0.3217948717948718,-3873230.4231637577,-3671574.299412171,0.3333333333333333,13,39,780,Road,27.76,31.4,-4249670284.463563,-1130369770.9060733,0.10047619047619048,-4249670284.463563,-3918737619.802162,0.01904761904761905,2,105,2100,-4253543514.886727,4245797054.040399,0.3142857142857143
Rail,22.224999999999998,15.2,-3873230.423163758,-3489852.21323732,0.3217948717948718,-3873230.4231637577,-3671574.299412171,0.3333333333333333,13,39,780,Road,27.87375,31.4,-4262636364.32667,-1130618378.996229,0.10047619047619048,-4262636364.326671,-3927151567.117849,0.01904761904761905,2,105,2100,-4266509594.749835,4258763133.903507,0.3142857142857143
Rail,22.224999999999998,15.2,-3873230.423163758,-3489852.21323732,0.3217948717948718,-3873230.4231637577,-3671574.299412171,0.3333333333333333,13,39,780,Road,27.9875,31.4,-4275602444.189779,-1130053142.5673504,0.10047619047619048,-4275602444.1897793,-3939412550.3008804,0.01904761904761905,2,105,2100,-4279475674.612943,4271729213.7666154,0.3142857142857143
Rail,22.224999999999998,15.2,-3873230.423163758,-3489852.21323732,0.3217948717948718,-3873230.4231637577,-3671574.299412171,0.3333333333333333,13,39,780,Road,28.10125,31.4,-4288568524.052887,-1128985213.0862138,0.10047619047619048,-4288568524.0528865,-3953394607.081622,0.01904761904761905,2,105,2100,-4292441754.4760504,4284695293.6297226,0.3142857142857143
Rail,22.224999999999998,15.2,-3873230.423163758,-3489852.21323732,0.3217948717948718,-3873230.4231637577,-3671574.299412171,0.3333333333333333,13,39,780,Road,28.215,31.4,-4301534603.915996,-1128174086.3538113,0.10047619047619048,-4301534603.915995,-3967376663.8623643,0.01904761904761905,2,105,2100,-4305407834.339158,4297661373.492831,0.3142857142857143
Rail,22.224999999999998,15.2,-3873230.423163758,-3489852.21323732,0.3217948717948718,-3873230.4231637577,-3671574.299412171,0.3333333333333333,13,39,780,Road,28.32875,31.4,-4314500683.779103,-1128436425.5764236,0.10047619047619048,-4314500683.779103,-3981358720.643106,0.01904761904761905,2,105,2100,-4318373914.202267,4310627453.35594,0.3142857142857143
Rail,22.224999999999998,15.2,-3873230.423163758,-3489852.21323732,0.3217948717948718,-3873230.4231637577,-3671574.299412171,0.3333333333333333,13,39,780,Road,28.4425,31.4,-4327466763.642212,-1128721958.5330625,0.10047619047619048,-4327466763.642211,-3995340777.423848,0.01904761904761905,2,105,2100,-4331339994.065374,4323593533.219048,0.3142857142857143
Rail,22.224999999999998,15.2,-3873230.423163758,-3489852.21323732,0.3217948717948718,-3873230.4231637577,-3671574.299412171,0.3333333333333333,13,39,780,Road,28.55625,31.4,-4340432843.505318,-1129007491.4897013,0.10047619047619048,-4340432843.505319,-4009322834.20459,0.01904761904761905,2,105,2100,-4344306073.928482,4336559613.082155,0.3142857142857143
Rail,22.224999999999998,15.2,-3873230.423163758,-3489852.21323732,0.3217948717948718,-3873230.4231637577,-3671574.299412171,0.3333333333333333,13,39,780,Road,28.67,31.4,-4353398923.368427,-1129293024.4463398,0.10047619047619048,-4353398923.368427,-4019144236.3541107,0.01904761904761905,2,105,2100,-4357272153.791591,4349525692.945264,0.3142857142857143
Rail,22.224999999999998,15.2,-3873230.423163758,-3489852.21323732,0.3217948717948718,-3873230.4231637577,-3671574.299412171,0.3333333333333333,13,39,780,Road,28.78375,31.4,-4366365003.231536,-1129578557.4029787,0.10047619047619048,-4366365003.231535,-4028344187.013256,0.01904761904761905,2,105,2100,-4370238233.654698,4362491772.808372,0.3142857142857143
Rail,22.224999999999998,15.2,-3873230.423163758,-3489852.21323732,0.3217948717948718,-3873230.4231637577,-3671574.299412171,0.3333333333333333,13,39,780,Road,28.8975,31.4,-4379331083.094643,-1129864090.3596172,0.10047619047619048,-4379331083.094644,-4040200881.5714808,0.01904761904761905,2,105,2100,-4383204313.517807,4375457852.67148,0.3142857142857143
Rail,22.224999999999998,15.2,-3873230.423163758,-3489852.21323732,0.3217948717948718,-3873230.4231637577,-3671574.299412171,0.3333333333333333,13,39,780,Road,29.01125,31.4,-4392297162.957751,-1130149623.316256,0.10047619047619048,-4392297162.957751,-4052944831.792468,0.01904761904761905,2,105,2100,-4396170393.380915,4388423932.534588,0.3142857142857143
Rail,22.224999999999998,15.2,-3873230.423163758,-3489852.21323732,0.3217948717948718,-3873230.4231637577,-3671574.299412171,0.3333333333333333,13,39,780,Road,29.125,31.4,-4405263242.820859,-1130435156.2728949,0.10047619047619048,-4405263242.82086,-4065688782.0134554,0.01904761904761905,2,105,2100,-4409136473.244023,4401390012.3976965,0.3142857142857143
Rail,22.224999999999998,15.2,-3873230.423163758,-3489852.21323732,0.3217948717948718,-3873230.4231637577,-3671574.299412171,0.3333333333333333,13,39,780,Road,29.23875,31.4,-4418229322.683968,-1130720689.2295337,0.10047619047619048,-4418229322.683967,-4078432732.2344427,0.01904761904761905,2,105,2100,-4422102553.10713,4414356092.260803,0.3142857142857143
Rail,22.224999999999998,15.2,-3873230.423163758,-3489852.21323732,0.3217948717948718,-3873230.4231637577,-3671574.299412171,0.3333333333333333,13,39,780,Road,29.3525,31.4,-4431195402.547075,-1131006222.1861722,0.10047619047619048,-4431195402.547075,-4091176682.4554305,0.01904761904761905,2,105,2100,-4435068632.970239,4427322172.123912,0.3142857142857143
Rail,22.224999999999998,15.2,-3873230.423163758,-3489852.21323732,0.3217948717948718,-3873230.4231637577,-3671574.299412171,0.3333333333333333,13,39,780,Road,29.46625,31.4,-4444161482.410184,-1131318836.6494703,0.10047619047619048,-4444161482.410183,-4103920632.6764183,0.01904761904761905,2,105,2100,-4448034712.833346,4440288251.98702,0.3142857142857143
Rail,22.224999999999998,15.2,-3873230.423163758,-3489852.21323732,0.3217948717948718,-3873230.4231637577,-3671574.299412171,0.3333333333333333,13,39,780,Road,29.58,31.4,-4457127562.273292,-1131652692.5152984,0.10047619047619048,-4457127562.273292,-4116664582.897405,0.01904761904761905,2,105,2100,-4461000792.696455,4453254331.850128,0.3142857142857143
Rail,22.224999999999998,15.2,-3873230.423163758,-3489852.21323732,0.3217948717948718,-3873230.4231637577,-3671574.299412171,0.3333333333333333,13,39,780,Road,29.69375,31.4,-4470093642.136399,-1131986548.3811264,0.10047619047619048,-4470093642.1364,-4129408533.118394,0.01904761904761905,2,105,2100,-4473966872.559564,4466220411.713237,0.3142857142857143
Rail,22.224999999999998,15.2,-3873230.423163758,-3489852.21323732,0.3217948717948718,-3873230.4231637577,-3671574.299412171,0.3333333333333333,13,39,780,Road,29.8075,31.4,-4483059721.999507,-1132399643.9010806,0.10047619047619048,-4483059721.999507,-4142152483.339381,0.01904761904761905,2,105,2100,-4486932952.42267,4479186491.576344,0.3142857142857143
Rail,22.224999999999998,15.2,-3873230.423163758,-3489852.21323732,0.3217948717948718,-3873230.4231637577,-3671574.299412171,0.3333333333333333,13,39,780,Road,29.92125,31.4,-4496025801.862616,-1133220640.7194252,0.10047619047619048,-4496025801.862616,-4154896433.5603685,0.01904761904761905,2,105,2100,-4499899032.285779,4492152571.439452,0.3142857142857143
Rail,22.224999999999998,15.2,-3873230.423163758,-3489852.21323732,0.3217948717948718,-3873230.4231637577,-3671574.299412171,0.3333333333333333,13,39,780,Road,30.035,31.4,-4508991881.725723,-1134041637.53777,0.10047619047619048,-4508991881.725723,-4167640383.781356,0.01904761904761905,2,105,2100,-4512865112.148887,4505118651.30256,0.3142857142857143
Rail,22.224999999999998,15.2,-3873230.423163758,-3489852.21323732,0.3217948717948718,-3873230.4231637577,-3671574.299412171,0.3333333333333333,13,39,780,Road,30.14875,31.4,-4521957961.588831,-1134862634.3561149,0.10047619047619048,-4521957961.588832,-4180384334.0023437,0.01904761904761905,2,105,2100,-4525831192.011995,4518084731.1656685,0.3142857142857143
Rail,22.224999999999998,15.2,-3873230.423163758,-3489852.21323732,0.3217948717948718,-3873230.4231637577,-3671574.299412171,0.3333333333333333,13,39,780,Road,30.2625,31.4,-4534924041.45194,-1136086734.2343452,0.10047619047619048,-4534924041.45194,-4193128284.2233315,0.01904761904761905,2,105,2100,-4538797271.875103,4531050811.028776,0.3142857142857143
Rail,22.224999999999998,15.2,-3873230.423163758,-3489852.21323732,0.3217948717948718,-3873230.4231637577,-3671574.299412171,0.3333333333333333,13,39,780,Road,30.37625,31.4,-4547890121.315047,-1137684027.005255,0.10047619047619048,-4547890121.315047,-4205872234.4443183,0.01904761904761905,2,105,2100,-4551763351.738211,4544016890.891884,0.3142857142857143
Rail,22.224999999999998,15.2,-3873230.423163758,-3489852.21323732,0.3217948717948718,-3873230.4231637577,-3671574.299412171,0.3333333333333333,13,39,780,Road,30.49,31.4,-4560856201.178155,-1138628306.1565766,0.10047619047619048,-4560856201.178156,-4218616184.665306,0.01904761904761905,2,105,2100,-4564729431.601319,4556982970.7549925,0.3142857142857143
Rail,22.224999999999998,15.2,-3873230.423163758,-3489852.21323732,0.3217948717948718,-3873230.4231637577,-3671574.299412171,0.3333333333333333,13,39,780,Road,30.603749999999998,31.4,-4573822281.041263,-1139454162.9291048,0.10047619047619048,-4573822281.041264,-4231360134.886294,0.01904761904761905,2,105,2100,-4577695511.464427,4569949050.6181,0.3142857142857143
Rail,22.224999999999998,15.2,-3873230.423163758,-3489852.21323732,0.3217948717948718,-3873230.4231637577,-3671574.299412171,0.3333333333333333,13,39,780,Road,30.7175,31.4,-4586788360.904371,-1139439918.655672,0.10047619047619048,-4586788360.904372,-4244104085.1072817,0.01904761904761905,2,105,2100,-4590661591.327536,4582915130.481209,0.3142857142857143
Rail,22.224999999999998,15.2,-3873230.423163758,-3489852.21323732,0.3217948717948718,-3873230.4231637577,-3671574.299412171,0.3333333333333333,13,39,780,Road,30.831249999999997,31.4,-4599754440.76748,-1138061295.3365622,0.10047619047619048,-4599754440.767479,-4256848035.3282685,0.01904761904761905,2,105,2100,-4603627671.190642,4595881210.344316,0.3142857142857143
Rail,22.224999999999998,15.2,-3873230.423163758,-3489852.21323732,0.3217948717948718,-3873230.4231637577,-3671574.299412171,0.3333333333333333,13,39,780,Road,30.945,31.4,-4612720520.630588,-1137330797.4304318,0.10047619047619048,-4612720520.630588,-4269591985.5492563,0.01904761904761905,2,105,2100,-4616593751.053751,4608847290.207424,0.3142857142857143
Rail,22.224999999999998,15.2,-3873230.423163758,-3489852.21323732,0.3217948717948718,-3873230.4231637577,-3671574.299412171,0.3333333333333333,13,39,780,Road,31.05875,31.4,-4625686600.493696,-1137579405.5205877,0.10047619047619048,-4625686600.493695,-4282335935.7702436,0.01904761904761905,2,105,2100,-4629559830.916859,4621813370.070532,0.3142857142857143
Rail,22.224999999999998,15.2,-3873230.423163758,-3489852.21323732,0.3217948717948718,-3873230.4231637577,-3671574.299412171,0.3333333333333333,13,39,780,Road,31.1725,31.4,-4638652680.356804,-1137828013.6107433,0.10047619047619048,-4638652680.356805,-4295079885.991232,0.01904761904761905,2,105,2100,-4642525910.779968,4634779449.933641,0.3142857142857143
Rail,22.224999999999998,15.2,-3873230.423163758,-3489852.21323732,0.3217948717948718,-3873230.4231637577,-3671574.299412171,0.3333333333333333,13,39,780,Road,31.28625,31.4,-4651618760.219912,-1138076621.7008991,0.10047619047619048,-4651618760.219912,-4307823836.212219,0.01904761904761905,2,105,2100,-4655491990.643075,4647745529.796748,0.3142857142857143
Rail,22.224999999999998,15.2,-3873230.423163758,-3489852.21323732,0.3217948717948718,-3873230.4231637577,-3671574.299412171,0.3333333333333333,13,39,780,Road,31.4,31.4,-4664584840.083019,-1138335947.347439,0.10047619047619048,-4664584840.083019,-4320567786.433207,0.01904761904761905,2,105,2100,-4668458070.506183,4660711609.659856,0.3142857142857143
Rail,22.47625,15.2,-3804532.743095375,-3404678.868892813,0.3269230769230769,-3804532.743095375,-3594887.892073789,0.3333333333333333,13,39,780,Road,26.85,31.4,-4145941645.5586987,-1128380906.1848278,0.10047619047619048,-4145941645.558698,-3830177839.9219346,0.01904761904761905,2,105,2100,-4149746178.3017936,4142137112.815603,0.3142857142857143
Rail,22.47625,15.2,-3804532.743095375,-3404678.868892813,0.3269230769230769,-3804532.743095375,-3594887.892073789,0.3333333333333333,13,39,780,Road,26.96375,31.4,-4158907725.421807,-1128629514.274984,0.10047619047619048,-4158907725.421807,-3842950509.708068,0.01904761904761905,2,105,2100,-4162712258.164902,4155103192.6787114,0.3142857142857143
Rail,22.47625,15.2,-3804532.743095375,-3404678.868892813,0.3269230769230769,-3804532.743095375,-3594887.892073789,0.3333333333333333,13,39,780,Road,27.0775,31.4,-4171873805.2849145,-1128878122.3651395,0.10047619047619048,-4171873805.284915,-3855723179.4942007,0.01904761904761905,2,105,2100,-4175678338.0280104,4168069272.5418196,0.3142857142857143
Rail,22.47625,15.2,-3804532.743095375,-3404678.868892813,0.3269230769230769,-3804532.743095375,-3594887.892073789,0.3333333333333333,13,39,780,Road,27.19125,31.4,-4184839885.1480227,-1129126730.455295,0.10047619047619048,-4184839885.148023,-3868495849.2803345,0.01904761904761905,2,105,2100,-4188644417.8911185,4181035352.4049277,0.3142857142857143
Rail,22.47625,15.2,-3804532.743095375,-3404678.868892813,0.3269230769230769,-3804532.743095375,-3594887.892073789,0.3333333333333333,13,39,780,Road,27.305,31.4,-4197805965.011131,-1129375338.5454507,0.10047619047619048,-4197805965.0111313,-3881268519.0664682,0.01904761904761905,2,105,2100,-4201610497.7542267,4194001432.268036,0.3142857142857143
Rail,22.47625,15.2,-3804532.743095375,-3404678.868892813,0.3269230769230769,-3804532.743095375,-3594887.892073789,0.3333333333333333,13,39,780,Road,27.418750000000003,31.4,-4210772044.8742394,-1129623946.6356063,0.10047619047619048,-4210772044.8742385,-3893495777.8551016,0.01904761904761905,2,105,2100,-4214576577.617334,4206967512.131143,0.3142857142857143
Rail,22.47625,15.2,-3804532.743095375,-3404678.868892813,0.3269230769230769,-3804532.743095375,-3594887.892073789,0.3333333333333333,13,39,780,Road,27.532500000000002,31.4,-4223738124.7373476,-1129872554.725762,0.10047619047619048,-4223738124.7373466,-3901909725.170789,0.01904761904761905,2,105,2100,-4227542657.480442,4219933591.9942513,0.3142857142857143
Rail,22.47625,15.2,-3804532.743095375,-3404678.868892813,0.3269230769230769,-3804532.743095375,-3594887.892073789,0.3333333333333333,13,39,780,Road,27.646250000000002,31.4,-4236704204.600455,-1130121162.8159175,0.10047619047619048,-4236704204.6004553,-3910323672.4864755,0.01904761904761905,2,105,2100,-4240508737.3435507,4232899671.85736,0.3142857142857143
Rail,22.47625,15.2,-3804532.743095375,-3404678.868892813,0.3269230769230769,-3804532.743095375,-3594887.892073789,0.3333333333333333,13,39,780,Road,27.76,31.4,-4249670284.463563,-1130369770.9060733,0.10047619047619048,-4249670284.463563,-3918737619.802162,0.01904761904761905,2,105,2100,-4253474817.2066584,4245865751.7204676,0.3142857142857143
Rail,22.47625,15.2,-3804532.743095375,-3404678.868892813,0.3269230769230769,-3804532.743095375,-3594887.892073789,0.3333333333333333,13,39,780,Road,27.87375,31.4,-4262636364.32667,-1130618378.996229,0.10047619047619048,-4262636364.326671,-3927151567.117849,0.01904761904761905,2,105,2100,-4266440897.0697665,4258831831.5835757,0.3142857142857143
Rail,22.47625,15.2,-3804532.743095375,-3404678.868892813,0.3269230769230769,-3804532.743095375,-3594887.892073789,0.3333333333333333,13,39,780,Road,27.9875,31.4,-4275602444.189779,-1130053142.5673504,0.10047619047619048,-4275602444.1897793,-3939412550.3008804,0.01904761904761905,2,105,2100,-4279406976.9328747,4271797911.446684,0.3142857142857143
Rail,22.47625,15.2,-3804532.743095375,-3404678.868892813,0.3269230769230769,-3804532.743095375,-3594887.892073789,0.3333333333333333,13,39,780,Road,28.10125,31.4,-4288568524.052887,-1128985213.0862138,0.10047619047619048,-4288568524.0528865,-3953394607.081622,0.01904761904761905,2,105,2100,-4292373056.795982,4284763991.309791,0.3142857142857143
Rail,22.47625,15.2,-3804532.743095375,-3404678.868892813,0.3269230769230769,-3804532.743095375,-3594887.892073789,0.3333333333333333,13,39,780,Road,28.215,31.4,-4301534603.915996,-1128174086.3538113,0.10047619047619048,-4301534603.915995,-3967376663.8623643,0.01904761904761905,2,105,2100,-4305339136.65909,4297730071.172899,0.3142857142857143
Rail,22.47625,15.2,-3804532.743095375,-3404678.868892813,0.3269230769230769,-3804532.743095375,-3594887.892073789,0.3333333333333333,13,39,780,Road,28.32875,31.4,-4314500683.779103,-1128436425.5764236,0.10047619047619048,-4314500683.779103,-3981358720.643106,0.01904761904761905,2,105,2100,-4318305216.522199,4310696151.036008,0.3142857142857143
Rail,22.47625,15.2,-3804532.743095375,-3404678.868892813,0.3269230769230769,-3804532.743095375,-3594887.892073789,0.3333333333333333,13,39,780,Road,28.4425,31.4,-4327466763.642212,-1128721958.5330625,0.10047619047619048,-4327466763.642211,-3995340777.423848,0.01904761904761905,2,105,2100,-4331271296.385306,4323662230.899116,0.3142857142857143
Rail,22.47625,15.2,-3804532.743095375,-3404678.868892813,0.3269230769230769,-3804532.743095375,-3594887.892073789,0.3333333333333333,13,39,780,Road,28.55625,31.4,-4340432843.505318,-1129007491.4897013,0.10047619047619048,-4340432843.505319,-4009322834.20459,0.01904761904761905,2,105,2100,-4344237376.248414,4336628310.762223,0.3142857142857143
Rail,22.47625,15.2,-3804532.743095375,-3404678.868892813,0.3269230769230769,-3804532.743095375,-3594887.892073789,0.3333333333333333,13,39,780,Road,28.67,31.4,-4353398923.368427,-1129293024.4463398,0.10047619047619048,-4353398923.368427,-4019144236.3541107,0.01904761904761905,2,105,2100,-4357203456.111523,4349594390.625332,0.3142857142857143
Rail,22.47625,15.2,-3804532.743095375,-3404678.868892813,0.3269230769230769,-3804532.743095375,-3594887.892073789,0.3333333333333333,13,39,780,Road,28.78375,31.4,-4366365003.231536,-1129578557.4029787,0.10047619047619048,-4366365003.231535,-4028344187.013256,0.01904761904761905,2,105,2100,-4370169535.97463,4362560470.48844,0.3142857142857143
Rail,22.47625,15.2,-3804532.743095375,-3404678.868892813,0.3269230769230769,-3804532.743095375,-3594887.892073789,0.3333333333333333,13,39,780,Road,28.8975,31.4,-4379331083.094643,-1129864090.3596172,0.10047619047619048,-4379331083.094644,-4040200881.5714808,0.01904761904761905,2,105,2100,-4383135615.837739,4375526550.351548,0.3142857142857143
Rail,22.47625,15.2,-3804532.743095375,-3404678.868892813,0.3269230769230769,-3804532.743095375,-3594887.892073789,0.3333333333333333,13,39,780,Road,29.01125,31.4,-4392297162.957751,-1130149623.316256,0.10047619047619048,-4392297162.957751,-4052944831.792468,0.01904761904761905,2,105,2100,-4396101695.700847,4388492630.214656,0.3142857142857143
Rail,22.47625,15.2,-3804532.743095375,-3404678.868892813,0.3269230769230769,-3804532.743095375,-3594887.892073789,0.3333333333333333,13,39,780,Road,29.125,31.4,-4405263242.820859,-1130435156.2728949,0.10047619047619048,-4405263242.82086,-4065688782.0134554,0.01904761904761905,2,105,2100,-4409067775.563955,4401458710.0777645,0.3142857142857143
Rail,22.47625,15.2,-3804532.743095375,-3404678.868892813,0.3269230769230769,-3804532.743095375,-3594887.892073789,0.3333333333333333,13,39,780,Road,29.23875,31.4,-4418229322.683968,-1130720689.2295337,0.10047619047619048,-4418229322.683967,-4078432732.2344427,0.01904761904761905,2,105,2100,-4422033855.427062,4414424789.940871,0.3142857142857143
Rail,22.47625,15.2,-3804532.743095375,-3404678.868892813,0.3269230769230769,-3804532.743095375,-3594887.892073789,0.3333333333333333,13,39,780,Road,29.3525,31.4,-4431195402.547075,-1131006222.1861722,0.10047619047619048,-4431195402.547075,-4091176682.4554305,0.01904761904761905,2,105,2100,-4434999935.290171,4427390869.80398,0.3142857142857143
Rail,22.47625,15.2,-3804532.743095375,-3404678.868892813,0.3269230769230769,-3804532.743095375,-3594887.892073789,0.3333333333333333,13,39,780,Road,29.46625,31.4,-4444161482.410184,-1131318836.6494703,0.10047619047619048,-4444161482.410183,-4103920632.6764183,0.01904761904761905,2,105,2100,-4447966015.153278,4440356949.667088,0.3142857142857143
Rail,22.47625,15.2,-3804532.743095375,-3404678.868892813,0.3269230769230769,-3804532.743095375,-3594887.892073789,0.3333333333333333,13,39,780,Road,29.58,31.4,-4457127562.273292,-1131652692.5152984,0.10047619047619048,-4457127562.273292,-4116664582.897405,0.01904761904761905,2,105,2100,-4460932095.016387,4453323029.530196,0.3142857142857143
Rail,22.47625,15.2,-3804532.743095375,-3404678.868892813,0.3269230769230769,-3804532.743095375,-3594887.892073789,0.3333333333333333,13,39,780,Road,29.69375,31.4,-4470093642.136399,-1131986548.3811264,0.10047619047619048,-4470093642.1364,-4129408533.118394,0.01904761904761905,2,105,2100,-4473898174.879496,4466289109.393305,0.3142857142857143
Rail,22.47625,15.2,-3804532.743095375,-3404678.868892813,0.3269230769230769,-3804532.743095375,-3594887.892073789,0.3333333333333333,13,39,780,Road,29.8075,31.4,-4483059721.999507,-1132399643.9010806,0.10047619047619048,-4483059721.999507,-4142152483.339381,0.01904761904761905,2,105,2100,-4486864254.742602,4479255189.256412,0.3142857142857143
Rail,22.47625,15.2,-3804532.743095375,-3404678.868892813,0.3269230769230769,-3804532.743095375,-3594887.892073789,0.3333333333333333,13,39,780,Road,29.92125,31.4,-4496025801.862616,-1133220640.7194252,0.10047619047619048,-4496025801.862616,-4154896433.5603685,0.01904761904761905,2,105,2100,-4499830334.605711,4492221269.11952,0.3142857142857143
Rail,22.47625,15.2,-3804532.743095375,-3404678.868892813,0.3269230769230769,-3804532.743095375,-3594887.892073789,0.3333333333333333,13,39,780,Road,30.035,31.4,-4508991881.725723,-1134041637.53777,0.10047619047619048,-4508991881.725723,-4167640383.781356,0.01904761904761905,2,105,2100,-4512796414.468819,4505187348.982628,0.3142857142857143
Rail,22.47625,15.2,-3804532.743095375,-3404678.868892813,0.3269230769230769,-3804532.743095375,-3594887.892073789,0.3333333333333333,13,39,780,Road,30.14875,31.4,-4521957961.588831,-1134862634.3561149,0.10047619047619048,-4521957961.588832,-4180384334.0023437,0.01904761904761905,2,105,2100,-4525762494.331927,4518153428.8457365,0.3142857142857143
Rail,22.47625,15.2,-3804532.743095375,-3404678.868892813,0.3269230769230769,-3804532.743095375,-3594887.892073789,0.3333333333333333,13,39,780,Road,30.2625,31.4,-4534924041.45194,-1136086734.2343452,0.10047619047619048,-4534924041.45194,-4193128284.2233315,0.01904761904761905,2,105,2100,-4538728574.195035,4531119508.708844,0.3142857142857143
Rail,22.47625,15.2,-3804532.743095375,-3404678.868892813,0.3269230769230769,-3804532.743095375,-3594887.892073789,0.3333333333333333,13,39,780,Road,30.37625,31.4,-4547890121.315047,-1137684027.005255,0.10047619047619048,-4547890121.315047,-4205872234.4443183,0.01904761904761905,2,105,2100,-4551694654.058143,4544085588.571952,0.3142857142857143
Rail,22.47625,15.2,-3804532.743095375,-3404678.868892813,0.3269230769230769,-3804532.743095375,-3594887.892073789,0.3333333333333333,13,39,780,Road,30.49,31.4,-4560856201.178155,-1138628306.1565766,0.10047619047619048,-4560856201.178156,-4218616184.665306,0.01904761904761905,2,105,2100,-4564660733.921251,4557051668.4350605,0.3142857142857143
Rail,22.47625,15.2,-3804532.743095375,-3404678.868892813,0.3269230769230769,-3804532.743095375,-3594887.892073789,0.3333333333333333,13,39,780,Road,30.603749999999998,31.4,-4573822281.041263,-1139454162.9291048,0.10047619047619048,-4573822281.041264,-4231360134.886294,0.01904761904761905,2,105,2100,-4577626813.784359,4570017748.298168,0.3142857142857143
Rail,22.47625,15.2,-3804532.743095375,-3404678.868892813,0.3269230769230769,-3804532.743095375,-3594887.892073789,0.3333333333333333,13,39,780,Road,30.7175,31.4,-4586788360.904371,-1139439918.655672,0.10047619047619048,-4586788360.904372,-4244104085.1072817,0.01904761904761905,2,105,2100,-4590592893.647468,4582983828.161277,0.3142857142857143
Rail,22.47625,15.2,-3804532.743095375,-3404678.868892813,0.3269230769230769,-3804532.743095375,-3594887.892073789,0.3333333333333333,13,39,780,Road,30.831249999999997,31.4,-4599754440.76748,-1138061295.3365622,0.10047619047619048,-4599754440.767479,-4256848035.3282685,0.01904761904761905,2,105,2100,-4603558973.510574,4595949908.024384,0.3142857142857143
Rail,22.47625,15.2,-3804532.743095375,-3404678.868892813,0.3269230769230769,-3804532.743095375,-3594887.892073789,0.3333333333333333,13,39,780,Road,30.945,31.4,-4612720520.630588,-1137330797.4304318,0.10047619047619048,-4612720520.630588,-4269591985.5492563,0.01904761904761905,2,105,2100,-4616525053.373683,4608915987.887492,0.3142857142857143
Rail,22.47625,15.2,-3804532.743095375,-3404678.868892813,0.3269230769230769,-3804532.743095375,-3594887.892073789,0.3333333333333333,13,39,780,Road,31.05875,31.4,-4625686600.493696,-1137579405.5205877,0.10047619047619048,-4625686600.493695,-4282335935.7702436,0.01904761904761905,2,105,2100,-4629491133.236791,4621882067.7506,0.3142857142857143
Rail,22.47625,15.2,-3804532.743095375,-3404678.868892813,0.3269230769230769,-3804532.743095375,-3594887.892073789,0.3333333333333333,13,39,780,Road,31.1725,31.4,-4638652680.356804,-1137828013.6107433,0.10047619047619048,-4638652680.356805,-4295079885.991232,0.01904761904761905,2,105,2100,-4642457213.0999,4634848147.613709,0.3142857142857143
Rail,22.47625,15.2,-3804532.743095375,-3404678.868892813,0.3269230769230769,-3804532.743095375,-3594887.892073789,0.3333333333333333,13,39,780,Road,31.28625,31.4,-4651618760.219912,-1138076621.7008991,0.10047619047619048,-4651618760.219912,-4307823836.212219,0.01904761904761905,2,105,2100,-4655423292.963007,4647814227.476816,0.3142857142857143
Rail,22.47625,15.2,-3804532.743095375,-3404678.868892813,0.3269230769230769,-3804532.743095375,-3594887.892073789,0.3333333333333333,13,39,780,Road,31.4,31.4,-4664584840.083019,-1138335947.347439,0.10047619047619048,-4664584840.083019,-4320567786.433207,0.01904761904761905,2,105,2100,-4668389372.826115,4660780307.339924,0.3142857142857143
Rail,22.7275,15.2,-3735835.0630269945,-3319505.524548309,0.33076923076923076,-3735835.0630269945,-3518201.4847354097,0.3333333333333333,13,39,780,Road,26.85,31.4,-4145941645.5586987,-1128380906.1848278,0.10047619047619048,-4145941645.558698,-3830177839.9219346,0.01904761904761905,2,105,2100,-4149677480.621725,4142205810.4956713,0.3142857142857143
Rail,22.7275,15.2,-3735835.0630269945,-3319505.524548309,0.33076923076923076,-3735835.0630269945,-3518201.4847354097,0.3333333333333333,13,39,780,Road,26.96375,31.4,-4158907725.421807,-1128629514.274984,0.10047619047619048,-4158907725.421807,-3842950509.708068,0.01904761904761905,2,105,2100,-4162643560.4848337,4155171890.35878,0.3142857142857143
Rail,22.7275,15.2,-3735835.0630269945,-3319505.524548309,0.33076923076923076,-3735835.0630269945,-3518201.4847354097,0.3333333333333333,13,39,780,Road,27.0775,31.4,-4171873805.2849145,-1128878122.3651395,0.10047619047619048,-4171873805.284915,-3855723179.4942007,0.01904761904761905,2,105,2100,-4175609640.347942,4168137970.221888,0.3142857142857143
Rail,22.7275,15.2,-3735835.0630269945,-3319505.524548309,0.33076923076923076,-3735835.0630269945,-3518201.4847354097,0.3333333333333333,13,39,780,Road,27.19125,31.4,-4184839885.1480227,-1129126730.455295,0.10047619047619048,-4184839885.148023,-3868495849.2803345,0.01904761904761905,2,105,2100,-4188575720.21105,4181104050.084996,0.3142857142857143
Rail,22.7275,15.2,-3735835.0630269945,-3319505.524548309,0.33076923076923076,-3735835.0630269945,-3518201.4847354097,0.3333333333333333,13,39,780,Road,27.305,31.4,-4197805965.011131,-1129375338.5454507,0.10047619047619048,-4197805965.0111313,-3881268519.0664682,0.01904761904761905,2,105,2100,-4201541800.074158,4194070129.9481044,0.3142857142857143
Rail,22.7275,15.2,-3735835.0630269945,-3319505.524548309,0.33076923076923076,-3735835.0630269945,-3518201.4847354097,0.3333333333333333,13,39,780,Road,27.418750000000003,31.4,-4210772044.8742394,-1129623946.6356063,0.10047619047619048,-4210772044.8742385,-3893495777.8551016,0.01904761904761905,2,105,2100,-4214507879.9372654,4207036209.8112116,0.3142857142857143
Rail,22.7275,15.2,-3735835.0630269945,-3319505.524548309,0.33076923076923076,-3735835.0630269945,-3518201.4847354097,0.3333333333333333,13,39,780,Road,27.532500000000002,31.4,-4223738124.7373476,-1129872554.725762,0.10047619047619048,-4223738124.7373466,-3901909725.170789,0.01904761904761905,2,105,2100,-4227473959.8003736,4220002289.6743197,0.3142857142857143
Rail,22.7275,15.2,-3735835.0630269945,-3319505.524548309,0.33076923076923076,-3735835.0630269945,-3518201.4847354097,0.3333333333333333,13,39,780,Road,27.646250000000002,31.4,-4236704204.600455,-1130121162.8159175,0.10047619047619048,-4236704204.6004553,-3910323672.4864755,0.01904761904761905,2,105,2100,-4240440039.663482,4232968369.5374284,0.3142857142857143
Rail,22.7275,15.2,-3735835.0630269945,-3319505.524548309,0.33076923076923076,-3735835.0630269945,-3518201.4847354097,0.3333333333333333,13,39,780,Road,27.76,31.4,-4249670284.463563,-1130369770.9060733,0.10047619047619048,-4249670284.463563,-3918737619.802162,0.01904761904761905,2,105,2100,-4253406119.52659,4245934449.400536,0.3142857142857143
Rail,22.7275,15.2,-3735835.0630269945,-3319505.524548309,0.33076923076923076,-3735835.0630269945,-3518201.4847354097,0.3333333333333333,13,39,780,Road,27.87375,31.4,-4262636364.32667,-1130618378.996229,0.10047619047619048,-4262636364.326671,-3927151567.117849,0.01904761904761905,2,105,2100,-4266372199.389698,4258900529.263644,0.3142857142857143
Rail,22.7275,15.2,-3735835.0630269945,-3319505.524548309,0.33076923076923076,-3735835.0630269945,-3518201.4847354097,0.3333333333333333,13,39,780,Road,27.9875,31.4,-4275602444.189779,-1130053142.5673504,0.10047619047619048,-4275602444.1897793,-3939412550.3008804,0.01904761904761905,2,105,2100,-4279338279.252806,4271866609.1267524,0.3142857142857143
Rail,22.7275,15.2,-3735835.0630269945,-3319505.524548309,0.33076923076923076,-3735835.0630269945,-3518201.4847354097,0.3333333333333333,13,39,780,Road,28.10125,31.4,-4288568524.052887,-1128985213.0862138,0.10047619047619048,-4288568524.0528865,-3953394607.081622,0.01904761904761905,2,105,2100,-4292304359.1159134,4284832688.9898596,0.3142857142857143
Rail,22.7275,15.2,-3735835.0630269945,-3319505.524548309,0.33076923076923076,-3735835.0630269945,-3518201.4847354097,0.3333333333333333,13,39,780,Road,28.215,31.4,-4301534603.915996,-1128174086.3538113,0.10047619047619048,-4301534603.915995,-3967376663.8623643,0.01904761904761905,2,105,2100,-4305270438.979022,4297798768.852967,0.3142857142857143
Rail,22.7275,15.2,-3735835.0630269945,-3319505.524548309,0.33076923076923076,-3735835.0630269945,-3518201.4847354097,0.3333333333333333,13,39,780,Road,28.32875,31.4,-4314500683.779103,-1128436425.5764236,0.10047619047619048,-4314500683.779103,-3981358720.643106,0.01904761904761905,2,105,2100,-4318236518.842131,4310764848.716076,0.3142857142857143
Rail,22.7275,15.2,-3735835.0630269945,-3319505.524548309,0.33076923076923076,-3735835.0630269945,-3518201.4847354097,0.3333333333333333,13,39,780,Road,28.4425,31.4,-4327466763.642212,-1128721958.5330625,0.10047619047619048,-4327466763.642211,-3995340777.423848,0.01904761904761905,2,105,2100,-4331202598.705238,4323730928.579184,0.3142857142857143
Rail,22.7275,15.2,-3735835.0630269945,-3319505.524548309,0.33076923076923076,-3735835.0630269945,-3518201.4847354097,0.3333333333333333,13,39,780,Road,28.55625,31.4,-4340432843.505318,-1129007491.4897013,0.10047619047619048,-4340432843.505319,-4009322834.20459,0.01904761904761905,2,105,2100,-4344168678.568346,4336697008.442291,0.3142857142857143
Rail,22.7275,15.2,-3735835.0630269945,-3319505.524548309,0.33076923076923076,-3735835.0630269945,-3518201.4847354097,0.3333333333333333,13,39,780,Road,28.67,31.4,-4353398923.368427,-1129293024.4463398,0.10047619047619048,-4353398923.368427,-4019144236.3541107,0.01904761904761905,2,105,2100,-4357134758.431455,4349663088.3054,0.3142857142857143
Rail,22.7275,15.2,-3735835.0630269945,-3319505.524548309,0.33076923076923076,-3735835.0630269945,-3518201.4847354097,0.3333333333333333,13,39,780,Road,28.78375,31.4,-4366365003.231536,-1129578557.4029787,0.10047619047619048,-4366365003.231535,-4028344187.013256,0.01904761904761905,2,105,2100,-4370100838.294562,4362629168.168508,0.3142857142857143
Rail,22.7275,15.2,-3735835.0630269945,-3319505.524548309,0.33076923076923076,-3735835.0630269945,-3518201.4847354097,0.3333333333333333,13,39,780,Road,28.8975,31.4,-4379331083.094643,-1129864090.3596172,0.10047619047619048,-4379331083.094644,-4040200881.5714808,0.01904761904761905,2,105,2100,-4383066918.157671,4375595248.031616,0.3142857142857143
Rail,22.7275,15.2,-3735835.0630269945,-3319505.524548309,0.33076923076923076,-3735835.0630269945,-3518201.4847354097,0.3333333333333333,13,39,780,Road,29.01125,31.4,-4392297162.957751,-1130149623.316256,0.10047619047619048,-4392297162.957751,-4052944831.792468,0.01904761904761905,2,105,2100,-4396032998.020779,4388561327.894724,0.3142857142857143
Rail,22.7275,15.2,-3735835.0630269945,-3319505.524548309,0.33076923076923076,-3735835.0630269945,-3518201.4847354097,0.3333333333333333,13,39,780,Road,29.125,31.4,-4405263242.820859,-1130435156.2728949,0.10047619047619048,-4405263242.82086,-4065688782.0134554,0.01904761904761905,2,105,2100,-4408999077.883887,4401527407.757833,0.3142857142857143
Rail,22.7275,15.2,-3735835.0630269945,-3319505.524548309,0.33076923076923076,-3735835.0630269945,-3518201.4847354097,0.3333333333333333,13,39,780,Road,29.23875,31.4,-4418229322.683968,-1130720689.2295337,0.10047619047619048,-4418229322.683967,-4078432732.2344427,0.01904761904761905,2,105,2100,-4421965157.746994,4414493487.620939,0.3142857142857143
Rail,22.7275,15.2,-3735835.0630269945,-3319505.524548309,0.33076923076923076,-3735835.0630269945,-3518201.4847354097,0.3333333333333333,13,39,780,Road,29.3525,31.4,-4431195402.547075,-1131006222.1861722,0.10047619047619048,-4431195402.547075,-4091176682.4554305,0.01904761904761905,2,105,2100,-4434931237.610103,4427459567.484048,0.3142857142857143
Rail,22.7275,15.2,-3735835.0630269945,-3319505.524548309,0.33076923076923076,-3735835.0630269945,-3518201.4847354097,0.3333333333333333,13,39,780,Road,29.46625,31.4,-4444161482.410184,-1131318836.6494703,0.10047619047619048,-4444161482.410183,-4103920632.6764183,0.01904761904761905,2,105,2100,-4447897317.47321,4440425647.347156,0.3142857142857143
Rail,22.7275,15.2,-3735835.0630269945,-3319505.524548309,0.33076923076923076,-3735835.0630269945,-3518201.4847354097,0.3333333333333333,13,39,780,Road,29.58,31.4,-4457127562.273292,-1131652692.5152984,0.10047619047619048,-4457127562.273292,-4116664582.897405,0.01904761904761905,2,105,2100,-4460863397.336319,4453391727.210264,0.3142857142857143
Rail,22.7275,15.2,-3735835.0630269945,-3319505.524548309,0.33076923076923076,-3735835.0630269945,-3518201.4847354097,0.3333333333333333,13,39,780,Road,29.69375,31.4,-4470093642.136399,-1131986548.3811264,0.10047619047619048,-4470093642.1364,-4129408533.118394,0.01904761904761905,2,105,2100,-4473829477.199428,4466357807.073373,0.3142857142857143
Rail,22.7275,15.2,-3735835.0630269945,-3319505.524548309,0.33076923076923076,-3735835.0630269945,-3518201.4847354097,0.3333333333333333,13,39,780,Road,29.8075,31.4,-4483059721.999507,-1132399643.9010806,0.10047619047619048,-4483059721.999507,-4142152483.339381,0.01904761904761905,2,105,2100,-4486795557.062534,4479323886.93648,0.3142857142857143
Rail,22.7275,15.2,-3735835.0630269945,-3319505.524548309,0.33076923076923076,-3735835.0630269945,-3518201.4847354097,0.3333333333333333,13,39,780,Road,29.92125,31.4,-4496025801.862616,-1133220640.7194252,0.10047619047619048,-4496025801.862616,-4154896433.5603685,0.01904761904761905,2,105,2100,-4499761636.925643,4492289966.799588,0.3142857142857143
Rail,22.7275,15.2,-3735835.0630269945,-3319505.524548309,0.33076923076923076,-3735835.0630269945,-3518201.4847354097,0.3333333333333333,13,39,780,Road,30.035,31.4,-4508991881.725723,-1134041637.53777,0.10047619047619048,-4508991881.725723,-4167640383.781356,0.01904761904761905,2,105,2100,-4512727716.788751,4505256046.662696,0.3142857142857143
Rail,22.7275,15.2,-3735835.0630269945,-3319505.524548309,0.33076923076923076,-3735835.0630269945,-3518201.4847354097,0.3333333333333333,13,39,780,Road,30.14875,31.4,-4521957961.588831,-1134862634.3561149,0.10047619047619048,-4521957961.588832,-4180384334.0023437,0.01904761904761905,2,105,2100,-4525693796.651859,4518222126.5258045,0.3142857142857143
Rail,22.7275,15.2,-3735835.0630269945,-3319505.524548309,0.33076923076923076,-3735835.0630269945,-3518201.4847354097,0.3333333333333333,13,39,780,Road,30.2625,31.4,-4534924041.45194,-1136086734.2343452,0.10047619047619048,-4534924041.45194,-4193128284.2233315,0.01904761904761905,2,105,2100,-4538659876.514967,4531188206.388912,0.3142857142857143
Rail,22.7275,15.2,-3735835.0630269945,-3319505.524548309,0.33076923076923076,-3735835.0630269945,-3518201.4847354097,0.3333333333333333,13,39,780,Road,30.37625,31.4,-4547890121.315047,-1137684027.005255,0.10047619047619048,-4547890121.315047,-4205872234.4443183,0.01904761904761905,2,105,2100,-4551625956.378075,4544154286.25202,0.3142857142857143
Rail,22.7275,15.2,-3735835.0630269945,-3319505.524548309,0.33076923076923076,-3735835.0630269945,-3518201.4847354097,0.3333333333333333,13,39,780,Road,30.49,31.4,-4560856201.178155,-1138628306.1565766,0.10047619047619048,-4560856201.178156,-4218616184.665306,0.01904761904761905,2,105,2100,-4564592036.241183,4557120366.1151285,0.3142857142857143
Rail,22.7275,15.2,-3735835.0630269945,-3319505.524548309,0.33076923076923076,-3735835.0630269945,-3518201.4847354097,0.3333333333333333,13,39,780,Road,30.603749999999998,31.4,-4573822281.041263,-1139454162.9291048,0.10047619047619048,-4573822281.041264,-4231360134.886294,0.01904761904761905,2,105,2100,-4577558116.104291,4570086445.978236,0.3142857142857143
Rail,22.7275,15.2,-3735835.0630269945,-3319505.524548309,0.33076923076923076,-3735835.0630269945,-3518201.4847354097,0.3333333333333333,13,39,780,Road,30.7175,31.4,-4586788360.904371,-1139439918.655672,0.10047619047619048,-4586788360.904372,-4244104085.1072817,0.01904761904761905,2,105,2100,-4590524195.9674,4583052525.841345,0.3142857142857143
Rail,22.7275,15.2,-3735835.0630269945,-3319505.524548309,0.33076923076923076,-3735835.0630269945,-3518201.4847354097,0.3333333333333333,13,39,780,Road,30.831249999999997,31.4,-4599754440.76748,-1138061295.3365622,0.10047619047619048,-4599754440.767479,-4256848035.3282685,0.01904761904761905,2,105,2100,-4603490275.830506,4596018605.704452,0.3142857142857143
Rail,22.7275,15.2,-3735835.0630269945,-3319505.524548309,0.33076923076923076,-3735835.0630269945,-3518201.4847354097,0.3333333333333333,13,39,780,Road,30.945,31.4,-4612720520.630588,-1137330797.4304318,0.10047619047619048,-4612720520.630588,-4269591985.5492563,0.01904761904761905,2,105,2100,-4616456355.693615,4608984685.56756,0.3142857142857143
Rail,22.7275,15.2,-3735835.0630269945,-3319505.524548309,0.33076923076923076,-3735835.0630269945,-3518201.4847354097,0.3333333333333333,13,39,780,Road,31.05875,31.4,-4625686600.493696,-1137579405.5205877,0.10047619047619048,-4625686600.493695,-4282335935.7702436,0.01904761904761905,2,105,2100,-4629422435.556723,4621950765.430668,0.3142857142857143
Rail,22.7275,15.2,-3735835.0630269945,-3319505.524548309,0.33076923076923076,-3735835.0630269945,-3518201.4847354097,0.3333333333333333,13,39,780,Road,31.1725,31.4,-4638652680.356804,-1137828013.6107433,0.10047619047619048,-4638652680.356805,-4295079885.991232,0.01904761904761905,2,105,2100,-4642388515.419832,4634916845.293777,0.3142857142857143
Rail,22.7275,15.2,-3735835.0630269945,-3319505.524548309,0.33076923076923076,-3735835.0630269945,-3518201.4847354097,0.3333333333333333,13,39,780,Road,31.28625,31.4,-4651618760.219912,-1138076621.7008991,0.10047619047619048,-4651618760.219912,-4307823836.212219,0.01904761904761905,2,105,2100,-4655354595.282939,4647882925.156884,0.3142857142857143
Rail,22.7275,15.2,-3735835.0630269945,-3319505.524548309,0.33076923076923076,-3735835.0630269945,-3518201.4847354097,0.3333333333333333,13,39,780,Road,31.4,31.4,-4664584840.083019,-1138335947.347439,0.10047619047619048,-4664584840.083019,-4320567786.433207,0.01904761904761905,2,105,2100,-4668320675.146047,4660849005.019992,0.3142857142857143
Rail,22.978749999999998,15.2,-3667137.3829586115,-3193177.583458488,0.33589743589743587,-3667137.3829586115,-3441515.077397029,0.3333333333333333,13,39,780,Road,26.85,31.4,-4145941645.5586987,-1128380906.1848278,0.10047619047619048,-4145941645.558698,-3830177839.9219346,0.01904761904761905,2,105,2100,-4149608782.9416566,4142274508.17574,0.3142857142857143
Rail,22.978749999999998,15.2,-3667137.3829586115,-3193177.583458488,0.33589743589743587,-3667137.3829586115,-3441515.077397029,0.3333333333333333,13,39,780,Road,26.96375,31.4,-4158907725.421807,-1128629514.274984,0.10047619047619048,-4158907725.421807,-3842950509.708068,0.01904761904761905,2,105,2100,-4162574862.804765,4155240588.0388484,0.3142857142857143
Rail,22.978749999999998,15.2,-3667137.3829586115,-3193177.583458488,0.33589743589743587,-3667137.3829586115,-3441515.077397029,0.3333333333333333,13,39,780,Road,27.0775,31.4,-4171873805.2849145,-1128878122.3651395,0.10047619047619048,-4171873805.284915,-3855723179.4942007,0.01904761904761905,2,105,2100,-4175540942.6678734,4168206667.9019566,0.3142857142857143
Rail,22.978749999999998,15.2,-3667137.3829586115,-3193177.583458488,0.33589743589743587,-3667137.3829586115,-3441515.077397029,0.3333333333333333,13,39,780,Road,27.19125,31.4,-4184839885.1480227,-1129126730.455295,0.10047619047619048,-4184839885.148023,-3868495849.2803345,0.01904761904761905,2,105,2100,-4188507022.5309815,4181172747.7650647,0.3142857142857143
Rail,22.978749999999998,15.2,-3667137.3829586115,-3193177.583458488,0.33589743589743587,-3667137.3829586115,-3441515.077397029,0.3333333333333333,13,39,780,Road,27.305,31.4,-4197805965.011131,-1129375338.5454507,0.10047619047619048,-4197805965.0111313,-3881268519.0664682,0.01904761904761905,2,105,2100,-4201473102.3940897,4194138827.628173,0.3142857142857143
Rail,22.978749999999998,15.2,-3667137.3829586115,-3193177.583458488,0.33589743589743587,-3667137.3829586115,-3441515.077397029,0.3333333333333333,13,39,780,Road,27.418750000000003,31.4,-4210772044.8742394,-1129623946.6356063,0.10047619047619048,-4210772044.8742385,-3893495777.8551016,0.01904761904761905,2,105,2100,-4214439182.257197,4207104907.49128,0.3142857142857143
Rail,22.978749999999998,15.2,-3667137.3829586115,-3193177.583458488,0.33589743589743587,-3667137.3829586115,-3441515.077397029,0.3333333333333333,13,39,780,Road,27.532500000000002,31.4,-4223738124.7373476,-1129872554.725762,0.10047619047619048,-4223738124.7373466,-3901909725.170789,0.01904761904761905,2,105,2100,-4227405262.120305,4220070987.354388,0.3142857142857143
Rail,22.978749999999998,15.2,-3667137.3829586115,-3193177.583458488,0.33589743589743587,-3667137.3829586115,-3441515.077397029,0.3333333333333333,13,39,780,Road,27.646250000000002,31.4,-4236704204.600455,-1130121162.8159175,0.10047619047619048,-4236704204.6004553,-3910323672.4864755,0.01904761904761905,2,105,2100,-4240371341.9834137,4233037067.217497,0.3142857142857143
Rail,22.978749999999998,15.2,-3667137.3829586115,-3193177.583458488,0.33589743589743587,-3667137.3829586115,-3441515.077397029,0.3333333333333333,13,39,780,Road,27.76,31.4,-4249670284.463563,-1130369770.9060733,0.10047619047619048,-4249670284.463563,-3918737619.802162,0.01904761904761905,2,105,2100,-4253337421.8465214,4246003147.0806046,0.3142857142857143
Rail,22.978749999999998,15.2,-3667137.3829586115,-3193177.583458488,0.33589743589743587,-3667137.3829586115,-3441515.077397029,0.3333333333333333,13,39,780,Road,27.87375,31.4,-4262636364.32667,-1130618378.996229,0.10047619047619048,-4262636364.326671,-3927151567.117849,0.01904761904761905,2,105,2100,-4266303501.7096295,4258969226.9437127,0.3142857142857143
Rail,22.978749999999998,15.2,-3667137.3829586115,-3193177.583458488,0.33589743589743587,-3667137.3829586115,-3441515.077397029,0.3333333333333333,13,39,780,Road,27.9875,31.4,-4275602444.189779,-1130053142.5673504,0.10047619047619048,-4275602444.1897793,-3939412550.3008804,0.01904761904761905,2,105,2100,-4279269581.5727377,4271935306.806821,0.3142857142857143
Rail,22.978749999999998,15.2,-3667137.3829586115,-3193177.583458488,0.33589743589743587,-3667137.3829586115,-3441515.077397029,0.3333333333333333,13,39,780,Road,28.10125,31.4,-4288568524.052887,-1128985213.0862138,0.10047619047619048,-4288568524.0528865,-3953394607.081622,0.01904761904761905,2,105,2100,-4292235661.435845,4284901386.669928,0.3142857142857143
Rail,22.978749999999998,15.2,-3667137.3829586115,-3193177.583458488,0.33589743589743587,-3667137.3829586115,-3441515.077397029,0.3333333333333333,13,39,780,Road,28.215,31.4,-4301534603.915996,-1128174086.3538113,0.10047619047619048,-4301534603.915995,-3967376663.8623643,0.01904761904761905,2,105,2100,-4305201741.298953,4297867466.533036,0.3142857142857143
Rail,22.978749999999998,15.2,-3667137.3829586115,-3193177.583458488,0.33589743589743587,-3667137.3829586115,-3441515.077397029,0.3333333333333333,13,39,780,Road,28.32875,31.4,-4314500683.779103,-1128436425.5764236,0.10047619047619048,-4314500683.779103,-3981358720.643106,0.01904761904761905,2,105,2100,-4318167821.162062,4310833546.396145,0.3142857142857143
Rail,22.978749999999998,15.2,-3667137.3829586115,-3193177.583458488,0.33589743589743587,-3667137.3829586115,-3441515.077397029,0.3333333333333333,13,39,780,Road,28.4425,31.4,-4327466763.642212,-1128721958.5330625,0.10047619047619048,-4327466763.642211,-3995340777.423848,0.01904761904761905,2,105,2100,-4331133901.025169,4323799626.259253,0.3142857142857143
Rail,22.978749999999998,15.2,-3667137.3829586115,-3193177.583458488,0.33589743589743587,-3667137.3829586115,-3441515.077397029,0.3333333333333333,13,39,780,Road,28.55625,31.4,-4340432843.505318,-1129007491.4897013,0.10047619047619048,-4340432843.505319,-4009322834.20459,0.01904761904761905,2,105,2100,-4344099980.888277,4336765706.12236,0.3142857142857143
Rail,22.978749999999998,15.2,-3667137.3829586115,-3193177.583458488,0.33589743589743587,-3667137.3829586115,-3441515.077397029,0.3333333333333333,13,39,780,Road,28.67,31.4,-4353398923.368427,-1129293024.4463398,0.10047619047619048,-4353398923.368427,-4019144236.3541107,0.01904761904761905,2,105,2100,-4357066060.751386,4349731785.985469,0.3142857142857143
Rail,22.978749999999998,15.2,-3667137.3829586115,-3193177.583458488,0.33589743589743587,-3667137.3829586115,-3441515.077397029,0.3333333333333333,13,39,780,Road,28.78375,31.4,-4366365003.231536,-1129578557.4029787,0.10047619047619048,-4366365003.231535,-4028344187.013256,0.01904761904761905,2,105,2100,-4370032140.614493,4362697865.848577,0.3142857142857143
Rail,22.978749999999998,15.2,-3667137.3829586115,-3193177.583458488,0.33589743589743587,-3667137.3829586115,-3441515.077397029,0.3333333333333333,13,39,780,Road,28.8975,31.4,-4379331083.094643,-1129864090.3596172,0.10047619047619048,-4379331083.094644,-4040200881.5714808,0.01904761904761905,2,105,2100,-4382998220.477602,4375663945.711685,0.3142857142857143
Rail,22.978749999999998,15.2,-3667137.3829586115,-3193177.583458488,0.33589743589743587,-3667137.3829586115,-3441515.077397029,0.3333333333333333,13,39,780,Road,29.01125,31.4,-4392297162.957751,-1130149623.316256,0.10047619047619048,-4392297162.957751,-4052944831.792468,0.01904761904761905,2,105,2100,-4395964300.34071,4388630025.574793,0.3142857142857143
Rail,22.978749999999998,15.2,-3667137.3829586115,-3193177.583458488,0.33589743589743587,-3667137.3829586115,-3441515.077397029,0.3333333333333333,13,39,780,Road,29.125,31.4,-4405263242.820859,-1130435156.2728949,0.10047619047619048,-4405263242.82086,-4065688782.0134554,0.01904761904761905,2,105,2100,-4408930380.203818,4401596105.4379015,0.3142857142857143
Rail,22.978749999999998,15.2,-3667137.3829586115,-3193177.583458488,0.33589743589743587,-3667137.3829586115,-3441515.077397029,0.3333333333333333,13,39,780,Road,29.23875,31.4,-4418229322.683968,-1130720689.2295337,0.10047619047619048,-4418229322.683967,-4078432732.2344427,0.01904761904761905,2,105,2100,-4421896460.066925,4414562185.301008,0.3142857142857143
Rail,22.978749999999998,15.2,-3667137.3829586115,-3193177.583458488,0.33589743589743587,-3667137.3829586115,-3441515.077397029,0.3333333333333333,13,39,780,Road,29.3525,31.4,-4431195402.547075,-1131006222.1861722,0.10047619047619048,-4431195402.547075,-4091176682.4554305,0.01904761904761905,2,105,2100,-4434862539.930034,4427528265.164117,0.3142857142857143
Rail,22.978749999999998,15.2,-3667137.3829586115,-3193177.583458488,0.33589743589743587,-3667137.3829586115,-3441515.077397029,0.3333333333333333,13,39,780,Road,29.46625,31.4,-4444161482.410184,-1131318836.6494703,0.10047619047619048,-4444161482.410183,-4103920632.6764183,0.01904761904761905,2,105,2100,-4447828619.793141,4440494345.027225,0.3142857142857143
Rail,22.978749999999998,15.2,-3667137.3829586115,-3193177.583458488,0.33589743589743587,-3667137.3829586115,-3441515.077397029,0.3333333333333333,13,39,780,Road,29.58,31.4,-4457127562.273292,-1131652692.5152984,0.10047619047619048,-4457127562.273292,-4116664582.897405,0.01904761904761905,2,105,2100,-4460794699.65625,4453460424.890333,0.3142857142857143
Rail,22.978749999999998,15.2,-3667137.3829586115,-3193177.583458488,0.33589743589743587,-3667137.3829586115,-3441515.077397029,0.3333333333333333,13,39,780,Road,29.69375,31.4,-4470093642.136399,-1131986548.3811264,0.10047619047619048,-4470093642.1364,-4129408533.118394,0.01904761904761905,2,105,2100,-4473760779.519359,4466426504.753442,0.3142857142857143
Rail,22.978749999999998,15.2,-3667137.3829586115,-3193177.583458488,0.33589743589743587,-3667137.3829586115,-3441515.077397029,0.3333333333333333,13,39,780,Road,29.8075,31.4,-4483059721.999507,-1132399643.9010806,0.10047619047619048,-4483059721.999507,-4142152483.339381,0.01904761904761905,2,105,2100,-4486726859.382465,4479392584.616549,0.3142857142857143
Rail,22.978749999999998,15.2,-3667137.3829586115,-3193177.583458488,0.33589743589743587,-3667137.3829586115,-3441515.077397029,0.3333333333333333,13,39,780,Road,29.92125,31.4,-4496025801.862616,-1133220640.7194252,0.10047619047619048,-4496025801.862616,-4154896433.5603685,0.01904761904761905,2,105,2100,-4499692939.245574,4492358664.479657,0.3142857142857143
Rail,22.978749999999998,15.2,-3667137.3829586115,-3193177.583458488,0.33589743589743587,-3667137.3829586115,-3441515.077397029,0.3333333333333333,13,39,780,Road,30.035,31.4,-4508991881.725723,-1134041637.53777,0.10047619047619048,-4508991881.725723,-4167640383.781356,0.01904761904761905,2,105,2100,-4512659019.108682,4505324744.342765,0.3142857142857143
Rail,22.978749999999998,15.2,-3667137.3829586115,-3193177.583458488,0.33589743589743587,-3667137.3829586115,-3441515.077397029,0.3333333333333333,13,39,780,Road,30.14875,31.4,-4521957961.588831,-1134862634.3561149,0.10047619047619048,-4521957961.588832,-4180384334.0023437,0.01904761904761905,2,105,2100,-4525625098.97179,4518290824.2058735,0.3142857142857143
Rail,22.978749999999998,15.2,-3667137.3829586115,-3193177.583458488,0.33589743589743587,-3667137.3829586115,-3441515.077397029,0.3333333333333333,13,39,780,Road,30.2625,31.4,-4534924041.45194,-1136086734.2343452,0.10047619047619048,-4534924041.45194,-4193128284.2233315,0.01904761904761905,2,105,2100,-4538591178.834898,4531256904.068981,0.3142857142857143
Rail,22.978749999999998,15.2,-3667137.3829586115,-3193177.583458488,0.33589743589743587,-3667137.3829586115,-3441515.077397029,0.3333333333333333,13,39,780,Road,30.37625,31.4,-4547890121.315047,-1137684027.005255,0.10047619047619048,-4547890121.315047,-4205872234.4443183,0.01904761904761905,2,105,2100,-4551557258.698006,4544222983.932089,0.3142857142857143
Rail,22.978749999999998,15.2,-3667137.3829586115,-3193177.583458488,0.33589743589743587,-3667137.3829586115,-3441515.077397029,0.3333333333333333,13,39,780,Road,30.49,31.4,-4560856201.178155,-1138628306.1565766,0.10047619047619048,-4560856201.178156,-4218616184.665306,0.01904761904761905,2,105,2100,-4564523338.561114,4557189063.7951975,0.3142857142857143
Rail,22.978749999999998,15.2,-3667137.3829586115,-3193177.583458488,0.33589743589743587,-3667137.3829586115,-3441515.077397029,0.3333333333333333,13,39,780,Road,30.603749999999998,31.4,-4573822281.041263,-1139454162.9291048,0.10047619047619048,-4573822281.041264,-4231360134.886294,0.01904761904761905,2,105,2100,-4577489418.424222,4570155143.658305,0.3142857142857143
Rail,22.978749999999998,15.2,-3667137.3829586115,-3193177.583458488,0.33589743589743587,-3667137.3829586115,-3441515.077397029,0.3333333333333333,13,39,780,Road,30.7175,31.4,-4586788360.904371,-1139439918.655672,0.10047619047619048,-4586788360.904372,-4244104085.1072817,0.01904761904761905,2,105,2100,-4590455498.287331,4583121223.521414,0.3142857142857143
Rail,22.978749999999998,15.2,-3667137.3829586115,-3193177.583458488,0.33589743589743587,-3667137.3829586115,-3441515.077397029,0.3333333333333333,13,39,780,Road,30.831249999999997,31.4,-4599754440.76748,-1138061295.3365622,0.10047619047619048,-4599754440.767479,-4256848035.3282685,0.01904761904761905,2,105,2100,-4603421578.150437,4596087303.384521,0.3142857142857143
Rail,22.978749999999998,15.2,-3667137.3829586115,-3193177.583458488,0.33589743589743587,-3667137.3829586115,-3441515.077397029,0.3333333333333333,13,39,780,Road,30.945,31.4,-4612720520.630588,-1137330797.4304318,0.10047619047619048,-4612720520.630588,-4269591985.5492563,0.01904761904761905,2,105,2100,-4616387658.013546,4609053383.247629,0.3142857142857143
Rail,22.978749999999998,15.2,-3667137.3829586115,-3193177.583458488,0.33589743589743587,-3667137.3829586115,-3441515.077397029,0.3333333333333333,13,39,780,Road,31.05875,31.4,-4625686600.493696,-1137579405.5205877,0.10047619047619048,-4625686600.493695,-4282335935.7702436,0.01904761904761905,2,105,2100,-4629353737.876654,4622019463.110737,0.3142857142857143
Rail,22.978749999999998,15.2,-3667137.3829586115,-3193177.583458488,0.33589743589743587,-3667137.3829586115,-3441515.077397029,0.3333333333333333,13,39,780,Road,31.1725,31.4,-4638652680.356804,-1137828013.6107433,0.10047619047619048,-4638652680.356805,-4295079885.991232,0.01904761904761905,2,105,2100,-4642319817.739763,4634985542.973846,0.3142857142857143
Rail,22.978749999999998,15.2,-3667137.3829586115,-3193177.583458488,0.33589743589743587,-3667137.3829586115,-3441515.077397029,0.3333333333333333,13,39,780,Road,31.28625,31.4,-4651618760.219912,-1138076621.7008991,0.10047619047619048,-4651618760.219912,-4307823836.212219,0.01904761904761905,2,105,2100,-4655285897.60287,4647951622.836953,0.3142857142857143
Rail,22.978749999999998,15.2,-3667137.3829586115,-3193177.583458488,0.33589743589743587,-3667137.3829586115,-3441515.077397029,0.3333333333333333,13,39,780,Road,31.4,31.4,-4664584840.083019,-1138335947.347439,0.10047619047619048,-4664584840.083019,-4320567786.433207,0.01904761904761905,2,105,2100,-4668251977.465978,4660917702.700061,0.3142857142857143
Rail,23.229999999999997,15.2,-3598439.7028902294,-3055901.3570969244,0.3423076923076923,-3598439.7028902294,-3364828.670058648,0.3333333333333333,13,39,780,Road,26.85,31.4,-4145941645.5586987,-1128380906.1848278,0.10047619047619048,-4145941645.558698,-3830177839.9219346,0.01904761904761905,2,105,2100,-4149540085.2615886,4142343205.855808,0.3142857142857143
Rail,23.229999999999997,15.2,-3598439.7028902294,-3055901.3570969244,0.3423076923076923,-3598439.7028902294,-3364828.670058648,0.3333333333333333,13,39,780,Road,26.96375,31.4,-4158907725.421807,-1128629514.274984,0.10047619047619048,-4158907725.421807,-3842950509.708068,0.01904761904761905,2,105,2100,-4162506165.124697,4155309285.7189164,0.3142857142857143
Rail,23.229999999999997,15.2,-3598439.7028902294,-3055901.3570969244,0.3423076923076923,-3598439.7028902294,-3364828.670058648,0.3333333333333333,13,39,780,Road,27.0775,31.4,-4171873805.2849145,-1128878122.3651395,0.10047619047619048,-4171873805.284915,-3855723179.4942007,0.01904761904761905,2,105,2100,-4175472244.9878054,4168275365.5820246,0.3142857142857143
Rail,23.229999999999997,15.2,-3598439.7028902294,-3055901.3570969244,0.3423076923076923,-3598439.7028902294,-3364828.670058648,0.3333333333333333,13,39,780,Road,27.19125,31.4,-4184839885.1480227,-1129126730.455295,0.10047619047619048,-4184839885.148023,-3868495849.2803345,0.01904761904761905,2,105,2100,-4188438324.8509135,4181241445.4451327,0.3142857142857143
Rail,23.229999999999997,15.2,-3598439.7028902294,-3055901.3570969244,0.3423076923076923,-3598439.7028902294,-3364828.670058648,0.3333333333333333,13,39,780,Road,27.305,31.4,-4197805965.011131,-1129375338.5454507,0.10047619047619048,-4197805965.0111313,-3881268519.0664682,0.01904761904761905,2,105,2100,-4201404404.7140217,4194207525.308241,0.3142857142857143
Rail,23.229999999999997,15.2,-3598439.7028902294,-3055901.3570969244,0.3423076923076923,-3598439.7028902294,-3364828.670058648,0.3333333333333333,13,39,780,Road,27.418750000000003,31.4,-4210772044.8742394,-1129623946.6356063,0.10047619047619048,-4210772044.8742385,-3893495777.8551016,0.01904761904761905,2,105,2100,-4214370484.577129,4207173605.171348,0.3142857142857143
Rail,23.229999999999997,15.2,-3598439.7028902294,-3055901.3570969244,0.3423076923076923,-3598439.7028902294,-3364828.670058648,0.3333333333333333,13,39,780,Road,27.532500000000002,31.4,-4223738124.7373476,-1129872554.725762,0.10047619047619048,-4223738124.7373466,-3901909725.170789,0.01904761904761905,2,105,2100,-4227336564.440237,4220139685.0344563,0.3142857142857143
Rail,23.229999999999997,15.2,-3598439.7028902294,-3055901.3570969244,0.3423076923076923,-3598439.7028902294,-3364828.670058648,0.3333333333333333,13,39,780,Road,27.646250000000002,31.4,-4236704204.600455,-1130121162.8159175,0.10047619047619048,-4236704204.6004553,-3910323672.4864755,0.01904761904761905,2,105,2100,-4240302644.3033457,4233105764.897565,0.3142857142857143
Rail,23.229999999999997,15.2,-3598439.7028902294,-3055901.3570969244,0.3423076923076923,-3598439.7028902294,-3364828.670058648,0.3333333333333333,13,39,780,Road,27.76,31.4,-4249670284.463563,-1130369770.9060733,0.10047619047619048,-4249670284.463563,-3918737619.802162,0.01904761904761905,2,105,2100,-4253268724.1664534,4246071844.7606726,0.3142857142857143
Rail,23.229999999999997,15.2,-3598439.7028902294,-3055901.3570969244,0.3423076923076923,-3598439.7028902294,-3364828.670058648,0.3333333333333333,13,39,780,Road,27.87375,31.4,-4262636364.32667,-1130618378.996229,0.10047619047619048,-4262636364.326671,-3927151567.117849,0.01904761904761905,2,105,2100,-4266234804.0295615,4259037924.6237807,0.3142857142857143
Rail,23.229999999999997,15.2,-3598439.7028902294,-3055901.3570969244,0.3423076923076923,-3598439.7028902294,-3364828.670058648,0.3333333333333333,13,39,780,Road,27.9875,31.4,-4275602444.189779,-1130053142.5673504,0.10047619047619048,-4275602444.1897793,-3939412550.3008804,0.01904761904761905,2,105,2100,-4279200883.8926697,4272004004.486889,0.3142857142857143
Rail,23.229999999999997,15.2,-3598439.7028902294,-3055901.3570969244,0.3423076923076923,-3598439.7028902294,-3364828.670058648,0.3333333333333333,13,39,780,Road,28.10125,31.4,-4288568524.052887,-1128985213.0862138,0.10047619047619048,-4288568524.0528865,-3953394607.081622,0.01904761904761905,2,105,2100,-4292166963.755777,4284970084.349996,0.3142857142857143
Rail,23.229999999999997,15.2,-3598439.7028902294,-3055901.3570969244,0.3423076923076923,-3598439.7028902294,-3364828.670058648,0.3333333333333333,13,39,780,Road,28.215,31.4,-4301534603.915996,-1128174086.3538113,0.10047619047619048,-4301534603.915995,-3967376663.8623643,0.01904761904761905,2,105,2100,-4305133043.618885,4297936164.213104,0.3142857142857143
Rail,23.229999999999997,15.2,-3598439.7028902294,-3055901.3570969244,0.3423076923076923,-3598439.7028902294,-3364828.670058648,0.3333333333333333,13,39,780,Road,28.32875,31.4,-4314500683.779103,-1128436425.5764236,0.10047619047619048,-4314500683.779103,-3981358720.643106,0.01904761904761905,2,105,2100,-4318099123.481994,4310902244.076213,0.3142857142857143
Rail,23.229999999999997,15.2,-3598439.7028902294,-3055901.3570969244,0.3423076923076923,-3598439.7028902294,-3364828.670058648,0.3333333333333333,13,39,780,Road,28.4425,31.4,-4327466763.642212,-1128721958.5330625,0.10047619047619048,-4327466763.642211,-3995340777.423848,0.01904761904761905,2,105,2100,-4331065203.345101,4323868323.939321,0.3142857142857143
Rail,23.229999999999997,15.2,-3598439.7028902294,-3055901.3570969244,0.3423076923076923,-3598439.7028902294,-3364828.670058648,0.3333333333333333,13,39,780,Road,28.55625,31.4,-4340432843.505318,-1129007491.4897013,0.10047619047619048,-4340432843.505319,-4009322834.20459,0.01904761904761905,2,105,2100,-4344031283.208209,4336834403.802428,0.3142857142857143
Rail,23.229999999999997,15.2,-3598439.7028902294,-3055901.3570969244,0.3423076923076923,-3598439.7028902294,-3364828.670058648,0.3333333333333333,13,39,780,Road,28.67,31.4,-4353398923.368427,-1129293024.4463398,0.10047619047619048,-4353398923.368427,-4019144236.3541107,0.01904761904761905,2,105,2100,-4356997363.071318,4349800483.665537,0.3142857142857143
Rail,23.229999999999997,15.2,-3598439.7028902294,-3055901.3570969244,0.3423076923076923,-3598439.7028902294,-3364828.670058648,0.3333333333333333,13,39,780,Road,28.78375,31.4,-4366365003.231536,-1129578557.4029787,0.10047619047619048,-4366365003.231535,-4028344187.013256,0.01904761904761905,2,105,2100,-4369963442.934425,4362766563.528645,0.3142857142857143
Rail,23.229999999999997,15.2,-3598439.7028902294,-3055901.3570969244,0.3423076923076923,-3598439.7028902294,-3364828.670058648,0.3333333333333333,13,39,780,Road,28.8975,31.4,-4379331083.094643,-1129864090.3596172,0.10047619047619048,-4379331083.094644,-4040200881.5714808,0.01904761904761905,2,105,2100,-4382929522.797534,4375732643.391753,0.3142857142857143
Rail,23.229999999999997,15.2,-3598439.7028902294,-3055901.3570969244,0.3423076923076923,-3598439.7028902294,-3364828.670058648,0.3333333333333333,13,39,780,Road,29.01125,31.4,-4392297162.957751,-1130149623.316256,0.10047619047619048,-4392297162.957751,-4052944831.792468,0.01904761904761905,2,105,2100,-4395895602.660642,4388698723.254861,0.3142857142857143
Rail,23.229999999999997,15.2,-3598439.7028902294,-3055901.3570969244,0.3423076923076923,-3598439.7028902294,-3364828.670058648,0.3333333333333333,13,39,780,Road,29.125,31.4,-4405263242.820859,-1130435156.2728949,0.10047619047619048,-4405263242.82086,-4065688782.0134554,0.01904761904761905,2,105,2100,-4408861682.52375,4401664803.1179695,0.3142857142857143
Rail,23.229999999999997,15.2,-3598439.7028902294,-3055901.3570969244,0.3423076923076923,-3598439.7028902294,-3364828.670058648,0.3333333333333333,13,39,780,Road,29.23875,31.4,-4418229322.683968,-1130720689.2295337,0.10047619047619048,-4418229322.683967,-4078432732.2344427,0.01904761904761905,2,105,2100,-4421827762.386857,4414630882.981076,0.3142857142857143
Rail,23.229999999999997,15.2,-3598439.7028902294,-3055901.3570969244,0.3423076923076923,-3598439.7028902294,-3364828.670058648,0.3333333333333333,13,39,780,Road,29.3525,31.4,-4431195402.547075,-1131006222.1861722,0.10047619047619048,-4431195402.547075,-4091176682.4554305,0.01904761904761905,2,105,2100,-4434793842.249966,4427596962.844185,0.3142857142857143
Rail,23.229999999999997,15.2,-3598439.7028902294,-3055901.3570969244,0.3423076923076923,-3598439.7028902294,-3364828.670058648,0.3333333333333333,13,39,780,Road,29.46625,31.4,-4444161482.410184,-1131318836.6494703,0.10047619047619048,-4444161482.410183,-4103920632.6764183,0.01904761904761905,2,105,2100,-4447759922.113073,4440563042.707293,0.3142857142857143
Rail,23.229999999999997,15.2,-3598439.7028902294,-3055901.3570969244,0.3423076923076923,-3598439.7028902294,-3364828.670058648,0.3333333333333333,13,39,780,Road,29.58,31.4,-4457127562.273292,-1131652692.5152984,0.10047619047619048,-4457127562.273292,-4116664582.897405,0.01904761904761905,2,105,2100,-4460726001.976182,4453529122.570401,0.3142857142857143
Rail,23.229999999999997,15.2,-3598439.7028902294,-3055901.3570969244,0.3423076923076923,-3598439.7028902294,-3364828.670058648,0.3333333333333333,13,39,780,Road,29.69375,31.4,-4470093642.136399,-1131986548.3811264,0.10047619047619048,-4470093642.1364,-4129408533.118394,0.01904761904761905,2,105,2100,-4473692081.839291,4466495202.43351,0.3142857142857143
Rail,23.229999999999997,15.2,-3598439.7028902294,-3055901.3570969244,0.3423076923076923,-3598439.7028902294,-3364828.670058648,0.3333333333333333,13,39,780,Road,29.8075,31.4,-4483059721.999507,-1132399643.9010806,0.10047619047619048,-4483059721.999507,-4142152483.339381,0.01904761904761905,2,105,2100,-4486658161.702397,4479461282.296617,0.3142857142857143
Rail,23.229999999999997,15.2,-3598439.7028902294,-3055901.3570969244,0.3423076923076923,-3598439.7028902294,-3364828.670058648,0.3333333333333333,13,39,780,Road,29.92125,31.4,-4496025801.862616,-1133220640.7194252,0.10047619047619048,-4496025801.862616,-4154896433.5603685,0.01904761904761905,2,105,2100,-4499624241.565506,4492427362.159725,0.3142857142857143
Rail,23.229999999999997,15.2,-3598439.7028902294,-3055901.3570969244,0.3423076923076923,-3598439.7028902294,-3364828.670058648,0.3333333333333333,13,39,780,Road,30.035,31.4,-4508991881.725723,-1134041637.53777,0.10047619047619048,-4508991881.725723,-4167640383.781356,0.01904761904761905,2,105,2100,-4512590321.428614,4505393442.022833,0.3142857142857143
Rail,23.229999999999997,15.2,-3598439.7028902294,-3055901.3570969244,0.3423076923076923,-3598439.7028902294,-3364828.670058648,0.3333333333333333,13,39,780,Road,30.14875,31.4,-4521957961.588831,-1134862634.3561149,0.10047619047619048,-4521957961.588832,-4180384334.0023437,0.01904761904761905,2,105,2100,-4525556401.291722,4518359521.8859415,0.3142857142857143
Rail,23.229999999999997,15.2,-3598439.7028902294,-3055901.3570969244,0.3423076923076923,-3598439.7028902294,-3364828.670058648,0.3333333333333333,13,39,780,Road,30.2625,31.4,-4534924041.45194,-1136086734.2343452,0.10047619047619048,-4534924041.45194,-4193128284.2233315,0.01904761904761905,2,105,2100,-4538522481.15483,4531325601.749049,0.3142857142857143
Rail,23.229999999999997,15.2,-3598439.7028902294,-3055901.3570969244,0.3423076923076923,-3598439.7028902294,-3364828.670058648,0.3333333333333333,13,39,780,Road,30.37625,31.4,-4547890121.315047,-1137684027.005255,0.10047619047619048,-4547890121.315047,-4205872234.4443183,0.01904761904761905,2,105,2100,-4551488561.017938,4544291681.612157,0.3142857142857143
Rail,23.229999999999997,15.2,-3598439.7028902294,-3055901.3570969244,0.3423076923076923,-3598439.7028902294,-3364828.670058648,0.3333333333333333,13,39,780,Road,30.49,31.4,-4560856201.178155,-1138628306.1565766,0.10047619047619048,-4560856201.178156,-4218616184.665306,0.01904761904761905,2,105,2100,-4564454640.881046,4557257761.4752655,0.3142857142857143
Rail,23.229999999999997,15.2,-3598439.7028902294,-3055901.3570969244,0.3423076923076923,-3598439.7028902294,-3364828.670058648,0.3333333333333333,13,39,780,Road,30.603749999999998,31.4,-4573822281.041263,-1139454162.9291048,0.10047619047619048,-4573822281.041264,-4231360134.886294,0.01904761904761905,2,105,2100,-4577420720.744154,4570223841.338373,0.3142857142857143
Rail,23.229999999999997,15.2,-3598439.7028902294,-3055901.3570969244,0.3423076923076923,-3598439.7028902294,-3364828.670058648,0.3333333333333333,13,39,780,Road,30.7175,31.4,-4586788360.904371,-1139439918.655672,0.10047619047619048,-4586788360.904372,-4244104085.1072817,0.01904761904761905,2,105,2100,-4590386800.607263,4583189921.201482,0.3142857142857143
Rail,23.229999999999997,15.2,-3598439.7028902294,-3055901.3570969244,0.3423076923076923,-3598439.7028902294,-3364828.670058648,0.3333333333333333,13,39,780,Road,30.831249999999997,31.4,-4599754440.76748,-1138061295.3365622,0.10047619047619048,-4599754440.767479,-4256848035.3282685,0.01904761904761905,2,105,2100,-4603352880.470369,4596156001.064589,0.3142857142857143
Rail,23.229999999999997,15.2,-3598439.7028902294,-3055901.3570969244,0.3423076923076923,-3598439.7028902294,-3364828.670058648,0.3333333333333333,13,39,780,Road,30.945,31.4,-4612720520.630588,-1137330797.4304318,0.10047619047619048,-4612720520.630588,-4269591985.5492563,0.01904761904761905,2,105,2100,-4616318960.333478,4609122080.927697,0.3142857142857143
Rail,23.229999999999997,15.2,-3598439.7028902294,-3055901.3570969244,0.3423076923076923,-3598439.7028902294,-3364828.670058648,0.3333333333333333,13,39,780,Road,31.05875,31.4,-4625686600.493696,-1137579405.5205877,0.10047619047619048,-4625686600.493695,-4282335935.7702436,0.01904761904761905,2,105,2100,-4629285040.196586,4622088160.790805,0.3142857142857143
Rail,23.229999999999997,15.2,-3598439.7028902294,-3055901.3570969244,0.3423076923076923,-3598439.7028902294,-3364828.670058648,0.3333333333333333,13,39,780,Road,31.1725,31.4,-4638652680.356804,-1137828013.6107433,0.10047619047619048,-4638652680.356805,-4295079885.991232,0.01904761904761905,2,105,2100,-4642251120.059695,4635054240.653914,0.3142857142857143
Rail,23.229999999999997,15.2,-3598439.7028902294,-3055901.3570969244,0.3423076923076923,-3598439.7028902294,-3364828.670058648,0.3333333333333333,13,39,780,Road,31.28625,31.4,-4651618760.219912,-1138076621.7008991,0.10047619047619048,-4651618760.219912,-4307823836.212219,0.01904761904761905,2,105,2100,-4655217199.922802,4648020320.517021,0.3142857142857143
Rail,23.229999999999997,15.2,-3598439.7028902294,-3055901.3570969244,0.3423076923076923,-3598439.7028902294,-3364828.670058648,0.3333333333333333,13,39,780,Road,31.4,31.4,-4664584840.083019,-1138335947.347439,0.10047619047619048,-4664584840.083019,-4320567786.433207,0.01904761904761905,2,105,2100,-4668183279.78591,4660986400.380129,0.3142857142857143
Rail,23.48125,15.2,-3529742.0228218464,-2947614.3282725397,0.3435897435897436,-3529742.022821847,-3288142.2627202664,0.3333333333333333,13,39,780,Road,26.85,31.4,-4145941645.5586987,-1128380906.1848278,0.10047619047619048,-4145941645.558698,-3830177839.9219346,0.01904761904761905,2,105,2100,-4149471387.58152,4142411903.5358763,0.3142857142857143
Rail,23.48125,15.2,-3529742.0228218464,-2947614.3282725397,0.3435897435897436,-3529742.022821847,-3288142.2627202664,0.3333333333333333,13,39,780,Road,26.96375,31.4,-4158907725.421807,-1128629514.274984,0.10047619047619048,-4158907725.421807,-3842950509.708068,0.01904761904761905,2,105,2100,-4162437467.4446287,4155377983.398985,0.3142857142857143
Rail,23.48125,15.2,-3529742.0228218464,-2947614.3282725397,0.3435897435897436,-3529742.022821847,-3288142.2627202664,0.3333333333333333,13,39,780,Road,27.0775,31.4,-4171873805.2849145,-1128878122.3651395,0.10047619047619048,-4171873805.284915,-3855723179.4942007,0.01904761904761905,2,105,2100,-4175403547.307737,4168344063.262093,0.3142857142857143
Rail,23.48125,15.2,-3529742.0228218464,-2947614.3282725397,0.3435897435897436,-3529742.022821847,-3288142.2627202664,0.3333333333333333,13,39,780,Road,27.19125,31.4,-4184839885.1480227,-1129126730.455295,0.10047619047619048,-4184839885.148023,-3868495849.2803345,0.01904761904761905,2,105,2100,-4188369627.170845,4181310143.125201,0.3142857142857143
Rail,23.48125,15.2,-3529742.0228218464,-2947614.3282725397,0.3435897435897436,-3529742.022821847,-3288142.2627202664,0.3333333333333333,13,39,780,Road,27.305,31.4,-4197805965.011131,-1129375338.5454507,0.10047619047619048,-4197805965.0111313,-3881268519.0664682,0.01904761904761905,2,105,2100,-4201335707.033953,4194276222.9883094,0.3142857142857143
Rail,23.48125,15.2,-3529742.0228218464,-2947614.3282725397,0.3435897435897436,-3529742.022821847,-3288142.2627202664,0.3333333333333333,13,39,780,Road,27.418750000000003,31.4,-4210772044.8742394,-1129623946.6356063,0.10047619047619048,-4210772044.8742385,-3893495777.8551016,0.01904761904761905,2,105,2100,-4214301786.8970604,4207242302.8514166,0.3142857142857143
Rail,23.48125,15.2,-3529742.0228218464,-2947614.3282725397,0.3435897435897436,-3529742.022821847,-3288142.2627202664,0.3333333333333333,13,39,780,Road,27.532500000000002,31.4,-4223738124.7373476,-1129872554.725762,0.10047619047619048,-4223738124.7373466,-3901909725.170789,0.01904761904761905,2,105,2100,-4227267866.7601686,4220208382.7145247,0.3142857142857143
Rail,23.48125,15.2,-3529742.0228218464,-2947614.3282725397,0.3435897435897436,-3529742.022821847,-3288142.2627202664,0.3333333333333333,13,39,780,Road,27.646250000000002,31.4,-4236704204.600455,-1130121162.8159175,0.10047619047619048,-4236704204.6004553,-3910323672.4864755,0.01904761904761905,2,105,2100,-4240233946.623277,4233174462.5776334,0.3142857142857143
Rail,23.48125,15.2,-3529742.0228218464,-2947614.3282725397,0.3435897435897436,-3529742.022821847,-3288142.2627202664,0.3333333333333333,13,39,780,Road,27.76,31.4,-4249670284.463563,-1130369770.9060733,0.10047619047619048,-4249670284.463563,-3918737619.802162,0.01904761904761905,2,105,2100,-4253200026.486385,4246140542.440741,0.3142857142857143
Rail,23.48125,15.2,-3529742.0228218464,-2947614.3282725397,0.3435897435897436,-3529742.022821847,-3288142.2627202664,0.3333333333333333,13,39,780,Road,27.87375,31.4,-4262636364.32667,-1130618378.996229,0.10047619047619048,-4262636364.326671,-3927151567.117849,0.01904761904761905,2,105,2100,-4266166106.349493,4259106622.303849,0.3142857142857143
Rail,23.48125,15.2,-3529742.0228218464,-2947614.3282725397,0.3435897435897436,-3529742.022821847,-3288142.2627202664,0.3333333333333333,13,39,780,Road,27.9875,31.4,-4275602444.189779,-1130053142.5673504,0.10047619047619048,-4275602444.1897793,-3939412550.3008804,0.01904761904761905,2,105,2100,-4279132186.212601,4272072702.1669574,0.3142857142857143
Rail,23.48125,15.2,-3529742.0228218464,-2947614.3282725397,0.3435897435897436,-3529742.022821847,-3288142.2627202664,0.3333333333333333,13,39,780,Road,28.10125,31.4,-4288568524.052887,-1128985213.0862138,0.10047619047619048,-4288568524.0528865,-3953394607.081622,0.01904761904761905,2,105,2100,-4292098266.0757084,4285038782.0300646,0.3142857142857143
Rail,23.48125,15.2,-3529742.0228218464,-2947614.3282725397,0.3435897435897436,-3529742.022821847,-3288142.2627202664,0.3333333333333333,13,39,780,Road,28.215,31.4,-4301534603.915996,-1128174086.3538113,0.10047619047619048,-4301534603.915995,-3967376663.8623643,0.01904761904761905,2,105,2100,-4305064345.938816,4298004861.893173,0.3142857142857143
Rail,23.48125,15.2,-3529742.0228218464,-2947614.3282725397,0.3435897435897436,-3529742.022821847,-3288142.2627202664,0.3333333333333333,13,39,780,Road,28.32875,31.4,-4314500683.779103,-1128436425.5764236,0.10047619047619048,-4314500683.779103,-3981358720.643106,0.01904761904761905,2,105,2100,-4318030425.801925,4310970941.756282,0.3142857142857143
Rail,23.48125,15.2,-3529742.0228218464,-2947614.3282725397,0.3435897435897436,-3529742.022821847,-3288142.2627202664,0.3333333333333333,13,39,780,Road,28.4425,31.4,-4327466763.642212,-1128721958.5330625,0.10047619047619048,-4327466763.642211,-3995340777.423848,0.01904761904761905,2,105,2100,-4330996505.665032,4323937021.61939,0.3142857142857143
Rail,23.48125,15.2,-3529742.0228218464,-2947614.3282725397,0.3435897435897436,-3529742.022821847,-3288142.2627202664,0.3333333333333333,13,39,780,Road,28.55625,31.4,-4340432843.505318,-1129007491.4897013,0.10047619047619048,-4340432843.505319,-4009322834.20459,0.01904761904761905,2,105,2100,-4343962585.52814,4336903101.482497,0.3142857142857143
Rail,23.48125,15.2,-3529742.0228218464,-2947614.3282725397,0.3435897435897436,-3529742.022821847,-3288142.2627202664,0.3333333333333333,13,39,780,Road,28.67,31.4,-4353398923.368427,-1129293024.4463398,0.10047619047619048,-4353398923.368427,-4019144236.3541107,0.01904761904761905,2,105,2100,-4356928665.391249,4349869181.345606,0.3142857142857143
Rail,23.48125,15.2,-3529742.0228218464,-2947614.3282725397,0.3435897435897436,-3529742.022821847,-3288142.2627202664,0.3333333333333333,13,39,780,Road,28.78375,31.4,-4366365003.231536,-1129578557.4029787,0.10047619047619048,-4366365003.231535,-4028344187.013256,0.01904761904761905,2,105,2100,-4369894745.254356,4362835261.208714,0.3142857142857143
Rail,23.48125,15.2,-3529742.0228218464,-2947614.3282725397,0.3435897435897436,-3529742.022821847,-3288142.2627202664,0.3333333333333333,13,39,780,Road,28.8975,31.4,-4379331083.094643,-1129864090.3596172,0.10047619047619048,-4379331083.094644,-4040200881.5714808,0.01904761904761905,2,105,2100,-4382860825.117465,4375801341.071822,0.3142857142857143
Rail,23.48125,15.2,-3529742.0228218464,-2947614.3282725397,0.3435897435897436,-3529742.022821847,-3288142.2627202664,0.3333333333333333,13,39,780,Road,29.01125,31.4,-4392297162.957751,-1130149623.316256,0.10047619047619048,-4392297162.957751,-4052944831.792468,0.01904761904761905,2,105,2100,-4395826904.980573,4388767420.93493,0.3142857142857143
Rail,23.48125,15.2,-3529742.0228218464,-2947614.3282725397,0.3435897435897436,-3529742.022821847,-3288142.2627202664,0.3333333333333333,13,39,780,Road,29.125,31.4,-4405263242.820859,-1130435156.2728949,0.10047619047619048,-4405263242.82086,-4065688782.0134554,0.01904761904761905,2,105,2100,-4408792984.843681,4401733500.7980385,0.3142857142857143
Rail,23.48125,15.2,-3529742.0228218464,-2947614.3282725397,0.3435897435897436,-3529742.022821847,-3288142.2627202664,0.3333333333333333,13,39,780,Road,29.23875,31.4,-4418229322.683968,-1130720689.2295337,0.10047619047619048,-4418229322.683967,-4078432732.2344427,0.01904761904761905,2,105,2100,-4421759064.706788,4414699580.661145,0.3142857142857143
Rail,23.48125,15.2,-3529742.0228218464,-2947614.3282725397,0.3435897435897436,-3529742.022821847,-3288142.2627202664,0.3333333333333333,13,39,780,Road,29.3525,31.4,-4431195402.547075,-1131006222.1861722,0.10047619047619048,-4431195402.547075,-4091176682.4554305,0.01904761904761905,2,105,2100,-4434725144.569897,4427665660.524254,0.3142857142857143
Rail,23.48125,15.2,-3529742.0228218464,-2947614.3282725397,0.3435897435897436,-3529742.022821847,-3288142.2627202664,0.3333333333333333,13,39,780,Road,29.46625,31.4,-4444161482.410184,-1131318836.6494703,0.10047619047619048,-4444161482.410183,-4103920632.6764183,0.01904761904761905,2,105,2100,-4447691224.433004,4440631740.387362,0.3142857142857143
Rail,23.48125,15.2,-3529742.0228218464,-2947614.3282725397,0.3435897435897436,-3529742.022821847,-3288142.2627202664,0.3333333333333333,13,39,780,Road,29.58,31.4,-4457127562.273292,-1131652692.5152984,0.10047619047619048,-4457127562.273292,-4116664582.897405,0.01904761904761905,2,105,2100,-4460657304.296113,4453597820.25047,0.3142857142857143
Rail,23.48125,15.2,-3529742.0228218464,-2947614.3282725397,0.3435897435897436,-3529742.022821847,-3288142.2627202664,0.3333333333333333,13,39,780,Road,29.69375,31.4,-4470093642.136399,-1131986548.3811264,0.10047619047619048,-4470093642.1364,-4129408533.118394,0.01904761904761905,2,105,2100,-4473623384.159222,4466563900.113579,0.3142857142857143
Rail,23.48125,15.2,-3529742.0228218464,-2947614.3282725397,0.3435897435897436,-3529742.022821847,-3288142.2627202664,0.3333333333333333,13,39,780,Road,29.8075,31.4,-4483059721.999507,-1132399643.9010806,0.10047619047619048,-4483059721.999507,-4142152483.339381,0.01904761904761905,2,105,2100,-4486589464.022328,4479529979.976686,0.3142857142857143
Rail,23.48125,15.2,-3529742.0228218464,-2947614.3282725397,0.3435897435897436,-3529742.022821847,-3288142.2627202664,0.3333333333333333,13,39,780,Road,29.92125,31.4,-4496025801.862616,-1133220640.7194252,0.10047619047619048,-4496025801.862616,-4154896433.5603685,0.01904761904761905,2,105,2100,-4499555543.885437,4492496059.839794,0.3142857142857143
Rail,23.48125,15.2,-3529742.0228218464,-2947614.3282725397,0.3435897435897436,-3529742.022821847,-3288142.2627202664,0.3333333333333333,13,39,780,Road,30.035,31.4,-4508991881.725723,-1134041637.53777,0.10047619047619048,-4508991881.725723,-4167640383.781356,0.01904761904761905,2,105,2100,-4512521623.748545,4505462139.702902,0.3142857142857143
Rail,23.48125,15.2,-3529742.0228218464,-2947614.3282725397,0.3435897435897436,-3529742.022821847,-3288142.2627202664,0.3333333333333333,13,39,780,Road,30.14875,31.4,-4521957961.588831,-1134862634.3561149,0.10047619047619048,-4521957961.588832,-4180384334.0023437,0.01904761904761905,2,105,2100,-4525487703.611653,4518428219.56601,0.3142857142857143
Rail,23.48125,15.2,-3529742.0228218464,-2947614.3282725397,0.3435897435897436,-3529742.022821847,-3288142.2627202664,0.3333333333333333,13,39,780,Road,30.2625,31.4,-4534924041.45194,-1136086734.2343452,0.10047619047619048,-4534924041.45194,-4193128284.2233315,0.01904761904761905,2,105,2100,-4538453783.474761,4531394299.429118,0.3142857142857143
Rail,23.48125,15.2,-3529742.0228218464,-2947614.3282725397,0.3435897435897436,-3529742.022821847,-3288142.2627202664,0.3333333333333333,13,39,780,Road,30.37625,31.4,-4547890121.315047,-1137684027.005255,0.10047619047619048,-4547890121.315047,-4205872234.4443183,0.01904761904761905,2,105,2100,-4551419863.337869,4544360379.292226,0.3142857142857143
Rail,23.48125,15.2,-3529742.0228218464,-2947614.3282725397,0.3435897435897436,-3529742.022821847,-3288142.2627202664,0.3333333333333333,13,39,780,Road,30.49,31.4,-4560856201.178155,-1138628306.1565766,0.10047619047619048,-4560856201.178156,-4218616184.665306,0.01904761904761905,2,105,2100,-4564385943.200977,4557326459.155334,0.3142857142857143
Rail,23.48125,15.2,-3529742.0228218464,-2947614.3282725397,0.3435897435897436,-3529742.022821847,-3288142.2627202664,0.3333333333333333,13,39,780,Road,30.603749999999998,31.4,-4573822281.041263,-1139454162.9291048,0.10047619047619048,-4573822281.041264,-4231360134.886294,0.01904761904761905,2,105,2100,-4577352023.064085,4570292539.018442,0.3142857142857143
Rail,23.48125,15.2,-3529742.0228218464,-2947614.3282725397,0.3435897435897436,-3529742.022821847,-3288142.2627202664,0.3333333333333333,13,39,780,Road,30.7175,31.4,-4586788360.904371,-1139439918.655672,0.10047619047619048,-4586788360.904372,-4244104085.1072817,0.01904761904761905,2,105,2100,-4590318102.927194,4583258618.881551,0.3142857142857143
Rail,23.48125,15.2,-3529742.0228218464,-2947614.3282725397,0.3435897435897436,-3529742.022821847,-3288142.2627202664,0.3333333333333333,13,39,780,Road,30.831249999999997,31.4,-4599754440.76748,-1138061295.3365622,0.10047619047619048,-4599754440.767479,-4256848035.3282685,0.01904761904761905,2,105,2100,-4603284182.7903,4596224698.7446575,0.3142857142857143
Rail,23.48125,15.2,-3529742.0228218464,-2947614.3282725397,0.3435897435897436,-3529742.022821847,-3288142.2627202664,0.3333333333333333,13,39,780,Road,30.945,31.4,-4612720520.630588,-1137330797.4304318,0.10047619047619048,-4612720520.630588,-4269591985.5492563,0.01904761904761905,2,105,2100,-4616250262.653409,4609190778.607766,0.3142857142857143
Rail,23.48125,15.2,-3529742.0228218464,-2947614.3282725397,0.3435897435897436,-3529742.022821847,-3288142.2627202664,0.3333333333333333,13,39,780,Road,31.05875,31.4,-4625686600.493696,-1137579405.5205877,0.10047619047619048,-4625686600.493695,-4282335935.7702436,0.01904761904761905,2,105,2100,-4629216342.516517,4622156858.470874,0.3142857142857143
Rail,23.48125,15.2,-3529742.0228218464,-2947614.3282725397,0.3435897435897436,-3529742.022821847,-3288142.2627202664,0.3333333333333333,13,39,780,Road,31.1725,31.4,-4638652680.356804,-1137828013.6107433,0.10047619047619048,-4638652680.356805,-4295079885.991232,0.01904761904761905,2,105,2100,-4642182422.379626,4635122938.333983,0.3142857142857143
Rail,23.48125,15.2,-3529742.0228218464,-2947614.3282725397,0.3435897435897436,-3529742.022821847,-3288142.2627202664,0.3333333333333333,13,39,780,Road,31.28625,31.4,-4651618760.219912,-1138076621.7008991,0.10047619047619048,-4651618760.219912,-4307823836.212219,0.01904761904761905,2,105,2100,-4655148502.242733,4648089018.19709,0.3142857142857143
Rail,23.48125,15.2,-3529742.0228218464,-2947614.3282725397,0.3435897435897436,-3529742.022821847,-3288142.2627202664,0.3333333333333333,13,39,780,Road,31.4,31.4,-4664584840.083019,-1138335947.347439,0.10047619047619048,-4664584840.083019,-4320567786.433207,0.01904761904761905,2,105,2100,-4668114582.105841,4661055098.060198,0.3142857142857143
Rail,23.732499999999998,15.2,-3461044.3427534644,-2828390.5927326456,0.35128205128205126,-3461044.342753464,-3211455.8553818855,0.358974358974359,14,39,780,Road,26.85,31.4,-4145941645.5586987,-1128380906.1848278,0.10047619047619048,-4145941645.558698,-3830177839.9219346,0.01904761904761905,2,105,2100,-4149402689.9014516,4142480601.215945,0.33992673992673994
Rail,23.732499999999998,15.2,-3461044.3427534644,-2828390.5927326456,0.35128205128205126,-3461044.342753464,-3211455.8553818855,0.358974358974359,14,39,780,Road,26.96375,31.4,-4158907725.421807,-1128629514.274984,0.10047619047619048,-4158907725.421807,-3842950509.708068,0.01904761904761905,2,105,2100,-4162368769.76456,4155446681.0790534,0.33992673992673994
Rail,23.732499999999998,15.2,-3461044.3427534644,-2828390.5927326456,0.35128205128205126,-3461044.342753464,-3211455.8553818855,0.358974358974359,14,39,780,Road,27.0775,31.4,-4171873805.2849145,-1128878122.3651395,0.10047619047619048,-4171873805.284915,-3855723179.4942007,0.01904761904761905,2,105,2100,-4175334849.6276684,4168412760.9421616,0.33992673992673994
Rail,23.732499999999998,15.2,-3461044.3427534644,-2828390.5927326456,0.35128205128205126,-3461044.342753464,-3211455.8553818855,0.358974358974359,14,39,780,Road,27.19125,31.4,-4184839885.1480227,-1129126730.455295,0.10047619047619048,-4184839885.148023,-3868495849.2803345,0.01904761904761905,2,105,2100,-4188300929.4907765,4181378840.8052697,0.33992673992673994
Rail,23.732499999999998,15.2,-3461044.3427534644,-2828390.5927326456,0.35128205128205126,-3461044.342753464,-3211455.8553818855,0.358974358974359,14,39,780,Road,27.305,31.4,-4197805965.011131,-1129375338.5454507,0.10047619047619048,-4197805965.0111313,-3881268519.0664682,0.01904761904761905,2,105,2100,-4201267009.3538847,4194344920.668378,0.33992673992673994
Rail,23.732499999999998,15.2,-3461044.3427534644,-2828390.5927326456,0.35128205128205126,-3461044.342753464,-3211455.8553818855,0.358974358974359,14,39,780,Road,27.418750000000003,31.4,-4210772044.8742394,-1129623946.6356063,0.10047619047619048,-4210772044.8742385,-3893495777.8551016,0.01904761904761905,2,105,2100,-4214233089.216992,4207311000.531485,0.33992673992673994
Rail,23.732499999999998,15.2,-3461044.3427534644,-2828390.5927326456,0.35128205128205126,-3461044.342753464,-3211455.8553818855,0.358974358974359,14,39,780,Road,27.532500000000002,31.4,-4223738124.7373476,-1129872554.725762,0.10047619047619048,-4223738124.7373466,-3901909725.170789,0.01904761904761905,2,105,2100,-4227199169.0801,4220277080.3945932,0.33992673992673994
Rail,23.732499999999998,15.2,-3461044.3427534644,-2828390.5927326456,0.35128205128205126,-3461044.342753464,-3211455.8553818855,0.358974358974359,14,39,780,Road,27.646250000000002,31.4,-4236704204.600455,-1130121162.8159175,0.10047619047619048,-4236704204.6004553,-3910323672.4864755,0.01904761904761905,2,105,2100,-4240165248.9432087,4233243160.257702,0.33992673992673994
Rail,23.732499999999998,15.2,-3461044.3427534644,-2828390.5927326456,0.35128205128205126,-3461044.342753464,-3211455.8553818855,0.358974358974359,14,39,780,Road,27.76,31.4,-4249670284.463563,-1130369770.9060733,0.10047619047619048,-4249670284.463563,-3918737619.802162,0.01904761904761905,2,105,2100,-4253131328.8063164,4246209240.1208096,0.33992673992673994
Rail,23.732499999999998,15.2,-3461044.3427534644,-2828390.5927326456,0.35128205128205126,-3461044.342753464,-3211455.8553818855,0.358974358974359,14,39,780,Road,27.87375,31.4,-4262636364.32667,-1130618378.996229,0.10047619047619048,-4262636364.326671,-3927151567.117849,0.01904761904761905,2,105,2100,-4266097408.6694245,4259175319.9839177,0.33992673992673994
Rail,23.732499999999998,15.2,-3461044.3427534644,-2828390.5927326456,0.35128205128205126,-3461044.342753464,-3211455.8553818855,0.358974358974359,14,39,780,Road,27.9875,31.4,-4275602444.189779,-1130053142.5673504,0.10047619047619048,-4275602444.1897793,-3939412550.3008804,0.01904761904761905,2,105,2100,-4279063488.5325327,4272141399.847026,0.33992673992673994
Rail,23.732499999999998,15.2,-3461044.3427534644,-2828390.5927326456,0.35128205128205126,-3461044.342753464,-3211455.8553818855,0.358974358974359,14,39,780,Road,28.10125,31.4,-4288568524.052887,-1128985213.0862138,0.10047619047619048,-4288568524.0528865,-3953394607.081622,0.01904761904761905,2,105,2100,-4292029568.39564,4285107479.710133,0.33992673992673994
Rail,23.732499999999998,15.2,-3461044.3427534644,-2828390.5927326456,0.35128205128205126,-3461044.342753464,-3211455.8553818855,0.358974358974359,14,39,780,Road,28.215,31.4,-4301534603.915996,-1128174086.3538113,0.10047619047619048,-4301534603.915995,-3967376663.8623643,0.01904761904761905,2,105,2100,-4304995648.258748,4298073559.573241,0.33992673992673994
Rail,23.732499999999998,15.2,-3461044.3427534644,-2828390.5927326456,0.35128205128205126,-3461044.342753464,-3211455.8553818855,0.358974358974359,14,39,780,Road,28.32875,31.4,-4314500683.779103,-1128436425.5764236,0.10047619047619048,-4314500683.779103,-3981358720.643106,0.01904761904761905,2,105,2100,-4317961728.121857,4311039639.43635,0.33992673992673994
Rail,23.732499999999998,15.2,-3461044.3427534644,-2828390.5927326456,0.35128205128205126,-3461044.342753464,-3211455.8553818855,0.358974358974359,14,39,780,Road,28.4425,31.4,-4327466763.642212,-1128721958.5330625,0.10047619047619048,-4327466763.642211,-3995340777.423848,0.01904761904761905,2,105,2100,-4330927807.984964,4324005719.299458,0.33992673992673994
Rail,23.732499999999998,15.2,-3461044.3427534644,-2828390.5927326456,0.35128205128205126,-3461044.342753464,-3211455.8553818855,0.358974358974359,14,39,780,Road,28.55625,31.4,-4340432843.505318,-1129007491.4897013,0.10047619047619048,-4340432843.505319,-4009322834.20459,0.01904761904761905,2,105,2100,-4343893887.848072,4336971799.162565,0.33992673992673994
Rail,23.732499999999998,15.2,-3461044.3427534644,-2828390.5927326456,0.35128205128205126,-3461044.342753464,-3211455.8553818855,0.358974358974359,14,39,780,Road,28.67,31.4,-4353398923.368427,-1129293024.4463398,0.10047619047619048,-4353398923.368427,-4019144236.3541107,0.01904761904761905,2,105,2100,-4356859967.711181,4349937879.025674,0.33992673992673994
Rail,23.732499999999998,15.2,-3461044.3427534644,-2828390.5927326456,0.35128205128205126,-3461044.342753464,-3211455.8553818855,0.358974358974359,14,39,780,Road,28.78375,31.4,-4366365003.231536,-1129578557.4029787,0.10047619047619048,-4366365003.231535,-4028344187.013256,0.01904761904761905,2,105,2100,-4369826047.574288,4362903958.888782,0.33992673992673994
Rail,23.732499999999998,15.2,-3461044.3427534644,-2828390.5927326456,0.35128205128205126,-3461044.342753464,-3211455.8553818855,0.358974358974359,14,39,780,Road,28.8975,31.4,-4379331083.094643,-1129864090.3596172,0.10047619047619048,-4379331083.094644,-4040200881.5714808,0.01904761904761905,2,105,2100,-4382792127.437397,4375870038.75189,0.33992673992673994
Rail,23.732499999999998,15.2,-3461044.3427534644,-2828390.5927326456,0.35128205128205126,-3461044.342753464,-3211455.8553818855,0.358974358974359,14,39,780,Road,29.01125,31.4,-4392297162.957751,-1130149623.316256,0.10047619047619048,-4392297162.957751,-4052944831.792468,0.01904761904761905,2,105,2100,-4395758207.300505,4388836118.614998,0.33992673992673994
Rail,23.732499999999998,15.2,-3461044.3427534644,-2828390.5927326456,0.35128205128205126,-3461044.342753464,-3211455.8553818855,0.358974358974359,14,39,780,Road,29.125,31.4,-4405263242.820859,-1130435156.2728949,0.10047619047619048,-4405263242.82086,-4065688782.0134554,0.01904761904761905,2,105,2100,-4408724287.163613,4401802198.4781065,0.33992673992673994
Rail,23.732499999999998,15.2,-3461044.3427534644,-2828390.5927326456,0.35128205128205126,-3461044.342753464,-3211455.8553818855,0.358974358974359,14,39,780,Road,29.23875,31.4,-4418229322.683968,-1130720689.2295337,0.10047619047619048,-4418229322.683967,-4078432732.2344427,0.01904761904761905,2,105,2100,-4421690367.02672,4414768278.341213,0.33992673992673994
Rail,23.732499999999998,15.2,-3461044.3427534644,-2828390.5927326456,0.35128205128205126,-3461044.342753464,-3211455.8553818855,0.358974358974359,14,39,780,Road,29.3525,31.4,-4431195402.547075,-1131006222.1861722,0.10047619047619048,-4431195402.547075,-4091176682.4554305,0.01904761904761905,2,105,2100,-4434656446.889829,4427734358.204322,0.33992673992673994
Rail,23.732499999999998,15.2,-3461044.3427534644,-2828390.5927326456,0.35128205128205126,-3461044.342753464,-3211455.8553818855,0.358974358974359,14,39,780,Road,29.46625,31.4,-4444161482.410184,-1131318836.6494703,0.10047619047619048,-4444161482.410183,-4103920632.6764183,0.01904761904761905,2,105,2100,-4447622526.752936,4440700438.06743,0.33992673992673994
Rail,23.732499999999998,15.2,-3461044.3427534644,-2828390.5927326456,0.35128205128205126,-3461044.342753464,-3211455.8553818855,0.358974358974359,14,39,780,Road,29.58,31.4,-4457127562.273292,-1131652692.5152984,0.10047619047619048,-4457127562.273292,-4116664582.897405,0.01904761904761905,2,105,2100,-4460588606.616045,4453666517.930538,0.33992673992673994
Rail,23.732499999999998,15.2,-3461044.3427534644,-2828390.5927326456,0.35128205128205126,-3461044.342753464,-3211455.8553818855,0.358974358974359,14,39,780,Road,29.69375,31.4,-4470093642.136399,-1131986548.3811264,0.10047619047619048,-4470093642.1364,-4129408533.118394,0.01904761904761905,2,105,2100,-4473554686.479154,4466632597.793647,0.33992673992673994
Rail,23.732499999999998,15.2,-3461044.3427534644,-2828390.5927326456,0.35128205128205126,-3461044.342753464,-3211455.8553818855,0.358974358974359,14,39,780,Road,29.8075,31.4,-4483059721.999507,-1132399643.9010806,0.10047619047619048,-4483059721.999507,-4142152483.339381,0.01904761904761905,2,105,2100,-4486520766.34226,4479598677.656754,0.33992673992673994
Rail,23.732499999999998,15.2,-3461044.3427534644,-2828390.5927326456,0.35128205128205126,-3461044.342753464,-3211455.8553818855,0.358974358974359,14,39,780,Road,29.92125,31.4,-4496025801.862616,-1133220640.7194252,0.10047619047619048,-4496025801.862616,-4154896433.5603685,0.01904761904761905,2,105,2100,-4499486846.205369,4492564757.519862,0.33992673992673994
Rail,23.732499999999998,15.2,-3461044.3427534644,-2828390.5927326456,0.35128205128205126,-3461044.342753464,-3211455.8553818855,0.358974358974359,14,39,780,Road,30.035,31.4,-4508991881.725723,-1134041637.53777,0.10047619047619048,-4508991881.725723,-4167640383.781356,0.01904761904761905,2,105,2100,-4512452926.068477,4505530837.38297,0.33992673992673994
Rail,23.732499999999998,15.2,-3461044.3427534644,-2828390.5927326456,0.35128205128205126,-3461044.342753464,-3211455.8553818855,0.358974358974359,14,39,780,Road,30.14875,31.4,-4521957961.588831,-1134862634.3561149,0.10047619047619048,-4521957961.588832,-4180384334.0023437,0.01904761904761905,2,105,2100,-4525419005.931585,4518496917.2460785,0.33992673992673994
Rail,23.732499999999998,15.2,-3461044.3427534644,-2828390.5927326456,0.35128205128205126,-3461044.342753464,-3211455.8553818855,0.358974358974359,14,39,780,Road,30.2625,31.4,-4534924041.45194,-1136086734.2343452,0.10047619047619048,-4534924041.45194,-4193128284.2233315,0.01904761904761905,2,105,2100,-4538385085.794693,4531462997.109186,0.33992673992673994
Rail,23.732499999999998,15.2,-3461044.3427534644,-2828390.5927326456,0.35128205128205126,-3461044.342753464,-3211455.8553818855,0.358974358974359,14,39,780,Road,30.37625,31.4,-4547890121.315047,-1137684027.005255,0.10047619047619048,-4547890121.315047,-4205872234.4443183,0.01904761904761905,2,105,2100,-4551351165.657801,4544429076.972294,0.33992673992673994
Rail,23.732499999999998,15.2,-3461044.3427534644,-2828390.5927326456,0.35128205128205126,-3461044.342753464,-3211455.8553818855,0.358974358974359,14,39,780,Road,30.49,31.4,-4560856201.178155,-1138628306.1565766,0.10047619047619048,-4560856201.178156,-4218616184.665306,0.01904761904761905,2,105,2100,-4564317245.520909,4557395156.8354025,0.33992673992673994
Rail,23.732499999999998,15.2,-3461044.3427534644,-2828390.5927326456,0.35128205128205126,-3461044.342753464,-3211455.8553818855,0.358974358974359,14,39,780,Road,30.603749999999998,31.4,-4573822281.041263,-1139454162.9291048,0.10047619047619048,-4573822281.041264,-4231360134.886294,0.01904761904761905,2,105,2100,-4577283325.384017,4570361236.69851,0.33992673992673994
Rail,23.732499999999998,15.2,-3461044.3427534644,-2828390.5927326456,0.35128205128205126,-3461044.342753464,-3211455.8553818855,0.358974358974359,14,39,780,Road,30.7175,31.4,-4586788360.904371,-1139439918.655672,0.10047619047619048,-4586788360.904372,-4244104085.1072817,0.01904761904761905,2,105,2100,-4590249405.247126,4583327316.561619,0.33992673992673994
Rail,23.732499999999998,15.2,-3461044.3427534644,-2828390.5927326456,0.35128205128205126,-3461044.342753464,-3211455.8553818855,0.358974358974359,14,39,780,Road,30.831249999999997,31.4,-4599754440.76748,-1138061295.3365622,0.10047619047619048,-4599754440.767479,-4256848035.3282685,0.01904761904761905,2,105,2100,-4603215485.110232,4596293396.424726,0.33992673992673994
Rail,23.732499999999998,15.2,-3461044.3427534644,-2828390.5927326456,0.35128205128205126,-3461044.342753464,-3211455.8553818855,0.358974358974359,14,39,780,Road,30.945,31.4,-4612720520.630588,-1137330797.4304318,0.10047619047619048,-4612720520.630588,-4269591985.5492563,0.01904761904761905,2,105,2100,-4616181564.973341,4609259476.287834,0.33992673992673994
Rail,23.732499999999998,15.2,-3461044.3427534644,-2828390.5927326456,0.35128205128205126,-3461044.342753464,-3211455.8553818855,0.358974358974359,14,39,780,Road,31.05875,31.4,-4625686600.493696,-1137579405.5205877,0.10047619047619048,-4625686600.493695,-4282335935.7702436,0.01904761904761905,2,105,2100,-4629147644.836449,4622225556.150942,0.33992673992673994
Rail,23.732499999999998,15.2,-3461044.3427534644,-2828390.5927326456,0.35128205128205126,-3461044.342753464,-3211455.8553818855,0.358974358974359,14,39,780,Road,31.1725,31.4,-4638652680.356804,-1137828013.6107433,0.10047619047619048,-4638652680.356805,-4295079885.991232,0.01904761904761905,2,105,2100,-4642113724.699558,4635191636.014051,0.33992673992673994
Rail,23.732499999999998,15.2,-3461044.3427534644,-2828390.5927326456,0.35128205128205126,-3461044.342753464,-3211455.8553818855,0.358974358974359,14,39,780,Road,31.28625,31.4,-4651618760.219912,-1138076621.7008991,0.10047619047619048,-4651618760.219912,-4307823836.212219,0.01904761904761905,2,105,2100,-4655079804.562665,4648157715.877158,0.33992673992673994
Rail,23.732499999999998,15.2,-3461044.3427534644,-2828390.5927326456,0.35128205128205126,-3461044.342753464,-3211455.8553818855,0.358974358974359,14,39,780,Road,31.4,31.4,-4664584840.083019,-1138335947.347439,0.10047619047619048,-4664584840.083019,-4320567786.433207,0.01904761904761905,2,105,2100,-4668045884.425773,4661123795.740266,0.33992673992673994
Rail,23.98375,15.2,-3392346.662685081,-2703925.0602788404,0.35384615384615387,-3392346.6626850804,-3134769.448043504,0.358974358974359,14,39,780,Road,26.85,31.4,-4145941645.5586987,-1128380906.1848278,0.10047619047619048,-4145941645.558698,-3830177839.9219346,0.01904761904761905,2,105,2100,-4149333992.221383,4142549298.8960133,0.33992673992673994
Rail,23.98375,15.2,-3392346.662685081,-2703925.0602788404,0.35384615384615387,-3392346.6626850804,-3134769.448043504,0.358974358974359,14,39,780,Road,26.96375,31.4,-4158907725.421807,-1128629514.274984,0.10047619047619048,-4158907725.421807,-3842950509.708068,0.01904761904761905,2,105,2100,-4162300072.0844917,4155515378.759122,0.33992673992673994
Rail,23.98375,15.2,-3392346.662685081,-2703925.0602788404,0.35384615384615387,-3392346.6626850804,-3134769.448043504,0.358974358974359,14,39,780,Road,27.0775,31.4,-4171873805.2849145,-1128878122.3651395,0.10047619047619048,-4171873805.284915,-3855723179.4942007,0.01904761904761905,2,105,2100,-4175266151.9476,4168481458.62223,0.33992673992673994
Rail,23.98375,15.2,-3392346.662685081,-2703925.0602788404,0.35384615384615387,-3392346.6626850804,-3134769.448043504,0.358974358974359,14,39,780,Road,27.19125,31.4,-4184839885.1480227,-1129126730.455295,0.10047619047619048,-4184839885.148023,-3868495849.2803345,0.01904761904761905,2,105,2100,-4188232231.810708,4181447538.485338,0.33992673992673994
Rail,23.98375,15.2,-3392346.662685081,-2703925.0602788404,0.35384615384615387,-3392346.6626850804,-3134769.448043504,0.358974358974359,14,39,780,Road,27.305,31.4,-4197805965.011131,-1129375338.5454507,0.10047619047619048,-4197805965.0111313,-3881268519.0664682,0.01904761904761905,2,105,2100,-4201198311.673816,4194413618.3484464,0.33992673992673994
Rail,23.98375,15.2,-3392346.662685081,-2703925.0602788404,0.35384615384615387,-3392346.6626850804,-3134769.448043504,0.358974358974359,14,39,780,Road,27.418750000000003,31.4,-4210772044.8742394,-1129623946.6356063,0.10047619047619048,-4210772044.8742385,-3893495777.8551016,0.01904761904761905,2,105,2100,-4214164391.5369234,4207379698.2115536,0.33992673992673994
Rail,23.98375,15.2,-3392346.662685081,-2703925.0602788404,0.35384615384615387,-3392346.6626850804,-3134769.448043504,0.358974358974359,14,39,780,Road,27.532500000000002,31.4,-4223738124.7373476,-1129872554.725762,0.10047619047619048,-4223738124.7373466,-3901909725.170789,0.01904761904761905,2,105,2100,-4227130471.4000316,4220345778.0746617,0.33992673992673994
Rail,23.98375,15.2,-3392346.662685081,-2703925.0602788404,0.35384615384615387,-3392346.6626850804,-3134769.448043504,0.358974358974359,14,39,780,Road,27.646250000000002,31.4,-4236704204.600455,-1130121162.8159175,0.10047619047619048,-4236704204.6004553,-3910323672.4864755,0.01904761904761905,2,105,2100,-4240096551.26314,4233311857.9377704,0.33992673992673994
Rail,23.98375,15.2,-3392346.662685081,-2703925.0602788404,0.35384615384615387,-3392346.6626850804,-3134769.448043504,0.358974358974359,14,39,780,Road,27.76,31.4,-4249670284.463563,-1130369770.9060733,0.10047619047619048,-4249670284.463563,-3918737619.802162,0.01904761904761905,2,105,2100,-4253062631.126248,4246277937.800878,0.33992673992673994
Rail,23.98375,15.2,-3392346.662685081,-2703925.0602788404,0.35384615384615387,-3392346.6626850804,-3134769.448043504,0.358974358974359,14,39,780,Road,27.87375,31.4,-4262636364.32667,-1130618378.996229,0.10047619047619048,-4262636364.326671,-3927151567.117849,0.01904761904761905,2,105,2100,-4266028710.989356,4259244017.663986,0.33992673992673994
Rail,23.98375,15.2,-3392346.662685081,-2703925.0602788404,0.35384615384615387,-3392346.6626850804,-3134769.448043504,0.358974358974359,14,39,780,Road,27.9875,31.4,-4275602444.189779,-1130053142.5673504,0.10047619047619048,-4275602444.1897793,-3939412550.3008804,0.01904761904761905,2,105,2100,-4278994790.852464,4272210097.5270944,0.33992673992673994
Rail,23.98375,15.2,-3392346.662685081,-2703925.0602788404,0.35384615384615387,-3392346.6626850804,-3134769.448043504,0.358974358974359,14,39,780,Road,28.10125,31.4,-4288568524.052887,-1128985213.0862138,0.10047619047619048,-4288568524.0528865,-3953394607.081622,0.01904761904761905,2,105,2100,-4291960870.7155714,4285176177.3902016,0.33992673992673994
Rail,23.98375,15.2,-3392346.662685081,-2703925.0602788404,0.35384615384615387,-3392346.6626850804,-3134769.448043504,0.358974358974359,14,39,780,Road,28.215,31.4,-4301534603.915996,-1128174086.3538113,0.10047619047619048,-4301534603.915995,-3967376663.8623643,0.01904761904761905,2,105,2100,-4304926950.57868,4298142257.253309,0.33992673992673994
Rail,23.98375,15.2,-3392346.662685081,-2703925.0602788404,0.35384615384615387,-3392346.6626850804,-3134769.448043504,0.358974358974359,14,39,780,Road,28.32875,31.4,-4314500683.779103,-1128436425.5764236,0.10047619047619048,-4314500683.779103,-3981358720.643106,0.01904761904761905,2,105,2100,-4317893030.441789,4311108337.116418,0.33992673992673994
Rail,23.98375,15.2,-3392346.662685081,-2703925.0602788404,0.35384615384615387,-3392346.6626850804,-3134769.448043504,0.358974358974359,14,39,780,Road,28.4425,31.4,-4327466763.642212,-1128721958.5330625,0.10047619047619048,-4327466763.642211,-3995340777.423848,0.01904761904761905,2,105,2100,-4330859110.304896,4324074416.979526,0.33992673992673994
Rail,23.98375,15.2,-3392346.662685081,-2703925.0602788404,0.35384615384615387,-3392346.6626850804,-3134769.448043504,0.358974358974359,14,39,780,Road,28.55625,31.4,-4340432843.505318,-1129007491.4897013,0.10047619047619048,-4340432843.505319,-4009322834.20459,0.01904761904761905,2,105,2100,-4343825190.168004,4337040496.842633,0.33992673992673994
Rail,23.98375,15.2,-3392346.662685081,-2703925.0602788404,0.35384615384615387,-3392346.6626850804,-3134769.448043504,0.358974358974359,14,39,780,Road,28.67,31.4,-4353398923.368427,-1129293024.4463398,0.10047619047619048,-4353398923.368427,-4019144236.3541107,0.01904761904761905,2,105,2100,-4356791270.031113,4350006576.705742,0.33992673992673994
Rail,23.98375,15.2,-3392346.662685081,-2703925.0602788404,0.35384615384615387,-3392346.6626850804,-3134769.448043504,0.358974358974359,14,39,780,Road,28.78375,31.4,-4366365003.231536,-1129578557.4029787,0.10047619047619048,-4366365003.231535,-4028344187.013256,0.01904761904761905,2,105,2100,-4369757349.89422,4362972656.56885,0.33992673992673994
Rail,23.98375,15.2,-3392346.662685081,-2703925.0602788404,0.35384615384615387,-3392346.6626850804,-3134769.448043504,0.358974358974359,14,39,780,Road,28.8975,31.4,-4379331083.094643,-1129864090.3596172,0.10047619047619048,-4379331083.094644,-4040200881.5714808,0.01904761904761905,2,105,2100,-4382723429.757329,4375938736.431958,0.33992673992673994
Rail,23.98375,15.2,-3392346.662685081,-2703925.0602788404,0.35384615384615387,-3392346.6626850804,-3134769.448043504,0.358974358974359,14,39,780,Road,29.01125,31.4,-4392297162.957751,-1130149623.316256,0.10047619047619048,-4392297162.957751,-4052944831.792468,0.01904761904761905,2,105,2100,-4395689509.620437,4388904816.295066,0.33992673992673994
Rail,23.98375,15.2,-3392346.662685081,-2703925.0602788404,0.35384615384615387,-3392346.6626850804,-3134769.448043504,0.358974358974359,14,39,780,Road,29.125,31.4,-4405263242.820859,-1130435156.2728949,0.10047619047619048,-4405263242.82086,-4065688782.0134554,0.01904761904761905,2,105,2100,-4408655589.483545,4401870896.1581745,0.33992673992673994
Rail,23.98375,15.2,-3392346.662685081,-2703925.0602788404,0.35384615384615387,-3392346.6626850804,-3134769.448043504,0.358974358974359,14,39,780,Road,29.23875,31.4,-4418229322.683968,-1130720689.2295337,0.10047619047619048,-4418229322.683967,-4078432732.2344427,0.01904761904761905,2,105,2100,-4421621669.346652,4414836976.021281,0.33992673992673994
Rail,23.98375,15.2,-3392346.662685081,-2703925.0602788404,0.35384615384615387,-3392346.6626850804,-3134769.448043504,0.358974358974359,14,39,780,Road,29.3525,31.4,-4431195402.547075,-1131006222.1861722,0.10047619047619048,-4431195402.547075,-4091176682.4554305,0.01904761904761905,2,105,2100,-4434587749.209761,4427803055.88439,0.33992673992673994
Rail,23.98375,15.2,-3392346.662685081,-2703925.0602788404,0.35384615384615387,-3392346.6626850804,-3134769.448043504,0.358974358974359,14,39,780,Road,29.46625,31.4,-4444161482.410184,-1131318836.6494703,0.10047619047619048,-4444161482.410183,-4103920632.6764183,0.01904761904761905,2,105,2100,-4447553829.072868,4440769135.747498,0.33992673992673994
Rail,23.98375,15.2,-3392346.662685081,-2703925.0602788404,0.35384615384615387,-3392346.6626850804,-3134769.448043504,0.358974358974359,14,39,780,Road,29.58,31.4,-4457127562.273292,-1131652692.5152984,0.10047619047619048,-4457127562.273292,-4116664582.897405,0.01904761904761905,2,105,2100,-4460519908.935977,4453735215.610606,0.33992673992673994
Rail,23.98375,15.2,-3392346.662685081,-2703925.0602788404,0.35384615384615387,-3392346.6626850804,-3134769.448043504,0.358974358974359,14,39,780,Road,29.69375,31.4,-4470093642.136399,-1131986548.3811264,0.10047619047619048,-4470093642.1364,-4129408533.118394,0.01904761904761905,2,105,2100,-4473485988.799086,4466701295.473715,0.33992673992673994
Rail,23.98375,15.2,-3392346.662685081,-2703925.0602788404,0.35384615384615387,-3392346.6626850804,-3134769.448043504,0.358974358974359,14,39,780,Road,29.8075,31.4,-4483059721.999507,-1132399643.9010806,0.10047619047619048,-4483059721.999507,-4142152483.339381,0.01904761904761905,2,105,2100,-4486452068.662192,4479667375.336822,0.33992673992673994
Rail,23.98375,15.2,-3392346.662685081,-2703925.0602788404,0.35384615384615387,-3392346.6626850804,-3134769.448043504,0.358974358974359,14,39,780,Road,29.92125,31.4,-4496025801.862616,-1133220640.7194252,0.10047619047619048,-4496025801.862616,-4154896433.5603685,0.01904761904761905,2,105,2100,-4499418148.525301,4492633455.19993,0.33992673992673994
Rail,23.98375,15.2,-3392346.662685081,-2703925.0602788404,0.35384615384615387,-3392346.6626850804,-3134769.448043504,0.358974358974359,14,39,780,Road,30.035,31.4,-4508991881.725723,-1134041637.53777,0.10047619047619048,-4508991881.725723,-4167640383.781356,0.01904761904761905,2,105,2100,-4512384228.388409,4505599535.063038,0.33992673992673994
Rail,23.98375,15.2,-3392346.662685081,-2703925.0602788404,0.35384615384615387,-3392346.6626850804,-3134769.448043504,0.358974358974359,14,39,780,Road,30.14875,31.4,-4521957961.588831,-1134862634.3561149,0.10047619047619048,-4521957961.588832,-4180384334.0023437,0.01904761904761905,2,105,2100,-4525350308.251517,4518565614.9261465,0.33992673992673994
Rail,23.98375,15.2,-3392346.662685081,-2703925.0602788404,0.35384615384615387,-3392346.6626850804,-3134769.448043504,0.358974358974359,14,39,780,Road,30.2625,31.4,-4534924041.45194,-1136086734.2343452,0.10047619047619048,-4534924041.45194,-4193128284.2233315,0.01904761904761905,2,105,2100,-4538316388.114625,4531531694.789254,0.33992673992673994
Rail,23.98375,15.2,-3392346.662685081,-2703925.0602788404,0.35384615384615387,-3392346.6626850804,-3134769.448043504,0.358974358974359,14,39,780,Road,30.37625,31.4,-4547890121.315047,-1137684027.005255,0.10047619047619048,-4547890121.315047,-4205872234.4443183,0.01904761904761905,2,105,2100,-4551282467.977733,4544497774.652362,0.33992673992673994
Rail,23.98375,15.2,-3392346.662685081,-2703925.0602788404,0.35384615384615387,-3392346.6626850804,-3134769.448043504,0.358974358974359,14,39,780,Road,30.49,31.4,-4560856201.178155,-1138628306.1565766,0.10047619047619048,-4560856201.178156,-4218616184.665306,0.01904761904761905,2,105,2100,-4564248547.840841,4557463854.5154705,0.33992673992673994
Rail,23.98375,15.2,-3392346.662685081,-2703925.0602788404,0.35384615384615387,-3392346.6626850804,-3134769.448043504,0.358974358974359,14,39,780,Road,30.603749999999998,31.4,-4573822281.041263,-1139454162.9291048,0.10047619047619048,-4573822281.041264,-4231360134.886294,0.01904761904761905,2,105,2100,-4577214627.703949,4570429934.378578,0.33992673992673994
Rail,23.98375,15.2,-3392346.662685081,-2703925.0602788404,0.35384615384615387,-3392346.6626850804,-3134769.448043504,0.358974358974359,14,39,780,Road,30.7175,31.4,-4586788360.904371,-1139439918.655672,0.10047619047619048,-4586788360.904372,-4244104085.1072817,0.01904761904761905,2,105,2100,-4590180707.567058,4583396014.241687,0.33992673992673994
Rail,23.98375,15.2,-3392346.662685081,-2703925.0602788404,0.35384615384615387,-3392346.6626850804,-3134769.448043504,0.358974358974359,14,39,780,Road,30.831249999999997,31.4,-4599754440.76748,-1138061295.3365622,0.10047619047619048,-4599754440.767479,-4256848035.3282685,0.01904761904761905,2,105,2100,-4603146787.430164,4596362094.104794,0.33992673992673994
Rail,23.98375,15.2,-3392346.662685081,-2703925.0602788404,0.35384615384615387,-3392346.6626850804,-3134769.448043504,0.358974358974359,14,39,780,Road,30.945,31.4,-4612720520.630588,-1137330797.4304318,0.10047619047619048,-4612720520.630588,-4269591985.5492563,0.01904761904761905,2,105,2100,-4616112867.293273,4609328173.967902,0.33992673992673994
Rail,23.98375,15.2,-3392346.662685081,-2703925.0602788404,0.35384615384615387,-3392346.6626850804,-3134769.448043504,0.358974358974359,14,39,780,Road,31.05875,31.4,-4625686600.493696,-1137579405.5205877,0.10047619047619048,-4625686600.493695,-4282335935.7702436,0.01904761904761905,2,105,2100,-4629078947.156381,4622294253.83101,0.33992673992673994
Rail,23.98375,15.2,-3392346.662685081,-2703925.0602788404,0.35384615384615387,-3392346.6626850804,-3134769.448043504,0.358974358974359,14,39,780,Road,31.1725,31.4,-4638652680.356804,-1137828013.6107433,0.10047619047619048,-4638652680.356805,-4295079885.991232,0.01904761904761905,2,105,2100,-4642045027.01949,4635260333.694119,0.33992673992673994
Rail,23.98375,15.2,-3392346.662685081,-2703925.0602788404,0.35384615384615387,-3392346.6626850804,-3134769.448043504,0.358974358974359,14,39,780,Road,31.28625,31.4,-4651618760.219912,-1138076621.7008991,0.10047619047619048,-4651618760.219912,-4307823836.212219,0.01904761904761905,2,105,2100,-4655011106.882597,4648226413.557226,0.33992673992673994
Rail,23.98375,15.2,-3392346.662685081,-2703925.0602788404,0.35384615384615387,-3392346.6626850804,-3134769.448043504,0.358974358974359,14,39,780,Road,31.4,31.4,-4664584840.083019,-1138335947.347439,0.10047619047619048,-4664584840.083019,-4320567786.433207,0.01904761904761905,2,105,2100,-4667977186.745705,4661192493.420334,0.33992673992673994
Rail,24.235,15.2,-3323648.9826166984,-2641608.215026782,0.3564102564102564,-3323648.982616699,-3058083.040705123,0.358974358974359,14,39,780,Road,26.85,31.4,-4145941645.5586987,-1128380906.1848278,0.10047619047619048,-4145941645.558698,-3830177839.9219346,0.01904761904761905,2,105,2100,-4149265294.541315,4142617996.5760813,0.33992673992673994
Rail,24.235,15.2,-3323648.9826166984,-2641608.215026782,0.3564102564102564,-3323648.982616699,-3058083.040705123,0.358974358974359,14,39,780,Road,26.96375,31.4,-4158907725.421807,-1128629514.274984,0.10047619047619048,-4158907725.421807,-3842950509.708068,0.01904761904761905,2,105,2100,-4162231374.4044237,4155584076.43919,0.33992673992673994
Rail,24.235,15.2,-3323648.9826166984,-2641608.215026782,0.3564102564102564,-3323648.982616699,-3058083.040705123,0.358974358974359,14,39,780,Road,27.0775,31.4,-4171873805.2849145,-1128878122.3651395,0.10047619047619048,-4171873805.284915,-3855723179.4942007,0.01904761904761905,2,105,2100,-4175197454.267532,4168550156.302298,0.33992673992673994
Rail,24.235,15.2,-3323648.9826166984,-2641608.215026782,0.3564102564102564,-3323648.982616699,-3058083.040705123,0.358974358974359,14,39,780,Road,27.19125,31.4,-4184839885.1480227,-1129126730.455295,0.10047619047619048,-4184839885.148023,-3868495849.2803345,0.01904761904761905,2,105,2100,-4188163534.13064,4181516236.165406,0.33992673992673994
Rail,24.235,15.2,-3323648.9826166984,-2641608.215026782,0.3564102564102564,-3323648.982616699,-3058083.040705123,0.358974358974359,14,39,780,Road,27.305,31.4,-4197805965.011131,-1129375338.5454507,0.10047619047619048,-4197805965.0111313,-3881268519.0664682,0.01904761904761905,2,105,2100,-4201129613.993748,4194482316.0285144,0.33992673992673994
Rail,24.235,15.2,-3323648.9826166984,-2641608.215026782,0.3564102564102564,-3323648.982616699,-3058083.040705123,0.358974358974359,14,39,780,Road,27.418750000000003,31.4,-4210772044.8742394,-1129623946.6356063,0.10047619047619048,-4210772044.8742385,-3893495777.8551016,0.01904761904761905,2,105,2100,-4214095693.8568554,4207448395.8916216,0.33992673992673994
Rail,24.235,15.2,-3323648.9826166984,-2641608.215026782,0.3564102564102564,-3323648.982616699,-3058083.040705123,0.358974358974359,14,39,780,Road,27.532500000000002,31.4,-4223738124.7373476,-1129872554.725762,0.10047619047619048,-4223738124.7373466,-3901909725.170789,0.01904761904761905,2,105,2100,-4227061773.7199636,4220414475.7547297,0.33992673992673994
Rail,24.235,15.2,-3323648.9826166984,-2641608.215026782,0.3564102564102564,-3323648.982616699,-3058083.040705123,0.358974358974359,14,39,780,Road,27.646250000000002,31.4,-4236704204.600455,-1130121162.8159175,0.10047619047619048,-4236704204.6004553,-3910323672.4864755,0.01904761904761905,2,105,2100,-4240027853.583072,4233380555.6178384,0.33992673992673994
Rail,24.235,15.2,-3323648.9826166984,-2641608.215026782,0.3564102564102564,-3323648.982616699,-3058083.040705123,0.358974358974359,14,39,780,Road,27.76,31.4,-4249670284.463563,-1130369770.9060733,0.10047619047619048,-4249670284.463563,-3918737619.802162,0.01904761904761905,2,105,2100,-4252993933.44618,4246346635.480946,0.33992673992673994
Rail,24.235,15.2,-3323648.9826166984,-2641608.215026782,0.3564102564102564,-3323648.982616699,-3058083.040705123,0.358974358974359,14,39,780,Road,27.87375,31.4,-4262636364.32667,-1130618378.996229,0.10047619047619048,-4262636364.326671,-3927151567.117849,0.01904761904761905,2,105,2100,-4265960013.309288,4259312715.344054,0.33992673992673994
Rail,24.235,15.2,-3323648.9826166984,-2641608.215026782,0.3564102564102564,-3323648.982616699,-3058083.040705123,0.358974358974359,14,39,780,Road,27.9875,31.4,-4275602444.189779,-1130053142.5673504,0.10047619047619048,-4275602444.1897793,-3939412550.3008804,0.01904761904761905,2,105,2100,-4278926093.172396,4272278795.2071624,0.33992673992673994
Rail,24.235,15.2,-3323648.9826166984,-2641608.215026782,0.3564102564102564,-3323648.982616699,-3058083.040705123,0.358974358974359,14,39,780,Road,28.10125,31.4,-4288568524.052887,-1128985213.0862138,0.10047619047619048,-4288568524.0528865,-3953394607.081622,0.01904761904761905,2,105,2100,-4291892173.0355034,4285244875.0702696,0.33992673992673994
Rail,24.235,15.2,-3323648.9826166984,-2641608.215026782,0.3564102564102564,-3323648.982616699,-3058083.040705123,0.358974358974359,14,39,780,Road,28.215,31.4,-4301534603.915996,-1128174086.3538113,0.10047619047619048,-4301534603.915995,-3967376663.8623643,0.01904761904761905,2,105,2100,-4304858252.898611,4298210954.933378,0.33992673992673994
Rail,24.235,15.2,-3323648.9826166984,-2641608.215026782,0.3564102564102564,-3323648.982616699,-3058083.040705123,0.358974358974359,14,39,780,Road,28.32875,31.4,-4314500683.779103,-1128436425.5764236,0.10047619047619048,-4314500683.779103,-3981358720.643106,0.01904761904761905,2,105,2100,-4317824332.76172,4311177034.796487,0.33992673992673994
Rail,24.235,15.2,-3323648.9826166984,-2641608.215026782,0.3564102564102564,-3323648.982616699,-3058083.040705123,0.358974358974359,14,39,780,Road,28.4425,31.4,-4327466763.642212,-1128721958.5330625,0.10047619047619048,-4327466763.642211,-3995340777.423848,0.01904761904761905,2,105,2100,-4330790412.624827,4324143114.659595,0.33992673992673994
Rail,24.235,15.2,-3323648.9826166984,-2641608.215026782,0.3564102564102564,-3323648.982616699,-3058083.040705123,0.358974358974359,14,39,780,Road,28.55625,31.4,-4340432843.505318,-1129007491.4897013,0.10047619047619048,-4340432843.505319,-4009322834.20459,0.01904761904761905,2,105,2100,-4343756492.487935,4337109194.522702,0.33992673992673994
Rail,24.235,15.2,-3323648.9826166984,-2641608.215026782,0.3564102564102564,-3323648.982616699,-3058083.040705123,0.358974358974359,14,39,780,Road,28.67,31.4,-4353398923.368427,-1129293024.4463398,0.10047619047619048,-4353398923.368427,-4019144236.3541107,0.01904761904761905,2,105,2100,-4356722572.351044,4350075274.385811,0.33992673992673994
Rail,24.235,15.2,-3323648.9826166984,-2641608.215026782,0.3564102564102564,-3323648.982616699,-3058083.040705123,0.358974358974359,14,39,780,Road,28.78375,31.4,-4366365003.231536,-1129578557.4029787,0.10047619047619048,-4366365003.231535,-4028344187.013256,0.01904761904761905,2,105,2100,-4369688652.214151,4363041354.248919,0.33992673992673994
Rail,24.235,15.2,-3323648.9826166984,-2641608.215026782,0.3564102564102564,-3323648.982616699,-3058083.040705123,0.358974358974359,14,39,780,Road,28.8975,31.4,-4379331083.094643,-1129864090.3596172,0.10047619047619048,-4379331083.094644,-4040200881.5714808,0.01904761904761905,2,105,2100,-4382654732.07726,4376007434.112027,0.33992673992673994
Rail,24.235,15.2,-3323648.9826166984,-2641608.215026782,0.3564102564102564,-3323648.982616699,-3058083.040705123,0.358974358974359,14,39,780,Road,29.01125,31.4,-4392297162.957751,-1130149623.316256,0.10047619047619048,-4392297162.957751,-4052944831.792468,0.01904761904761905,2,105,2100,-4395620811.940368,4388973513.975135,0.33992673992673994
Rail,24.235,15.2,-3323648.9826166984,-2641608.215026782,0.3564102564102564,-3323648.982616699,-3058083.040705123,0.358974358974359,14,39,780,Road,29.125,31.4,-4405263242.820859,-1130435156.2728949,0.10047619047619048,-4405263242.82086,-4065688782.0134554,0.01904761904761905,2,105,2100,-4408586891.803476,4401939593.8382435,0.33992673992673994
Rail,24.235,15.2,-3323648.9826166984,-2641608.215026782,0.3564102564102564,-3323648.982616699,-3058083.040705123,0.358974358974359,14,39,780,Road,29.23875,31.4,-4418229322.683968,-1130720689.2295337,0.10047619047619048,-4418229322.683967,-4078432732.2344427,0.01904761904761905,2,105,2100,-4421552971.666583,4414905673.70135,0.33992673992673994
Rail,24.235,15.2,-3323648.9826166984,-2641608.215026782,0.3564102564102564,-3323648.982616699,-3058083.040705123,0.358974358974359,14,39,780,Road,29.3525,31.4,-4431195402.547075,-1131006222.1861722,0.10047619047619048,-4431195402.547075,-4091176682.4554305,0.01904761904761905,2,105,2100,-4434519051.529692,4427871753.564459,0.33992673992673994
Rail,24.235,15.2,-3323648.9826166984,-2641608.215026782,0.3564102564102564,-3323648.982616699,-3058083.040705123,0.358974358974359,14,39,780,Road,29.46625,31.4,-4444161482.410184,-1131318836.6494703,0.10047619047619048,-4444161482.410183,-4103920632.6764183,0.01904761904761905,2,105,2100,-4447485131.392799,4440837833.427567,0.33992673992673994
Rail,24.235,15.2,-3323648.9826166984,-2641608.215026782,0.3564102564102564,-3323648.982616699,-3058083.040705123,0.358974358974359,14,39,780,Road,29.58,31.4,-4457127562.273292,-1131652692.5152984,0.10047619047619048,-4457127562.273292,-4116664582.897405,0.01904761904761905,2,105,2100,-4460451211.255908,4453803913.290675,0.33992673992673994
Rail,24.235,15.2,-3323648.9826166984,-2641608.215026782,0.3564102564102564,-3323648.982616699,-3058083.040705123,0.358974358974359,14,39,780,Road,29.69375,31.4,-4470093642.136399,-1131986548.3811264,0.10047619047619048,-4470093642.1364,-4129408533.118394,0.01904761904761905,2,105,2100,-4473417291.119017,4466769993.153784,0.33992673992673994
Rail,24.235,15.2,-3323648.9826166984,-2641608.215026782,0.3564102564102564,-3323648.982616699,-3058083.040705123,0.358974358974359,14,39,780,Road,29.8075,31.4,-4483059721.999507,-1132399643.9010806,0.10047619047619048,-4483059721.999507,-4142152483.339381,0.01904761904761905,2,105,2100,-4486383370.982123,4479736073.016891,0.33992673992673994
Rail,24.235,15.2,-3323648.9826166984,-2641608.215026782,0.3564102564102564,-3323648.982616699,-3058083.040705123,0.358974358974359,14,39,780,Road,29.92125,31.4,-4496025801.862616,-1133220640.7194252,0.10047619047619048,-4496025801.862616,-4154896433.5603685,0.01904761904761905,2,105,2100,-4499349450.845232,4492702152.879999,0.33992673992673994
Rail,24.235,15.2,-3323648.9826166984,-2641608.215026782,0.3564102564102564,-3323648.982616699,-3058083.040705123,0.358974358974359,14,39,780,Road,30.035,31.4,-4508991881.725723,-1134041637.53777,0.10047619047619048,-4508991881.725723,-4167640383.781356,0.01904761904761905,2,105,2100,-4512315530.70834,4505668232.743107,0.33992673992673994
Rail,24.235,15.2,-3323648.9826166984,-2641608.215026782,0.3564102564102564,-3323648.982616699,-3058083.040705123,0.358974358974359,14,39,780,Road,30.14875,31.4,-4521957961.588831,-1134862634.3561149,0.10047619047619048,-4521957961.588832,-4180384334.0023437,0.01904761904761905,2,105,2100,-4525281610.571448,4518634312.6062155,0.33992673992673994
Rail,24.235,15.2,-3323648.9826166984,-2641608.215026782,0.3564102564102564,-3323648.982616699,-3058083.040705123,0.358974358974359,14,39,780,Road,30.2625,31.4,-4534924041.45194,-1136086734.2343452,0.10047619047619048,-4534924041.45194,-4193128284.2233315,0.01904761904761905,2,105,2100,-4538247690.434556,4531600392.469323,0.33992673992673994
Rail,24.235,15.2,-3323648.9826166984,-2641608.215026782,0.3564102564102564,-3323648.982616699,-3058083.040705123,0.358974358974359,14,39,780,Road,30.37625,31.4,-4547890121.315047,-1137684027.005255,0.10047619047619048,-4547890121.315047,-4205872234.4443183,0.01904761904761905,2,105,2100,-4551213770.297664,4544566472.332431,0.33992673992673994
Rail,24.235,15.2,-3323648.9826166984,-2641608.215026782,0.3564102564102564,-3323648.982616699,-3058083.040705123,0.358974358974359,14,39,780,Road,30.49,31.4,-4560856201.178155,-1138628306.1565766,0.10047619047619048,-4560856201.178156,-4218616184.665306,0.01904761904761905,2,105,2100,-4564179850.160772,4557532552.195539,0.33992673992673994
Rail,24.235,15.2,-3323648.9826166984,-2641608.215026782,0.3564102564102564,-3323648.982616699,-3058083.040705123,0.358974358974359,14,39,780,Road,30.603749999999998,31.4,-4573822281.041263,-1139454162.9291048,0.10047619047619048,-4573822281.041264,-4231360134.886294,0.01904761904761905,2,105,2100,-4577145930.02388,4570498632.058647,0.33992673992673994
Rail,24.235,15.2,-3323648.9826166984,-2641608.215026782,0.3564102564102564,-3323648.982616699,-3058083.040705123,0.358974358974359,14,39,780,Road,30.7175,31.4,-4586788360.904371,-1139439918.655672,0.10047619047619048,-4586788360.904372,-4244104085.1072817,0.01904761904761905,2,105,2100,-4590112009.886989,4583464711.921756,0.33992673992673994
Rail,24.235,15.2,-3323648.9826166984,-2641608.215026782,0.3564102564102564,-3323648.982616699,-3058083.040705123,0.358974358974359,14,39,780,Road,30.831249999999997,31.4,-4599754440.76748,-1138061295.3365622,0.10047619047619048,-4599754440.767479,-4256848035.3282685,0.01904761904761905,2,105,2100,-4603078089.750095,4596430791.7848625,0.33992673992673994
Rail,24.235,15.2,-3323648.9826166984,-2641608.215026782,0.3564102564102564,-3323648.982616699,-3058083.040705123,0.358974358974359,14,39,780,Road,30.945,31.4,-4612720520.630588,-1137330797.4304318,0.10047619047619048,-4612720520.630588,-4269591985.5492563,0.01904761904761905,2,105,2100,-4616044169.613204,4609396871.647971,0.33992673992673994
Rail,24.235,15.2,-3323648.9826166984,-2641608.215026782,0.3564102564102564,-3323648.982616699,-3058083.040705123,0.358974358974359,14,39,780,Road,31.05875,31.4,-4625686600.493696,-1137579405.5205877,0.10047619047619048,-4625686600.493695,-4282335935.7702436,0.01904761904761905,2,105,2100,-4629010249.476312,4622362951.511079,0.33992673992673994
Rail,24.235,15.2,-3323648.9826166984,-2641608.215026782,0.3564102564102564,-3323648.982616699,-3058083.040705123,0.358974358974359,14,39,780,Road,31.1725,31.4,-4638652680.356804,-1137828013.6107433,0.10047619047619048,-4638652680.356805,-4295079885.991232,0.01904761904761905,2,105,2100,-4641976329.339421,4635329031.374188,0.33992673992673994
Rail,24.235,15.2,-3323648.9826166984,-2641608.215026782,0.3564102564102564,-3323648.982616699,-3058083.040705123,0.358974358974359,14,39,780,Road,31.28625,31.4,-4651618760.219912,-1138076621.7008991,0.10047619047619048,-4651618760.219912,-4307823836.212219,0.01904761904761905,2,105,2100,-4654942409.202528,4648295111.237295,0.33992673992673994
Rail,24.235,15.2,-3323648.9826166984,-2641608.215026782,0.3564102564102564,-3323648.982616699,-3058083.040705123,0.358974358974359,14,39,780,Road,31.4,31.4,-4664584840.083019,-1138335947.347439,0.10047619047619048,-4664584840.083019,-4320567786.433207,0.01904761904761905,2,105,2100,-4667908489.065636,4661261191.100403,0.33992673992673994
Rail,24.48625,15.2,-3254951.3025483154,-2575134.713690808,0.3641025641025641,-3254951.302548316,-2981396.633366742,0.358974358974359,14,39,780,Road,26.85,31.4,-4145941645.5586987,-1128380906.1848278,0.10047619047619048,-4145941645.558698,-3830177839.9219346,0.01904761904761905,2,105,2100,-4149196596.8612466,4142686694.25615,0.33992673992673994
Rail,24.48625,15.2,-3254951.3025483154,-2575134.713690808,0.3641025641025641,-3254951.302548316,-2981396.633366742,0.358974358974359,14,39,780,Road,26.96375,31.4,-4158907725.421807,-1128629514.274984,0.10047619047619048,-4158907725.421807,-3842950509.708068,0.01904761904761905,2,105,2100,-4162162676.724355,4155652774.1192584,0.33992673992673994
Rail,24.48625,15.2,-3254951.3025483154,-2575134.713690808,0.3641025641025641,-3254951.302548316,-2981396.633366742,0.358974358974359,14,39,780,Road,27.0775,31.4,-4171873805.2849145,-1128878122.3651395,0.10047619047619048,-4171873805.284915,-3855723179.4942007,0.01904761904761905,2,105,2100,-4175128756.5874634,4168618853.9823666,0.33992673992673994
Rail,24.48625,15.2,-3254951.3025483154,-2575134.713690808,0.3641025641025641,-3254951.302548316,-2981396.633366742,0.358974358974359,14,39,780,Road,27.19125,31.4,-4184839885.1480227,-1129126730.455295,0.10047619047619048,-4184839885.148023,-3868495849.2803345,0.01904761904761905,2,105,2100,-4188094836.4505715,4181584933.8454747,0.33992673992673994
Rail,24.48625,15.2,-3254951.3025483154,-2575134.713690808,0.3641025641025641,-3254951.302548316,-2981396.633366742,0.358974358974359,14,39,780,Road,27.305,31.4,-4197805965.011131,-1129375338.5454507,0.10047619047619048,-4197805965.0111313,-3881268519.0664682,0.01904761904761905,2,105,2100,-4201060916.3136797,4194551013.708583,0.33992673992673994
Rail,24.48625,15.2,-3254951.3025483154,-2575134.713690808,0.3641025641025641,-3254951.302548316,-2981396.633366742,0.358974358974359,14,39,780,Road,27.418750000000003,31.4,-4210772044.8742394,-1129623946.6356063,0.10047619047619048,-4210772044.8742385,-3893495777.8551016,0.01904761904761905,2,105,2100,-4214026996.176787,4207517093.57169,0.33992673992673994
Rail,24.48625,15.2,-3254951.3025483154,-2575134.713690808,0.3641025641025641,-3254951.302548316,-2981396.633366742,0.358974358974359,14,39,780,Road,27.532500000000002,31.4,-4223738124.7373476,-1129872554.725762,0.10047619047619048,-4223738124.7373466,-3901909725.170789,0.01904761904761905,2,105,2100,-4226993076.039895,4220483173.4347982,0.33992673992673994
Rail,24.48625,15.2,-3254951.3025483154,-2575134.713690808,0.3641025641025641,-3254951.302548316,-2981396.633366742,0.358974358974359,14,39,780,Road,27.646250000000002,31.4,-4236704204.600455,-1130121162.8159175,0.10047619047619048,-4236704204.6004553,-3910323672.4864755,0.01904761904761905,2,105,2100,-4239959155.9030037,4233449253.297907,0.33992673992673994
Rail,24.48625,15.2,-3254951.3025483154,-2575134.713690808,0.3641025641025641,-3254951.302548316,-2981396.633366742,0.358974358974359,14,39,780,Road,27.76,31.4,-4249670284.463563,-1130369770.9060733,0.10047619047619048,-4249670284.463563,-3918737619.802162,0.01904761904761905,2,105,2100,-4252925235.7661114,4246415333.1610146,0.33992673992673994
Rail,24.48625,15.2,-3254951.3025483154,-2575134.713690808,0.3641025641025641,-3254951.302548316,-2981396.633366742,0.358974358974359,14,39,780,Road,27.87375,31.4,-4262636364.32667,-1130618378.996229,0.10047619047619048,-4262636364.326671,-3927151567.117849,0.01904761904761905,2,105,2100,-4265891315.6292195,4259381413.0241227,0.33992673992673994
Rail,24.48625,15.2,-3254951.3025483154,-2575134.713690808,0.3641025641025641,-3254951.302548316,-2981396.633366742,0.358974358974359,14,39,780,Road,27.9875,31.4,-4275602444.189779,-1130053142.5673504,0.10047619047619048,-4275602444.1897793,-3939412550.3008804,0.01904761904761905,2,105,2100,-4278857395.4923277,4272347492.887231,0.33992673992673994
Rail,24.48625,15.2,-3254951.3025483154,-2575134.713690808,0.3641025641025641,-3254951.302548316,-2981396.633366742,0.358974358974359,14,39,780,Road,28.10125,31.4,-4288568524.052887,-1128985213.0862138,0.10047619047619048,-4288568524.0528865,-3953394607.081622,0.01904761904761905,2,105,2100,-4291823475.355435,4285313572.750338,0.33992673992673994
Rail,24.48625,15.2,-3254951.3025483154,-2575134.713690808,0.3641025641025641,-3254951.302548316,-2981396.633366742,0.358974358974359,14,39,780,Road,28.215,31.4,-4301534603.915996,-1128174086.3538113,0.10047619047619048,-4301534603.915995,-3967376663.8623643,0.01904761904761905,2,105,2100,-4304789555.218543,4298279652.613446,0.33992673992673994
Rail,24.48625,15.2,-3254951.3025483154,-2575134.713690808,0.3641025641025641,-3254951.302548316,-2981396.633366742,0.358974358974359,14,39,780,Road,28.32875,31.4,-4314500683.779103,-1128436425.5764236,0.10047619047619048,-4314500683.779103,-3981358720.643106,0.01904761904761905,2,105,2100,-4317755635.081652,4311245732.476555,0.33992673992673994
Rail,24.48625,15.2,-3254951.3025483154,-2575134.713690808,0.3641025641025641,-3254951.302548316,-2981396.633366742,0.358974358974359,14,39,780,Road,28.4425,31.4,-4327466763.642212,-1128721958.5330625,0.10047619047619048,-4327466763.642211,-3995340777.423848,0.01904761904761905,2,105,2100,-4330721714.944759,4324211812.339663,0.33992673992673994
Rail,24.48625,15.2,-3254951.3025483154,-2575134.713690808,0.3641025641025641,-3254951.302548316,-2981396.633366742,0.358974358974359,14,39,780,Road,28.55625,31.4,-4340432843.505318,-1129007491.4897013,0.10047619047619048,-4340432843.505319,-4009322834.20459,0.01904761904761905,2,105,2100,-4343687794.807867,4337177892.20277,0.33992673992673994
Rail,24.48625,15.2,-3254951.3025483154,-2575134.713690808,0.3641025641025641,-3254951.302548316,-2981396.633366742,0.358974358974359,14,39,780,Road,28.67,31.4,-4353398923.368427,-1129293024.4463398,0.10047619047619048,-4353398923.368427,-4019144236.3541107,0.01904761904761905,2,105,2100,-4356653874.670976,4350143972.065879,0.33992673992673994
Rail,24.48625,15.2,-3254951.3025483154,-2575134.713690808,0.3641025641025641,-3254951.302548316,-2981396.633366742,0.358974358974359,14,39,780,Road,28.78375,31.4,-4366365003.231536,-1129578557.4029787,0.10047619047619048,-4366365003.231535,-4028344187.013256,0.01904761904761905,2,105,2100,-4369619954.534083,4363110051.928987,0.33992673992673994
Rail,24.48625,15.2,-3254951.3025483154,-2575134.713690808,0.3641025641025641,-3254951.302548316,-2981396.633366742,0.358974358974359,14,39,780,Road,28.8975,31.4,-4379331083.094643,-1129864090.3596172,0.10047619047619048,-4379331083.094644,-4040200881.5714808,0.01904761904761905,2,105,2100,-4382586034.397192,4376076131.792095,0.33992673992673994
Rail,24.48625,15.2,-3254951.3025483154,-2575134.713690808,0.3641025641025641,-3254951.302548316,-2981396.633366742,0.358974358974359,14,39,780,Road,29.01125,31.4,-4392297162.957751,-1130149623.316256,0.10047619047619048,-4392297162.957751,-4052944831.792468,0.01904761904761905,2,105,2100,-4395552114.2603,4389042211.655203,0.33992673992673994
Rail,24.48625,15.2,-3254951.3025483154,-2575134.713690808,0.3641025641025641,-3254951.302548316,-2981396.633366742,0.358974358974359,14,39,780,Road,29.125,31.4,-4405263242.820859,-1130435156.2728949,0.10047619047619048,-4405263242.82086,-4065688782.0134554,0.01904761904761905,2,105,2100,-4408518194.123408,4402008291.5183115,0.33992673992673994
Rail,24.48625,15.2,-3254951.3025483154,-2575134.713690808,0.3641025641025641,-3254951.302548316,-2981396.633366742,0.358974358974359,14,39,780,Road,29.23875,31.4,-4418229322.683968,-1130720689.2295337,0.10047619047619048,-4418229322.683967,-4078432732.2344427,0.01904761904761905,2,105,2100,-4421484273.986515,4414974371.381418,0.33992673992673994
Rail,24.48625,15.2,-3254951.3025483154,-2575134.713690808,0.3641025641025641,-3254951.302548316,-2981396.633366742,0.358974358974359,14,39,780,Road,29.3525,31.4,-4431195402.547075,-1131006222.1861722,0.10047619047619048,-4431195402.547075,-4091176682.4554305,0.01904761904761905,2,105,2100,-4434450353.849624,4427940451.244527,0.33992673992673994
Rail,24.48625,15.2,-3254951.3025483154,-2575134.713690808,0.3641025641025641,-3254951.302548316,-2981396.633366742,0.358974358974359,14,39,780,Road,29.46625,31.4,-4444161482.410184,-1131318836.6494703,0.10047619047619048,-4444161482.410183,-4103920632.6764183,0.01904761904761905,2,105,2100,-4447416433.712731,4440906531.107635,0.33992673992673994
Rail,24.48625,15.2,-3254951.3025483154,-2575134.713690808,0.3641025641025641,-3254951.302548316,-2981396.633366742,0.358974358974359,14,39,780,Road,29.58,31.4,-4457127562.273292,-1131652692.5152984,0.10047619047619048,-4457127562.273292,-4116664582.897405,0.01904761904761905,2,105,2100,-4460382513.57584,4453872610.970743,0.33992673992673994
Rail,24.48625,15.2,-3254951.3025483154,-2575134.713690808,0.3641025641025641,-3254951.302548316,-2981396.633366742,0.358974358974359,14,39,780,Road,29.69375,31.4,-4470093642.136399,-1131986548.3811264,0.10047619047619048,-4470093642.1364,-4129408533.118394,0.01904761904761905,2,105,2100,-4473348593.438949,4466838690.833852,0.33992673992673994
Rail,24.48625,15.2,-3254951.3025483154,-2575134.713690808,0.3641025641025641,-3254951.302548316,-2981396.633366742,0.358974358974359,14,39,780,Road,29.8075,31.4,-4483059721.999507,-1132399643.9010806,0.10047619047619048,-4483059721.999507,-4142152483.339381,0.01904761904761905,2,105,2100,-4486314673.302055,4479804770.696959,0.33992673992673994
Rail,24.48625,15.2,-3254951.3025483154,-2575134.713690808,0.3641025641025641,-3254951.302548316,-2981396.633366742,0.358974358974359,14,39,780,Road,29.92125,31.4,-4496025801.862616,-1133220640.7194252,0.10047619047619048,-4496025801.862616,-4154896433.5603685,0.01904761904761905,2,105,2100,-4499280753.165164,4492770850.560067,0.33992673992673994
Rail,24.48625,15.2,-3254951.3025483154,-2575134.713690808,0.3641025641025641,-3254951.302548316,-2981396.633366742,0.358974358974359,14,39,780,Road,30.035,31.4,-4508991881.725723,-1134041637.53777,0.10047619047619048,-4508991881.725723,-4167640383.781356,0.01904761904761905,2,105,2100,-4512246833.028272,4505736930.423175,0.33992673992673994
Rail,24.48625,15.2,-3254951.3025483154,-2575134.713690808,0.3641025641025641,-3254951.302548316,-2981396.633366742,0.358974358974359,14,39,780,Road,30.14875,31.4,-4521957961.588831,-1134862634.3561149,0.10047619047619048,-4521957961.588832,-4180384334.0023437,0.01904761904761905,2,105,2100,-4525212912.89138,4518703010.2862835,0.33992673992673994
Rail,24.48625,15.2,-3254951.3025483154,-2575134.713690808,0.3641025641025641,-3254951.302548316,-2981396.633366742,0.358974358974359,14,39,780,Road,30.2625,31.4,-4534924041.45194,-1136086734.2343452,0.10047619047619048,-4534924041.45194,-4193128284.2233315,0.01904761904761905,2,105,2100,-4538178992.754488,4531669090.149391,0.33992673992673994
Rail,24.48625,15.2,-3254951.3025483154,-2575134.713690808,0.3641025641025641,-3254951.302548316,-2981396.633366742,0.358974358974359,14,39,780,Road,30.37625,31.4,-4547890121.315047,-1137684027.005255,0.10047619047619048,-4547890121.315047,-4205872234.4443183,0.01904761904761905,2,105,2100,-4551145072.617596,4544635170.012499,0.33992673992673994
Rail,24.48625,15.2,-3254951.3025483154,-2575134.713690808,0.3641025641025641,-3254951.302548316,-2981396.633366742,0.358974358974359,14,39,780,Road,30.49,31.4,-4560856201.178155,-1138628306.1565766,0.10047619047619048,-4560856201.178156,-4218616184.665306,0.01904761904761905,2,105,2100,-4564111152.480704,4557601249.8756075,0.33992673992673994
Rail,24.48625,15.2,-3254951.3025483154,-2575134.713690808,0.3641025641025641,-3254951.302548316,-2981396.633366742,0.358974358974359,14,39,780,Road,30.603749999999998,31.4,-4573822281.041263,-1139454162.9291048,0.10047619047619048,-4573822281.041264,-4231360134.886294,0.01904761904761905,2,105,2100,-4577077232.343812,4570567329.738715,0.33992673992673994
Rail,24.48625,15.2,-3254951.3025483154,-2575134.713690808,0.3641025641025641,-3254951.302548316,-2981396.633366742,0.358974358974359,14,39,780,Road,30.7175,31.4,-4586788360.904371,-1139439918.655672,0.10047619047619048,-4586788360.904372,-4244104085.1072817,0.01904761904761905,2,105,2100,-4590043312.206921,4583533409.601824,0.33992673992673994
Rail,24.48625,15.2,-3254951.3025483154,-2575134.713690808,0.3641025641025641,-3254951.302548316,-2981396.633366742,0.358974358974359,14,39,780,Road,30.831249999999997,31.4,-4599754440.76748,-1138061295.3365622,0.10047619047619048,-4599754440.767479,-4256848035.3282685,0.01904761904761905,2,105,2100,-4603009392.070027,4596499489.464931,0.33992673992673994
Rail,24.48625,15.2,-3254951.3025483154,-2575134.713690808,0.3641025641025641,-3254951.302548316,-2981396.633366742,0.358974358974359,14,39,780,Road,30.945,31.4,-4612720520.630588,-1137330797.4304318,0.10047619047619048,-4612720520.630588,-4269591985.5492563,0.01904761904761905,2,105,2100,-4615975471.933136,4609465569.328039,0.33992673992673994
Rail,24.48625,15.2,-3254951.3025483154,-2575134.713690808,0.3641025641025641,-3254951.302548316,-2981396.633366742,0.358974358974359,14,39,780,Road,31.05875,31.4,-4625686600.493696,-1137579405.5205877,0.10047619047619048,-4625686600.493695,-4282335935.7702436,0.01904761904761905,2,105,2100,-4628941551.796244,4622431649.191147,0.33992673992673994
Rail,24.48625,15.2,-3254951.3025483154,-2575134.713690808,0.3641025641025641,-3254951.302548316,-2981396.633366742,0.358974358974359,14,39,780,Road,31.1725,31.4,-4638652680.356804,-1137828013.6107433,0.10047619047619048,-4638652680.356805,-4295079885.991232,0.01904761904761905,2,105,2100,-4641907631.659353,4635397729.054256,0.33992673992673994
Rail,24.48625,15.2,-3254951.3025483154,-2575134.713690808,0.3641025641025641,-3254951.302548316,-2981396.633366742,0.358974358974359,14,39,780,Road,31.28625,31.4,-4651618760.219912,-1138076621.7008991,0.10047619047619048,-4651618760.219912,-4307823836.212219,0.01904761904761905,2,105,2100,-4654873711.52246,4648363808.917363,0.33992673992673994
Rail,24.48625,15.2,-3254951.3025483154,-2575134.713690808,0.3641025641025641,-3254951.302548316,-2981396.633366742,0.358974358974359,14,39,780,Road,31.4,31.4,-4664584840.083019,-1138335947.347439,0.10047619047619048,-4664584840.083019,-4320567786.433207,0.01904761904761905,2,105,2100,-4667839791.385568,4661329888.780471,0.33992673992673994
Rail,24.737499999999997,15.2,-3186253.622479934,-2508661.2123548337,0.36923076923076925,-3186253.622479934,-2904710.2260283614,0.358974358974359,14,39,780,Road,26.85,31.4,-4145941645.5586987,-1128380906.1848278,0.10047619047619048,-4145941645.558698,-3830177839.9219346,0.01904761904761905,2,105,2100,-4149127899.181178,4142755391.9362183,0.33992673992673994
Rail,24.737499999999997,15.2,-3186253.622479934,-2508661.2123548337,0.36923076923076925,-3186253.622479934,-2904710.2260283614,0.358974358974359,14,39,780,Road,26.96375,31.4,-4158907725.421807,-1128629514.274984,0.10047619047619048,-4158907725.421807,-3842950509.708068,0.01904761904761905,2,105,2100,-4162093979.0442867,4155721471.799327,0.33992673992673994
Rail,24.737499999999997,15.2,-3186253.622479934,-2508661.2123548337,0.36923076923076925,-3186253.622479934,-2904710.2260283614,0.358974358974359,14,39,780,Road,27.0775,31.4,-4171873805.2849145,-1128878122.3651395,0.10047619047619048,-4171873805.284915,-3855723179.4942007,0.01904761904761905,2,105,2100,-4175060058.907395,4168687551.662435,0.33992673992673994
Rail,24.737499999999997,15.2,-3186253.622479934,-2508661.2123548337,0.36923076923076925,-3186253.622479934,-2904710.2260283614,0.358974358974359,14,39,780,Road,27.19125,31.4,-4184839885.1480227,-1129126730.455295,0.10047619047619048,-4184839885.148023,-3868495849.2803345,0.01904761904761905,2,105,2100,-4188026138.770503,4181653631.525543,0.33992673992673994
Rail,24.737499999999997,15.2,-3186253.622479934,-2508661.2123548337,0.36923076923076925,-3186253.622479934,-2904710.2260283614,0.358974358974359,14,39,780,Road,27.305,31.4,-4197805965.011131,-1129375338.5454507,0.10047619047619048,-4197805965.0111313,-3881268519.0664682,0.01904761904761905,2,105,2100,-4200992218.633611,4194619711.3886514,0.33992673992673994
Rail,24.737499999999997,15.2,-3186253.622479934,-2508661.2123548337,0.36923076923076925,-3186253.622479934,-2904710.2260283614,0.358974358974359,14,39,780,Road,27.418750000000003,31.4,-4210772044.8742394,-1129623946.6356063,0.10047619047619048,-4210772044.8742385,-3893495777.8551016,0.01904761904761905,2,105,2100,-4213958298.4967184,4207585791.2517586,0.33992673992673994
Rail,24.737499999999997,15.2,-3186253.622479934,-2508661.2123548337,0.36923076923076925,-3186253.622479934,-2904710.2260283614,0.358974358974359,14,39,780,Road,27.532500000000002,31.4,-4223738124.7373476,-1129872554.725762,0.10047619047619048,-4223738124.7373466,-3901909725.170789,0.01904761904761905,2,105,2100,-4226924378.3598266,4220551871.1148667,0.33992673992673994
Rail,24.737499999999997,15.2,-3186253.622479934,-2508661.2123548337,0.36923076923076925,-3186253.622479934,-2904710.2260283614,0.358974358974359,14,39,780,Road,27.646250000000002,31.4,-4236704204.600455,-1130121162.8159175,0.10047619047619048,-4236704204.6004553,-3910323672.4864755,0.01904761904761905,2,105,2100,-4239890458.222935,4233517950.9779754,0.33992673992673994
Rail,24.737499999999997,15.2,-3186253.622479934,-2508661.2123548337,0.36923076923076925,-3186253.622479934,-2904710.2260283614,0.358974358974359,14,39,780,Road,27.76,31.4,-4249670284.463563,-1130369770.9060733,0.10047619047619048,-4249670284.463563,-3918737619.802162,0.01904761904761905,2,105,2100,-4252856538.086043,4246484030.841083,0.33992673992673994
Rail,24.737499999999997,15.2,-3186253.622479934,-2508661.2123548337,0.36923076923076925,-3186253.622479934,-2904710.2260283614,0.358974358974359,14,39,780,Road,27.87375,31.4,-4262636364.32667,-1130618378.996229,0.10047619047619048,-4262636364.326671,-3927151567.117849,0.01904761904761905,2,105,2100,-4265822617.949151,4259450110.704191,0.33992673992673994
Rail,24.737499999999997,15.2,-3186253.622479934,-2508661.2123548337,0.36923076923076925,-3186253.622479934,-2904710.2260283614,0.358974358974359,14,39,780,Road,27.9875,31.4,-4275602444.189779,-1130053142.5673504,0.10047619047619048,-4275602444.1897793,-3939412550.3008804,0.01904761904761905,2,105,2100,-4278788697.812259,4272416190.5672994,0.33992673992673994
Rail,24.737499999999997,15.2,-3186253.622479934,-2508661.2123548337,0.36923076923076925,-3186253.622479934,-2904710.2260283614,0.358974358974359,14,39,780,Road,28.10125,31.4,-4288568524.052887,-1128985213.0862138,0.10047619047619048,-4288568524.0528865,-3953394607.081622,0.01904761904761905,2,105,2100,-4291754777.6753664,4285382270.4304066,0.33992673992673994
Rail,24.737499999999997,15.2,-3186253.622479934,-2508661.2123548337,0.36923076923076925,-3186253.622479934,-2904710.2260283614,0.358974358974359,14,39,780,Road,28.215,31.4,-4301534603.915996,-1128174086.3538113,0.10047619047619048,-4301534603.915995,-3967376663.8623643,0.01904761904761905,2,105,2100,-4304720857.538475,4298348350.293514,0.33992673992673994
Rail,24.737499999999997,15.2,-3186253.622479934,-2508661.2123548337,0.36923076923076925,-3186253.622479934,-2904710.2260283614,0.358974358974359,14,39,780,Road,28.32875,31.4,-4314500683.779103,-1128436425.5764236,0.10047619047619048,-4314500683.779103,-3981358720.643106,0.01904761904761905,2,105,2100,-4317686937.401584,4311314430.156623,0.33992673992673994
Rail,24.737499999999997,15.2,-3186253.622479934,-2508661.2123548337,0.36923076923076925,-3186253.622479934,-2904710.2260283614,0.358974358974359,14,39,780,Road,28.4425,31.4,-4327466763.642212,-1128721958.5330625,0.10047619047619048,-4327466763.642211,-3995340777.423848,0.01904761904761905,2,105,2100,-4330653017.264691,4324280510.019731,0.33992673992673994
Rail,24.737499999999997,15.2,-3186253.622479934,-2508661.2123548337,0.36923076923076925,-3186253.622479934,-2904710.2260283614,0.358974358974359,14,39,780,Road,28.55625,31.4,-4340432843.505318,-1129007491.4897013,0.10047619047619048,-4340432843.505319,-4009322834.20459,0.01904761904761905,2,105,2100,-4343619097.127799,4337246589.882838,0.33992673992673994
Rail,24.737499999999997,15.2,-3186253.622479934,-2508661.2123548337,0.36923076923076925,-3186253.622479934,-2904710.2260283614,0.358974358974359,14,39,780,Road,28.67,31.4,-4353398923.368427,-1129293024.4463398,0.10047619047619048,-4353398923.368427,-4019144236.3541107,0.01904761904761905,2,105,2100,-4356585176.990908,4350212669.745947,0.33992673992673994
Rail,24.737499999999997,15.2,-3186253.622479934,-2508661.2123548337,0.36923076923076925,-3186253.622479934,-2904710.2260283614,0.358974358974359,14,39,780,Road,28.78375,31.4,-4366365003.231536,-1129578557.4029787,0.10047619047619048,-4366365003.231535,-4028344187.013256,0.01904761904761905,2,105,2100,-4369551256.854015,4363178749.609055,0.33992673992673994
Rail,24.737499999999997,15.2,-3186253.622479934,-2508661.2123548337,0.36923076923076925,-3186253.622479934,-2904710.2260283614,0.358974358974359,14,39,780,Road,28.8975,31.4,-4379331083.094643,-1129864090.3596172,0.10047619047619048,-4379331083.094644,-4040200881.5714808,0.01904761904761905,2,105,2100,-4382517336.717124,4376144829.472163,0.33992673992673994
Rail,24.737499999999997,15.2,-3186253.622479934,-2508661.2123548337,0.36923076923076925,-3186253.622479934,-2904710.2260283614,0.358974358974359,14,39,780,Road,29.01125,31.4,-4392297162.957751,-1130149623.316256,0.10047619047619048,-4392297162.957751,-4052944831.792468,0.01904761904761905,2,105,2100,-4395483416.580232,4389110909.335271,0.33992673992673994
Rail,24.737499999999997,15.2,-3186253.622479934,-2508661.2123548337,0.36923076923076925,-3186253.622479934,-2904710.2260283614,0.358974358974359,14,39,780,Road,29.125,31.4,-4405263242.820859,-1130435156.2728949,0.10047619047619048,-4405263242.82086,-4065688782.0134554,0.01904761904761905,2,105,2100,-4408449496.44334,4402076989.1983795,0.33992673992673994
Rail,24.737499999999997,15.2,-3186253.622479934,-2508661.2123548337,0.36923076923076925,-3186253.622479934,-2904710.2260283614,0.358974358974359,14,39,780,Road,29.23875,31.4,-4418229322.683968,-1130720689.2295337,0.10047619047619048,-4418229322.683967,-4078432732.2344427,0.01904761904761905,2,105,2100,-4421415576.306447,4415043069.061486,0.33992673992673994
Rail,24.737499999999997,15.2,-3186253.622479934,-2508661.2123548337,0.36923076923076925,-3186253.622479934,-2904710.2260283614,0.358974358974359,14,39,780,Road,29.3525,31.4,-4431195402.547075,-1131006222.1861722,0.10047619047619048,-4431195402.547075,-4091176682.4554305,0.01904761904761905,2,105,2100,-4434381656.169556,4428009148.924595,0.33992673992673994
Rail,24.737499999999997,15.2,-3186253.622479934,-2508661.2123548337,0.36923076923076925,-3186253.622479934,-2904710.2260283614,0.358974358974359,14,39,780,Road,29.46625,31.4,-4444161482.410184,-1131318836.6494703,0.10047619047619048,-4444161482.410183,-4103920632.6764183,0.01904761904761905,2,105,2100,-4447347736.032663,4440975228.787703,0.33992673992673994
Rail,24.737499999999997,15.2,-3186253.622479934,-2508661.2123548337,0.36923076923076925,-3186253.622479934,-2904710.2260283614,0.358974358974359,14,39,780,Road,29.58,31.4,-4457127562.273292,-1131652692.5152984,0.10047619047619048,-4457127562.273292,-4116664582.897405,0.01904761904761905,2,105,2100,-4460313815.895772,4453941308.650811,0.33992673992673994
Rail,24.737499999999997,15.2,-3186253.622479934,-2508661.2123548337,0.36923076923076925,-3186253.622479934,-2904710.2260283614,0.358974358974359,14,39,780,Road,29.69375,31.4,-4470093642.136399,-1131986548.3811264,0.10047619047619048,-4470093642.1364,-4129408533.118394,0.01904761904761905,2,105,2100,-4473279895.758881,4466907388.51392,0.33992673992673994
Rail,24.737499999999997,15.2,-3186253.622479934,-2508661.2123548337,0.36923076923076925,-3186253.622479934,-2904710.2260283614,0.358974358974359,14,39,780,Road,29.8075,31.4,-4483059721.999507,-1132399643.9010806,0.10047619047619048,-4483059721.999507,-4142152483.339381,0.01904761904761905,2,105,2100,-4486245975.621987,4479873468.377027,0.33992673992673994
Rail,24.737499999999997,15.2,-3186253.622479934,-2508661.2123548337,0.36923076923076925,-3186253.622479934,-2904710.2260283614,0.358974358974359,14,39,780,Road,29.92125,31.4,-4496025801.862616,-1133220640.7194252,0.10047619047619048,-4496025801.862616,-4154896433.5603685,0.01904761904761905,2,105,2100,-4499212055.485096,4492839548.240135,0.33992673992673994
Rail,24.737499999999997,15.2,-3186253.622479934,-2508661.2123548337,0.36923076923076925,-3186253.622479934,-2904710.2260283614,0.358974358974359,14,39,780,Road,30.035,31.4,-4508991881.725723,-1134041637.53777,0.10047619047619048,-4508991881.725723,-4167640383.781356,0.01904761904761905,2,105,2100,-4512178135.348204,4505805628.103243,0.33992673992673994
Rail,24.737499999999997,15.2,-3186253.622479934,-2508661.2123548337,0.36923076923076925,-3186253.622479934,-2904710.2260283614,0.358974358974359,14,39,780,Road,30.14875,31.4,-4521957961.588831,-1134862634.3561149,0.10047619047619048,-4521957961.588832,-4180384334.0023437,0.01904761904761905,2,105,2100,-4525144215.211312,4518771707.9663515,0.33992673992673994
Rail,24.737499999999997,15.2,-3186253.622479934,-2508661.2123548337,0.36923076923076925,-3186253.622479934,-2904710.2260283614,0.358974358974359,14,39,780,Road,30.2625,31.4,-4534924041.45194,-1136086734.2343452,0.10047619047619048,-4534924041.45194,-4193128284.2233315,0.01904761904761905,2,105,2100,-4538110295.07442,4531737787.829459,0.33992673992673994
Rail,24.737499999999997,15.2,-3186253.622479934,-2508661.2123548337,0.36923076923076925,-3186253.622479934,-2904710.2260283614,0.358974358974359,14,39,780,Road,30.37625,31.4,-4547890121.315047,-1137684027.005255,0.10047619047619048,-4547890121.315047,-4205872234.4443183,0.01904761904761905,2,105,2100,-4551076374.937528,4544703867.692567,0.33992673992673994
Rail,24.737499999999997,15.2,-3186253.622479934,-2508661.2123548337,0.36923076923076925,-3186253.622479934,-2904710.2260283614,0.358974358974359,14,39,780,Road,30.49,31.4,-4560856201.178155,-1138628306.1565766,0.10047619047619048,-4560856201.178156,-4218616184.665306,0.01904761904761905,2,105,2100,-4564042454.800636,4557669947.5556755,0.33992673992673994
Rail,24.737499999999997,15.2,-3186253.622479934,-2508661.2123548337,0.36923076923076925,-3186253.622479934,-2904710.2260283614,0.358974358974359,14,39,780,Road,30.603749999999998,31.4,-4573822281.041263,-1139454162.9291048,0.10047619047619048,-4573822281.041264,-4231360134.886294,0.01904761904761905,2,105,2100,-4577008534.663744,4570636027.418783,0.33992673992673994
Rail,24.737499999999997,15.2,-3186253.622479934,-2508661.2123548337,0.36923076923076925,-3186253.622479934,-2904710.2260283614,0.358974358974359,14,39,780,Road,30.7175,31.4,-4586788360.904371,-1139439918.655672,0.10047619047619048,-4586788360.904372,-4244104085.1072817,0.01904761904761905,2,105,2100,-4589974614.526853,4583602107.281892,0.33992673992673994
Rail,24.737499999999997,15.2,-3186253.622479934,-2508661.2123548337,0.36923076923076925,-3186253.622479934,-2904710.2260283614,0.358974358974359,14,39,780,Road,30.831249999999997,31.4,-4599754440.76748,-1138061295.3365622,0.10047619047619048,-4599754440.767479,-4256848035.3282685,0.01904761904761905,2,105,2100,-4602940694.389959,4596568187.144999,0.33992673992673994
Rail,24.737499999999997,15.2,-3186253.622479934,-2508661.2123548337,0.36923076923076925,-3186253.622479934,-2904710.2260283614,0.358974358974359,14,39,780,Road,30.945,31.4,-4612720520.630588,-1137330797.4304318,0.10047619047619048,-4612720520.630588,-4269591985.5492563,0.01904761904761905,2,105,2100,-4615906774.253068,4609534267.008107,0.33992673992673994
Rail,24.737499999999997,15.2,-3186253.622479934,-2508661.2123548337,0.36923076923076925,-3186253.622479934,-2904710.2260283614,0.358974358974359,14,39,780,Road,31.05875,31.4,-4625686600.493696,-1137579405.5205877,0.10047619047619048,-4625686600.493695,-4282335935.7702436,0.01904761904761905,2,105,2100,-4628872854.116176,4622500346.871215,0.33992673992673994
Rail,24.737499999999997,15.2,-3186253.622479934,-2508661.2123548337,0.36923076923076925,-3186253.622479934,-2904710.2260283614,0.358974358974359,14,39,780,Road,31.1725,31.4,-4638652680.356804,-1137828013.6107433,0.10047619047619048,-4638652680.356805,-4295079885.991232,0.01904761904761905,2,105,2100,-4641838933.979285,4635466426.734324,0.33992673992673994
Rail,24.737499999999997,15.2,-3186253.622479934,-2508661.2123548337,0.36923076923076925,-3186253.622479934,-2904710.2260283614,0.358974358974359,14,39,780,Road,31.28625,31.4,-4651618760.219912,-1138076621.7008991,0.10047619047619048,-4651618760.219912,-4307823836.212219,0.01904761904761905,2,105,2100,-4654805013.842392,4648432506.597431,0.33992673992673994
Rail,24.737499999999997,15.2,-3186253.622479934,-2508661.2123548337,0.36923076923076925,-3186253.622479934,-2904710.2260283614,0.358974358974359,14,39,780,Road,31.4,31.4,-4664584840.083019,-1138335947.347439,0.10047619047619048,-4664584840.083019,-4320567786.433207,0.01904761904761905,2,105,2100,-4667771093.7055,4661398586.460539,0.33992673992673994
Rail,24.988749999999996,15.2,-3117555.9424115513,-2429103.214940657,0.3717948717948718,-3117555.9424115517,-2828023.8186899805,0.358974358974359,14,39,780,Road,26.85,31.4,-4145941645.5586987,-1128380906.1848278,0.10047619047619048,-4145941645.558698,-3830177839.9219346,0.01904761904761905,2,105,2100,-4149059201.5011096,4142824089.6162868,0.33992673992673994
Rail,24.988749999999996,15.2,-3117555.9424115513,-2429103.214940657,0.3717948717948718,-3117555.9424115517,-2828023.8186899805,0.358974358974359,14,39,780,Road,26.96375,31.4,-4158907725.421807,-1128629514.274984,0.10047619047619048,-4158907725.421807,-3842950509.708068,0.01904761904761905,2,105,2100,-4162025281.364218,4155790169.4793954,0.33992673992673994
Rail,24.988749999999996,15.2,-3117555.9424115513,-2429103.214940657,0.3717948717948718,-3117555.9424115517,-2828023.8186899805,0.358974358974359,14,39,780,Road,27.0775,31.4,-4171873805.2849145,-1128878122.3651395,0.10047619047619048,-4171873805.284915,-3855723179.4942007,0.01904761904761905,2,105,2100,-4174991361.2273264,4168756249.3425035,0.33992673992673994
Rail,24.988749999999996,15.2,-3117555.9424115513,-2429103.214940657,0.3717948717948718,-3117555.9424115517,-2828023.8186899805,0.358974358974359,14,39,780,Road,27.19125,31.4,-4184839885.1480227,-1129126730.455295,0.10047619047619048,-4184839885.148023,-3868495849.2803345,0.01904761904761905,2,105,2100,-4187957441.0904346,4181722329.2056117,0.33992673992673994
Rail,24.988749999999996,15.2,-3117555.9424115513,-2429103.214940657,0.3717948717948718,-3117555.9424115517,-2828023.8186899805,0.358974358974359,14,39,780,Road,27.305,31.4,-4197805965.011131,-1129375338.5454507,0.10047619047619048,-4197805965.0111313,-3881268519.0664682,0.01904761904761905,2,105,2100,-4200923520.9535427,4194688409.06872,0.33992673992673994
Rail,24.988749999999996,15.2,-3117555.9424115513,-2429103.214940657,0.3717948717948718,-3117555.9424115517,-2828023.8186899805,0.358974358974359,14,39,780,Road,27.418750000000003,31.4,-4210772044.8742394,-1129623946.6356063,0.10047619047619048,-4210772044.8742385,-3893495777.8551016,0.01904761904761905,2,105,2100,-4213889600.81665,4207654488.931827,0.33992673992673994
Rail,24.988749999999996,15.2,-3117555.9424115513,-2429103.214940657,0.3717948717948718,-3117555.9424115517,-2828023.8186899805,0.358974358974359,14,39,780,Road,27.532500000000002,31.4,-4223738124.7373476,-1129872554.725762,0.10047619047619048,-4223738124.7373466,-3901909725.170789,0.01904761904761905,2,105,2100,-4226855680.679758,4220620568.794935,0.33992673992673994
Rail,24.988749999999996,15.2,-3117555.9424115513,-2429103.214940657,0.3717948717948718,-3117555.9424115517,-2828023.8186899805,0.358974358974359,14,39,780,Road,27.646250000000002,31.4,-4236704204.600455,-1130121162.8159175,0.10047619047619048,-4236704204.6004553,-3910323672.4864755,0.01904761904761905,2,105,2100,-4239821760.5428667,4233586648.658044,0.33992673992673994
Rail,24.988749999999996,15.2,-3117555.9424115513,-2429103.214940657,0.3717948717948718,-3117555.9424115517,-2828023.8186899805,0.358974358974359,14,39,780,Road,27.76,31.4,-4249670284.463563,-1130369770.9060733,0.10047619047619048,-4249670284.463563,-3918737619.802162,0.01904761904761905,2,105,2100,-4252787840.4059744,4246552728.5211515,0.33992673992673994
Rail,24.988749999999996,15.2,-3117555.9424115513,-2429103.214940657,0.3717948717948718,-3117555.9424115517,-2828023.8186899805,0.358974358974359,14,39,780,Road,27.87375,31.4,-4262636364.32667,-1130618378.996229,0.10047619047619048,-4262636364.326671,-3927151567.117849,0.01904761904761905,2,105,2100,-4265753920.2690825,4259518808.3842597,0.33992673992673994
Rail,24.988749999999996,15.2,-3117555.9424115513,-2429103.214940657,0.3717948717948718,-3117555.9424115517,-2828023.8186899805,0.358974358974359,14,39,780,Road,27.9875,31.4,-4275602444.189779,-1130053142.5673504,0.10047619047619048,-4275602444.1897793,-3939412550.3008804,0.01904761904761905,2,105,2100,-4278720000.1321907,4272484888.247368,0.33992673992673994
Rail,24.988749999999996,15.2,-3117555.9424115513,-2429103.214940657,0.3717948717948718,-3117555.9424115517,-2828023.8186899805,0.358974358974359,14,39,780,Road,28.10125,31.4,-4288568524.052887,-1128985213.0862138,0.10047619047619048,-4288568524.0528865,-3953394607.081622,0.01904761904761905,2,105,2100,-4291686079.995298,4285450968.110475,0.33992673992673994
Rail,24.988749999999996,15.2,-3117555.9424115513,-2429103.214940657,0.3717948717948718,-3117555.9424115517,-2828023.8186899805,0.358974358974359,14,39,780,Road,28.215,31.4,-4301534603.915996,-1128174086.3538113,0.10047619047619048,-4301534603.915995,-3967376663.8623643,0.01904761904761905,2,105,2100,-4304652159.858406,4298417047.973583,0.33992673992673994
Rail,24.988749999999996,15.2,-3117555.9424115513,-2429103.214940657,0.3717948717948718,-3117555.9424115517,-2828023.8186899805,0.358974358974359,14,39,780,Road,28.32875,31.4,-4314500683.779103,-1128436425.5764236,0.10047619047619048,-4314500683.779103,-3981358720.643106,0.01904761904761905,2,105,2100,-4317618239.721515,4311383127.836692,0.33992673992673994
Rail,24.988749999999996,15.2,-3117555.9424115513,-2429103.214940657,0.3717948717948718,-3117555.9424115517,-2828023.8186899805,0.358974358974359,14,39,780,Road,28.4425,31.4,-4327466763.642212,-1128721958.5330625,0.10047619047619048,-4327466763.642211,-3995340777.423848,0.01904761904761905,2,105,2100,-4330584319.584622,4324349207.6998,0.33992673992673994
Rail,24.988749999999996,15.2,-3117555.9424115513,-2429103.214940657,0.3717948717948718,-3117555.9424115517,-2828023.8186899805,0.358974358974359,14,39,780,Road,28.55625,31.4,-4340432843.505318,-1129007491.4897013,0.10047619047619048,-4340432843.505319,-4009322834.20459,0.01904761904761905,2,105,2100,-4343550399.44773,4337315287.562907,0.33992673992673994
Rail,24.988749999999996,15.2,-3117555.9424115513,-2429103.214940657,0.3717948717948718,-3117555.9424115517,-2828023.8186899805,0.358974358974359,14,39,780,Road,28.67,31.4,-4353398923.368427,-1129293024.4463398,0.10047619047619048,-4353398923.368427,-4019144236.3541107,0.01904761904761905,2,105,2100,-4356516479.310839,4350281367.426016,0.33992673992673994
Rail,24.988749999999996,15.2,-3117555.9424115513,-2429103.214940657,0.3717948717948718,-3117555.9424115517,-2828023.8186899805,0.358974358974359,14,39,780,Road,28.78375,31.4,-4366365003.231536,-1129578557.4029787,0.10047619047619048,-4366365003.231535,-4028344187.013256,0.01904761904761905,2,105,2100,-4369482559.173946,4363247447.289124,0.33992673992673994
Rail,24.988749999999996,15.2,-3117555.9424115513,-2429103.214940657,0.3717948717948718,-3117555.9424115517,-2828023.8186899805,0.358974358974359,14,39,780,Road,28.8975,31.4,-4379331083.094643,-1129864090.3596172,0.10047619047619048,-4379331083.094644,-4040200881.5714808,0.01904761904761905,2,105,2100,-4382448639.037055,4376213527.152232,0.33992673992673994
Rail,24.988749999999996,15.2,-3117555.9424115513,-2429103.214940657,0.3717948717948718,-3117555.9424115517,-2828023.8186899805,0.358974358974359,14,39,780,Road,29.01125,31.4,-4392297162.957751,-1130149623.316256,0.10047619047619048,-4392297162.957751,-4052944831.792468,0.01904761904761905,2,105,2100,-4395414718.900163,4389179607.01534,0.33992673992673994
Rail,24.988749999999996,15.2,-3117555.9424115513,-2429103.214940657,0.3717948717948718,-3117555.9424115517,-2828023.8186899805,0.358974358974359,14,39,780,Road,29.125,31.4,-4405263242.820859,-1130435156.2728949,0.10047619047619048,-4405263242.82086,-4065688782.0134554,0.01904761904761905,2,105,2100,-4408380798.763271,4402145686.8784485,0.33992673992673994
Rail,24.988749999999996,15.2,-3117555.9424115513,-2429103.214940657,0.3717948717948718,-3117555.9424115517,-2828023.8186899805,0.358974358974359,14,39,780,Road,29.23875,31.4,-4418229322.683968,-1130720689.2295337,0.10047619047619048,-4418229322.683967,-4078432732.2344427,0.01904761904761905,2,105,2100,-4421346878.626378,4415111766.741555,0.33992673992673994
Rail,24.988749999999996,15.2,-3117555.9424115513,-2429103.214940657,0.3717948717948718,-3117555.9424115517,-2828023.8186899805,0.358974358974359,14,39,780,Road,29.3525,31.4,-4431195402.547075,-1131006222.1861722,0.10047619047619048,-4431195402.547075,-4091176682.4554305,0.01904761904761905,2,105,2100,-4434312958.489487,4428077846.604664,0.33992673992673994
Rail,24.988749999999996,15.2,-3117555.9424115513,-2429103.214940657,0.3717948717948718,-3117555.9424115517,-2828023.8186899805,0.358974358974359,14,39,780,Road,29.46625,31.4,-4444161482.410184,-1131318836.6494703,0.10047619047619048,-4444161482.410183,-4103920632.6764183,0.01904761904761905,2,105,2100,-4447279038.352594,4441043926.467772,0.33992673992673994
Rail,24.988749999999996,15.2,-3117555.9424115513,-2429103.214940657,0.3717948717948718,-3117555.9424115517,-2828023.8186899805,0.358974358974359,14,39,780,Road,29.58,31.4,-4457127562.273292,-1131652692.5152984,0.10047619047619048,-4457127562.273292,-4116664582.897405,0.01904761904761905,2,105,2100,-4460245118.215703,4454010006.33088,0.33992673992673994
Rail,24.988749999999996,15.2,-3117555.9424115513,-2429103.214940657,0.3717948717948718,-3117555.9424115517,-2828023.8186899805,0.358974358974359,14,39,780,Road,29.69375,31.4,-4470093642.136399,-1131986548.3811264,0.10047619047619048,-4470093642.1364,-4129408533.118394,0.01904761904761905,2,105,2100,-4473211198.078812,4466976086.193989,0.33992673992673994
Rail,24.988749999999996,15.2,-3117555.9424115513,-2429103.214940657,0.3717948717948718,-3117555.9424115517,-2828023.8186899805,0.358974358974359,14,39,780,Road,29.8075,31.4,-4483059721.999507,-1132399643.9010806,0.10047619047619048,-4483059721.999507,-4142152483.339381,0.01904761904761905,2,105,2100,-4486177277.941918,4479942166.057096,0.33992673992673994
Rail,24.988749999999996,15.2,-3117555.9424115513,-2429103.214940657,0.3717948717948718,-3117555.9424115517,-2828023.8186899805,0.358974358974359,14,39,780,Road,29.92125,31.4,-4496025801.862616,-1133220640.7194252,0.10047619047619048,-4496025801.862616,-4154896433.5603685,0.01904761904761905,2,105,2100,-4499143357.805027,4492908245.920204,0.33992673992673994
Rail,24.988749999999996,15.2,-3117555.9424115513,-2429103.214940657,0.3717948717948718,-3117555.9424115517,-2828023.8186899805,0.358974358974359,14,39,780,Road,30.035,31.4,-4508991881.725723,-1134041637.53777,0.10047619047619048,-4508991881.725723,-4167640383.781356,0.01904761904761905,2,105,2100,-4512109437.668135,4505874325.783312,0.33992673992673994
Rail,24.988749999999996,15.2,-3117555.9424115513,-2429103.214940657,0.3717948717948718,-3117555.9424115517,-2828023.8186899805,0.358974358974359,14,39,780,Road,30.14875,31.4,-4521957961.588831,-1134862634.3561149,0.10047619047619048,-4521957961.588832,-4180384334.0023437,0.01904761904761905,2,105,2100,-4525075517.531243,4518840405.6464205,0.33992673992673994
Rail,24.988749999999996,15.2,-3117555.9424115513,-2429103.214940657,0.3717948717948718,-3117555.9424115517,-2828023.8186899805,0.358974358974359,14,39,780,Road,30.2625,31.4,-4534924041.45194,-1136086734.2343452,0.10047619047619048,-4534924041.45194,-4193128284.2233315,0.01904761904761905,2,105,2100,-4538041597.394351,4531806485.509528,0.33992673992673994
Rail,24.988749999999996,15.2,-3117555.9424115513,-2429103.214940657,0.3717948717948718,-3117555.9424115517,-2828023.8186899805,0.358974358974359,14,39,780,Road,30.37625,31.4,-4547890121.315047,-1137684027.005255,0.10047619047619048,-4547890121.315047,-4205872234.4443183,0.01904761904761905,2,105,2100,-4551007677.257459,4544772565.372636,0.33992673992673994
Rail,24.988749999999996,15.2,-3117555.9424115513,-2429103.214940657,0.3717948717948718,-3117555.9424115517,-2828023.8186899805,0.358974358974359,14,39,780,Road,30.49,31.4,-4560856201.178155,-1138628306.1565766,0.10047619047619048,-4560856201.178156,-4218616184.665306,0.01904761904761905,2,105,2100,-4563973757.120567,4557738645.235744,0.33992673992673994
Rail,24.988749999999996,15.2,-3117555.9424115513,-2429103.214940657,0.3717948717948718,-3117555.9424115517,-2828023.8186899805,0.358974358974359,14,39,780,Road,30.603749999999998,31.4,-4573822281.041263,-1139454162.9291048,0.10047619047619048,-4573822281.041264,-4231360134.886294,0.01904761904761905,2,105,2100,-4576939836.983675,4570704725.098852,0.33992673992673994
Rail,24.988749999999996,15.2,-3117555.9424115513,-2429103.214940657,0.3717948717948718,-3117555.9424115517,-2828023.8186899805,0.358974358974359,14,39,780,Road,30.7175,31.4,-4586788360.904371,-1139439918.655672,0.10047619047619048,-4586788360.904372,-4244104085.1072817,0.01904761904761905,2,105,2100,-4589905916.846784,4583670804.961961,0.33992673992673994
Rail,24.988749999999996,15.2,-3117555.9424115513,-2429103.214940657,0.3717948717948718,-3117555.9424115517,-2828023.8186899805,0.358974358974359,14,39,780,Road,30.831249999999997,31.4,-4599754440.76748,-1138061295.3365622,0.10047619047619048,-4599754440.767479,-4256848035.3282685,0.01904761904761905,2,105,2100,-4602871996.70989,4596636884.8250675,0.33992673992673994
Rail,24.988749999999996,15.2,-3117555.9424115513,-2429103.214940657,0.3717948717948718,-3117555.9424115517,-2828023.8186899805,0.358974358974359,14,39,780,Road,30.945,31.4,-4612720520.630588,-1137330797.4304318,0.10047619047619048,-4612720520.630588,-4269591985.5492563,0.01904761904761905,2,105,2100,-4615838076.572999,4609602964.688176,0.33992673992673994
Rail,24.988749999999996,15.2,-3117555.9424115513,-2429103.214940657,0.3717948717948718,-3117555.9424115517,-2828023.8186899805,0.358974358974359,14,39,780,Road,31.05875,31.4,-4625686600.493696,-1137579405.5205877,0.10047619047619048,-4625686600.493695,-4282335935.7702436,0.01904761904761905,2,105,2100,-4628804156.436107,4622569044.551284,0.33992673992673994
Rail,24.988749999999996,15.2,-3117555.9424115513,-2429103.214940657,0.3717948717948718,-3117555.9424115517,-2828023.8186899805,0.358974358974359,14,39,780,Road,31.1725,31.4,-4638652680.356804,-1137828013.6107433,0.10047619047619048,-4638652680.356805,-4295079885.991232,0.01904761904761905,2,105,2100,-4641770236.299216,4635535124.414393,0.33992673992673994
Rail,24.988749999999996,15.2,-3117555.9424115513,-2429103.214940657,0.3717948717948718,-3117555.9424115517,-2828023.8186899805,0.358974358974359,14,39,780,Road,31.28625,31.4,-4651618760.219912,-1138076621.7008991,0.10047619047619048,-4651618760.219912,-4307823836.212219,0.01904761904761905,2,105,2100,-4654736316.162323,4648501204.2775,0.33992673992673994
Rail,24.988749999999996,15.2,-3117555.9424115513,-2429103.214940657,0.3717948717948718,-3117555.9424115517,-2828023.8186899805,0.358974358974359,14,39,780,Road,31.4,31.4,-4664584840.083019,-1138335947.347439,0.10047619047619048,-4664584840.083019,-4320567786.433207,0.01904761904761905,2,105,2100,-4667702396.025431,4661467284.140608,0.33992673992673994
Rail,25.24,15.2,-3048858.2623431683,-2342684.696052009,0.3769230769230769,-3048858.2623431673,-2751337.411351599,0.358974358974359,14,39,780,Road,26.85,31.4,-4145941645.5586987,-1128380906.1848278,0.10047619047619048,-4145941645.558698,-3830177839.9219346,0.01904761904761905,2,105,2100,-4148990503.821041,4142892787.2963552,0.33992673992673994
Rail,25.24,15.2,-3048858.2623431683,-2342684.696052009,0.3769230769230769,-3048858.2623431673,-2751337.411351599,0.358974358974359,14,39,780,Road,26.96375,31.4,-4158907725.421807,-1128629514.274984,0.10047619047619048,-4158907725.421807,-3842950509.708068,0.01904761904761905,2,105,2100,-4161956583.6841497,4155858867.159464,0.33992673992673994
Rail,25.24,15.2,-3048858.2623431683,-2342684.696052009,0.3769230769230769,-3048858.2623431673,-2751337.411351599,0.358974358974359,14,39,780,Road,27.0775,31.4,-4171873805.2849145,-1128878122.3651395,0.10047619047619048,-4171873805.284915,-3855723179.4942007,0.01904761904761905,2,105,2100,-4174922663.547258,4168824947.022572,0.33992673992673994
Rail,25.24,15.2,-3048858.2623431683,-2342684.696052009,0.3769230769230769,-3048858.2623431673,-2751337.411351599,0.358974358974359,14,39,780,Road,27.19125,31.4,-4184839885.1480227,-1129126730.455295,0.10047619047619048,-4184839885.148023,-3868495849.2803345,0.01904761904761905,2,105,2100,-4187888743.410366,4181791026.88568,0.33992673992673994
Rail,25.24,15.2,-3048858.2623431683,-2342684.696052009,0.3769230769230769,-3048858.2623431673,-2751337.411351599,0.358974358974359,14,39,780,Road,27.305,31.4,-4197805965.011131,-1129375338.5454507,0.10047619047619048,-4197805965.0111313,-3881268519.0664682,0.01904761904761905,2,105,2100,-4200854823.273474,4194757106.7487884,0.33992673992673994
Rail,25.24,15.2,-3048858.2623431683,-2342684.696052009,0.3769230769230769,-3048858.2623431673,-2751337.411351599,0.358974358974359,14,39,780,Road,27.418750000000003,31.4,-4210772044.8742394,-1129623946.6356063,0.10047619047619048,-4210772044.8742385,-3893495777.8551016,0.01904761904761905,2,105,2100,-4213820903.1365814,4207723186.6118956,0.33992673992673994
Rail,25.24,15.2,-3048858.2623431683,-2342684.696052009,0.3769230769230769,-3048858.2623431673,-2751337.411351599,0.358974358974359,14,39,780,Road,27.532500000000002,31.4,-4223738124.7373476,-1129872554.725762,0.10047619047619048,-4223738124.7373466,-3901909725.170789,0.01904761904761905,2,105,2100,-4226786982.9996896,4220689266.4750037,0.33992673992673994
Rail,25.24,15.2,-3048858.2623431683,-2342684.696052009,0.3769230769230769,-3048858.2623431673,-2751337.411351599,0.358974358974359,14,39,780,Road,27.646250000000002,31.4,-4236704204.600455,-1130121162.8159175,0.10047619047619048,-4236704204.6004553,-3910323672.4864755,0.01904761904761905,2,105,2100,-4239753062.862798,4233655346.3381124,0.33992673992673994
Rail,25.24,15.2,-3048858.2623431683,-2342684.696052009,0.3769230769230769,-3048858.2623431673,-2751337.411351599,0.358974358974359,14,39,780,Road,27.76,31.4,-4249670284.463563,-1130369770.9060733,0.10047619047619048,-4249670284.463563,-3918737619.802162,0.01904761904761905,2,105,2100,-4252719142.725906,4246621426.20122,0.33992673992673994
Rail,25.24,15.2,-3048858.2623431683,-2342684.696052009,0.3769230769230769,-3048858.2623431673,-2751337.411351599,0.358974358974359,14,39,780,Road,27.87375,31.4,-4262636364.32667,-1130618378.996229,0.10047619047619048,-4262636364.326671,-3927151567.117849,0.01904761904761905,2,105,2100,-4265685222.589014,4259587506.064328,0.33992673992673994
Rail,25.24,15.2,-3048858.2623431683,-2342684.696052009,0.3769230769230769,-3048858.2623431673,-2751337.411351599,0.358974358974359,14,39,780,Road,27.9875,31.4,-4275602444.189779,-1130053142.5673504,0.10047619047619048,-4275602444.1897793,-3939412550.3008804,0.01904761904761905,2,105,2100,-4278651302.452122,4272553585.9274364,0.33992673992673994
Rail,25.24,15.2,-3048858.2623431683,-2342684.696052009,0.3769230769230769,-3048858.2623431673,-2751337.411351599,0.358974358974359,14,39,780,Road,28.10125,31.4,-4288568524.052887,-1128985213.0862138,0.10047619047619048,-4288568524.0528865,-3953394607.081622,0.01904761904761905,2,105,2100,-4291617382.3152294,4285519665.7905436,0.33992673992673994
Rail,25.24,15.2,-3048858.2623431683,-2342684.696052009,0.3769230769230769,-3048858.2623431673,-2751337.411351599,0.358974358974359,14,39,780,Road,28.215,31.4,-4301534603.915996,-1128174086.3538113,0.10047619047619048,-4301534603.915995,-3967376663.8623643,0.01904761904761905,2,105,2100,-4304583462.178338,4298485745.653651,0.33992673992673994
Rail,25.24,15.2,-3048858.2623431683,-2342684.696052009,0.3769230769230769,-3048858.2623431673,-2751337.411351599,0.358974358974359,14,39,780,Road,28.32875,31.4,-4314500683.779103,-1128436425.5764236,0.10047619047619048,-4314500683.779103,-3981358720.643106,0.01904761904761905,2,105,2100,-4317549542.041447,4311451825.51676,0.33992673992673994
Rail,25.24,15.2,-3048858.2623431683,-2342684.696052009,0.3769230769230769,-3048858.2623431673,-2751337.411351599,0.358974358974359,14,39,780,Road,28.4425,31.4,-4327466763.642212,-1128721958.5330625,0.10047619047619048,-4327466763.642211,-3995340777.423848,0.01904761904761905,2,105,2100,-4330515621.904554,4324417905.379868,0.33992673992673994
Rail,25.24,15.2,-3048858.2623431683,-2342684.696052009,0.3769230769230769,-3048858.2623431673,-2751337.411351599,0.358974358974359,14,39,780,Road,28.55625,31.4,-4340432843.505318,-1129007491.4897013,0.10047619047619048,-4340432843.505319,-4009322834.20459,0.01904761904761905,2,105,2100,-4343481701.767662,4337383985.242975,0.33992673992673994
Rail,25.24,15.2,-3048858.2623431683,-2342684.696052009,0.3769230769230769,-3048858.2623431673,-2751337.411351599,0.358974358974359,14,39,780,Road,28.67,31.4,-4353398923.368427,-1129293024.4463398,0.10047619047619048,-4353398923.368427,-4019144236.3541107,0.01904761904761905,2,105,2100,-4356447781.630771,4350350065.106084,0.33992673992673994
Rail,25.24,15.2,-3048858.2623431683,-2342684.696052009,0.3769230769230769,-3048858.2623431673,-2751337.411351599,0.358974358974359,14,39,780,Road,28.78375,31.4,-4366365003.231536,-1129578557.4029787,0.10047619047619048,-4366365003.231535,-4028344187.013256,0.01904761904761905,2,105,2100,-4369413861.493878,4363316144.969192,0.33992673992673994
Rail,25.24,15.2,-3048858.2623431683,-2342684.696052009,0.3769230769230769,-3048858.2623431673,-2751337.411351599,0.358974358974359,14,39,780,Road,28.8975,31.4,-4379331083.094643,-1129864090.3596172,0.10047619047619048,-4379331083.094644,-4040200881.5714808,0.01904761904761905,2,105,2100,-4382379941.356987,4376282224.8323,0.33992673992673994
Rail,25.24,15.2,-3048858.2623431683,-2342684.696052009,0.3769230769230769,-3048858.2623431673,-2751337.411351599,0.358974358974359,14,39,780,Road,29.01125,31.4,-4392297162.957751,-1130149623.316256,0.10047619047619048,-4392297162.957751,-4052944831.792468,0.01904761904761905,2,105,2100,-4395346021.220095,4389248304.695408,0.33992673992673994
Rail,25.24,15.2,-3048858.2623431683,-2342684.696052009,0.3769230769230769,-3048858.2623431673,-2751337.411351599,0.358974358974359,14,39,780,Road,29.125,31.4,-4405263242.820859,-1130435156.2728949,0.10047619047619048,-4405263242.82086,-4065688782.0134554,0.01904761904761905,2,105,2100,-4408312101.083203,4402214384.5585165,0.33992673992673994
Rail,25.24,15.2,-3048858.2623431683,-2342684.696052009,0.3769230769230769,-3048858.2623431673,-2751337.411351599,0.358974358974359,14,39,780,Road,29.23875,31.4,-4418229322.683968,-1130720689.2295337,0.10047619047619048,-4418229322.683967,-4078432732.2344427,0.01904761904761905,2,105,2100,-4421278180.94631,4415180464.421623,0.33992673992673994
Rail,25.24,15.2,-3048858.2623431683,-2342684.696052009,0.3769230769230769,-3048858.2623431673,-2751337.411351599,0.358974358974359,14,39,780,Road,29.3525,31.4,-4431195402.547075,-1131006222.1861722,0.10047619047619048,-4431195402.547075,-4091176682.4554305,0.01904761904761905,2,105,2100,-4434244260.809419,4428146544.284732,0.33992673992673994
Rail,25.24,15.2,-3048858.2623431683,-2342684.696052009,0.3769230769230769,-3048858.2623431673,-2751337.411351599,0.358974358974359,14,39,780,Road,29.46625,31.4,-4444161482.410184,-1131318836.6494703,0.10047619047619048,-4444161482.410183,-4103920632.6764183,0.01904761904761905,2,105,2100,-4447210340.672526,4441112624.14784,0.33992673992673994
Rail,25.24,15.2,-3048858.2623431683,-2342684.696052009,0.3769230769230769,-3048858.2623431673,-2751337.411351599,0.358974358974359,14,39,780,Road,29.58,31.4,-4457127562.273292,-1131652692.5152984,0.10047619047619048,-4457127562.273292,-4116664582.897405,0.01904761904761905,2,105,2100,-4460176420.535635,4454078704.010948,0.33992673992673994
Rail,25.24,15.2,-3048858.2623431683,-2342684.696052009,0.3769230769230769,-3048858.2623431673,-2751337.411351599,0.358974358974359,14,39,780,Road,29.69375,31.4,-4470093642.136399,-1131986548.3811264,0.10047619047619048,-4470093642.1364,-4129408533.118394,0.01904761904761905,2,105,2100,-4473142500.398744,4467044783.874057,0.33992673992673994
Rail,25.24,15.2,-3048858.2623431683,-2342684.696052009,0.3769230769230769,-3048858.2623431673,-2751337.411351599,0.358974358974359,14,39,780,Road,29.8075,31.4,-4483059721.999507,-1132399643.9010806,0.10047619047619048,-4483059721.999507,-4142152483.339381,0.01904761904761905,2,105,2100,-4486108580.26185,4480010863.737164,0.33992673992673994
Rail,25.24,15.2,-3048858.2623431683,-2342684.696052009,0.3769230769230769,-3048858.2623431673,-2751337.411351599,0.358974358974359,14,39,780,Road,29.92125,31.4,-4496025801.862616,-1133220640.7194252,0.10047619047619048,-4496025801.862616,-4154896433.5603685,0.01904761904761905,2,105,2100,-4499074660.124959,4492976943.600272,0.33992673992673994
Rail,25.24,15.2,-3048858.2623431683,-2342684.696052009,0.3769230769230769,-3048858.2623431673,-2751337.411351599,0.358974358974359,14,39,780,Road,30.035,31.4,-4508991881.725723,-1134041637.53777,0.10047619047619048,-4508991881.725723,-4167640383.781356,0.01904761904761905,2,105,2100,-4512040739.988067,4505943023.46338,0.33992673992673994
Rail,25.24,15.2,-3048858.2623431683,-2342684.696052009,0.3769230769230769,-3048858.2623431673,-2751337.411351599,0.358974358974359,14,39,780,Road,30.14875,31.4,-4521957961.588831,-1134862634.3561149,0.10047619047619048,-4521957961.588832,-4180384334.0023437,0.01904761904761905,2,105,2100,-4525006819.851175,4518909103.3264885,0.33992673992673994
Rail,25.24,15.2,-3048858.2623431683,-2342684.696052009,0.3769230769230769,-3048858.2623431673,-2751337.411351599,0.358974358974359,14,39,780,Road,30.2625,31.4,-4534924041.45194,-1136086734.2343452,0.10047619047619048,-4534924041.45194,-4193128284.2233315,0.01904761904761905,2,105,2100,-4537972899.714283,4531875183.189596,0.33992673992673994
Rail,25.24,15.2,-3048858.2623431683,-2342684.696052009,0.3769230769230769,-3048858.2623431673,-2751337.411351599,0.358974358974359,14,39,780,Road,30.37625,31.4,-4547890121.315047,-1137684027.005255,0.10047619047619048,-4547890121.315047,-4205872234.4443183,0.01904761904761905,2,105,2100,-4550938979.577391,4544841263.052704,0.33992673992673994
Rail,25.24,15.2,-3048858.2623431683,-2342684.696052009,0.3769230769230769,-3048858.2623431673,-2751337.411351599,0.358974358974359,14,39,780,Road,30.49,31.4,-4560856201.178155,-1138628306.1565766,0.10047619047619048,-4560856201.178156,-4218616184.665306,0.01904761904761905,2,105,2100,-4563905059.440499,4557807342.9158125,0.33992673992673994
Rail,25.24,15.2,-3048858.2623431683,-2342684.696052009,0.3769230769230769,-3048858.2623431673,-2751337.411351599,0.358974358974359,14,39,780,Road,30.603749999999998,31.4,-4573822281.041263,-1139454162.9291048,0.10047619047619048,-4573822281.041264,-4231360134.886294,0.01904761904761905,2,105,2100,-4576871139.303607,4570773422.77892,0.33992673992673994
Rail,25.24,15.2,-3048858.2623431683,-2342684.696052009,0.3769230769230769,-3048858.2623431673,-2751337.411351599,0.358974358974359,14,39,780,Road,30.7175,31.4,-4586788360.904371,-1139439918.655672,0.10047619047619048,-4586788360.904372,-4244104085.1072817,0.01904761904761905,2,105,2100,-4589837219.166716,4583739502.642029,0.33992673992673994
Rail,25.24,15.2,-3048858.2623431683,-2342684.696052009,0.3769230769230769,-3048858.2623431673,-2751337.411351599,0.358974358974359,14,39,780,Road,30.831249999999997,31.4,-4599754440.76748,-1138061295.3365622,0.10047619047619048,-4599754440.767479,-4256848035.3282685,0.01904761904761905,2,105,2100,-4602803299.029822,4596705582.505136,0.33992673992673994
Rail,25.24,15.2,-3048858.2623431683,-2342684.696052009,0.3769230769230769,-3048858.2623431673,-2751337.411351599,0.358974358974359,14,39,780,Road,30.945,31.4,-4612720520.630588,-1137330797.4304318,0.10047619047619048,-4612720520.630588,-4269591985.5492563,0.01904761904761905,2,105,2100,-4615769378.892931,4609671662.368244,0.33992673992673994
Rail,25.24,15.2,-3048858.2623431683,-2342684.696052009,0.3769230769230769,-3048858.2623431673,-2751337.411351599,0.358974358974359,14,39,780,Road,31.05875,31.4,-4625686600.493696,-1137579405.5205877,0.10047619047619048,-4625686600.493695,-4282335935.7702436,0.01904761904761905,2,105,2100,-4628735458.756039,4622637742.231352,0.33992673992673994
Rail,25.24,15.2,-3048858.2623431683,-2342684.696052009,0.3769230769230769,-3048858.2623431673,-2751337.411351599,0.358974358974359,14,39,780,Road,31.1725,31.4,-4638652680.356804,-1137828013.6107433,0.10047619047619048,-4638652680.356805,-4295079885.991232,0.01904761904761905,2,105,2100,-4641701538.619148,4635603822.094461,0.33992673992673994
Rail,25.24,15.2,-3048858.2623431683,-2342684.696052009,0.3769230769230769,-3048858.2623431673,-2751337.411351599,0.358974358974359,14,39,780,Road,31.28625,31.4,-4651618760.219912,-1138076621.7008991,0.10047619047619048,-4651618760.219912,-4307823836.212219,0.01904761904761905,2,105,2100,-4654667618.482255,4648569901.957568,0.33992673992673994
Rail,25.24,15.2,-3048858.2623431683,-2342684.696052009,0.3769230769230769,-3048858.2623431673,-2751337.411351599,0.358974358974359,14,39,780,Road,31.4,31.4,-4664584840.083019,-1138335947.347439,0.10047619047619048,-4664584840.083019,-4320567786.433207,0.01904761904761905,2,105,2100,-4667633698.345363,4661535981.820676,0.33992673992673994
