development,scenario,total_mmin,top_edge,top_delta_delay,top_vcr,top_sq_vcr,n_more_delay,n_less_delay,max_delta_delay,min_delta_delay
0,scenario_100,0.00656830421717395,86,3.6799568947643024e-08,1.1212101773890506,1.1212101386263622,0,24,3.6799568947643024e-08,-0.2763291697779451
2,scenario_100,-0.0071360629969030856,178,0.4739318399205956,2.8866952245278403,2.850853725237624,31,1,0.4739318399205956,-0.05781792398989216
9,scenario_100,0.049440933116255435,0,0.0,0.0,0.0,0,39,0.0,-2.012069629593494
12,scenario_100,-0.0008163629763517529,103,0.00011886501879621036,0.2361149332172819,0.23568070167341842,0,3,0.00011886501879621036,-0.22077656676777369
15,scenario_100,0.00467409383385349,86,3.6879354903263106e-08,1.121210177473093,1.1212101386263622,0,13,3.6879354903263106e-08,-0.1928288618637346
17,scenario_100,0.0003886941362716025,103,0.002051942720346922,0.2430255325472728,0.23568070167341842,0,3,0.002051942720346922,-0.19027878497009043
25,scenario_100,-0.0063280049037964786,178,0.5066205265815391,2.889144429398097,2.850853725237624,36,1,0.5066205265815391,-0.10734746252819205
27,scenario_100,-0.005974378788758302,178,0.4713083170259402,2.886498530533076,2.850853725237624,36,1,0.4713083170259402,-0.13650154043646345
28,scenario_100,0.000850273147431435,103,0.0006887763677960734,0.23818154783919052,0.23568070167341842,0,17,0.0006887763677960734,-0.54226150994981
57,scenario_100,0.004234000240878318,86,3.77649576055461e-08,1.1212101784059392,1.1212101386263622,0,7,3.77649576055461e-08,-0.09900611333737075
62,scenario_100,0.001153612795862602,91,0.017959696564072924,0.6514951329232022,0.6282437703819919,1,3,0.017959696564072924,-0.05635678733769467
63,scenario_100,-0.0165848214233038,178,0.5380459743650476,2.891496248601325,2.850853725237624,32,1,0.5380459743650476,-0.09414607779029338
73,scenario_100,-0.006743909486633842,178,0.26630433710347035,2.871070302975553,2.850853725237624,21,0,0.26630433710347035,-0.00685806396433053
90,scenario_100,0.00020739651235588823,124,4.503966264834958e-06,1.2954475382612374,1.2954438741217198,0,2,4.503966264834958e-06,-0.013480074672791886
94,scenario_100,0.00015919597125356086,91,0.0016165887279662172,0.6303860439174533,0.6282437703819919,0,0,0.0016165887279662172,-0.008959970969979025
103,scenario_100,-0.00788840131873684,178,0.4867104038156995,2.8876530066291815,2.850853725237624,31,1,0.4867104038156995,-0.09742423457042326
104,scenario_100,0.00013481768383609598,0,0.0,0.0,0.0,0,0,0.0,-0.009247436739357795
109,scenario_100,-0.028733405971065162,178,1.0311482074431844,2.92805396093484,2.850853725237624,36,1,1.0311482074431844,-0.09262036211747438
114,scenario_100,-0.0009372624828618718,86,0.26607898105345873,1.3637348330782035,1.1212101386263622,3,0,0.26607898105345873,-0.008442148683230566
126,scenario_100,-0.017630474620924798,178,0.5531131817792385,2.892622899769281,2.850853725237624,33,1,0.5531131817792385,-0.05787477542622632
140,scenario_100,-0.00034020573224511464,178,0.013180282034138457,2.851859033923801,2.850853725237624,1,0,0.013180282034138457,-4.467293583942933e-07
143,scenario_100,-8.688983921019826e-05,89,0.00283152185631641,0.5411201838701919,0.5323382869805667,0,0,0.00283152185631641,-0.0017366689380988731
144,scenario_100,-0.005925054756380268,178,0.3890738859261056,2.8803236111162067,2.850853725237624,31,1,0.3890738859261056,-0.08913310806240349
150,scenario_100,-0.010377231251096351,178,0.45290438604042293,2.8851182004751847,2.850853725237624,29,0,0.45290438604042293,-0.004153044458585775
152,scenario_100,0.05021351641301741,0,0.0,0.0,0.0,0,40,0.0,-2.080085166163496
176,scenario_100,0.003754251882192795,91,0.00013402384244098897,0.6284217651319425,0.6282437703819919,0,16,0.00013402384244098897,-0.21470432813057272
177,scenario_100,0.00033575453032751103,87,0.0067738385158231385,1.370457042420361,1.3550955891025764,0,2,0.0067738385158231385,-0.14911976654215064
195,scenario_100,-0.010970086372857448,178,0.4353916071864177,2.8838038495018536,2.850853725237624,29,0,0.4353916071864177,-0.005856273825162184
197,scenario_100,-0.0012343455573311075,178,0.044249427410370856,2.854226831138107,2.850853725237624,2,0,0.044249427410370856,-5.050794866789943e-07
201,scenario_100,-0.01643700708365801,178,0.5419519143972416,2.891788374463222,2.850853725237624,32,1,0.5419519143972416,-0.0737474181044373
202,scenario_100,-0.004029273575170431,178,0.1943367428700249,2.8656265411335213,2.850853725237624,12,0,0.1943367428700249,-0.003932140237954851
206,scenario_100,0.0003762144737144699,124,3.8299393834151374e-07,1.2954441857017103,1.2954438741217198,0,3,3.8299393834151374e-07,-0.020247870919089195
209,scenario_100,-0.00018599514950974844,0,0.0,0.0,0.0,0,3,0.0,-0.4438439580584137
227,scenario_100,0.00020279902577213942,178,0.0026610671730793456,2.8510567346227984,2.850853725237624,0,1,0.0026610671730793456,-0.015023642149889493
233,scenario_100,-0.0004844986008969136,178,0.012759527788514191,2.8518269491128043,2.850853725237624,2,0,0.012759527788514191,-0.0017141090880776755
240,scenario_100,-1.8517207815893928e-05,178,0.002752273155834928,2.8510636922509884,2.850853725237624,0,1,0.002752273155834928,-0.010925862967343214
243,scenario_100,-0.006453215462372638,178,0.2073524279266259,2.866612143838781,2.850853725237624,13,1,0.2073524279266259,-0.5250822930667631
245,scenario_100,-0.006385759457774926,178,0.4358863931237238,2.883840995177533,2.850853725237624,34,1,0.4358863931237238,-0.07783752616097295
249,scenario_100,-0.016304792438582984,178,0.510837957997186,2.889460209443426,2.850853725237624,31,1,0.510837957997186,-0.08362864163198935
250,scenario_100,0.0005648203639450948,178,0.002276245269893451,2.8510273783074243,2.850853725237624,0,2,0.002276245269893451,-0.06626251662828098
254,scenario_100,0.056980856125664656,0,0.0,0.0,0.0,0,40,0.0,-2.396432979120899
255,scenario_100,-0.00013284850764647127,178,0.05869093228589506,2.855326490793705,2.850853725237624,2,1,0.05869093228589506,-0.0547715594012943
261,scenario_100,-0.004346235876782332,178,0.23108321298104428,2.8684079192151404,2.850853725237624,15,0,0.23108321298104428,-0.0020467206725522935
267,scenario_100,-0.00036339090640773067,178,0.0118072943701506,2.8517543342437883,2.850853725237624,1,5,0.0118072943701506,-0.05533050589759836
270,scenario_100,0.0001271709009951446,178,0.04690078505434059,2.854428765284463,2.850853725237624,2,1,0.04690078505434059,-0.056341556686116956
273,scenario_100,2.0698075057705864e-05,178,0.002715678747790662,2.8510609006575325,2.850853725237624,0,2,0.002715678747790662,-0.02239834854333378
277,scenario_100,-0.0046015259337010795,178,0.34607206605979,2.877087245785909,2.850853725237624,25,1,0.34607206605979,-0.04636982632614872
284,scenario_100,-0.0011015361905420433,178,0.0383642052549753,2.853778526152348,2.850853725237624,2,5,0.0383642052549753,-0.05896034009993478
285,scenario_100,-0.016171560712842155,178,0.49776112566533826,2.888480924618222,2.850853725237624,31,1,0.49776112566533826,-0.09322625230867776
289,scenario_100,-0.008389814427683363,178,0.4857242424383905,2.887579107453001,2.850853725237624,31,1,0.4857242424383905,-0.0959853420954575
308,scenario_100,-0.001294998055640841,178,0.009577140409838591,2.851584258312706,2.850853725237624,0,1,0.009577140409838591,-0.27160257367344287
331,scenario_100,-0.017872703729978415,178,0.5699080650291322,2.893878014363509,2.850853725237624,33,1,0.5699080650291322,-0.01500715647576456
334,scenario_100,0.009549669471650151,86,3.658553038299317e-08,1.1212101771635938,1.1212101386263622,0,29,3.658553038299317e-08,-0.38964863839936115
348,scenario_100,-0.01110779085043841,178,0.5339328472895346,2.891188582517373,2.850853725237624,32,1,0.5339328472895346,-0.3890247849503867
351,scenario_100,-0.01478567094756011,178,0.9580792412956285,2.922677115332074,2.850853725237624,36,4,0.9580792412956285,-0.06425473886860611
356,scenario_100,-0.007800653046088293,178,0.3686819812759161,2.878789528449486,2.850853725237624,26,0,0.3686819812759161,0.0
358,scenario_100,-0.007196498350744252,178,0.47395643291966394,2.8866970682557365,2.850853725237624,31,1,0.47395643291966394,-0.06172598601447632
390,scenario_100,-0.009419830366699258,178,0.3887395371048967,2.880298467283023,2.850853725237624,27,1,0.3887395371048967,-0.02516610616242909
392,scenario_100,0.000497069292446482,91,0.0015580614347543431,0.6303086623980104,0.6282437703819919,0,2,0.0015580614347543431,-0.015747637277289783
394,scenario_100,-0.00021699483893194705,87,0.05379107537866323,1.471029184861877,1.3550955891025764,2,0,0.05379107537866323,-0.005217285375229919
423,scenario_100,0.006263384743459988,86,3.657092606523804e-08,1.1212101771482106,1.1212101386263622,0,24,3.657092606523804e-08,-0.3808688019887405
459,scenario_100,-0.002061245608612546,178,0.05616529950609106,2.855134217295649,2.850853725237624,2,1,0.05616529950609106,-0.3000551997237568
464,scenario_100,-2.467600428708829e-05,178,0.0019673945534037784,2.851003817182752,2.850853725237624,0,0,0.0019673945534037784,-0.003555957725982495
469,scenario_100,-0.004597769637591671,178,0.3426717976381326,2.876831120264,2.850853725237624,25,1,0.3426717976381326,-0.06131550850748502
486,scenario_100,-0.016433563548814156,178,0.522848455249374,2.8903592304425665,2.850853725237624,32,1,0.522848455249374,-0.09433153892982493
493,scenario_100,1.1948228908702731e-05,178,0.0007521918746071776,2.850911111038185,2.850853725237624,0,0,0.0007521918746071776,-0.005149012088071725
499,scenario_100,-0.005379209021948743,178,0.3882720286603245,2.880263309011573,2.850853725237624,31,1,0.3882720286603245,-0.1291648499882455
517,scenario_100,-0.0005532289252777118,86,0.2002877779601644,1.3095519136268552,1.1212101386263622,1,1,0.2002877779601644,-0.03575113247932493
521,scenario_100,-0.026175789941133586,178,0.8990313652547641,2.9183218852617046,2.850853725237624,36,1,0.8990313652547641,-0.10354235313255478
531,scenario_100,-0.015084992255101211,178,0.5039006230878051,2.8889407510764387,2.850853725237624,31,0,0.5039006230878051,-0.008131368583018883
533,scenario_100,-0.001327423826433951,178,0.0010335032362362995,2.8509325722712977,2.850853725237624,0,0,0.0010335032362362995,-0.0008688128314293664
538,scenario_100,0.0004153385997483274,86,0.14753485567326674,1.2637242518899772,1.1212101386263622,4,4,0.14753485567326674,-0.07672646858050536
540,scenario_100,0.0023817218371868366,99,5.451356033248089e-10,0.0025752375707699337,0.002560212259701431,0,7,5.451356033248089e-10,-0.1257492861495635
546,scenario_100,-0.003406161404334125,178,0.08891373699072602,2.8576259130931723,2.850853725237624,4,0,0.08891373699072602,-0.006659293282723855
550,scenario_100,0.00030147819964657536,86,0.13525482282703893,1.2527171702932682,1.1212101386263622,5,3,0.13525482282703893,-0.08384214496433795
552,scenario_100,-0.005144104673800524,178,0.21634311371636983,2.8672926796386347,2.850853725237624,14,1,0.21634311371636983,-0.014318410951483784
556,scenario_100,-0.0021171474999113708,178,0.11315643819987997,2.8594684844895704,2.850853725237624,6,5,0.11315643819987997,-0.10621115164010653
557,scenario_100,0.055530311854261785,0,0.0,0.0,0.0,0,40,0.0,-2.448046555089334
558,scenario_100,-0.00627950287794054,178,0.32053036814144775,2.875162533769146,2.850853725237624,24,1,0.32053036814144775,-0.11813238348286648
564,scenario_100,-0.007843522751366254,178,0.47675245401367405,2.8869066741585607,2.850853725237624,31,1,0.47675245401367405,-0.09698322153260475
565,scenario_100,-0.0019648463420819024,103,2.2016681753722622e-05,0.23576121638027975,0.23568070167341842,0,3,2.2016681753722622e-05,-0.3141352509983155
569,scenario_100,0.0014144810131337727,99,3.595457820360082e-10,0.0025701360505941276,0.002560212259701431,0,3,3.595457820360082e-10,-0.07843203565783696
594,scenario_100,-0.0025100694550978953,92,0.00017595594081720733,1.314984843829274,1.3148581252480298,0,1,0.00017595594081720733,-0.5555086778080813
602,scenario_100,-0.0013088266031058737,103,1.4949299135480487e-05,0.23573537525338892,0.23568070167341842,0,3,1.4949299135480487e-05,-0.33093643728367406
612,scenario_100,-0.02871867412361922,178,1.031800697633372,2.9281019127593737,2.850853725237624,36,1,1.031800697633372,-0.09384207472522088
614,scenario_100,-0.0021714774087325203,178,0.08138761282980767,2.857053550054165,2.850853725237624,2,0,0.08138761282980767,-0.001636882766943959
625,scenario_100,-0.0027888166038021445,178,0.08474455575739981,2.857308865972792,2.850853725237624,3,5,0.08474455575739981,-0.10286256401330962
627,scenario_100,0.00026376731999823823,178,0.002632145993118229,2.851054528372028,2.850853725237624,0,2,0.002632145993118229,-0.035742277565892655
628,scenario_100,-0.004004240920879645,178,0.2055145707385435,2.8664730022873814,2.850853725237624,13,6,0.2055145707385435,-0.1488089015304077
629,scenario_100,-0.0012184719591952161,86,0.05973731849515973,1.1818240211579798,1.1212101386263622,3,1,0.05973731849515973,-0.11083335277117656
648,scenario_100,-0.0017325721965321572,178,0.005875536531554815,2.8513019353627644,2.850853725237624,0,1,0.005875536531554815,-0.1403716088500726
662,scenario_100,-0.024630212273939165,178,0.8443883742410918,2.9142834265407136,2.850853725237624,36,1,0.8443883742410918,-0.09897377045551603
669,scenario_100,0.005912490539299091,89,0.03004655312480642,0.6169878384937688,0.5323382869805667,3,23,0.03004655312480642,-0.28174168726302184
670,scenario_100,8.728945720137562e-05,88,0.08200679370114594,0.8435664571482456,0.7362255486651031,1,1,0.08200679370114594,-0.06669465525382756
673,scenario_100,0.003015980952879414,86,3.6921895540942273e-08,1.1212101775179029,1.1212101386263622,0,7,3.6921895540942273e-08,-0.12237292478167916
678,scenario_100,-0.005517961017906782,178,0.3639143369056086,2.8784306935272825,2.850853725237624,31,1,0.3639143369056086,-0.09288161393660832
680,scenario_100,-0.0010475317856939509,103,0.00011087068724080495,0.23608576380303237,0.23568070167341842,0,3,0.00011087068724080495,-0.30658330288461855
682,scenario_100,-0.006290788214614266,178,0.3205312058783214,2.875162596926961,2.850853725237624,24,1,0.3205312058783214,-0.11813238348286625
689,scenario_100,-0.011109151820478263,178,0.49471309823324106,2.8882526001621103,2.850853725237624,31,1,0.49471309823324106,-0.04115690362721702
694,scenario_100,0.001395038478118833,0,0.0,0.0,0.0,0,7,0.0,-0.35994365053412825
726,scenario_100,-0.004134478091979632,178,0.200492640145292,2.866092750843407,2.850853725237624,13,7,0.200492640145292,-0.16736488776377967
736,scenario_100,-0.0001515968405934982,178,0.008479090513606735,2.851500513648398,2.850853725237624,0,0,0.008479090513606735,0.0
750,scenario_100,-0.0168781580766869,178,0.5163187832662857,2.889870513885187,2.850853725237624,31,1,0.5163187832662857,-0.04853915285918298
755,scenario_100,0.0006125897265180246,178,0.0022740148126132453,2.8510272081547345,2.850853725237624,0,2,0.0022740148126132453,-0.06626251669176042
759,scenario_100,-0.02836156505475973,178,1.0028230317558275,2.92597126912076,2.850853725237624,36,1,1.0028230317558275,-0.09602968349407992
761,scenario_100,0.0034367391302012836,86,3.6977733763876586e-08,1.12121017757672,1.1212101386263622,0,12,3.6977733763876586e-08,-0.16648443835367388
764,scenario_100,-0.001515282322922605,178,0.02200813618464892,2.852532089557711,2.850853725237624,2,1,0.02200813618464892,-0.30845131070183496
767,scenario_100,0.0027973366788930725,91,0.016327458957160257,0.649429929672633,0.6282437703819919,1,8,0.016327458957160257,-0.1321080982899403
770,scenario_100,0.001476092096909997,91,0.02941013408936355,0.6657323454054227,0.6282437703819919,1,2,0.02941013408936355,-0.0758355394390442
775,scenario_100,-0.01820983925277088,178,0.5845361090511219,2.8949705761816236,2.850853725237624,34,0,0.5845361090511219,-0.002439242257497032
776,scenario_100,-0.006204342047035811,178,0.2945071656905647,2.87319968071526,2.850853725237624,23,7,0.2945071656905647,-0.19873631329635177
780,scenario_100,0.0006002648567619035,86,0.13372231909993038,1.2513339987779046,1.1212101386263622,5,3,0.13372231909993038,-0.08803263166103914
789,scenario_100,-0.007737524312822963,178,0.40352339285508165,2.881409955227068,2.850853725237624,28,1,0.40352339285508165,-0.13617298116208354
791,scenario_100,-0.0032020006202366203,178,0.07884152738456507,2.8568598834739305,2.850853725237624,2,0,0.07884152738456507,-0.0004185636093438916
809,scenario_100,-0.0033636932512919886,178,0.08382253402784556,2.8572387437962865,2.850853725237624,2,0,0.08382253402784556,-0.0004185633724889115
810,scenario_100,-0.0026820177725668764,178,0.003609101252667557,2.8511290540319743,2.850853725237624,0,1,0.003609101252667557,-0.5245265477126295
811,scenario_100,-0.00031403241293726024,178,0.002154879475892102,2.8510181197743885,2.850853725237624,0,0,0.002154879475892102,-0.006406011387798616
813,scenario_100,0.005961148608390125,103,0.00019483189588465066,0.23639186690993388,0.23568070167341842,0,24,0.00019483189588465066,-0.5519856286420428
822,scenario_100,-0.0018686803645027103,178,0.06045047008289117,2.8554604316559202,2.850853725237624,2,0,0.06045047008289117,-0.00317330515973957
831,scenario_100,-0.004205686481343,178,0.21419126987412085,2.8671298197934183,2.850853725237624,14,6,0.21419126987412085,-0.15352097572139733
837,scenario_100,0.0003387083477177657,124,3.6514423937816787e-06,1.2954468447033358,1.2954438741217198,0,2,3.6514423937816787e-06,-0.017909677419378767
858,scenario_100,-0.0021498699356371073,103,1.1007114124161888e-05,0.23572095935334866,0.23568070167341842,0,3,1.1007114124161888e-05,-0.38824813905418987
863,scenario_100,-0.0008568741897867294,0,0.0,0.0,0.0,0,3,0.0,-0.45589472244568485
866,scenario_100,-0.0013589562575394521,178,0.0477295018688757,2.8544918783638735,2.850853725237624,2,0,0.0477295018688757,-4.218558702717701e-05
873,scenario_100,-0.01624846190469805,178,0.49852821387565527,2.8885383823913418,2.850853725237624,31,1,0.49852821387565527,-0.09297725051528216
878,scenario_100,-0.003777565078052925,178,0.10887841501229545,2.8591434532638362,2.850853725237624,6,5,0.10887841501229545,-0.055330483655252616
887,scenario_100,-0.008691823746812414,178,0.27902600225838015,2.8720310912862734,2.850853725237624,23,0,0.27902600225838015,-0.003379134265146355
895,scenario_100,-0.010003352316071048,178,0.4474144393441257,2.8847062648854322,2.850853725237624,29,1,0.4474144393441257,-0.039570381355776174
935,scenario_100,-0.00248028716894635,178,0.09031108273627808,2.85773216381346,2.850853725237624,3,0,0.09031108273627808,-0.0013009066260920576
938,scenario_100,0.004773502726736828,103,3.204038636317463e-05,0.2357978601827255,0.23568070167341842,0,17,3.204038636317463e-05,-0.49941791891027987
940,scenario_100,-0.0020950234469348803,178,0.07600660641620394,2.856644225151187,2.850853725237624,2,0,0.07600660641620394,-4.62501039022456e-07
945,scenario_100,-0.01932706391902035,178,0.7697602222011177,2.908755249597109,2.850853725237624,36,1,0.7697602222011177,-0.36557564382434227
952,scenario_100,-0.007554499830605113,178,0.38670624089715844,2.8801455519148447,2.850853725237624,27,1,0.38670624089715844,-0.21248070022705945
958,scenario_100,0.0005600749428006821,86,0.12011364660117407,1.2389563036518585,1.1212101386263622,4,3,0.12011364660117407,-0.07600624306736314
964,scenario_100,3.986228636617307e-05,0,0.0,0.0,0.0,0,0,0.0,-0.005681949980740342
970,scenario_100,-0.0057357239518282,178,0.1445089740728278,2.861848978154972,2.850853725237624,9,0,0.1445089740728278,-0.0033765864400918666
971,scenario_100,-0.00018595162873144729,86,0.0901830836307349,1.2111055619527837,1.1212101386263622,1,1,0.0901830836307349,-0.07130236699107162
987,scenario_100,-0.00012744340760656632,178,0.008118227207415174,2.8514729910358088,2.850853725237624,0,0,0.008118227207415174,0.0
0,scenario_19,0.01588902750602155,86,4.344680304413373e-08,1.6903887374479267,1.6903887116900773,0,37,4.344680304413373e-08,-0.7430215609063637
2,scenario_19,-0.01980956672816013,178,1.2684166983167344,4.351715373352699,4.297718772075383,38,1,1.2684166983167344,-0.1549255295261407
9,scenario_19,0.10954605480733001,0,0.0,0.0,0.0,0,43,0.0,-5.390437552222764
12,scenario_19,0.0009166423606522149,103,0.0003184372375009126,0.355965061671262,0.3553102841203979,0,4,0.0003184372375009126,-0.5916418234386609
15,scenario_19,0.011278476281780516,86,4.354098503966952e-08,1.6903887375037634,1.6903887116900773,0,33,4.354098503966952e-08,-0.5190939221221953
17,scenario_19,0.005296359762953594,103,0.005495483265157031,0.3663822834028674,0.3553102841203979,0,8,0.005495483265157031,-0.5099059772001366
25,scenario_19,-0.016203823591535795,178,1.3527690446025957,4.35527308571398,4.297718772075383,44,1,1.3527690446025957,-0.2876054931616444
27,scenario_19,-0.015070272375990752,178,1.2584584557452487,4.351295097709819,4.297718772075383,44,1,1.2584584557452487,-0.3655913156059988
28,scenario_19,0.010073114608267089,103,0.0018447380980215478,0.35908032777837473,0.3553102841203979,0,36,0.0018447380980215478,-1.4532035760773647
57,scenario_19,0.00765576881182706,86,4.458687508090975e-08,1.6903887381238294,1.6903887116900773,0,26,4.458687508090975e-08,-0.26833593808898115
62,scenario_19,0.003029954442745191,91,0.04810561804286628,0.9820329718270033,0.9469699715601807,1,12,0.04810561804286628,-0.15333652933773578
63,scenario_19,-0.034455373367457416,178,1.441821458879744,4.3590246221552045,4.297718772075383,38,1,1.441821458879744,-0.2522806657461327
73,scenario_19,-0.01519014088097564,178,0.7123956960024884,4.328161587079231,4.297718772075383,36,2,0.7123956960024884,-0.01836722581166539
90,scenario_19,0.0007205974136808654,124,1.214539004612547e-05,1.9534958096726844,1.9534902501356295,0,3,1.214539004612547e-05,-0.032230739957107346
94,scenario_19,0.00053453075783432,91,0.004327281869211497,0.95019846223796,0.9469699715601807,0,2,0.004327281869211497,-0.027290117773901557
103,scenario_19,-0.02076097766981868,178,1.3028706674234343,4.353169023432405,4.297718772075383,38,1,1.3028706674234343,-0.2610645643579437
104,scenario_19,0.00043445748927409294,0,0.0,0.0,0.0,0,2,0.0,-0.020819435631743488
109,scenario_19,-0.0621938276386807,178,2.763270976908288,4.414170984062568,4.297718772075383,39,1,2.763270976908288,-0.24819233958079678
114,scenario_19,-0.001962672858674894,86,0.7130540704817538,2.0561729860025144,1.6903887116900773,3,1,0.7130540704817538,-0.02262285530172692
126,scenario_19,-0.0364756218013505,178,1.4823849120432868,4.360731952821308,4.297718772075383,38,1,1.4823849120432868,-0.15508080215185238
140,scenario_19,-0.0007515183303888189,178,0.03647827629371392,4.299284935855899,4.297718772075383,2,0,0.03647827629371392,-4.211898922967805e-07
143,scenario_19,-5.890131719992496e-05,89,0.0075717416558942485,0.8157241558893338,0.8025048829062456,0,0,0.0075717416558942485,-0.004643846652798267
144,scenario_19,-0.01337615616231598,178,1.0379247691615276,4.341973134007739,4.297718772075383,42,1,1.0379247691615276,-0.23876938988376395
150,scenario_19,-0.024471673385885545,178,1.2135981978947186,4.3494011194725575,4.297718772075383,39,1,1.2135981978947186,-0.011123627284832072
152,scenario_19,0.1120543201088811,0,0.0,0.0,0.0,0,43,0.0,-5.572680051353693
176,scenario_19,0.011208159867118811,91,0.00035951549078738765,0.9472387852277424,0.9469699715601807,0,35,0.00035951549078738765,-0.5760472696848922
177,scenario_19,0.0011618447674154304,87,0.018118809621691767,2.066143122272972,2.0430166551237146,1,4,0.018118809621691767,-0.39896938776556023
195,scenario_19,-0.025057752211126036,178,1.1669777332421134,4.3474316018962105,4.297718772075383,37,1,1.1669777332421134,-0.015685479310312722
197,scenario_19,-0.0026249308071626585,178,0.11870165960838364,4.30281220082857,4.297718772075383,6,0,0.11870165960838364,-4.823763961603333e-07
201,scenario_19,-0.0347302436085483,178,1.4521751110713694,4.359460500162974,4.297718772075383,38,1,1.4521751110713694,-0.19761602086974017
202,scenario_19,-0.009708911793359323,178,0.5203401323854493,4.31998403169921,4.297718772075383,31,1,0.5203401323854493,-0.010531900887330803
206,scenario_19,0.0012094719555687625,124,1.0972747057635956e-06,1.9534907524126595,1.9534902501356295,0,5,1.0972747057635956e-06,-0.050448669176532235
209,scenario_19,0.0029490099688682238,0,0.0,0.0,0.0,0,13,0.0,-1.1893787106550762
227,scenario_19,0.0002929544981166255,178,0.004372333452870691,4.297906536641529,4.297718772075383,0,1,0.004372333452870691,-0.040238938274846925
233,scenario_19,-0.0008047515034733805,178,0.03820441197780866,4.29935902623312,4.297718772075383,2,0,0.03820441197780866,-0.004590845194068827
240,scenario_19,5.588292957597878e-05,178,0.004501414047020091,4.297912079676833,4.297718772075383,0,1,0.004501414047020091,-0.029273605548399306
243,scenario_19,-0.011368103849851992,178,0.554895075385879,4.321456949032764,4.297718772075383,32,1,0.554895075385879,-1.407150920894806
245,scenario_19,-0.014883127212991473,178,1.1634542772673697,4.347282699997563,4.297718772075383,43,1,1.1634542772673697,-0.2083950825866806
249,scenario_19,-0.03391306339641055,178,1.3685076844617683,4.355936440982178,4.297718772075383,38,1,1.3685076844617683,-0.224095708481844
250,scenario_19,0.0009780382290905108,178,0.004425635272077955,4.297908825552764,4.297718772075383,0,2,0.004425635272077955,-0.17756973831689404
254,scenario_19,0.12714707628585875,0,0.0,0.0,0.0,0,45,0.0,-6.419692625862254
255,scenario_19,-0.001406256816007779,178,0.15647888299991308,4.304431433011406,4.297718772075383,9,1,0.15647888299991308,-0.14676536469070234
261,scenario_19,-0.01107311233028758,178,0.6190197887854012,4.324188428100507,4.297718772075383,35,0,0.6190197887854012,-0.005482010914596547
267,scenario_19,-0.0005325033329975559,178,0.03450931582811734,4.299200420604735,4.297718772075383,2,6,0.03450931582811734,-0.1480197984028928
270,scenario_19,-0.0006642709600945236,178,0.12501117342345225,4.303082702698052,4.297718772075383,7,1,0.12501117342345225,-0.15097219981046006
273,scenario_19,0.0001806715262461221,89,0.005069144807928749,0.8113882835321075,0.8025048829062456,0,2,0.005069144807928749,-0.060026354751336886
277,scenario_19,-0.013923392907794216,178,0.9260075712209499,4.337231656064385,4.297718772075383,36,1,0.9260075712209499,-0.12424918907462024
284,scenario_19,-0.0019657357805393403,178,0.10528410409707334,4.302236883392197,4.297718772075383,5,7,0.10528410409707334,-0.1577309340733697
285,scenario_19,-0.033283705914017275,178,1.3333326359568218,4.354453680908729,4.297718772075383,38,1,1.3333326359568218,-0.2498149849953606
289,scenario_19,-0.02113893619698205,178,1.300593414544629,4.353072964653694,4.297718772075383,38,1,1.300593414544629,-0.2572086218124592
308,scenario_19,-0.0002488986830501817,178,0.023740164009360853,4.298738126604929,4.297718772075383,2,1,0.023740164009360853,-0.7278541974849402
331,scenario_19,-0.03747008148958813,178,1.5272788646641757,4.362620465415518,4.297718772075383,38,1,1.5272788646641757,-0.04020583600711447
334,scenario_19,0.022819314704985362,86,4.319886137693629e-08,1.6903887373009323,1.6903887116900773,0,37,4.319886137693629e-08,-1.0466583542124042
348,scenario_19,-0.024624762043714058,178,1.4294526523433717,4.3585038282387485,4.297718772075383,38,1,1.4294526523433717,-1.0425238710798528
351,scenario_19,-0.03767497112435196,178,2.570140040227699,4.406171517767425,4.297718772075383,39,4,2.570140040227699,-0.17196145866034707
356,scenario_19,-0.017630704089992913,178,0.9874627568597774,4.3398361609203855,4.297718772075383,37,0,0.9874627568597774,0.0
358,scenario_19,-0.01983623200729676,178,1.2684960642512806,4.351718722668205,4.297718772075383,38,1,1.2684960642512806,-0.16539772683239162
390,scenario_19,-0.021659354823982343,178,1.0402309187807433,4.342070760007628,4.297718772075383,36,2,1.0402309187807433,-0.0673317636701789
392,scenario_19,0.0011065642683170736,91,0.004164111254939318,0.9500770027410762,0.9469699715601807,0,2,0.004164111254939318,-0.045356800637122774
394,scenario_19,-0.0005396349503266392,87,0.14414805976484413,2.2178706766177316,2.0430166551237146,2,1,0.14414805976484413,-0.013981124241545295
423,scenario_19,0.015820102918781342,86,4.318156809901552e-08,1.6903887372906798,1.6903887116900773,0,37,4.318156809901552e-08,-1.02059160364016
459,scenario_19,-0.002097840984322596,178,0.14859927785141025,4.304093762584356,4.297718772075383,9,1,0.14859927785141025,-0.8041150050419548
464,scenario_19,1.7553969864035026e-05,178,0.002982436817347889,4.297846850458482,4.297718772075383,0,0,0.002982436817347889,-0.009509674535346235
469,scenario_19,-0.013668107509504538,178,0.9168775208045759,4.33684453261489,4.297718772075383,36,1,0.9168775208045759,-0.16429909803392606
486,scenario_19,-0.034027245203245085,178,1.40103523713762,4.357306970619136,4.297718772075383,38,1,1.40103523713762,-0.25277772990410474
493,scenario_19,0.0001357143191267969,91,0.0004862905579829935,0.947333550866903,0.9469699715601807,0,1,0.0004862905579829935,-0.013773863473193981
499,scenario_19,-0.012720006365738576,178,1.0360273348454285,4.341892807807233,4.297718772075383,42,1,1.0360273348454285,-0.34590904044125936
517,scenario_19,-0.0011012853421961191,86,0.5367292987195915,1.9744487643385604,1.6903887116900773,1,1,0.5367292987195915,-0.09580206573731831
521,scenario_19,-0.05557900253317156,178,2.408370819288315,4.399455368995498,4.297718772075383,39,1,2.408370819288315,-0.27746307007729687
531,scenario_19,-0.032898549950417015,178,1.350812100248973,4.355190594153085,4.297718772075383,39,1,1.350812100248973,-0.021778745293511648
533,scenario_19,-0.0013712325653764419,178,0.004180656949692718,4.297898305566868,4.297718772075383,0,0,0.004180656949692718,-6.415463151387968e-05
538,scenario_19,0.0023683940047222424,86,0.39462960536376457,1.9049651240730672,1.6903887116900773,6,16,0.39462960536376457,-0.20783590839722166
540,scenario_19,0.006443202014542884,99,1.0165350783353233e-09,0.0037765248709167795,0.003760149178223772,0,25,1.0165350783353233e-09,-0.3367621059666064
546,scenario_19,-0.007284358327855124,178,0.2398706403417492,4.308002809712754,4.297718772075383,16,1,0.2398706403417492,-0.01783567986422696
550,scenario_19,0.0024025726411128416,86,0.3617925494797323,1.8883958075871037,1.6903887116900773,6,16,0.3617925494797323,-0.22439326139051607
552,scenario_19,-0.01190743065335916,178,0.5784824265882023,4.322461965189813,4.297718772075383,33,2,0.5784824265882023,-0.03830987995874624
556,scenario_19,-0.0050691973193550946,178,0.30581864405689885,4.310824199231169,4.297718772075383,23,7,0.30581864405689885,-0.28415209957923526
557,scenario_19,0.12620557765444404,0,0.0,0.0,0.0,0,44,0.0,-6.558353890390187
558,scenario_19,-0.012861596398988623,178,0.8559250394400806,4.334258844697837,4.297718772075383,36,1,0.8559250394400806,-0.31656973562668433
564,scenario_19,-0.020473713787551154,178,1.2761285558299988,4.352040803979357,4.297718772075383,38,1,1.2761285558299988,-0.2598827082843296
565,scenario_19,7.074308617168572e-05,103,5.901359342663781e-05,0.3554317566505835,0.3553102841203979,0,7,5.901359342663781e-05,-0.8418881070467941
569,scenario_19,0.003994605729447445,99,5.373034794864395e-10,0.0037688171848592467,0.003760149178223772,0,15,5.373034794864395e-10,-0.21014434744260768
594,scenario_19,-0.001417483038280625,92,0.00019144646348845384,1.982783898857153,1.9827063152756736,0,2,0.00019144646348845384,-1.4887416948011312
602,scenario_19,0.0006452622206867672,103,4.00803411473305e-05,0.35539279111385996,0.3553102841203979,0,6,4.00803411473305e-05,-0.8869174987763464
612,scenario_19,-0.062194287831858035,178,2.7650247023092547,4.414243530254165,4.297718772075383,39,1,2.7650247023092547,-0.25146629524693287
614,scenario_19,-0.004712489340758882,178,0.21710703648710705,4.3070283357159465,4.297718772075383,14,0,0.21710703648710705,-0.004382419355609901
625,scenario_19,-0.005286978133155033,178,0.2303438920734635,4.307595022190594,4.297718772075383,15,7,0.2303438920734635,-0.27520379127164096
627,scenario_19,0.0005000849060779437,89,0.005214087362835018,0.8116402888784475,0.8025048829062456,0,2,0.005214087362835018,-0.09578005667987854
628,scenario_19,-0.009807245781481032,178,0.5530250681003182,4.321377257262861,4.297718772075383,33,7,0.5530250681003182,-0.3981600227466884
629,scenario_19,-0.001433442578447517,86,0.16008203704604318,1.7818091379129541,1.6903887116900773,3,1,0.16008203704604318,-0.2969729438526375
648,scenario_19,-0.0014610044144148706,178,0.01499990182441735,4.298362876823084,4.297718772075383,1,1,0.01499990182441735,-0.3761642277063517
662,scenario_19,-0.052363314513050485,178,2.261440734323834,4.3933428307348565,4.297718772075383,39,1,2.261440734323834,-0.26521803206136196
669,scenario_19,0.014648994616034555,89,0.08038666210270762,0.9299992421116244,0.8025048829062456,3,36,0.08038666210270762,-0.7567984976499318
670,scenario_19,-2.349269178463146e-06,88,0.219741094440566,1.2717916100145685,1.1098990266458422,1,1,0.219741094440566,-0.17872774265983382
673,scenario_19,0.007284769103522995,86,4.3591176446255986e-08,1.69038873753352,1.6903887116900773,0,26,4.3591176446255986e-08,-0.33037305307478704
678,scenario_19,-0.012314888676657575,178,0.9704844430059367,4.339116829359478,4.297718772075383,42,1,0.9704844430059367,-0.24864063252285307
680,scenario_19,0.0008607553405561484,103,0.0002970286577190784,0.3559210937516258,0.3553102841203979,0,4,0.0002970286577190784,-0.821638720292821
682,scenario_19,-0.012872885938592604,178,0.8559254873295785,4.334258863705859,4.297718772075383,36,1,0.8559254873295785,-0.3165697356266861
689,scenario_19,-0.02546838855088665,178,1.3243572842677906,4.354075222998539,4.297718772075383,38,1,1.3243572842677906,-0.11027937059440962
694,scenario_19,0.005452300955811515,0,0.0,0.0,0.0,0,24,0.0,-0.9645132787870643
726,scenario_19,-0.010049451941821377,178,0.5401388613942473,4.320828045903375,4.297718772075383,32,7,0.5401388613942473,-0.4478585523427494
736,scenario_19,-0.00019876338398177177,178,0.014615024831414303,4.298346351664081,4.297718772075383,1,0,0.014615024831414303,0.0
750,scenario_19,-0.03493580014150939,178,1.3824249238634465,4.356522909705213,4.297718772075383,38,1,1.3824249238634465,-0.13006140519203502
755,scenario_19,0.0010238691940559074,178,0.00442646151849857,4.297908861033805,4.297718772075383,0,2,0.00442646151849857,-0.1775697381709631
759,scenario_19,-0.06130184127195924,178,2.68655775993804,4.4109959607587195,4.297718772075383,39,1,2.68655775993804,-0.2573291753910576
761,scenario_19,0.008969466281367232,86,4.3657108594885585e-08,1.6903887375726085,1.6903887116900773,0,31,4.3657108594885585e-08,-0.448787137632749
764,scenario_19,-0.0007039661022936925,178,0.057170398688178636,4.30017297960421,4.297718772075383,2,1,0.057170398688178636,-0.8266165919588624
767,scenario_19,0.006994893467120477,91,0.04371570516587786,0.9789058929391925,0.9469699715601807,2,25,0.04371570516587786,-0.3558490051149903
770,scenario_19,0.0038858316823458298,91,0.07877419957641951,1.0035010612877868,0.9469699715601807,1,15,0.07877419957641951,-0.20591817166931037
775,scenario_19,-0.038255840101124955,178,1.5666056849253422,4.364273850659229,4.297718772075383,38,0,1.5666056849253422,-0.006533281797618695
776,scenario_19,-0.015119206239437221,178,0.7918782747497275,4.331539564210054,4.297718772075383,36,7,0.7918782747497275,-0.531872556034306
780,scenario_19,0.0027021976418173874,86,0.3576933501449533,1.8863130574668232,1.6903887116900773,6,16,0.3576933501449533,-0.2356182749315815
789,scenario_19,-0.017880355442585073,178,1.079720005752634,4.343741970961371,4.297718772075383,36,1,1.079720005752634,-0.3648977723262319
791,scenario_19,-0.0056878847302331125,178,0.21051924841135872,4.306746265296797,4.297718772075383,13,0,0.21051924841135872,-0.0011187418937930182
809,scenario_19,-0.006013097666965914,178,0.22386412488259566,4.307317628229911,4.297718772075383,15,0,0.22386412488259566,-0.001118741466980211
810,scenario_19,-0.001806898153824732,178,0.00843191947588906,4.298080860367214,4.297718772075383,0,1,0.00843191947588906,-1.4057100441212005
811,scenario_19,-0.00024895866419235245,178,0.0037070659841731413,4.297877968276333,4.297718772075383,0,1,0.0037070659841731413,-0.017164945412552868
813,scenario_19,0.016762623680177495,103,0.0005218741643542302,0.35638249189077964,0.3553102841203979,0,37,0.0005218741643542302,-1.4792671165658047
822,scenario_19,-0.003723790364275337,178,0.1612755452347443,4.304636969695008,4.297718772075383,10,0,0.1612755452347443,-0.00849227275251474
831,scenario_19,-0.010290344594317024,178,0.5763406913908611,4.322370723068587,4.297718772075383,34,7,0.5763406913908611,-0.4107733110954994
837,scenario_19,0.0010723063847275917,124,9.859579141124897e-06,1.953494763347303,1.9534902501356295,0,3,9.859579141124897e-06,-0.0441729057319904
858,scenario_19,-0.0006307189579699188,103,2.951882142943063e-05,0.3553710524032314,0.3553102841203979,0,3,2.951882142943063e-05,-1.0405185977191374
863,scenario_19,0.0015123421544739977,0,0.0,0.0,0.0,0,9,0.0,-1.2216796701289516
866,scenario_19,-0.00286447732873261,178,0.12805563136179643,4.303213216374136,4.297718772075383,7,0,0.12805563136179643,-0.00011223439670704494
873,scenario_19,-0.03350503719365899,178,1.3355568584312891,4.3545474611545805,4.297718772075383,38,1,1.3355568584312891,-0.24914818362876767
878,scenario_19,-0.006871856020357693,178,0.2939108604325469,4.310314951331853,4.297718772075383,23,6,0.2939108604325469,-0.14801981138832998
887,scenario_19,-0.01849318537099916,178,0.7484718166168207,4.329695264756181,4.297718772075383,36,0,0.7484718166168207,-0.009050407709364272
895,scenario_19,-0.023583869141676463,178,1.1974198730793901,4.34871779511453,4.297718772075383,37,2,1.1974198730793901,-0.10602797017594057
935,scenario_19,-0.005316908109018346,178,0.24104071650850756,4.308052890490525,4.297718772075383,16,0,0.24104071650850756,-0.0034823795046245998
938,scenario_19,0.013149945141039556,103,8.585234512858975e-05,0.35548698183712163,0.3553102841203979,0,36,8.585234512858975e-05,-1.3383489127304944
940,scenario_19,-0.004549299281306099,178,0.20457058211237467,4.306491538037558,4.297718772075383,13,0,0.20457058211237467,-4.434276954512484e-07
945,scenario_19,-0.043440633826937296,178,2.061746391606512,4.3850160737971695,4.297718772075383,39,1,2.061746391606512,-0.9796061110458822
952,scenario_19,-0.0159433602644715,178,1.0332759821465842,4.3417763280328865,4.297718772075383,36,1,1.0332759821465842,-0.5694195163486095
958,scenario_19,0.002606570722464356,86,0.3212862958361016,1.8676720246417,1.6903887116900773,6,16,0.3212862958361016,-0.20338749790643462
964,scenario_19,0.0001841261363264639,0,0.0,0.0,0.0,0,2,0.0,-0.013449991101886383
970,scenario_19,-0.011195596732751001,178,0.3887025478104107,4.314366478788807,4.297718772075383,27,0,0.3887025478104107,-0.009043583567988733
971,scenario_19,-0.00024176757856737824,86,0.24167326369998232,1.825973890409354,1.6903887116900773,1,1,0.24167326369998232,-0.19106179506399568
987,scenario_19,-0.00019867996420327107,178,0.01432122806286884,4.298333737084767,4.297718772075383,1,0,0.01432122806286884,0.0
0,scenario_26,0.0032350016105333924,86,3.1484847173857133e-08,0.7664605287598483,0.7664604722727979,0,7,3.1484847173857133e-08,-0.11047836387126075
2,scenario_26,-0.002630287247406144,178,0.1906442281116032,1.975008432450995,1.9504805737382331,12,1,0.1906442281116032,-0.02319700972143668
9,scenario_26,0.028051520880426107,0,0.0,0.0,0.0,0,37,0.0,-0.8082338422912123
12,scenario_26,-0.00143502212263603,103,4.7720611981993954e-05,0.16146226386498067,0.16116547581658577,0,3,4.7720611981993954e-05,-0.0885656132809749
15,scenario_26,0.002308194836626819,86,3.155307659596929e-08,0.7664605288822586,0.7664604722727979,0,3,3.155307659596929e-08,-0.07701178075338966
17,scenario_26,-0.0013609119314832497,103,0.0008244006780873114,0.1661891984601615,0.16116547581658577,0,3,0.0008244006780873114,-0.07633179978167415
25,scenario_26,-0.0028290041656101237,178,0.2042362004238516,1.9767409041840944,1.9504805737382331,17,1,0.2042362004238516,-0.04305862322113019
27,scenario_26,-0.002752553834030696,178,0.19008171093320136,1.9749366865436664,1.9504805737382331,15,1,0.19008171093320136,-0.05480883472352238
28,scenario_26,-0.002436018541252648,103,0.00027670329816986694,0.1628758669617276,0.16116547581658577,0,6,0.00027670329816986694,-0.21753168282705415
57,scenario_26,0.003002479146600061,86,3.230892042793698e-08,0.7664605302383198,0.7664604722727979,0,2,3.230892042793698e-08,-0.03916545217995271
62,scenario_26,0.000470399366105732,91,0.007215460171018595,0.445671871991829,0.4297768779745102,0,2,0.007215460171018595,-0.022219694693067282
63,scenario_26,-0.010225288035619132,178,0.21593578420465143,1.978230466076197,1.9504805737382331,15,1,0.21593578420465143,-0.03776802527293488
73,scenario_26,-0.0037441229454620636,178,0.10701054254071174,1.9643010918837331,1.9504805737382331,5,0,0.10701054254071174,-0.002755427146607925
90,scenario_26,1.6507238030608278e-05,124,1.7755185535150986e-06,0.8853370498669235,0.8853345887188692,0,0,1.7755185535150986e-06,-0.006128959458390426
94,scenario_26,1.209302063396899e-05,91,0.0006503002899709287,0.4312431952732276,0.4297768779745102,0,0,0.0006503002899709287,-0.002927424908257592
103,scenario_26,-0.0033112953202064383,178,0.1957092879913951,1.9756542881195256,1.9504805737382331,12,1,0.1957092879913951,-0.039083324925599294
104,scenario_26,1.888781975989696e-05,0,0.0,0.0,0.0,0,0,0.0,-0.004395922712308931
109,scenario_26,-0.01682855541355355,178,0.41411056944143176,2.003226824381704,1.9504805737382331,29,1,0.41411056944143176,-0.03715591706809929
114,scenario_26,-0.000583707342727168,86,0.10663970680897084,0.9320433937900889,0.7664604722727979,2,0,0.10663970680897084,-0.0033840754291530883
126,scenario_26,-0.010924656995956728,178,0.2220073638859965,1.9790028659678407,1.9504805737382331,15,1,0.2220073638859965,-0.023218208460429768
140,scenario_26,-0.00019876175046764548,178,0.005186967258937969,1.951153638979308,1.9504805737382331,0,0,0.005186967258937969,-2.550369146980813e-07
143,scenario_26,-0.000111004728331347,178,0.0013696356637566964,1.950658330407859,1.9504805737382331,0,0,0.0013696356637566964,-0.0007005374317521351
144,scenario_26,-0.0032868264275327094,178,0.15696639177909333,1.9707065655934457,1.9504805737382331,13,1,0.15696639177909333,-0.035769642385044875
150,scenario_26,-0.005364724227683561,178,0.1818094702864954,1.97388118702284,1.9504805737382331,12,0,0.1818094702864954,-0.001668164577398823
152,scenario_26,0.028206429933702863,0,0.0,0.0,0.0,0,37,0.0,-0.835552587140441
176,scenario_26,0.0010990208371088957,91,5.3743033557207553e-05,0.4298983249577292,0.4297768779745102,0,5,5.3743033557207553e-05,-0.08610286646979226
177,scenario_26,2.801500677567674e-05,87,0.002731210710035681,0.9368766233804968,0.9263273021609554,0,2,0.002731210710035681,-0.06006802838138703
195,scenario_26,-0.005959366379771149,178,0.17468210518952354,1.9729711341917484,1.9504805737382331,11,0,0.17468210518952354,-0.0023523554444371264
197,scenario_26,-0.0007389816518875305,178,0.01773318090870646,1.9527803037304663,1.9504805737382331,2,0,0.01773318090870646,-2.8500764015504387e-07
201,scenario_26,-0.00992860724077851,178,0.21756657644560917,1.978437969823147,1.9504805737382331,15,1,0.21756657644560917,-0.029585334887004766
202,scenario_26,-0.002011957322075672,178,0.07810183151755012,1.9605809434501347,1.9504805737382331,2,0,0.07810183151755012,-0.001579456369269927
206,scenario_26,7.245017436443595e-05,124,1.2501520418872758e-07,0.8853347620099241,0.8853345887188692,0,0,1.2501520418872758e-07,-0.008812698555829002
209,scenario_26,-0.0013079865023995518,0,0.0,0.0,0.0,0,3,0.0,-0.17808375770665008
227,scenario_26,0.00015799730836437085,178,0.00155585422755955,1.9506824968296896,1.9504805737382331,0,0,0.00155585422755955,-0.006032152498250953
233,scenario_26,-0.00037943252816319,178,0.004401865062456878,1.951051784333792,1.9504805737382331,0,0,0.004401865062456878,-0.0006883579273819773
240,scenario_26,-5.8154641894623635e-05,178,0.001567857368153014,1.9506840545169322,1.9504805737382331,0,0,0.001567857368153014,-0.0043822119206058385
243,scenario_26,-0.004709087417503004,178,0.0832409315768956,1.961242996164743,1.9504805737382331,3,1,0.0832409315768956,-0.21064538682524359
245,scenario_26,-0.003374869880831975,178,0.17570830109148083,1.9731021995418716,1.9504805737382331,15,1,0.17570830109148083,-0.03129025938227159
249,scenario_26,-0.010042555330225848,178,0.20514510926355456,1.976856680495261,1.9504805737382331,13,1,0.20514510926355456,-0.03354903583596269
250,scenario_26,0.0004060540729018394,178,0.0014167118119061684,1.9506644397312425,1.9504805737382331,0,2,0.0014167118119061684,-0.02656144962504625
254,scenario_26,0.03201151096652268,0,0.0,0.0,0.0,0,37,0.0,-0.9628590556843442
255,scenario_26,0.00031710953096847523,178,0.023658640673025033,1.953547903188088,1.9504805737382331,2,1,0.023658640673025033,-0.02197490285129433
261,scenario_26,-0.0019600937912177176,178,0.09288870168109575,1.9624850411162615,1.9504805737382331,4,0,0.09288870168109575,-0.000822108501259855
267,scenario_26,-0.0003090967018411029,178,0.004043557172279222,1.951005297053912,1.9504805737382331,0,1,0.004043557172279222,-0.022295830140711015
270,scenario_26,0.00040534691436978763,178,0.01890158157861066,1.9529316948232003,1.9504805737382331,2,1,0.01890158157861066,-0.022604865043906797
273,scenario_26,-4.9757802207488566e-05,178,0.0015465899298856556,1.9506812945699576,1.9504805737382331,0,0,0.0015465899298856556,-0.008978273595923847
277,scenario_26,-0.0012889942718890379,178,0.1392346245750833,1.9684362908769235,1.9504805737382331,8,1,0.1392346245750833,-0.018604443489031786
284,scenario_26,-0.0007989177221657009,178,0.014869402962093048,1.9524091710361224,1.9504805737382331,2,2,0.014869402962093048,-0.023758211769857596
285,scenario_26,-0.010086938112239294,178,0.1999950385324567,1.9762005417558652,1.9504805737382331,13,1,0.1999950385324567,-0.037399188561193064
289,scenario_26,-0.003858706372821471,178,0.19527170875318234,1.975598503202084,1.9504805737382331,12,1,0.19527170875318234,-0.03850611222840006
308,scenario_26,-0.0016702326953721349,178,0.00415432129863369,1.9510196678853036,1.9504805737382331,0,1,0.00415432129863369,-0.10895391297571844
331,scenario_26,-0.010898449817512534,178,0.22877193374084293,1.9798629282883602,1.9504805737382331,15,0,0.22877193374084293,-0.0060222498480246855
334,scenario_26,0.004810540839076333,86,3.1305237513379325e-08,0.7664605284376097,0.7664604722727979,0,11,3.1305237513379325e-08,-0.15603670955879778
348,scenario_26,-0.006302217485959583,178,0.21454711431423767,1.9780537462110048,1.9504805737382331,14,1,0.21454711431423767,-0.1560645946566559
351,scenario_26,-0.006647014595506771,178,0.3840253067915942,1.999460217367489,1.9504805737382331,27,2,0.3840253067915942,-0.02586350140586746
356,scenario_26,-0.0043046047923478185,178,0.14831295735398697,1.9695990867049136,1.9504805737382331,9,0,0.14831295735398697,0.0
358,scenario_26,-0.002702763537942723,178,0.1906503282774885,1.9750092104728998,1.9504805737382331,12,1,0.1906503282774885,-0.02476490291505984
390,scenario_26,-0.005068195942202874,178,0.15622520418650687,1.9706117414661224,1.9504805737382331,10,1,0.15622520418650687,-0.010140488142551973
392,scenario_26,0.00026668205130577557,91,0.000629035000333733,0.4311953559980177,0.4297768779745102,0,0,0.000629035000333733,-0.0058703983554888595
394,scenario_26,-0.00011357974589959483,87,0.021560256601569572,1.0054810313258464,0.9263273021609554,2,0,0.021560256601569572,-0.0020913328489728933
423,scenario_26,0.0028462457625013774,86,3.129285564007489e-08,0.7664605284153952,0.7664604722727979,0,7,3.129285564007489e-08,-0.15282805305450053
459,scenario_26,-0.002051859748993535,178,0.022908954323435538,1.953450810202351,1.9504805737382331,2,1,0.022908954323435538,-0.12036300673912437
464,scenario_26,-5.5343284931092055e-05,129,0.0014294882046650415,2.6673456553344836,2.6670555528595763,0,0,0.0014294882046650415,-0.001434173160324681
469,scenario_26,-0.0013747943424837431,178,0.13787988398048867,1.9682626868148527,1.9504805737382331,8,1,0.13787988398048867,-0.024600113946030566
486,scenario_26,-0.010172832680376189,178,0.20984414813142394,1.9774550901537995,1.9504805737382331,14,1,0.20984414813142394,-0.03784240460574417
493,scenario_26,-4.617149016197072e-05,178,0.0006980669292317998,1.9505711744264596,1.9504805737382331,0,0,0.0006980669292317998,-0.0020753308039684892
499,scenario_26,-0.0027815321148378425,178,0.15672472514037672,1.9706756485784298,1.9504805737382331,13,1,0.15672472514037672,-0.051877977533511976
517,scenario_26,-0.0003698382382153068,86,0.08027564066131077,0.8950516179174981,0.7664604722727979,1,1,0.08027564066131077,-0.014331934435904414
521,scenario_26,-0.01571370859332697,178,0.3609969656368026,1.9965703951011133,1.9504805737382331,25,1,0.3609969656368026,-0.04153668037289959
531,scenario_26,-0.008747728307443555,178,0.2020614137985408,1.9764638425122092,1.9504805737382331,13,0,0.2020614137985408,-0.0032663813623972082
533,scenario_26,-0.0013124840345589328,178,9.807605438716394e-05,1.9504933031857745,1.9504805737382331,0,0,9.807605438716394e-05,-0.0008646688125049096
538,scenario_26,-0.00029229423924774164,86,0.05947673297013578,0.8642824697221926,0.7664604722727979,3,3,0.05947673297013578,-0.030890201142498852
540,scenario_26,0.0009350639459958183,99,3.19837822893021e-10,0.0018420232844604967,0.0018279129781560324,0,2,3.19837822893021e-10,-0.05060982967536454
546,scenario_26,-0.002028358592939039,178,0.03529774263292751,1.95505443467487,1.9504805737382331,2,0,0.03529774263292751,-0.00267517571571263
550,scenario_26,-0.0004585495030534221,86,0.05452346616908277,0.8567251110992027,0.7664604722727979,3,3,0.05452346616908277,-0.033738927322741974
552,scenario_26,-0.0027435233626207337,178,0.08699428349184402,1.9617263300424088,1.9504805737382331,3,0,0.08699428349184402,-0.005768987008380133
556,scenario_26,-0.001074993177221273,178,0.04497184398168308,1.9563053864828601,1.9504805737382331,2,4,0.04497184398168308,-0.042790815539273996
557,scenario_26,0.030380241595484084,0,0.0,0.0,0.0,0,37,0.0,-0.9834175289438889
558,scenario_26,-0.003940123702185636,178,0.12946166270442916,1.96718344788822,1.9504805737382331,8,1,0.12946166270442916,-0.04738680842748555
564,scenario_26,-0.0033525184788494957,178,0.19174186353420986,1.9751484191799509,1.9504805737382331,12,1,0.19174186353420986,-0.038906422132718665
565,scenario_26,-0.0026928663942315614,103,8.972922995287291e-06,0.16122133937347133,0.16116547581658577,0,3,8.972922995287291e-06,-0.1259997230182488
569,scenario_26,0.0004951843236268615,99,2.4061730385938063e-10,0.0018385424250326283,0.0018279129781560324,0,2,2.4061730385938063e-10,-0.03154143864271752
594,scenario_26,-0.002903198411623831,92,0.00011067563937139369,0.8994583213451162,0.8993226711118457,0,1,0.00011067563937139369,-0.22283101313216047
602,scenario_26,-0.002008812112749147,103,6.158003337919382e-06,0.16120381718521437,0.16116547581658577,0,3,6.158003337919382e-06,-0.13273831942134517
612,scenario_26,-0.01680882179355627,178,0.41437479922296916,2.0032598614429924,1.9504805737382331,29,1,0.41437479922296916,-0.03764598622673754
614,scenario_26,-0.0012768687829564443,178,0.03289768990400077,1.9547439118633811,1.9504805737382331,2,0,0.03289768990400077,-0.0006581495733266607
625,scenario_26,-0.0019072467474260484,178,0.03340919046196511,1.954810096446341,1.9504805737382331,2,4,0.03340919046196511,-0.041437043026147036
627,scenario_26,0.00016643540850345745,178,0.0015618710098284083,1.9506832776476364,1.9504805737382331,0,2,0.0015618710098284083,-0.014328726348064813
628,scenario_26,-0.0019468833600161013,178,0.08210489017586298,1.9610966707689814,1.9504805737382331,3,5,0.08210489017586298,-0.05993267199025043
629,scenario_26,-0.0011546790291253129,86,0.023941945587731883,0.8078398362974779,0.7664604722727979,1,1,0.023941945587731883,-0.044443099764718275
648,scenario_26,-0.0018321417065080604,178,0.002381779051196631,1.9507896757626104,1.9504805737382331,0,1,0.002381779051196631,-0.05631353539864392
662,scenario_26,-0.014762939989778389,178,0.33917014712549864,1.993825935758212,1.9504805737382331,25,1,0.33917014712549864,-0.03970462915241724
669,scenario_26,0.002790938861263043,89,0.012105982812498528,0.42206066890409166,0.3640105943427222,2,6,0.012105982812498528,-0.1130620794152275
670,scenario_26,0.00010793267734133406,88,0.032881182031704315,0.5766727128232274,0.5033763717693724,1,1,0.032881182031704315,-0.02673468345742258
673,scenario_26,0.0014824132948354236,86,3.1589498350470535e-08,0.766460528947603,0.7664604722727979,0,3,3.1589498350470535e-08,-0.04871281059388366
678,scenario_26,-0.003111846451205958,178,0.14690667709906258,1.9694190265835092,1.9504805737382331,13,1,0.14690667709906258,-0.03735237206500175
680,scenario_26,-0.0017302265080148353,103,4.450859827898057e-05,0.16144231141013807,0.16116547581658577,0,3,4.450859827898057e-05,-0.12297123219562622
682,scenario_26,-0.0039511541331343466,178,0.12946121911264896,1.9671833909967011,1.9504805737382331,8,1,0.12946121911264896,-0.04738680842748555
689,scenario_26,-0.006002323246483342,178,0.19890735693684114,1.976061927940097,1.9504805737382331,13,1,0.19890735693684114,-0.01651306555989085
694,scenario_26,-5.5452693192230075e-05,0,0.0,0.0,0.0,0,3,0.0,-0.14443393220305234
726,scenario_26,-0.002034497633798572,178,0.07977261496859178,1.960796219111539,1.9504805737382331,2,5,0.07977261496859178,-0.06738361419222305
736,scenario_26,-0.00013651913398026954,178,0.0050959578825704455,1.9511418323274545,1.9504805737382331,0,0,0.0050959578825704455,0.0
750,scenario_26,-0.010456821429164789,178,0.20759211524696752,1.9771683316085675,1.9504805737382331,14,1,0.20759211524696752,-0.019474463677635834
755,scenario_26,0.0004549144992328365,178,0.001411958751107889,1.9506638229023514,1.9504805737382331,0,2,0.001411958751107889,-0.02656144887868961
759,scenario_26,-0.01664027302964416,178,0.40264679463004427,2.001792755642559,1.9504805737382331,29,1,0.40264679463004427,-0.03852338898135277
761,scenario_26,0.0014535938106950488,86,3.163719752841132e-08,0.7664605290331801,0.7664604722727979,0,3,3.163719752841132e-08,-0.06642085538176978
764,scenario_26,-0.001807854190398299,178,0.009168934626270442,1.9516701219517012,1.9504805737382331,0,1,0.009168934626270442,-0.12373109194802345
767,scenario_26,0.001289513440526731,91,0.006565362084299586,0.4442722728983222,0.4297768779745102,0,2,0.006565362084299586,-0.0526815164823784
770,scenario_26,0.0006039435429871664,91,0.011814240488746464,0.45540172507640186,0.4297768779745102,1,2,0.011814240488746464,-0.03002380289501083
775,scenario_26,-0.011075997414866057,178,0.23464894793514723,1.9806097204332624,1.9504805737382331,16,0,0.23464894793514723,-0.000979827404073319
776,scenario_26,-0.003036385073153768,178,0.11759713458735988,1.9656609741178253,1.9504805737382331,6,5,0.11759713458735988,-0.07998407847320865
780,scenario_26,-0.00016028263220610098,86,0.05390622144174739,0.8557768042821733,0.7664604722727979,3,3,0.05390622144174739,-0.03542064693429636
789,scenario_26,-0.00413468556814926,178,0.1624048122837376,1.9714021367717023,1.9504805737382331,11,1,0.1624048122837376,-0.05463058900987239
791,scenario_26,-0.0023221822367896676,178,0.0318740303865539,1.9546114480821664,1.9504805737382331,2,0,0.0318740303865539,-0.00016893768653458707
809,scenario_26,-0.0024261028950056645,178,0.03387755012912308,1.9548706961494435,1.9504805737382331,2,0,0.03387755012912308,-0.00016893746145107968
810,scenario_26,-0.002997705526036036,178,0.001609298787114355,1.95068943249351,1.9504805737382331,0,1,0.001609298787114355,-0.21040257711363064
811,scenario_26,-0.0003515807178262621,178,0.001351766140821553,1.9506560113773355,1.9504805737382331,0,0,0.001351766140821553,-0.002568763747287983
813,scenario_26,0.002110210842911038,103,7.824947035217633e-05,0.16165173161516752,0.16116547581658577,0,7,7.824947035217633e-05,-0.2214312444996065
822,scenario_26,-0.0012144514533589245,178,0.024380268062822452,1.9536413558356591,1.9504805737382331,2,0,0.024380268062822452,-0.0012776006541299623
831,scenario_26,-0.0020477005540706452,178,0.08555253882996183,1.9615406906381103,1.9504805737382331,3,5,0.08555253882996183,-0.0618279477290391
837,scenario_26,7.029255798901431e-05,124,1.4339891505343871e-06,0.8853365764541831,0.8853345887188692,0,0,1.4339891505343871e-06,-0.007882525278299468
858,scenario_26,-0.00269417309679318,103,4.605392771583894e-06,0.16119415142210172,0.16116547581658577,0,1,4.605392771583894e-06,-0.1557255571655345
863,scenario_26,-0.0017063395823751924,0,0.0,0.0,0.0,0,3,0.0,-0.18291571936772355
866,scenario_26,-0.0008236288903712993,178,0.01912494644069085,1.952960634608782,1.9504805737382331,2,0,0.01912494644069085,-1.708056323401763e-05
873,scenario_26,-0.010109439795776679,178,0.20015864169682906,1.9762213901163357,1.9504805737382331,13,1,0.20015864169682906,-0.037299180811869004
878,scenario_26,-0.002683759811064054,178,0.04342119506183906,1.956104948440168,1.9504805737382331,2,1,0.04342119506183906,-0.022295803363804545
887,scenario_26,-0.005203763027827663,178,0.11171107736372399,1.964905053532039,1.9504805737382331,6,0,0.11171107736372399,-0.0013574515520304864
895,scenario_26,-0.0051735201930647595,178,0.17996204188429843,1.973645355767736,1.9504805737382331,12,1,0.17996204188429843,-0.01587663195859723
935,scenario_26,-0.0014781740236593178,178,0.03648200068805352,1.955207630512461,1.9504805737382331,2,0,0.03648200068805352,-0.0005232383051114731
938,scenario_26,0.0017853376486930647,103,1.2861600882985158e-05,0.1612455410600893,0.16116547581658577,0,6,1.2861600882985158e-05,-0.20036136366023882
940,scenario_26,-0.0012238455081997673,178,0.030385850681954096,1.9544188519529004,1.9504805737382331,2,0,0.030385850681954096,-2.6348031867406974e-07
945,scenario_26,-0.010749877608017473,178,0.3089291566725656,1.9900147329689948,1.9504805737382331,23,1,0.3089291566725656,-0.14669344591561417
952,scenario_26,-0.004571940011267492,178,0.1559339295436022,1.970574475381158,1.9504805737382331,10,1,0.1559339295436022,-0.08523381766160587
958,scenario_26,-0.0001805304928162368,86,0.0484206134896108,0.8472834994862357,0.7664604722727979,3,3,0.0484206134896108,-0.030601521010683363
964,scenario_26,-1.6262667023343966e-05,0,0.0,0.0,0.0,0,0,0.0,-0.002552753028425947
970,scenario_26,-0.003792668753528968,178,0.05752078388435322,1.957926415181624,1.9504805737382331,2,0,0.05752078388435322,-0.0013564284647467062
971,scenario_26,-0.00018019334531045752,86,0.0361432378192692,0.827829299024642,0.7664604722727979,1,1,0.0361432378192692,-0.028586795673880228
987,scenario_26,-9.478341256862041e-05,178,0.004790162914229512,1.9511021607952026,1.9504805737382331,0,0,0.004790162914229512,0.0
0,scenario_44,0.008853794571168487,86,3.902328837845914e-08,1.294393879061398,1.2943938454440203,0,29,3.902328837845914e-08,-0.39055248868815085
2,scenario_44,-0.01023419664814393,178,0.668382647156065,3.331463888920955,3.2901051644946704,35,1,0.668382647156065,-0.08164126049833298
9,scenario_44,0.06415339274129132,0,0.0,0.0,0.0,0,40,0.0,-2.8396012682004788
12,scenario_44,-0.0003898439009222202,103,0.00016778350496426953,0.2725576977465847,0.2720563400462387,0,3,0.00016778350496426953,-0.31177450396701767
15,scenario_44,0.006294778803026537,86,3.9107944438399045e-08,1.2943938791343266,1.2943938454440203,0,24,3.9107944438399045e-08,-0.2726674792150021
17,scenario_44,0.001596600861091516,103,0.0028954989710854306,0.28053392553592277,0.2720563400462387,0,3,0.0028954989710854306,-0.26870360624905754
25,scenario_44,-0.00874348195760243,178,0.7140352872638189,3.334262665482645,3.2901051644946704,42,1,0.7140352872638189,-0.15156988444349628
27,scenario_44,-0.00819882054534112,178,0.6642368189615517,3.331209562084125,3.2901051644946704,41,1,0.6642368189615517,-0.19264971533144593
28,scenario_44,0.003113730322273681,103,0.0009719701438521966,0.2749429833123291,0.2720563400462387,0,26,0.0009719701438521966,-0.7657787528745559
57,scenario_44,0.005075963293652749,86,4.004828202397448e-08,1.2943938799443988,1.2943938454440203,0,12,4.004828202397448e-08,-0.14045228647941244
62,scenario_44,0.0016170673229556995,91,0.02534567599963511,0.7519227286306956,0.725076021631888,1,4,0.02534567599963511,-0.0799888845227521
63,scenario_44,-0.020954572187200423,178,0.7592262887737036,3.337029905350056,3.2901051644946704,36,1,0.7592262887737036,-0.13294527123268063
73,scenario_44,-0.008809766858714051,178,0.37569564166765446,3.313441696118675,3.2901051644946704,25,0,0.37569564166765446,-0.009678566397667954
90,scenario_44,0.0003360417777239345,124,6.385284014864823e-06,1.4958493791536558,1.495845131962131,0,2,6.385284014864823e-06,-0.018279711741584492
94,scenario_44,0.00025554735203785824,91,0.002280291802934098,0.727548362578015,0.725076021631888,0,2,0.002280291802934098,-0.013579066385901228
103,scenario_44,-0.011035460040378616,178,0.6864706853359301,3.3325731861476244,3.2901051644946704,35,1,0.6864706853359301,-0.1375740587809111
104,scenario_44,0.0002116163065971341,0,0.0,0.0,0.0,0,2,0.0,-0.012273076400596494
109,scenario_44,-0.036919576176605885,178,1.455277622895501,3.379252793978973,3.2901051644946704,38,1,1.455277622895501,-0.13079084875416092
114,scenario_44,-0.0011856942199345213,86,0.3758242589482885,1.574528598656222,1.2943938454440203,3,1,0.3758242589482885,-0.011923181867225852
126,scenario_44,-0.02223897604772029,178,0.7805502154489936,3.3383345463821517,3.2901051644946704,36,1,0.7805502154489936,-0.08172370457697742
140,scenario_44,-0.00043846430678863536,178,0.018783337221996987,3.29127740734196,3.2901051644946704,2,0,0.018783337221996987,-1.7187219051306712e-06
143,scenario_44,-7.64218940322753e-05,89,0.003989538751264732,0.6246137619114738,0.6144924098922497,0,0,0.003989538751264732,-0.002447559030760438
144,scenario_44,-0.00774580594966875,178,0.5481732764007425,3.3240785528542403,3.2901051644946704,37,1,0.5481732764007425,-0.12582685569107677
150,scenario_44,-0.01382491072228644,178,0.6392594040597039,3.3296767409287122,3.2901051644946704,35,0,0.6392594040597039,-0.005861070728740536
152,scenario_44,0.06535112548445189,0,0.0,0.0,0.0,0,40,0.0,-2.935602554568675
176,scenario_44,0.0055805559890965235,91,0.00018849804222575983,0.7252808427504034,0.725076021631888,0,24,0.00018849804222575983,-0.30324276758014435
177,scenario_44,0.0005406235648927977,87,0.00954500814728676,1.5821226813929765,1.564419833802526,0,3,0.00954500814728676,-0.2101726092820786
195,scenario_44,-0.014415747653209023,178,0.6146079003062894,3.328162951125073,3.2901051644946704,35,0,0.6146079003062894,-0.008264691162588989
197,scenario_44,-0.0015727551951187197,178,0.06244631881565965,3.2940000992284593,3.2901051644946704,2,0,0.06244631881565965,-1.7236261062869573e-06
201,scenario_44,-0.020909241209779862,178,0.7646736923063706,3.337363256438016,3.2901051644946704,36,1,0.7646736923063706,-0.10413862455680656
202,scenario_44,-0.005416540834232932,178,0.2741578597157286,3.3071573475938627,3.2901051644946704,22,0,0.2741578597157286,-0.005549279286904074
206,scenario_44,0.0005831269031413831,124,5.618703959875404e-07,1.4958455056926503,1.495845131962131,0,3,5.618703959875404e-07,-0.02783760998846674
209,scenario_44,0.0005866793601185782,0,0.0,0.0,0.0,0,6,0.0,-0.6267429749860787
227,scenario_44,0.00022877938489220106,178,0.0031499984707252793,3.2903017924746774,3.2901051644946704,0,1,0.0031499984707252793,-0.02120454702240071
233,scenario_44,-0.0005594522506697104,178,0.018799339124338843,3.2912784057500106,3.2901051644946704,2,0,0.018799339124338843,-0.0024190779708297416
240,scenario_44,3.7870615967549373e-06,178,0.0032671429435744415,3.290309104504161,3.2901051644946704,0,1,0.0032671429435744415,-0.01542788698624098
243,scenario_44,-0.0076552217906746085,178,0.29268889750177607,3.30830551242287,3.2901051644946704,23,1,0.29268889750177607,-0.7415095741514646
245,scenario_44,-0.008463734780597035,178,0.6142833785183157,3.328143016590454,3.2901051644946704,41,1,0.6142833785183157,-0.1098014693749122
249,scenario_44,-0.020609262002352854,178,0.7207143160112395,3.3346718536879285,3.2901051644946704,36,1,0.7207143160112395,-0.11809269381639753
250,scenario_44,0.0006692608612789773,178,0.0028334294316074704,3.2902820324687356,3.2901051644946704,0,2,0.0028334294316074704,-0.0935859719877532
254,scenario_44,0.07415229315200088,0,0.0,0.0,0.0,0,43,0.0,-3.381638575295561
255,scenario_44,-0.00044236899840505796,178,0.0826732307211735,3.295260321264472,3.2901051644946704,2,1,0.0826732307211735,-0.0773403517890725
261,scenario_44,-0.00598898038390954,178,0.32603516596563153,3.3103702103506762,3.2901051644946704,24,0,0.32603516596563153,-0.002888498735388989
267,scenario_44,-0.000404003267005668,178,0.017401058008367443,3.2911911610773847,3.2901051644946704,2,5,0.017401058008367443,-0.07797244141493787
270,scenario_44,-6.506098016991746e-05,178,0.06607752132480726,3.29422638819001,3.2901051644946704,2,1,0.06607752132480726,-0.07955717765454295
273,scenario_44,6.305621765903197e-05,178,0.003297807671131636,3.2903110185590583,3.2901051644946704,0,2,0.003297807671131636,-0.03163466771830159
277,scenario_44,-0.006879949385353829,178,0.4880290057242398,3.320374816042924,3.2901051644946704,31,1,0.4880290057242398,-0.06547547296528977
284,scenario_44,-0.001310960432887543,178,0.054667829319715366,3.293515286739967,3.2901051644946704,2,5,0.054667829319715366,-0.08308803966370681
285,scenario_44,-0.020354816499247683,178,0.7022515913245329,3.333540570262502,3.2901051644946704,35,1,0.7022515913245329,-0.1316459529093641
289,scenario_44,-0.011506417754475726,178,0.6851478627199619,3.3324920780395604,3.2901051644946704,35,1,0.6851478627199619,-0.13554210200625239
308,scenario_44,-0.0010360247319482732,178,0.013043657085976434,3.290919263636428,3.2901051644946704,1,1,0.013043657085976434,-0.38355273516601596
331,scenario_44,-0.022664642296966166,178,0.8041675738945813,3.3397786716242703,3.2901051644946704,36,1,0.8041675738945813,-0.02118772239568445
334,scenario_44,0.012801695976268035,86,3.8800419321916024e-08,1.294393878869403,1.2943938454440203,0,34,3.8800419321916024e-08,-0.5504044451854817
348,scenario_44,-0.014414030967974221,178,0.7533365718366696,3.336669434658729,3.2901051644946704,36,1,0.7533365718366696,-0.5493679495919956
351,scenario_44,-0.02039081692033261,178,1.353047701707247,3.3730977686155597,3.2901051644946704,38,4,1.353047701707247,-0.0905917749733971
356,scenario_44,-0.01020333190266031,178,0.5200227276274383,3.3223457370326956,3.2901051644946704,33,0,0.5200227276274383,0.0
358,scenario_44,-0.010286220165360604,178,0.6684204497743096,3.331466207806693,3.2901051644946704,35,1,0.6684204497743096,-0.08715975688826649
390,scenario_44,-0.01241197703769582,178,0.5482815999643407,3.3240852183026983,3.2901051644946704,32,2,0.5482815999643407,-0.03546863929376354
392,scenario_44,0.0006502251544841565,91,0.0021940673610658656,0.727455090108968,0.725076021631888,0,2,0.0021940673610658656,-0.02298560419743012
394,scenario_44,-0.00029246607176889667,87,0.07597360524170116,1.6983296437342428,1.564419833802526,2,0,0.07597360524170116,-0.007368628697554946
423,scenario_44,0.00860644537228928,86,3.8784863987118e-08,1.2943938788560028,1.2943938454440203,0,29,3.8784863987118e-08,-0.5377974602398448
459,scenario_44,-0.0020671672138009452,178,0.0787714534370636,3.295017276588102,3.2901051644946704,2,1,0.0787714534370636,-0.4237407501746886
464,scenario_44,-1.0681403902824968e-05,178,0.002251422631545097,3.2902457036000223,3.2901051644946704,0,0,0.002251422631545097,-0.005010568529891124
469,scenario_44,-0.0068146464044168825,178,0.4832240009611368,3.3200786700800733,3.2901051644946704,31,1,0.4832240009611368,-0.08658060856457572
486,scenario_44,-0.02073582919605507,178,0.7377791255696025,3.3357170037734707,3.2901051644946704,36,1,0.7377791255696025,-0.1332072051087363
493,scenario_44,4.634887893009e-05,178,0.0005750400223369923,3.2901410606469104,3.2901051644946704,0,0,0.0005750400223369923,-0.007255802649694276
499,scenario_44,-0.007173381627474562,178,0.5470585038915807,3.324009956731457,3.2901051644946704,38,1,0.5470585038915807,-0.18227279676053865
517,scenario_44,-0.0006846621021407191,86,0.28289139433165,1.5119421047412032,1.2943938454440203,1,1,0.28289139433165,-0.05049136525213249
521,scenario_44,-0.03336950712024164,178,1.2686753481090882,3.368006036472993,3.2901051644946704,38,1,1.2686753481090882,-0.1462156511353334
531,scenario_44,-0.019442853075921303,178,0.7113759677805831,3.3340997236962204,3.2901051644946704,37,1,0.7113759677805831,-0.011475159534447776
533,scenario_44,-0.0013371169138059486,178,0.0017565998799717875,3.2902148163185605,3.2901051644946704,0,0,0.0017565998799717875,-0.0007195608423131716
538,scenario_44,0.000897534714170266,86,0.20786777372003828,1.458635289813638,1.2943938454440203,6,7,0.20786777372003828,-0.10830922983217306
540,scenario_44,0.00337605829802691,99,5.551387682878328e-10,0.0029323184812850497,0.0029195741927774254,0,12,5.551387682878328e-10,-0.1773023696075029
546,scenario_44,-0.004354234278665856,178,0.12590860772331425,3.2979518077518972,3.2901051644946704,7,0,0.12590860772331425,-0.009397521427989108
550,scenario_44,0.0008194185210644501,86,0.19057241215873932,1.4459533592493752,1.2943938454440203,6,7,0.19057241215873932,-0.11821919375232603
552,scenario_44,-0.006796258898386266,178,0.3049959448758379,3.3090677367691113,3.2901051644946704,23,1,0.3049959448758379,-0.020181228685462127
556,scenario_44,-0.0028371491242409684,178,0.1602548975634015,3.300087741485625,3.2901051644946704,10,6,0.1602548975634015,-0.14968561722849216
557,scenario_44,0.07283019667871635,0,0.0,0.0,0.0,0,41,0.0,-3.4548046766359484
558,scenario_44,-0.007885371904812869,178,0.45139475267999885,3.318116009371368,3.2901051644946704,29,1,0.45139475267999885,-0.16682402359688586
564,scenario_44,-0.010931280665394616,178,0.6724002730213527,3.331710325223557,3.2901051644946704,35,1,0.6724002730213527,-0.13695125559274857
565,scenario_44,-0.0014650267650190508,103,3.1087493354231555e-05,0.2721493309013623,0.2720563400462387,0,3,3.1087493354231555e-05,-0.4436467249178053
569,scenario_44,0.002046215145670227,99,2.998126746867058e-10,0.0029264666241877735,0.0029195741927774254,0,6,2.998126746867058e-10,-0.11064689804352312
594,scenario_44,-0.002239961358562112,92,0.00019237686171624802,1.5177129829409994,1.5175996369540665,0,1,0.00019237686171624802,-0.7845102560242239
602,scenario_44,-0.0008289146779625443,103,2.1110745167085554e-05,0.2721194926756548,0.2720563400462387,0,3,2.1110745167085554e-05,-0.4673756504224891
612,scenario_44,-0.0369086202773056,178,1.4562007856139303,3.379308303968345,3.2901051644946704,38,1,1.4562007856139303,-0.13251612885214437
614,scenario_44,-0.0027899097763558383,178,0.11463176739372827,3.297250098947674,3.2901051644946704,6,0,0.11463176739372827,-0.0023098982930815914
625,scenario_44,-0.003398014163987478,178,0.12028480185239587,3.297601888864512,3.2901051644946704,6,6,0.12028480185239587,-0.1449733715789172
627,scenario_44,0.0003256223247681046,178,0.003216156370566381,3.290305921981004,3.2901051644946704,0,2,0.003216156370566381,-0.050478751659338905
628,scenario_44,-0.005422631513077999,178,0.29054039452633873,3.308172421887426,3.2901051644946704,23,7,0.29054039452633873,-0.20974963160226312
629,scenario_44,-0.0012676213712611935,86,0.08437576424312154,1.3644108592472277,1.2943938454440203,3,1,0.08437576424312154,-0.15651187196979888
648,scenario_44,-0.0016654029729942558,178,0.008218045515459238,3.2906181136160106,3.2901051644946704,0,1,0.008218045515459238,-0.1982244059424989
662,scenario_44,-0.03141377728046686,178,1.1913678883541117,3.3633311795300003,3.2901051644946704,37,1,1.1913678883541117,-0.13976284157443963
669,scenario_44,0.008048798304713913,89,0.042344975133387086,0.7120871370147783,0.6144924098922497,3,29,0.042344975133387086,-0.3975867469425616
670,scenario_44,6.833497987990268e-05,88,0.11581005447307557,0.973860393288754,0.8498799529046034,1,1,0.11581005447307557,-0.09419628649819756
673,scenario_44,0.004065367977189133,86,3.915305701873706e-08,1.2943938791731897,1.2943938454440203,0,13,3.915305701873706e-08,-0.1732311115561629
678,scenario_44,-0.0071794168906259585,178,0.512656624662327,3.321892105354063,3.2901051644946704,37,1,0.512656624662327,-0.13100177095222287
680,scenario_44,-0.0005778975043960381,103,0.00015650306329773045,0.2725240308833328,0.2720563400462387,0,3,0.00015650306329773045,-0.4329775565293317
682,scenario_44,-0.007896546083203983,178,0.45139460119215613,3.31811600002643,3.2901051644946704,29,1,0.45139460119215613,-0.16682402359688542
689,scenario_44,-0.014619581497249075,178,0.6977605213291938,3.3332653035353133,3.2901051644946704,35,1,0.6977605213291938,-0.05811408005812657
694,scenario_44,0.002393652825745288,0,0.0,0.0,0.0,0,11,0.0,-0.508246585292627
726,scenario_44,-0.005582722386345733,178,0.28375576104750166,3.307752093751742,3.2901051644946704,23,7,0.28375576104750166,-0.2359382414659501
736,scenario_44,-0.00016194621728849598,178,0.010243061894410488,3.2907444927054446,3.2901051644946704,1,0,0.010243061894410488,0.0
750,scenario_44,-0.021292971251219976,178,0.7282849780640959,3.3351355824944537,3.2901051644946704,36,1,0.7282849780640959,-0.06853874539782634
755,scenario_44,0.0007166664569714339,178,0.002831126288057817,3.290281888707605,3.2901051644946704,0,2,0.002831126288057817,-0.0935859695649971
759,scenario_44,-0.036421328823547226,178,1.4151639946533763,3.3768395181452164,3.2901051644946704,38,1,1.4151639946533763,-0.13560570430639096
761,scenario_44,0.004795130178309395,86,3.921232516468365e-08,1.2943938792242475,1.2943938454440203,0,17,3.921232516468365e-08,-0.23555864773347324
764,scenario_44,-0.0013138126741278685,178,0.03060191418649083,3.2920146893587994,3.2901051644946704,2,1,0.03060191418649083,-0.4355980346860657
767,scenario_44,0.0038278150812838,91,0.0230324700455804,0.7495281376707558,0.725076021631888,2,12,0.0230324700455804,-0.18683249794670687
770,scenario_44,0.0020701299002819002,91,0.04150486697732969,0.7683608858257664,0.725076021631888,1,6,0.04150486697732969,-0.10757538301296421
775,scenario_44,-0.023111847537845488,178,0.8248489083110755,3.3410425509042474,3.2901051644946704,36,0,0.8248489083110755,-0.0034423907962475297
776,scenario_44,-0.008385744076891686,178,0.4163808748083362,3.3159550984428194,3.2901051644946704,29,7,0.4163808748083362,-0.2802081857734715
780,scenario_44,0.0011189086150563089,86,0.18841316355134707,1.4443591148197596,1.2943938454440203,6,7,0.18841316355134707,-0.12413452483905218
789,scenario_44,-0.010216103307558573,178,0.5689920067529783,3.325359243297246,3.2901051644946704,33,1,0.5689920067529783,-0.19228940590592059
791,scenario_44,-0.003806733878763393,178,0.11100096481652955,3.2970241253713493,3.2901051644946704,5,0,0.11100096481652955,-0.0005901966608381493
809,scenario_44,-0.004008237207468599,178,0.11802472346030868,3.2974612498575895,3.2901051644946704,6,0,0.11802472346030868,-0.0005901961851799697
810,scenario_44,-0.0024653096945640865,178,0.004815471310063657,3.290405747324867,3.2901051644946704,0,1,0.004815471310063657,-0.7407563619270257
811,scenario_44,-0.0002934980413638987,178,0.002539173138831785,3.290263665058977,3.2901051644946704,0,0,0.002539173138831785,-0.009046694446812609
813,scenario_44,0.008611324747100706,103,0.00027496834011042637,0.2728773045014659,0.2720563400462387,0,30,0.00027496834011042637,-0.7795134306951725
822,scenario_44,-0.0023205846198291985,178,0.08513423316169266,3.2954136060735806,3.2901051644946704,2,0,0.08513423316169266,-0.004474691509895656
831,scenario_44,-0.0056931492772656495,178,0.3028095068035057,3.3089323399271633,3.2901051644946704,23,7,0.3028095068035057,-0.21639515602830262
837,scenario_44,0.0005211595044487622,124,5.180836871510053e-06,1.4958485780131836,1.495845131962131,0,3,5.180836871510053e-06,-0.024546149599459
858,scenario_44,-0.0017761508538476191,103,1.5545120268800616e-05,0.27210284514399036,0.2720563400462387,0,3,1.5545120268800616e-05,-0.5483177273847664
863,scenario_44,-0.00027230015675036703,0,0.0,0.0,0.0,0,3,0.0,-0.6437648251308195
866,scenario_44,-0.0017260749533748018,178,0.06736081503559177,3.2943063551714054,3.2901051644946704,2,0,0.06736081503559177,-6.006104799327616e-05
873,scenario_44,-0.02046706704151793,178,0.7033615005946245,3.333608593933725,3.2901051644946704,36,1,0.7033615005946245,-0.13129457653705767
878,scenario_44,-0.004530607715268969,178,0.15397702204279184,3.299697476304701,3.2901051644946704,10,5,0.15397702204279184,-0.07797242734037146
887,scenario_44,-0.01109044488384889,178,0.39414445511831886,3.314581734880726,3.2901051644946704,28,0,0.39414445511831886,-0.00476862875034012
895,scenario_44,-0.013322222383081912,178,0.6309311252182077,3.329165429057126,3.2901051644946704,35,1,0.6309311252182077,-0.05587370157824845
935,scenario_44,-0.0031704896810897626,178,0.12714576529608124,3.2980287779723403,3.2901051644946704,6,0,0.12714576529608124,-0.0018356513777830763
938,scenario_44,0.006830331097787013,103,4.522709037235728e-05,0.2721916114346282,0.2720563400462387,0,26,4.522709037235728e-05,-0.7052494990169877
940,scenario_44,-0.002693889425199479,178,0.10746181280194378,3.296803835063848,3.2901051644946704,5,0,0.10746181280194378,-1.718954589668975e-06
945,scenario_44,-0.025232019374157883,178,1.0866522143989314,3.356984377496698,3.2901051644946704,36,1,1.0866522143989314,-0.5161998036046052
952,scenario_44,-0.00960297390501178,178,0.5448617594021705,3.323874777024278,3.2901051644946704,32,1,0.5448617594021705,-0.3000653783664249
958,scenario_44,0.0010645806796189864,86,0.16923493361878816,1.4300897021164916,1.2943938454440203,6,7,0.16923493361878816,-0.10714736443157935
964,scenario_44,7.70337159296032e-05,0,0.0,0.0,0.0,0,0,0.0,-0.00770190922450098
970,scenario_44,-0.007073293857017532,178,0.20455661098461775,3.302839930069292,3.2901051644946704,13,0,0.20455661098461775,-0.004765032884345821
971,scenario_44,-0.0001966078765765997,86,0.12738006475678465,1.3982349023122942,1.2943938454440203,1,1,0.12738006475678465,-0.10069583782954916
987,scenario_44,-0.00014701728614117018,178,0.009899990257487445,3.2907230824524567,3.2901051644946704,0,0,0.009899990257487445,0.0
0,scenario_64,0.014091736208871124,86,4.260846075965219e-08,1.6030823983980567,1.6030823711904298,0,36,4.260846075965219e-08,-0.6531028958756409
2,scenario_64,-0.017344426385978585,178,1.1140366236864168,4.1221328909840365,4.070969540360378,37,1,1.1140366236864168,-0.13649213674017924
9,scenario_64,0.09795838417125295,0,0.0,0.0,0.0,0,41,0.0,-4.740804344992572
12,scenario_64,0.000587826067496906,103,0.0002802833029016405,0.3374623254008288,0.33684128144150716,0,3,0.0002802833029016405,-0.521329990603506
15,scenario_64,0.010005142394712428,86,4.270104891901383e-08,1.603082398457179,1.6030823711904298,0,32,4.270104891901383e-08,-0.4562031428147506
17,scenario_64,0.004389668512675678,103,0.004833450122832872,0.3473351395366961,0.33684128144150716,0,7,0.004833450122832872,-0.4493033493377059
25,scenario_64,-0.014309484370599035,178,1.1900418416381626,4.125591205249155,4.070969540360378,43,1,1.1900418416381626,-0.2534090559332882
27,scenario_64,-0.013325506969931998,178,1.1070636908554192,4.121815412025602,4.070969540360378,42,1,1.1070636908554192,-0.3217401456988769
28,scenario_64,0.00832295499208488,103,0.0016226487212338547,0.3404147680473934,0.33684128144150716,0,34,0.0016226487212338547,-1.2804979913351064
57,scenario_64,0.0070044044247264976,86,4.3731511301103865e-08,1.6030823991151804,1.6030823711904298,0,19,4.3731511301103865e-08,-0.23614886046738093
62,scenario_64,0.002669976991403266,91,0.04231878423924629,0.9305947791981375,0.8973358011275568,1,10,0.04231878423924629,-0.13465133878440128
63,scenario_64,-0.030980893574483925,178,1.266382359133324,4.129060695343789,4.070969540360378,38,1,1.266382359133324,-0.22229220553988238
73,scenario_64,-0.013564878251339075,178,0.6270044909755441,4.099875355426287,4.070969540360378,35,2,0.6270044909755441,-0.016155069255057164
90,scenario_64,0.0006233429099826608,124,1.0731674932262791e-05,1.8533052999329551,1.853300011750915,0,3,1.0731674932262791e-05,-0.028783910044225536
94,scenario_64,0.0004643698338996619,91,0.0038076148824330858,0.9003989616056634,0.8973358011275568,0,2,0.0038076148824330858,-0.02383810133260056
103,scenario_64,-0.0182592969115054,178,1.144458464254079,4.123517602876195,4.070969540360378,37,1,1.144458464254079,-0.23003039265390335
104,scenario_64,0.00037835040694882626,0,0.0,0.0,0.0,0,2,0.0,-0.01870889268571574
109,scenario_64,-0.05572175393143785,178,2.4291491897235886,4.181409171503902,4.070969540360378,39,1,2.4291491897235886,-0.21869017430637827
114,scenario_64,-0.0017673343230583706,86,0.6288832859539562,1.9504808978061545,1.6030823711904298,3,1,0.6288832859539562,-0.019947656859132468
126,scenario_64,-0.03281175265185535,178,1.3019856688912768,4.130677384084682,4.070969540360378,38,1,1.3019856688912768,-0.13663974925639844
140,scenario_64,-0.0006676205800974276,178,0.03171009865919672,4.072438323771262,4.070969540360378,2,0,0.03171009865919672,-3.8833299331741955e-07
143,scenario_64,-6.227304124471266e-05,89,0.006637575132042883,0.7733030427446252,0.7608155650279297,0,0,0.006637575132042883,-0.0040667699476917285
144,scenario_64,-0.011946580720977276,178,0.9131724044131317,4.112973756396779,4.070969540360378,42,1,0.9131724044131317,-0.21026521704672685
150,scenario_64,-0.02174798420838977,178,1.0670351449391902,4.11999224198295,4.070969540360378,36,0,1.0670351449391902,-0.009786411896772762
152,scenario_64,0.10013297929278424,0,0.0,0.0,0.0,0,42,0.0,-4.901093263048477
176,scenario_64,0.00977659054951812,91,0.0003164544973248695,0.8975909411368314,0.8973358011275568,0,32,0.0003164544973248695,-0.5069867724555692
177,scenario_64,0.0010035597730755107,87,0.015873830376552656,1.9593736413491554,1.9375511269013195,1,4,0.015873830376552656,-0.3498188847734176
195,scenario_64,-0.02233615777701745,178,1.026142501041086,4.1181285480146945,4.070969540360378,36,1,1.026142501041086,-0.013799477633499535
197,scenario_64,-0.002353661702534882,178,0.10421075113496414,4.075793705956468,4.070969540360378,5,0,0.10421075113496414,-4.447020343079089e-07
201,scenario_64,-0.031171474501131332,178,1.2753468058842188,4.129467839848339,4.070969540360378,38,1,1.2753468058842188,-0.17412175554990839
202,scenario_64,-0.008599845753838192,178,0.4567611139282377,4.092055148328509,4.070969540360378,30,0,0.4567611139282377,-0.009265662373860728
206,scenario_64,0.0010514355465692934,124,9.766602340199881e-07,1.853300493014699,1.853300011750915,0,5,9.766602340199881e-07,-0.0448690935746896
209,scenario_64,0.0023644069369637877,0,0.0,0.0,0.0,0,13,0.0,-1.0478000453078982
227,scenario_64,0.0002775002154057147,178,0.004097141308335495,4.071159358017505,4.070969540360378,0,1,0.004097141308335495,-0.03541555208309988
233,scenario_64,-0.0007416455386321758,178,0.03320940822607099,4.0725077520889705,4.070969540360378,2,0,0.03320940822607099,-0.004039779691440426
240,scenario_64,4.37254456426017e-05,178,0.0042010277527708695,4.071164170841886,4.070969540360378,0,1,0.0042010277527708695,-0.02579595959183756
243,scenario_64,-0.01042929236603645,178,0.48885106482155294,4.093530814755419,4.070969540360378,31,1,0.48885106482155294,-1.23988210969199
245,scenario_64,-0.013253731398541016,178,1.0236024949248588,4.11801274755402,4.070969540360378,42,1,1.0236024949248588,-0.18315532996807293
249,scenario_64,-0.030486742183080524,178,1.2018483256660204,4.126128048121528,4.070969540360378,37,1,1.2018483256660204,-0.19745587937447917
250,scenario_64,0.0009010436138127697,178,0.004019104850797817,4.071155742759405,4.070969540360378,0,2,0.004019104850797817,-0.15657498154466432
254,scenario_64,0.1135942271956628,0,0.0,0.0,0.0,0,45,0.0,-5.644160323858973
255,scenario_64,-0.0011586167061082087,178,0.13757992508492123,4.077336756439007,4.070969540360378,8,1,0.13757992508492123,-0.12930220842991824
261,scenario_64,-0.009761996756671928,178,0.5435366587028909,4.096043834341909,4.070969540360378,32,0,0.5435366587028909,-0.004823059347583314
267,scenario_64,-0.000515636995300767,178,0.031215672138145578,4.0724154280684015,4.070969540360378,2,6,0.031215672138145578,-0.12973282584362744
270,scenario_64,-0.0005108375547460746,178,0.10997090894282735,4.076060124391614,4.070969540360378,5,1,0.10997090894282735,-0.13300804380362674
273,scenario_64,0.00015173007049201987,89,0.004457635092970147,0.7692331286618611,0.7608155650279297,0,2,0.004457635092970147,-0.052928711543819285
277,scenario_64,-0.012109082902757683,178,0.8132838620527778,4.108408325991598,4.070969540360378,36,1,0.8132838620527778,-0.10946240209926117
284,scenario_64,-0.0018009044609246776,178,0.09246592090329386,4.075250409301669,4.070969540360378,4,6,0.09246592090329386,-0.13824599132914805
285,scenario_64,-0.02995488291717088,178,1.1710397239013233,4.12472697023748,4.070969540360378,37,1,1.1710397239013233,-0.2201184123597022
289,scenario_64,-0.01866136836386437,178,1.1424368072660869,4.123425603243215,4.070969540360378,37,1,1.1424368072660869,-0.22663266699898132
308,scenario_64,-0.0004431171808347572,178,0.0206113608777585,4.071924324533958,4.070969540360378,2,1,0.0206113608777585,-0.6413604009291793
331,scenario_64,-0.033658613595996284,178,1.3412878849430854,4.132461006118298,4.070969540360378,38,1,1.3412878849430854,-0.035413212074613565
334,scenario_64,0.020255946349408246,86,4.2372591657624525e-08,1.6030823982474423,1.6030823711904298,0,37,4.2372591657624525e-08,-0.9196840446418548
348,scenario_64,-0.02201417585256172,178,1.2569513704244173,4.128632300901675,4.070969540360378,38,1,1.2569513704244173,-0.9185923722893952
351,scenario_64,-0.03329879409897374,178,2.261938205912898,4.173937748643809,4.070969540360378,39,4,2.261938205912898,-0.15090847616505698
356,scenario_64,-0.015719799799458707,178,0.8672129270066762,4.110874048809067,4.070969540360378,37,0,0.8672129270066762,0.0
358,scenario_64,-0.017377694224089968,178,1.1141215425656128,4.12213675714578,4.070969540360378,37,1,1.1141215425656128,-0.14571869646742064
390,scenario_64,-0.01928544423082704,178,0.9141180309098687,4.113016942593799,4.070969540360378,36,2,0.9141180309098687,-0.05902147389611656
392,scenario_64,0.0009883454906027764,91,0.00364913736714767,0.9002717600730982,0.8973358011275568,0,2,0.00364913736714767,-0.039510949588638766
394,scenario_64,-0.0004771116837875452,87,0.12712512979510215,2.103619904895923,1.9375511269013195,2,1,0.12712512979510215,-0.012328012290735657
423,scenario_64,0.013970776637886883,86,4.2355416507433574e-08,1.6030823982364752,1.6030823711904298,0,36,4.2355416507433574e-08,-0.8990226057373532
459,scenario_64,-0.002081100940943113,178,0.1302486650027248,4.076997815898139,4.070969540360378,7,1,0.1302486650027248,-0.7085915466685209
464,scenario_64,1.1271468391874804e-05,178,0.002810496549578545,4.071099750010995,4.070969540360378,0,0,0.002810496549578545,-0.008328022301347549
469,scenario_64,-0.011903344044059282,178,0.8053033053374605,4.10804326620491,4.070969540360378,36,1,0.8053033053374605,-0.1447515380166755
486,scenario_64,-0.030605834222276928,178,1.230533347031617,4.1274319537721,4.070969540360378,38,1,1.230533347031617,-0.22273032593952458
493,scenario_64,0.00011370164086099249,91,0.0004257975266508396,0.8976790748622546,0.8973358011275568,0,1,0.0004257975266508396,-0.0120696182648794
499,scenario_64,-0.01131129273296066,178,0.9114508251635627,4.112895131271232,4.070969540360378,42,1,0.9114508251635627,-0.30431700342736046
517,scenario_64,-0.0009967565107607515,86,0.4733562107366449,1.8728663653359459,1.6030823711904298,1,1,0.4733562107366449,-0.08446714035791147
521,scenario_64,-0.04988906671743712,178,2.117118764770588,4.1674516743990235,4.070969540360378,39,1,2.117118764770588,-0.24448678732287954
531,scenario_64,-0.029460052184179426,178,1.1880628600881167,4.125501211044735,4.070969540360378,38,1,1.1880628600881167,-0.019158926865676218
533,scenario_64,-0.0013614324521040544,178,0.003481522625413902,4.071130837630614,4.070969540360378,0,0,0.003481522625413902,-8.812875191210878e-05
538,scenario_64,0.001997850944487378,86,0.3456868967630453,1.8056132718978486,1.6030823711904298,6,13,0.3456868967630453,-0.18253213255502487
540,scenario_64,0.005650241144437808,99,9.50932277365979e-10,0.0035763305376874865,0.0035597945133685523,0,23,9.50932277365979e-10,-0.2954829620723274
546,scenario_64,-0.00654393876556342,178,0.21152644964458744,4.080753266454166,4.070969540360378,14,1,0.21152644964458744,-0.015689274105064044
550,scenario_64,0.002003380284749786,86,0.31695151260720245,1.7899849766993163,1.6030823711904298,6,13,0.31695151260720245,-0.1969773474370291
552,scenario_64,-0.01059539458786789,178,0.5083679934167478,4.0944279427241606,4.070969540360378,31,2,0.5083679934167478,-0.0335853051320556
556,scenario_64,-0.004499851447308669,178,0.2686568418305413,4.083390090551996,4.070969540360378,21,7,0.2686568418305413,-0.24909857460009155
557,scenario_64,0.11257799667254069,0,0.0,0.0,0.0,0,43,0.0,-5.767461647040282
558,scenario_64,-0.011560780613721115,178,0.7505401718363345,4.105536974543684,4.070969540360378,36,1,0.7505401718363345,-0.27896466253914376
564,scenario_64,-0.018018274556388613,178,1.1209158554509457,4.122446070173291,4.070969540360378,37,1,1.1209158554509457,-0.22898891634077811
565,scenario_64,-0.0003180411520304624,103,5.196218717573586e-05,0.3369565388378932,0.33684128144150716,0,7,5.196218717573586e-05,-0.7419555808877054
569,scenario_64,0.0034893110046674263,99,5.331994290536102e-10,0.003569079675181833,0.0035597945133685523,0,12,5.331994290536102e-10,-0.18425838129338956
594,scenario_64,-0.0016228244638368486,92,0.0001935697231734146,1.8781224070655815,1.8780377752234874,0,2,0.0001935697231734146,-1.3119152322704648
602,scenario_64,0.00027174906415864823,103,3.5290518054509334e-05,0.33691956540049045,0.33684128144150716,0,5,3.5290518054509334e-05,-0.78164251603916
612,scenario_64,-0.05571932138840121,178,2.4306954108208316,4.181478173503814,4.070969540360378,39,1,2.4306954108208316,-0.2215752152505024
614,scenario_64,-0.004214542924313806,178,0.19061754760053162,4.079787630267545,4.070969540360378,12,0,0.19061754760053162,-0.003851702213732988
625,scenario_64,-0.004808535431897151,178,0.2025148671905086,4.080337123614707,4.070969540360378,13,7,0.2025148671905086,-0.2412858851957007
627,scenario_64,0.0004571228709300049,89,0.00458626299453746,0.7694741121363989,0.7608155650279297,0,2,0.00458626299453746,-0.08444643067322033
628,scenario_64,-0.008688538805831807,178,0.4861265018479344,4.093405553806284,4.070969540360378,31,7,0.4861265018479344,-0.349178131698507
629,scenario_64,-0.00139002737810486,86,0.1411931050968649,1.6899245260181148,1.6030823711904298,3,1,0.1411931050968649,-0.26175405657641637
648,scenario_64,-0.001512402659063344,178,0.013300794607303601,4.071585711589158,4.070969540360378,1,1,0.013300794607303601,-0.3314408451598534
662,scenario_64,-0.04699116145448853,178,1.9876520002196756,4.161641217072608,4.070969540360378,38,1,1.9876520002196756,-0.23369239374672812
669,scenario_64,0.012925841212087544,89,0.07046649479629785,0.8812846123723448,0.7608155650279297,3,35,0.07046649479629785,-0.6625641282337824
670,scenario_64,1.6439031641813928e-05,88,0.1936993142116381,1.2060919083498767,1.052366445388495,1,1,0.1936993142116381,-0.1575960008077496
673,scenario_64,0.006462326221856521,86,4.275032505773879e-08,1.603082398488644,1.6030823711904298,0,24,4.275032505773879e-08,-0.2902159336455128
678,scenario_64,-0.011010638134386274,178,0.8539045215572969,4.1102657597508285,4.070969540360378,42,1,0.8539045215572969,-0.2184284828943598
680,scenario_64,0.0004985844254629919,103,0.00026145515329911717,0.3374206566387987,0.33684128144150716,0,3,0.00026145515329911717,-0.7241055545473665
682,scenario_64,-0.011572043944572796,178,0.750540391224952,4.105536984588523,4.070969540360378,36,1,0.750540391224952,-0.27896466253914376
689,scenario_64,-0.022676533117115965,178,1.1632341577790157,4.124371891944118,4.070969540360378,37,1,1.1632341577790157,-0.09715409786469431
694,scenario_64,0.004691480177633697,0,0.0,0.0,0.0,0,19,0.0,-0.8496077736752157
726,scenario_64,-0.00892910766314494,178,0.4761903545755217,4.092948696998554,4.070969540360378,31,7,0.4761903545755217,-0.3929146088960054
736,scenario_64,-0.0001895792733815033,178,0.013593900497852474,4.0715992885121075,4.070969540360378,1,0,0.013593900497852474,0.0
750,scenario_64,-0.031423138808505495,178,1.214169304612824,4.126688180915205,4.070969540360378,38,1,1.214169304612824,-0.11458522518493375
755,scenario_64,0.0009473209926026176,178,0.004018304262928041,4.0711557056698995,4.070969540360378,0,2,0.004018304262928041,-0.15657498209714615
759,scenario_64,-0.05492975241930504,178,2.3617725948670696,4.178400859270072,4.070969540360378,39,1,2.3617725948670696,-0.226742517860405
761,scenario_64,0.007903455741039943,86,4.28152207021526e-08,1.6030823985300833,1.6030823711904298,0,29,4.28152207021526e-08,-0.39439623967560067
764,scenario_64,-0.0008518807316045277,178,0.04995659858788315,4.073283149281761,4.070969540360378,2,1,0.04995659858788315,-0.7284194623863942
767,scenario_64,0.006181201502977986,91,0.038419097158017834,0.9275995173300451,0.8973358011275568,2,24,0.038419097158017834,-0.3123976833875233
770,scenario_64,0.0034220232736060863,91,0.06929582683240065,0.9509558231870637,0.8973358011275568,1,12,0.06929582683240065,-0.1807700736061051
775,scenario_64,-0.03435781909475825,178,1.3758481096670394,4.134028535955273,4.070969540360378,38,0,1.3758481096670394,-0.00574758083647664
776,scenario_64,-0.013412162568833912,178,0.6971258857925875,4.103090349040168,4.070969540360378,35,7,0.6971258857925875,-0.46682513391815883
780,scenario_64,0.002302756938970415,86,0.31336046466217793,1.788018453264483,1.6030823711904298,6,13,0.31336046466217793,-0.20686110809472502
789,scenario_64,-0.015905574612715516,178,0.9482659732105034,4.114576033534204,4.070969540360378,36,1,0.9482659732105034,-0.3215030335586224
791,scenario_64,-0.005198177312310087,178,0.18461350675113408,4.079510286404653,4.070969540360378,12,0,0.18461350675113408,-0.0009792430794322016
809,scenario_64,-0.00549122226999281,178,0.1963137066957117,4.080050727791831,4.070969540360378,12,0,0.1963137066957117,-0.000979242966772098
810,scenario_64,-0.001970836364734452,178,0.007466059313109952,4.0713154283222,4.070969540360378,0,1,0.007466059313109952,-1.238749809373638
811,scenario_64,-0.0002590887174922973,178,0.003404383970433855,4.071127263930715,4.070969540360378,0,1,0.003404383970433855,-0.015130003145280568
813,scenario_64,0.014707851962865563,103,0.0004591590178129046,0.3378578382436856,0.33684128144150716,0,37,0.0004591590178129046,-1.3034731813966365
822,scenario_64,-0.0033616575470170936,178,0.1416682542590948,4.07752575190442,4.070969540360378,8,0,0.1416682542590948,-0.007451833701929367
831,scenario_64,-0.009118424806511495,178,0.5067026664545011,4.094351403949383,4.070969540360378,31,7,0.5067026664545011,-0.36025664066369023
837,scenario_64,0.0009331759759773268,124,8.713523949932522e-06,1.8533043054626102,1.853300011750915,0,3,8.713523949932522e-06,-0.039337073181762605
858,scenario_64,-0.0009208537975189976,103,2.599031647898542e-05,0.33689893749743366,0.33684128144150716,0,3,2.599031647898542e-05,-0.9170145569098413
863,scenario_64,0.001073757051145425,0,0.0,0.0,0.0,0,7,0.0,-1.0762780287072862
866,scenario_64,-0.0025712548493730136,178,0.11244379141150773,4.076174492507481,4.070969540360378,6,0,0.11244379141150773,-9.825408542640801e-05
873,scenario_64,-0.03014681579789869,178,1.1728926166871574,4.124811252779229,4.070969540360378,37,1,1.1728926166871574,-0.21953172349158967
878,scenario_64,-0.006259597045708564,178,0.2572141673528634,4.08286215067698,4.070969540360378,19,6,0.2572141673528634,-0.12973282914503548
887,scenario_64,-0.016612816882764454,178,0.659091164424197,4.10134693416695,4.070969540360378,35,0,0.659091164424197,-0.007961400917540828
895,scenario_64,-0.020938606419446993,178,1.051465676120074,4.11928279814035,4.070969540360378,36,1,1.051465676120074,-0.09340790727801584
935,scenario_64,-0.004759371466337121,178,0.21144666965658843,4.080749582581552,4.070969540360378,14,0,0.21144666965658843,-0.003059578392311302
938,scenario_64,0.011562133937213451,103,7.554646144658506e-05,0.33700883294181627,0.33684128144150716,0,34,7.554646144658506e-05,-1.1791782378354454
940,scenario_64,-0.004071205854513915,178,0.17958477052407318,4.079277974343774,4.070969540360378,11,0,0.17958477052407318,-4.08658455075539e-07
945,scenario_64,-0.03881867546906369,178,1.8155746372123716,4.153900775259821,4.070969540360378,38,1,1.8155746372123716,-0.8629056866709015
952,scenario_64,-0.014299816379060736,178,0.9069410786187788,4.112689159595065,4.070969540360378,36,1,0.9069410786187788,-0.5017752302608574
958,scenario_64,0.002217346699123271,86,0.28144808065956495,1.7704079379742108,1.6030823711904298,6,13,0.28144808065956495,-0.1784335065570477
964,scenario_64,0.00015625027432641947,0,0.0,0.0,0.0,0,2,0.0,-0.011949724208555779
970,scenario_64,-0.010164754281489063,178,0.3434595771233617,4.086838972860786,4.070969540360378,25,0,0.3434595771233617,-0.007955395237602136
971,scenario_64,-0.00023028669591643847,86,0.21315919707079534,1.7318753377816583,1.6030823711904298,1,1,0.21315919707079534,-0.16843540837053705
987,scenario_64,-0.0001864682336635888,178,0.013289653358214082,4.071585195515439,4.070969540360378,1,0,0.013289653358214082,0.0
0,scenario_70,0.0058410176049242726,86,3.5897112837801615e-08,1.0572839422447384,1.0572839011936916,0,17,3.5897112837801615e-08,-0.24001114145186264
2,scenario_70,-0.006155395878553507,178,0.41230464755340535,2.723904049079312,2.6900834474156134,29,1,0.41230464755340535,-0.05020332028924801
9,scenario_70,0.044764462908113374,0,0.0,0.0,0.0,0,39,0.0,-1.7487531667665834
12,scenario_70,-0.0009529000773524168,103,0.0001032667214952987,0.22270052627654416,0.2222910859399638,0,3,0.0001032667214952987,-0.19168053496028636
15,scenario_70,0.004158180936390767,86,3.5974846879227584e-08,1.057283942333633,1.0572839011936916,0,12,3.5974846879227584e-08,-0.1674632947121708
17,scenario_70,-1.0894825962604958e-06,103,0.001783487102221315,0.22921972344776634,0.2222910859399638,0,3,0.001783487102221315,-0.16520326899324145
25,scenario_70,-0.0055601112895911796,178,0.4405981375395136,2.726203415846443,2.6900834474156134,33,1,0.4405981375395136,-0.0932024579881463
27,scenario_70,-0.005266770127023338,178,0.40990378226877056,2.723708809488046,2.6900834474156134,33,1,0.40990378226877056,-0.11859865555456772
28,scenario_70,0.00012674466574157125,103,0.0005986308961620779,0.2246500987417292,0.2222910859399638,0,14,0.0005986308961620779,-0.4707951850732759
57,scenario_70,0.003964582581418334,86,3.683655203090552e-08,1.0572839433190575,1.0572839011936916,0,5,3.683655203090552e-08,-0.08579021029150269
62,scenario_70,0.0010053103325803532,91,0.015607836193972435,0.6146329824073307,0.5927100266000344,1,2,0.015607836193972435,-0.04883932614001196
63,scenario_70,-0.015199936514973176,178,0.46789386604941896,2.728419125897916,2.6900834474156134,31,1,0.46789386604941896,-0.08174075121644964
73,scenario_70,-0.006087123337772093,178,0.23143344761371054,2.709140274625049,2.6900834474156134,15,0,0.23143344761371054,-0.00596065149426428
90,scenario_70,0.00016592589792096987,124,3.894837445006516e-06,1.2213174010364192,1.2213139599624734,0,2,3.894837445006516e-06,-0.011907916148622633
94,scenario_70,0.00012796567095199135,91,0.00140492330972819,0.5947299220827863,0.5927100266000344,0,0,0.00140492330972819,-0.0074977385571433075
103,scenario_70,-0.006891392228179611,178,0.4233488839105597,2.7248019197771347,2.6900834474156134,29,1,0.4233488839105597,-0.08458729637261664
104,scenario_70,0.0001099630541888764,0,0.0,0.0,0.0,0,0,0.0,-0.008239978204056086
109,scenario_70,-0.02613452923567337,178,0.8963596816283435,2.7628746500730457,2.6900834474156134,36,1,0.8963596816283435,-0.08041600258864179
114,scenario_70,-0.0008586232527733082,86,0.23088122102729525,1.2857807074520466,1.0572839011936916,3,0,0.23088122102729525,-0.007326431038930381
126,scenario_70,-0.016170032093572078,178,0.4809849995222777,2.7294808954611964,2.6900834474156134,31,1,0.4809849995222777,-0.050250362962283024
140,scenario_70,-0.0003093884843902197,178,0.011450450551969027,2.691030753464675,2.6900834474156134,1,0,0.011450450551969027,-4.094942629428999e-07
143,scenario_70,-9.143501652998384e-05,89,0.002466072822557397,0.5103827871003912,0.5020815654692201,0,0,0.002466072822557397,-0.001513377032618557
144,scenario_70,-0.005345615178084466,178,0.33840889677405883,2.7178858053528243,2.6900834474156134,29,1,0.33840889677405883,-0.0774136754199306
150,scenario_70,-0.009282280346589743,178,0.3936488556208104,2.722386434837975,2.6900834474156134,28,0,0.3936488556208104,-0.0036090610117471833
152,scenario_70,0.04540196007549658,0,0.0,0.0,0.0,0,39,0.0,-1.8078664894274503
176,scenario_70,0.003173098706369172,91,0.00011640909168342262,0.5928777572433669,0.5927100266000344,0,13,0.00011640909168342262,-0.18648429230853836
177,scenario_70,0.00026992868524673393,87,0.005900934184594919,1.2923414332164855,1.277813237970788,0,2,0.005900934184594919,-0.12984597503091133
195,scenario_70,-0.009875169718369376,178,0.3783967432964488,2.721144823093109,2.6900834474156134,26,0,0.3783967432964488,-0.005089280141188368
197,scenario_70,-0.0011272927249169444,178,0.03848570703404164,2.693265554084612,2.6900834474156134,2,0,0.03848570703404164,-4.6408902742989255e-07
201,scenario_70,-0.015020431785109103,178,0.47133515823404437,2.7286982914063485,2.6900834474156134,31,1,0.47133515823404437,-0.06403085259843899
202,scenario_70,-0.003590766913853004,178,0.16907188294752018,2.7040237610250193,2.6900834474156134,11,0,0.16907188294752018,-0.003417125549838307
206,scenario_70,0.00030976685387839096,124,3.2088702006660696e-07,1.221314243465438,1.2213139599624734,0,2,3.2088702006660696e-07,-0.017775587271547266
209,scenario_70,-0.0004341676737517119,0,0.0,0.0,0.0,0,3,0.0,-0.3853975703878574
227,scenario_70,0.0001941045642773388,178,0.0024682104205666633,2.6902876841618006,2.6900834474156134,0,1,0.0024682104205666633,-0.013052419194945264
233,scenario_70,-0.0004611475298478035,178,0.010878868877551184,2.690983477070323,2.6900834474156134,1,0,0.010878868877551184,-0.0014894190042538114
240,scenario_70,-2.6339431557338686e-05,178,0.0025445982128644573,2.690294004668067,2.6900834474156134,0,0,0.0025445982128644573,-0.009485401428126261
243,scenario_70,-0.006069972905339324,178,0.18010532231333443,2.7049299967200047,2.6900834474156134,11,1,0.18010532231333443,-0.4558880548203732
245,scenario_70,-0.005724362884469097,178,0.37907970462109475,2.721200437129122,2.6900834474156134,31,1,0.37907970462109475,-0.06768271236932044
249,scenario_70,-0.01494152163433202,178,0.44430630373689795,2.726504571404597,2.6900834474156134,29,1,0.44430630373689795,-0.07260958778762916
250,scenario_70,0.0005307048798602773,178,0.0020914810426333474,2.6902565123796203,2.6900834474156134,0,2,0.0020914810426333474,-0.05750439206294522
254,scenario_70,0.05152646638016665,0,0.0,0.0,0.0,0,40,0.0,-2.08322248550947
255,scenario_70,-3.4621811537537725e-05,178,0.05106046281150256,2.6943041301878585,2.6900834474156134,2,1,0.05106046281150256,-0.04755818186086391
261,scenario_70,-0.003827098391687032,178,0.20102666953440718,2.706647213284663,2.6900834474156134,13,0,0.20102666953440718,-0.001778618050305436
267,scenario_70,-0.0003477097472641617,178,0.00987090402939117,2.6909001039229077,2.6900834474156134,0,4,0.00987090402939117,-0.04819048513762492
270,scenario_70,0.00018755400270584506,178,0.04079739618552125,2.693456523521183,2.6900834474156134,2,1,0.04079739618552125,-0.048921508077394815
273,scenario_70,6.559647879912518e-06,178,0.002500100490738788,2.6902903228240187,2.6900834474156134,0,2,0.002500100490738788,-0.019437505009528455
277,scenario_70,-0.003881220435737865,178,0.3010992130792367,2.714840116953106,2.6900834474156134,23,1,0.3010992130792367,-0.040263637260532725
284,scenario_70,-0.001034803288711235,178,0.03317885518101704,2.692827081497984,2.6900834474156134,2,4,0.03317885518101704,-0.051351507332607405
285,scenario_70,-0.014846795909306267,178,0.4329286640083083,2.7255803982616866,2.6900834474156134,29,1,0.4329286640083083,-0.08094240831997279
289,scenario_70,-0.0074024200742696415,178,0.4224714471348996,2.72473060135709,2.6900834474156134,29,1,0.4224714471348996,-0.08333803892736702
308,scenario_70,-0.001378248743385775,178,0.00850798239416406,2.6907873650076977,2.6900834474156134,0,1,0.00850798239416406,-0.23580653405982455
331,scenario_70,-0.016354230007973963,178,0.49563577424250127,2.730668476032616,2.6900834474156134,31,1,0.49563577424250127,-0.013032796189384355
334,scenario_70,0.008516290499546914,86,3.569247075674298e-08,1.0572839420107145,1.0572839011936916,0,26,3.569247075674298e-08,-0.33858194319236645
348,scenario_70,-0.01005802425677504,178,0.46415891969675727,2.728116093230291,2.6900834474156134,31,1,0.46415891969675727,-0.3377618666778628
351,scenario_70,-0.012998740762008238,178,0.8321515782070676,2.757749634757431,2.6900834474156134,36,4,0.8321515782070676,-0.055921761275782966
356,scenario_70,-0.00703940270454553,178,0.32071189377862197,2.716441748095224,2.6900834474156134,25,0,0.32071189377862197,0.0
358,scenario_70,-0.006217942205461906,178,0.41229779995859417,2.7239034922572634,2.6900834474156134,29,1,0.41229779995859417,-0.05359659630248581
390,scenario_70,-0.008470567861504387,178,0.33806994241255595,2.717858157114379,2.6900834474156134,25,1,0.33806994241255595,-0.02191708395505687
392,scenario_70,0.0004481054641996743,91,0.0013575104154539552,0.594661911851977,0.5927100266000344,0,2,0.0013575104154539552,-0.013558956367031527
394,scenario_70,-0.00019357134831533767,87,0.04667730077870336,1.3870402658864873,1.277813237970788,2,0,0.04667730077870336,-0.0045277218297721245
423,scenario_70,0.005519137179775047,86,3.567832651540925e-08,1.05728394199454,1.0572839011936916,0,17,3.567832651540925e-08,-0.3307331037193828
459,scenario_70,-0.0020608664961615578,178,0.049043149238301,2.6941375536707306,2.6900834474156134,2,1,0.049043149238301,-0.2605020528169453
464,scenario_70,-3.100971189746633e-05,178,0.0018974154259971954,2.690240454578381,2.6900834474156134,0,0,0.0018974154259971954,-0.003098671234699868
469,scenario_70,-0.003896914702418144,178,0.2981372833506235,2.714598121769048,2.6900834474156134,23,1,0.2981372833506235,-0.05323996856993274
486,scenario_70,-0.01507026657071663,178,0.4546876216811029,2.727347433709825,2.6900834474156134,30,1,0.4546876216811029,-0.08190174064271627
493,scenario_70,3.642409142339602e-07,178,0.0007836927145241646,2.6901482979056963,2.6900834474156134,0,0,0.0007836927145241646,-0.004485150970889973
499,scenario_70,-0.004808461850157473,178,0.33773163764076486,2.7178305614698126,2.6900834474156134,29,1,0.33773163764076486,-0.11224668199010457
517,scenario_70,-0.0005114925720848841,86,0.17379847647152147,1.2347327246495707,1.0572839011936916,1,1,0.17379847647152147,-0.031027599913194814
521,scenario_70,-0.02389275391412282,178,0.7815511380844384,2.7537013526248804,2.6900834474156134,36,1,0.7815511380844384,-0.08989760311777606
531,scenario_70,-0.013700196745596709,178,0.4378589194224638,2.7259809226677145,2.6900834474156134,29,0,0.4378589194224638,-0.007066663863625422
533,scenario_70,-0.001324459613175597,178,0.0008189368677165021,2.6901512143042563,2.6900834474156134,0,0,0.0008189368677165021,-0.0009004471643709877
538,scenario_70,0.000261069501042366,86,0.1285378566610491,1.1920512534741254,1.0572839011936916,4,3,0.1285378566610491,-0.06678515649645955
540,scenario_70,0.0020674394091500436,99,5.095372457297742e-10,0.0024451006734904743,0.0024299954117864785,0,6,5.095372457297742e-10,-0.10942630413149956
546,scenario_70,-0.0031037372909783157,178,0.07704258713839351,2.6964482761143858,2.6900834474156134,2,0,0.07704258713839351,-0.005787535755457096
550,scenario_70,0.00013565711834235116,86,0.11783260353529967,1.1816382098866671,1.0572839011936916,4,3,0.11783260353529967,-0.07295589060988872
552,scenario_70,-0.004619895739646396,178,0.18817546017541176,2.705592571473855,2.6900834474156134,12,1,0.18817546017541176,-0.01246905255170816
556,scenario_70,-0.0018886511392355897,178,0.09821624613869062,2.6981938452100347,2.6900834474156134,5,5,0.09821624613869062,-0.09249386731065146
557,scenario_70,0.050032088078792204,0,0.0,0.0,0.0,0,40,0.0,-2.1277821212704353
558,scenario_70,-0.005773729115120368,178,0.2792230840618046,2.713052083660634,2.6900834474156134,23,1,0.2792230840618046,-0.10256064544675803
564,scenario_70,-0.006865414940267219,178,0.41470621984388956,2.7240993265662716,2.6900834474156134,29,1,0.41470621984388956,-0.08420441833346248
565,scenario_70,-0.0021247999310013838,103,1.912126170289241e-05,0.2223669791157464,0.2222910859399638,0,3,1.912126170289241e-05,-0.2727080559416373
569,scenario_70,0.0012148801598690915,99,3.4603747645078897e-10,0.0024402679711684073,0.0024299954117864785,0,2,3.4603747645078897e-10,-0.0682677700565435
594,scenario_70,-0.0025967641739526297,92,0.00016675300092394707,1.2407855704882889,1.2406553059319574,0,1,0.00016675300092394707,-0.48227403385207546
602,scenario_70,-0.0014624044716038045,103,1.2982777111592014e-05,0.22234261913778158,0.2222910859399638,0,3,1.2982777111592014e-05,-0.28729293302498204
612,scenario_70,-0.026118929522259977,178,0.8969301271584555,2.762920122732907,2.6900834474156134,36,1,0.8969301271584555,-0.08147667203977504
614,scenario_70,-0.0019764329053143736,178,0.07086780993301289,2.6959389257471402,2.6900834474156134,2,0,0.07086780993301289,-0.0014233451186043133
625,scenario_70,-0.0025946394688354337,178,0.07342541402970326,2.6961499159514837,2.6900834474156134,2,5,0.07342541402970326,-0.08957087293872212
627,scenario_70,0.0002436481348061934,178,0.0024265077661951295,2.690284233576956,2.6900834474156134,0,2,0.0024265077661951295,-0.03102002748835031
628,scenario_70,-0.003553420785996015,178,0.1784854870193584,2.704796977560245,2.6900834474156134,12,6,0.1784854870193584,-0.12956035800217958
629,scenario_70,-0.0012030847276479472,86,0.051834051783586244,1.1143858369399984,1.0572839011936916,3,1,0.051834051783586244,-0.09620799453843343
648,scenario_70,-0.0017545262550460177,178,0.005119645220222679,2.690507057975272,2.6900834474156134,0,1,0.005119645220222679,-0.12187631113310404
662,scenario_70,-0.02247762976980093,178,0.7341471712244392,2.7499012300683443,2.6900834474156134,36,1,0.7341471712244392,-0.08593213894666518
669,scenario_70,0.005238442353309947,89,0.02616674708186184,0.5820777337810868,0.5020815654692201,2,18,0.02616674708186184,-0.24531874917029484
670,scenario_70,9.25802181090694e-05,88,0.07118099201606376,0.7954753896233209,0.694332005726995,1,1,0.07118099201606376,-0.05787943153286024
673,scenario_70,0.002682137887838064,86,3.601632792005205e-08,1.0572839423810698,1.0572839011936916,0,7,3.601632792005205e-08,-0.10621444773219935
678,scenario_70,-0.004989528289556503,178,0.31654952770420763,2.716101947150222,2.6900834474156134,29,1,0.31654952770420763,-0.08078540412022295
680,scenario_70,-0.0011974693416778464,103,9.631794832332119e-05,0.2226730082812778,0.2222910859399638,0,3,9.631794832332119e-05,-0.2661535948566556
682,scenario_70,-0.005784888872253941,178,0.27922309192228667,2.7130520843034027,2.6900834474156134,23,1,0.27922309192228667,-0.10256064544675825
689,scenario_70,-0.009997414249541238,178,0.4303327606819245,2.7253694789819742,2.6900834474156134,29,1,0.4303327606819245,-0.035737460960254985
694,scenario_70,0.0010745616589951097,0,0.0,0.0,0.0,0,6,0.0,-0.3125660438254143
726,scenario_70,-0.0036712862232493935,178,0.17381109477580026,2.704413070060136,2.6900834474156134,11,6,0.17381109477580026,-0.1456830529347013
736,scenario_70,-0.00014830561482487246,178,0.007853562022521743,2.690733229946813,2.6900834474156134,0,0,0.007853562022521743,0.0
750,scenario_70,-0.015479979291090858,178,0.4491229407375812,2.726895680956417,2.6900834474156134,29,1,0.4491229407375812,-0.042146858931834785
755,scenario_70,0.0005785684571806342,178,0.002089322039999786,2.6902563337354457,2.6900834474156134,0,2,0.002089322039999786,-0.05750439218356773
759,scenario_70,-0.025803205921769025,178,0.8717476626199208,2.7609117217498733,2.6900834474156134,36,1,0.8717476626199208,-0.08337572073803146
761,scenario_70,0.0030048167000741232,86,3.607069176680966e-08,1.0572839424432388,1.0572839011936916,0,10,3.607069176680966e-08,-0.14453057550603532
764,scenario_70,-0.0015808261427859543,178,0.019328789263067137,2.691682264476238,2.6900834474156134,2,1,0.019328789263067137,-0.2677914275631601
767,scenario_70,0.0024700167562117566,91,0.01419789251814274,0.6126975043722799,0.5927100266000344,1,6,0.01419789251814274,-0.11475627161189195
770,scenario_70,0.001286997543365811,91,0.025559401484811062,0.6280578816040673,0.5927100266000344,1,2,0.025559401484811062,-0.06577048960733478
775,scenario_70,-0.016656402528202628,178,0.5083410015383762,2.7316977669120446,2.6900834474156134,31,0,0.5083410015383762,-0.002119801766233831
776,scenario_70,-0.005508746168688871,178,0.2556064968372027,2.7111199412818783,2.6900834474156134,20,7,0.2556064968372027,-0.1729459701644669
780,scenario_70,0.0004343052462785272,86,0.11649747789841247,1.180330494249865,1.0572839011936916,4,3,0.11649747789841247,-0.07659564478681957
789,scenario_70,-0.006952977742568822,178,0.3510795959100719,2.718919061890023,2.6900834474156134,25,1,0.3510795959100719,-0.118233850792824
791,scenario_70,-0.003011263797021238,178,0.06869336596196618,2.695759526251605,2.6900834474156134,2,0,0.06869336596196618,-0.0003648604739523442
809,scenario_70,-0.0031605239379203414,178,0.07303304961046209,2.6961175492494283,2.6900834474156134,2,0,0.07303304961046209,-0.00036486059521623204
810,scenario_70,-0.002751890287385089,178,0.003222455742406538,2.6903500912895693,2.6900834474156134,0,1,0.003222455742406538,-0.45537562452483504
811,scenario_70,-0.00032116174379806034,178,0.002024058689318764,2.690250933587172,2.6900834474156134,0,0,0.002024058689318764,-0.005560517961571199
813,scenario_70,0.00511459709260508,103,0.00016930621266997292,0.22296181352739775,0.2222910859399638,0,22,0.00016930621266997292,-0.4792356917357665
822,scenario_70,-0.0017258583023593529,178,0.052619765921051,2.6944328773275696,2.6900834474156134,2,0,0.052619765921051,-0.0027619533699327903
831,scenario_70,-0.0037327105493815617,178,0.18600469853420165,2.7054143698570994,2.6900834474156134,12,6,0.18600469853420165,-0.13365921942790582
837,scenario_70,0.00027999936067324595,124,3.1552434469617197e-06,1.2213167476090026,1.2213139599624734,0,2,3.1552434469617197e-06,-0.015748260330735064
858,scenario_70,-0.0022693254040626345,103,9.55880646102969e-06,0.22232902982040742,0.2222910859399638,0,3,9.55880646102969e-06,-0.3370455156147061
863,scenario_70,-0.0010454678672052688,0,0.0,0.0,0.0,0,3,0.0,-0.3958566596660229
866,scenario_70,-0.0012426806241737213,178,0.04149978290143963,2.6935145441749047,2.6900834474156134,2,0,0.04149978290143963,-3.678801680662147e-05
873,scenario_70,-0.01491229649760446,178,0.4335866323179367,2.725633855098032,2.6900834474156134,29,1,0.4335866323179367,-0.08072603069508788
878,scenario_70,-0.0035406006057490595,178,0.09470375035247258,2.697904382345825,2.6900834474156134,5,4,0.09470375035247258,-0.04819046363022217
887,scenario_70,-0.007927690610954073,178,0.2422702454859369,2.7100280111888284,2.6900834474156134,16,0,0.2422702454859369,-0.0029367465237366552
895,scenario_70,-0.008951953576997039,178,0.3892471752112101,2.7220281935264103,2.6900834474156134,27,1,0.3892471752112101,-0.034360020167082395
935,scenario_70,-0.0022626221673863476,178,0.07868581123305063,2.6965838011151058,2.6900834474156134,2,0,0.07868581123305063,-0.001131441133061628
938,scenario_70,0.004115788421046455,103,2.783827529695415e-05,0.22240156531647456,0.2222910859399638,0,14,2.783827529695415e-05,-0.43362297001362404
940,scenario_70,-0.001905262553563225,178,0.06606508433779368,2.6955426611938864,2.6900834474156134,2,0,0.06606508433779368,-4.2252854171032084e-07
945,scenario_70,-0.01744652305544866,178,0.668598114834392,2.744634369181542,2.6900834474156134,35,1,0.668598114834392,-0.3174560330828051
952,scenario_70,-0.006907562377411755,178,0.3366615692172239,2.717743273012457,2.6900834474156134,25,1,0.3366615692172239,-0.18447214578824966
958,scenario_70,0.00039855859064345713,86,0.10464549685344049,1.1686317707860931,1.0572839011936916,4,3,0.10464549685344049,-0.0661601381824698
964,scenario_70,2.79995074440958e-05,0,0.0,0.0,0.0,0,0,0.0,-0.005039649519861911
970,scenario_70,-0.005307475573382224,178,0.12516791160120633,2.700413472187329,2.6900834474156134,6,0,0.12516791160120633,-0.0029345330822461158
971,scenario_70,-0.0001832389897381654,86,0.07825134119208266,1.1419716701896325,1.0572839011936916,1,1,0.07825134119208266,-0.061886278036189624
987,scenario_70,-0.0001213919297833927,178,0.007496409724666364,2.690703684897279,2.6900834474156134,0,0,0.007496409724666364,0.0
0,scenario_75,0.008891978870275197,86,3.90619152579319e-08,1.2970675243424687,1.2970674907888846,0,29,3.90619152579319e-08,-0.39247961545519416
2,scenario_75,-0.010285432544279844,178,0.6715910984040256,3.3380715552917732,3.296629404741017,35,1,0.6715910984040256,-0.08206476486831527
9,scenario_75,0.06440280917274277,0,0.0,0.0,0.0,0,40,0.0,-2.85373848174288
12,scenario_75,-0.00038265292701870196,103,0.00016863637947661658,0.27312774536403345,0.2726253109094554,0,3,0.00016863637947661658,-0.3134015190783992
15,scenario_75,0.006321497456232901,86,3.9146680563817426e-08,1.2970675244152807,1.2970674907888846,0,24,3.9146680563817426e-08,-0.2740077897291755
17,scenario_75,0.0016195005745663078,103,0.0029099526547264887,0.2811203376794737,0.2726253109094554,0,3,0.0029099526547264887,-0.2701048635164982
25,scenario_75,-0.008785283442892018,178,0.7175675708982432,3.340882372748817,3.296629404741017,42,1,0.7175675708982432,-0.1523364588875855
27,scenario_75,-0.008237247325223521,178,0.6675221510950813,3.3378226365070978,3.296629404741017,41,1,0.6675221510950813,-0.19359719677112475
28,scenario_75,0.0031539086530345964,103,0.0009768325301173775,0.27551792255468177,0.2726253109094554,0,26,0.0009768325301173775,-0.7697764119388248
57,scenario_75,0.005090233110287227,86,4.008836662627857e-08,1.2970675252241746,1.2970674907888846,0,12,4.008836662627857e-08,-0.1411714539167015
62,scenario_75,0.0016244882672596726,91,0.025471836530473357,0.75342273901029,0.7265174445417305,1,4,0.025471836530473357,-0.08039074206052987
63,scenario_75,-0.021027167096370248,178,0.7628939064697775,3.343650206300247,3.296629404741017,36,1,0.7628939064697775,-0.13363741527434625
73,scenario_75,-0.008845345788564883,178,0.37758012773361216,3.3200180066404332,3.296629404741017,26,0,0.37758012773361216,-0.009726497962843084
90,scenario_75,0.00033812935852422377,124,6.421969667602667e-06,1.4991115944056133,1.4991073358204154,0,2,6.421969667602667e-06,-0.018364183790964717
94,scenario_75,0.0002567536570145749,91,0.0022916771404219993,0.7289952296708191,0.7265174445417305,0,2,0.0022916771404219993,-0.013639670220840117
103,scenario_75,-0.011087724393029696,178,0.689781149783677,3.339184018237785,3.296629404741017,35,1,0.689781149783677,-0.13829018562977735
104,scenario_75,0.00021273930112668317,0,0.0,0.0,0.0,0,2,0.0,-0.012323007639746919
109,scenario_75,-0.03705706745335413,178,1.4624492681809613,3.385967971226219,3.296629404741017,38,1,1.4624492681809613,-0.1314717977761215
114,scenario_75,-0.0011901669417339145,86,0.3777557210090685,1.5778237618153332,1.2970674907888846,3,1,0.3777557210090685,-0.011984173356132888
126,scenario_75,-0.022315251519287004,178,0.7843172315110394,3.344957296949816,3.296629404741017,36,1,0.7843172315110394,-0.08214838974315875
140,scenario_75,-0.000439921947966679,178,0.018862032917290605,3.297803298811656,3.296629404741017,2,0,0.018862032917290605,-1.7077387227670826e-06
143,scenario_75,-7.618027346371672e-05,89,0.004007383197627501,0.6258774304308806,0.615739578813422,0,0,0.004007383197627501,-0.0024582301966171727
144,scenario_75,-0.007777741026526667,178,0.5508854683731386,3.3306762809111152,3.296629404741017,37,1,0.5508854683731386,-0.12645681328467773
150,scenario_75,-0.013883231073895237,178,0.642420989425748,3.33628649217605,3.296629404741017,35,0,0.642420989425748,-0.005890511389625264
152,scenario_75,0.06560773019062599,0,0.0,0.0,0.0,0,40,0.0,-2.9502184893913004
176,scenario_75,0.005611952023696154,91,0.0001894497770758008,0.7267227282385665,0.7265174445417305,0,24,0.0001894497770758008,-0.30479164274711934
177,scenario_75,0.0005438319418897154,87,0.009587103058218305,1.5853844034606475,1.5676547535435652,0,3,0.009587103058218305,-0.21111762412444834
195,scenario_75,-0.014474108181902324,178,0.6176572289199491,3.334770025211654,3.296629404741017,35,0,0.6176572289199491,-0.008306185207369587
197,scenario_75,-0.001578187960163923,178,0.06274294965107785,3.3005320025165146,3.296629404741017,2,0,0.06274294965107785,-1.715348094677438e-06
201,scenario_75,-0.02098324859632354,178,0.768356514527607,3.343983561623644,3.296629404741017,36,1,0.768356514527607,-0.10468032591987031
202,scenario_75,-0.005439142635236611,178,0.27545509224110276,3.3137148246689034,3.296629404741017,22,0,0.27545509224110276,-0.00557714284019184
206,scenario_75,0.0005864675829481567,124,5.663521109866565e-07,1.4991077113848006,1.4991073358204154,0,3,5.663521109866565e-07,-0.02797328290287382
209,scenario_75,0.000601401533455588,0,0.0,0.0,0.0,0,6,0.0,-0.6299969346648986
227,scenario_75,0.0002290083049017703,178,0.0031585625905030668,3.2968260212640006,3.296629404741017,0,1,0.0031585625905030668,-0.0213088050738377
233,scenario_75,-0.0005612002409748966,178,0.018908247393607525,3.2978061742890556,3.296629404741017,2,0,0.018908247393607525,-0.0024311903907605625
240,scenario_75,3.875249114003964e-06,178,0.0032762825164880383,3.296833348863063,3.296629404741017,0,1,0.0032762825164880383,-0.015505823492697024
243,scenario_75,-0.007676316097503528,178,0.29419775127933434,3.3148728834983845,3.296629404741017,23,1,0.29419775127933434,-0.7453775174540223
245,scenario_75,-0.00849986633095739,178,0.6173260836337207,3.334749740211443,3.296629404741017,41,1,0.6173260836337207,-0.11032727009602561
249,scenario_75,-0.02068053371578746,178,0.724183193659254,3.3412865530383566,3.296629404741017,36,1,0.724183193659254,-0.11870727041652751
250,scenario_75,0.0006708358542611822,178,0.002843667727276511,3.2968064201941036,3.296629404741017,0,2,0.002843667727276511,-0.09406506142186788
254,scenario_75,0.07444146199291642,0,0.0,0.0,0.0,0,43,0.0,-3.398324585839884
255,scenario_75,-0.0004477715808020439,178,0.08307604190889961,3.301795331283048,3.296629404741017,2,1,0.08307604190889961,-0.07774187829023527
261,scenario_75,-0.006016155636209296,178,0.32759377902552345,3.3169349322693717,3.296629404741017,24,0,0.32759377902552345,-0.0029030074398104233
267,scenario_75,-0.0004060123739093542,178,0.017575745789869757,3.2977232642650764,3.296629404741017,2,5,0.017575745789869757,-0.07831952031182832
270,scenario_75,-6.853292765840888e-05,178,0.0664030547884451,3.3007594608839783,3.296629404741017,2,1,0.0664030547884451,-0.0799701869142595
273,scenario_75,6.341684644203633e-05,178,0.0033092492219708447,3.2968354009058,3.296629404741017,0,2,0.0033092492219708447,-0.03179657372126121
277,scenario_75,-0.00691773357189598,178,0.4903687169784696,3.326959933228984,3.296629404741017,31,1,0.4903687169784696,-0.06581491867658906
284,scenario_75,-0.0013148098226041765,178,0.05494992908321805,3.300047629717922,3.296629404741017,2,5,0.05494992908321805,-0.08345800855640229
285,scenario_75,-0.020423884100213646,178,0.7056325165845223,3.340153029536215,3.296629404741017,36,1,0.7056325165845223,-0.13233120196393733
289,scenario_75,-0.011558267453214968,178,0.6884551619351313,3.339102941313316,3.296629404741017,35,1,0.6884551619351313,-0.13624763073077206
308,scenario_75,-0.0010316407587056748,178,0.013072351992580167,3.297443035506632,3.296629404741017,1,1,0.013072351992580167,-0.38555493677865416
331,scenario_75,-0.022743626752450247,178,0.8080360613820261,3.3464036084863285,3.296629404741017,36,1,0.8080360613820261,-0.021296511176064126
334,scenario_75,0.012855492351800089,86,3.8838759985893034e-08,1.2970675241507819,1.2970674907888846,0,34,3.8838759985893034e-08,-0.553082216976474
348,scenario_75,-0.014470187431981554,178,0.7570660447770727,3.343294510088971,3.296629404741017,36,1,0.7570660447770727,-0.5522327988410662
351,scenario_75,-0.02048787307382829,178,1.359883947335426,3.3798099028265867,3.296629404741017,38,4,1.359883947335426,-0.09101309620083975
356,scenario_75,-0.010243229349701899,178,0.5225239068459011,3.3289353140545943,3.296629404741017,33,0,0.5225239068459011,0.0
358,scenario_75,-0.010337495734719909,178,0.6716322631472167,3.3380740734215992,3.296629404741017,35,1,0.6716322631472167,-0.08761194308618148
390,scenario_75,-0.012461839433440472,178,0.5509233666257565,3.3306786064329144,3.296629404741017,32,2,0.5509233666257565,-0.03562902674844137
392,scenario_75,0.0006523165532065322,91,0.00220382038831346,0.7289004553178187,0.7265174445417305,0,2,0.00220382038831346,-0.023086478764369645
394,scenario_75,-0.0002940637740261154,87,0.07636339731470809,1.7018617486067722,1.5676547535435652,2,0,0.07636339731470809,-0.007406334685615468
423,scenario_75,0.008644942338453723,86,3.882316490511073e-08,1.297067524137386,1.2970674907888846,0,29,3.882316490511073e-08,-0.5405828929497571
459,scenario_75,-0.002066697991202353,178,0.07911043983022736,3.3015489949677956,3.296629404741017,2,1,0.07911043983022736,-0.42595530541232307
464,scenario_75,-1.0866169802728108e-05,178,0.0022597344941495123,3.296770072023889,3.296629404741017,0,0,0.0022597344941495123,-0.005032438246221904
469,scenario_75,-0.006851526162687107,178,0.4855456237157263,3.3266634958370753,3.296629404741017,31,1,0.4855456237157263,-0.08702997131880297
486,scenario_75,-0.020806937528355163,178,0.7413379291883224,3.342334299800144,3.296629404741017,36,1,0.7413379291883224,-0.1339007302887154
493,scenario_75,4.6655853738076985e-05,178,0.0005726981079092752,3.296665055691762,3.296629404741017,0,0,0.0005726981079092752,-0.00728797762803679
499,scenario_75,-0.007204609784020227,178,0.5497643019931004,3.330607482598496,3.296629404741017,38,1,0.5497643019931004,-0.18316301127591517
517,scenario_75,-0.0006871251184301218,86,0.28434411666166026,1.5150984911729513,1.2970674907888846,1,1,0.28434411666166026,-0.05074925282560894
521,scenario_75,-0.03349026052017114,178,1.2749157020694781,3.374696448339533,3.296629404741017,38,1,1.2749157020694781,-0.14697745322243394
531,scenario_75,-0.019516901991468622,178,0.7149287615348783,3.3407211360624895,3.296629404741017,37,1,0.7149287615348783,-0.011532697507891765
533,scenario_75,-0.0013373982559118885,178,0.0017676518389890816,3.296739440853287,3.296629404741017,0,0,0.0017676518389890816,-0.0007100509112376585
538,scenario_75,0.00090568437627377,86,0.20878054279612668,1.4615615651809524,1.2970674907888846,6,7,0.20878054279612668,-0.10885394643701929
540,scenario_75,0.0033919941637467125,99,5.572280414867237e-10,0.0029368649963453304,0.002924100459985221,0,12,5.572280414867237e-10,-0.17813207547597187
546,scenario_75,-0.0043712554290062985,178,0.12659733343596713,3.304497109427844,3.296629404741017,7,0,0.12659733343596713,-0.009444579702641676
550,scenario_75,0.0008283379951363895,86,0.1914112614386938,1.4488611603409414,1.2970674907888846,6,7,0.1914112614386938,-0.11876756253392584
552,scenario_75,-0.006824176591511467,178,0.30646889836125624,3.315630778185868,3.296629404741017,23,1,0.30646889836125624,-0.020272792351119673
556,scenario_75,-0.0028494292158654424,178,0.1610434057419745,3.306633312417803,3.296629404741017,10,6,0.1610434057419745,-0.1503554253279551
557,scenario_75,0.07312329826179531,0,0.0,0.0,0.0,0,41,0.0,-3.4719663522836335
558,scenario_75,-0.007910607984295114,178,0.4534523462059106,3.324690033456352,3.296629404741017,29,1,0.4534523462059106,-0.16769489700365137
564,scenario_75,-0.01098226041867619,178,0.6756353852491408,3.338318939718861,3.296629404741017,35,1,0.6756353852491408,-0.13766412954710328
565,scenario_75,-0.0014564318530393065,103,3.124737099868824e-05,0.2727185070131798,0.2726253109094554,0,3,3.124737099868824e-05,-0.44597164162368985
569,scenario_75,0.0020562449651138157,99,3.0062485834037034e-10,0.0029309966011424713,0.002924100459985221,0,6,3.0062485834037034e-10,-0.11116016638230874
594,scenario_75,-0.0022351430317211203,92,0.00019221913977407468,1.5207239913336164,1.5206110521177685,0,1,0.00019221913977407468,-0.7886137342239945
602,scenario_75,-0.0008209269152447814,103,2.1219043957909633e-05,0.27268860212370294,0.2726253109094554,0,3,2.1219043957909633e-05,-0.4698250557452319
612,scenario_75,-0.037046409451687835,178,1.4633792817876028,3.3860237379519815,3.296629404741017,38,1,1.4633792817876028,-0.13320608941615042
614,scenario_75,-0.0028000385908995523,178,0.11516501945826363,3.303787697120332,3.296629404741017,6,0,0.11516501945826363,-0.0023211111422463127
625,scenario_75,-0.0034089551174698862,178,0.12090281476231368,3.3041437726564875,3.296629404741017,6,6,0.12090281476231368,-0.14562453293327948
627,scenario_75,0.0003263423362814356,178,0.0032280959265804654,3.296830349441482,3.296629404741017,0,2,0.0032280959265804654,-0.050736589522855424
628,scenario_75,-0.005446576063071844,178,0.29196935999134865,3.314735226821689,3.296629404741017,23,7,0.29196935999134865,-0.21069796851582856
629,scenario_75,-0.0012691283388655866,86,0.08481029554143005,1.3672416137143983,1.2970674907888846,3,1,0.08481029554143005,-0.157306371332121
648,scenario_75,-0.001664521559376386,178,0.008259072493217445,3.297143486895099,3.296629404741017,0,1,0.008259072493217445,-0.19925741164748834
662,scenario_75,-0.03152726307621889,178,1.1972008776692995,3.3700099938249752,3.296629404741017,37,1,1.1972008776692995,-0.14049057928277353
669,scenario_75,0.008081811216215602,89,0.04253467692698987,0.7134972934965914,0.615739578813422,3,29,0.04253467692698987,-0.3993553722286727
670,scenario_75,6.802877107763197e-05,88,0.11639873030315728,0.975869497081968,0.851616262467274,1,1,0.11639873030315728,-0.09467849627645564
673,scenario_75,0.004082337734438711,86,3.9191841105790104e-08,1.297067524454073,1.2970674907888846,0,13,3.9191841105790104e-08,-0.1740810628443903
678,scenario_75,-0.007208354051110219,178,0.515202516547614,3.3284856854238645,3.296629404741017,37,1,0.515202516547614,-0.13162166913297602
680,scenario_75,-0.0005695100291093113,103,0.00015729996973012916,0.27309401028213964,0.2726253109094554,0,3,0.00015729996973012916,-0.4352460629722088
682,scenario_75,-0.007921777011795668,178,0.4534522619554835,3.3246900282735177,3.296629404741017,29,1,0.4534522619554835,-0.1676948970036518
689,scenario_75,-0.014677690751139423,178,0.7011162528791139,3.3398769855172414,3.296629404741017,35,1,0.7011162528791139,-0.05841513079000871
694,scenario_75,0.002411924210849102,0,0.0,0.0,0.0,0,11,0.0,-0.5108776343122954
726,scenario_75,-0.005608995207443019,178,0.2852596818469344,3.3143206947270643,3.296629404741017,23,7,0.2852596818469344,-0.23701622653894683
736,scenario_75,-0.00016226190129620954,178,0.010270740865244932,3.297268685270301,3.296629404741017,1,0,0.010270740865244932,0.0
750,scenario_75,-0.021365889846568113,178,0.7317855206545829,3.341750931339549,3.296629404741017,36,1,0.7317855206545829,-0.0688941025924592
755,scenario_75,0.0007180014388930285,178,0.0028431875802503725,3.296806390306558,3.296629404741017,0,2,0.0028431875802503725,-0.09406506265886216
759,scenario_75,-0.03655652865431807,178,1.4221322780200296,3.3835491924174756,3.296629404741017,38,1,1.4221322780200296,-0.1363118809982251
761,scenario_75,0.004817937888850924,86,3.9251195405043404e-08,1.2970675245050576,1.2970674907888846,0,17,3.9251195405043404e-08,-0.2367296368925338
764,scenario_75,-0.0013099437236880184,178,0.030710644596666725,3.2985404078001386,3.296629404741017,2,1,0.030710644596666725,-0.43787451557816626
767,scenario_75,0.0038445235865485162,91,0.023144196226303926,0.7510199115401094,0.7265174445417305,2,12,0.023144196226303926,-0.18773303226514315
770,scenario_75,0.002079774982734467,91,0.04171130318456173,0.7698964879549964,0.7265174445417305,1,6,0.04171130318456173,-0.10811072009030198
775,scenario_75,-0.023192738035670603,178,0.8288191746665134,3.347670188812911,3.296629404741017,36,0,0.8288191746665134,-0.003459650720922358
776,scenario_75,-0.008423457703430205,178,0.41849692108518255,3.322538705902274,3.296629404741017,29,7,0.41849692108518255,-0.28150325965662404
780,scenario_75,0.001127411990594701,86,0.18924250991168368,1.4472643974410981,1.2970674907888846,6,7,0.18924250991168368,-0.1247123605106617
789,scenario_75,-0.01025695663732197,178,0.5717169995287819,3.3319542077781445,3.296629404741017,33,1,0.5717169995287819,-0.1932894109947001
791,scenario_75,-0.003816332608671743,178,0.1115033018752456,3.303560430523439,3.296629404741017,5,0,0.1115033018752456,-0.0005927479323926121
809,scenario_75,-0.00401853292849171,178,0.11856124248543054,3.3039984660832906,3.296629404741017,6,0,0.11856124248543054,-0.0005927480101548532
810,scenario_75,-0.0024617495798413876,178,0.004833850698055642,3.2969302991657163,3.296629404741017,0,1,0.004833850698055642,-0.7446311761032416
811,scenario_75,-0.0002932979654058581,178,0.0025466066433352808,3.296787929063113,3.296629404741017,0,0,0.0025466066433352808,-0.00909269531625645
813,scenario_75,0.008658386579626007,103,0.00027635251452906573,0.2734479982688459,0.2726253109094554,0,30,0.00027635251452906573,-0.7835835471420052
822,scenario_75,-0.0023281749831346094,178,0.08553693325211142,3.3019481846435026,3.296629404741017,2,0,0.08553693325211142,-0.004495510605049269
831,scenario_75,-0.005718362213841872,178,0.30430402681397695,3.315497088286022,3.296629404741017,23,7,0.30430402681397695,-0.21737474628771647
837,scenario_75,0.0005242746521149529,124,5.2100655385523e-06,1.4991107907598586,1.4991073358204154,0,3,5.2100655385523e-06,-0.02466694735936059
858,scenario_75,-0.0017698379368417663,103,1.5625308679378946e-05,0.2726719193768299,0.2726253109094554,0,3,1.5625308679378946e-05,-0.5511916529561811
863,scenario_75,-0.00026102525756065733,0,0.0,0.0,0.0,0,3,0.0,-0.6471089738435654
866,scenario_75,-0.0017320739902644418,178,0.06768282664918246,3.300838987525022,3.296629404741017,2,0,0.06768282664918246,-6.031214797053153e-05
873,scenario_75,-0.02053657321813237,178,0.7067429406635171,3.340220896218397,3.296629404741017,36,1,0.7067429406635171,-0.13197807398043082
878,scenario_75,-0.004542359463725821,178,0.15466687895304787,3.3062380123251476,3.296629404741017,10,5,0.15466687895304787,-0.07831949484618983
887,scenario_75,-0.011132028808263713,178,0.3961719914871331,3.3211636996084373,3.296629404741017,28,0,0.3961719914871331,-0.004792514625040933
895,scenario_75,-0.013376999033594388,178,0.6339448601252826,3.3357675451534803,3.296629404741017,35,1,0.6339448601252826,-0.05616306377786584
935,scenario_75,-0.0031818259532554074,178,0.1277315900080822,3.3045674821155626,3.296629404741017,7,0,0.1277315900080822,-0.0018444774968253697
938,scenario_75,0.00686730350923317,103,4.54558477560596e-05,0.2727608694249059,0.2726253109094554,0,26,4.54558477560596e-05,-0.7089221896130411
940,scenario_75,-0.0027038412198391744,178,0.10797893907593803,3.303341668255506,3.296629404741017,5,0,0.10797893907593803,-1.7079716801982059e-06
945,scenario_75,-0.02533413135542872,178,1.0922175155311535,3.363664633459551,3.296629404741017,36,1,1.0922175155311535,-0.5188722952597382
952,scenario_75,-0.009636041585701869,178,0.5474173223626302,3.3304634580685306,3.296629404741017,32,1,0.5474173223626302,-0.3016332751646935
958,scenario_75,0.00107302568895102,86,0.1699784870655483,1.4329714531020097,1.2970674907888846,6,7,0.1699784870655483,-0.10763659633094713
964,scenario_75,7.756216837454121e-05,0,0.0,0.0,0.0,0,0,0.0,-0.007729340090747883
970,scenario_75,-0.007097802720893058,178,0.20570338091202345,3.309400066352453,3.296629404741017,13,0,0.20570338091202345,-0.004788900102712379
971,scenario_75,-0.00019705814696021845,86,0.12803560890394738,1.4011408976980018,1.2970674907888846,1,1,0.12803560890394738,-0.1012088338475503
987,scenario_75,-0.00014674630151316525,178,0.009926209127812058,3.297247243434164,3.296629404741017,0,0,0.009926209127812058,0.0
0,scenario_78,0.017309908845800092,86,4.41892105129682e-08,1.7568261248189094,1.7568260999973564,0,37,4.41892105129682e-08,-0.8144426632064139
2,scenario_78,-0.02172743922678952,178,1.3885491186464378,4.518784830185425,4.462710982784518,38,1,1.3885491186464378,-0.17002921499111556
9,scenario_78,0.11873816243664805,0,0.0,0.0,0.0,0,43,0.0,-5.908214187668129
12,scenario_78,0.0011861981079505058,103,0.00034924354246612666,0.3698691228203896,0.36918850777008294,0,5,0.00034924354246612666,-0.6494149033342485
15,scenario_78,0.012284130519154947,86,4.4285169309432604e-08,1.7568261248728105,1.7568260999973564,0,35,4.4285169309432604e-08,-0.5689766621956096
17,scenario_78,0.00608455284361972,103,0.006023488219930151,0.3806905158154577,0.36918850777008294,0,10,0.006023488219930151,-0.5596916345314624
25,scenario_78,-0.0177284130449401,178,1.4823665090792986,4.522538424864592,4.462710982784518,44,1,1.4823665090792986,-0.3156692881565024
27,scenario_78,-0.016474619631284732,178,1.3790238950621472,4.518403485812624,4.462710982784518,44,1,1.3790238950621472,-0.4008729327183449
28,scenario_78,0.011509627777539775,103,0.002022124956936544,0.3731052371427932,0.36918850777008294,0,36,0.002022124956936544,-1.5951061199793308
57,scenario_78,0.008182777943176334,86,4.5352635869022606e-08,1.756826125472418,1.7568260999973564,0,26,4.5352635869022606e-08,-0.29476397442773106
62,scenario_78,0.0033148577701043107,91,0.052732069265391424,1.0199906380943164,0.9835421878888918,1,13,0.052732069265391424,-0.1682715866266733
63,scenario_78,-0.037160531860202205,178,1.5786819264195415,4.526387432657783,4.462710982784518,38,1,1.5786819264195415,-0.2769058172981258
73,scenario_78,-0.01648607860513276,178,0.7810381522402992,4.494372179209192,4.462710982784518,36,2,0.7810381522402992,-0.02013078463430995
90,scenario_78,0.0007982067773039453,124,1.3368360070931118e-05,2.0309362089788925,2.0309304137848603,0,3,1.3368360070931118e-05,-0.035046214835944056
94,scenario_78,0.0005898604916228214,91,0.00474365742280769,0.9868984603839984,0.9835421878888918,0,2,0.00474365742280769,-0.030032046397174383
103,scenario_78,-0.02271125280643243,178,1.4264641345095583,4.520302319586824,4.462710982784518,38,1,1.4264641345095583,-0.2865455817264029
104,scenario_78,0.00047833757188078016,86,1.5558334176546396e-08,1.7568261087366395,1.7568260999973564,0,2,1.5558334176546396e-08,-0.022480102030080218
109,scenario_78,-0.06729103181586239,178,3.0276835970014844,4.5837490347070515,4.462710982784518,39,1,3.0276835970014844,-0.27241873437850606
114,scenario_78,-0.0021256155671224696,86,0.7832166608363407,2.1374316697319324,1.7568260999973564,3,1,0.7832166608363407,-0.024844241060534955
126,scenario_78,-0.039328285126749546,178,1.6230974895081403,4.528160848138168,4.462710982784518,38,1,1.6230974895081403,-0.17021079090316826
140,scenario_78,-0.0008111017817513784,178,0.03981673162763144,4.464332657383904,4.462710982784518,2,0,0.03981673162763144,-4.4499395279729015e-07
143,scenario_78,-5.6918971441220495e-05,89,0.008275298546180254,0.847520015416593,0.8338259775006581,0,0,0.008275298546180254,-0.00507152700045177
144,scenario_78,-0.014527333956999936,178,1.1372626417894907,4.508709395579965,4.462710982784518,43,1,1.1372626417894907,-0.2619557450283818
150,scenario_78,-0.026622374558278244,178,1.3298164692455998,4.516432737901,4.462710982784518,39,1,1.3298164692455998,-0.012194929830054324
152,scenario_78,0.12151262337790161,0,0.0,0.0,0.0,0,43,0.0,-6.107975982853766
176,scenario_78,0.012353301982010248,91,0.0003942937123224688,0.9838217729547457,0.9835421878888918,0,36,0.0003942937123224688,-0.6318845685530547
177,scenario_78,0.001285302787671797,87,0.01979468716109256,2.1472950001823783,2.1233568443601567,2,4,0.01979468716109256,-0.4361504949990307
195,scenario_78,-0.027208471442831332,178,1.278872634155384,4.514391177946758,4.462710982784518,38,1,1.278872634155384,-0.017195811300820374
197,scenario_78,-0.0028349882622967708,178,0.1299087886552428,4.4679989283010215,4.462710982784518,7,0,0.1299087886552428,-5.104178124604175e-07
201,scenario_78,-0.037498202358417096,178,1.5898988076646674,4.526835389791552,4.462710982784518,38,1,1.5898988076646674,-0.21690106184013125
202,scenario_78,-0.010565052017883748,178,0.5693202835321927,4.485820598838666,4.462710982784518,33,1,0.5693202835321927,-0.011546060062012309
206,scenario_78,0.0013369109604038532,124,1.2214532132404088e-06,2.0309309432866973,2.0309304137848603,0,6,1.2214532132404088e-06,-0.05508766854013203
209,scenario_78,0.0034461460665798516,0,0.0,0.0,0.0,0,15,0.0,-1.3052871502521373
227,scenario_78,0.0003048679973728722,178,0.00456245255172405,4.462896846351763,4.462710982784518,0,1,0.00456245255172405,-0.0441235642994291
233,scenario_78,-0.000855605872329441,178,0.042228258994953194,4.464430848721351,4.462710982784518,2,0,0.042228258994953194,-0.005034106337375999
240,scenario_78,6.547090845438651e-05,178,0.004707673056032036,4.4629027621149975,4.462710982784518,0,1,0.004707673056032036,-0.032131391980998236
243,scenario_78,-0.012129900510802863,178,0.6087887226779074,4.487416514650776,4.462710982784518,35,1,0.6087887226779074,-1.544519074385439
245,scenario_78,-0.016195501192823633,178,1.2748879392392354,4.514231437901276,4.462710982784518,44,1,1.2748879392392354,-0.22826597231460566
249,scenario_78,-0.03657663177618187,178,1.4982300926755414,4.5231726892567,4.462710982784518,38,1,1.4982300926755414,-0.24596772400771894
250,scenario_78,0.0010404689299473538,178,0.004720019552038934,4.46290326506652,4.462710982784518,0,2,0.004720019552038934,-0.19500983848428577
254,scenario_78,0.1378527392004252,0,0.0,0.0,0.0,0,45,0.0,-7.0344995417128615
255,scenario_78,-0.0015997317391076358,178,0.17129186392629947,4.469681590084133,4.462710982784518,11,1,0.17129186392629947,-0.1610741423333737
261,scenario_78,-0.012089905370266992,178,0.6775368671150588,4.490194466475773,4.462710982784518,35,0,0.6775368671150588,-0.00600998959948873
267,scenario_78,-0.0005771795945232734,178,0.03917464071278687,4.464306512544864,4.462710982784518,2,7,0.03917464071278687,-0.16176191266049766
270,scenario_78,-0.0007850820135625545,178,0.13687313066792228,4.4682821648993185,4.462710982784518,8,1,0.13687313066792228,-0.1656907051705483
273,scenario_78,0.0002032891891434556,89,0.005554220611989624,0.8430514902378081,0.8338259775006581,0,2,0.005554220611989624,-0.06592255802920621
277,scenario_78,-0.01533321970150678,178,1.0136327200930566,4.503740814505818,4.462710982784518,36,1,1.0136327200930566,-0.13635889600949858
284,scenario_78,-0.002101590749915107,178,0.11569448274819649,4.467420760970448,4.462710982784518,6,7,0.11569448274819649,-0.17237642198477143
285,scenario_78,-0.035873175577241345,178,1.4597626748791868,4.52163445376928,4.462710982784518,38,1,1.4597626748791868,-0.2741981491460561
289,scenario_78,-0.023070972177442747,178,1.4240301831921727,4.520204925901829,4.462710982784518,38,1,1.4240301831921727,-0.28231308738864147
308,scenario_78,-8.251555429270957e-05,178,0.02542263249407739,4.463746502925348,4.462710982784518,2,1,0.02542263249407739,-0.798934460490877
331,scenario_78,-0.04043588614707336,178,1.672145622316279,4.530118102812381,4.462710982784518,38,1,1.672145622316279,-0.04411503350968449
334,scenario_78,0.024837984077537664,86,4.393656949375213e-08,1.7568261246769983,1.7568260999973564,0,38,4.393656949375213e-08,-1.146826599278235
348,scenario_78,-0.026689206585459996,178,1.5663191587954373,4.5258936415189135,4.462710982784518,38,1,1.5663191587954373,-1.1442893926554434
351,scenario_78,-0.04121657280707697,178,2.8193517363471514,4.575563699939088,4.462710982784518,39,4,2.8193517363471514,-0.18813773322505423
356,scenario_78,-0.01911980408701126,178,1.0811727304575385,4.506456140329133,4.462710982784518,37,0,1.0811727304575385,0.0
358,scenario_78,-0.021749097286338104,178,1.3886526980012306,4.518788976759521,4.462710982784518,38,1,1.3886526980012306,-0.1815228383405465
390,scenario_78,-0.023517598055014504,178,1.1391711194304364,4.5087860355985985,4.462710982784518,37,2,1.1391711194304364,-0.0735910688786805
392,scenario_78,0.0011950936197073895,91,0.004549093447042463,0.9867611150206453,0.9835421878888918,0,2,0.004549093447042463,-0.04968585541747217
394,scenario_78,-0.0005921459158736979,87,0.15832176689207533,2.3052963580615393,2.1233568443601567,2,1,0.15832176689207533,-0.015354152435701263
423,scenario_78,0.01726955315979535,86,4.391880548126892e-08,1.75682612466702,1.7568260999973564,0,37,4.391880548126892e-08,-1.1199668556607376
459,scenario_78,-0.002094837090258952,178,0.16212257785859663,4.46930883764857,4.462710982784518,10,1,0.16212257785859663,-0.8826760938839233
464,scenario_78,2.1957731949863956e-05,178,0.003111403408986746,4.462837735203754,4.462710982784518,0,1,0.003111403408986746,-0.010385606328678687
469,scenario_78,-0.015040307488157763,178,1.0036856570592008,4.503340716886577,4.462710982784518,36,1,1.0036856570592008,-0.1803182652303037
486,scenario_78,-0.03669003984054539,178,1.5339768545764656,4.5246014749163415,4.462710982784518,38,1,1.5339768545764656,-0.27745155208877614
493,scenario_78,0.00015188239236350637,91,0.000530737085299382,0.9839184960707404,0.9835421878888918,0,1,0.000530737085299382,-0.015049604781739445
499,scenario_78,-0.013853963759155596,178,1.135223423739255,4.5086275033153065,4.462710982784518,43,1,1.135223423739255,-0.37918981135325214
517,scenario_78,-0.0011890158971379278,86,0.5895206247276148,2.0523953423215158,1.7568260999973564,1,1,0.5895206247276148,-0.10520292599009529
521,scenario_78,-0.06005521804013045,178,2.638596809130192,4.568445213668909,4.462710982784518,39,1,2.638596809130192,-0.30455234598979697
531,scenario_78,-0.035620212690964694,178,1.4806729030220325,4.522470703045739,4.462710982784518,39,1,1.4806729030220325,-0.02387472550308045
533,scenario_78,-0.0013776461734425975,178,0.004673855507448366,4.462901384510167,4.462710982784518,0,0,0.004673855507448366,-5.932464758551248e-05
538,scenario_78,0.002669606708578416,86,0.43107623374989057,1.9789770411365888,1.7568260999973564,6,17,0.43107623374989057,-0.22815033456641487
540,scenario_78,0.007053864177501527,99,1.059402343628335e-09,0.003907460245850472,0.0038911911799680956,0,27,1.059402343628335e-09,-0.36844939284691236
546,scenario_78,-0.007887144693907932,178,0.2637848959762863,4.473439212188843,4.462710982784518,21,1,0.2637848959762863,-0.019551303839470346
550,scenario_78,0.0027263995245186377,86,0.3952370880011338,1.9618330409431748,1.7568260999973564,6,17,0.3952370880011338,-0.2455414814527045
552,scenario_78,-0.012934912257813963,178,0.6334805043027316,4.488414528847008,4.462710982784518,35,2,0.6334805043027316,-0.04187508935296114
556,scenario_78,-0.0055226478258733405,178,0.33531819016578623,4.476342296464944,4.462710982784518,25,7,0.33531819016578623,-0.31058491683363076
557,scenario_78,0.13701176369744458,0,0.0,0.0,0.0,0,45,0.0,-7.187826180605768
558,scenario_78,-0.013837434171036467,178,0.9355306148205003,4.500597998147366,4.462710982784518,36,1,0.9355306148205003,-0.3474971147206607
564,scenario_78,-0.022386237019285445,178,1.3971103246059542,4.519127541463851,4.462710982784518,38,1,1.3971103246059542,-0.28524823866172966
565,scenario_78,0.0003862336324963253,103,6.474613377527305e-05,0.36931481936698185,0.36918850777008294,0,9,6.474613377527305e-05,-0.9242207841264256
569,scenario_78,0.004381482026155922,99,5.396965097048678e-10,0.0038994910834769607,0.0038911911799680956,0,16,5.396965097048678e-10,-0.22987806732214722
594,scenario_78,-0.0012467632211428136,92,0.00017915712374616533,2.058938281270618,2.0588694097442484,0,2,0.00017915712374616533,-1.6342195706638925
602,scenario_78,0.0009477670976637164,103,4.397457895510826e-05,0.3692743032551573,0.36918850777008294,0,7,4.397457895510826e-05,-0.9736564268154924
612,scenario_78,-0.06729370103534556,178,3.029608762358265,4.583824578832591,4.462710982784518,39,1,3.029608762358265,-0.2760125418282797
614,scenario_78,-0.0050951040466516275,178,0.2373901360409505,4.472367349285949,4.462710982784518,15,0,0.2373901360409505,-0.004800210689424933
625,scenario_78,-0.005674692900604103,178,0.25298911764383547,4.473000850665028,4.462710982784518,18,7,0.25298911764383547,-0.3008375785789159
627,scenario_78,0.0005348431830642512,89,0.005714433441411648,0.8433155090246602,0.8338259775006581,0,2,0.005714433441411648,-0.10517833290414536
628,scenario_78,-0.01069707646936318,178,0.6063131130039068,4.487316436136071,4.462710982784518,35,7,0.6063131130039068,-0.4353377471933082
629,scenario_78,-0.0014688408223961014,86,0.17584415342344162,1.8519671512865428,1.7568260999973564,3,1,0.17584415342344162,-0.32603315040328273
648,scenario_78,-0.0014188323556749384,178,0.01634496529909768,4.463376788037434,4.462710982784518,1,1,0.01634496529909768,-0.41287685380566286
662,scenario_78,-0.056581092939046326,178,2.477286272348948,4.5620793471979155,4.462710982784518,39,1,2.477286272348948,-0.29110681739271493
669,scenario_78,0.01594379426322214,89,0.08785949221684297,0.965937071865356,0.8338259775006581,3,36,0.08785949221684297,-0.8269214048956073
670,scenario_78,-1.7933645213022827e-05,88,0.24125549092721732,1.3217571562582813,1.1533329375468762,1,1,0.24125549092721732,-0.19628149796481864
673,scenario_78,0.007933677475355914,86,4.433625155897403e-08,1.756826124901504,1.7568260999973564,0,27,4.433625155897403e-08,-0.36219197608537
678,scenario_78,-0.013364984290033695,178,1.0634296531885852,4.50574303336368,4.462710982784518,42,1,1.0634296531885852,-0.2722465297483324
680,scenario_78,0.001157127945940243,103,0.0003257795843110145,0.36982345057755794,0.36918850777008294,0,5,0.0003257795843110145,-0.9019859036550799
682,scenario_78,-0.01384878602521983,178,0.9355304546516265,4.500597991699045,4.462710982784518,36,1,0.9355304546516265,-0.3474971147206607
689,scenario_78,-0.027642770335181036,178,1.449879131500353,4.521239112220671,4.462710982784518,38,1,1.449879131500353,-0.12102590968230498
694,scenario_78,0.00609198704421043,0,0.0,0.0,0.0,0,24,0.0,-1.0584113603131868
726,scenario_78,-0.0109764503520109,178,0.5936623315444507,4.486804969316137,4.462710982784518,34,7,0.5936623315444507,-0.48983437616936243
736,scenario_78,-0.00020612967693991958,178,0.015374350188089636,4.463337254324438,4.462710982784518,1,0,0.015374350188089636,0.0
750,scenario_78,-0.037668423954194064,178,1.5134301195620097,4.523780306258256,4.462710982784518,38,1,1.5134301195620097,-0.14273953086133329
755,scenario_78,0.0010859778141272254,178,0.004721459078616874,4.462903323707613,4.462710982784518,0,2,0.004721459078616874,-0.19500983797998295
759,scenario_78,-0.06631888851667486,178,2.9435382357582185,4.580445438283937,4.462710982784518,39,1,2.9435382357582185,-0.282449152512791
761,scenario_78,0.009812218596241087,86,4.4403493326683474e-08,1.7568261249392743,1.7568260999973564,0,32,4.4403493326683474e-08,-0.4920632109078582
764,scenario_78,-0.0005726276634616078,178,0.062035475495342496,4.465237234451792,4.462710982784518,2,1,0.062035475495342496,-0.9073754969654826
767,scenario_78,0.007628235981286619,91,0.04788134630793417,1.016713914309818,0.9835421878888918,2,28,0.04788134630793417,-0.38976506115685794
770,scenario_78,0.004250910656754975,91,0.08634773608928858,1.0423046930450215,0.9835421878888918,1,16,0.08634773608928858,-0.22586668009721933
775,scenario_78,-0.04128965992466558,178,1.7152358353255082,4.531836631650594,4.462710982784518,38,0,1.7152358353255082,-0.007162104146769099
776,scenario_78,-0.01649651526834129,178,0.8690890505087481,4.497921979379871,4.462710982784518,36,7,0.8690890505087481,-0.5819329694160054
780,scenario_78,0.003025881137184799,86,0.39075899484978205,1.9596761232567241,1.7568260999973564,6,17,0.39075899484978205,-0.2578550712641492
789,scenario_78,-0.01941387421071192,178,1.1818848730542513,4.510500843532959,4.462710982784518,37,1,1.1818848730542513,-0.40049687092954755
791,scenario_78,-0.0060591088246615835,178,0.23001688849238633,4.4720678653364105,4.462710982784518,15,0,0.23001688849238633,-0.001221253443404624
809,scenario_78,-0.006408708066323306,178,0.24461213309371743,4.472660662580927,4.462710982784518,16,0,0.24461213309371743,-0.001221255385845943
810,scenario_78,-0.001669642969213659,178,0.009093645214875323,4.463081425739772,4.462710982784518,0,1,0.009093645214875323,-1.5430781040225485
811,scenario_78,-0.0002415154585040873,178,0.003932639484162337,4.462871189896027,4.462710982784518,0,1,0.003932639484162337,-0.018844902856727908
813,scenario_78,0.01843991310969228,103,0.0005721733994930034,0.3703026591686423,0.36918850777008294,0,37,0.0005721733994930034,-1.623724195658688
822,scenario_78,-0.004003918212429853,178,0.17642113711868035,4.4698900877820815,4.462710982784518,11,0,0.17642113711868035,-0.009289600450610447
831,scenario_78,-0.011224051541756958,178,0.6319244849684367,4.488351645457946,4.462710982784518,35,7,0.6319244849684367,-0.4491462031253821
837,scenario_78,0.0011843458770012948,124,1.0856016376958877e-05,2.0309351198777996,2.0309304137848603,0,5,1.0856016376958877e-05,-0.04819955577425361
858,scenario_78,-0.0003957408809330082,103,3.238740457645051e-05,0.3692516991009612,0.36918850777008294,0,3,3.238740457645051e-05,-1.1422827141772323
863,scenario_78,0.0018907507487075641,0,0.0,0.0,0.0,0,10,0.0,-1.3407585500438852
866,scenario_78,-0.003092153914609109,178,0.1401647671421813,4.468416025499244,4.462710982784518,8,0,0.1401647671421813,-0.00012250805235991535
873,scenario_78,-0.03611514798256743,178,1.462150208634128,4.521729947817739,4.462710982784518,38,1,1.462150208634128,-0.27346714155278695
878,scenario_78,-0.007331847002986586,178,0.32127432847315873,4.475772552847115,4.462710982784518,24,7,0.32127432847315873,-0.1617619051803727
887,scenario_78,-0.020002235681153484,178,0.8212240137306708,4.495992771841337,4.462710982784518,36,0,0.8212240137306708,-0.009921082104117573
895,scenario_78,-0.025635958515296108,178,1.3106090178577219,4.515663156407771,4.462710982784518,38,2,1.3106090178577219,-0.116359340807072
935,scenario_78,-0.005742705720137921,178,0.26351420365659095,4.473428221488704,4.462710982784518,20,0,0.26351420365659095,-0.0038132553117815604
938,scenario_78,0.014455391200457468,103,9.414250959816073e-05,0.36937214805522345,0.36918850777008294,0,37,9.414250959816073e-05,-1.468918804731448
940,scenario_78,-0.004919870183969964,178,0.22394059696078727,4.471821039579937,4.462710982784518,15,0,0.22394059696078727,-4.6889786542436696e-07
945,scenario_78,-0.04715568273995316,178,2.261843892383517,4.5535578071469285,4.462710982784518,39,1,2.261843892383517,-1.0749767282620533
952,scenario_78,-0.01720150424991979,178,1.1303801177458936,4.508432994288973,4.462710982784518,37,1,1.1303801177458936,-0.625049368740394
958,scenario_78,0.002921643301362987,86,0.35096790551652735,1.9403625180741348,1.7568260999973564,6,17,0.35096790551652735,-0.22316322567555602
964,scenario_78,0.00020488014737854248,0,0.0,0.0,0.0,0,2,0.0,-0.01452275444795248
970,scenario_78,-0.012053491231766064,178,0.427769886273353,4.480090426154127,4.462710982784518,29,0,0.427769886273353,-0.009913599257950878
971,scenario_78,-0.0002528110596830957,86,0.2654652001542792,1.8979242647500454,1.7568260999973564,1,1,0.2654652001542792,-0.2097895863777287
987,scenario_78,-0.0002079323595588794,178,0.015086365838207882,4.463325524461549,4.462710982784518,1,0,0.015086365838207882,0.0
0,scenario_89,0.0061405332126182035,86,3.63307344208863e-08,1.084694319648109,1.084694279563572,0,21,3.63307344208863e-08,-0.25501566140565757
2,scenario_89,-0.006554028674530797,178,0.4373867730640768,2.791647486394701,2.756982356058529,29,1,0.4373867730640768,-0.053415592157959324
9,scenario_89,0.04669423123494186,0,0.0,0.0,0.0,0,39,0.0,-1.8577811176159678
12,scenario_89,-0.0008949733294263715,103,0.00010977829838054731,0.22840605030932287,0.22798593735841347,0,3,0.00010977829838054731,-0.20398487872104476
15,scenario_89,0.00437084762544313,86,3.640957380035559e-08,1.0846943197350942,1.084694279563572,0,13,3.640957380035559e-08,-0.17793280448075777
17,scenario_89,0.00017017294200183822,103,0.0018946133172281776,0.23509022400928795,0.22798593735841347,0,3,0.0018946133172281776,-0.17580484796016727
25,scenario_89,-0.005878926916287513,178,0.4678838227305526,2.7940421203164876,2.756982356058529,36,1,0.4678838227305526,-0.09917069402519496
27,scenario_89,-0.005560873500446323,178,0.4352778812224365,2.791481789496779,2.756982356058529,33,1,0.4352778812224365,-0.12605304183628496
28,scenario_89,0.0004327672267969465,103,0.0006359848127606149,0.23040494965687813,0.22798593735841347,0,15,0.0006359848127606149,-0.5010267499468359
57,scenario_89,0.00407742444801901,86,3.7285264653519334e-08,1.084694320701264,1.084694279563572,0,7,3.7285264653519334e-08,-0.09136696312971537
62,scenario_89,0.0010666313778565964,91,0.01658410611275718,0.6301199276316612,0.6076227052281121,1,2,0.01658410611275718,-0.05195798300022503
63,scenario_89,-0.015763692838750894,178,0.49651155624965426,2.796287363677377,2.756982356058529,31,1,0.49651155624965426,-0.08698211679553491
73,scenario_89,-0.0063588241998223825,178,0.24596519750295087,2.7765508971952166,2.756982356058529,16,0,0.24596519750295087,-0.006332432416247258
90,scenario_89,0.0001834177099474473,124,4.165378476361781e-06,1.2534851533487958,1.2534816047881487,0,2,4.165378476361781e-06,-0.012575606623752122
94,scenario_89,0.0001410922585327644,91,0.0014929247271351365,0.6096957306583594,0.6076227052281121,0,0,0.0014929247271351365,-0.008111793891870889
103,scenario_89,-0.007297638022291008,178,0.44920117512666025,2.7925754965348646,2.756982356058529,29,1,0.44920117512666025,-0.09001062389192072
104,scenario_89,0.00012045760347286703,0,0.0,0.0,0.0,0,0,0.0,-0.008659617089321614
109,scenario_89,-0.02720110452387214,178,0.9518817168502736,2.831667616746716,2.756982356058529,36,1,0.9518817168502736,-0.08557253972002421
114,scenario_89,-0.0008917805038484511,86,0.24589364995799667,1.3194380763344198,1.084694279563572,3,0,0.24589364995799667,-0.007801041377954787
126,scenario_89,-0.016764752344257082,178,0.5104053806325055,2.797376132713081,2.756982356058529,31,1,0.5104053806325055,-0.053469433908339026
140,scenario_89,-0.0003210912718100008,178,0.012104751909159717,2.7579499395747464,2.756982356058529,1,0,0.012104751909159717,-4.2530809385432633e-07
143,scenario_89,-8.93036227185512e-05,89,0.0026114228791562777,0.5234316242285384,0.5149467168935803,0,0,0.0026114228791562777,-0.0016010981916942946
144,scenario_89,-0.005586599164911197,178,0.3593489346667269,2.7855068089258945,2.756982356058529,29,1,0.3593489346667269,-0.08232862083942605
150,scenario_89,-0.009732314898555517,178,0.4180907255033084,2.790130870636059,2.756982356058529,29,0,0.4180907255033084,-0.0038350269488560684
152,scenario_89,0.047387750453123476,0,0.0,0.0,0.0,0,39,0.0,-1.9205852984803897
176,scenario_89,0.003414834493550821,91,0.0001237720320825808,0.6077949473947483,0.6076227052281121,0,14,0.0001237720320825808,-0.19829174190356014
177,scenario_89,0.00029704154211853166,87,0.006245709738743055,1.3258117025835066,1.3109759200809594,0,2,0.006245709738743055,-0.1375330389666649
195,scenario_89,-0.010325689832701117,178,0.4019398000288561,2.788860564876482,2.756982356058529,29,0,0.4019398000288561,-0.005407779866558382
197,scenario_89,-0.0011704329294303898,178,0.040824412202237426,2.760243722982867,2.756982356058529,2,0,0.040824412202237426,-4.806834439374796e-07
201,scenario_89,-0.015596816364529545,178,0.5001115894209001,2.7965695319249817,2.756982356058529,31,1,0.5001115894209001,-0.06813481595427051
202,scenario_89,-0.0037679093382260763,178,0.17928696445979853,2.771265203463317,2.756982356058529,11,0,0.17928696445979853,-0.00363101790279563
206,scenario_89,0.0003378093559456756,124,3.556058612019797e-07,1.2534819077357102,1.2534816047881487,0,3,3.556058612019797e-07,-0.01883365795354308
209,scenario_89,-0.00032675137718231415,0,0.0,0.0,0.0,0,3,0.0,-0.41006265887807425
227,scenario_89,0.00019803674198372756,178,0.0025484450762114363,2.7571861034536727,2.756982356058529,0,1,0.0025484450762114363,-0.013874232922634011
233,scenario_89,-0.0004706173081222223,178,0.011657674845032773,2.7579142112845694,2.756982356058529,2,0,0.011657674845032773,-0.0015828831619493222
240,scenario_89,-2.260194835113361e-05,178,0.002630489441660444,2.7571926625250756,2.756982356058529,0,1,0.002630489441660444,-0.010094148572614925
243,scenario_89,-0.0062304314699696845,178,0.19158048221288837,2.7722407919581293,2.756982356058529,12,1,0.19158048221288837,-0.48514860430422746
245,scenario_89,-0.005999164461491513,178,0.4025645278482095,2.7889097161529235,2.756982356058529,33,1,0.4025645278482095,-0.07184738784065248
249,scenario_89,-0.015495872515923926,178,0.4714052832221647,2.794318441043082,2.756982356058529,31,1,0.4714052832221647,-0.07726452999850375
250,scenario_89,0.0005453430299427127,178,0.002166832448175171,2.757155594984049,2.756982356058529,0,2,0.002166832448175171,-0.06123119761579077
254,scenario_89,0.05377043702787789,0,0.0,0.0,0.0,0,40,0.0,-2.2123975255119745
255,scenario_89,-7.429816032992676e-05,178,0.05418745614723264,2.761310094141582,2.756982356058529,2,1,0.05418745614723264,-0.05060173197412121
261,scenario_89,-0.004038191694854642,178,0.21324476250365976,2.7739588561733997,2.756982356058529,14,0,0.21324476250365976,-0.0018900043265235311
267,scenario_89,-0.00035860371072299313,178,0.01096963767191994,2.757859225333032,2.756982356058529,1,4,0.01096963767191994,-0.0510244087659566
270,scenario_89,0.00016279283457295969,178,0.04331359134554447,2.7604424032352903,2.756982356058529,2,1,0.04331359134554447,-0.052052152854676015
273,scenario_89,1.2566542631713671e-05,178,0.0025925102493964403,2.7571896262652458,2.756982356058529,0,2,0.0025925102493964403,-0.02069788586429222
277,scenario_89,-0.004174130693259998,178,0.3194104519915939,2.782356766832544,2.756982356058529,24,1,0.3194104519915939,-0.042838807687078484
284,scenario_89,-0.001062732978837681,178,0.0353480603554992,2.759806543344941,2.756982356058529,2,5,0.0353480603554992,-0.05437198402826371
285,scenario_89,-0.015385465704726172,178,0.45934978744661237,2.793372315875839,2.756982356058529,31,1,0.45934978744661237,-0.08613202539113285
289,scenario_89,-0.0078047072425341465,178,0.4482839520635409,2.7925034649864706,2.756982356058529,29,1,0.4482839520635409,-0.0886811760083499
308,scenario_89,-0.0013415839809140888,178,0.008825433038381902,2.7576878568216503,2.756982356058529,0,1,0.008825433038381902,-0.2509472387104581
331,scenario_89,-0.016972242191278724,178,0.5258960596684474,2.7985893378649616,2.756982356058529,32,1,0.5258960596684474,-0.013862545727049813
334,scenario_89,0.008940942209186498,86,3.6123174451674345e-08,1.0846943194191032,1.084694279563572,0,26,3.6123174451674345e-08,-0.35958139912294484
348,scenario_89,-0.010490103864071775,178,0.49296415786449543,2.796009281912119,2.756982356058529,31,1,0.49296415786449543,-0.3594358578075678
351,scenario_89,-0.013745069416535203,178,0.8847276362854402,2.826488970384724,2.756982356058529,36,4,0.8847276362854402,-0.05928084840141068
356,scenario_89,-0.007349437157639768,178,0.34025676399151195,2.784001587035243,2.756982356058529,26,0,0.34025676399151195,0.0
358,scenario_89,-0.006615887420125888,178,0.43741076756620245,2.791649371577917,2.756982356058529,29,1,0.43741076756620245,-0.057026197844055604
390,scenario_89,-0.008858479115299066,178,0.35882669707005377,2.7854656509937623,2.756982356058529,25,1,0.35882669707005377,-0.023209569511752903
392,scenario_89,0.00046822902085306116,91,0.001436718091573752,0.6096178627116362,0.6076227052281121,0,2,0.001436718091573752,-0.014429555082607237
394,scenario_89,-0.00020332847963518,87,0.049709484288098627,1.4231909704179846,1.3109759200809594,2,0,0.049709484288098627,-0.0048211012571013345
423,scenario_89,0.005824282105211751,86,3.610869203640732e-08,1.0846943194031244,1.084694279563572,0,21,3.610869203640732e-08,-0.35186883227548904
459,scenario_89,-0.002058338635909953,178,0.051822722528800824,2.7611214303410048,2.756982356058529,2,1,0.051822722528800824,-0.2772406878837699
464,scenario_89,-2.7848477883031593e-05,178,0.0019114201805301434,2.7571351754863977,2.756982356058529,0,0,0.0019114201805301434,-0.003278344842645886
469,scenario_89,-0.0041820641886862004,178,0.3162817865255825,2.78210979068851,2.756982356058529,23,1,0.3162817865255825,-0.056647295345764404
486,scenario_89,-0.01562532399758848,178,0.4824860035976819,2.795187669656061,2.756982356058529,31,1,0.4824860035976819,-0.08715349259417704
493,scenario_89,5.235317883081734e-06,178,0.0007696392510787575,2.757043890700265,2.756982356058529,0,0,0.0007696392510787575,-0.004748007205757743
499,scenario_89,-0.0050456186385392215,178,0.35861541455965806,2.785448999420584,2.756982356058529,29,1,0.35861541455965806,-0.11926445030389798
517,scenario_89,-0.0005291083439349896,86,0.18509047306732018,1.2669931742006322,1.084694279563572,1,1,0.18509047306732018,-0.03303532647772034
521,scenario_89,-0.024828786269199685,178,0.8299075474720681,2.8222516016344388,2.756982356058529,36,1,0.8299075474720681,-0.09566449089249751
531,scenario_89,-0.014270196933625032,178,0.46521290802340687,2.7938325144022675,2.756982356058529,31,0,0.46521290802340687,-0.007508489536634855
533,scenario_89,-0.0013252558873973318,178,0.0008946362374828709,2.7570538843499923,2.756982356058529,0,0,0.0008946362374828709,-0.000901683873181014
538,scenario_89,0.0003259662821011152,86,0.13602756769482194,1.222345627550161,1.084694279563572,4,3,0.13602756769482194,-0.07077965485390836
540,scenario_89,0.002194591574011487,99,5.238269262797246e-10,0.0024951611732858454,0.002480068080234491,0,6,5.238269262797246e-10,-0.11600683523217725
546,scenario_89,-0.003230521725728642,178,0.08214789042181891,2.763539474107971,2.756982356058529,3,0,0.08214789042181891,-0.006149056749889414
550,scenario_89,0.00020503963835723696,86,0.12470923741975959,1.2117166320641477,1.084694279563572,5,3,0.12470923741975959,-0.0773579239226797
552,scenario_89,-0.004834057748646476,178,0.19971937163135323,2.7728864132691426,2.756982356058529,12,1,0.19971937163135323,-0.013205757375015725
556,scenario_89,-0.0019828680344691966,178,0.10437864975220279,2.7653102125899274,2.756982356058529,5,5,0.10437864975220279,-0.09795211984257657
557,scenario_89,0.052300542348246035,0,0.0,0.0,0.0,0,40,0.0,-2.2602659736594433
558,scenario_89,-0.005974053235189523,178,0.29567837359289584,2.780482594717536,2.756982356058529,23,1,0.29567837359289584,-0.10914770932589213
564,scenario_89,-0.007263537639319897,178,0.4400050467950436,2.791853186576351,2.756982356058529,29,1,0.4400050467950436,-0.08960314525765023
565,scenario_89,-0.0020575911828798706,103,2.0335465965359845e-05,0.22806384136670763,0.22798593735841347,0,3,2.0335465965359845e-05,-0.29026379624577436
569,scenario_89,0.0012954855497728567,99,3.5232911033133973e-10,0.002490233881685604,0.002480068080234491,0,2,3.5232911033133973e-10,-0.07234423062427098
594,scenario_89,-0.0025596116542710226,92,0.000168894291080246,1.2716604480314613,1.271532973937792,0,1,0.000168894291080246,-0.5132809470665998
602,scenario_89,-0.0013981643000819022,103,1.3807518659536555e-05,0.22803883723409563,0.22798593735841347,0,3,1.3807518659536555e-05,-0.30578881934608604
612,scenario_89,-0.027185747769357987,178,0.9524846509552312,2.8317140525022384,2.756982356058529,36,1,0.9524846509552312,-0.08670133633820654
614,scenario_89,-0.002055054030491156,178,0.07510560361405894,2.7629782060235692,2.756982356058529,2,0,0.07510560361405894,-0.0015110342046948944
625,scenario_89,-0.0026755674135441657,178,0.07817305722988621,2.7632227007494983,2.756982356058529,2,5,0.07817305722988621,-0.09486817334961128
627,scenario_89,0.0002525466594968457,178,0.002510937350660214,2.7571831048754563,2.756982356058529,0,2,0.002510937350660214,-0.03302723327100454
628,scenario_89,-0.003739568389892345,178,0.18966688859778458,2.7720889646583498,2.756982356058529,12,6,0.18966688859778458,-0.13725553797792633
629,scenario_89,-0.0012091204168708063,86,0.055206797587857404,1.143367680875771,1.084694279563572,3,1,0.055206797587857404,-0.10240303439075837
648,scenario_89,-0.0017454645663270494,178,0.005432404163450144,2.75741664966894,2.756982356058529,0,1,0.005432404163450144,-0.12969269268524997
662,scenario_89,-0.023359057952136966,178,0.7794396099810932,2.81834274672285,2.756982356058529,36,1,0.7794396099810932,-0.09144265149916153
669,scenario_89,0.005506402940009371,89,0.027710009498560728,0.5967390951483814,0.5149467168935803,3,21,0.027710009498560728,-0.2596800826364003
670,scenario_89,9.06467659160262e-05,88,0.0757720099789001,0.8160912430696916,0.7122009447921471,1,1,0.0757720099789001,-0.061630515027676136
673,scenario_89,0.0028197650329425234,86,3.64515890804995e-08,1.0846943197814505,1.084694279563572,0,7,3.64515890804995e-08,-0.11287788596020576
678,scenario_89,-0.005209124479192425,178,0.3361358428895045,2.7836765451267653,2.756982356058529,31,1,0.3361358428895045,-0.08572057556535007
680,scenario_89,-0.0011341917889339385,103,0.00010239702487879754,0.22837783667475742,0.22798593735841347,0,3,0.00010239702487879754,-0.283283201914462
682,scenario_89,-0.005985225470527657,178,0.29567855457265324,2.780482609016632,2.756982356058529,23,1,0.29567855457265324,-0.10914770932589124
689,scenario_89,-0.010450208762983209,178,0.45657005207267076,2.793154096311942,2.756982356058529,31,1,0.45657005207267076,-0.03802242246557075
694,scenario_89,0.0012124073458717904,0,0.0,0.0,0.0,0,6,0.0,-0.3325345369345456
726,scenario_89,-0.003867656339686248,178,0.1852263525455875,2.7717366012118103,2.756982356058529,12,6,0.1852263525455875,-0.1543910898082963
736,scenario_89,-0.00014935419232072307,178,0.008109835924440034,2.7576306617549395,2.756982356058529,0,0,0.008109835924440034,0.0
750,scenario_89,-0.016048702253844357,178,0.47649406935408933,2.794717678559014,2.756982356058529,31,1,0.47649406935408933,-0.04484296909757601
755,scenario_89,0.000593199973750161,178,0.002164586503553778,2.7571554154279703,2.756982356058529,0,2,0.002164586503553778,-0.06123119764574514
759,scenario_89,-0.026852970266082677,178,0.9257360361460805,2.829652946692346,2.756982356058529,36,1,0.9257360361460805,-0.08872274095989341
761,scenario_89,0.003182832203957485,86,3.650678470634716e-08,1.084694319842349,1.084694279563572,0,11,3.650678470634716e-08,-0.1536059190026151
764,scenario_89,-0.0015511657651887509,178,0.02029875342539711,2.7586046507890467,2.756982356058529,2,1,0.02029875342539711,-0.2849985620400992
767,scenario_89,0.0026035194080568616,91,0.015071802942467016,0.6281149706561736,0.6076227052281121,1,6,0.015071802942467016,-0.12183844578600045
770,scenario_89,0.0013647529219258576,91,0.027157239702292557,0.6438947963910234,0.6076227052281121,1,2,0.027157239702292557,-0.06992132628266745
775,scenario_89,-0.01728849329206266,178,0.5393879363389757,2.7996454004178823,2.756982356058529,32,0,0.5393879363389757,-0.002252427460847972
776,scenario_89,-0.005798763182613533,178,0.2719505304378842,2.778606987283163,2.756982356058529,22,7,0.2719505304378842,-0.18335778295496197
780,scenario_89,0.0005041852330873953,86,0.12329622061057188,1.2103804854040048,1.084694279563572,5,3,0.12329622061057188,-0.08122833547567188
789,scenario_89,-0.007271627399176359,178,0.3724176307260372,2.7865364854467587,2.756982356058529,25,1,0.3724176307260372,-0.12580958469458592
791,scenario_89,-0.003087074431401212,178,0.07272712565382733,2.762788606000885,2.756982356058529,2,0,0.07272712565382733,-0.00038583574719863734
809,scenario_89,-0.0032415766655389446,178,0.07732664144256063,2.7631552392844076,2.756982356058529,2,0,0.07732664144256063,-0.0003858363462874159
810,scenario_89,-0.0027218226175318703,178,0.003362280339004542,2.7572511648907,2.756982356058529,0,1,0.003362280339004542,-0.48465408852380976
811,scenario_89,-0.0003176483041619649,178,0.002076139833395274,2.7571483443869655,2.756982356058529,0,0,0.002076139833395274,-0.0059189460339093
813,scenario_89,0.00547077657116414,103,0.00017991348154167142,0.22867388678674927,0.22798593735841347,0,24,0.00017991348154167142,-0.5100128303094242
822,scenario_89,-0.0017834607780933148,178,0.055792536995603825,2.7614381408437647,2.756982356058529,2,0,0.055792536995603825,-0.0029276712605641464
831,scenario_89,-0.003928286776816356,178,0.19768278412541918,2.772724879730073,2.756982356058529,12,6,0.19768278412541918,-0.14160401091100083
837,scenario_89,0.0003047459020747337,124,3.377291859063547e-06,1.253484481964748,1.2534816047881487,0,2,3.377291859063547e-06,-0.016672314253348475
858,scenario_89,-0.0022191646580240923,103,1.016606325521252e-05,0.22802488762367276,0.22798593735841347,0,3,1.016606325521252e-05,-0.35874657118840014
863,scenario_89,-0.00096327149512677,0,0.0,0.0,0.0,0,3,0.0,-0.4211993594566632
866,scenario_89,-0.0012897796932185301,178,0.04403363132704641,2.760499871350264,2.756982356058529,2,0,0.04403363132704641,-3.889652208544092e-05
873,scenario_89,-0.01545566535687202,178,0.4600370204116544,2.7934262625397217,2.756982356058529,31,1,0.4600370204116544,-0.08590212105209627
878,scenario_89,-0.003634419787022984,178,0.10029396531307455,2.764984975773633,2.756982356058529,5,4,0.10029396531307455,-0.051024387209487765
887,scenario_89,-0.008245224149792106,178,0.2577010616557551,2.777479761597742,2.756982356058529,20,0,0.2577010616557551,-0.003120240602518809
895,scenario_89,-0.009378896689229645,178,0.41287745019401,2.7897209235918434,2.756982356058529,29,1,0.41287745019401,-0.03655660612124345
935,scenario_89,-0.002349600341202342,178,0.08333764203655747,2.763634281187164,2.756982356058529,2,0,0.08333764203655747,-0.001200741881125289
938,scenario_89,0.0043939720296458104,103,2.9587954474941114e-05,0.22809927479275718,0.22798593735841347,0,16,2.9587954474941114e-05,-0.46142573451267865
940,scenario_89,-0.0019821911429094615,178,0.07010293058245765,2.7625793975361974,2.756982356058529,2,0,0.07010293058245765,-4.3930812831938226e-07
945,scenario_89,-0.01822972000361176,178,0.7110749445105498,2.813035614658194,2.756982356058529,36,1,0.7110749445105498,-0.33773812889695454
952,scenario_89,-0.0071675112262076,178,0.3568468119441093,2.7853096070462233,2.756982356058529,25,1,0.3568468119441093,-0.19632358428287366
958,scenario_89,0.00046641941495484206,86,0.11074622168305615,1.1984214500423236,1.084694279563572,4,3,0.11074622168305615,-0.07011409377117783
964,scenario_89,3.288560241658706e-05,0,0.0,0.0,0.0,0,0,0.0,-0.005295894726449646
970,scenario_89,-0.005489661625430454,178,0.1336053239709365,2.767635781519908,2.756982356058529,8,0,0.1336053239709365,-0.003117887721901802
971,scenario_89,-0.000184644541136222,86,0.083343306648191,1.1717107665291648,1.084694279563572,1,1,0.083343306648191,-0.06588318365995027
987,scenario_89,-0.00012368228099204133,178,0.007751866972725452,2.7576020499793605,2.756982356058529,0,0,0.007751866972725452,0.0
0,scenario_96,0.006930383319469285,86,3.7246791428913184e-08,1.1515339415283854,1.1515339037333783,0,24,3.7246791428913184e-08,-0.29446274829284746
2,scenario_96,-0.007621062706932659,178,0.5044107253834689,2.9625217663262244,2.9257351273442276,31,1,0.5044107253834689,-0.06167778715086447
9,scenario_96,0.05177499095796305,0,0.0,0.0,0.0,0,40,0.0,-2.1437934514060117
12,scenario_96,-0.0007470698197748279,103,0.00012671408514819404,0.24245384459873828,0.24200779358291233,0,3,0.00012671408514819404,-0.23554495518169882
15,scenario_96,0.004930609841031139,86,3.732768272257658e-08,1.151533941610467,1.1515339037333783,0,15,3.732768272257658e-08,-0.20549365829914734
17,scenario_96,0.0005912365497348364,103,0.0021862470506532894,0.249548464733594,0.24200779358291233,0,3,0.0021862470506532894,-0.20300517659147088
25,scenario_96,-0.00671401772313856,178,0.5396002756191152,2.9650643398328045,2.9257351273442276,37,1,0.5396002756191152,-0.11450406600630603
27,scenario_96,-0.0063299759504700775,178,0.5019842998079191,2.962346335607606,2.9257351273442276,36,1,0.5019842998079191,-0.14548016966655908
28,scenario_96,0.0012169734883236232,103,0.0007339060339166537,0.24457548073432064,0.24200779358291233,0,19,0.0007339060339166537,-0.5785360561497281
57,scenario_96,0.004369358680905774,86,3.822681993170818e-08,1.1515339425228381,1.1515339037333783,0,8,3.822681993170818e-08,-0.1057052912837051
62,scenario_96,0.0012270755659712013,91,0.01913793053603241,0.6687656368460045,0.6448795516981549,1,3,0.01913793053603241,-0.0601254300749936
63,scenario_96,-0.017269785485684523,178,0.5727724685458,2.9674583601541045,2.9257351273442276,33,1,0.5727724685458,-0.10044056313757421
73,scenario_96,-0.00707261606284394,178,0.28380382976538243,2.946512016247355,2.9257351273442276,23,0,0.28380382976538243,-0.007307048336540944
90,scenario_96,0.00022794452353171077,124,4.823191744218747e-06,1.3309398506052832,1.3309360724712127,0,2,4.823191744218747e-06,-0.014270069114051154
94,scenario_96,0.00017453789044299627,91,0.0017227252477902688,0.6470804497220382,0.6448795516981549,0,0,0.0017227252477902688,-0.009688449772809804
103,scenario_96,-0.008382470875179045,178,0.5180821547625634,2.9635099398006925,2.9257351273442276,31,1,0.5180821547625634,-0.10393738174550693
104,scenario_96,0.00014702121272939256,0,0.0,0.0,0.0,0,0,0.0,-0.009743887680020435
109,scenario_96,-0.03002608061602933,178,1.0983437805650844,3.0050335409171987,2.9257351273442276,36,1,1.0983437805650844,-0.09881293863311713
114,scenario_96,-0.000977517984217382,86,0.2840063407991811,1.400870957332389,1.1515339037333783,3,0,0.2840063407991811,-0.009009470277369869
126,scenario_96,-0.018352947972746916,178,0.588814985405655,2.9686151709973645,2.9257351273442276,34,1,0.588814985405655,-0.06174181391042932
140,scenario_96,-0.0003546309462700738,178,0.013995449085008715,2.926764559446424,2.9257351273442276,2,0,0.013995449085008715,-4.647825071479872e-07
143,scenario_96,-8.515863001882098e-05,89,0.0030093964320547784,0.5556089021992826,0.5466145545796045,0,0,0.0030093964320547784,-0.001844516024505305
144,scenario_96,-0.006216490692423773,178,0.4143766623661378,2.956002528567038,2.9257351273442276,33,1,0.4143766623661378,-0.09503981872853773
150,scenario_96,-0.010922343341228668,178,0.4824658515573397,2.960934621196945,2.9257351273442276,31,0,0.4824658515573397,-0.004425807826500261
152,scenario_96,0.052615368669127,0,0.0,0.0,0.0,0,40,0.0,-2.2162667162142924
176,scenario_96,0.004045565210474888,91,0.0001428825837996861,0.6450624938280657,0.6448795516981549,0,17,0.0001428825837996861,-0.22892194097371288
177,scenario_96,0.0003681479852130869,87,0.007196817470579653,1.407493266070311,1.3917710816144453,0,2,0.007196817470579653,-0.15851749467710285
195,scenario_96,-0.01151518812089134,178,0.46385847689849413,2.959587924255141,2.9257351273442276,31,0,0.46385847689849413,-0.006240772494663371
197,scenario_96,-0.0012871098819590406,178,0.04708938716311195,2.9291967622922344,2.9257351273442276,2,0,0.04708938716311195,-5.26621480201328e-07
201,scenario_96,-0.017137867227000416,178,0.5768859537895032,2.96775503989995,2.9257351273442276,34,1,0.5768859537895032,-0.07867670783702652
202,scenario_96,-0.004245265684643411,178,0.20676774931518693,2.9408926216456903,2.9257351273442276,13,0,0.20676774931518693,-0.004190344009546543
206,scenario_96,0.0004093899852713803,124,4.2089631158148677e-07,1.3309364021710595,1.3309360724712127,0,3,4.2089631158148677e-07,-0.02149974231514662
209,scenario_96,-5.773167406162247e-05,0,0.0,0.0,0.0,0,3,0.0,-0.4734610718938528
227,scenario_96,0.0002070605146427406,178,0.0027438717739833862,2.925936992175704,2.9257351273442276,0,1,0.0027438717739833862,-0.01601279344440454
233,scenario_96,-0.0004963940408260096,178,0.013710561431171442,2.9267436096533808,2.9257351273442276,2,0,0.013710561431171442,-0.0018268036814323985
240,scenario_96,-1.4865284330910071e-05,178,0.0028426581235301285,2.9259442594584817,2.9257351273442276,0,1,0.0028426581235301285,-0.011655126814555494
243,scenario_96,-0.006646077951000654,178,0.22113051810437412,2.9419414532313644,2.9257351273442276,15,1,0.22113051810437412,-0.5601956813261502
245,scenario_96,-0.006717949644317385,178,0.46426807387365443,2.9596175778113896,2.9257351273442276,36,1,0.46426807387365443,-0.08288131975906865
249,scenario_96,-0.016978823927088407,178,0.5437404614264949,2.9653632827353507,2.9257351273442276,32,1,0.5437404614264949,-0.08921929710612053
250,scenario_96,0.0005819512518524425,178,0.0023627172786007122,2.925908952057707,2.9257351273442276,0,2,0.0023627172786007122,-0.07071675408041789
254,scenario_96,0.05969780026866007,0,0.0,0.0,0.0,0,40,0.0,-2.5527178523734975
255,scenario_96,-0.00018132864533690736,178,0.06246366836355932,2.930325717036072,2.9257351273442276,2,1,0.06246366836355932,-0.05842807163227404
261,scenario_96,-0.004602986241601408,178,0.24593086826954647,2.9437512508846613,2.9257351273442276,16,0,0.24593086826954647,-0.0021811681545553796
267,scenario_96,-0.00037429278805921784,178,0.013001644095048448,2.926691477063998,2.9257351273442276,1,5,0.013001644095048448,-0.05880092667703418
270,scenario_96,9.682974983123133e-05,178,0.049933663327049516,2.92940566734874,2.9257351273442276,2,1,0.049933663327049516,-0.060102740716253766
273,scenario_96,2.754281249048654e-05,178,0.0028094973050265537,2.925941819963876,2.9257351273442276,0,2,0.0028094973050265537,-0.023904406066887263
277,scenario_96,-0.0049582210050761934,178,0.3683093902155363,2.9526590653639277,2.9257351273442276,25,1,0.3683093902155363,-0.04946439956149318
284,scenario_96,-0.0011353687015909237,178,0.04097749666642869,2.9287477884553574,2.9257351273442276,2,5,0.04097749666642869,-0.06265900612568953
285,scenario_96,-0.016826830394147778,178,0.5298361525877731,2.964359152319608,2.9257351273442276,32,1,0.5298361525877731,-0.09945880345193947
289,scenario_96,-0.00887895519910939,178,0.5170450035358876,2.963434990486171,2.9257351273442276,31,1,0.5170450035358876,-0.10240222944323563
308,scenario_96,-0.0012517851285886719,178,0.010004185054356185,2.926471034592914,2.9257351273442276,1,1,0.010004185054356185,-0.28977305985211954
331,scenario_96,-0.01862371066883835,178,0.6066461492886077,2.969900219374516,2.9257351273442276,35,1,0.6066461492886077,-0.01600587104973128
334,scenario_96,0.010063790756525704,86,3.703775086627559e-08,1.151533941316268,1.1515339037333783,0,30,3.703775086627559e-08,-0.4150638706397807
348,scenario_96,-0.011631212618988472,178,0.5687550649531801,2.9671685700839325,2.9257351273442276,33,1,0.5687550649531801,-0.41503723701063566
351,scenario_96,-0.015684857113876845,178,1.021431662572212,2.9995759007857714,2.9257351273442276,36,4,1.021431662572212,-0.0683480277320121
356,scenario_96,-0.00817752518274146,178,0.39241920237520844,2.9544095642095085,2.9257351273442276,29,0,0.39241920237520844,0.0
358,scenario_96,-0.007680455179917394,178,0.5044445759802905,2.962524213623597,2.9257351273442276,31,1,0.5044445759802905,-0.06584687984541704
390,scenario_96,-0.009890509869285859,178,0.41387903107894175,2.9559664398450862,2.9257351273442276,29,1,0.41387903107894175,-0.026748775339271003
392,scenario_96,0.000520886361591285,91,0.0016552675840451059,0.6469944650923953,0.6448795516981549,0,2,0.0016552675840451059,-0.016814040127844265
394,scenario_96,-0.0002294611887295032,87,0.05741261115591323,1.5109622601097241,1.3917710816144453,2,0,0.05741261115591323,-0.005567951429848339
423,scenario_96,0.006632799066600041,86,3.702283701834119e-08,1.1515339413011347,1.1515339037333783,0,24,3.702283701834119e-08,-0.4062567420237948
459,scenario_96,-0.0020592619312499883,178,0.05958464915706685,2.9301143530113483,2.9257351273442276,2,1,0.05958464915706685,-0.32013981950007686
464,scenario_96,-2.2456097499467433e-05,178,0.0020145751917048926,2.9258833402110214,2.9257351273442276,0,0,0.0020145751917048926,-0.0037768395600679128
469,scenario_96,-0.004944971696689608,178,0.364701558809319,2.9523969928777793,2.9257351273442276,25,1,0.364701558809319,-0.06540932839828884
486,scenario_96,-0.017107827261919388,178,0.5565831365741367,2.9662903222181862,2.9257351273442276,33,1,0.5565831365741367,-0.10063847171146811
493,scenario_96,1.7648552366532384e-05,178,0.0007294588792774448,2.925788795054305,2.9257351273442276,0,0,0.0007294588792774448,-0.005471235735964863
499,scenario_96,-0.005665932013765676,178,0.4135182730200846,2.95594027692177,2.9257351273442276,34,1,0.4135182730200846,-0.13762904405399068
517,scenario_96,-0.0005743010578567628,86,0.21377520131946248,1.3451653071938163,1.1515339037333783,1,1,0.21377520131946248,-0.038151701272678085
521,scenario_96,-0.02731119633929105,178,0.9575648278172224,2.995033358631283,2.9257351273442276,36,1,0.9575648278172224,-0.11046698651553255
531,scenario_96,-0.015775227450809323,178,0.5369424717787332,2.9648724103611723,2.9257351273442276,32,0,0.5369424717787332,-0.008664856891251294
533,scenario_96,-0.0013288119402586017,178,0.00113222562686488,2.9258184267975977,2.9257351273442276,0,0,0.00113222562686488,-0.0008500758391818408
538,scenario_96,0.0004931426132830092,86,0.15672919330211954,1.2974182291714151,1.1515339037333783,5,4,0.15672919330211954,-0.0815975885776854
540,scenario_96,0.0025367295230962336,99,5.618146503572063e-10,0.0026329105263233556,0.0026178996842095535,0,8,5.618146503572063e-10,-0.13376701584485318
546,scenario_96,-0.003558789693148341,178,0.09499999566565265,2.932712898831047,2.9257351273442276,5,0,0.09499999566565265,-0.007095905906064903
550,scenario_96,0.000384831270695664,86,0.1436930737798865,1.2861562903908057,1.1515339037333783,5,4,0.1436930737798865,-0.08919881499539606
552,scenario_96,-0.005403645549295237,178,0.2303120317853562,2.9426116529368906,2.9257351273442276,15,1,0.2303120317853562,-0.015220098975739393
556,scenario_96,-0.0022314034906328888,178,0.12061543845375056,2.9345903849695385,2.9257351273442276,6,5,0.12061543845375056,-0.11288944462236472
557,scenario_96,0.058274416891351107,0,0.0,0.0,0.0,0,40,0.0,-2.608155375443175
558,scenario_96,-0.006525463573296089,178,0.340658118484928,2.950649647583533,2.9257351273442276,25,1,0.340658118484928,-0.12603914685658868
564,scenario_96,-0.008327206692959414,178,0.5074518564139971,2.9627416197519585,2.9257351273442276,31,1,0.5074518564139971,-0.10346684029857878
565,scenario_96,-0.001884568652491551,103,2.3477920898962168e-05,0.24209052595075867,0.24200779358291233,0,3,2.3477920898962168e-05,-0.335188177595902
569,scenario_96,0.0015129078485005302,99,3.6651864876446894e-10,0.002627706119455133,0.0026178996842095535,0,4,3.6651864876446894e-10,-0.08341593152303872
594,scenario_96,-0.002465783897701185,92,0.00017847050070018966,1.349543940040626,1.3494199951469217,0,1,0.00017847050070018966,-0.5927027808141434
602,scenario_96,-0.0012318284556532744,103,1.5942020882508956e-05,0.24206397498088184,0.24200779358291233,0,3,1.5942020882508956e-05,-0.3531161992719589
612,scenario_96,-0.03001196419141686,178,1.0990406251137799,3.005082925193351,2.9257351273442276,36,1,1.0990406251137799,-0.10011642299571655
614,scenario_96,-0.0022674859972264387,178,0.08655033201894469,2.9320932107726287,2.9257351273442276,3,0,0.08655033201894469,-0.0017430975782786184
625,scenario_96,-0.0028865841737128793,178,0.09046085619796784,2.9323800266518902,2.9257351273442276,4,5,0.09046085619796784,-0.10934047811746961
627,scenario_96,0.00027460181969066617,178,0.002717506711281459,2.9259350526082533,2.9257351273442276,0,2,0.002717506711281459,-0.03814216709527918
628,scenario_96,-0.004229593222483644,178,0.21902247567481226,2.9417875476212987,2.9257351273442276,15,6,0.21902247567481226,-0.15820910066797444
629,scenario_96,-0.0012260140829442538,86,0.06376453636365453,1.2138587910737135,1.1515339037333783,3,1,0.06376453636365453,-0.1182497035682667
648,scenario_96,-0.0017216316368238768,178,0.006250110966284694,2.9261949155009885,2.9257351273442276,0,1,0.006250110966284694,-0.14975521130713165
662,scenario_96,-0.02569906774836406,178,0.899235000145918,2.9908761933451027,2.9257351273442276,36,1,0.899235000145918,-0.10559128540083318
669,scenario_96,0.006240218790549901,89,0.03193521724763371,0.6333333873065596,0.5466145545796045,3,23,0.03193521724763371,-0.29938330297612126
670,scenario_96,8.440641691198107e-05,88,0.08749990447604539,0.8663736359653493,0.7560320312127256,1,1,0.08749990447604539,-0.07117791834249576
673,scenario_96,0.003182283365305513,86,3.737076759158242e-08,1.1515339416541863,1.1515339037333783,0,9,3.737076759158242e-08,-0.1304395862190475
678,scenario_96,-0.00578327668894094,178,0.3875813128757599,2.9540584245113677,2.9257351273442276,33,1,0.3875813128757599,-0.098868889512156
680,scenario_96,-0.0009713448260514996,103,0.00011819667143297963,0.2424238981437256,0.24200779358291233,0,3,0.00011819667143297963,-0.3271283936609921
682,scenario_96,-0.006536552518484881,178,0.340657347478281,2.950649591527771,2.9257351273442276,25,1,0.340657347478281,-0.12603914685658957
689,scenario_96,-0.011659451240533381,178,0.5265640143454036,2.964122778392006,2.9257351273442276,32,1,0.5265640143454036,-0.04390315742803175
694,scenario_96,0.0015589849460115655,0,0.0,0.0,0.0,0,7,0.0,-0.38393140140456783
726,scenario_96,-0.004369788596218685,178,0.2141163193636082,2.9414293114707606,2.9257351273442276,14,7,0.2141163193636082,-0.17798580650571827
736,scenario_96,-0.00015299315594800283,178,0.008770996351028515,2.926380335306,2.9257351273442276,0,0,0.008770996351028515,0.0
750,scenario_96,-0.017569558917107292,178,0.5495512775830704,2.9657827826691703,2.9257351273442276,32,1,0.5495512775830704,-0.05177913727631456
755,scenario_96,0.0006298351875651861,178,0.0023590475947585787,2.925908682090893,2.9257351273442276,0,2,0.0023590475947585787,-0.07071675275876632
759,scenario_96,-0.029633938896821577,178,1.0681519069592227,3.0028927983281113,2.9257351273442276,36,1,1.0681519069592227,-0.1024507552753291
761,scenario_96,0.00365193124249077,86,3.742742404888588e-08,1.1515339417116766,1.1515339037333783,0,13,3.742742404888588e-08,-0.17746076786195175
764,scenario_96,-0.001480982150954893,178,0.023233376413994478,2.9274437754756013,2.9257351273442276,2,1,0.023233376413994478,-0.329097780136002
767,scenario_96,0.0029591929506182207,91,0.01738620359191323,0.6666289268789025,0.6448795516981549,1,9,0.01738620359191323,-0.14070259704950772
770,scenario_96,0.0015701438824188665,91,0.03133879003265205,0.6833901353444201,0.6448795516981549,1,3,0.03133879003265205,-0.08087009053287275
775,scenario_96,-0.018977969850538297,178,0.6222289832244492,2.971022599054296,2.9257351273442276,35,0,0.6222289832244492,-0.0025993530522234742
776,scenario_96,-0.006553421850795042,178,0.3141366422694958,2.9487205303965522,2.9257351273442276,24,7,0.3141366422694958,-0.21141303151093616
780,scenario_96,0.0006837598395723616,86,0.14206500560339053,1.2847400754721696,1.1515339037333783,5,4,0.14206500560339053,-0.09366658807886685
789,scenario_96,-0.008125426932333736,178,0.4294443170286897,2.95709495809544,2.9257351273442276,29,1,0.4294443170286897,-0.14527138501435255
791,scenario_96,-0.0032949044606061647,178,0.0837772271079551,2.9318897946628453,2.9257351273442276,2,0,0.0837772271079551,-0.00044441245611803737
809,scenario_96,-0.0034626359090731713,178,0.08907332966603931,2.9322782635521216,2.9257351273442276,3,0,0.08907332966603931,-0.00044441145554019457
810,scenario_96,-0.0026466258546684403,178,0.003784194885462,2.926013522961476,2.9257351273442276,0,1,0.003784194885462,-0.5596473996687608
811,scenario_96,-0.00031027768114348875,178,0.002211860252344877,2.925897853963689,2.9257351273442276,0,0,0.002211860252344877,-0.006834940478148921
813,scenario_96,0.0063890539843877775,103,0.0002076356745597252,0.2427380996570342,0.24200779358291233,0,25,0.0002076356745597252,-0.5889136993719515
822,scenario_96,-0.0019392060341438047,178,0.06430332081416523,2.930460764475021,2.9257351273442276,2,0,0.06430332081416523,-0.00337535159457536
831,scenario_96,-0.004442004824241739,178,0.22828547119317122,2.942463743603994,2.9257351273442276,15,7,0.22828547119317122,-0.16322422844701423
837,scenario_96,0.0003682157229683362,124,3.912356154156527e-06,1.3309391371247474,1.3309360724712127,0,2,3.912356154156527e-06,-0.01900597253376901
858,scenario_96,-0.002089787019157666,103,1.1738258880455987e-05,0.24204916224325565,0.24200779358291233,0,3,1.1738258880455987e-05,-0.4142701645591087
863,scenario_96,-0.0007592260410556337,0,0.0,0.0,0.0,0,3,0.0,-0.48632319005358293
866,scenario_96,-0.0014163568463824922,178,0.05080159496930747,2.9294694106302273,2.9257351273442276,2,0,0.05080159496930747,-4.4784926145347015e-05
873,scenario_96,-0.016908901759094094,178,0.5306395417631578,2.9644171838082056,2.9257351273442276,32,1,0.5306395417631578,-0.0991934504841927
878,scenario_96,-0.003892865245701745,178,0.11574881172783336,2.9342338145395335,2.9257351273442276,6,5,0.11574881172783336,-0.058800910784467586
887,scenario_96,-0.009074974645044422,178,0.297582231397854,2.94751550069235,2.9257351273442276,23,0,0.297582231397854,-0.0036007341071244703
895,scenario_96,-0.010522122316970955,178,0.47611557136664473,2.9604751200951878,2.9257351273442276,31,1,0.47611557136664473,-0.04221051966640621
935,scenario_96,-0.0025868507861570686,178,0.09599390060929736,2.932785778562186,2.9257351273442276,4,0,0.09599390060929736,-0.0013849668304035667
938,scenario_96,0.00510724603967485,103,3.415108578552761e-05,0.24212812336065956,0.24200779358291233,0,21,3.415108578552761e-05,-0.5327891624091752
940,scenario_96,-0.0021886070298970444,178,0.08092264345757982,2.931680381187312,2.9257351273442276,2,0,0.08092264345757982,-4.798251647120111e-07
945,scenario_96,-0.02027132887010835,178,0.8208145055632627,2.985274385264121,2.9257351273442276,36,1,0.8208145055632627,-0.38993975989296814
952,scenario_96,-0.00787239550836361,178,0.41130521037295154,2.9557797739296805,2.9257351273442276,29,1,0.41130521037295154,-0.22670278159960322
958,scenario_96,0.0006413813312051353,86,0.12760165382551558,1.2720615986141377,1.1515339037333783,5,4,0.12760165382551558,-0.08082886341584106
964,scenario_96,4.56651511809323e-05,0,0.0,0.0,0.0,0,0,0.0,-0.0059892195103721235
970,scenario_96,-0.00595440954413265,178,0.15453705260827277,2.9370740876651054,2.9257351273442276,10,0,0.15453705260827277,-0.0035980182170800568
971,scenario_96,-0.00018758570985053663,86,0.09626273389952655,1.2439650728149585,1.1515339037333783,1,1,0.09626273389952655,-0.07608356926535476
987,scenario_96,-0.0001307744461944094,178,0.008416085822769759,2.926354231408733,2.9257351273442276,0,0,0.008416085822769759,0.0
