development,scenario,rank_type,rank_value,ID_edge,length_m,flow,capacity,flow_capacity_ratio,fftt_min,tt_min,delay_min
0,scenario_19,flow_capacity_ratio,8.00751810107681,129,3327.5142290398862,5837.480695684995,729.0,8.00751810107681,2.079696393149929,78.6984313360404,76.61873494289047
0,scenario_19,flow_capacity_ratio,8.00751810107681,130,225.05482885543543,5837.480695684995,729.0,8.00751810107681,0.13503289731326126,5.109821429857226,4.974788532543966
0,scenario_19,flow_capacity_ratio,5.904101665356242,178,6719.55714161299,5904.101665356242,1000.0,5.904101665356242,5.039667856209742,94.39307324447856,89.35340538826881
0,scenario_19,flow_capacity_ratio,3.842896215215903,98,2007.6948653871616,5902.688586571627,1536.0,3.842896215215903,1.115386036326201,8.171181543407071,7.05579550708087
0,scenario_19,flow_capacity_ratio,3.236917255839451,126,1897.1851262924465,5862.057150325246,1811.0,3.236917255839451,1.073878373373083,5.573862064009533,4.49998369063645
0,scenario_19,flow_capacity_ratio,3.0217057762762147,128,1875.2605068342427,5843.978971318199,1934.0,3.0217057762762147,0.9783967861743875,4.454240538337387,3.4758437521629992
0,scenario_19,flow_capacity_ratio,2.712837621367009,92,2550.193392452562,5876.006287880941,2166.0,2.712837621367009,1.577439211826327,5.903670759068437,4.32623154724211
0,scenario_19,flow_capacity_ratio,2.6534003162204525,174,6978.5477473254405,5837.480695684995,2200.0,2.6534003162204525,4.187128648395264,15.076002765506914,10.88887411711165
0,scenario_19,flow_capacity_ratio,2.6534003162204525,175,5286.2980122217705,5837.480695684995,2200.0,2.6534003162204525,3.1717788073330624,11.420175993220518,8.248397185887455
0,scenario_19,flow_capacity_ratio,2.6534003162204525,176,4439.9389635413945,5837.480695684995,2200.0,2.6534003162204525,2.663963378124837,9.591756697327993,6.927793319203156
0,scenario_19,delay_min,89.35340538826881,178,6719.55714161299,5904.101665356242,1000.0,5.904101665356242,5.039667856209742,94.39307324447856,89.35340538826881
0,scenario_19,delay_min,76.61873494289047,129,3327.5142290398862,5837.480695684995,729.0,8.00751810107681,2.079696393149929,78.6984313360404,76.61873494289047
0,scenario_19,delay_min,10.88887411711165,174,6978.5477473254405,5837.480695684995,2200.0,2.6534003162204525,4.187128648395264,15.076002765506914,10.88887411711165
0,scenario_19,delay_min,10.076625480454489,68,8865.80644588534,5837.480695684995,2335.0,2.499991732627407,4.470154510530423,14.546779990984913,10.076625480454489
0,scenario_19,delay_min,9.444024926850824,61,8361.831024084971,5837.480695684995,2333.0,2.502134888849119,4.1809155120424855,13.62494043889331,9.444024926850824
0,scenario_19,delay_min,8.248397185887455,175,5286.2980122217705,5837.480695684995,2200.0,2.6534003162204525,3.1717788073330624,11.420175993220518,8.248397185887455
0,scenario_19,delay_min,7.05579550708087,98,2007.6948653871616,5902.688586571627,1536.0,3.842896215215903,1.115386036326201,8.171181543407071,7.05579550708087
0,scenario_19,delay_min,6.927793319203156,176,4439.9389635413945,5837.480695684995,2200.0,2.6534003162204525,2.663963378124837,9.591756697327993,6.927793319203156
0,scenario_19,delay_min,6.293304080617457,32,4235.803391000821,5837.480695684995,2391.0,2.4414390195253013,2.9552116681401075,9.248515748757564,6.293304080617457
0,scenario_19,delay_min,5.825248986616426,63,5114.75070314698,5837.480695684995,2333.0,2.502134888849119,2.578865900746377,8.404114887362804,5.825248986616426
9,scenario_19,flow_capacity_ratio,7.592002219677063,129,3327.5142290398862,5534.569618144579,729.0,7.592002219677063,2.079696393149929,69.500687213463,67.42099082031307
9,scenario_19,flow_capacity_ratio,7.592002219677063,130,225.05482885543543,5534.569618144579,729.0,7.592002219677063,0.13503289731326126,4.51261981826213,4.377586920948869
9,scenario_19,flow_capacity_ratio,5.597591601527287,178,6719.55714161299,5597.591601527287,1000.0,5.597591601527287,5.039667856209742,83.6618015564811,78.62213370027135
9,scenario_19,flow_capacity_ratio,3.6437634349155736,98,2007.6948653871616,5596.820636030321,1536.0,3.6437634349155736,1.115386036326201,7.325300640594041,6.209914604267841
9,scenario_19,flow_capacity_ratio,3.0691097122406066,126,1897.1851262924465,5558.157688867738,1811.0,3.0691097122406066,1.073878373373083,5.034149299562207,3.960270926189124
9,scenario_19,flow_capacity_ratio,2.8649219175889655,128,1875.2605068342427,5540.758988617059,1934.0,2.8649219175889655,0.9783967861743875,4.037018180287709,3.0586213941133216
9,scenario_19,flow_capacity_ratio,2.572171536428072,92,2550.193392452562,5571.323547903205,2166.0,2.572171536428072,1.577439211826327,5.384698617195592,3.8072594053692645
9,scenario_19,flow_capacity_ratio,2.5157134627929905,174,6978.5477473254405,5534.569618144579,2200.0,2.5157134627929905,4.187128648395264,13.768841038198302,9.581712389803037
9,scenario_19,flow_capacity_ratio,2.5157134627929905,175,5286.2980122217705,5534.569618144579,2200.0,2.5157134627929905,3.1717788073330624,10.429991976299204,7.258213168966142
9,scenario_19,flow_capacity_ratio,2.5157134627929905,176,4439.9389635413945,5534.569618144579,2200.0,2.5157134627929905,2.663963378124837,8.760105400401368,6.096142022276531
9,scenario_19,delay_min,78.62213370027135,178,6719.55714161299,5597.591601527287,1000.0,5.597591601527287,5.039667856209742,83.6618015564811,78.62213370027135
9,scenario_19,delay_min,67.42099082031307,129,3327.5142290398862,5534.569618144579,729.0,7.592002219677063,2.079696393149929,69.500687213463,67.42099082031307
9,scenario_19,delay_min,9.581712389803037,174,6978.5477473254405,5534.569618144579,2200.0,2.5157134627929905,4.187128648395264,13.768841038198302,9.581712389803037
9,scenario_19,delay_min,8.866970650505301,68,8865.80644588534,5534.569618144579,2335.0,2.3702653610897557,4.470154510530423,13.337125161035726,8.866970650505301
9,scenario_19,delay_min,8.310311027382731,61,8361.831024084971,5534.569618144579,2333.0,2.37229730739159,4.1809155120424855,12.491226539425217,8.310311027382731
9,scenario_19,delay_min,7.258213168966142,175,5286.2980122217705,5534.569618144579,2200.0,2.5157134627929905,3.1717788073330624,10.429991976299204,7.258213168966142
9,scenario_19,delay_min,6.209914604267841,98,2007.6948653871616,5596.820636030321,1536.0,3.6437634349155736,1.115386036326201,7.325300640594041,6.209914604267841
9,scenario_19,delay_min,6.096142022276531,176,4439.9389635413945,5534.569618144579,2200.0,2.5157134627929905,2.663963378124837,8.760105400401368,6.096142022276531
9,scenario_19,delay_min,5.5378204425459465,32,4235.803391000821,5534.569618144579,2391.0,2.314750990441062,2.9552116681401075,8.493032110686054,5.5378204425459465
9,scenario_19,delay_min,5.125953316058338,63,5114.75070314698,5534.569618144579,2333.0,2.37229730739159,2.578865900746377,7.704819216804714,5.125953316058338
12,scenario_19,flow_capacity_ratio,8.062807597333762,129,3327.5142290398862,5877.786738456312,729.0,8.062807597333762,2.079696393149929,79.9742438515204,77.89454745837047
12,scenario_19,flow_capacity_ratio,8.062807597333762,130,225.05482885543543,5877.786738456312,729.0,8.062807597333762,0.13503289731326126,5.192658838702684,5.057625941389423
12,scenario_19,flow_capacity_ratio,5.944400872199672,178,6719.55714161299,5944.400872199672,1000.0,5.944400872199672,5.039667856209742,95.86381692506997,90.82414906886022
12,scenario_19,flow_capacity_ratio,3.8690429447403294,98,2007.6948653871616,5942.849963121146,1536.0,3.8690429447403294,1.115386036326201,8.286947624691736,7.1715615883655355
12,scenario_19,flow_capacity_ratio,3.2591877870261734,126,1897.1851262924465,5902.3890823044,1811.0,3.2591877870261734,1.073878373373083,5.648525790060603,4.57464741668752
12,scenario_19,flow_capacity_ratio,3.042522026714764,128,1875.2605068342427,5884.237599666354,1934.0,3.042522026714764,0.9783967861743875,4.5119853495530435,3.533588563378656
12,scenario_19,flow_capacity_ratio,2.734095710755946,92,2550.193392452562,5922.051309497379,2166.0,2.734095710755946,1.577439211826327,5.985479483031949,4.408040271205622
12,scenario_19,flow_capacity_ratio,2.6717212447528693,174,6978.5477473254405,5877.786738456312,2200.0,2.6717212447528693,4.187128648395264,15.257318234738449,11.070189586343185
12,scenario_19,flow_capacity_ratio,2.6717212447528693,175,5286.2980122217705,5877.786738456312,2200.0,2.6717212447528693,3.1717788073330624,11.55752371072393,8.385744903390867
12,scenario_19,flow_capacity_ratio,2.6717212447528693,176,4439.9389635413945,5877.786738456312,2200.0,2.6717212447528693,2.663963378124837,9.707114454512132,7.043151076387295
12,scenario_19,delay_min,90.82414906886022,178,6719.55714161299,5944.400872199672,1000.0,5.944400872199672,5.039667856209742,95.86381692506997,90.82414906886022
12,scenario_19,delay_min,77.89454745837047,129,3327.5142290398862,5877.786738456312,729.0,8.062807597333762,2.079696393149929,79.9742438515204,77.89454745837047
12,scenario_19,delay_min,11.070189586343185,174,6978.5477473254405,5877.786738456312,2200.0,2.6717212447528693,4.187128648395264,15.257318234738449,11.070189586343185
12,scenario_19,delay_min,10.244415837621709,68,8865.80644588534,5877.786738456312,2335.0,2.5172534211804334,4.470154510530423,14.714570348152131,10.244415837621709
12,scenario_19,delay_min,9.601281571810597,61,8361.831024084971,5877.786738456312,2333.0,2.5194113752491694,4.1809155120424855,13.782197083853083,9.601281571810597
12,scenario_19,delay_min,8.385744903390867,175,5286.2980122217705,5877.786738456312,2200.0,2.6717212447528693,3.1717788073330624,11.55752371072393,8.385744903390867
12,scenario_19,delay_min,7.1715615883655355,98,2007.6948653871616,5942.849963121146,1536.0,3.8690429447403294,1.115386036326201,8.286947624691736,7.1715615883655355
12,scenario_19,delay_min,7.043151076387295,176,4439.9389635413945,5877.786738456312,2200.0,2.6717212447528693,2.663963378124837,9.707114454512132,7.043151076387295
12,scenario_19,delay_min,6.398096676263387,32,4235.803391000821,5877.786738456312,2391.0,2.458296419262364,2.9552116681401075,9.353308344403494,6.398096676263387
12,scenario_19,delay_min,5.922247789434717,63,5114.75070314698,5877.786738456312,2333.0,2.5194113752491694,2.578865900746377,8.501113690181095,5.922247789434717
15,scenario_19,flow_capacity_ratio,8.02650615872664,129,3327.5142290398862,5851.322989711721,729.0,8.02650615872664,2.079696393149929,79.13519786002841,77.05550146687848
15,scenario_19,flow_capacity_ratio,8.02650615872664,130,225.05482885543543,5851.322989711721,729.0,8.02650615872664,0.13503289731326126,5.13818030443998,5.003147407126719
15,scenario_19,flow_capacity_ratio,5.917814791479727,178,6719.55714161299,5917.814791479727,1000.0,5.917814791479727,5.039667856209742,94.8919700653719,89.85230220916215
15,scenario_19,flow_capacity_ratio,3.851816311520667,98,2007.6948653871616,5916.389854495745,1536.0,3.851816311520667,1.115386036326201,8.210552268777144,7.095166232450944
15,scenario_19,flow_capacity_ratio,3.2445792688669437,126,1897.1851262924465,5875.933055918035,1811.0,3.2445792688669437,1.073878373373083,5.5994687104438325,4.525590337070749
15,scenario_19,flow_capacity_ratio,3.0288614287606235,128,1875.2605068342427,5857.818003223046,1934.0,3.0288614287606235,0.9783967861743875,4.474027909319294,3.4956311231449066
15,scenario_19,flow_capacity_ratio,2.7192657230992534,92,2550.193392452562,5889.929556232983,2166.0,2.7192657230992534,1.577439211826327,5.92831411898916,4.350874907162833
15,scenario_19,flow_capacity_ratio,2.659692268050782,174,6978.5477473254405,5851.322989711721,2200.0,2.659692268050782,4.187128648395264,15.13807499499254,10.950946346597275
15,scenario_19,flow_capacity_ratio,2.659692268050782,175,5286.2980122217705,5851.322989711721,2200.0,2.659692268050782,3.1717788073330624,11.467196134835195,8.295417327502133
15,scenario_19,flow_capacity_ratio,2.659692268050782,176,4439.9389635413945,5851.322989711721,2200.0,2.659692268050782,2.663963378124837,9.631248712031589,6.9672853339067515
15,scenario_19,delay_min,89.85230220916215,178,6719.55714161299,5917.814791479727,1000.0,5.917814791479727,5.039667856209742,94.8919700653719,89.85230220916215
15,scenario_19,delay_min,77.05550146687848,129,3327.5142290398862,5851.322989711721,729.0,8.02650615872664,2.079696393149929,79.13519786002841,77.05550146687848
15,scenario_19,delay_min,10.950946346597275,174,6978.5477473254405,5851.322989711721,2200.0,2.659692268050782,4.187128648395264,15.13807499499254,10.950946346597275
15,scenario_19,delay_min,10.134067471475447,68,8865.80644588534,5851.322989711721,2335.0,2.5059199099407796,4.470154510530423,14.604221982005871,10.134067471475447
15,scenario_19,delay_min,9.497860766646813,61,8361.831024084971,5851.322989711721,2333.0,2.508068148183335,4.1809155120424855,13.678776278689298,9.497860766646813
15,scenario_19,delay_min,8.295417327502133,175,5286.2980122217705,5851.322989711721,2200.0,2.659692268050782,3.1717788073330624,11.467196134835195,8.295417327502133
15,scenario_19,delay_min,7.095166232450944,98,2007.6948653871616,5916.389854495745,1536.0,3.851816311520667,1.115386036326201,8.210552268777144,7.095166232450944
15,scenario_19,delay_min,6.9672853339067515,176,4439.9389635413945,5851.322989711721,2200.0,2.659692268050782,2.663963378124837,9.631248712031589,6.9672853339067515
15,scenario_19,delay_min,6.3291791776122,32,4235.803391000821,5851.322989711721,2391.0,2.447228352033342,2.9552116681401075,9.284390845752307,6.3291791776122
15,scenario_19,delay_min,5.858455926839932,63,5114.75070314698,5851.322989711721,2333.0,2.508068148183335,2.578865900746377,8.43732182758631,5.858455926839932
17,scenario_19,flow_capacity_ratio,8.057498313287331,129,3327.5142290398862,5873.916270386465,729.0,8.057498313287331,2.079696393149929,79.85119778050259,77.77150138735266
17,scenario_19,flow_capacity_ratio,8.057498313287331,130,225.05482885543543,5873.916270386465,729.0,8.057498313287331,0.13503289731326126,5.184669563187625,5.049636665874364
17,scenario_19,flow_capacity_ratio,5.940715945649853,178,6719.55714161299,5940.715945649853,1000.0,5.940715945649853,5.039667856209742,95.72875129543995,90.6890834392302
17,scenario_19,flow_capacity_ratio,3.866582167118508,98,2007.6948653871616,5939.070208694028,1536.0,3.866582167118508,1.115386036326201,8.276005531410012,7.160619495083812
17,scenario_19,flow_capacity_ratio,3.2569279761734706,126,1897.1851262924465,5898.296564850155,1811.0,3.2569279761734706,1.073878373373083,5.640916909701667,4.5670385363285835
17,scenario_19,flow_capacity_ratio,3.0404646762998744,128,1875.2605068342427,5880.258683963957,1934.0,3.0404646762998744,0.9783967861743875,4.506253481808775,3.5278566956343878
17,scenario_19,flow_capacity_ratio,2.733047328051368,92,2550.193392452562,5919.780512559263,2166.0,2.733047328051368,1.577439211826327,5.9814239648837,4.403984753057373
17,scenario_19,flow_capacity_ratio,2.6699619410847566,174,6978.5477473254405,5873.916270386465,2200.0,2.6699619410847566,4.187128648395264,15.23983121698859,11.052702568593325
17,scenario_19,flow_capacity_ratio,2.6699619410847566,175,5286.2980122217705,5873.916270386465,2200.0,2.6699619410847566,3.1717788073330624,11.54427717426422,8.372498366931158
17,scenario_19,flow_capacity_ratio,2.6699619410847566,176,4439.9389635413945,5873.916270386465,2200.0,2.6699619410847566,2.663963378124837,9.695988745514368,7.032025367389531
17,scenario_19,delay_min,90.6890834392302,178,6719.55714161299,5940.715945649853,1000.0,5.940715945649853,5.039667856209742,95.72875129543995,90.6890834392302
17,scenario_19,delay_min,77.77150138735266,129,3327.5142290398862,5873.916270386465,729.0,8.057498313287331,2.079696393149929,79.85119778050259,77.77150138735266
17,scenario_19,delay_min,11.052702568593325,174,6978.5477473254405,5873.916270386465,2200.0,2.6699619410847566,4.187128648395264,15.23983121698859,11.052702568593325
17,scenario_19,delay_min,10.228233252834684,68,8865.80644588534,5873.916270386465,2335.0,2.515595833141955,4.470154510530423,14.698387763365108,10.228233252834684
17,scenario_19,delay_min,9.586114913646519,61,8361.831024084971,5873.916270386465,2333.0,2.5177523662179446,4.1809155120424855,13.767030425689004,9.586114913646519
17,scenario_19,delay_min,8.372498366931158,175,5286.2980122217705,5873.916270386465,2200.0,2.6699619410847566,3.1717788073330624,11.54427717426422,8.372498366931158
17,scenario_19,delay_min,7.160619495083812,98,2007.6948653871616,5939.070208694028,1536.0,3.866582167118508,1.115386036326201,8.276005531410012,7.160619495083812
17,scenario_19,delay_min,7.032025367389531,176,4439.9389635413945,5873.916270386465,2200.0,2.6699619410847566,2.663963378124837,9.695988745514368,7.032025367389531
17,scenario_19,delay_min,6.38798992702748,32,4235.803391000821,5873.916270386465,2391.0,2.4566776538630135,2.9552116681401075,9.343201595167587,6.38798992702748
17,scenario_19,delay_min,5.912892714582101,63,5114.75070314698,5873.916270386465,2333.0,2.5177523662179446,2.578865900746377,8.491758615328479,5.912892714582101
28,scenario_19,flow_capacity_ratio,8.01640515253136,129,3327.5142290398862,5843.9593561953625,729.0,8.01640515253136,2.079696393149929,78.90267251134317,76.82297611819324
28,scenario_19,flow_capacity_ratio,8.01640515253136,130,225.05482885543543,5843.9593561953625,729.0,8.01640515253136,0.13503289731326126,5.12308263362843,4.988049736315169
28,scenario_19,flow_capacity_ratio,5.910308734324994,178,6719.55714161299,5910.3087343249945,1000.0,5.910308734324994,5.039667856209742,94.6186917029576,89.57902384674786
28,scenario_19,flow_capacity_ratio,3.846818550833317,98,2007.6948653871616,5908.713294079975,1536.0,3.846818550833317,1.115386036326201,8.188477856773526,7.073091820447325
28,scenario_19,flow_capacity_ratio,3.2404696902390997,126,1897.1851262924465,5868.49060902301,1811.0,3.2404696902390997,1.073878373373083,5.5857238534395846,4.511845480066501
28,scenario_19,flow_capacity_ratio,3.025031647465335,128,1875.2605068342427,5850.411206197958,1934.0,3.025031647465335,0.9783967861743875,4.463429348202634,3.485032562028247
28,scenario_19,flow_capacity_ratio,2.71894639971655,92,2550.193392452562,5889.237901786048,2166.0,2.71894639971655,1.577439211826327,5.92708800397297,4.349648792146643
28,scenario_19,flow_capacity_ratio,2.656345161906983,174,6978.5477473254405,5843.9593561953625,2200.0,2.656345161906983,4.187128648395264,15.105029040204089,10.917900391808825
28,scenario_19,flow_capacity_ratio,2.656345161906983,175,5286.2980122217705,5843.9593561953625,2200.0,2.656345161906983,3.1717788073330624,11.442163596342198,8.270384789009135
28,scenario_19,flow_capacity_ratio,2.656345161906983,176,4439.9389635413945,5843.9593561953625,2200.0,2.656345161906983,2.663963378124837,9.610223990618898,6.946260612494061
28,scenario_19,delay_min,89.57902384674786,178,6719.55714161299,5910.3087343249945,1000.0,5.910308734324994,5.039667856209742,94.6186917029576,89.57902384674786
28,scenario_19,delay_min,76.82297611819324,129,3327.5142290398862,5843.9593561953625,729.0,8.01640515253136,2.079696393149929,78.90267251134317,76.82297611819324
28,scenario_19,delay_min,10.917900391808825,174,6978.5477473254405,5843.9593561953625,2200.0,2.656345161906983,4.187128648395264,15.105029040204089,10.917900391808825
28,scenario_19,delay_min,10.103486558658766,68,8865.80644588534,5843.9593561953625,2335.0,2.5027663195697483,4.470154510530423,14.573641069189188,10.103486558658766
28,scenario_19,delay_min,9.469199693206425,61,8361.831024084971,5843.9593561953625,2333.0,2.504911854348634,4.1809155120424855,13.65011520524891,9.469199693206425
28,scenario_19,delay_min,8.270384789009135,175,5286.2980122217705,5843.9593561953625,2200.0,2.656345161906983,3.1717788073330624,11.442163596342198,8.270384789009135
28,scenario_19,delay_min,7.073091820447325,98,2007.6948653871616,5908.713294079975,1536.0,3.846818550833317,1.115386036326201,8.188477856773526,7.073091820447325
28,scenario_19,delay_min,6.946260612494061,176,4439.9389635413945,5843.9593561953625,2200.0,2.656345161906983,2.663963378124837,9.610223990618898,6.946260612494061
28,scenario_19,delay_min,6.310080027426302,32,4235.803391000821,5843.9593561953625,2391.0,2.444148622415459,2.9552116681401075,9.26529169556641,6.310080027426302
28,scenario_19,delay_min,5.840777247430767,63,5114.75070314698,5843.9593561953625,2333.0,2.504911854348634,2.578865900746377,8.419643148177144,5.840777247430767
57,scenario_19,flow_capacity_ratio,8.049770954074189,129,3327.5142290398862,5868.283025520083,729.0,8.049770954074189,2.079696393149929,79.67231398866363,77.5926175955137
57,scenario_19,flow_capacity_ratio,8.049770954074189,130,225.05482885543543,5868.283025520083,729.0,8.049770954074189,0.13503289731326126,5.173054792505733,5.038021895192472
57,scenario_19,flow_capacity_ratio,5.93442248282762,178,6719.55714161299,5934.42248282762,1000.0,5.93442248282762,5.039667856209742,95.49834464683049,90.45867679062074
57,scenario_19,flow_capacity_ratio,3.862560640794445,98,2007.6948653871616,5932.893144260267,1536.0,3.862560640794445,1.115386036326201,8.258144388277344,7.1427583519511435
57,scenario_19,flow_capacity_ratio,3.253767186218337,126,1897.1851262924465,5892.572374241408,1811.0,3.253767186218337,1.073878373373083,5.630286786323335,4.556408412950252
57,scenario_19,flow_capacity_ratio,3.037534762867201,128,1875.2605068342427,5874.592231385167,1934.0,3.037534762867201,0.9783967861743875,4.4980999834120095,3.519703197237622
57,scenario_19,flow_capacity_ratio,2.822601112005666,124,1877.417300305622,2057.6762106521305,729.0,2.822601112005666,1.425886557194143,5.727028779236497,4.301142222042355
57,scenario_19,flow_capacity_ratio,2.7270030253727797,92,2550.193392452562,5906.688552957441,2166.0,2.7270030253727797,1.577439211826327,5.958084900093308,4.380645688266981
57,scenario_19,flow_capacity_ratio,2.6674013752364014,174,6978.5477473254405,5868.283025520083,2200.0,2.6674013752364014,4.187128648395264,15.21440867389416,11.027280025498897
57,scenario_19,flow_capacity_ratio,2.6674013752364014,175,5286.2980122217705,5868.283025520083,2200.0,2.6674013752364014,3.1717788073330624,11.525019422667233,8.35324061533417
57,scenario_19,flow_capacity_ratio,2.6674013752364014,176,4439.9389635413945,5868.283025520083,2200.0,2.6674013752364014,2.663963378124837,9.679814242777676,7.015850864652839
57,scenario_19,delay_min,90.45867679062074,178,6719.55714161299,5934.42248282762,1000.0,5.93442248282762,5.039667856209742,95.49834464683049,90.45867679062074
57,scenario_19,delay_min,77.5926175955137,129,3327.5142290398862,5868.283025520083,729.0,8.049770954074189,2.079696393149929,79.67231398866363,77.5926175955137
57,scenario_19,delay_min,11.027280025498897,174,6978.5477473254405,5868.283025520083,2200.0,2.6674013752364014,4.187128648395264,15.21440867389416,11.027280025498897
57,scenario_19,delay_min,10.204707088167147,68,8865.80644588534,5868.283025520083,2335.0,2.5131833085739115,4.470154510530423,14.674861598697571,10.204707088167147
57,scenario_19,delay_min,9.564065698263414,61,8361.831024084971,5868.283025520083,2333.0,2.5153377734762468,4.1809155120424855,13.7449812103059,9.564065698263414
57,scenario_19,delay_min,8.35324061533417,175,5286.2980122217705,5868.283025520083,2200.0,2.6674013752364014,3.1717788073330624,11.525019422667233,8.35324061533417
57,scenario_19,delay_min,7.1427583519511435,98,2007.6948653871616,5932.893144260267,1536.0,3.862560640794445,1.115386036326201,8.258144388277344,7.1427583519511435
57,scenario_19,delay_min,7.015850864652839,176,4439.9389635413945,5868.283025520083,2200.0,2.6674013752364014,2.663963378124837,9.679814242777676,7.015850864652839
57,scenario_19,delay_min,6.3732967831381195,32,4235.803391000821,5868.283025520083,2391.0,2.45432163342538,2.9552116681401075,9.328508451278227,6.3732967831381195
57,scenario_19,delay_min,5.8992923513301,63,5114.75070314698,5868.283025520083,2333.0,2.5153377734762468,2.578865900746377,8.478158252076478,5.8992923513301
62,scenario_19,flow_capacity_ratio,8.057375330229537,129,3327.5142290398862,5873.826615737332,729.0,8.057375330229537,2.079696393149929,79.84834891367427,77.76865252052434
62,scenario_19,flow_capacity_ratio,8.057375330229537,130,225.05482885543543,5873.826615737332,729.0,8.057375330229537,0.13503289731326126,5.184484588715796,5.049451691402536
62,scenario_19,flow_capacity_ratio,5.940200793766895,178,6719.55714161299,5940.200793766895,1000.0,5.940200793766895,5.039667856209742,95.70987849289001,90.67021063668027
62,scenario_19,flow_capacity_ratio,3.8663309775576558,98,2007.6948653871616,5938.684381528559,1536.0,3.8663309775576558,1.115386036326201,8.274889140140544,7.159503103814344
62,scenario_19,flow_capacity_ratio,3.256805993762095,126,1897.1851262924465,5898.075654703153,1811.0,3.256805993762095,1.073878373373083,5.640506399843001,4.5666280264699175
62,scenario_19,flow_capacity_ratio,3.0403993710604102,128,1875.2605068342427,5880.132383630834,1934.0,3.0403993710604102,0.9783967861743875,4.506071627451411,3.527674841277024
62,scenario_19,flow_capacity_ratio,2.822601102604676,124,1877.417300305622,2057.6762037988087,729.0,2.822601102604676,1.425886557194143,5.727028744855447,4.301142187661304
62,scenario_19,flow_capacity_ratio,2.7295807483104566,92,2550.193392452562,5912.271900840449,2166.0,2.7295807483104566,1.577439211826327,5.968029499468455,4.390590287642127
62,scenario_19,flow_capacity_ratio,2.6699211889715144,174,6978.5477473254405,5873.826615737332,2200.0,2.6699211889715144,4.187128648395264,15.239426342746105,11.052297694350841
62,scenario_19,flow_capacity_ratio,2.6699211889715144,175,5286.2980122217705,5873.826615737332,2200.0,2.6699211889715144,3.1717788073330624,11.543970479235291,8.372191671902229
62,scenario_19,flow_capacity_ratio,2.6699211889715144,176,4439.9389635413945,5873.826615737332,2200.0,2.6699211889715144,2.663963378124837,9.695731153678699,7.0317677755538615
62,scenario_19,delay_min,90.67021063668027,178,6719.55714161299,5940.200793766895,1000.0,5.940200793766895,5.039667856209742,95.70987849289001,90.67021063668027
62,scenario_19,delay_min,77.76865252052434,129,3327.5142290398862,5873.826615737332,729.0,8.057375330229537,2.079696393149929,79.84834891367427,77.76865252052434
62,scenario_19,delay_min,11.052297694350841,174,6978.5477473254405,5873.826615737332,2200.0,2.6699211889715144,4.187128648395264,15.239426342746105,11.052297694350841
62,scenario_19,delay_min,10.227858579928718,68,8865.80644588534,5873.826615737332,2335.0,2.515557437146609,4.470154510530423,14.69801309045914,10.227858579928718
62,scenario_19,delay_min,9.58576376233398,61,8361.831024084971,5873.826615737332,2333.0,2.517713937307043,4.1809155120424855,13.766679274376466,9.58576376233398
62,scenario_19,delay_min,8.372191671902229,175,5286.2980122217705,5873.826615737332,2200.0,2.6699211889715144,3.1717788073330624,11.543970479235291,8.372191671902229
62,scenario_19,delay_min,7.159503103814344,98,2007.6948653871616,5938.684381528559,1536.0,3.8663309775576558,1.115386036326201,8.274889140140544,7.159503103814344
62,scenario_19,delay_min,7.0317677755538615,176,4439.9389635413945,5873.826615737332,2200.0,2.6699211889715144,2.663963378124837,9.695731153678699,7.0317677755538615
62,scenario_19,delay_min,6.3877559270110424,32,4235.803391000821,5873.826615737332,2391.0,2.456640157146521,2.9552116681401075,9.34296759515115,6.3877559270110424
62,scenario_19,delay_min,5.912676117967484,63,5114.75070314698,5873.826615737332,2333.0,2.517713937307043,2.578865900746377,8.491542018713861,5.912676117967484
90,scenario_19,flow_capacity_ratio,8.066463434682314,129,3327.5142290398862,5880.451843883407,729.0,8.066463434682314,2.079696393149929,80.05903620666219,77.97933981351225
90,scenario_19,flow_capacity_ratio,8.066463434682314,130,225.05482885543543,5880.451843883407,729.0,8.066463434682314,0.13503289731326126,5.198164333361675,5.0631314360484145
90,scenario_19,flow_capacity_ratio,5.944270064362088,178,6719.55714161299,5944.270064362087,1000.0,5.944270064362088,5.039667856209742,95.8590203464571,90.81935249024735
90,scenario_19,flow_capacity_ratio,3.86986329182696,98,2007.6948653871616,5944.110016246211,1536.0,3.86986329182696,1.115386036326201,8.290597546149073,7.175211509822872
90,scenario_19,flow_capacity_ratio,3.2597313407295823,126,1897.1851262924465,5903.373458061274,1811.0,3.2597313407295823,1.073878373373083,5.650357061165067,4.576478687791984
90,scenario_19,flow_capacity_ratio,3.04371193571102,128,1875.2605068342427,5886.538883665113,1934.0,3.04371193571102,0.9783967861743875,4.515302965606904,3.5369061794325165
90,scenario_19,flow_capacity_ratio,2.8226071996066477,124,1877.417300305622,2057.680648513246,729.0,2.8226071996066477,1.425886557194143,5.727051042681685,4.301164485487542
90,scenario_19,flow_capacity_ratio,2.7317090382745373,92,2550.193392452562,5916.881776902647,2166.0,2.7317090382745373,1.577439211826327,5.976250146517848,4.398810934691521
90,scenario_19,flow_capacity_ratio,2.6729326563106395,174,6978.5477473254405,5880.451843883407,2200.0,2.6729326563106395,4.187128648395264,15.269368724503394,11.08224007610813
90,scenario_19,flow_capacity_ratio,2.6729326563106395,175,5286.2980122217705,5880.451843883407,2200.0,2.6729326563106395,3.1717788073330624,11.566652039768485,8.394873232435422
90,scenario_19,flow_capacity_ratio,2.6729326563106395,176,4439.9389635413945,5880.451843883407,2200.0,2.6729326563106395,2.663963378124837,9.714781298814751,7.050817920689914
90,scenario_19,delay_min,90.81935249024735,178,6719.55714161299,5944.270064362087,1000.0,5.944270064362088,5.039667856209742,95.8590203464571,90.81935249024735
90,scenario_19,delay_min,77.97933981351225,129,3327.5142290398862,5880.451843883407,729.0,8.066463434682314,2.079696393149929,80.05903620666219,77.97933981351225
90,scenario_19,delay_min,11.08224007610813,174,6978.5477473254405,5880.451843883407,2200.0,2.6729326563106395,4.187128648395264,15.269368724503394,11.08224007610813
90,scenario_19,delay_min,10.255567428769833,68,8865.80644588534,5880.451843883407,2335.0,2.5183947939543496,4.470154510530423,14.725721939300255,10.255567428769833
90,scenario_19,delay_min,9.611733077126656,61,8361.831024084971,5880.451843883407,2333.0,2.520553726482386,4.1809155120424855,13.792648589169142,9.611733077126656
90,scenario_19,delay_min,8.394873232435422,175,5286.2980122217705,5880.451843883407,2200.0,2.6729326563106395,3.1717788073330624,11.566652039768485,8.394873232435422
90,scenario_19,delay_min,7.175211509822872,98,2007.6948653871616,5944.110016246211,1536.0,3.86986329182696,1.115386036326201,8.290597546149073,7.175211509822872
90,scenario_19,delay_min,7.050817920689914,176,4439.9389635413945,5880.451843883407,2200.0,2.6729326563106395,2.663963378124837,9.714781298814751,7.050817920689914
90,scenario_19,delay_min,6.405061344565684,32,4235.803391000821,5880.451843883407,2391.0,2.4594110597588483,2.9552116681401075,9.360273012705791,6.405061344565684
90,scenario_19,delay_min,5.9286944709314895,63,5114.75070314698,5880.451843883407,2333.0,2.520553726482386,2.578865900746377,8.507560371677867,5.9286944709314895
94,scenario_19,flow_capacity_ratio,8.068298229143847,129,3327.5142290398862,5881.789409045865,729.0,8.068298229143847,2.079696393149929,80.10161214149726,78.02191574834733
94,scenario_19,flow_capacity_ratio,8.068298229143847,130,225.05482885543543,5881.789409045865,729.0,8.068298229143847,0.13503289731326126,5.20092875217566,5.065895854862399
94,scenario_19,flow_capacity_ratio,5.947838945604963,178,6719.55714161299,5947.838945604964,1000.0,5.947838945604963,5.039667856209742,95.98994025879084,90.95027240258109
94,scenario_19,flow_capacity_ratio,3.87131539782872,98,2007.6948653871616,5946.340451064913,1536.0,3.87131539782872,1.115386036326201,8.297060971106324,7.181674934780124
94,scenario_19,flow_capacity_ratio,3.2611401374939364,126,1897.1851262924465,5905.924789001519,1811.0,3.2611401374939364,1.073878373373083,5.6551053879186295,4.581227014545546
94,scenario_19,flow_capacity_ratio,3.044512572911276,128,1875.2605068342427,5888.087316010407,1934.0,3.044512572911276,0.9783967861743875,4.517536265073949,3.539139478899562
94,scenario_19,flow_capacity_ratio,2.8226010806562525,124,1877.417300305622,2057.676187798408,729.0,2.8226010806562525,1.425886557194143,5.72702866458626,4.301142107392117
94,scenario_19,flow_capacity_ratio,2.7331803638906353,92,2550.193392452562,5920.068668187117,2166.0,2.7331803638906353,1.577439211826327,5.981938474323975,4.404499262497648
94,scenario_19,flow_capacity_ratio,2.673540640475393,174,6978.5477473254405,5881.789409045865,2200.0,2.673540640475393,4.187128648395264,15.275419516064792,11.088290867669528
94,scenario_19,flow_capacity_ratio,2.673540640475393,175,5286.2980122217705,5881.789409045865,2200.0,2.673540640475393,3.1717788073330624,11.571235556076106,8.399456748743043
94,scenario_19,flow_capacity_ratio,2.673540640475393,176,4439.9389635413945,5881.789409045865,2200.0,2.673540640475393,2.663963378124837,9.718630974447336,7.054667596322499
94,scenario_19,delay_min,90.95027240258109,178,6719.55714161299,5947.838945604964,1000.0,5.947838945604963,5.039667856209742,95.98994025879084,90.95027240258109
94,scenario_19,delay_min,78.02191574834733,129,3327.5142290398862,5881.789409045865,729.0,8.068298229143847,2.079696393149929,80.10161214149726,78.02191574834733
94,scenario_19,delay_min,11.088290867669528,174,6978.5477473254405,5881.789409045865,2200.0,2.673540640475393,4.187128648395264,15.275419516064792,11.088290867669528
94,scenario_19,delay_min,10.261166865384556,68,8865.80644588534,5881.789409045865,2335.0,2.5189676270003702,4.470154510530423,14.73132137591498,10.261166865384556
94,scenario_19,delay_min,9.61698098666427,61,8361.831024084971,5881.789409045865,2333.0,2.5211270505983134,4.1809155120424855,13.797896498706756,9.61698098666427
94,scenario_19,delay_min,8.399456748743043,175,5286.2980122217705,5881.789409045865,2200.0,2.673540640475393,3.1717788073330624,11.571235556076106,8.399456748743043
94,scenario_19,delay_min,7.181674934780124,98,2007.6948653871616,5946.340451064913,1536.0,3.87131539782872,1.115386036326201,8.297060971106324,7.181674934780124
94,scenario_19,delay_min,7.054667596322499,176,4439.9389635413945,5881.789409045865,2200.0,2.673540640475393,2.663963378124837,9.718630974447336,7.054667596322499
94,scenario_19,delay_min,6.408558443605928,32,4235.803391000821,5881.789409045865,2391.0,2.459970476388902,2.9552116681401075,9.363770111746035,6.408558443605928
94,scenario_19,delay_min,5.931931478452395,63,5114.75070314698,5881.789409045865,2333.0,2.5211270505983134,2.578865900746377,8.510797379198772,5.931931478452395
104,scenario_19,flow_capacity_ratio,8.06719068087937,129,3327.5142290398862,5880.982006361061,729.0,8.06719068087937,2.079696393149929,80.0759101463642,77.99621375321426
104,scenario_19,flow_capacity_ratio,8.06719068087937,130,225.05482885543543,5880.982006361061,729.0,8.06719068087937,0.13503289731326126,5.199259943747189,5.0642270464339285
104,scenario_19,flow_capacity_ratio,5.944901658892453,178,6719.55714161299,5944.901658892453,1000.0,5.944901658892453,5.039667856209742,95.88218158457931,90.84251372836957
104,scenario_19,flow_capacity_ratio,3.8702583039483183,98,2007.6948653871616,5944.716754864617,1536.0,3.8702583039483183,1.115386036326201,8.29235543648724,7.176969400161039
104,scenario_19,flow_capacity_ratio,3.260011080663336,126,1897.1851262924465,5903.880067081302,1811.0,3.260011080663336,1.073878373373083,5.651299691548271,4.577421318175188
104,scenario_19,flow_capacity_ratio,3.0439869393036267,128,1875.2605068342427,5887.070740613214,1934.0,3.0439869393036267,0.9783967861743875,4.516069968617142,3.5376731824427545
104,scenario_19,flow_capacity_ratio,2.8226009826916676,124,1877.417300305622,2057.6761163822257,729.0,2.8226009826916676,1.425886557194143,5.727028306312814,4.3011417491186705
104,scenario_19,flow_capacity_ratio,2.731943438521723,92,2550.193392452562,5917.389487838052,2166.0,2.731943438521723,1.577439211826327,5.977156079870484,4.399716868044157
104,scenario_19,flow_capacity_ratio,2.673173639255028,174,6978.5477473254405,5880.982006361061,2200.0,2.673173639255028,4.187128648395264,15.271766809063413,11.084638160668149
104,scenario_19,flow_capacity_ratio,2.673173639255028,175,5286.2980122217705,5880.982006361061,2200.0,2.673173639255028,3.1717788073330624,11.568468605349429,8.396689798016366
104,scenario_19,flow_capacity_ratio,2.673173639255028,176,4439.9389635413945,5880.982006361061,2200.0,2.673173639255028,2.663963378124837,9.716307024432947,7.05234364630811
104,scenario_19,delay_min,90.84251372836957,178,6719.55714161299,5944.901658892453,1000.0,5.944901658892453,5.039667856209742,95.88218158457931,90.84251372836957
104,scenario_19,delay_min,77.99621375321426,129,3327.5142290398862,5880.982006361061,729.0,8.06719068087937,2.079696393149929,80.0759101463642,77.99621375321426
104,scenario_19,delay_min,11.084638160668149,174,6978.5477473254405,5880.982006361061,2200.0,2.673173639255028,4.187128648395264,15.271766809063413,11.084638160668149
104,scenario_19,delay_min,10.257786629737897,68,8865.80644588534,5880.982006361061,2335.0,2.5186218442659793,4.470154510530423,14.72794114026832,10.257786629737897
104,scenario_19,delay_min,9.613812958858963,61,8361.831024084971,5880.982006361061,2333.0,2.5207809714363743,4.1809155120424855,13.794728470901449,9.613812958858963
104,scenario_19,delay_min,8.396689798016366,175,5286.2980122217705,5880.982006361061,2200.0,2.673173639255028,3.1717788073330624,11.568468605349429,8.396689798016366
104,scenario_19,delay_min,7.176969400161039,98,2007.6948653871616,5944.716754864617,1536.0,3.8702583039483183,1.115386036326201,8.29235543648724,7.176969400161039
104,scenario_19,delay_min,7.05234364630811,176,4439.9389635413945,5880.982006361061,2200.0,2.673173639255028,2.663963378124837,9.716307024432947,7.05234364630811
104,scenario_19,delay_min,6.406447334998207,32,4235.803391000821,5880.982006361061,2391.0,2.4596327922881898,2.9552116681401075,9.361659003138314,6.406447334998207
104,scenario_19,delay_min,5.929977380395117,63,5114.75070314698,5880.982006361061,2333.0,2.5207809714363743,2.578865900746377,8.508843281141495,5.929977380395117
152,scenario_19,flow_capacity_ratio,7.575188240642839,129,3327.5142290398862,5522.31222742863,729.0,7.575188240642839,2.079696393149929,69.14288177033703,67.0631853771871
152,scenario_19,flow_capacity_ratio,7.575188240642839,130,225.05482885543543,5522.31222742863,729.0,7.575188240642839,0.13503289731326126,4.489387818716958,4.354354921403697
152,scenario_19,flow_capacity_ratio,5.5853114902498815,178,6719.55714161299,5585.311490249882,1000.0,5.5853114902498815,5.039667856209742,83.24847823724284,78.20881038103309
152,scenario_19,flow_capacity_ratio,3.6357686995943705,98,2007.6948653871616,5584.540722576953,1536.0,3.6357686995943705,1.115386036326201,7.292650620466003,6.177264584139802
152,scenario_19,flow_capacity_ratio,3.0623424867442517,126,1897.1851262924465,5545.90224349384,1811.0,3.0623424867442517,1.073878373373083,5.013224382952634,3.939346009579551
152,scenario_19,flow_capacity_ratio,2.858584426852632,128,1875.2605068342427,5528.50228153299,1934.0,2.858584426852632,0.9783967861743875,4.020804981889177,3.0424081957147897
152,scenario_19,flow_capacity_ratio,2.5664967644145884,92,2550.193392452562,5559.031991721999,2166.0,2.5664967644145884,1.577439211826327,5.36457059162668,3.7871313798003525
152,scenario_19,flow_capacity_ratio,2.510141921558468,174,6978.5477473254405,5522.31222742863,2200.0,2.510141921558468,4.187128648395264,13.717990571513884,9.53086192311862
152,scenario_19,flow_capacity_ratio,2.510141921558468,175,5286.2980122217705,5522.31222742863,2200.0,2.510141921558468,3.1717788073330624,10.391472397342763,7.219693590009701
152,scenario_19,flow_capacity_ratio,2.510141921558468,176,4439.9389635413945,5522.31222742863,2200.0,2.510141921558468,2.663963378124837,8.727752971712615,6.063789593587778
152,scenario_19,delay_min,78.20881038103309,178,6719.55714161299,5585.311490249882,1000.0,5.5853114902498815,5.039667856209742,83.24847823724284,78.20881038103309
152,scenario_19,delay_min,67.0631853771871,129,3327.5142290398862,5522.31222742863,729.0,7.575188240642839,2.079696393149929,69.14288177033703,67.0631853771871
152,scenario_19,delay_min,9.53086192311862,174,6978.5477473254405,5522.31222742863,2200.0,2.510141921558468,4.187128648395264,13.717990571513884,9.53086192311862
152,scenario_19,delay_min,8.819913342029299,68,8865.80644588534,5522.31222742863,2335.0,2.3650159432242526,4.470154510530423,13.290067852559723,8.819913342029299
152,scenario_19,delay_min,8.266207930061126,61,8361.831024084971,5522.31222742863,2333.0,2.367043389382182,4.1809155120424855,12.447123442103612,8.266207930061126
152,scenario_19,delay_min,7.219693590009701,175,5286.2980122217705,5522.31222742863,2200.0,2.510141921558468,3.1717788073330624,10.391472397342763,7.219693590009701
152,scenario_19,delay_min,6.177264584139802,98,2007.6948653871616,5584.540722576953,1536.0,3.6357686995943705,1.115386036326201,7.292650620466003,6.177264584139802
152,scenario_19,delay_min,6.063789593587778,176,4439.9389635413945,5522.31222742863,2200.0,2.510141921558468,2.663963378124837,8.727752971712615,6.063789593587778
152,scenario_19,delay_min,5.508431045070639,32,4235.803391000821,5522.31222742863,2391.0,2.309624520045433,2.9552116681401075,8.463642713210746,5.508431045070639
152,scenario_19,delay_min,5.0987497111367865,63,5114.75070314698,5522.31222742863,2333.0,2.367043389382182,2.578865900746377,7.677615611883163,5.0987497111367865
176,scenario_19,flow_capacity_ratio,8.021601251470116,129,3327.5142290398862,5847.747312321714,729.0,8.021601251470116,2.079696393149929,79.0222356058325,76.94253921268258
176,scenario_19,flow_capacity_ratio,8.021601251470116,130,225.05482885543543,5847.747312321714,729.0,8.021601251470116,0.13503289731326126,5.130845762474454,4.995812865161193
176,scenario_19,flow_capacity_ratio,5.912519191622524,178,6719.55714161299,5912.519191622524,1000.0,5.912519191622524,5.039667856209742,94.69911895277166,89.65945109656191
176,scenario_19,flow_capacity_ratio,3.848597163716319,98,2007.6948653871616,5911.445243468266,1536.0,3.848597163716319,1.115386036326201,8.196329143098183,7.080943106771982
176,scenario_19,flow_capacity_ratio,3.241568033676938,126,1897.1851262924465,5870.479708988935,1811.0,3.241568033676938,1.073878373373083,5.589394974358036,4.515516600984952
176,scenario_19,flow_capacity_ratio,3.02707722459355,128,1875.2605068342427,5854.367352363926,1934.0,3.02707722459355,0.9783967861743875,4.469087955593733,3.4906911694193457
176,scenario_19,flow_capacity_ratio,2.7190553444964496,92,2550.193392452562,5889.47387617931,2166.0,2.7190553444964496,1.577439211826327,5.92750629966718,4.350067087840853
176,scenario_19,flow_capacity_ratio,2.658066960146234,174,6978.5477473254405,5847.747312321714,2200.0,2.658066960146234,4.187128648395264,15.122021065534668,10.934892417139404
176,scenario_19,flow_capacity_ratio,2.658066960146234,175,5286.2980122217705,5847.747312321714,2200.0,2.658066960146234,3.1717788073330624,11.455035172632993,8.28325636529993
176,scenario_19,flow_capacity_ratio,2.658066960146234,176,4439.9389635413945,5847.747312321714,2200.0,2.658066960146234,2.663963378124837,9.621034772183535,6.957071394058698
176,scenario_19,delay_min,89.65945109656191,178,6719.55714161299,5912.519191622524,1000.0,5.912519191622524,5.039667856209742,94.69911895277166,89.65945109656191
176,scenario_19,delay_min,76.94253921268258,129,3327.5142290398862,5847.747312321714,729.0,8.021601251470116,2.079696393149929,79.0222356058325,76.94253921268258
176,scenario_19,delay_min,10.934892417139404,174,6978.5477473254405,5847.747312321714,2200.0,2.658066960146234,4.187128648395264,15.122021065534668,10.934892417139404
176,scenario_19,delay_min,10.119211074671082,68,8865.80644588534,5847.747312321714,2335.0,2.504388570587458,4.470154510530423,14.589365585201504,10.119211074671082
176,scenario_19,delay_min,9.483937039699157,61,8361.831024084971,5847.747312321714,2333.0,2.506535496065887,4.1809155120424855,13.664852551741642,9.483937039699157
176,scenario_19,delay_min,8.28325636529993,175,5286.2980122217705,5847.747312321714,2200.0,2.658066960146234,3.1717788073330624,11.455035172632993,8.28325636529993
176,scenario_19,delay_min,7.080943106771982,98,2007.6948653871616,5911.445243468266,1536.0,3.848597163716319,1.115386036326201,8.196329143098183,7.080943106771982
176,scenario_19,delay_min,6.957071394058698,176,4439.9389635413945,5847.747312321714,2200.0,2.658066960146234,2.663963378124837,9.621034772183535,6.957071394058698
176,scenario_19,delay_min,6.319900692189323,32,4235.803391000821,5847.747312321714,2391.0,2.4457328784281533,2.9552116681401075,9.27511236032943,6.319900692189323
176,scenario_19,delay_min,5.84986751491599,63,5114.75070314698,5847.747312321714,2333.0,2.506535496065887,2.578865900746377,8.428733415662368,5.84986751491599
177,scenario_19,flow_capacity_ratio,8.06860182910233,129,3327.5142290398862,5882.010733415598,729.0,8.06860182910233,2.079696393149929,80.10865840785259,78.02896201470266
177,scenario_19,flow_capacity_ratio,8.06860182910233,130,225.05482885543543,5882.010733415598,729.0,8.06860182910233,0.13503289731326126,5.201386260187087,5.066353362873826
177,scenario_19,flow_capacity_ratio,5.949779495764546,178,6719.55714161299,5949.7794957645465,1000.0,5.949779495764546,5.039667856209742,96.0611730721002,91.02150521589046
177,scenario_19,flow_capacity_ratio,3.8726210756115194,98,2007.6948653871616,5948.345972139294,1536.0,3.8726210756115194,1.115386036326201,8.30287553261978,7.187489496293579
177,scenario_19,flow_capacity_ratio,3.261129559674447,126,1897.1851262924465,5905.905632570424,1811.0,3.261129559674447,1.073878373373083,5.6550697248459665,4.581191351472883
177,scenario_19,flow_capacity_ratio,3.0446089842617012,128,1875.2605068342427,5888.27377556213,1934.0,3.0446089842617012,0.9783967861743875,4.517805250618582,3.5394084644441945
177,scenario_19,flow_capacity_ratio,2.8226011062506973,124,1877.417300305622,2057.6762064567583,729.0,2.8226011062506973,1.425886557194143,5.727028758189579,4.301142200995436
177,scenario_19,flow_capacity_ratio,2.733104120849969,92,2550.193392452562,5919.903525761033,2166.0,2.733104120849969,1.577439211826327,5.98164360389667,4.404204392070342
177,scenario_19,flow_capacity_ratio,2.6736412424616356,174,6978.5477473254405,5882.010733415598,2200.0,2.6736412424616356,4.187128648395264,15.27642091484012,11.089292266444856
177,scenario_19,flow_capacity_ratio,2.6736412424616356,175,5286.2980122217705,5882.010733415598,2200.0,2.6736412424616356,3.1717788073330624,11.571994122549695,8.400215315216633
177,scenario_19,flow_capacity_ratio,2.6736412424616356,176,4439.9389635413945,5882.010733415598,2200.0,2.6736412424616356,2.663963378124837,9.71926809116583,7.055304713040993
177,scenario_19,delay_min,91.02150521589046,178,6719.55714161299,5949.7794957645465,1000.0,5.949779495764546,5.039667856209742,96.0611730721002,91.02150521589046
177,scenario_19,delay_min,78.02896201470266,129,3327.5142290398862,5882.010733415598,729.0,8.06860182910233,2.079696393149929,80.10865840785259,78.02896201470266
177,scenario_19,delay_min,11.089292266444856,174,6978.5477473254405,5882.010733415598,2200.0,2.6736412424616356,4.187128648395264,15.27642091484012,11.089292266444856
177,scenario_19,delay_min,10.262093565455388,68,8865.80644588534,5882.010733415598,2335.0,2.5190624125976866,4.470154510530423,14.73224807598581,10.262093565455388
177,scenario_19,delay_min,9.617849509423758,61,8361.831024084971,5882.010733415598,2333.0,2.5212219174520354,4.1809155120424855,13.798765021466243,9.617849509423758
177,scenario_19,delay_min,8.400215315216633,175,5286.2980122217705,5882.010733415598,2200.0,2.6736412424616356,3.1717788073330624,11.571994122549695,8.400215315216633
177,scenario_19,delay_min,7.187489496293579,98,2007.6948653871616,5948.345972139294,1536.0,3.8726210756115194,1.115386036326201,8.30287553261978,7.187489496293579
177,scenario_19,delay_min,7.055304713040993,176,4439.9389635413945,5882.010733415598,2200.0,2.6736412424616356,2.663963378124837,9.71926809116583,7.055304713040993
177,scenario_19,delay_min,6.409137209319567,32,4235.803391000821,5882.010733415598,2391.0,2.4600630419973224,2.9552116681401075,9.364348877459674,6.409137209319567
177,scenario_19,delay_min,5.9324671993302776,63,5114.75070314698,5882.010733415598,2333.0,2.5212219174520354,2.578865900746377,8.511333100076655,5.9324671993302776
206,scenario_19,flow_capacity_ratio,8.065279929871963,129,3327.5142290398862,5879.589068876661,729.0,8.065279929871963,2.079696393149929,80.03158047328252,77.95188408013259
206,scenario_19,flow_capacity_ratio,8.065279929871963,130,225.05482885543543,5879.589068876661,729.0,8.065279929871963,0.13503289731326126,5.1963816562178735,5.061348758904613
206,scenario_19,flow_capacity_ratio,5.943310801149892,178,6719.55714161299,5943.310801149892,1000.0,5.943310801149892,5.039667856209742,95.82384974145639,90.78418188524664
206,scenario_19,flow_capacity_ratio,3.8692344583625164,98,2007.6948653871616,5943.144128044825,1536.0,3.8692344583625164,1.115386036326201,8.287799617918319,7.172413581592118
206,scenario_19,flow_capacity_ratio,3.259261279818635,126,1897.1851262924465,5902.522177751548,1811.0,3.259261279818635,1.073878373373083,5.648773367512657,4.574894994139574
206,scenario_19,flow_capacity_ratio,3.043265882092709,128,1875.2605068342427,5885.676215967299,1934.0,3.043265882092709,0.9783967861743875,4.514059099175575,3.5356623130011875
206,scenario_19,flow_capacity_ratio,2.8226015637729382,124,1877.417300305622,2057.676539990472,729.0,2.8226015637729382,1.425886557194143,5.727030431427874,4.3011438742337305
206,scenario_19,flow_capacity_ratio,2.7313150121037637,92,2550.193392452562,5916.0283162167525,2166.0,2.7313150121037637,1.577439211826327,5.974727520261645,4.397288308435318
206,scenario_19,flow_capacity_ratio,2.6725404858530277,174,6978.5477473254405,5879.589068876661,2200.0,2.6725404858530277,4.187128648395264,15.265466780353742,11.078338131958478
206,scenario_19,flow_capacity_ratio,2.6725404858530277,175,5286.2980122217705,5879.589068876661,2200.0,2.6725404858530277,3.1717788073330624,11.563696290184339,8.391917482851277
206,scenario_19,flow_capacity_ratio,2.6725404858530277,176,4439.9389635413945,5879.589068876661,2200.0,2.6725404858530277,2.663963378124837,9.712298777452016,7.048335399327179
206,scenario_19,delay_min,90.78418188524664,178,6719.55714161299,5943.310801149892,1000.0,5.943310801149892,5.039667856209742,95.82384974145639,90.78418188524664
206,scenario_19,delay_min,77.95188408013259,129,3327.5142290398862,5879.589068876661,729.0,8.065279929871963,2.079696393149929,80.03158047328252,77.95188408013259
206,scenario_19,delay_min,11.078338131958478,174,6978.5477473254405,5879.589068876661,2200.0,2.6725404858530277,4.187128648395264,15.265466780353742,11.078338131958478
206,scenario_19,delay_min,10.25195654766139,68,8865.80644588534,5879.589068876661,2335.0,2.5180252971634522,4.470154510530423,14.722111058191812,10.25195654766139
206,scenario_19,delay_min,9.608348883552914,61,8361.831024084971,5879.589068876661,2333.0,2.520183912934703,4.1809155120424855,13.7892643955954,9.608348883552914
206,scenario_19,delay_min,8.391917482851277,175,5286.2980122217705,5879.589068876661,2200.0,2.6725404858530277,3.1717788073330624,11.563696290184339,8.391917482851277
206,scenario_19,delay_min,7.172413581592118,98,2007.6948653871616,5943.144128044825,1536.0,3.8692344583625164,1.115386036326201,8.287799617918319,7.172413581592118
206,scenario_19,delay_min,7.048335399327179,176,4439.9389635413945,5879.589068876661,2200.0,2.6725404858530277,2.663963378124837,9.712298777452016,7.048335399327179
206,scenario_19,delay_min,6.402806187533358,32,4235.803391000821,5879.589068876661,2391.0,2.4590502170124053,2.9552116681401075,9.358017855673465,6.402806187533358
206,scenario_19,delay_min,5.926607037836103,63,5114.75070314698,5879.589068876661,2333.0,2.520183912934703,2.578865900746377,8.50547293858248,5.926607037836103
209,scenario_19,flow_capacity_ratio,8.052035411060466,129,3327.5142290398862,5869.93381466308,729.0,8.052035411060466,2.079696393149929,79.72470993769426,77.64501354454433
209,scenario_19,flow_capacity_ratio,8.052035411060466,130,225.05482885543543,5869.93381466308,729.0,8.052035411060466,0.13503289731326126,5.176456816391712,5.0414239190784516
209,scenario_19,flow_capacity_ratio,5.935805899315917,178,6719.55714161299,5935.8058993159175,1000.0,5.935805899315917,5.039667856209742,95.54896286159388,90.50929500538413
209,scenario_19,flow_capacity_ratio,3.8634861680406147,98,2007.6948653871616,5934.3147541103845,1536.0,3.8634861680406147,1.115386036326201,8.262252705191417,7.146866668865216
209,scenario_19,flow_capacity_ratio,3.2548611982937485,126,1897.1851262924465,5894.553630109978,1811.0,3.2548611982937485,1.073878373373083,5.633964447674331,4.560086074301248
209,scenario_19,flow_capacity_ratio,3.0385031492710106,128,1875.2605068342427,5876.465090690134,1934.0,3.0385031492710106,0.9783967861743875,4.500793636255072,3.522396850080684
209,scenario_19,flow_capacity_ratio,2.7309250163698238,92,2550.193392452562,5915.183585457038,2166.0,2.7309250163698238,1.577439211826327,5.973220771517749,4.395781559691422
209,scenario_19,flow_capacity_ratio,2.6681517339377634,174,6978.5477473254405,5869.93381466308,2200.0,2.6681517339377634,4.187128648395264,15.22185506273974,11.034726414344476
209,scenario_19,flow_capacity_ratio,2.6681517339377634,175,5286.2980122217705,5869.93381466308,2200.0,2.6681517339377634,3.1717788073330624,11.530660113535575,8.358881306202512
209,scenario_19,flow_capacity_ratio,2.6681517339377634,176,4439.9389635413945,5869.93381466308,2200.0,2.6681517339377634,2.663963378124837,9.684551834776789,7.020588456651952
209,scenario_19,delay_min,90.50929500538413,178,6719.55714161299,5935.8058993159175,1000.0,5.935805899315917,5.039667856209742,95.54896286159388,90.50929500538413
209,scenario_19,delay_min,77.64501354454433,129,3327.5142290398862,5869.93381466308,729.0,8.052035411060466,2.079696393149929,79.72470993769426,77.64501354454433
209,scenario_19,delay_min,11.034726414344476,174,6978.5477473254405,5869.93381466308,2200.0,2.6681517339377634,4.187128648395264,15.22185506273974,11.034726414344476
209,scenario_19,delay_min,10.211598018374602,68,8865.80644588534,5869.93381466308,2335.0,2.5138902846522826,4.470154510530423,14.681752528905024,10.211598018374602
209,scenario_19,delay_min,9.570524022706907,61,8361.831024084971,5869.93381466308,2333.0,2.5160453556206943,4.1809155120424855,13.751439534749393,9.570524022706907
209,scenario_19,delay_min,8.358881306202512,175,5286.2980122217705,5869.93381466308,2200.0,2.6681517339377634,3.1717788073330624,11.530660113535575,8.358881306202512
209,scenario_19,delay_min,7.146866668865216,98,2007.6948653871616,5934.3147541103845,1536.0,3.8634861680406147,1.115386036326201,8.262252705191417,7.146866668865216
209,scenario_19,delay_min,7.020588456651952,176,4439.9389635413945,5869.93381466308,2200.0,2.6681517339377634,2.663963378124837,9.684551834776789,7.020588456651952
209,scenario_19,delay_min,6.377600477790454,32,4235.803391000821,5869.93381466308,2391.0,2.455012051301999,2.9552116681401075,9.33281214593056,6.377600477790454
209,scenario_19,delay_min,5.90327596511883,63,5114.75070314698,5869.93381466308,2333.0,2.5160453556206943,2.578865900746377,8.482141865865207,5.90327596511883
227,scenario_19,flow_capacity_ratio,8.070221005460928,129,3327.5142290398862,5883.191112981016,729.0,8.070221005460928,2.079696393149929,80.14624422056382,78.06654782741388
227,scenario_19,flow_capacity_ratio,8.070221005460928,130,225.05482885543543,5883.191112981016,729.0,8.070221005460928,0.13503289731326126,5.203826674665367,5.068793777352107
227,scenario_19,flow_capacity_ratio,5.949530653525978,178,6719.55714161299,5949.530653525979,1000.0,5.949530653525978,5.039667856209742,96.05203686850687,91.01236901229713
227,scenario_19,flow_capacity_ratio,3.872373211752684,98,2007.6948653871616,5947.965253252122,1536.0,3.872373211752684,1.115386036326201,8.301771511938867,7.186385475612666
227,scenario_19,flow_capacity_ratio,3.262137588486328,126,1897.1851262924465,5907.73117274874,1811.0,3.262137588486328,1.073878373373083,5.658469017295543,4.58459064392246
227,scenario_19,flow_capacity_ratio,3.0452945618082894,128,1875.2605068342427,5889.599682537231,1934.0,3.0452945618082894,0.9783967861743875,4.519718340786995,3.541321554612608
227,scenario_19,flow_capacity_ratio,2.8226011111848432,124,1877.417300305622,2057.6762100537508,729.0,2.8226011111848432,1.425886557194143,5.727028776234606,4.301142219040463
227,scenario_19,flow_capacity_ratio,2.734009709139218,92,2550.193392452562,5921.865029995546,2166.0,2.734009709139218,1.577439211826327,5.985146716121507,4.40770750429518
227,scenario_19,flow_capacity_ratio,2.6741777786277345,174,6978.5477473254405,5883.191112981016,2200.0,2.6741777786277345,4.187128648395264,15.28176252200065,11.094633873605385
227,scenario_19,flow_capacity_ratio,2.6741777786277345,175,5286.2980122217705,5883.191112981016,2200.0,2.6741777786277345,3.1717788073330624,11.576040426786218,8.404261619453155
227,scenario_19,flow_capacity_ratio,2.6741777786277345,176,4439.9389635413945,5883.191112981016,2200.0,2.6741777786277345,2.663963378124837,9.722666564690504,7.058703186565667
227,scenario_19,delay_min,91.01236901229713,178,6719.55714161299,5949.530653525979,1000.0,5.949530653525978,5.039667856209742,96.05203686850687,91.01236901229713
227,scenario_19,delay_min,78.06654782741388,129,3327.5142290398862,5883.191112981016,729.0,8.070221005460928,2.079696393149929,80.14624422056382,78.06654782741388
227,scenario_19,delay_min,11.094633873605385,174,6978.5477473254405,5883.191112981016,2200.0,2.6741777786277345,4.187128648395264,15.28176252200065,11.094633873605385
227,scenario_19,delay_min,10.267036718828404,68,8865.80644588534,5883.191112981016,2335.0,2.519567928471527,4.470154510530423,14.737191229358828,10.267036718828404
227,scenario_19,delay_min,9.622482336530668,61,8361.831024084971,5883.191112981016,2333.0,2.521727866687105,4.1809155120424855,13.803397848573153,9.622482336530668
227,scenario_19,delay_min,8.404261619453155,175,5286.2980122217705,5883.191112981016,2200.0,2.6741777786277345,3.1717788073330624,11.576040426786218,8.404261619453155
227,scenario_19,delay_min,7.186385475612666,98,2007.6948653871616,5947.965253252122,1536.0,3.872373211752684,1.115386036326201,8.301771511938867,7.186385475612666
227,scenario_19,delay_min,7.058703186565667,176,4439.9389635413945,5883.191112981016,2200.0,2.6741777786277345,2.663963378124837,9.722666564690504,7.058703186565667
227,scenario_19,delay_min,6.412224430071582,32,4235.803391000821,5883.191112981016,2391.0,2.4605567181016377,2.9552116681401075,9.367436098211689,6.412224430071582
227,scenario_19,delay_min,5.935324812648616,63,5114.75070314698,5883.191112981016,2333.0,2.521727866687105,2.578865900746377,8.514190713394994,5.935324812648616
233,scenario_19,flow_capacity_ratio,8.070792887041476,129,3327.5142290398862,5883.608014653236,729.0,8.070792887041476,2.079696393149929,80.15952178567302,78.07982539252309
233,scenario_19,flow_capacity_ratio,8.070792887041476,130,225.05482885543543,5883.608014653236,729.0,8.070792887041476,0.13503289731326126,5.204688775543105,5.069655878229844
233,scenario_19,flow_capacity_ratio,5.94750530168997,178,6719.55714161299,5947.50530168997,1000.0,5.94750530168997,5.039667856209742,95.97769629037188,90.93802843416213
233,scenario_19,flow_capacity_ratio,3.8719622840210897,98,2007.6948653871616,5947.334068256394,1536.0,3.8719622840210897,1.115386036326201,8.299941399667517,7.184555363341317
233,scenario_19,flow_capacity_ratio,3.2614625849252747,126,1897.1851262924465,5906.508741299673,1811.0,3.2614625849252747,1.073878373373083,5.65619259575198,4.582314222378897
233,scenario_19,flow_capacity_ratio,3.045344015046264,128,1875.2605068342427,5889.695325099474,1934.0,3.045344015046264,0.9783967861743875,4.519856362358162,3.5414595761837746
233,scenario_19,flow_capacity_ratio,2.8226742143974866,124,1877.417300305622,2057.729502295768,729.0,2.8226742143974866,1.425886557194143,5.727296132196527,4.301409575002383
233,scenario_19,flow_capacity_ratio,2.7331582129372114,92,2550.193392452562,5920.020689221999,2166.0,2.7331582129372114,1.577439211826327,5.981852804188933,4.404413592362606
233,scenario_19,flow_capacity_ratio,2.6743672793878344,174,6978.5477473254405,5883.608014653236,2200.0,2.6743672793878344,4.187128648395264,15.283649498275627,11.096520849880363
233,scenario_19,flow_capacity_ratio,2.6743672793878344,175,5286.2980122217705,5883.608014653236,2200.0,2.6743672793878344,3.1717788073330624,11.57746982431887,8.405691016985807
233,scenario_19,flow_capacity_ratio,2.6743672793878344,176,4439.9389635413945,5883.608014653236,2200.0,2.6743672793878344,2.663963378124837,9.723867109530191,7.059903731405354
233,scenario_19,delay_min,90.93802843416213,178,6719.55714161299,5947.50530168997,1000.0,5.94750530168997,5.039667856209742,95.97769629037188,90.93802843416213
233,scenario_19,delay_min,78.07982539252309,129,3327.5142290398862,5883.608014653236,729.0,8.070792887041476,2.079696393149929,80.15952178567302,78.07982539252309
233,scenario_19,delay_min,11.096520849880363,174,6978.5477473254405,5883.608014653236,2200.0,2.6743672793878344,4.187128648395264,15.283649498275627,11.096520849880363
233,scenario_19,delay_min,10.26878293730875,68,8865.80644588534,5883.608014653236,2335.0,2.5197464730848975,4.470154510530423,14.738937447839174,10.26878293730875
233,scenario_19,delay_min,9.62411892914673,61,8361.831024084971,5883.608014653236,2333.0,2.5219065643605814,4.1809155120424855,13.805034441189216,9.62411892914673
233,scenario_19,delay_min,8.405691016985807,175,5286.2980122217705,5883.608014653236,2200.0,2.6743672793878344,3.1717788073330624,11.57746982431887,8.405691016985807
233,scenario_19,delay_min,7.184555363341317,98,2007.6948653871616,5947.334068256394,1536.0,3.8719622840210897,1.115386036326201,8.299941399667517,7.184555363341317
233,scenario_19,delay_min,7.059903731405354,176,4439.9389635413945,5883.608014653236,2200.0,2.6743672793878344,2.663963378124837,9.723867109530191,7.059903731405354
233,scenario_19,delay_min,6.413315021749256,32,4235.803391000821,5883.608014653236,2391.0,2.4607310809925704,2.9552116681401075,9.368526689889363,6.413315021749256
233,scenario_19,delay_min,5.936334293198707,63,5114.75070314698,5883.608014653236,2333.0,2.5219065643605814,2.578865900746377,8.515200193945084,5.936334293198707
240,scenario_19,flow_capacity_ratio,8.07016917869667,129,3327.5142290398862,5883.153331269872,729.0,8.07016917869667,2.079696393149929,80.14504100641246,78.06534461326252
240,scenario_19,flow_capacity_ratio,8.07016917869667,130,225.05482885543543,5883.153331269872,729.0,8.07016917869667,0.13503289731326126,5.2037485510058366,5.068715653692576
240,scenario_19,flow_capacity_ratio,5.949591339758429,178,6719.55714161299,5949.591339758429,1000.0,5.949591339758429,5.039667856209742,96.05426490464879,91.01459704843904
240,scenario_19,flow_capacity_ratio,3.8724062623189788,98,2007.6948653871616,5948.016018921951,1536.0,3.8724062623189788,1.115386036326201,8.301918718119026,7.1865326817928254
240,scenario_19,flow_capacity_ratio,3.262129589143793,126,1897.1851262924465,5907.716685939409,1811.0,3.262129589143793,1.073878373373083,5.658442035982587,4.584563662609503
240,scenario_19,flow_capacity_ratio,3.0452689205600274,128,1875.2605068342427,5889.550092363093,1934.0,3.0452689205600274,0.9783967861743875,4.519646778551065,3.541249992376678
240,scenario_19,flow_capacity_ratio,2.822601108316215,124,1877.417300305622,2057.6762079625205,729.0,2.822601108316215,1.425886557194143,5.727028765743534,4.3011422085493916
240,scenario_19,flow_capacity_ratio,2.7339917610792837,92,2550.193392452562,5921.826154497729,2166.0,2.7339917610792837,1.577439211826327,5.985077271363068,4.407638059536741
240,scenario_19,flow_capacity_ratio,2.674160605122669,174,6978.5477473254405,5883.153331269872,2200.0,2.674160605122669,4.187128648395264,15.281591524039904,11.09446287564464
240,scenario_19,flow_capacity_ratio,2.674160605122669,175,5286.2980122217705,5883.153331269872,2200.0,2.674160605122669,3.1717788073330624,11.575910894652496,8.404132087319434
240,scenario_19,flow_capacity_ratio,2.674160605122669,176,4439.9389635413945,5883.153331269872,2200.0,2.674160605122669,2.663963378124837,9.722557771208525,7.058594393083688
240,scenario_19,delay_min,91.01459704843904,178,6719.55714161299,5949.591339758429,1000.0,5.949591339758429,5.039667856209742,96.05426490464879,91.01459704843904
240,scenario_19,delay_min,78.06534461326252,129,3327.5142290398862,5883.153331269872,729.0,8.07016917869667,2.079696393149929,80.14504100641246,78.06534461326252
240,scenario_19,delay_min,11.09446287564464,174,6978.5477473254405,5883.153331269872,2200.0,2.674160605122669,4.187128648395264,15.281591524039904,11.09446287564464
240,scenario_19,delay_min,10.266878476351742,68,8865.80644588534,5883.153331269872,2335.0,2.5195517478671827,4.470154510530423,14.737032986882165,10.266878476351742
240,scenario_19,delay_min,9.622334028359745,61,8361.831024084971,5883.153331269872,2333.0,2.5217116722116897,4.1809155120424855,13.80324954040223,9.622334028359745
240,scenario_19,delay_min,8.404132087319434,175,5286.2980122217705,5883.153331269872,2200.0,2.674160605122669,3.1717788073330624,11.575910894652496,8.404132087319434
240,scenario_19,delay_min,7.1865326817928254,98,2007.6948653871616,5948.016018921951,1536.0,3.8724062623189788,1.115386036326201,8.301918718119026,7.1865326817928254
240,scenario_19,delay_min,7.058594393083688,176,4439.9389635413945,5883.153331269872,2200.0,2.674160605122669,2.663963378124837,9.722557771208525,7.058594393083688
240,scenario_19,delay_min,6.4121256005550915,32,4235.803391000821,5883.153331269872,2391.0,2.4605409164658605,2.9552116681401075,9.367337268695199,6.4121256005550915
240,scenario_19,delay_min,5.935233333429844,63,5114.75070314698,5883.153331269872,2333.0,2.5217116722116897,2.578865900746377,8.514099234176221,5.935233333429844
254,scenario_19,flow_capacity_ratio,7.497605806575869,129,3327.5142290398862,5465.754632993809,729.0,7.497605806575869,2.079696393149929,67.50627274802467,65.42657635487474
254,scenario_19,flow_capacity_ratio,7.497605806575869,130,225.05482885543543,5465.754632993809,729.0,7.497605806575869,0.13503289731326126,4.38312420313356,4.248091305820299
254,scenario_19,flow_capacity_ratio,5.528593842033579,178,6719.55714161299,5528.593842033579,1000.0,5.528593842033579,5.039667856209742,81.35594370771045,76.3162758515007
254,scenario_19,flow_capacity_ratio,3.598832016416088,98,2007.6948653871616,5527.805977215111,1536.0,3.598832016416088,1.115386036326201,7.143104963708569,6.027718927382368
254,scenario_19,flow_capacity_ratio,3.031061226672844,126,1897.1851262924465,5489.2518815045205,1811.0,3.031061226672844,1.073878373373083,4.917338737942822,3.843460364569739
254,scenario_19,flow_capacity_ratio,2.82932639071472,128,1875.2605068342427,5471.917239642269,1934.0,2.82932639071472,0.9783967861743875,3.946604895979003,2.968208109804616
254,scenario_19,flow_capacity_ratio,2.5404298884893217,92,2550.193392452562,5502.571138467871,2166.0,2.5404298884893217,1.577439211826327,5.2729115318205135,3.6954723199941863
254,scenario_19,flow_capacity_ratio,2.484433924088095,174,6978.5477473254405,5465.754632993809,2200.0,2.484433924088095,4.187128648395264,13.485399552670101,9.298270904274837
254,scenario_19,flow_capacity_ratio,2.484433924088095,175,5286.2980122217705,5465.754632993809,2200.0,2.484433924088095,3.1717788073330624,10.215283097635565,7.0435042903025025
254,scenario_19,flow_capacity_ratio,2.484433924088095,176,4439.9389635413945,5465.754632993809,2200.0,2.484433924088095,2.663963378124837,8.579772336697244,5.915808958572407
254,scenario_19,delay_min,76.3162758515007,178,6719.55714161299,5528.593842033579,1000.0,5.528593842033579,5.039667856209742,81.35594370771045,76.3162758515007
254,scenario_19,delay_min,65.42657635487474,129,3327.5142290398862,5465.754632993809,729.0,7.497605806575869,2.079696393149929,67.50627274802467,65.42657635487474
254,scenario_19,delay_min,9.298270904274837,174,6978.5477473254405,5465.754632993809,2200.0,2.484433924088095,4.187128648395264,13.485399552670101,9.298270904274837
254,scenario_19,delay_min,8.604672302248797,68,8865.80644588534,5465.754632993809,2335.0,2.340794275372081,4.470154510530423,13.07482681277922,8.604672302248797
254,scenario_19,delay_min,8.064479509280652,61,8361.831024084971,5465.754632993809,2333.0,2.34280095713408,4.1809155120424855,12.245395021323137,8.064479509280652
254,scenario_19,delay_min,7.0435042903025025,175,5286.2980122217705,5465.754632993809,2200.0,2.484433924088095,3.1717788073330624,10.215283097635565,7.0435042903025025
254,scenario_19,delay_min,6.027718927382368,98,2007.6948653871616,5527.805977215111,1536.0,3.598832016416088,1.115386036326201,7.143104963708569,6.027718927382368
254,scenario_19,delay_min,5.915808958572407,176,4439.9389635413945,5465.754632993809,2200.0,2.484433924088095,2.663963378124837,8.579772336697244,5.915808958572407
254,scenario_19,delay_min,5.374003372176132,32,4235.803391000821,5465.754632993809,2391.0,2.285970151816733,2.9552116681401075,8.329215040316239,5.374003372176132
254,scenario_19,delay_min,4.974319895689968,63,5114.75070314698,5465.754632993809,2333.0,2.34280095713408,2.578865900746377,7.553185796436345,4.974319895689968
267,scenario_19,flow_capacity_ratio,8.067510735314208,129,3327.5142290398862,5881.215326044057,729.0,8.067510735314208,2.079696393149929,80.08333688859395,78.00364049544402
267,scenario_19,flow_capacity_ratio,8.067510735314208,130,225.05482885543543,5881.215326044057,729.0,8.067510735314208,0.13503289731326126,5.1997421557297585,5.064709258416498
267,scenario_19,flow_capacity_ratio,5.9463650850569145,178,6719.55714161299,5946.365085056915,1000.0,5.9463650850569145,5.039667856209742,95.93586020642636,90.89619235021661
267,scenario_19,flow_capacity_ratio,3.871310147942482,98,2007.6948653871616,5946.332387239652,1536.0,3.871310147942482,1.115386036326201,8.297037597382365,7.181651561056165
267,scenario_19,flow_capacity_ratio,3.260290937188157,126,1897.1851262924465,5904.386887247752,1811.0,3.260290937188157,1.073878373373083,5.6522428281234465,4.578364454750363
267,scenario_19,flow_capacity_ratio,3.044115636821833,128,1875.2605068342427,5887.319641613425,1934.0,3.044115636821833,0.9783967861743875,4.516428947739573,3.538032161565186
267,scenario_19,flow_capacity_ratio,2.8226009750353374,124,1877.417300305622,2057.676110800761,729.0,2.8226009750353374,1.425886557194143,5.7270282783122894,4.301141721118146
267,scenario_19,flow_capacity_ratio,2.7322221589580598,92,2550.193392452562,5917.993196303158,2166.0,2.7322221589580598,1.577439211826327,5.9782334479294335,4.400794236103106
267,scenario_19,flow_capacity_ratio,2.6732796936563896,174,6978.5477473254405,5881.215326044057,2200.0,2.6732796936563896,4.187128648395264,15.272822280173713,11.08569363177845
267,scenario_19,flow_capacity_ratio,2.6732796936563896,175,5286.2980122217705,5881.215326044057,2200.0,2.6732796936563896,3.1717788073330624,11.569268131989405,8.397489324656343
267,scenario_19,flow_capacity_ratio,2.6732796936563896,176,4439.9389635413945,5881.215326044057,2200.0,2.6732796936563896,2.663963378124837,9.716978543419016,7.053015165294179
267,scenario_19,delay_min,90.89619235021661,178,6719.55714161299,5946.365085056915,1000.0,5.9463650850569145,5.039667856209742,95.93586020642636,90.89619235021661
267,scenario_19,delay_min,78.00364049544402,129,3327.5142290398862,5881.215326044057,729.0,8.067510735314208,2.079696393149929,80.08333688859395,78.00364049544402
267,scenario_19,delay_min,11.08569363177845,174,6978.5477473254405,5881.215326044057,2200.0,2.6732796936563896,4.187128648395264,15.272822280173713,11.08569363177845
267,scenario_19,delay_min,10.258763368652268,68,8865.80644588534,5881.215326044057,2335.0,2.5187217670424227,4.470154510530423,14.728917879182692,10.258763368652268
267,scenario_19,delay_min,9.61472837907303,61,8361.831024084971,5881.215326044057,2333.0,2.5208809798731493,4.1809155120424855,13.795643891115516,9.61472837907303
267,scenario_19,delay_min,8.397489324656343,175,5286.2980122217705,5881.215326044057,2200.0,2.6732796936563896,3.1717788073330624,11.569268131989405,8.397489324656343
267,scenario_19,delay_min,7.181651561056165,98,2007.6948653871616,5946.332387239652,1536.0,3.871310147942482,1.115386036326201,8.297037597382365,7.181651561056165
267,scenario_19,delay_min,7.053015165294179,176,4439.9389635413945,5881.215326044057,2200.0,2.6732796936563896,2.663963378124837,9.716978543419016,7.053015165294179
267,scenario_19,delay_min,6.407057352211554,32,4235.803391000821,5881.215326044057,2391.0,2.4597303747570294,2.9552116681401075,9.362269020351661,6.407057352211554
267,scenario_19,delay_min,5.930542028489084,63,5114.75070314698,5881.215326044057,2333.0,2.5208809798731493,2.578865900746377,8.509407929235461,5.930542028489084
273,scenario_19,flow_capacity_ratio,8.070399085213511,129,3327.5142290398862,5883.320933120649,729.0,8.070399085213511,2.079696393149929,80.15037861626385,78.07068222311392
273,scenario_19,flow_capacity_ratio,8.070399085213511,130,225.05482885543543,5883.320933120649,729.0,8.070399085213511,0.13503289731326126,5.2040951174206915,5.069062220107431
273,scenario_19,flow_capacity_ratio,5.949796416512335,178,6719.55714161299,5949.796416512335,1000.0,5.949796416512335,5.039667856209742,96.06179433411513,91.02212647790539
273,scenario_19,flow_capacity_ratio,3.872603839546214,98,2007.6948653871616,5948.319497542985,1536.0,3.872603839546214,1.115386036326201,8.3027987575468,7.187412721220599
273,scenario_19,flow_capacity_ratio,3.261993757725505,126,1897.1851262924465,5907.47069524089,1811.0,3.261993757725505,1.073878373373083,5.657983898719678,4.584105525346595
273,scenario_19,flow_capacity_ratio,3.045302511265324,128,1875.2605068342427,5889.615056787136,1934.0,3.045302511265324,0.9783967861743875,4.51974052712155,3.541343740947162
273,scenario_19,flow_capacity_ratio,2.8226011073844304,124,1877.417300305622,2057.67620728325,729.0,2.8226011073844304,1.425886557194143,5.727028762335838,4.301142205141694
273,scenario_19,flow_capacity_ratio,2.7338482203476033,92,2550.193392452562,5921.515245272909,2166.0,2.7338482203476033,1.577439211826327,5.984521905528197,4.40708269370187
273,scenario_19,flow_capacity_ratio,2.6742367877821134,174,6978.5477473254405,5883.320933120649,2200.0,2.6742367877821134,4.187128648395264,15.282350092578021,11.095221444182757
273,scenario_19,flow_capacity_ratio,2.6742367877821134,175,5286.2980122217705,5883.320933120649,2200.0,2.6742367877821134,3.1717788073330624,11.5764855155479,8.404706708214837
273,scenario_19,flow_capacity_ratio,2.6742367877821134,176,4439.9389635413945,5883.320933120649,2200.0,2.6742367877821134,2.663963378124837,9.723040392827068,7.059077014702231
273,scenario_19,delay_min,91.02212647790539,178,6719.55714161299,5949.796416512335,1000.0,5.949796416512335,5.039667856209742,96.06179433411513,91.02212647790539
273,scenario_19,delay_min,78.07068222311392,129,3327.5142290398862,5883.320933120649,729.0,8.070399085213511,2.079696393149929,80.15037861626385,78.07068222311392
273,scenario_19,delay_min,11.095221444182757,174,6978.5477473254405,5883.320933120649,2200.0,2.6742367877821134,4.187128648395264,15.282350092578021,11.095221444182757
273,scenario_19,delay_min,10.267580459952402,68,8865.80644588534,5883.320933120649,2335.0,2.519623525961734,4.470154510530423,14.737734970482824,10.267580459952402
273,scenario_19,delay_min,9.622991942126182,61,8361.831024084971,5883.320933120649,2333.0,2.521783511839112,4.1809155120424855,13.803907454168668,9.622991942126182
273,scenario_19,delay_min,8.404706708214837,175,5286.2980122217705,5883.320933120649,2200.0,2.6742367877821134,3.1717788073330624,11.5764855155479,8.404706708214837
273,scenario_19,delay_min,7.187412721220599,98,2007.6948653871616,5948.319497542985,1536.0,3.872603839546214,1.115386036326201,8.3027987575468,7.187412721220599
273,scenario_19,delay_min,7.059077014702231,176,4439.9389635413945,5883.320933120649,2200.0,2.6742367877821134,2.663963378124837,9.723040392827068,7.059077014702231
273,scenario_19,delay_min,6.412564020765023,32,4235.803391000821,5883.320933120649,2391.0,2.460611013433981,2.9552116681401075,9.36777568890513,6.412564020765023
273,scenario_19,delay_min,5.935639146791299,63,5114.75070314698,5883.320933120649,2333.0,2.521783511839112,2.578865900746377,8.514505047537677,5.935639146791299
308,scenario_19,flow_capacity_ratio,8.070792741400359,129,3327.5142290398862,5883.607908480862,729.0,8.070792741400359,2.079696393149929,80.15951840410703,78.0798220109571
308,scenario_19,flow_capacity_ratio,8.070792741400359,130,225.05482885543543,5883.607908480862,729.0,8.070792741400359,0.13503289731326126,5.204688555980935,5.069655658667674
308,scenario_19,flow_capacity_ratio,5.95016507286764,178,6719.55714161299,5950.16507286764,1000.0,5.95016507286764,5.039667856209742,96.07533053137999,91.03566267517024
308,scenario_19,flow_capacity_ratio,3.8727869915447504,98,2007.6948653871616,5948.600819012737,1536.0,3.8727869915447504,1.115386036326201,8.303614600926219,7.188228564600018
308,scenario_19,flow_capacity_ratio,3.262405431855509,126,1897.1851262924465,5908.216237090327,1811.0,3.262405431855509,1.073878373373083,5.659372490737498,4.585494117364415
308,scenario_19,flow_capacity_ratio,3.045545331367358,128,1875.2605068342427,5890.08467086447,1934.0,3.045545331367358,0.9783967861743875,4.520418258762462,3.542021472588075
308,scenario_19,flow_capacity_ratio,2.7369238365321937,92,2550.193392452562,5928.177029928732,2166.0,2.7369238365321937,1.577439211826327,5.9964305438958165,4.418991332069489
308,scenario_19,flow_capacity_ratio,2.6743672311276643,174,6978.5477473254405,5883.607908480862,2200.0,2.6743672311276643,4.187128648395264,15.283649017695433,11.096520369300169
308,scenario_19,flow_capacity_ratio,2.6743672311276643,175,5286.2980122217705,5883.607908480862,2200.0,2.6743672311276643,3.1717788073330624,11.577469460276061,8.405690652942999
308,scenario_19,flow_capacity_ratio,2.6743672311276643,176,4439.9389635413945,5883.607908480862,2200.0,2.6743672311276643,2.663963378124837,9.723866803772202,7.059903425647365
308,scenario_19,delay_min,91.03566267517024,178,6719.55714161299,5950.16507286764,1000.0,5.95016507286764,5.039667856209742,96.07533053137999,91.03566267517024
308,scenario_19,delay_min,78.0798220109571,129,3327.5142290398862,5883.607908480862,729.0,8.070792741400359,2.079696393149929,80.15951840410703,78.0798220109571
308,scenario_19,delay_min,11.096520369300169,174,6978.5477473254405,5883.607908480862,2200.0,2.6743672311276643,4.187128648395264,15.283649017695433,11.096520369300169
308,scenario_19,delay_min,10.268782492577131,68,8865.80644588534,5883.607908480862,2335.0,2.51974642761493,4.470154510530423,14.738937003107555,10.268782492577131
308,scenario_19,delay_min,9.624118512334917,61,8361.831024084971,5883.607908480862,2333.0,2.5219065188516336,4.1809155120424855,13.805034024377402,9.624118512334917
308,scenario_19,delay_min,8.405690652942999,175,5286.2980122217705,5883.607908480862,2200.0,2.6743672311276643,3.1717788073330624,11.577469460276061,8.405690652942999
308,scenario_19,delay_min,7.188228564600018,98,2007.6948653871616,5948.600819012737,1536.0,3.8727869915447504,1.115386036326201,8.303614600926219,7.188228564600018
308,scenario_19,delay_min,7.059903425647365,176,4439.9389635413945,5883.607908480862,2200.0,2.6743672311276643,2.663963378124837,9.723866803772202,7.059903425647365
308,scenario_19,delay_min,6.413314743994432,32,4235.803391000821,5883.607908480862,2391.0,2.4607310365875623,2.9552116681401075,9.368526412134539,6.413314743994432
308,scenario_19,delay_min,5.936334036101483,63,5114.75070314698,5883.607908480862,2333.0,2.5219065188516336,2.578865900746377,8.51519993684786,5.936334036101483
334,scenario_19,flow_capacity_ratio,7.98205280457464,129,3327.5142290398862,5818.916494534913,729.0,7.98205280457464,2.079696393149929,78.11494650782633,76.0352501146764
334,scenario_19,flow_capacity_ratio,7.98205280457464,130,225.05482885543543,5818.916494534913,729.0,7.98205280457464,0.13503289731326126,5.071936262026195,4.936903364712935
334,scenario_19,flow_capacity_ratio,5.885730080039944,178,6719.55714161299,5885.730080039944,1000.0,5.885730080039944,5.039667856209742,93.72723528021854,88.68756742400879
334,scenario_19,flow_capacity_ratio,3.8309188571576303,98,2007.6948653871616,5884.29136459412,1536.0,3.8309188571576303,1.115386036326201,8.118517833237263,7.003131796911062
334,scenario_19,flow_capacity_ratio,3.2267012109725357,126,1897.1851262924465,5843.555893071262,1811.0,3.2267012109725357,1.073878373373083,5.539851546215548,4.465973172842465
334,scenario_19,flow_capacity_ratio,3.012128851202733,128,1875.2605068342427,5825.457198226085,1934.0,3.012128851202733,0.9783967861743875,4.427860147229173,3.4494633610547853
334,scenario_19,flow_capacity_ratio,2.704011810112013,92,2550.193392452562,5856.88958070262,2166.0,2.704011810112013,1.577439211826327,5.869968260303149,4.292529048476822
334,scenario_19,flow_capacity_ratio,2.644962042970415,174,6978.5477473254405,5818.916494534913,2200.0,2.644962042970415,4.187128648395264,14.993079276253226,10.805950627857962
334,scenario_19,flow_capacity_ratio,2.644962042970415,175,5286.2980122217705,5818.916494534913,2200.0,2.644962042970415,3.1717788073330624,11.357360878632205,8.185582071299143
334,scenario_19,flow_capacity_ratio,2.644962042970415,176,4439.9389635413945,5818.916494534913,2200.0,2.644962042970415,2.663963378124837,9.538998552759683,6.875035174634846
334,scenario_19,delay_min,88.68756742400879,178,6719.55714161299,5885.730080039944,1000.0,5.885730080039944,5.039667856209742,93.72723528021854,88.68756742400879
334,scenario_19,delay_min,76.0352501146764,129,3327.5142290398862,5818.916494534913,729.0,7.98205280457464,2.079696393149929,78.11494650782633,76.0352501146764
334,scenario_19,delay_min,10.805950627857962,174,6978.5477473254405,5818.916494534913,2200.0,2.644962042970415,4.187128648395264,14.993079276253226,10.805950627857962
334,scenario_19,delay_min,9.99988761612114,68,8865.80644588534,5818.916494534913,2335.0,2.492041325282618,4.470154510530423,14.470042126651562,9.99988761612114
334,scenario_19,delay_min,9.372104589531233,61,8361.831024084971,5818.916494534913,2333.0,2.494177665895805,4.1809155120424855,13.553020101573718,9.372104589531233
334,scenario_19,delay_min,8.185582071299143,175,5286.2980122217705,5818.916494534913,2200.0,2.644962042970415,3.1717788073330624,11.357360878632205,8.185582071299143
334,scenario_19,delay_min,7.003131796911062,98,2007.6948653871616,5884.29136459412,1536.0,3.8309188571576303,1.115386036326201,8.118517833237263,7.003131796911062
334,scenario_19,delay_min,6.875035174634846,176,4439.9389635413945,5818.916494534913,2200.0,2.644962042970415,2.663963378124837,9.538998552759683,6.875035174634846
334,scenario_19,delay_min,6.245377846216497,32,4235.803391000821,5818.916494534913,2391.0,2.4336748199644136,2.9552116681401075,9.200589514356604,6.245377846216497
334,scenario_19,delay_min,5.780887194336854,63,5114.75070314698,5818.916494534913,2333.0,2.494177665895805,2.578865900746377,8.359753095083231,5.780887194336854
392,scenario_19,flow_capacity_ratio,8.06647509747656,129,3327.5142290398862,5880.460346060413,729.0,8.06647509747656,2.079696393149929,80.05930679599996,77.97961040285003
392,scenario_19,flow_capacity_ratio,8.06647509747656,130,225.05482885543543,5880.460346060413,729.0,8.06647509747656,0.13503289731326126,5.198181902494546,5.063149005181285
392,scenario_19,flow_capacity_ratio,5.946619085176462,178,6719.55714161299,5946.619085176462,1000.0,5.946619085176462,5.039667856209742,95.94517884074453,90.90551098453479
392,scenario_19,flow_capacity_ratio,3.8705426797407245,98,2007.6948653871616,5945.153556081753,1536.0,3.8705426797407245,1.115386036326201,8.293621126480392,7.178235090154192
392,scenario_19,flow_capacity_ratio,3.260355450128325,126,1897.1851262924465,5904.503720182396,1811.0,3.260355450128325,1.073878373373083,5.652460257438061,4.5785818840649775
392,scenario_19,flow_capacity_ratio,3.0438281497646735,128,1875.2605068342427,5886.763641644879,1934.0,3.0438281497646735,0.9783967861743875,4.515627082368911,3.5372302961945237
392,scenario_19,flow_capacity_ratio,2.822601118259384,124,1877.417300305622,2057.676215211091,729.0,2.822601118259384,1.425886557194143,5.727028802107428,4.301142244913285
392,scenario_19,flow_capacity_ratio,2.732492109959534,92,2550.193392452562,5918.577910172351,2166.0,2.732492109959534,1.577439211826327,5.979277065240952,4.401837853414625
392,scenario_19,flow_capacity_ratio,2.672936520936551,174,6978.5477473254405,5880.460346060413,2200.0,2.672936520936551,4.187128648395264,15.269407180022641,11.082278531627377
392,scenario_19,flow_capacity_ratio,2.672936520936551,175,5286.2980122217705,5880.460346060413,2200.0,2.672936520936551,3.1717788073330624,11.566681170089335,8.394902362756273
392,scenario_19,flow_capacity_ratio,2.672936520936551,176,4439.9389635413945,5880.460346060413,2200.0,2.672936520936551,2.663963378124837,9.714805765245941,7.050842387121104
392,scenario_19,delay_min,90.90551098453479,178,6719.55714161299,5946.619085176462,1000.0,5.946619085176462,5.039667856209742,95.94517884074453,90.90551098453479
392,scenario_19,delay_min,77.97961040285003,129,3327.5142290398862,5880.460346060413,729.0,8.06647509747656,2.079696393149929,80.05930679599996,77.97961040285003
392,scenario_19,delay_min,11.082278531627377,174,6978.5477473254405,5880.460346060413,2200.0,2.672936520936551,4.187128648395264,15.269407180022641,11.082278531627377
392,scenario_19,delay_min,10.255603015724091,68,8865.80644588534,5880.460346060413,2335.0,2.518398435143646,4.470154510530423,14.725757526254515,10.255603015724091
392,scenario_19,delay_min,9.611766429967226,61,8361.831024084971,5880.460346060413,2333.0,2.5205573707931475,4.1809155120424855,13.792681942009711,9.611766429967226
392,scenario_19,delay_min,8.394902362756273,175,5286.2980122217705,5880.460346060413,2200.0,2.672936520936551,3.1717788073330624,11.566681170089335,8.394902362756273
392,scenario_19,delay_min,7.178235090154192,98,2007.6948653871616,5945.153556081753,1536.0,3.8705426797407245,1.115386036326201,8.293621126480392,7.178235090154192
392,scenario_19,delay_min,7.050842387121104,176,4439.9389635413945,5880.460346060413,2200.0,2.672936520936551,2.663963378124837,9.714805765245941,7.050842387121104
392,scenario_19,delay_min,6.405083570213041,32,4235.803391000821,5880.460346060413,2391.0,2.459414615667258,2.9552116681401075,9.360295238353148,6.405083570213041
392,scenario_19,delay_min,5.92871504357951,63,5114.75070314698,5880.460346060413,2333.0,2.5205573707931475,2.578865900746377,8.507580944325888,5.92871504357951
423,scenario_19,flow_capacity_ratio,8.008617298361536,129,3327.5142290398862,5838.282010505559,729.0,8.008617298361536,2.079696393149929,78.72367577170051,76.64397937855058
423,scenario_19,flow_capacity_ratio,8.008617298361536,130,225.05482885543543,5838.282010505559,729.0,8.008617298361536,0.13503289731326126,5.11146052934283,4.976427632029569
423,scenario_19,flow_capacity_ratio,5.905117688644388,178,6719.55714161299,5905.117688644388,1000.0,5.905117688644388,5.039667856209742,94.4299815833594,89.39031372714966
423,scenario_19,flow_capacity_ratio,3.8435038789570535,98,2007.6948653871616,5903.621958078034,1536.0,3.8435038789570535,1.115386036326201,8.173859539656135,7.058473503329934
423,scenario_19,flow_capacity_ratio,3.2374169618009723,126,1897.1851262924465,5862.962117821561,1811.0,3.2374169618009723,1.073878373373083,5.575529511030984,4.501651137657901
423,scenario_19,flow_capacity_ratio,3.0221409806616792,128,1875.2605068342427,5844.820656599688,1934.0,3.0221409806616792,0.9783967861743875,4.455442128485792,3.477045342311405
423,scenario_19,flow_capacity_ratio,2.7129914223595857,92,2550.193392452562,5876.339420830863,2166.0,2.7129914223595857,1.577439211826327,5.904259431334278,4.326820219507951
423,scenario_19,flow_capacity_ratio,2.6537645502297993,174,6978.5477473254405,5838.282010505559,2200.0,2.6537645502297993,4.187128648395264,15.079590445233869,10.892461796838605
423,scenario_19,flow_capacity_ratio,2.6537645502297993,175,5286.2980122217705,5838.282010505559,2200.0,2.6537645502297993,3.1717788073330624,11.422893685338675,8.251114878005612
423,scenario_19,flow_capacity_ratio,2.6537645502297993,176,4439.9389635413945,5838.282010505559,2200.0,2.6537645502297993,2.663963378124837,9.594039275248955,6.930075897124118
423,scenario_19,delay_min,89.39031372714966,178,6719.55714161299,5905.117688644388,1000.0,5.905117688644388,5.039667856209742,94.4299815833594,89.39031372714966
423,scenario_19,delay_min,76.64397937855058,129,3327.5142290398862,5838.282010505559,729.0,8.008617298361536,2.079696393149929,78.72367577170051,76.64397937855058
423,scenario_19,delay_min,10.892461796838605,174,6978.5477473254405,5838.282010505559,2200.0,2.6537645502297993,4.187128648395264,15.079590445233869,10.892461796838605
423,scenario_19,delay_min,10.079945539494897,68,8865.80644588534,5838.282010505559,2335.0,2.5003349081394255,4.470154510530423,14.550100050025321,10.079945539494897
423,scenario_19,delay_min,9.447136555877533,61,8361.831024084971,5838.282010505559,2333.0,2.502478358553604,4.1809155120424855,13.628052067920018,9.447136555877533
423,scenario_19,delay_min,8.251114878005612,175,5286.2980122217705,5838.282010505559,2200.0,2.6537645502297993,3.1717788073330624,11.422893685338675,8.251114878005612
423,scenario_19,delay_min,7.058473503329934,98,2007.6948653871616,5903.621958078034,1536.0,3.8435038789570535,1.115386036326201,8.173859539656135,7.058473503329934
423,scenario_19,delay_min,6.930075897124118,176,4439.9389635413945,5838.282010505559,2200.0,2.6537645502297993,2.663963378124837,9.594039275248955,6.930075897124118
423,scenario_19,delay_min,6.295377606238453,32,4235.803391000821,5838.282010505559,2391.0,2.4417741574678207,2.9552116681401075,9.25058927437856,6.295377606238453
423,scenario_19,delay_min,5.827168296865494,63,5114.75070314698,5838.282010505559,2333.0,2.502478358553604,2.578865900746377,8.406034197611872,5.827168296865494
493,scenario_19,flow_capacity_ratio,8.070275294695378,129,3327.5142290398862,5883.230689832931,729.0,8.070275294695378,2.079696393149929,80.14750461521392,78.06780822206399
493,scenario_19,flow_capacity_ratio,8.070275294695378,130,225.05482885543543,5883.230689832931,729.0,8.070275294695378,0.13503289731326126,5.20390851100548,5.068875613692219
493,scenario_19,flow_capacity_ratio,5.949466501079329,178,6719.55714161299,5949.46650107933,1000.0,5.949466501079329,5.039667856209742,96.04968160826832,91.01001375205857
493,scenario_19,flow_capacity_ratio,3.872357195911936,98,2007.6948653871616,5947.940652920734,1536.0,3.872357195911936,1.115386036326201,8.301700178521873,7.186314142195672
493,scenario_19,flow_capacity_ratio,3.261831649814499,126,1897.1851262924465,5907.177117814058,1811.0,3.261831649814499,1.073878373373083,5.657437170080786,4.5835587967077025
493,scenario_19,flow_capacity_ratio,3.0452575865897016,128,1875.2605068342427,5889.528172464483,1934.0,3.0452575865897016,0.9783967861743875,4.519615146808468,3.541218360634081
493,scenario_19,flow_capacity_ratio,2.8226011056373372,124,1877.417300305622,2057.676206009619,729.0,2.8226011056373372,1.425886557194143,5.727028755946415,4.301142198752272
493,scenario_19,flow_capacity_ratio,2.7337634432667013,92,2550.193392452562,5921.331618115675,2166.0,2.7337634432667013,1.577439211826327,5.984193918193906,4.406754706367579
493,scenario_19,flow_capacity_ratio,2.6741957681058777,174,6978.5477473254405,5883.230689832931,2200.0,2.6741957681058777,4.187128648395264,15.281941646319178,11.094812997923913
493,scenario_19,flow_capacity_ratio,2.6741957681058777,175,5286.2980122217705,5883.230689832931,2200.0,2.6741957681058777,3.1717788073330624,11.576176114691963,8.4043973073589
493,scenario_19,flow_capacity_ratio,2.6741957681058777,176,4439.9389635413945,5883.230689832931,2200.0,2.6741957681058777,2.663963378124837,9.722780528378932,7.058817150254095
493,scenario_19,delay_min,91.01001375205857,178,6719.55714161299,5949.46650107933,1000.0,5.949466501079329,5.039667856209742,96.04968160826832,91.01001375205857
493,scenario_19,delay_min,78.06780822206399,129,3327.5142290398862,5883.230689832931,729.0,8.070275294695378,2.079696393149929,80.14750461521392,78.06780822206399
493,scenario_19,delay_min,11.094812997923913,174,6978.5477473254405,5883.230689832931,2200.0,2.6741957681058777,4.187128648395264,15.281941646319178,11.094812997923913
493,scenario_19,delay_min,10.26720248148236,68,8865.80644588534,5883.230689832931,2335.0,2.5195848778727754,4.470154510530423,14.737356992012783,10.26720248148236
493,scenario_19,delay_min,9.622637692769613,61,8361.831024084971,5883.230689832931,2333.0,2.5217448306184873,4.1809155120424855,13.803553204812099,9.622637692769613
493,scenario_19,delay_min,8.4043973073589,175,5286.2980122217705,5883.230689832931,2200.0,2.6741957681058777,3.1717788073330624,11.576176114691963,8.4043973073589
493,scenario_19,delay_min,7.186314142195672,98,2007.6948653871616,5947.940652920734,1536.0,3.872357195911936,1.115386036326201,8.301700178521873,7.186314142195672
493,scenario_19,delay_min,7.058817150254095,176,4439.9389635413945,5883.230689832931,2200.0,2.6741957681058777,2.663963378124837,9.722780528378932,7.058817150254095
493,scenario_19,delay_min,6.412327956275723,32,4235.803391000821,5883.230689832931,2391.0,2.4605732705282017,2.9552116681401075,9.36753962441583,6.412327956275723
493,scenario_19,delay_min,5.935420639245908,63,5114.75070314698,5883.230689832931,2333.0,2.5217448306184873,2.578865900746377,8.514286539992286,5.935420639245908
538,scenario_19,flow_capacity_ratio,8.056907993795935,129,3327.5142290398862,5873.485927477236,729.0,8.056907993795935,2.079696393149929,79.83752375606014,77.7578273629102
538,scenario_19,flow_capacity_ratio,8.056907993795935,130,225.05482885543543,5873.485927477236,729.0,8.056907993795935,0.13503289731326126,5.183781720546517,5.0487488232332565
538,scenario_19,flow_capacity_ratio,5.941069222682416,178,6719.55714161299,5941.069222682416,1000.0,5.941069222682416,5.039667856209742,95.74169507026315,90.7020272140534
538,scenario_19,flow_capacity_ratio,3.8670189610840517,98,2007.6948653871616,5939.741124225104,1536.0,3.8670189610840517,1.115386036326201,8.277947067939579,7.162561031613378
538,scenario_19,flow_capacity_ratio,3.2565577355781983,126,1897.1851262924465,5897.626059132117,1811.0,3.2565577355781983,1.073878373373083,5.639670998073559,4.565792624700475
538,scenario_19,flow_capacity_ratio,3.040203879596996,128,1875.2605068342427,5879.75430314059,1934.0,3.040203879596996,0.9783967861743875,4.505527278480896,3.5271304923065085
538,scenario_19,flow_capacity_ratio,2.8226010983790735,124,1877.417300305622,2057.6762007183447,729.0,2.8226010983790735,1.425886557194143,5.727028729401687,4.301142172207545
538,scenario_19,flow_capacity_ratio,2.7292422719166387,92,2550.193392452562,5911.53876097144,2166.0,2.7292422719166387,1.577439211826327,5.966722940864359,4.3892837290380315
538,scenario_19,flow_capacity_ratio,2.669766330671471,174,6978.5477473254405,5873.485927477236,2200.0,2.669766330671471,4.187128648395264,15.237887896847122,11.050759248451858
538,scenario_19,flow_capacity_ratio,2.669766330671471,175,5286.2980122217705,5873.485927477236,2200.0,2.669766330671471,3.1717788073330624,11.542805095864399,8.371026288531336
538,scenario_19,flow_capacity_ratio,2.669766330671471,176,4439.9389635413945,5873.485927477236,2200.0,2.669766330671471,2.663963378124837,9.694752353197924,7.0307889750730865
538,scenario_19,delay_min,90.7020272140534,178,6719.55714161299,5941.069222682416,1000.0,5.941069222682416,5.039667856209742,95.74169507026315,90.7020272140534
538,scenario_19,delay_min,77.7578273629102,129,3327.5142290398862,5873.485927477236,729.0,8.056907993795935,2.079696393149929,79.83752375606014,77.7578273629102
538,scenario_19,delay_min,11.050759248451858,174,6978.5477473254405,5873.485927477236,2200.0,2.669766330671471,4.187128648395264,15.237887896847122,11.050759248451858
538,scenario_19,delay_min,10.226434893422724,68,8865.80644588534,5873.485927477236,2335.0,2.5154115321101655,4.470154510530423,14.696589403953146,10.226434893422724
538,scenario_19,delay_min,9.584429453454812,61,8361.831024084971,5873.485927477236,2333.0,2.5175679071912715,4.1809155120424855,13.765344965497297,9.584429453454812
538,scenario_19,delay_min,8.371026288531336,175,5286.2980122217705,5873.485927477236,2200.0,2.669766330671471,3.1717788073330624,11.542805095864399,8.371026288531336
538,scenario_19,delay_min,7.162561031613378,98,2007.6948653871616,5939.741124225104,1536.0,3.8670189610840517,1.115386036326201,8.277947067939579,7.162561031613378
538,scenario_19,delay_min,7.0307889750730865,176,4439.9389635413945,5873.485927477236,2200.0,2.669766330671471,2.663963378124837,9.694752353197924,7.0307889750730865
538,scenario_19,delay_min,6.386866771001911,32,4235.803391000821,5873.485927477236,2391.0,2.4564976693756737,2.9552116681401075,9.342078439142018,6.386866771001911
538,scenario_19,delay_min,5.911853091608869,63,5114.75070314698,5873.485927477236,2333.0,2.5175679071912715,2.578865900746377,8.490718992355246,5.911853091608869
540,scenario_19,flow_capacity_ratio,8.038795342456789,129,3327.5142290398862,5860.281804650999,729.0,8.038795342456789,2.079696393149929,79.41864800840165,77.33895161525172
540,scenario_19,flow_capacity_ratio,8.038795342456789,130,225.05482885543543,5860.281804650999,729.0,8.038795342456789,0.13503289731326126,5.156584478676557,5.021551581363296
540,scenario_19,flow_capacity_ratio,5.926731536259428,178,6719.55714161299,5926.731536259428,1000.0,5.926731536259428,5.039667856209742,95.21723955912748,90.17757170291773
540,scenario_19,flow_capacity_ratio,3.8583839439506327,98,2007.6948653871616,5926.477737908172,1536.0,3.8583839439506327,1.115386036326201,8.239621613963047,7.1242355776368465
540,scenario_19,flow_capacity_ratio,3.2489774247315317,126,1897.1851262924465,5883.898116188804,1811.0,3.2489774247315317,1.073878373373083,5.614205764572832,4.540327391199749
540,scenario_19,flow_capacity_ratio,3.0333006671295233,128,1875.2605068342427,5866.403490228498,1934.0,3.0333006671295233,0.9783967861743875,4.486336584862065,3.5079397986876777
540,scenario_19,flow_capacity_ratio,2.822601158660157,124,1877.417300305622,2057.6762446632547,729.0,2.822601158660157,1.425886557194143,5.727028949860057,4.3011423926659145
540,scenario_19,flow_capacity_ratio,2.7228815557894204,92,2550.193392452562,5897.761449839884,2166.0,2.7228815557894204,1.577439211826327,5.942212001646282,4.364772789819955
540,scenario_19,flow_capacity_ratio,2.6637644566595453,174,6978.5477473254405,5860.281804650999,2200.0,2.6637644566595453,4.187128648395264,15.178358262347627,10.991229613952363
540,scenario_19,flow_capacity_ratio,2.6637644566595453,175,5286.2980122217705,5860.281804650999,2200.0,2.6637644566595453,3.1717788073330624,11.49771098747436,8.325932180141297
540,scenario_19,flow_capacity_ratio,2.6637644566595453,176,4439.9389635413945,5860.281804650999,2200.0,2.6637644566595453,2.663963378124837,9.656878005515631,6.992914627390794
540,scenario_19,delay_min,90.17757170291773,178,6719.55714161299,5926.731536259428,1000.0,5.926731536259428,5.039667856209742,95.21723955912748,90.17757170291773
540,scenario_19,delay_min,77.33895161525172,129,3327.5142290398862,5860.281804650999,729.0,8.038795342456789,2.079696393149929,79.41864800840165,77.33895161525172
540,scenario_19,delay_min,10.991229613952363,174,6978.5477473254405,5860.281804650999,2200.0,2.6637644566595453,4.187128648395264,15.178358262347627,10.991229613952363
540,scenario_19,delay_min,10.171345834132644,68,8865.80644588534,5860.281804650999,2335.0,2.5097566615207705,4.470154510530423,14.641500344663067,10.171345834132644
540,scenario_19,delay_min,9.532798830669297,61,8361.831024084971,5860.281804650999,2333.0,2.5119081888774106,4.1809155120424855,13.713714342711782,9.532798830669297
540,scenario_19,delay_min,8.325932180141297,175,5286.2980122217705,5860.281804650999,2200.0,2.6637644566595453,3.1717788073330624,11.49771098747436,8.325932180141297
540,scenario_19,delay_min,7.1242355776368465,98,2007.6948653871616,5926.477737908172,1536.0,3.8583839439506327,1.115386036326201,8.239621613963047,7.1242355776368465
540,scenario_19,delay_min,6.992914627390794,176,4439.9389635413945,5860.281804650999,2200.0,2.6637644566595453,2.663963378124837,9.656878005515631,6.992914627390794
540,scenario_19,delay_min,6.352461185292679,32,4235.803391000821,5860.281804650999,2391.0,2.4509752424303635,2.9552116681401075,9.307672853432786,6.352461185292679
540,scenario_19,delay_min,5.880006369963251,63,5114.75070314698,5860.281804650999,2333.0,2.5119081888774106,2.578865900746377,8.458872270709628,5.880006369963251
550,scenario_19,flow_capacity_ratio,8.056930778318705,129,3327.5142290398862,5873.502537394335,729.0,8.056930778318705,2.079696393149929,79.83805150546372,77.7583551123138
550,scenario_19,flow_capacity_ratio,8.056930778318705,130,225.05482885543543,5873.502537394335,729.0,8.056930778318705,0.13503289731326126,5.183815986861186,5.048783089547925
550,scenario_19,flow_capacity_ratio,5.941668067102959,178,6719.55714161299,5941.668067102959,1000.0,5.941668067102959,5.039667856209742,95.7636386902056,90.72397083399585
550,scenario_19,flow_capacity_ratio,3.8672886228298915,98,2007.6948653871616,5940.155324666714,1536.0,3.8672886228298915,1.115386036326201,8.279145859886416,7.163759823560215
550,scenario_19,flow_capacity_ratio,3.2565089556841924,126,1897.1851262924465,5897.537718744073,1811.0,3.2565089556841924,1.073878373373083,5.6395068616597595,4.565628488286676
550,scenario_19,flow_capacity_ratio,3.04020296927243,128,1875.2605068342427,5879.75254257288,1934.0,3.04020296927243,0.9783967861743875,4.505524743782838,3.527127957608451
550,scenario_19,flow_capacity_ratio,2.822651792219232,124,1877.417300305622,2057.71315652782,729.0,2.822651792219232,1.425886557194143,5.727214127888314,4.301327570694172
550,scenario_19,flow_capacity_ratio,2.729249764122125,92,2550.193392452562,5911.554989088522,2166.0,2.729249764122125,1.577439211826327,5.966751859201877,4.38931264737555
550,scenario_19,flow_capacity_ratio,2.6697738806337887,174,6978.5477473254405,5873.502537394335,2200.0,2.6697738806337887,4.187128648395264,15.237962899349125,11.05083425095386
550,scenario_19,flow_capacity_ratio,2.6697738806337887,175,5286.2980122217705,5873.502537394335,2200.0,2.6697738806337887,3.1717788073330624,11.542861910776557,8.371083103443494
550,scenario_19,flow_capacity_ratio,2.6697738806337887,176,4439.9389635413945,5873.502537394335,2200.0,2.6697738806337887,2.663963378124837,9.694800071798277,7.030836693673439
550,scenario_19,delay_min,90.72397083399585,178,6719.55714161299,5941.668067102959,1000.0,5.941668067102959,5.039667856209742,95.7636386902056,90.72397083399585
550,scenario_19,delay_min,77.7583551123138,129,3327.5142290398862,5873.502537394335,729.0,8.056930778318705,2.079696393149929,79.83805150546372,77.7583551123138
550,scenario_19,delay_min,11.05083425095386,174,6978.5477473254405,5873.502537394335,2200.0,2.6697738806337887,4.187128648395264,15.237962899349125,11.05083425095386
550,scenario_19,delay_min,10.226504301160809,68,8865.80644588534,5873.502537394335,2335.0,2.515418645565026,4.470154510530423,14.696658811691231,10.226504301160809
550,scenario_19,delay_min,9.584494503843944,61,8361.831024084971,5873.502537394335,2333.0,2.5175750267442503,4.1809155120424855,13.76541001588643,9.584494503843944
550,scenario_19,delay_min,8.371083103443494,175,5286.2980122217705,5873.502537394335,2200.0,2.6697738806337887,3.1717788073330624,11.542861910776557,8.371083103443494
550,scenario_19,delay_min,7.163759823560215,98,2007.6948653871616,5940.155324666714,1536.0,3.8672886228298915,1.115386036326201,8.279145859886416,7.163759823560215
550,scenario_19,delay_min,7.030836693673439,176,4439.9389635413945,5873.502537394335,2200.0,2.6697738806337887,2.663963378124837,9.694800071798277,7.030836693673439
550,scenario_19,delay_min,6.3869101192440585,32,4235.803391000821,5873.502537394335,2391.0,2.4565046162251507,2.9552116681401075,9.342121787384166,6.3869101192440585
550,scenario_19,delay_min,5.911893215890233,63,5114.75070314698,5873.502537394335,2333.0,2.5175750267442503,2.578865900746377,8.49075911663661,5.911893215890233
557,scenario_19,flow_capacity_ratio,7.483389031921689,129,3327.5142290398862,5455.390604270911,729.0,7.483389031921689,2.079696393149929,67.20892323792121,65.12922684477128
557,scenario_19,flow_capacity_ratio,7.483389031921689,130,225.05482885543543,5455.390604270911,729.0,7.483389031921689,0.13503289731326126,4.363817555299675,4.228784657986414
557,scenario_19,flow_capacity_ratio,5.518287372166229,178,6719.55714161299,5518.287372166229,1000.0,5.518287372166229,5.039667856209742,81.01494188357199,75.97527402736225
557,scenario_19,flow_capacity_ratio,3.592132783259766,98,2007.6948653871616,5517.515955087,1536.0,3.592132783259766,1.115386036326201,7.116210578820146,6.0008245424939455
557,scenario_19,flow_capacity_ratio,3.0253888802902886,126,1897.1851262924465,5478.979262205713,1811.0,3.0253888802902886,1.073878373373083,4.90009892564922,3.826220552276137
557,scenario_19,flow_capacity_ratio,2.8239799500120824,128,1875.2605068342427,5461.577223323367,1934.0,2.8239799500120824,0.9783967861743875,3.9331613885336965,2.954764602359309
557,scenario_19,flow_capacity_ratio,2.535524440351181,92,2550.193392452562,5491.945937800658,2166.0,2.535524440351181,1.577439211826327,5.255808803247266,3.678369591420939
557,scenario_19,flow_capacity_ratio,2.4797230019413234,174,6978.5477473254405,5455.390604270911,2200.0,2.4797230019413234,4.187128648395264,13.443140940769046,9.256012292373782
557,scenario_19,flow_capacity_ratio,2.4797230019413234,175,5286.2980122217705,5455.390604270911,2200.0,2.4797230019413234,3.1717788073330624,10.183271907889473,7.011493100556411
557,scenario_19,flow_capacity_ratio,2.4797230019413234,176,4439.9389635413945,5455.390604270911,2200.0,2.4797230019413234,2.663963378124837,8.552886276112995,5.888922897988158
557,scenario_19,delay_min,75.97527402736225,178,6719.55714161299,5518.287372166229,1000.0,5.518287372166229,5.039667856209742,81.01494188357199,75.97527402736225
557,scenario_19,delay_min,65.12922684477128,129,3327.5142290398862,5455.390604270911,729.0,7.483389031921689,2.079696393149929,67.20892323792121,65.12922684477128
557,scenario_19,delay_min,9.256012292373782,174,6978.5477473254405,5455.390604270911,2200.0,2.4797230019413234,4.187128648395264,13.443140940769046,9.256012292373782
557,scenario_19,delay_min,8.56556594461522,68,8865.80644588534,5455.390604270911,2335.0,2.336355719173838,4.470154510530423,13.035720455145642,8.56556594461522
557,scenario_19,delay_min,8.02782820999338,61,8361.831024084971,5455.390604270911,2333.0,2.3383585959155213,4.1809155120424855,12.208743722035866,8.02782820999338
557,scenario_19,delay_min,7.011493100556411,175,5286.2980122217705,5455.390604270911,2200.0,2.4797230019413234,3.1717788073330624,10.183271907889473,7.011493100556411
557,scenario_19,delay_min,6.0008245424939455,98,2007.6948653871616,5517.515955087,1536.0,3.592132783259766,1.115386036326201,7.116210578820146,6.0008245424939455
557,scenario_19,delay_min,5.888922897988158,176,4439.9389635413945,5455.390604270911,2200.0,2.4797230019413234,2.663963378124837,8.552886276112995,5.888922897988158
557,scenario_19,delay_min,5.349579699732331,32,4235.803391000821,5455.390604270911,2391.0,2.281635551765333,2.9552116681401075,8.304791367872438,5.349579699732331
557,scenario_19,delay_min,4.9517126974153935,63,5114.75070314698,5455.390604270911,2333.0,2.3383585959155213,2.578865900746377,7.53057859816177,4.9517126974153935
565,scenario_19,flow_capacity_ratio,8.059889930200264,129,3327.5142290398862,5875.6597591159925,729.0,8.059889930200264,2.079696393149929,79.90661099530139,77.82691460215146
565,scenario_19,flow_capacity_ratio,8.059889930200264,130,225.05482885543543,5875.6597591159925,729.0,8.059889930200264,0.13503289731326126,5.1882674955437,5.053234598230439
565,scenario_19,flow_capacity_ratio,5.941285546262989,178,6719.55714161299,5941.28554626299,1000.0,5.941285546262989,5.039667856209742,95.74962151716782,90.70995366095808
565,scenario_19,flow_capacity_ratio,3.8672074655633892,98,2007.6948653871616,5940.030667105366,1536.0,3.8672074655633892,1.115386036326201,8.278785059740594,7.163399023414393
565,scenario_19,flow_capacity_ratio,3.2575862868756693,126,1897.1851262924465,5899.488765531837,1811.0,3.2575862868756693,1.073878373373083,5.643132707485406,4.569254334112323
565,scenario_19,flow_capacity_ratio,3.0415144878200606,128,1875.2605068342427,5882.289019443997,1934.0,3.0415144878200606,0.9783967861743875,4.509177624144417,3.53078083797003
565,scenario_19,flow_capacity_ratio,2.7325304576156793,92,2550.193392452562,5918.660971195562,2166.0,2.7325304576156793,1.577439211826327,5.979425327105249,4.4019861152789215
565,scenario_19,flow_capacity_ratio,2.6707544359618147,174,6978.5477473254405,5875.6597591159925,2200.0,2.6707544359618147,4.187128648395264,15.247706412537282,11.060577764142018
565,scenario_19,flow_capacity_ratio,2.6707544359618147,175,5286.2980122217705,5875.6597591159925,2200.0,2.6707544359618147,3.1717788073330624,11.550242689165348,8.378463881832285
565,scenario_19,flow_capacity_ratio,2.6707544359618147,176,4439.9389635413945,5875.6597591159925,2200.0,2.6707544359618147,2.663963378124837,9.700999155821519,7.037035777696682
565,scenario_19,delay_min,90.70995366095808,178,6719.55714161299,5941.28554626299,1000.0,5.941285546262989,5.039667856209742,95.74962151716782,90.70995366095808
565,scenario_19,delay_min,77.82691460215146,129,3327.5142290398862,5875.6597591159925,729.0,8.059889930200264,2.079696393149929,79.90661099530139,77.82691460215146
565,scenario_19,delay_min,11.060577764142018,174,6978.5477473254405,5875.6597591159925,2200.0,2.6707544359618147,4.187128648395264,15.247706412537282,11.060577764142018
565,scenario_19,delay_min,10.235521003182065,68,8865.80644588534,5875.6597591159925,2335.0,2.5163425092573846,4.470154510530423,14.705675513712487,10.235521003182065
565,scenario_19,delay_min,9.59294514625512,61,8361.831024084971,5875.6597591159925,2333.0,2.5184996824329158,4.1809155120424855,13.773860658297606,9.59294514625512
565,scenario_19,delay_min,8.378463881832285,175,5286.2980122217705,5875.6597591159925,2200.0,2.6707544359618147,3.1717788073330624,11.550242689165348,8.378463881832285
565,scenario_19,delay_min,7.163399023414393,98,2007.6948653871616,5940.030667105366,1536.0,3.8672074655633892,1.115386036326201,8.278785059740594,7.163399023414393
565,scenario_19,delay_min,7.037035777696682,176,4439.9389635413945,5875.6597591159925,2200.0,2.6707544359618147,2.663963378124837,9.700999155821519,7.037035777696682
565,scenario_19,delay_min,6.392541453636126,32,4235.803391000821,5875.6597591159925,2391.0,2.457406841955664,2.9552116681401075,9.347753121776233,6.392541453636126
565,scenario_19,delay_min,5.917105728195448,63,5114.75070314698,5875.6597591159925,2333.0,2.5184996824329158,2.578865900746377,8.495971628941826,5.917105728195448
569,scenario_19,flow_capacity_ratio,8.049319689326206,129,3327.5142290398862,5867.954053518804,729.0,8.049319689326206,2.079696393149929,79.66187490237415,77.58217850922422
569,scenario_19,flow_capacity_ratio,8.049319689326206,130,225.05482885543543,5867.954053518804,729.0,8.049319689326206,0.13503289731326126,5.172376991615365,5.037344094302104
569,scenario_19,flow_capacity_ratio,5.93455090458636,178,6719.55714161299,5934.55090458636,1000.0,5.93455090458636,5.039667856209742,95.50304281115874,90.46337495494899
569,scenario_19,flow_capacity_ratio,3.863527091012165,98,2007.6948653871616,5934.377611794685,1536.0,3.863527091012165,1.115386036326201,8.2624343897181,7.1470483533919
569,scenario_19,flow_capacity_ratio,3.2532620757863726,126,1897.1851262924465,5891.657619249121,1811.0,3.2532620757863726,1.073878373373083,5.628589377111873,4.55471100373879
569,scenario_19,flow_capacity_ratio,3.0372743461770293,128,1875.2605068342427,5874.088585506374,1934.0,3.0372743461770293,0.9783967861743875,4.497375816331631,3.5189790301572432
569,scenario_19,flow_capacity_ratio,2.822601166159094,124,1877.417300305622,2057.6762501299795,729.0,2.822601166159094,1.425886557194143,5.727028977284969,4.301142420090827
569,scenario_19,flow_capacity_ratio,2.7264371268048064,92,2550.193392452562,5905.462816659211,2166.0,2.7264371268048064,1.577439211826327,5.955903480266608,4.378464268440281
569,scenario_19,flow_capacity_ratio,2.6672518425085476,174,6978.5477473254405,5867.954053518804,2200.0,2.6672518425085476,4.187128648395264,15.212925095542364,11.0257964471471
569,scenario_19,flow_capacity_ratio,2.6672518425085476,175,5286.2980122217705,5867.954053518804,2200.0,2.6672518425085476,3.1717788073330624,11.523895601841463,8.352116794508401
569,scenario_19,flow_capacity_ratio,2.6672518425085476,176,4439.9389635413945,5867.954053518804,2200.0,2.6672518425085476,2.663963378124837,9.678870350499782,7.014906972374945
569,scenario_19,delay_min,90.46337495494899,178,6719.55714161299,5934.55090458636,1000.0,5.93455090458636,5.039667856209742,95.50304281115874,90.46337495494899
569,scenario_19,delay_min,77.58217850922422,129,3327.5142290398862,5867.954053518804,729.0,8.049319689326206,2.079696393149929,79.66187490237415,77.58217850922422
569,scenario_19,delay_min,11.0257964471471,174,6978.5477473254405,5867.954053518804,2200.0,2.6672518425085476,4.187128648395264,15.212925095542364,11.0257964471471
569,scenario_19,delay_min,10.203334176398563,68,8865.80644588534,5867.954053518804,2335.0,2.5130424212071967,4.470154510530423,14.673488686928987,10.203334176398563
569,scenario_19,delay_min,9.562778976534,61,8361.831024084971,5867.954053518804,2333.0,2.515196765331678,4.1809155120424855,13.743694488576486,9.562778976534
569,scenario_19,delay_min,8.352116794508401,175,5286.2980122217705,5867.954053518804,2200.0,2.6672518425085476,3.1717788073330624,11.523895601841463,8.352116794508401
569,scenario_19,delay_min,7.1470483533919,98,2007.6948653871616,5934.377611794685,1536.0,3.863527091012165,1.115386036326201,8.2624343897181,7.1470483533919
569,scenario_19,delay_min,7.014906972374945,176,4439.9389635413945,5867.954053518804,2200.0,2.6672518425085476,2.663963378124837,9.678870350499782,7.014906972374945
569,scenario_19,delay_min,6.372439338227389,32,4235.803391000821,5867.954053518804,2391.0,2.4541840458046025,2.9552116681401075,9.327651006367496,6.372439338227389
569,scenario_19,delay_min,5.898498677604293,63,5114.75070314698,5867.954053518804,2333.0,2.515196765331678,2.578865900746377,8.47736457835067,5.898498677604293
594,scenario_19,flow_capacity_ratio,8.06803613082999,129,3327.5142290398862,5881.598339375063,729.0,8.06803613082999,2.079696393149929,80.09552938739746,78.01583299424753
594,scenario_19,flow_capacity_ratio,8.06803613082999,130,225.05482885543543,5881.598339375063,729.0,8.06803613082999,0.13503289731326126,5.200533804185922,5.0655009068726615
594,scenario_19,flow_capacity_ratio,5.9478777734475,178,6719.55714161299,5947.8777734475,1000.0,5.9478777734475,5.039667856209742,95.99136521425115,90.9516973580414
594,scenario_19,flow_capacity_ratio,3.8712786753729564,98,2007.6948653871616,5946.284045372861,1536.0,3.8712786753729564,1.115386036326201,8.29689747505695,7.181511438730749
594,scenario_19,flow_capacity_ratio,3.261325783700621,126,1897.1851262924465,5906.260994281824,1811.0,3.261325783700621,1.073878373373083,5.655731319664559,4.581852946291476
594,scenario_19,flow_capacity_ratio,3.0445445156745983,128,1875.2605068342427,5888.149093314673,1934.0,3.0445445156745983,0.9783967861743875,4.517625383359239,3.539228597184852
594,scenario_19,flow_capacity_ratio,2.736035955504019,92,2550.193392452562,5926.253879621705,2166.0,2.736035955504019,1.577439211826327,5.99299078639279,4.415551574566463
594,scenario_19,flow_capacity_ratio,2.673453790625029,174,6978.5477473254405,5881.598339375063,2200.0,2.673453790625029,4.187128648395264,15.274555049381455,11.08742640098619
594,scenario_19,flow_capacity_ratio,2.673453790625029,175,5286.2980122217705,5881.598339375063,2200.0,2.673453790625029,3.1717788073330624,11.570580716605889,8.398801909272827
594,scenario_19,flow_capacity_ratio,2.673453790625029,176,4439.9389635413945,5881.598339375063,2200.0,2.673453790625029,2.663963378124837,9.718080977592834,7.054117599467997
594,scenario_19,delay_min,90.9516973580414,178,6719.55714161299,5947.8777734475,1000.0,5.9478777734475,5.039667856209742,95.99136521425115,90.9516973580414
594,scenario_19,delay_min,78.01583299424753,129,3327.5142290398862,5881.598339375063,729.0,8.06803613082999,2.079696393149929,80.09552938739746,78.01583299424753
594,scenario_19,delay_min,11.08742640098619,174,6978.5477473254405,5881.598339375063,2200.0,2.673453790625029,4.187128648395264,15.274555049381455,11.08742640098619
594,scenario_19,delay_min,10.260366883043442,68,8865.80644588534,5881.598339375063,2335.0,2.5188857984475646,4.470154510530423,14.730521393573866,10.260366883043442
594,scenario_19,delay_min,9.616231226421101,61,8361.831024084971,5881.598339375063,2333.0,2.5210451518967267,4.1809155120424855,13.797146738463587,9.616231226421101
594,scenario_19,delay_min,8.398801909272827,175,5286.2980122217705,5881.598339375063,2200.0,2.673453790625029,3.1717788073330624,11.570580716605889,8.398801909272827
594,scenario_19,delay_min,7.181511438730749,98,2007.6948653871616,5946.284045372861,1536.0,3.8712786753729564,1.115386036326201,8.29689747505695,7.181511438730749
594,scenario_19,delay_min,7.054117599467997,176,4439.9389635413945,5881.598339375063,2200.0,2.673453790625029,2.663963378124837,9.718080977592834,7.054117599467997
594,scenario_19,delay_min,6.408058818791895,32,4235.803391000821,5881.598339375063,2391.0,2.4598905643559443,2.9552116681401075,9.363270486932002,6.408058818791895
594,scenario_19,delay_min,5.931469012487877,63,5114.75070314698,5881.598339375063,2333.0,2.5210451518967267,2.578865900746377,8.510334913234255,5.931469012487877
602,scenario_19,flow_capacity_ratio,8.06193920906913,129,3327.5142290398862,5877.153683411397,729.0,8.06193920906913,2.079696393149929,79.9541106330332,77.87441423988327
602,scenario_19,flow_capacity_ratio,8.06193920906913,130,225.05482885543543,5877.153683411397,729.0,8.06193920906913,0.13503289731326126,5.191351606150123,5.056318708836862
602,scenario_19,flow_capacity_ratio,5.942772898817323,178,6719.55714161299,5942.772898817323,1000.0,5.942772898817323,5.039667856209742,95.80413146747448,90.76446361126473
602,scenario_19,flow_capacity_ratio,3.8681739123845875,98,2007.6948653871616,5941.515129422726,1536.0,3.8681739123845875,1.115386036326201,8.283082272386142,7.167696236059942
602,scenario_19,flow_capacity_ratio,3.258423954718161,126,1897.1851262924465,5901.00578199459,1811.0,3.258423954718161,1.073878373373083,5.64595310717655,4.572074733803467
602,scenario_19,flow_capacity_ratio,3.042289830849009,128,1875.2605068342427,5883.788532861983,1934.0,3.042289830849009,0.9783967861743875,4.511338170022002,3.5329413838476147
602,scenario_19,flow_capacity_ratio,2.7332174346260953,92,2550.193392452562,5920.148963400123,2166.0,2.7332174346260953,1.577439211826327,5.982081849781539,4.404642637955212
602,scenario_19,flow_capacity_ratio,2.671433492459726,174,6978.5477473254405,5877.153683411397,2200.0,2.671433492459726,4.187128648395264,15.254456949155454,11.06732830076019
602,scenario_19,flow_capacity_ratio,2.671433492459726,175,5286.2980122217705,5877.153683411397,2200.0,2.671433492459726,3.1717788073330624,11.555356267175867,8.383577459842805
602,scenario_19,flow_capacity_ratio,2.671433492459726,176,4439.9389635413945,5877.153683411397,2200.0,2.671433492459726,2.663963378124837,9.705294027998518,7.0413306498736805
602,scenario_19,delay_min,90.76446361126473,178,6719.55714161299,5942.772898817323,1000.0,5.942772898817323,5.039667856209742,95.80413146747448,90.76446361126473
602,scenario_19,delay_min,77.87441423988327,129,3327.5142290398862,5877.153683411397,729.0,8.06193920906913,2.079696393149929,79.9541106330332,77.87441423988327
602,scenario_19,delay_min,11.06732830076019,174,6978.5477473254405,5877.153683411397,2200.0,2.671433492459726,4.187128648395264,15.254456949155454,11.06732830076019
602,scenario_19,delay_min,10.24176798781627,68,8865.80644588534,5877.153683411397,2335.0,2.516982305529506,4.470154510530423,14.711922498346693,10.24176798781627
602,scenario_19,delay_min,9.598799951389788,61,8361.831024084971,5877.153683411397,2333.0,2.5191400271801956,4.1809155120424855,13.779715463432273,9.598799951389788
602,scenario_19,delay_min,8.383577459842805,175,5286.2980122217705,5877.153683411397,2200.0,2.671433492459726,3.1717788073330624,11.555356267175867,8.383577459842805
602,scenario_19,delay_min,7.167696236059942,98,2007.6948653871616,5941.515129422726,1536.0,3.8681739123845875,1.115386036326201,8.283082272386142,7.167696236059942
602,scenario_19,delay_min,7.0413306498736805,176,4439.9389635413945,5877.153683411397,2200.0,2.671433492459726,2.663963378124837,9.705294027998518,7.0413306498736805
602,scenario_19,delay_min,6.396442975426954,32,4235.803391000821,5877.153683411397,2391.0,2.4580316534552056,2.9552116681401075,9.35165464356706,6.396442975426954
602,scenario_19,delay_min,5.920717080128732,63,5114.75070314698,5877.153683411397,2333.0,2.5191400271801956,2.578865900746377,8.49958298087511,5.920717080128732
627,scenario_19,flow_capacity_ratio,8.070485568927115,129,3327.5142290398862,5883.383979747867,729.0,8.070485568927115,2.079696393149929,80.15238651493613,78.0726901217862
627,scenario_19,flow_capacity_ratio,8.070485568927115,130,225.05482885543543,5883.383979747867,729.0,8.070485568927115,0.13503289731326126,5.204225488553767,5.0691925912405065
627,scenario_19,flow_capacity_ratio,5.949794316094361,178,6719.55714161299,5949.794316094361,1000.0,5.949794316094361,5.039667856209742,96.06171721505432,91.02204935884457
627,scenario_19,flow_capacity_ratio,3.872630112001232,98,2007.6948653871616,5948.359852033892,1536.0,3.872630112001232,1.115386036326201,8.302915783846611,7.1875297475204105
627,scenario_19,flow_capacity_ratio,3.2619754644630787,126,1897.1851262924465,5907.437566142636,1811.0,3.2619754644630787,1.073878373373083,5.657922200563961,4.584043827190878
627,scenario_19,flow_capacity_ratio,3.0453282099393872,128,1875.2605068342427,5889.664758022775,1934.0,3.0453282099393872,0.9783967861743875,4.519812250735848,3.5414154645614606
627,scenario_19,flow_capacity_ratio,2.822601105998214,124,1877.417300305622,2057.676206272698,729.0,2.822601105998214,1.425886557194143,5.727028757266203,4.301142200072061
627,scenario_19,flow_capacity_ratio,2.7338149899871147,92,2550.193392452562,5921.44326831209,2166.0,2.7338149899871147,1.577439211826327,5.9843933415213595,4.406954129695032
627,scenario_19,flow_capacity_ratio,2.6742654453399393,174,6978.5477473254405,5883.383979747867,2200.0,2.6742654453399393,4.187128648395264,15.28263545040726,11.095506802011997
627,scenario_19,flow_capacity_ratio,2.6742654453399393,175,5286.2980122217705,5883.383979747867,2200.0,2.6742654453399393,3.1717788073330624,11.576701676070131,8.404922868737069
627,scenario_19,flow_capacity_ratio,2.6742654453399393,176,4439.9389635413945,5883.383979747867,2200.0,2.6742654453399393,2.663963378124837,9.723221945119962,7.059258566995124
627,scenario_19,delay_min,91.02204935884457,178,6719.55714161299,5949.794316094361,1000.0,5.949794316094361,5.039667856209742,96.06171721505432,91.02204935884457
627,scenario_19,delay_min,78.0726901217862,129,3327.5142290398862,5883.383979747867,729.0,8.070485568927115,2.079696393149929,80.15238651493613,78.0726901217862
627,scenario_19,delay_min,11.095506802011997,174,6978.5477473254405,5883.383979747867,2200.0,2.6742654453399393,4.187128648395264,15.28263545040726,11.095506802011997
627,scenario_19,delay_min,10.267844531695935,68,8865.80644588534,5883.383979747867,2335.0,2.5196505266586153,4.470154510530423,14.737999042226358,10.267844531695935
627,scenario_19,delay_min,9.623239435707568,61,8361.831024084971,5883.383979747867,2333.0,2.521810535682755,4.1809155120424855,13.804154947750053,9.623239435707568
627,scenario_19,delay_min,8.404922868737069,175,5286.2980122217705,5883.383979747867,2200.0,2.6742654453399393,3.1717788073330624,11.576701676070131,8.404922868737069
627,scenario_19,delay_min,7.1875297475204105,98,2007.6948653871616,5948.359852033892,1536.0,3.872630112001232,1.115386036326201,8.302915783846611,7.1875297475204105
627,scenario_19,delay_min,7.059258566995124,176,4439.9389635413945,5883.383979747867,2200.0,2.6742654453399393,2.663963378124837,9.723221945119962,7.059258566995124
627,scenario_19,delay_min,6.412728945400195,32,4235.803391000821,5883.383979747867,2391.0,2.460637381743148,2.9552116681401075,9.367940613540302,6.412728945400195
627,scenario_19,delay_min,5.935791805402996,63,5114.75070314698,5883.383979747867,2333.0,2.521810535682755,2.578865900746377,8.514657706149373,5.935791805402996
669,scenario_19,flow_capacity_ratio,8.0036289104314,129,3327.5142290398862,5834.645475704491,729.0,8.0036289104314,2.079696393149929,78.60915017010147,76.52945377695154
669,scenario_19,flow_capacity_ratio,8.0036289104314,130,225.05482885543543,5834.645475704491,729.0,8.0036289104314,0.13503289731326126,5.104024480575616,4.968991583262355
669,scenario_19,flow_capacity_ratio,5.901771767749905,178,6719.55714161299,5901.771767749905,1000.0,5.901771767749905,5.039667856209742,94.30847031909883,89.26880246288908
669,scenario_19,flow_capacity_ratio,3.8412409650162673,98,2007.6948653871616,5900.146122264987,1536.0,3.8412409650162673,1.115386036326201,8.163889801913019,7.048503765586818
669,scenario_19,flow_capacity_ratio,3.2351295419064154,126,1897.1851262924465,5858.819600392519,1811.0,3.2351295419064154,1.073878373373083,5.567899669761746,4.494021296388663
669,scenario_19,flow_capacity_ratio,3.020123221496063,128,1875.2605068342427,5840.918310373386,1934.0,3.020123221496063,0.9783967861743875,4.449873179970868,3.4714763937964803
669,scenario_19,flow_capacity_ratio,2.822601109603434,124,1877.417300305622,2057.6762089009035,729.0,2.822601109603434,1.425886557194143,5.727028770451118,4.301142213256975
669,scenario_19,flow_capacity_ratio,2.7114143282758683,92,2550.193392452562,5872.923435045531,2166.0,2.7114143282758683,1.577439211826327,5.898225330969606,4.320786119143279
669,scenario_19,flow_capacity_ratio,2.652111579865678,174,6978.5477473254405,5834.645475704491,2200.0,2.652111579865678,4.187128648395264,15.063314336525893,10.87618568813063
669,scenario_19,flow_capacity_ratio,2.652111579865678,175,5286.2980122217705,5834.645475704491,2200.0,2.652111579865678,3.1717788073330624,11.41056442082334,8.238785613490277
669,scenario_19,flow_capacity_ratio,2.652111579865678,176,4439.9389635413945,5834.645475704491,2200.0,2.652111579865678,2.663963378124837,9.583683979011987,6.91972060088715
669,scenario_19,delay_min,89.26880246288908,178,6719.55714161299,5901.771767749905,1000.0,5.901771767749905,5.039667856209742,94.30847031909883,89.26880246288908
669,scenario_19,delay_min,76.52945377695154,129,3327.5142290398862,5834.645475704491,729.0,8.0036289104314,2.079696393149929,78.60915017010147,76.52945377695154
669,scenario_19,delay_min,10.87618568813063,174,6978.5477473254405,5834.645475704491,2200.0,2.652111579865678,4.187128648395264,15.063314336525893,10.87618568813063
669,scenario_19,delay_min,10.064883536760227,68,8865.80644588534,5834.645475704491,2335.0,2.4987775056550285,4.470154510530423,14.535038047290652,10.064883536760227
669,scenario_19,delay_min,9.433020130735958,61,8361.831024084971,5834.645475704491,2333.0,2.5009196209620623,4.1809155120424855,13.613935642778443,9.433020130735958
669,scenario_19,delay_min,8.238785613490277,175,5286.2980122217705,5834.645475704491,2200.0,2.652111579865678,3.1717788073330624,11.41056442082334,8.238785613490277
669,scenario_19,delay_min,7.048503765586818,98,2007.6948653871616,5900.146122264987,1536.0,3.8412409650162673,1.115386036326201,8.163889801913019,7.048503765586818
669,scenario_19,delay_min,6.91972060088715,176,4439.9389635413945,5834.645475704491,2200.0,2.652111579865678,2.663963378124837,9.583683979011987,6.91972060088715
669,scenario_19,delay_min,6.285970710700234,32,4235.803391000821,5834.645475704491,2391.0,2.4402532311603893,2.9552116681401075,9.24118237884034,6.285970710700234
669,scenario_19,delay_min,5.818461025136806,63,5114.75070314698,5834.645475704491,2333.0,2.5009196209620623,2.578865900746377,8.397326925883183,5.818461025136806
673,scenario_19,flow_capacity_ratio,8.04228220063483,129,3327.5142290398862,5862.823724262791,729.0,8.04228220063483,2.079696393149929,79.49918301249383,77.4194866193439
673,scenario_19,flow_capacity_ratio,8.04228220063483,130,225.05482885543543,5862.823724262791,729.0,8.04228220063483,0.13503289731326126,5.161813547195174,5.026780649881913
673,scenario_19,flow_capacity_ratio,5.929305018161924,178,6719.55714161299,5929.305018161924,1000.0,5.929305018161924,5.039667856209742,95.31124384038209,90.27157598417234
673,scenario_19,flow_capacity_ratio,3.859236751687271,98,2007.6948653871616,5927.787650591648,1536.0,3.859236751687271,1.115386036326201,8.243401358029358,7.128015321703157
673,scenario_19,flow_capacity_ratio,3.2509440617137213,126,1897.1851262924465,5887.4596957635495,1811.0,3.2509440617137213,1.073878373373083,5.620804487804362,4.546926114431279
673,scenario_19,flow_capacity_ratio,3.034793932209715,128,1875.2605068342427,5869.291464893588,1934.0,3.034793932209715,0.9783967861743875,4.490482634195252,3.5120858480208645
673,scenario_19,flow_capacity_ratio,2.7246460578404417,92,2550.193392452562,5901.583361282396,2166.0,2.7246460578404417,1.577439211826327,5.949003463677043,4.371564251850716
673,scenario_19,flow_capacity_ratio,2.664919874664905,174,6978.5477473254405,5862.823724262791,2200.0,2.664919874664905,4.187128648395264,15.189803707410567,11.002675059015303
673,scenario_19,flow_capacity_ratio,2.664919874664905,175,5286.2980122217705,5862.823724262791,2200.0,2.664919874664905,3.1717788073330624,11.506380990987397,8.334602183654335
673,scenario_19,flow_capacity_ratio,2.664919874664905,176,4439.9389635413945,5862.823724262791,2200.0,2.664919874664905,2.663963378124837,9.664159904175635,7.000196526050798
673,scenario_19,delay_min,90.27157598417234,178,6719.55714161299,5929.305018161924,1000.0,5.929305018161924,5.039667856209742,95.31124384038209,90.27157598417234
673,scenario_19,delay_min,77.4194866193439,129,3327.5142290398862,5862.823724262791,729.0,8.04228220063483,2.079696393149929,79.49918301249383,77.4194866193439
673,scenario_19,delay_min,11.002675059015303,174,6978.5477473254405,5862.823724262791,2200.0,2.664919874664905,4.187128648395264,15.189803707410567,11.002675059015303
673,scenario_19,delay_min,10.181937513503343,68,8865.80644588534,5862.823724262791,2335.0,2.5108452780568697,4.470154510530423,14.652092024033765,10.181937513503343
673,scenario_19,delay_min,9.542725574913996,61,8361.831024084971,5862.823724262791,2333.0,2.512997738646717,4.1809155120424855,13.723641086956482,9.542725574913996
673,scenario_19,delay_min,8.334602183654335,175,5286.2980122217705,5862.823724262791,2200.0,2.664919874664905,3.1717788073330624,11.506380990987397,8.334602183654335
673,scenario_19,delay_min,7.128015321703157,98,2007.6948653871616,5927.787650591648,1536.0,3.859236751687271,1.115386036326201,8.243401358029358,7.128015321703157
673,scenario_19,delay_min,7.000196526050798,176,4439.9389635413945,5862.823724262791,2200.0,2.664919874664905,2.663963378124837,9.664159904175635,7.000196526050798
673,scenario_19,delay_min,6.359076163603969,32,4235.803391000821,5862.823724262791,2391.0,2.45203836230146,2.9552116681401075,9.314287831744076,6.359076163603969
673,scenario_19,delay_min,5.886129369139951,63,5114.75070314698,5862.823724262791,2333.0,2.512997738646717,2.578865900746377,8.464995269886328,5.886129369139951
680,scenario_19,flow_capacity_ratio,8.062481684626876,129,3327.5142290398862,5877.549148092993,729.0,8.062481684626876,2.079696393149929,79.96668734591793,77.886990952768
680,scenario_19,flow_capacity_ratio,8.062481684626876,130,225.05482885543543,5877.549148092993,729.0,8.062481684626876,0.13503289731326126,5.192168201295981,5.0571353039827205
680,scenario_19,flow_capacity_ratio,5.9440305650308565,178,6719.55714161299,5944.030565030856,1000.0,5.9440305650308565,5.039667856209742,95.85023855404525,90.8105706978355
680,scenario_19,flow_capacity_ratio,3.8687961007313896,98,2007.6948653871616,5942.470810723415,1536.0,3.8687961007313896,1.115386036326201,8.285849568363446,7.170463532037245
680,scenario_19,flow_capacity_ratio,3.2590830966740545,126,1897.1851262924465,5902.199488076712,1811.0,3.2590830966740545,1.073878373373083,5.64817312991708,4.574294756543996
680,scenario_19,flow_capacity_ratio,3.0424408135669894,128,1875.2605068342427,5884.080533438558,1934.0,3.0424408135669894,0.9783967861743875,4.51175898328012,3.5333621971057325
680,scenario_19,flow_capacity_ratio,2.7340970897950183,92,2550.193392452562,5922.05429649601,2166.0,2.7340970897950183,1.577439211826327,5.985484819080916,4.408045607254588
680,scenario_19,flow_capacity_ratio,2.6716132491331788,174,6978.5477473254405,5877.549148092993,2200.0,2.6716132491331788,4.187128648395264,15.256244321963308,11.069115673568044
680,scenario_19,flow_capacity_ratio,2.6716132491331788,175,5286.2980122217705,5877.549148092993,2200.0,2.6716132491331788,3.1717788073330624,11.556710214395743,8.38493140706268
680,scenario_19,flow_capacity_ratio,2.6716132491331788,176,4439.9389635413945,5877.549148092993,2200.0,2.6716132491331788,2.663963378124837,9.706431202445021,7.042467824320184
680,scenario_19,delay_min,90.8105706978355,178,6719.55714161299,5944.030565030856,1000.0,5.9440305650308565,5.039667856209742,95.85023855404525,90.8105706978355
680,scenario_19,delay_min,77.886990952768,129,3327.5142290398862,5877.549148092993,729.0,8.062481684626876,2.079696393149929,79.96668734591793,77.886990952768
680,scenario_19,delay_min,11.069115673568044,174,6978.5477473254405,5877.549148092993,2200.0,2.6716132491331788,4.187128648395264,15.256244321963308,11.069115673568044
680,scenario_19,delay_min,10.243422032686752,68,8865.80644588534,5877.549148092993,2335.0,2.517151669418841,4.470154510530423,14.713576543217174,10.243422032686752
680,scenario_19,delay_min,9.600350156963792,61,8361.831024084971,5877.549148092993,2333.0,2.51930953625932,4.1809155120424855,13.781265669006277,9.600350156963792
680,scenario_19,delay_min,8.38493140706268,175,5286.2980122217705,5877.549148092993,2200.0,2.6716132491331788,3.1717788073330624,11.556710214395743,8.38493140706268
680,scenario_19,delay_min,7.170463532037245,98,2007.6948653871616,5942.470810723415,1536.0,3.8687961007313896,1.115386036326201,8.285849568363446,7.170463532037245
680,scenario_19,delay_min,7.042467824320184,176,4439.9389635413945,5877.549148092993,2200.0,2.6716132491331788,2.663963378124837,9.706431202445021,7.042467824320184
680,scenario_19,delay_min,6.3974760005555655,32,4235.803391000821,5877.549148092993,2391.0,2.458197050645334,2.9552116681401075,9.352687668695673,6.3974760005555655
680,scenario_19,delay_min,5.921673275555888,63,5114.75070314698,5877.549148092993,2333.0,2.51930953625932,2.578865900746377,8.500539176302265,5.921673275555888
694,scenario_19,flow_capacity_ratio,8.044419141821027,129,3327.5142290398862,5864.381554387529,729.0,8.044419141821027,2.079696393149929,79.54856352168431,77.46886712853438
694,scenario_19,flow_capacity_ratio,8.044419141821027,130,225.05482885543543,5864.381554387529,729.0,8.044419141821027,0.13503289731326126,5.165019781166997,5.029986883853736
694,scenario_19,flow_capacity_ratio,5.930199831729124,178,6719.55714161299,5930.199831729124,1000.0,5.930199831729124,5.039667856209742,95.34394302412143,90.30427516791168
694,scenario_19,flow_capacity_ratio,3.859850427031663,98,2007.6948653871616,5928.730255920635,1536.0,3.859850427031663,1.115386036326201,8.246121962823938,7.130735926497738
694,scenario_19,flow_capacity_ratio,3.251769054474226,126,1897.1851262924465,5888.953757652823,1811.0,3.251769054474226,1.073878373373083,5.623574278315596,4.549695904942513
694,scenario_19,flow_capacity_ratio,3.035615766369395,128,1875.2605068342427,5870.88089215841,1934.0,3.035615766369395,0.9783967861743875,4.492765674968956,3.5143688887945683
694,scenario_19,flow_capacity_ratio,2.7284090403380303,92,2550.193392452562,5909.733981372174,2166.0,2.7284090403380303,1.577439211826327,5.963507535663067,4.3860683238367395
694,scenario_19,flow_capacity_ratio,2.6656279792670587,174,6978.5477473254405,5864.381554387529,2200.0,2.6656279792670587,4.187128648395264,15.196821549049622,11.009692900654358
694,scenario_19,flow_capacity_ratio,2.6656279792670587,175,5286.2980122217705,5864.381554387529,2200.0,2.6656279792670587,3.1717788073330624,11.511697054393402,8.33991824706034
694,scenario_19,flow_capacity_ratio,2.6656279792670587,176,4439.9389635413945,5864.381554387529,2200.0,2.6656279792670587,2.663963378124837,9.668624842965391,7.004661464840554
694,scenario_19,delay_min,90.30427516791168,178,6719.55714161299,5930.199831729124,1000.0,5.930199831729124,5.039667856209742,95.34394302412143,90.30427516791168
694,scenario_19,delay_min,77.46886712853438,129,3327.5142290398862,5864.381554387529,729.0,8.044419141821027,2.079696393149929,79.54856352168431,77.46886712853438
694,scenario_19,delay_min,11.009692900654358,174,6978.5477473254405,5864.381554387529,2200.0,2.6656279792670587,4.187128648395264,15.196821549049622,11.009692900654358
694,scenario_19,delay_min,10.188431863710473,68,8865.80644588534,5864.381554387529,2335.0,2.5115124429925175,4.470154510530423,14.658586374240897,10.188431863710473
694,scenario_19,delay_min,9.548812216256259,61,8361.831024084971,5864.381554387529,2333.0,2.5136654755197294,4.1809155120424855,13.729727728298744,9.548812216256259
694,scenario_19,delay_min,8.33991824706034,175,5286.2980122217705,5864.381554387529,2200.0,2.6656279792670587,3.1717788073330624,11.511697054393402,8.33991824706034
694,scenario_19,delay_min,7.130735926497738,98,2007.6948653871616,5928.730255920635,1536.0,3.859850427031663,1.115386036326201,8.246121962823938,7.130735926497738
694,scenario_19,delay_min,7.004661464840554,176,4439.9389635413945,5864.381554387529,2200.0,2.6656279792670587,2.663963378124837,9.668624842965391,7.004661464840554
694,scenario_19,delay_min,6.363132176277935,32,4235.803391000821,5864.381554387529,2391.0,2.4526899014586068,2.9552116681401075,9.318343844418042,6.363132176277935
694,scenario_19,delay_min,5.889883721927617,63,5114.75070314698,5864.381554387529,2333.0,2.5136654755197294,2.578865900746377,8.468749622673995,5.889883721927617
761,scenario_19,flow_capacity_ratio,8.032147820952247,129,3327.5142290398862,5855.435761474188,729.0,8.032147820952247,2.079696393149929,79.26524747696494,77.18555108381501
761,scenario_19,flow_capacity_ratio,8.032147820952247,130,225.05482885543543,5855.435761474188,729.0,8.032147820952247,0.13503289731326126,5.146624314165274,5.0115914168520135
761,scenario_19,flow_capacity_ratio,5.921993418404435,178,6719.55714161299,5921.993418404435,1000.0,5.921993418404435,5.039667856209742,95.04431475101522,90.00464689480548
761,scenario_19,flow_capacity_ratio,3.854465488587641,98,2007.6948653871616,5920.458990470616,1536.0,3.854465488587641,1.115386036326201,8.222269588807363,7.106883552481162
761,scenario_19,flow_capacity_ratio,3.2468362345789274,126,1897.1851262924465,5880.020420822438,1811.0,3.2468362345789274,1.073878373373083,5.60702771297388,4.533149339600797
761,scenario_19,flow_capacity_ratio,3.030955979223497,128,1875.2605068342427,5861.868863818243,1934.0,3.030955979223497,0.9783967861743875,4.479832324383089,3.501435538208702
761,scenario_19,flow_capacity_ratio,2.76087275732773,124,1877.417300305622,2012.676240091915,729.0,2.76087275732773,1.425886557194143,5.504723298533451,4.078836741339307
761,scenario_19,flow_capacity_ratio,2.7212644783445032,92,2550.193392452562,5894.258860094194,2166.0,2.7212644783445032,1.577439211826327,5.9359933764149355,4.358554164588608
761,scenario_19,flow_capacity_ratio,2.6615617097609947,174,6978.5477473254405,5855.435761474188,2200.0,2.6615617097609947,4.187128648395264,15.156557340189913,10.969428691794649
761,scenario_19,flow_capacity_ratio,2.6615617097609947,175,5286.2980122217705,5855.435761474188,2200.0,2.6615617097609947,3.1717788073330624,11.481196638695833,8.30941783136277
761,scenario_19,flow_capacity_ratio,2.6615617097609947,176,4439.9389635413945,5855.435761474188,2200.0,2.6615617097609947,2.663963378124837,9.643007675006498,6.979044296881661
761,scenario_19,delay_min,90.00464689480548,178,6719.55714161299,5921.993418404435,1000.0,5.921993418404435,5.039667856209742,95.04431475101522,90.00464689480548
761,scenario_19,delay_min,77.18555108381501,129,3327.5142290398862,5855.435761474188,729.0,8.032147820952247,2.079696393149929,79.26524747696494,77.18555108381501
761,scenario_19,delay_min,10.969428691794649,174,6978.5477473254405,5855.435761474188,2200.0,2.6615617097609947,4.187128648395264,15.156557340189913,10.969428691794649
761,scenario_19,delay_min,10.151171137892327,68,8865.80644588534,5855.435761474188,2335.0,2.507681268297297,4.470154510530423,14.621325648422749,10.151171137892327
761,scenario_19,delay_min,9.513890681849556,61,8361.831024084971,5855.435761474188,2333.0,2.509831016491294,4.1809155120424855,13.694806193892042,9.513890681849556
761,scenario_19,delay_min,8.30941783136277,175,5286.2980122217705,5855.435761474188,2200.0,2.6615617097609947,3.1717788073330624,11.481196638695833,8.30941783136277
761,scenario_19,delay_min,7.106883552481162,98,2007.6948653871616,5920.458990470616,1536.0,3.854465488587641,1.115386036326201,8.222269588807363,7.106883552481162
761,scenario_19,delay_min,6.979044296881661,176,4439.9389635413945,5855.435761474188,2200.0,2.6615617097609947,2.663963378124837,9.643007675006498,6.979044296881661
761,scenario_19,delay_min,6.339861183593628,32,4235.803391000821,5855.435761474188,2391.0,2.4489484573292297,2.9552116681401075,9.295072851733735,6.339861183593628
761,scenario_19,delay_min,5.86834347457658,63,5114.75070314698,5855.435761474188,2333.0,2.509831016491294,2.578865900746377,8.447209375322958,5.86834347457658
764,scenario_19,flow_capacity_ratio,8.073611668492395,129,3327.5142290398862,5885.6629063309565,729.0,8.073611668492395,2.079696393149929,80.22498562101414,78.14528922786421
764,scenario_19,flow_capacity_ratio,8.073611668492395,130,225.05482885543543,5885.6629063309565,729.0,8.073611668492395,0.13503289731326126,5.208939286042842,5.073906388729581
764,scenario_19,flow_capacity_ratio,5.952169533911486,178,6719.55714161299,5952.169533911486,1000.0,5.952169533911486,5.039667856209742,96.14895019183953,91.10928233562979
764,scenario_19,flow_capacity_ratio,3.874088107210794,98,2007.6948653871616,5950.59933267578,1536.0,3.874088107210794,1.115386036326201,8.309411924519683,7.194025888193482
764,scenario_19,flow_capacity_ratio,3.2635463429341907,126,1897.1851262924465,5910.282427053819,1811.0,3.2635463429341907,1.073878373373083,5.663222108020888,4.589343734647805
764,scenario_19,flow_capacity_ratio,3.0466167073315544,128,1875.2605068342427,5892.156711979226,1934.0,3.0466167073315544,0.9783967861743875,4.523409463904518,3.545012677730131
764,scenario_19,flow_capacity_ratio,2.7379107232198043,92,2550.193392452562,5930.314626494096,2166.0,2.7379107232198043,1.577439211826327,6.000255694869221,4.422816483042894
764,scenario_19,flow_capacity_ratio,2.675301321059526,174,6978.5477473254405,5885.6629063309565,2200.0,2.675301321059526,4.187128648395264,15.292953064339256,11.105824415943992
764,scenario_19,flow_capacity_ratio,2.675301321059526,175,5286.2980122217705,5885.6629063309565,2200.0,2.675301321059526,3.1717788073330624,11.584517339728876,8.412738532395814
764,scenario_19,flow_capacity_ratio,2.675301321059526,176,4439.9389635413945,5885.6629063309565,2200.0,2.675301321059526,2.663963378124837,9.729786287410949,7.065822909286112
764,scenario_19,delay_min,91.10928233562979,178,6719.55714161299,5952.169533911486,1000.0,5.952169533911486,5.039667856209742,96.14895019183953,91.10928233562979
764,scenario_19,delay_min,78.14528922786421,129,3327.5142290398862,5885.6629063309565,729.0,8.073611668492395,2.079696393149929,80.22498562101414,78.14528922786421
764,scenario_19,delay_min,11.105824415943992,174,6978.5477473254405,5885.6629063309565,2200.0,2.675301321059526,4.187128648395264,15.292953064339256,11.105824415943992
764,scenario_19,delay_min,10.277392509781311,68,8865.80644588534,5885.6629063309565,2335.0,2.5206265123473046,4.470154510530423,14.747547020311734,10.277392509781311
764,scenario_19,delay_min,9.632188001198488,61,8361.831024084971,5885.6629063309565,2333.0,2.5227873580501314,4.1809155120424855,13.813103513240973,9.632188001198488
764,scenario_19,delay_min,8.412738532395814,175,5286.2980122217705,5885.6629063309565,2200.0,2.675301321059526,3.1717788073330624,11.584517339728876,8.412738532395814
764,scenario_19,delay_min,7.194025888193482,98,2007.6948653871616,5950.59933267578,1536.0,3.874088107210794,1.115386036326201,8.309411924519683,7.194025888193482
764,scenario_19,delay_min,7.065822909286112,176,4439.9389635413945,5885.6629063309565,2200.0,2.675301321059526,2.663963378124837,9.729786287410949,7.065822909286112
764,scenario_19,delay_min,6.418692085497334,32,4235.803391000821,5885.6629063309565,2391.0,2.461590508712236,2.9552116681401075,9.37390375363744,6.418692085497334
764,scenario_19,delay_min,5.9413114458594105,63,5114.75070314698,5885.6629063309565,2333.0,2.5227873580501314,2.578865900746377,8.520177346605788,5.9413114458594105
767,scenario_19,flow_capacity_ratio,8.04010523303709,129,3327.5142290398862,5861.236714884039,729.0,8.04010523303709,2.079696393149929,79.44889645691886,77.36920006376893
767,scenario_19,flow_capacity_ratio,8.04010523303709,130,225.05482885543543,5861.236714884039,729.0,8.04010523303709,0.13503289731326126,5.158548484411222,5.023515587097961
767,scenario_19,flow_capacity_ratio,5.927579125888538,178,6719.55714161299,5927.579125888538,1000.0,5.927579125888538,5.039667856209742,95.24819404761928,90.20852619140953
767,scenario_19,flow_capacity_ratio,3.8581385030013204,98,2007.6948653871616,5926.100740610028,1536.0,3.8581385030013204,1.115386036326201,8.238534007561524,7.123147971235324
767,scenario_19,flow_capacity_ratio,3.249793973883706,126,1897.1851262924465,5885.376886703391,1811.0,3.249793973883706,1.073878373373083,5.616944880733475,4.5430665073603915
767,scenario_19,flow_capacity_ratio,3.0338832992330658,128,1875.2605068342427,5867.5303007167495,1934.0,3.0338832992330658,0.9783967861743875,4.487953922578041,3.5095571364036533
767,scenario_19,flow_capacity_ratio,2.8226010925699865,124,1877.417300305622,2057.67619648352,729.0,2.8226010925699865,1.425886557194143,5.727028708156849,4.301142150962706
767,scenario_19,flow_capacity_ratio,2.7236899086262607,92,2550.193392452562,5899.51234208448,2166.0,2.7236899086262607,1.577439211826327,5.945322538457613,4.3678833266312855
767,scenario_19,flow_capacity_ratio,2.6641985067654725,174,6978.5477473254405,5861.236714884039,2200.0,2.6641985067654725,4.187128648395264,15.182657100593746,10.995528452198482
767,scenario_19,flow_capacity_ratio,2.6641985067654725,175,5286.2980122217705,5861.236714884039,2200.0,2.6641985067654725,3.1717788073330624,11.50096738707183,8.329188579738767
767,scenario_19,flow_capacity_ratio,2.6641985067654725,176,4439.9389635413945,5861.236714884039,2200.0,2.6641985067654725,2.663963378124837,9.65961304153143,6.995649663406592
767,scenario_19,delay_min,90.20852619140953,178,6719.55714161299,5927.579125888538,1000.0,5.927579125888538,5.039667856209742,95.24819404761928,90.20852619140953
767,scenario_19,delay_min,77.36920006376893,129,3327.5142290398862,5861.236714884039,729.0,8.04010523303709,2.079696393149929,79.44889645691886,77.36920006376893
767,scenario_19,delay_min,10.995528452198482,174,6978.5477473254405,5861.236714884039,2200.0,2.6641985067654725,4.187128648395264,15.182657100593746,10.995528452198482
767,scenario_19,delay_min,10.175324003274955,68,8865.80644588534,5861.236714884039,2335.0,2.5101656166526936,4.470154510530423,14.645478513805378,10.175324003274955
767,scenario_19,delay_min,9.536527254298427,61,8361.831024084971,5861.236714884039,2333.0,2.5123174945923874,4.1809155120424855,13.717442766340913,9.536527254298427
767,scenario_19,delay_min,8.329188579738767,175,5286.2980122217705,5861.236714884039,2200.0,2.6641985067654725,3.1717788073330624,11.50096738707183,8.329188579738767
767,scenario_19,delay_min,7.123147971235324,98,2007.6948653871616,5926.100740610028,1536.0,3.8581385030013204,1.115386036326201,8.238534007561524,7.123147971235324
767,scenario_19,delay_min,6.995649663406592,176,4439.9389635413945,5861.236714884039,2200.0,2.6641985067654725,2.663963378124837,9.65961304153143,6.995649663406592
767,scenario_19,delay_min,6.354945730157947,32,4235.803391000821,5861.236714884039,2391.0,2.4513746193576074,2.9552116681401075,9.310157398298054,6.354945730157947
767,scenario_19,delay_min,5.8823061305140225,63,5114.75070314698,5861.236714884039,2333.0,2.5123174945923874,2.578865900746377,8.4611720312604,5.8823061305140225
770,scenario_19,flow_capacity_ratio,8.052608238712722,129,3327.5142290398862,5870.351406021575,729.0,8.052608238712722,2.079696393149929,79.73796753236707,77.65827113921713
770,scenario_19,flow_capacity_ratio,8.052608238712722,130,225.05482885543543,5870.351406021575,729.0,8.052608238712722,0.13503289731326126,5.177317620606198,5.042284723292937
770,scenario_19,flow_capacity_ratio,5.937016017222165,178,6719.55714161299,5937.016017222165,1000.0,5.937016017222165,5.039667856209742,95.59325375026624,90.5535858940565
770,scenario_19,flow_capacity_ratio,3.864222436515122,98,2007.6948653871616,5935.445662487227,1536.0,3.864222436515122,1.115386036326201,8.26552190675271,7.150135870426509
770,scenario_19,flow_capacity_ratio,3.2549767860854306,126,1897.1851262924465,5894.762959600715,1811.0,3.2549767860854306,1.073878373373083,5.6343531119029375,4.560474738529854
770,scenario_19,flow_capacity_ratio,3.0385799283802473,128,1875.2605068342427,5876.613581487398,1934.0,3.0385799283802473,0.9783967861743875,4.501007255603503,3.522610469429116
770,scenario_19,flow_capacity_ratio,2.8226010995841206,124,1877.417300305622,2057.676201596824,729.0,2.8226010995841206,1.425886557194143,5.727028733808753,4.30114217661461
770,scenario_19,flow_capacity_ratio,2.7280481235292107,92,2550.193392452562,5908.95223556427,2166.0,2.7280481235292107,1.577439211826327,5.962115199677614,4.384675987851287
770,scenario_19,flow_capacity_ratio,2.668341548191625,174,6978.5477473254405,5870.351406021575,2200.0,2.668341548191625,4.187128648395264,15.223739200863344,11.03661055246808
770,scenario_19,flow_capacity_ratio,2.668341548191625,175,5286.2980122217705,5870.351406021575,2200.0,2.668341548191625,3.1717788073330624,11.532087361149001,8.360308553815939
770,scenario_19,flow_capacity_ratio,2.668341548191625,176,4439.9389635413945,5870.351406021575,2200.0,2.668341548191625,2.663963378124837,9.685750573908564,7.021787195783727
770,scenario_19,delay_min,90.5535858940565,178,6719.55714161299,5937.016017222165,1000.0,5.937016017222165,5.039667856209742,95.59325375026624,90.5535858940565
770,scenario_19,delay_min,77.65827113921713,129,3327.5142290398862,5870.351406021575,729.0,8.052608238712722,2.079696393149929,79.73796753236707,77.65827113921713
770,scenario_19,delay_min,11.03661055246808,174,6978.5477473254405,5870.351406021575,2200.0,2.668341548191625,4.187128648395264,15.223739200863344,11.03661055246808
770,scenario_19,delay_min,10.213341610413664,68,8865.80644588534,5870.351406021575,2335.0,2.5140691246345073,4.470154510530423,14.683496120944088,10.213341610413664
770,scenario_19,delay_min,9.572158153767067,61,8361.831024084971,5870.351406021575,2333.0,2.5162243489162344,4.1809155120424855,13.753073665809552,9.572158153767067
770,scenario_19,delay_min,8.360308553815939,175,5286.2980122217705,5870.351406021575,2200.0,2.668341548191625,3.1717788073330624,11.532087361149001,8.360308553815939
770,scenario_19,delay_min,7.150135870426509,98,2007.6948653871616,5935.445662487227,1536.0,3.864222436515122,1.115386036326201,8.26552190675271,7.150135870426509
770,scenario_19,delay_min,7.021787195783727,176,4439.9389635413945,5870.351406021575,2200.0,2.668341548191625,2.663963378124837,9.685750573908564,7.021787195783727
770,scenario_19,delay_min,6.378689429137873,32,4235.803391000821,5870.351406021575,2391.0,2.4551867026439043,2.9552116681401075,9.33390109727798,6.378689429137873
770,scenario_19,delay_min,5.9042839273357774,63,5114.75070314698,5870.351406021575,2333.0,2.5162243489162344,2.578865900746377,8.483149828082155,5.9042839273357774
780,scenario_19,flow_capacity_ratio,8.05706374042099,129,3327.5142290398862,5873.599466766902,729.0,8.05706374042099,2.079696393149929,79.84113129872563,77.7614349055757
780,scenario_19,flow_capacity_ratio,8.05706374042099,130,225.05482885543543,5873.599466766902,729.0,8.05706374042099,0.13503289731326126,5.184015955187644,5.048983057874383
780,scenario_19,flow_capacity_ratio,5.94174869615784,178,6719.55714161299,5941.748696157841,1000.0,5.94174869615784,5.039667856209742,95.76659343924639,90.72692558303665
780,scenario_19,flow_capacity_ratio,3.8673424229106903,98,2007.6948653871616,5940.23796159082,1536.0,3.8673424229106903,1.115386036326201,8.279385044275125,7.163999007948925
780,scenario_19,flow_capacity_ratio,3.256574750833132,126,1897.1851262924465,5897.656873758802,1811.0,3.256574750833132,1.073878373373083,5.639728252450186,4.565849879077103
780,scenario_19,flow_capacity_ratio,3.0402528121152708,128,1875.2605068342427,5879.848938630934,1934.0,3.0402528121152708,0.9783967861743875,4.505663527228911,3.527266741054524
780,scenario_19,flow_capacity_ratio,2.822652575185082,124,1877.417300305622,2057.7137273099247,729.0,2.822652575185082,1.425886557194143,5.727216991402625,4.301330434208483
780,scenario_19,flow_capacity_ratio,2.729304666904828,92,2550.193392452562,5911.673908515858,2166.0,2.729304666904828,1.577439211826327,5.966963775787991,4.389524563961664
780,scenario_19,flow_capacity_ratio,2.669817939439501,174,6978.5477473254405,5873.599466766902,2200.0,2.669817939439501,4.187128648395264,15.23840059231235,11.051271943917087
780,scenario_19,flow_capacity_ratio,2.669817939439501,175,5286.2980122217705,5873.599466766902,2200.0,2.669817939439501,3.1717788073330624,11.543193466212621,8.371414658879559
780,scenario_19,flow_capacity_ratio,2.669817939439501,176,4439.9389635413945,5873.599466766902,2200.0,2.669817939439501,2.663963378124837,9.695078543782973,7.031115165658136
780,scenario_19,delay_min,90.72692558303665,178,6719.55714161299,5941.748696157841,1000.0,5.94174869615784,5.039667856209742,95.76659343924639,90.72692558303665
780,scenario_19,delay_min,77.7614349055757,129,3327.5142290398862,5873.599466766902,729.0,8.05706374042099,2.079696393149929,79.84113129872563,77.7614349055757
780,scenario_19,delay_min,11.051271943917087,174,6978.5477473254405,5873.599466766902,2200.0,2.669817939439501,4.187128648395264,15.23840059231235,11.051271943917087
780,scenario_19,delay_min,10.226909344695926,68,8865.80644588534,5873.599466766902,2335.0,2.5154601570736195,4.470154510530423,14.69706385522635,10.226909344695926
780,scenario_19,delay_min,9.584874119147651,61,8361.831024084971,5873.599466766902,2333.0,2.517616573839221,4.1809155120424855,13.765789631190136,9.584874119147651
780,scenario_19,delay_min,8.371414658879559,175,5286.2980122217705,5873.599466766902,2200.0,2.669817939439501,3.1717788073330624,11.543193466212621,8.371414658879559
780,scenario_19,delay_min,7.163999007948925,98,2007.6948653871616,5940.23796159082,1536.0,3.8673424229106903,1.115386036326201,8.279385044275125,7.163999007948925
780,scenario_19,delay_min,7.031115165658136,176,4439.9389635413945,5873.599466766902,2200.0,2.669817939439501,2.663963378124837,9.695078543782973,7.031115165658136
780,scenario_19,delay_min,6.387163087079108,32,4235.803391000821,5873.599466766902,2391.0,2.4565451554859483,2.9552116681401075,9.342374755219215,6.387163087079108
780,scenario_19,delay_min,5.912127369620274,63,5114.75070314698,5873.599466766902,2333.0,2.517616573839221,2.578865900746377,8.490993270366651,5.912127369620274
810,scenario_19,flow_capacity_ratio,8.069472478574328,129,3327.5142290398862,5882.645436880684,729.0,8.069472478574328,2.079696393149929,80.12886741285261,78.04917101970268
810,scenario_19,flow_capacity_ratio,8.069472478574328,130,225.05482885543543,5882.645436880684,729.0,8.069472478574328,0.13503289731326126,5.202698413492714,5.067665516179453
810,scenario_19,flow_capacity_ratio,5.948957062222741,178,6719.55714161299,5948.957062222741,1000.0,5.948957062222741,5.039667856209742,96.03097959187609,90.99131173566634
810,scenario_19,flow_capacity_ratio,3.8719742388053184,98,2007.6948653871616,5947.352430804969,1536.0,3.8719742388053184,1.115386036326201,8.299994637786163,7.184608601459963
810,scenario_19,flow_capacity_ratio,3.261904860098895,126,1897.1851262924465,5907.309701639099,1811.0,3.261904860098895,1.073878373373083,5.657684075955419,4.583805702582335
810,scenario_19,flow_capacity_ratio,3.045087761204182,128,1875.2605068342427,5889.199730168888,1934.0,3.045087761204182,0.9783967861743875,4.519141204400677,3.5407444182262897
810,scenario_19,flow_capacity_ratio,2.736509171815628,92,2550.193392452562,5927.27886615265,2166.0,2.736509171815628,1.577439211826327,5.994823888629522,4.417384676803195
810,scenario_19,flow_capacity_ratio,2.6739297440366747,174,6978.5477473254405,5882.645436880684,2200.0,2.6739297440366747,4.187128648395264,15.27929297102378,11.092164322628516
810,scenario_19,flow_capacity_ratio,2.6739297440366747,175,5286.2980122217705,5882.645436880684,2200.0,2.6739297440366747,3.1717788073330624,11.574169724901989,8.402390917568926
810,scenario_19,flow_capacity_ratio,2.6739297440366747,176,4439.9389635413945,5882.645436880684,2200.0,2.6739297440366747,2.663963378124837,9.721095370224027,7.05713199209919
810,scenario_19,delay_min,90.99131173566634,178,6719.55714161299,5948.957062222741,1000.0,5.948957062222741,5.039667856209742,96.03097959187609,90.99131173566634
810,scenario_19,delay_min,78.04917101970268,129,3327.5142290398862,5882.645436880684,729.0,8.069472478574328,2.079696393149929,80.12886741285261,78.04917101970268
810,scenario_19,delay_min,11.092164322628516,174,6978.5477473254405,5882.645436880684,2200.0,2.6739297440366747,4.187128648395264,15.27929297102378,11.092164322628516
810,scenario_19,delay_min,10.264751382435389,68,8865.80644588534,5882.645436880684,2335.0,2.519334234210143,4.470154510530423,14.734905892965811,10.264751382435389
810,scenario_19,delay_min,9.620340471289794,61,8361.831024084971,5882.645436880684,2333.0,2.5214939720877343,4.1809155120424855,13.801255983332279,9.620340471289794
810,scenario_19,delay_min,8.402390917568926,175,5286.2980122217705,5882.645436880684,2200.0,2.6739297440366747,3.1717788073330624,11.574169724901989,8.402390917568926
810,scenario_19,delay_min,7.184608601459963,98,2007.6948653871616,5947.352430804969,1536.0,3.8719742388053184,1.115386036326201,8.299994637786163,7.184608601459963
810,scenario_19,delay_min,7.05713199209919,176,4439.9389635413945,5882.645436880684,2200.0,2.6739297440366747,2.663963378124837,9.721095370224027,7.05713199209919
810,scenario_19,delay_min,6.410797135103078,32,4235.803391000821,5882.645436880684,2391.0,2.46032849723157,2.9552116681401075,9.366008803243185,6.410797135103078
810,scenario_19,delay_min,5.934003670612196,63,5114.75070314698,5882.645436880684,2333.0,2.5214939720877343,2.578865900746377,8.512869571358573,5.934003670612196
813,scenario_19,flow_capacity_ratio,8.001079989582502,129,3327.5142290398862,5832.787312405644,729.0,8.001079989582502,2.079696393149929,78.55066948699506,76.47097309384513
813,scenario_19,flow_capacity_ratio,8.001079989582502,130,225.05482885543543,5832.787312405644,729.0,8.001079989582502,0.13503289731326126,5.10022738014176,4.965194482828499
813,scenario_19,flow_capacity_ratio,5.898878553657791,178,6719.55714161299,5898.878553657791,1000.0,5.898878553657791,5.039667856209742,94.20347738717405,89.1638095309643
813,scenario_19,flow_capacity_ratio,3.8394236543107603,98,2007.6948653871616,5897.354733021328,1536.0,3.8394236543107603,1.115386036326201,8.15588921275351,7.0405031764273085
813,scenario_19,flow_capacity_ratio,3.23431508482775,126,1897.1851262924465,5857.344618623056,1811.0,3.23431508482775,1.073878373373083,5.565184816532831,4.491306443159748
813,scenario_19,flow_capacity_ratio,3.0192708544735707,128,1875.2605068342427,5839.269832551886,1934.0,3.0192708544735707,0.9783967861743875,4.447522239514513,3.469125453340126
813,scenario_19,flow_capacity_ratio,2.7137452380467613,92,2550.193392452562,5877.972185609285,2166.0,2.7137452380467613,1.577439211826327,5.907145331524914,4.329706119698587
813,scenario_19,flow_capacity_ratio,2.6512669601843837,174,6978.5477473254405,5832.787312405644,2200.0,2.6512669601843837,4.187128648395264,15.05500319960745,10.867874551212186
813,scenario_19,flow_capacity_ratio,2.6512669601843837,175,5286.2980122217705,5832.787312405644,2200.0,2.6512669601843837,3.1717788073330624,11.404268677330274,8.232489869997211
813,scenario_19,flow_capacity_ratio,2.6512669601843837,176,4439.9389635413945,5832.787312405644,2200.0,2.6512669601843837,2.663963378124837,9.578396211130816,6.9144328330059786
813,scenario_19,delay_min,89.1638095309643,178,6719.55714161299,5898.878553657791,1000.0,5.898878553657791,5.039667856209742,94.20347738717405,89.1638095309643
813,scenario_19,delay_min,76.47097309384513,129,3327.5142290398862,5832.787312405644,729.0,8.001079989582502,2.079696393149929,78.55066948699506,76.47097309384513
813,scenario_19,delay_min,10.867874551212186,174,6978.5477473254405,5832.787312405644,2200.0,2.6512669601843837,4.187128648395264,15.05500319960745,10.867874551212186
813,scenario_19,delay_min,10.057192363812202,68,8865.80644588534,5832.787312405644,2335.0,2.497981718375008,4.470154510530423,14.527346874342626,10.057192363812202
813,scenario_19,delay_min,9.42581180199746,61,8361.831024084971,5832.787312405644,2333.0,2.500123151481202,4.1809155120424855,13.606727314039945,9.42581180199746
813,scenario_19,delay_min,8.232489869997211,175,5286.2980122217705,5832.787312405644,2200.0,2.6512669601843837,3.1717788073330624,11.404268677330274,8.232489869997211
813,scenario_19,delay_min,7.0405031764273085,98,2007.6948653871616,5897.354733021328,1536.0,3.8394236543107603,1.115386036326201,8.15588921275351,7.0405031764273085
813,scenario_19,delay_min,6.9144328330059786,176,4439.9389635413945,5832.787312405644,2200.0,2.6512669601843837,2.663963378124837,9.578396211130816,6.9144328330059786
813,scenario_19,delay_min,6.2811672286027385,32,4235.803391000821,5832.787312405644,2391.0,2.439476082143724,2.9552116681401075,9.236378896742846,6.2811672286027385
813,scenario_19,delay_min,5.81401479484788,63,5114.75070314698,5832.787312405644,2333.0,2.500123151481202,2.578865900746377,8.392880695594258,5.81401479484788
837,scenario_19,flow_capacity_ratio,8.065710313265033,129,3327.5142290398862,5879.9028183702085,729.0,8.065710313265033,2.079696393149929,80.04156414150638,77.96186774835645
837,scenario_19,flow_capacity_ratio,8.065710313265033,130,225.05482885543543,5879.9028183702085,729.0,8.065710313265033,0.13503289731326126,5.197029887205109,5.061996989891848
837,scenario_19,flow_capacity_ratio,5.943615891474966,178,6719.55714161299,5943.615891474966,1000.0,5.943615891474966,5.039667856209742,95.83503476815551,90.79536691194576
837,scenario_19,flow_capacity_ratio,3.8694328244971694,98,2007.6948653871616,5943.448818427652,1536.0,3.8694328244971694,1.115386036326201,8.288682158400018,7.173296122073817
837,scenario_19,flow_capacity_ratio,3.259431756463417,126,1897.1851262924465,5902.830910955248,1811.0,3.259431756463417,1.073878373373083,5.6493476875717645,4.575469314198681
837,scenario_19,flow_capacity_ratio,3.043428314298428,128,1875.2605068342427,5885.99035985316,1934.0,3.043428314298428,0.9783967861743875,4.514512028554307,3.53611524237992
837,scenario_19,flow_capacity_ratio,2.8226060330785283,124,1877.417300305622,2057.679798114247,729.0,2.8226060330785283,1.425886557194143,5.727046776474583,4.30116021928044
837,scenario_19,flow_capacity_ratio,2.731457775504017,92,2550.193392452562,5916.3375417417,2166.0,2.731457775504017,1.577439211826327,5.975279162058217,4.39783995023189
837,scenario_19,flow_capacity_ratio,2.6726830992591855,174,6978.5477473254405,5879.9028183702085,2200.0,2.6726830992591855,4.187128648395264,15.266885635762897,11.079756987367633
837,scenario_19,flow_capacity_ratio,2.6726830992591855,175,5286.2980122217705,5879.9028183702085,2200.0,2.6726830992591855,3.1717788073330624,11.56477108293501,8.392992275601948
837,scenario_19,flow_capacity_ratio,2.6726830992591855,176,4439.9389635413945,5879.9028183702085,2200.0,2.6726830992591855,2.663963378124837,9.71320149126051,7.049238113135672
837,scenario_19,delay_min,90.79536691194576,178,6719.55714161299,5943.615891474966,1000.0,5.943615891474966,5.039667856209742,95.83503476815551,90.79536691194576
837,scenario_19,delay_min,77.96186774835645,129,3327.5142290398862,5879.9028183702085,729.0,8.065710313265033,2.079696393149929,80.04156414150638,77.96186774835645
837,scenario_19,delay_min,11.079756987367633,174,6978.5477473254405,5879.9028183702085,2200.0,2.6726830992591855,4.187128648395264,15.266885635762897,11.079756987367633
837,scenario_19,delay_min,10.253269564454058,68,8865.80644588534,5879.9028183702085,2335.0,2.5181596652549074,4.470154510530423,14.72342407498448,10.253269564454058
837,scenario_19,delay_min,9.609579470453589,61,8361.831024084971,5879.9028183702085,2333.0,2.520318396215263,4.1809155120424855,13.790494982496075,9.609579470453589
837,scenario_19,delay_min,8.392992275601948,175,5286.2980122217705,5879.9028183702085,2200.0,2.6726830992591855,3.1717788073330624,11.56477108293501,8.392992275601948
837,scenario_19,delay_min,7.173296122073817,98,2007.6948653871616,5943.448818427652,1536.0,3.8694328244971694,1.115386036326201,8.288682158400018,7.173296122073817
837,scenario_19,delay_min,7.049238113135672,176,4439.9389635413945,5879.9028183702085,2200.0,2.6726830992591855,2.663963378124837,9.71320149126051,7.049238113135672
837,scenario_19,delay_min,6.4036262253481215,32,4235.803391000821,5879.9028183702085,2391.0,2.4591814380469295,2.9552116681401075,9.358837893488229,6.4036262253481215
837,scenario_19,delay_min,5.927366086562852,63,5114.75070314698,5879.9028183702085,2333.0,2.520318396215263,2.578865900746377,8.50623198730923,5.927366086562852
858,scenario_19,flow_capacity_ratio,8.065351608731401,129,3327.5142290398862,5879.641322765192,729.0,8.065351608731401,2.079696393149929,80.03324316678886,77.95354677363893
858,scenario_19,flow_capacity_ratio,8.065351608731401,130,225.05482885543543,5879.641322765192,729.0,8.065351608731401,0.13503289731326126,5.196489613476559,5.061456716163298
858,scenario_19,flow_capacity_ratio,5.94529887151245,178,6719.55714161299,5945.29887151245,1000.0,5.94529887151245,5.039667856209742,95.89674955531248,90.85708169910274
858,scenario_19,flow_capacity_ratio,3.8698062353732947,98,2007.6948653871616,5944.022377533381,1536.0,3.8698062353732947,1.115386036326201,8.29034365321261,7.174957616886409
858,scenario_19,flow_capacity_ratio,3.259838913424562,126,1897.1851262924465,5903.568272211882,1811.0,3.259838913424562,1.073878373373083,5.650719531909023,4.57684115853594
858,scenario_19,flow_capacity_ratio,3.043571752357114,128,1875.2605068342427,5886.267769058659,1934.0,3.043571752357114,0.9783967861743875,4.514912022393104,3.5365152362187167
858,scenario_19,flow_capacity_ratio,2.7344021251286654,92,2550.193392452562,5922.715003028689,2166.0,2.7344021251286654,1.577439211826327,5.986665214330884,4.409226002504557
858,scenario_19,flow_capacity_ratio,2.672564237620542,174,6978.5477473254405,5879.641322765192,2200.0,2.672564237620542,4.187128648395264,15.26570307843801,11.078574430042746
858,scenario_19,flow_capacity_ratio,2.672564237620542,175,5286.2980122217705,5879.641322765192,2200.0,2.672564237620542,3.1717788073330624,11.563875287611651,8.392096480278589
858,scenario_19,flow_capacity_ratio,2.672564237620542,176,4439.9389635413945,5879.641322765192,2200.0,2.672564237620542,2.663963378124837,9.71244911662133,7.048485738496494
858,scenario_19,delay_min,90.85708169910274,178,6719.55714161299,5945.29887151245,1000.0,5.94529887151245,5.039667856209742,95.89674955531248,90.85708169910274
858,scenario_19,delay_min,77.95354677363893,129,3327.5142290398862,5879.641322765192,729.0,8.065351608731401,2.079696393149929,80.03324316678886,77.95354677363893
858,scenario_19,delay_min,11.078574430042746,174,6978.5477473254405,5879.641322765192,2200.0,2.672564237620542,4.187128648395264,15.26570307843801,11.078574430042746
858,scenario_19,delay_min,10.252175219240407,68,8865.80644588534,5879.641322765192,2335.0,2.5180476757024377,4.470154510530423,14.72232972977083,10.252175219240407
858,scenario_19,delay_min,9.608553827147079,61,8361.831024084971,5879.641322765192,2333.0,2.5202063106580335,4.1809155120424855,13.789469339189564,9.608553827147079
858,scenario_19,delay_min,8.392096480278589,175,5286.2980122217705,5879.641322765192,2200.0,2.672564237620542,3.1717788073330624,11.563875287611651,8.392096480278589
858,scenario_19,delay_min,7.174957616886409,98,2007.6948653871616,5944.022377533381,1536.0,3.8698062353732947,1.115386036326201,8.29034365321261,7.174957616886409
858,scenario_19,delay_min,7.048485738496494,176,4439.9389635413945,5879.641322765192,2200.0,2.672564237620542,2.663963378124837,9.71244911662133,7.048485738496494
858,scenario_19,delay_min,6.402942757731703,32,4235.803391000821,5879.641322765192,2391.0,2.459072071419988,2.9552116681401075,9.35815442587181,6.402942757731703
858,scenario_19,delay_min,5.926733450829872,63,5114.75070314698,5879.641322765192,2333.0,2.5202063106580335,2.578865900746377,8.50559935157625,5.926733450829872
863,scenario_19,flow_capacity_ratio,8.057802434222552,129,3327.5142290398862,5874.137974548241,729.0,8.057802434222552,2.079696393149929,79.85824291507498,77.77854652192505
863,scenario_19,flow_capacity_ratio,8.057802434222552,130,225.05482885543543,5874.137974548241,729.0,8.057802434222552,0.13503289731326126,5.18512699771336,5.050094100400099
863,scenario_19,flow_capacity_ratio,5.940131086402027,178,6719.55714161299,5940.131086402027,1000.0,5.940131086402027,5.039667856209742,95.70732491071047,90.66765705450072
863,scenario_19,flow_capacity_ratio,3.866275023162727,98,2007.6948653871616,5938.598435577949,1536.0,3.866275023162727,1.115386036326201,8.274640469279325,7.159254432953124
863,scenario_19,flow_capacity_ratio,3.2571873895872914,126,1897.1851262924465,5898.766362542585,1811.0,3.2571873895872914,1.073878373373083,5.6417899904374,4.567911617064317
863,scenario_19,flow_capacity_ratio,3.0406732758958053,128,1875.2605068342427,5880.662115582488,1934.0,3.0406732758958053,0.9783967861743875,4.506834402084282,3.5284376159098945
863,scenario_19,flow_capacity_ratio,2.7328690880774866,92,2550.193392452562,5919.394444775836,2166.0,2.7328690880774866,1.577439211826327,5.980734685673944,4.403295473847617
863,scenario_19,flow_capacity_ratio,2.6700627157037458,174,6978.5477473254405,5874.137974548241,2200.0,2.6700627157037458,4.187128648395264,15.240832454917593,11.053703806522329
863,scenario_19,flow_capacity_ratio,2.6700627157037458,175,5286.2980122217705,5874.137974548241,2200.0,2.6700627157037458,3.1717788073330624,11.545035618895609,8.373256811562547
863,scenario_19,flow_capacity_ratio,2.6700627157037458,176,4439.9389635413945,5874.137974548241,2200.0,2.6700627157037458,2.663963378124837,9.696625759898122,7.032662381773285
863,scenario_19,delay_min,90.66765705450072,178,6719.55714161299,5940.131086402027,1000.0,5.940131086402027,5.039667856209742,95.70732491071047,90.66765705450072
863,scenario_19,delay_min,77.77854652192505,129,3327.5142290398862,5874.137974548241,729.0,8.057802434222552,2.079696393149929,79.85824291507498,77.77854652192505
863,scenario_19,delay_min,11.053703806522329,174,6978.5477473254405,5874.137974548241,2200.0,2.6700627157037458,4.187128648395264,15.240832454917593,11.053703806522329
863,scenario_19,delay_min,10.22915980405742,68,8865.80644588534,5874.137974548241,2335.0,2.51569078139111,4.470154510530423,14.699314314587845,10.22915980405742
863,scenario_19,delay_min,9.58698329690245,61,8361.831024084971,5874.137974548241,2333.0,2.517847395862941,4.1809155120424855,13.767898808944935,9.58698329690245
863,scenario_19,delay_min,8.373256811562547,175,5286.2980122217705,5874.137974548241,2200.0,2.6700627157037458,3.1717788073330624,11.545035618895609,8.373256811562547
863,scenario_19,delay_min,7.159254432953124,98,2007.6948653871616,5938.598435577949,1536.0,3.866275023162727,1.115386036326201,8.274640469279325,7.159254432953124
863,scenario_19,delay_min,7.032662381773285,176,4439.9389635413945,5874.137974548241,2200.0,2.6700627157037458,2.663963378124837,9.696625759898122,7.032662381773285
863,scenario_19,delay_min,6.388568599778811,32,4235.803391000821,5874.137974548241,2391.0,2.456770378313777,2.9552116681401075,9.343780267918918,6.388568599778811
863,scenario_19,delay_min,5.913428349411612,63,5114.75070314698,5874.137974548241,2333.0,2.517847395862941,2.578865900746377,8.49229425015799,5.913428349411612
938,scenario_19,flow_capacity_ratio,8.015482595606555,129,3327.5142290398862,5843.286812197178,729.0,8.015482595606555,2.079696393149929,78.88145566178417,76.80175926863424
938,scenario_19,flow_capacity_ratio,8.015482595606555,130,225.05482885543543,5843.286812197178,729.0,8.015482595606555,0.13503289731326126,5.121705041842798,4.986672144529537
938,scenario_19,flow_capacity_ratio,5.909224967842746,178,6719.55714161299,5909.224967842746,1000.0,5.909224967842746,5.039667856209742,94.57927435803286,89.53960650182312
938,scenario_19,flow_capacity_ratio,3.846197803294181,98,2007.6948653871616,5907.759825859862,1536.0,3.846197803294181,1.115386036326201,8.18573890248378,7.07035286615758
938,scenario_19,flow_capacity_ratio,3.2401166898745495,126,1897.1851262924465,5867.851325362809,1811.0,3.2401166898745495,1.073878373373083,5.584544349130094,4.510665975757011
938,scenario_19,flow_capacity_ratio,3.024708770540569,128,1875.2605068342427,5849.786762225461,1934.0,3.024708770540569,0.9783967861743875,4.462536674545928,3.48413988837154
938,scenario_19,flow_capacity_ratio,2.718637670063521,92,2550.193392452562,5888.569193357586,2166.0,2.718637670063521,1.577439211826327,5.925902757662438,4.348463545836111
938,scenario_19,flow_capacity_ratio,2.656039460089626,174,6978.5477473254405,5843.286812197178,2200.0,2.656039460089626,4.187128648395264,15.102013751525908,10.914885103130644
938,scenario_19,flow_capacity_ratio,2.656039460089626,175,5286.2980122217705,5843.286812197178,2200.0,2.656039460089626,3.1717788073330624,11.439879494388197,8.268100687055135
938,scenario_19,flow_capacity_ratio,2.656039460089626,176,4439.9389635413945,5843.286812197178,2200.0,2.656039460089626,2.663963378124837,9.608305583211896,6.944342205087059
938,scenario_19,delay_min,89.53960650182312,178,6719.55714161299,5909.224967842746,1000.0,5.909224967842746,5.039667856209742,94.57927435803286,89.53960650182312
938,scenario_19,delay_min,76.80175926863424,129,3327.5142290398862,5843.286812197178,729.0,8.015482595606555,2.079696393149929,78.88145566178417,76.80175926863424
938,scenario_19,delay_min,10.914885103130644,174,6978.5477473254405,5843.286812197178,2200.0,2.656039460089626,4.187128648395264,15.102013751525908,10.914885103130644
938,scenario_19,delay_min,10.100696193521038,68,8865.80644588534,5843.286812197178,2335.0,2.5024782921615323,4.470154510530423,14.57085070405146,10.100696193521038
938,scenario_19,delay_min,9.466584504424539,61,8361.831024084971,5843.286812197178,2333.0,2.5046235800245085,4.1809155120424855,13.647500016467024,9.466584504424539
938,scenario_19,delay_min,8.268100687055135,175,5286.2980122217705,5843.286812197178,2200.0,2.656039460089626,3.1717788073330624,11.439879494388197,8.268100687055135
938,scenario_19,delay_min,7.07035286615758,98,2007.6948653871616,5907.759825859862,1536.0,3.846197803294181,1.115386036326201,8.18573890248378,7.07035286615758
938,scenario_19,delay_min,6.944342205087059,176,4439.9389635413945,5843.286812197178,2200.0,2.656039460089626,2.663963378124837,9.608305583211896,6.944342205087059
938,scenario_19,delay_min,6.308337319379669,32,4235.803391000821,5843.286812197178,2391.0,2.443867340944031,2.9552116681401075,9.263548987519776,6.308337319379669
938,scenario_19,delay_min,5.839164150692936,63,5114.75070314698,5843.286812197178,2333.0,2.5046235800245085,2.578865900746377,8.418030051439313,5.839164150692936
958,scenario_19,flow_capacity_ratio,8.056879497940537,129,3327.5142290398862,5873.465153998652,729.0,8.056879497940537,2.079696393149929,79.83686372012956,77.75716732697963
958,scenario_19,flow_capacity_ratio,8.056879497940537,130,225.05482885543543,5873.465153998652,729.0,8.056879497940537,0.13503289731326126,5.183738864981478,5.0487059676682176
958,scenario_19,flow_capacity_ratio,5.941581589928889,178,6719.55714161299,5941.581589928889,1000.0,5.941581589928889,5.039667856209742,95.76046969216715,90.7208018359574
958,scenario_19,flow_capacity_ratio,3.867238337533351,98,2007.6948653871616,5940.078086451227,1536.0,3.867238337533351,1.115386036326201,8.278922305736675,7.163536269410474
958,scenario_19,flow_capacity_ratio,3.256481276977561,126,1897.1851262924465,5897.487592606362,1811.0,3.256481276977561,1.073878373373083,5.639413728841978,4.565535355468895
958,scenario_19,flow_capacity_ratio,3.0401841199578006,128,1875.2605068342427,5879.716087998387,1934.0,3.0401841199578006,0.9783967861743875,4.505472260190071,3.527075474015684
958,scenario_19,flow_capacity_ratio,2.822601100104358,124,1877.417300305622,2057.6762019760768,729.0,2.822601100104358,1.425886557194143,5.727028735711351,4.301142178517209
958,scenario_19,flow_capacity_ratio,2.7292243338269673,92,2550.193392452562,5911.499907069211,2166.0,2.7292243338269673,1.577439211826327,5.966653704062314,4.389214492235987
958,scenario_19,flow_capacity_ratio,2.6697568881812055,174,6978.5477473254405,5873.465153998652,2200.0,2.6697568881812055,4.187128648395264,15.237794094095538,11.050665445700274
958,scenario_19,flow_capacity_ratio,2.6697568881812055,175,5286.2980122217705,5873.465153998652,2200.0,2.6697568881812055,3.1717788073330624,11.54273403963362,8.370955232300558
958,scenario_19,flow_capacity_ratio,2.6697568881812055,176,4439.9389635413945,5873.465153998652,2200.0,2.6697568881812055,2.663963378124837,9.694692673375311,7.030729295250474
958,scenario_19,delay_min,90.7208018359574,178,6719.55714161299,5941.581589928889,1000.0,5.941581589928889,5.039667856209742,95.76046969216715,90.7208018359574
958,scenario_19,delay_min,77.75716732697963,129,3327.5142290398862,5873.465153998652,729.0,8.056879497940537,2.079696393149929,79.83686372012956,77.75716732697963
958,scenario_19,delay_min,11.050665445700274,174,6978.5477473254405,5873.465153998652,2200.0,2.6697568881812055,4.187128648395264,15.237794094095538,11.050665445700274
958,scenario_19,delay_min,10.226348087827706,68,8865.80644588534,5873.465153998652,2335.0,2.515402635545461,4.470154510530423,14.69650259835813,10.226348087827706
958,scenario_19,delay_min,9.584348097428958,61,8361.831024084971,5873.465153998652,2333.0,2.5175590029998505,4.1809155120424855,13.765263609471443,9.584348097428958
958,scenario_19,delay_min,8.370955232300558,175,5286.2980122217705,5873.465153998652,2200.0,2.6697568881812055,3.1717788073330624,11.54273403963362,8.370955232300558
958,scenario_19,delay_min,7.163536269410474,98,2007.6948653871616,5940.078086451227,1536.0,3.867238337533351,1.115386036326201,8.278922305736675,7.163536269410474
958,scenario_19,delay_min,7.030729295250474,176,4439.9389635413945,5873.465153998652,2200.0,2.6697568881812055,2.663963378124837,9.694692673375311,7.030729295250474
958,scenario_19,delay_min,6.386812557018631,32,4235.803391000821,5873.465153998652,2391.0,2.456488981178859,2.9552116681401075,9.342024225158738,6.386812557018631
958,scenario_19,delay_min,5.911802909709644,63,5114.75070314698,5873.465153998652,2333.0,2.5175590029998505,2.578865900746377,8.490668810456022,5.911802909709644
964,scenario_19,flow_capacity_ratio,8.06824829759713,129,3327.5142290398862,5881.753008948307,729.0,8.06824829759713,2.079696393149929,80.10045331331989,78.02075692016996
964,scenario_19,flow_capacity_ratio,8.06824829759713,130,225.05482885543543,5881.753008948307,729.0,8.06824829759713,0.13503289731326126,5.200853510459228,5.065820613145967
964,scenario_19,flow_capacity_ratio,5.946751552945114,178,6719.55714161299,5946.751552945114,1000.0,5.946751552945114,5.039667856209742,95.95003897567564,90.91037111946589
964,scenario_19,flow_capacity_ratio,3.8715472358227525,98,2007.6948653871616,5946.696554223748,1536.0,3.8715472358227525,1.115386036326201,8.298093212442463,7.182707176116263
964,scenario_19,flow_capacity_ratio,3.260645620942946,126,1897.1851262924465,5905.029219527675,1811.0,3.260645620942946,1.073878373373083,5.653438300692162,4.579559927319079
964,scenario_19,flow_capacity_ratio,3.0444318844702667,128,1875.2605068342427,5887.931264565495,1934.0,3.0444318844702667,0.9783967861743875,4.517311155266804,3.5389143690924167
964,scenario_19,flow_capacity_ratio,2.822601139914255,124,1877.417300305622,2057.676230997492,729.0,2.822601139914255,1.425886557194143,5.727028881303044,4.3011423241089
964,scenario_19,flow_capacity_ratio,2.732588029128619,92,2550.193392452562,5918.785671092588,2166.0,2.732588029128619,1.577439211826327,5.979647918794972,4.402208706968644
964,scenario_19,flow_capacity_ratio,2.673524094976503,174,6978.5477473254405,5881.753008948307,2200.0,2.673524094976503,4.187128648395264,15.275254826134107,11.088126177738843
964,scenario_19,flow_capacity_ratio,2.673524094976503,175,5286.2980122217705,5881.753008948307,2200.0,2.673524094976503,3.1717788073330624,11.57111080231863,8.399331994985568
964,scenario_19,flow_capacity_ratio,2.673524094976503,176,4439.9389635413945,5881.753008948307,2200.0,2.673524094976503,2.663963378124837,9.718526194303012,7.054562816178175
964,scenario_19,delay_min,90.91037111946589,178,6719.55714161299,5946.751552945114,1000.0,5.946751552945114,5.039667856209742,95.95003897567564,90.91037111946589
964,scenario_19,delay_min,78.02075692016996,129,3327.5142290398862,5881.753008948307,729.0,8.06824829759713,2.079696393149929,80.10045331331989,78.02075692016996
964,scenario_19,delay_min,11.088126177738843,174,6978.5477473254405,5881.753008948307,2200.0,2.673524094976503,4.187128648395264,15.275254826134107,11.088126177738843
964,scenario_19,delay_min,10.261014460394467,68,8865.80644588534,5881.753008948307,2335.0,2.5189520380934933,4.470154510530423,14.731168970924891,10.261014460394467
964,scenario_19,delay_min,9.6168381495083,61,8361.831024084971,5881.753008948307,2333.0,2.521111448327607,4.1809155120424855,13.797753661550786,9.6168381495083
964,scenario_19,delay_min,8.399331994985568,175,5286.2980122217705,5881.753008948307,2200.0,2.673524094976503,3.1717788073330624,11.57111080231863,8.399331994985568
964,scenario_19,delay_min,7.182707176116263,98,2007.6948653871616,5946.696554223748,1536.0,3.8715472358227525,1.115386036326201,8.298093212442463,7.182707176116263
964,scenario_19,delay_min,7.054562816178175,176,4439.9389635413945,5881.753008948307,2200.0,2.673524094976503,2.663963378124837,9.718526194303012,7.054562816178175
964,scenario_19,delay_min,6.4084632598613425,32,4235.803391000821,5881.753008948307,2391.0,2.459955252592349,2.9552116681401075,9.36367492800145,6.4084632598613425
964,scenario_19,delay_min,5.931843373856685,63,5114.75070314698,5881.753008948307,2333.0,2.521111448327607,2.578865900746377,8.510709274603062,5.931843373856685
0,scenario_29,flow_capacity_ratio,4.197541877560207,129,3327.5142290398862,3060.0080287413907,729.0,4.197541877560207,2.079696393149929,18.339977060772995,16.260280667623064
0,scenario_29,flow_capacity_ratio,4.197541877560207,130,225.05482885543543,3060.0080287413907,729.0,4.197541877560207,0.13503289731326126,1.1907989297533932,1.055766032440132
0,scenario_29,flow_capacity_ratio,3.068805545279334,178,6719.55714161299,3068.8055452793337,1000.0,3.068805545279334,5.039667856209742,23.6206391384652,18.580971282255458
0,scenario_29,flow_capacity_ratio,1.9978096503622351,98,2007.6948653871616,3068.635622956393,1536.0,1.9978096503622351,1.115386036326201,2.5832812953812554,1.4678952590550545
0,scenario_29,flow_capacity_ratio,1.6914499732299793,126,1897.1851262924465,3063.2159015194925,1811.0,1.6914499732299793,1.073878373373083,2.0216791996644456,0.9478008262913626
0,scenario_29,flow_capacity_ratio,1.5826786856679733,128,1875.2605068342427,3060.90057808186,1934.0,1.5826786856679733,0.9783967861743875,1.7145998743903113,0.7362030882159237
0,scenario_29,flow_capacity_ratio,1.4150949935558415,92,2550.193392452562,3065.0957560419524,2166.0,1.4150949935558415,1.577439211826327,2.4847959478948067,0.9073567360684798
0,scenario_29,flow_capacity_ratio,1.3909127403369959,174,6978.5477473254405,3060.0080287413907,2200.0,1.3909127403369959,4.187128648395264,6.498001432063965,2.3108727836687013
0,scenario_29,flow_capacity_ratio,1.3909127403369959,175,5286.2980122217705,3060.0080287413907,2200.0,1.3909127403369959,3.1717788073330624,4.922280866660101,1.7505020593270384
0,scenario_29,flow_capacity_ratio,1.3909127403369959,176,4439.9389635413945,3060.0080287413907,2200.0,1.3909127403369959,2.663963378124837,4.134202528660173,1.4702391505353356
0,scenario_29,delay_min,18.580971282255458,178,6719.55714161299,3068.8055452793337,1000.0,3.068805545279334,5.039667856209742,23.6206391384652,18.580971282255458
0,scenario_29,delay_min,16.260280667623064,129,3327.5142290398862,3060.0080287413907,729.0,4.197541877560207,2.079696393149929,18.339977060772995,16.260280667623064
0,scenario_29,delay_min,2.3108727836687013,174,6978.5477473254405,3060.0080287413907,2200.0,1.3909127403369959,4.187128648395264,6.498001432063965,2.3108727836687013
0,scenario_29,delay_min,2.1384946986770332,68,8865.80644588534,3060.0080287413907,2335.0,1.3104959437864627,4.470154510530423,6.6086492092074565,2.1384946986770332
0,scenario_29,delay_min,2.004242122466315,61,8361.831024084971,3060.0080287413907,2333.0,1.3116193865158126,4.1809155120424855,6.1851576345088,2.004242122466315
0,scenario_29,delay_min,1.7505020593270384,175,5286.2980122217705,3060.0080287413907,2200.0,1.3909127403369959,3.1717788073330624,4.922280866660101,1.7505020593270384
0,scenario_29,delay_min,1.4702391505353356,176,4439.9389635413945,3060.0080287413907,2200.0,1.3909127403369959,2.663963378124837,4.134202528660173,1.4702391505353356
0,scenario_29,delay_min,1.4678952590550545,98,2007.6948653871616,3068.635622956393,1536.0,1.9978096503622351,1.115386036326201,2.5832812953812554,1.4678952590550545
0,scenario_29,delay_min,1.3355857513676264,32,4235.803391000821,3060.0080287413907,2391.0,1.2798026050779552,2.9552116681401075,4.290797419507734,1.3355857513676264
0,scenario_29,delay_min,1.2362535553709129,63,5114.75070314698,3060.0080287413907,2333.0,1.3116193865158126,2.578865900746377,3.81511945611729,1.2362535553709129
9,scenario_29,flow_capacity_ratio,3.9812477053092734,129,3327.5142290398862,2902.32957717046,729.0,3.9812477053092734,2.079696393149929,16.401114559910656,14.321418166760727
9,scenario_29,flow_capacity_ratio,3.9812477053092734,130,225.05482885543543,2902.32957717046,729.0,3.9812477053092734,0.13503289731326126,1.064910255884542,0.9298773585712807
9,scenario_29,flow_capacity_ratio,2.9107845789509095,178,6719.55714161299,2910.7845789509097,1000.0,2.9107845789509095,5.039667856209742,21.406554724149974,16.36688686794023
9,scenario_29,flow_capacity_ratio,1.8949754709319535,98,2007.6948653871616,2910.6823233514806,1536.0,1.8949754709319535,1.115386036326201,2.4084316172486404,1.2930455809224395
9,scenario_29,flow_capacity_ratio,1.6043622552539916,126,1897.1851262924465,2905.500044264979,1811.0,1.6043622552539916,1.073878373373083,1.908752402728284,0.834874029355201
9,scenario_29,flow_capacity_ratio,1.5011506143128783,128,1875.2605068342427,2903.2252880811066,1934.0,1.5011506143128783,0.9783967861743875,1.6268419716605362,0.6484451854861487
9,scenario_29,flow_capacity_ratio,1.342246208633031,92,2550.193392452562,2907.305287899145,2166.0,1.342246208633031,1.577439211826327,2.3767025400287913,0.7992633282024644
9,scenario_29,flow_capacity_ratio,1.3192407168956637,174,6978.5477473254405,2902.32957717046,2200.0,1.3192407168956637,4.187128648395264,6.2224548608759305,2.0353262124806664
9,scenario_29,flow_capacity_ratio,1.3192407168956637,175,5286.2980122217705,2902.32957717046,2200.0,1.3192407168956637,3.1717788073330624,4.7135524400180255,1.5417736326849631
9,scenario_29,flow_capacity_ratio,1.3192407168956637,176,4439.9389635413945,2902.32957717046,2200.0,1.3192407168956637,2.663963378124837,3.958892420886407,1.29492904276157
9,scenario_29,delay_min,16.36688686794023,178,6719.55714161299,2910.7845789509097,1000.0,2.9107845789509095,5.039667856209742,21.406554724149974,16.36688686794023
9,scenario_29,delay_min,14.321418166760727,129,3327.5142290398862,2902.32957717046,729.0,3.9812477053092734,2.079696393149929,16.401114559910656,14.321418166760727
9,scenario_29,delay_min,2.0353262124806664,174,6978.5477473254405,2902.32957717046,2200.0,1.3192407168956637,4.187128648395264,6.2224548608759305,2.0353262124806664
9,scenario_29,delay_min,1.8835023486486806,68,8865.80644588534,2902.32957717046,2335.0,1.2429676990023384,4.470154510530423,6.353656859179104,1.8835023486486806
9,scenario_29,delay_min,1.7652579392697563,61,8361.831024084971,2902.32957717046,2333.0,1.24403325210907,4.1809155120424855,5.946173451312242,1.7652579392697563
9,scenario_29,delay_min,1.5417736326849631,175,5286.2980122217705,2902.32957717046,2200.0,1.3192407168956637,3.1717788073330624,4.7135524400180255,1.5417736326849631
9,scenario_29,delay_min,1.29492904276157,176,4439.9389635413945,2902.32957717046,2200.0,1.3192407168956637,2.663963378124837,3.958892420886407,1.29492904276157
9,scenario_29,delay_min,1.2930455809224395,98,2007.6948653871616,2910.6823233514806,1536.0,1.8949754709319535,1.115386036326201,2.4084316172486404,1.2930455809224395
9,scenario_29,delay_min,1.1763316042255725,32,4235.803391000821,2902.32957717046,2391.0,1.2138559503013218,2.9552116681401075,4.13154327236568,1.1763316042255725
9,scenario_29,delay_min,1.088843697628476,63,5114.75070314698,2902.32957717046,2333.0,1.24403325210907,2.578865900746377,3.667709598374853,1.088843697628476
15,scenario_29,flow_capacity_ratio,4.207395199504378,129,3327.5142290398862,3067.191100438692,729.0,4.207395199504378,2.079696393149929,18.43173426592704,16.35203787277711
15,scenario_29,flow_capacity_ratio,4.207395199504378,130,225.05482885543543,3067.191100438692,729.0,4.207395199504378,0.13503289731326126,1.1967566461307109,1.0617237488174496
15,scenario_29,flow_capacity_ratio,3.075937230973588,178,6719.55714161299,3075.937230973588,1000.0,3.075937230973588,5.039667856209742,23.72444182924532,18.684773973035576
15,scenario_29,flow_capacity_ratio,2.0024490557767938,98,2007.6948653871616,3075.7617496731555,1536.0,2.0024490557767938,1.115386036326201,2.5914757518012386,1.4760897154750376
15,scenario_29,flow_capacity_ratio,1.6954143552426382,126,1897.1851262924465,3070.3953973444177,1811.0,1.6954143552426382,1.073878373373083,2.0270193910910614,0.9531410177179784
15,scenario_29,flow_capacity_ratio,1.5863903044231058,128,1875.2605068342427,3068.078848754287,1934.0,1.5863903044231058,0.9783967861743875,1.7187502945265531,0.7403535083521656
15,scenario_29,flow_capacity_ratio,1.4184052238044516,92,2550.193392452562,3072.2657147604423,2166.0,1.4184052238044516,1.577439211826327,2.4898983266938988,0.9124591148675718
15,scenario_29,flow_capacity_ratio,1.3941777729266782,174,6978.5477473254405,3067.191100438692,2200.0,1.3941777729266782,4.187128648395264,6.511041749905354,2.3239131015100902
15,scenario_29,flow_capacity_ratio,1.3941777729266782,175,5286.2980122217705,3067.191100438692,2200.0,1.3941777729266782,3.1717788073330624,4.932158997294098,1.7603801899610358
15,scenario_29,flow_capacity_ratio,1.3941777729266782,176,4439.9389635413945,3067.191100438692,2200.0,1.3941777729266782,2.663963378124837,4.142499128092789,1.4785357499679517
15,scenario_29,delay_min,18.684773973035576,178,6719.55714161299,3075.937230973588,1000.0,3.075937230973588,5.039667856209742,23.72444182924532,18.684773973035576
15,scenario_29,delay_min,16.35203787277711,129,3327.5142290398862,3067.191100438692,729.0,4.207395199504378,2.079696393149929,18.43173426592704,16.35203787277711
15,scenario_29,delay_min,2.3239131015100902,174,6978.5477473254405,3067.191100438692,2200.0,1.3941777729266782,4.187128648395264,6.511041749905354,2.3239131015100902
15,scenario_29,delay_min,2.150562282306022,68,8865.80644588534,3067.191100438692,2335.0,1.3135722057553285,4.470154510530423,6.620716792836445,2.150562282306022
15,scenario_29,delay_min,2.0155521151637785,61,8361.831024084971,3067.191100438692,2333.0,1.3146982856573906,4.1809155120424855,6.196467627206264,2.0155521151637785
15,scenario_29,delay_min,1.7603801899610358,175,5286.2980122217705,3067.191100438692,2200.0,1.3941777729266782,3.1717788073330624,4.932158997294098,1.7603801899610358
15,scenario_29,delay_min,1.4785357499679517,176,4439.9389635413945,3067.191100438692,2200.0,1.3941777729266782,2.663963378124837,4.142499128092789,1.4785357499679517
15,scenario_29,delay_min,1.4760897154750376,98,2007.6948653871616,3075.7617496731555,1536.0,2.0024490557767938,1.115386036326201,2.5914757518012386,1.4760897154750376
15,scenario_29,delay_min,1.343122498013893,32,4235.803391000821,3067.191100438692,2391.0,1.2828068174147604,2.9552116681401075,4.298334166154,1.343122498013893
15,scenario_29,delay_min,1.243229767739034,63,5114.75070314698,3067.191100438692,2333.0,1.3146982856573906,2.578865900746377,3.822095668485411,1.243229767739034
17,scenario_29,flow_capacity_ratio,4.224434379652634,129,3327.5142290398862,3079.6126627667704,729.0,4.224434379652634,2.079696393149929,18.591119690403477,16.51142329725355
17,scenario_29,flow_capacity_ratio,4.224434379652634,130,225.05482885543543,3079.6126627667704,729.0,4.224434379652634,0.13503289731326126,1.2071054045973058,1.0720725072840445
17,scenario_29,flow_capacity_ratio,3.0883110099735664,178,6719.55714161299,3088.3110099735663,1000.0,3.0883110099735664,5.039667856209742,23.905344866130537,18.865677009920795
17,scenario_29,flow_capacity_ratio,2.0104730339132577,98,2007.6948653871616,3088.086580090764,1536.0,2.0104730339132577,1.115386036326201,2.605711142058289,1.490325105732088
17,scenario_29,flow_capacity_ratio,1.7022551679498152,126,1897.1851262924465,3082.7841091571154,1811.0,1.7022551679498152,1.073878373373083,2.0362754435148767,0.9623970701417937
17,scenario_29,flow_capacity_ratio,1.5928047785410617,128,1875.2605068342427,3080.4844416984133,1934.0,1.5928047785410617,0.9783967861743875,1.7259552208701383,0.7475584346957508
17,scenario_29,flow_capacity_ratio,1.4245579130989088,92,2550.193392452562,3085.5924397722365,2166.0,1.4245579130989088,1.577439211826327,2.4994264371380286,0.9219872253117016
17,scenario_29,flow_capacity_ratio,1.3998239376212593,174,6978.5477473254405,3079.6126627667704,2200.0,1.3998239376212593,4.187128648395264,6.5336932309630855,2.3465645825678214
17,scenario_29,flow_capacity_ratio,1.3998239376212593,175,5286.2980122217705,3079.6126627667704,2200.0,1.3998239376212593,3.1717788073330624,4.949317650301131,1.7775388429680685
17,scenario_29,flow_capacity_ratio,1.3998239376212593,176,4439.9389635413945,3079.6126627667704,2200.0,1.3998239376212593,2.663963378124837,4.156910606952224,1.4929472288273873
17,scenario_29,delay_min,18.865677009920795,178,6719.55714161299,3088.3110099735663,1000.0,3.0883110099735664,5.039667856209742,23.905344866130537,18.865677009920795
17,scenario_29,delay_min,16.51142329725355,129,3327.5142290398862,3079.6126627667704,729.0,4.224434379652634,2.079696393149929,18.591119690403477,16.51142329725355
17,scenario_29,delay_min,2.3465645825678214,174,6978.5477473254405,3079.6126627667704,2200.0,1.3998239376212593,4.187128648395264,6.5336932309630855,2.3465645825678214
17,scenario_29,delay_min,2.171524090546387,68,8865.80644588534,3079.6126627667704,2335.0,1.3188919326624284,4.470154510530423,6.64167860107681,2.171524090546387
17,scenario_29,delay_min,2.035197961872865,61,8361.831024084971,3079.6126627667704,2333.0,1.320022572981899,4.1809155120424855,6.2161134739153505,2.035197961872865
17,scenario_29,delay_min,1.7775388429680685,175,5286.2980122217705,3079.6126627667704,2200.0,1.3998239376212593,3.1717788073330624,4.949317650301131,1.7775388429680685
17,scenario_29,delay_min,1.4929472288273873,176,4439.9389635413945,3079.6126627667704,2200.0,1.3998239376212593,2.663963378124837,4.156910606952224,1.4929472288273873
17,scenario_29,delay_min,1.490325105732088,98,2007.6948653871616,3088.086580090764,1536.0,2.0104730339132577,1.115386036326201,2.605711142058289,1.490325105732088
17,scenario_29,delay_min,1.356214086422343,32,4235.803391000821,3079.6126627667704,2391.0,1.2880019501324844,2.9552116681401075,4.311425754562451,1.356214086422343
17,scenario_29,delay_min,1.2553476888076185,63,5114.75070314698,3079.6126627667704,2333.0,1.320022572981899,2.578865900746377,3.8342135895539955,1.2553476888076185
28,scenario_29,flow_capacity_ratio,4.202908038081202,129,3327.5142290398862,3063.9199597611964,729.0,4.202908038081202,2.079696393149929,18.389911069982823,16.310214676832892
28,scenario_29,flow_capacity_ratio,4.202908038081202,130,225.05482885543543,3063.9199597611964,729.0,4.202908038081202,0.13503289731326126,1.1940411020052077,1.0590082046919465
28,scenario_29,flow_capacity_ratio,3.072599382656616,178,6719.55714161299,3072.599382656616,1000.0,3.072599382656616,5.039667856209742,23.675816982092847,18.636149125883104
28,scenario_29,flow_capacity_ratio,2.000249348382374,98,2007.6948653871616,3072.382999115326,1536.0,2.000249348382374,1.115386036326201,2.5875871506367645,1.4722011143105636
28,scenario_29,flow_capacity_ratio,1.6936141113975152,126,1897.1851262924465,3067.1351557409,1811.0,1.6936141113975152,1.073878373373083,2.0245922165815697,0.9507138432084867
28,scenario_29,flow_capacity_ratio,1.5847046509281277,128,1875.2605068342427,3064.818794894999,1934.0,1.5847046509281277,0.9783967861743875,1.7168636697389075,0.73846688356452
28,scenario_29,flow_capacity_ratio,1.4172963467370912,92,2550.193392452562,3069.8638870325394,2166.0,1.4172963467370912,1.577439211826327,2.488187247816666,0.9107480359903388
28,scenario_29,flow_capacity_ratio,1.3926908908005438,174,6978.5477473254405,3063.9199597611964,2200.0,1.3926908908005438,4.187128648395264,6.505097935821874,2.3179692874266102
28,scenario_29,flow_capacity_ratio,1.3926908908005438,175,5286.2980122217705,3063.9199597611964,2200.0,1.3926908908005438,3.1717788073330624,4.927656517163249,1.7558777098301865
28,scenario_29,flow_capacity_ratio,1.3926908908005438,176,4439.9389635413945,3063.9199597611964,2200.0,1.3926908908005438,2.663963378124837,4.138717514396529,1.4747541362716916
28,scenario_29,delay_min,18.636149125883104,178,6719.55714161299,3072.599382656616,1000.0,3.072599382656616,5.039667856209742,23.675816982092847,18.636149125883104
28,scenario_29,delay_min,16.310214676832892,129,3327.5142290398862,3063.9199597611964,729.0,4.202908038081202,2.079696393149929,18.389911069982823,16.310214676832892
28,scenario_29,delay_min,2.3179692874266102,174,6978.5477473254405,3063.9199597611964,2200.0,1.3926908908005438,4.187128648395264,6.505097935821874,2.3179692874266102
28,scenario_29,delay_min,2.1450618432523143,68,8865.80644588534,3063.9199597611964,2335.0,1.3121712889769577,4.470154510530423,6.6152163537827375,2.1450618432523143
28,scenario_29,delay_min,2.010396988218493,61,8361.831024084971,3063.9199597611964,2333.0,1.3132961679216444,4.1809155120424855,6.191312500260978,2.010396988218493
28,scenario_29,delay_min,1.7558777098301865,175,5286.2980122217705,3063.9199597611964,2200.0,1.3926908908005438,3.1717788073330624,4.927656517163249,1.7558777098301865
28,scenario_29,delay_min,1.4747541362716916,176,4439.9389635413945,3063.9199597611964,2200.0,1.3926908908005438,2.663963378124837,4.138717514396529,1.4747541362716916
28,scenario_29,delay_min,1.4722011143105636,98,2007.6948653871616,3072.382999115326,1536.0,2.000249348382374,1.115386036326201,2.5875871506367645,1.4722011143105636
28,scenario_29,delay_min,1.3396872273859395,32,4235.803391000821,3063.9199597611964,2391.0,1.2814387117361759,2.9552116681401075,4.294898895526047,1.3396872273859395
28,scenario_29,delay_min,1.24004999023458,63,5114.75070314698,3063.9199597611964,2333.0,1.3132961679216444,2.578865900746377,3.818915890980957,1.24004999023458
57,scenario_29,flow_capacity_ratio,4.21919364122504,129,3327.5142290398862,3075.792164453054,729.0,4.21919364122504,2.079696393149929,18.542001492551368,16.46230509940144
57,scenario_29,flow_capacity_ratio,4.21919364122504,130,225.05482885543543,3075.792164453054,729.0,4.21919364122504,0.13503289731326126,1.203916202274975,1.0688833049617137
57,scenario_29,flow_capacity_ratio,3.084597813134263,178,6719.55714161299,3084.597813134263,1000.0,3.084597813134263,5.039667856209742,23.85095162157602,18.811283765366277
57,scenario_29,flow_capacity_ratio,2.008061531121169,98,2007.6948653871616,3084.3825118021155,1536.0,2.008061531121169,1.115386036326201,2.601424501834554,1.4860384655083532
57,scenario_29,flow_capacity_ratio,1.70015352753535,126,1897.1851262924465,3078.978038366519,1811.0,1.70015352753535,1.073878373373083,2.033426237509729,0.9595478641366462
57,scenario_29,flow_capacity_ratio,1.5908390017703662,128,1875.2605068342427,3076.682629423888,1934.0,1.5908390017703662,0.9783967861743875,1.723742876427186,0.7453460902527985
57,scenario_29,flow_capacity_ratio,1.461295351483245,124,1877.417300305622,1065.2843112312855,729.0,1.461295351483245,1.425886557194143,2.3118099919481625,0.8859234347540195
57,scenario_29,flow_capacity_ratio,1.4223769702611624,92,2550.193392452562,3080.8685175856776,2166.0,1.4223769702611624,1.577439211826327,2.496042402943306,0.918603191116979
57,scenario_29,flow_capacity_ratio,1.3980873474786608,174,6978.5477473254405,3075.792164453054,2200.0,1.3980873474786608,4.187128648395264,6.526712668393505,2.3395840199982407
57,scenario_29,flow_capacity_ratio,1.3980873474786608,175,5286.2980122217705,3075.792164453054,2200.0,1.3980873474786608,3.1717788073330624,4.944029826047165,1.772251018714103
57,scenario_29,flow_capacity_ratio,1.3980873474786608,176,4439.9389635413945,3075.792164453054,2200.0,1.3980873474786608,2.663963378124837,4.152469386104806,1.4885060079799688
57,scenario_29,delay_min,18.811283765366277,178,6719.55714161299,3084.597813134263,1000.0,3.084597813134263,5.039667856209742,23.85095162157602,18.811283765366277
57,scenario_29,delay_min,16.46230509940144,129,3327.5142290398862,3075.792164453054,729.0,4.21919364122504,2.079696393149929,18.542001492551368,16.46230509940144
57,scenario_29,delay_min,2.3395840199982407,174,6978.5477473254405,3075.792164453054,2200.0,1.3980873474786608,4.187128648395264,6.526712668393505,2.3395840199982407
57,scenario_29,delay_min,2.1650642386002605,68,8865.80644588534,3075.792164453054,2335.0,1.3172557449477746,4.470154510530423,6.635218749130684,2.1650642386002605
57,scenario_29,delay_min,2.0291436530249944,61,8361.831024084971,3075.792164453054,2333.0,1.3183849826202545,4.1809155120424855,6.21005916506748,2.0291436530249944
57,scenario_29,delay_min,1.772251018714103,175,5286.2980122217705,3075.792164453054,2200.0,1.3980873474786608,3.1717788073330624,4.944029826047165,1.772251018714103
57,scenario_29,delay_min,1.4885060079799688,176,4439.9389635413945,3075.792164453054,2200.0,1.3980873474786608,2.663963378124837,4.152469386104806,1.4885060079799688
57,scenario_29,delay_min,1.4860384655083532,98,2007.6948653871616,3084.3825118021155,1536.0,2.008061531121169,1.115386036326201,2.601424501834554,1.4860384655083532
57,scenario_29,delay_min,1.352179619458021,32,4235.803391000821,3075.792164453054,2391.0,1.2864040838364925,2.9552116681401075,4.307391287598128,1.352179619458021
57,scenario_29,delay_min,1.2516132792996082,63,5114.75070314698,3075.792164453054,2333.0,1.3183849826202545,2.578865900746377,3.830479180045985,1.2516132792996082
62,scenario_29,flow_capacity_ratio,4.223171792865281,129,3327.5142290398862,3078.6922369987897,729.0,4.223171792865281,2.079696393149929,18.5792784401776,16.499582047027673
62,scenario_29,flow_capacity_ratio,4.223171792865281,130,225.05482885543543,3078.6922369987897,729.0,4.223171792865281,0.13503289731326126,1.2063365624090527,1.0713036650957914
62,scenario_29,flow_capacity_ratio,3.0875018471087503,178,6719.55714161299,3087.50184710875,1000.0,3.0875018471087503,5.039667856209742,23.89348393201496,18.853816075805216
62,scenario_29,flow_capacity_ratio,2.0099643897933652,98,2007.6948653871616,3087.305302722609,1536.0,2.0099643897933652,1.115386036326201,2.6048063867950066,1.4894203504688057
62,scenario_29,flow_capacity_ratio,1.701758879030302,126,1897.1851262924465,3081.8853299238767,1811.0,1.701758879030302,1.073878373373083,2.03560217731264,0.961723803939557
62,scenario_29,flow_capacity_ratio,1.5923408529460001,128,1875.2605068342427,3079.587209597564,1934.0,1.5923408529460001,0.9783967861743875,1.7254327601799357,0.7470359740055482
62,scenario_29,flow_capacity_ratio,1.4612953412281913,124,1877.417300305622,1065.2843037553514,729.0,1.4612953412281913,1.425886557194143,2.3118099770268383,0.8859234198326953
62,scenario_29,flow_capacity_ratio,1.4237221800929225,92,2550.193392452562,3083.78224208127,2166.0,1.4237221800929225,1.577439211826327,2.4981288240451525,0.9206896122188255
62,scenario_29,flow_capacity_ratio,1.399405562272177,174,6978.5477473254405,3078.6922369987897,2200.0,1.399405562272177,4.187128648395264,6.532010380375761,2.3448817319804967
62,scenario_29,flow_capacity_ratio,1.399405562272177,175,5286.2980122217705,3078.6922369987897,2200.0,1.399405562272177,3.1717788073330624,4.948042879383635,1.776264072050573
62,scenario_29,flow_capacity_ratio,1.399405562272177,176,4439.9389635413945,3078.6922369987897,2200.0,1.399405562272177,2.663963378124837,4.155839932341544,1.4918765542167067
62,scenario_29,delay_min,18.853816075805216,178,6719.55714161299,3087.50184710875,1000.0,3.0875018471087503,5.039667856209742,23.89348393201496,18.853816075805216
62,scenario_29,delay_min,16.499582047027673,129,3327.5142290398862,3078.6922369987897,729.0,4.223171792865281,2.079696393149929,18.5792784401776,16.499582047027673
62,scenario_29,delay_min,2.3448817319804967,174,6978.5477473254405,3078.6922369987897,2200.0,1.399405562272177,4.187128648395264,6.532010380375761,2.3448817319804967
62,scenario_29,delay_min,2.1699667711279,68,8865.80644588534,3078.6922369987897,2335.0,1.3184977460380256,4.470154510530423,6.640121281658323,2.1699667711279
62,scenario_29,delay_min,2.033738409422911,61,8361.831024084971,3078.6922369987897,2333.0,1.319628048434972,4.1809155120424855,6.214653921465397,2.033738409422911
62,scenario_29,delay_min,1.776264072050573,175,5286.2980122217705,3078.6922369987897,2200.0,1.399405562272177,3.1717788073330624,4.948042879383635,1.776264072050573
62,scenario_29,delay_min,1.4918765542167067,176,4439.9389635413945,3078.6922369987897,2200.0,1.399405562272177,2.663963378124837,4.155839932341544,1.4918765542167067
62,scenario_29,delay_min,1.4894203504688057,98,2007.6948653871616,3087.305302722609,1536.0,2.0099643897933652,1.115386036326201,2.6048063867950066,1.4894203504688057
62,scenario_29,delay_min,1.3552414706721394,32,4235.803391000821,3078.6922369987897,2391.0,1.2876169958171433,2.9552116681401075,4.310453138812247,1.3552414706721394
62,scenario_29,delay_min,1.2544474099015526,63,5114.75070314698,3078.6922369987897,2333.0,1.319628048434972,2.578865900746377,3.8333133106479296,1.2544474099015526
90,scenario_29,flow_capacity_ratio,4.229070794017919,129,3327.5142290398862,3082.992608839063,729.0,4.229070794017919,2.079696393149929,18.63464511354822,16.554948720398293
90,scenario_29,flow_capacity_ratio,4.229070794017919,130,225.05482885543543,3082.992608839063,729.0,4.229070794017919,0.13503289731326126,1.2099314728702417,1.0748985755569804
90,scenario_29,flow_capacity_ratio,3.091216136413734,178,6719.55714161299,3091.2161364137337,1000.0,3.091216136413734,5.039667856209742,23.947964877517013,18.90829702130727
90,scenario_29,flow_capacity_ratio,2.0124970569318976,98,2007.6948653871616,3091.195479447395,1536.0,2.0124970569318976,1.115386036326201,2.609314566686725,1.493928530360524
90,scenario_29,flow_capacity_ratio,1.7040224681799174,126,1897.1851262924465,3085.9846898738306,1811.0,1.7040224681799174,1.073878373373083,2.038675197702119,0.9647968243290361
90,scenario_29,flow_capacity_ratio,1.5945370006040185,128,1875.2605068342427,3083.834559168172,1934.0,1.5945370006040185,0.9783967861743875,1.7279078867665774,0.7495111005921898
90,scenario_29,flow_capacity_ratio,1.4612982396199834,124,1877.417300305622,1065.286416682968,729.0,1.4612982396199834,1.425886557194143,2.3118141942552017,0.8859276370610587
90,scenario_29,flow_capacity_ratio,1.4255628026737397,92,2550.193392452562,3087.76903059132,2166.0,1.4255628026737397,1.577439211826327,2.50098810542511,0.923548893598783
90,scenario_29,flow_capacity_ratio,1.4013602767450286,174,6978.5477473254405,3082.992608839063,2200.0,1.4013602767450286,4.187128648395264,6.539878961566317,2.352750313171053
90,scenario_29,flow_capacity_ratio,1.4013602767450286,175,5286.2980122217705,3082.992608839063,2200.0,1.4013602767450286,3.1717788073330624,4.954003383862893,1.7822245765298304
90,scenario_29,flow_capacity_ratio,1.4013602767450286,176,4439.9389635413945,3082.992608839063,2200.0,1.4013602767450286,2.663963378124837,4.160846134416915,1.4968827562920781
90,scenario_29,delay_min,18.90829702130727,178,6719.55714161299,3091.2161364137337,1000.0,3.091216136413734,5.039667856209742,23.947964877517013,18.90829702130727
90,scenario_29,delay_min,16.554948720398293,129,3327.5142290398862,3082.992608839063,729.0,4.229070794017919,2.079696393149929,18.63464511354822,16.554948720398293
90,scenario_29,delay_min,2.352750313171053,174,6978.5477473254405,3082.992608839063,2200.0,1.4013602767450286,4.187128648395264,6.539878961566317,2.352750313171053
90,scenario_29,delay_min,2.177248400510978,68,8865.80644588534,3082.992608839063,2335.0,1.3203394470402838,4.470154510530423,6.647402911041401,2.177248400510978
90,scenario_29,delay_min,2.0405629053352836,61,8361.831024084971,3082.992608839063,2333.0,1.3214713282636361,4.1809155120424855,6.221478417377769,2.0405629053352836
90,scenario_29,delay_min,1.7822245765298304,175,5286.2980122217705,3082.992608839063,2200.0,1.4013602767450286,3.1717788073330624,4.954003383862893,1.7822245765298304
90,scenario_29,delay_min,1.4968827562920781,176,4439.9389635413945,3082.992608839063,2200.0,1.4013602767450286,2.663963378124837,4.160846134416915,1.4968827562920781
90,scenario_29,delay_min,1.493928530360524,98,2007.6948653871616,3091.195479447395,1536.0,2.0124970569318976,1.115386036326201,2.609314566686725,1.493928530360524
90,scenario_29,delay_min,1.3597891744643422,32,4235.803391000821,3082.992608839063,2391.0,1.2894155620405952,2.9552116681401075,4.31500084260445,1.3597891744643422
90,scenario_29,delay_min,1.2586568850147204,63,5114.75070314698,3082.992608839063,2333.0,1.3214713282636361,2.578865900746377,3.8375227857610974,1.2586568850147204
94,scenario_29,flow_capacity_ratio,4.228544375010012,129,3327.5142290398862,3082.6088493822986,729.0,4.228544375010012,2.079696393149929,18.629699868165606,16.55000347501568
94,scenario_29,flow_capacity_ratio,4.228544375010012,130,225.05482885543543,3082.6088493822986,729.0,4.228544375010012,0.13503289731326126,1.2096103823427304,1.0745774850294691
94,scenario_29,flow_capacity_ratio,3.091484563689389,178,6719.55714161299,3091.484563689389,1000.0,3.091484563689389,5.039667856209742,23.95190570413017,18.912237847920427
94,scenario_29,flow_capacity_ratio,2.0125576212274416,98,2007.6948653871616,3091.2885062053506,1536.0,2.0125576212274416,1.115386036326201,2.609422469216761,1.49403643289056
94,scenario_29,flow_capacity_ratio,1.703935957551823,126,1897.1851262924465,3085.828019126351,1811.0,1.703935957551823,1.073878373373083,2.0385576468392803,0.9646792734661973
94,scenario_29,flow_capacity_ratio,1.5943755541098215,128,1875.2605068342427,3083.5223216483946,1934.0,1.5943755541098215,0.9783967861743875,1.727725768902877,0.7493289827284896
94,scenario_29,flow_capacity_ratio,1.4612953493532423,124,1877.417300305622,1065.2843096785136,729.0,1.4612953493532423,1.425886557194143,2.3118099888489625,0.8859234316548195
94,scenario_29,flow_capacity_ratio,1.4255620994406661,92,2550.193392452562,3087.767507388483,2166.0,1.4255620994406661,1.577439211826327,2.500987012012905,0.9235478001865782
94,scenario_29,flow_capacity_ratio,1.4011858406283175,174,6978.5477473254405,3082.6088493822986,2200.0,1.4011858406283175,4.187128648395264,6.539176154942198,2.352047506546934
94,scenario_29,flow_capacity_ratio,1.4011858406283175,175,5286.2980122217705,3082.6088493822986,2200.0,1.4011858406283175,3.1717788073330624,4.953471003001634,1.7816921956685716
94,scenario_29,flow_capacity_ratio,1.4011858406283175,176,4439.9389635413945,3082.6088493822986,2200.0,1.4011858406283175,2.663963378124837,4.16039899002137,1.4964356118965325
94,scenario_29,delay_min,18.912237847920427,178,6719.55714161299,3091.484563689389,1000.0,3.091484563689389,5.039667856209742,23.95190570413017,18.912237847920427
94,scenario_29,delay_min,16.55000347501568,129,3327.5142290398862,3082.6088493822986,729.0,4.228544375010012,2.079696393149929,18.629699868165606,16.55000347501568
94,scenario_29,delay_min,2.352047506546934,174,6978.5477473254405,3082.6088493822986,2200.0,1.4011858406283175,4.187128648395264,6.539176154942198,2.352047506546934
94,scenario_29,delay_min,2.176598019299819,68,8865.80644588534,3082.6088493822986,2335.0,1.3201750960952028,4.470154510530423,6.646752529830242,2.176598019299819
94,scenario_29,delay_min,2.0399533544115105,61,8361.831024084971,3082.6088493822986,2333.0,1.3213068364261888,4.1809155120424855,6.220868866453996,2.0399533544115105
94,scenario_29,delay_min,1.7816921956685716,175,5286.2980122217705,3082.6088493822986,2200.0,1.4011858406283175,3.1717788073330624,4.953471003001634,1.7816921956685716
94,scenario_29,delay_min,1.4964356118965325,176,4439.9389635413945,3082.6088493822986,2200.0,1.4011858406283175,2.663963378124837,4.16039899002137,1.4964356118965325
94,scenario_29,delay_min,1.49403643289056,98,2007.6948653871616,3091.2885062053506,1536.0,2.0125576212274416,1.115386036326201,2.609422469216761,1.49403643289056
94,scenario_29,delay_min,1.3593829822586199,32,4235.803391000821,3082.6088493822986,2391.0,1.2892550603857376,2.9552116681401075,4.314594650398727,1.3593829822586199
94,scenario_29,delay_min,1.2582809027477841,63,5114.75070314698,3082.6088493822986,2333.0,1.3213068364261888,2.578865900746377,3.837146803494161,1.2582809027477841
104,scenario_29,flow_capacity_ratio,4.229403164935349,129,3327.5142290398862,3083.2349072378697,729.0,4.229403164935349,2.079696393149929,18.637767890995388,16.55807149784546
104,scenario_29,flow_capacity_ratio,4.229403164935349,130,225.05482885543543,3083.2349072378697,729.0,4.229403164935349,0.13503289731326126,1.2101342321228634,1.0751013348096021
104,scenario_29,flow_capacity_ratio,3.0914836329516273,178,6719.55714161299,3091.4836329516274,1000.0,3.0914836329516273,5.039667856209742,23.951892038982688,18.912224182772945
104,scenario_29,flow_capacity_ratio,2.0126702676997033,98,2007.6948653871616,3091.461531186744,1536.0,2.0126702676997033,1.115386036326201,2.6096231744596734,1.4942371381334725
104,scenario_29,flow_capacity_ratio,1.7041624909237363,126,1897.1851262924465,3086.2382710628863,1811.0,1.7041624909237363,1.073878373373083,2.0388654786710143,0.9649871052979313
104,scenario_29,flow_capacity_ratio,1.5946638218227784,128,1875.2605068342427,3084.0798314052536,1934.0,1.5946638218227784,0.9783967861743875,1.7280509640912256,0.7496541779168381
104,scenario_29,flow_capacity_ratio,1.4612950282107622,124,1877.417300305622,1065.2840755656457,729.0,1.4612950282107622,1.425886557194143,2.3118095215798027,0.8859229643856597
104,scenario_29,flow_capacity_ratio,1.4256816094316993,92,2550.193392452562,3088.0263660290607,2166.0,1.4256816094316993,1.577439211826327,2.501172841307645,0.9237336294813179
104,scenario_29,flow_capacity_ratio,1.40147041238085,174,6978.5477473254405,3083.2349072378697,2200.0,1.40147041238085,4.187128648395264,6.540322763340692,2.3531941149454276
104,scenario_29,flow_capacity_ratio,1.40147041238085,175,5286.2980122217705,3083.2349072378697,2200.0,1.40147041238085,3.1717788073330624,4.954339566765503,1.7825607594324406
104,scenario_29,flow_capacity_ratio,1.40147041238085,176,4439.9389635413945,3083.2349072378697,2200.0,1.40147041238085,2.663963378124837,4.161128492990859,1.4971651148660223
104,scenario_29,delay_min,18.912224182772945,178,6719.55714161299,3091.4836329516274,1000.0,3.0914836329516273,5.039667856209742,23.951892038982688,18.912224182772945
104,scenario_29,delay_min,16.55807149784546,129,3327.5142290398862,3083.2349072378697,729.0,4.229403164935349,2.079696393149929,18.637767890995388,16.55807149784546
104,scenario_29,delay_min,2.3531941149454276,174,6978.5477473254405,3083.2349072378697,2200.0,1.40147041238085,4.187128648395264,6.540322763340692,2.3531941149454276
104,scenario_29,delay_min,2.177659097174363,68,8865.80644588534,3083.2349072378697,2335.0,1.3204432150911647,4.470154510530423,6.647813607704786,2.177659097174363
104,scenario_29,delay_min,2.0409478188694745,61,8361.831024084971,3083.2349072378697,2333.0,1.3215751852712687,4.1809155120424855,6.22186333091196,2.0409478188694745
104,scenario_29,delay_min,1.7825607594324406,175,5286.2980122217705,3083.2349072378697,2200.0,1.40147041238085,3.1717788073330624,4.954339566765503,1.7825607594324406
104,scenario_29,delay_min,1.4971651148660223,176,4439.9389635413945,3083.2349072378697,2200.0,1.40147041238085,2.663963378124837,4.161128492990859,1.4971651148660223
104,scenario_29,delay_min,1.4942371381334725,98,2007.6948653871616,3091.461531186744,1536.0,2.0126702676997033,1.115386036326201,2.6096231744596734,1.4942371381334725
104,scenario_29,delay_min,1.3600456729312742,32,4235.803391000821,3083.2349072378697,2391.0,1.289516899723074,2.9552116681401075,4.315257341071382,1.3600456729312742
104,scenario_29,delay_min,1.2588943067911718,63,5114.75070314698,3083.2349072378697,2333.0,1.3215751852712687,2.578865900746377,3.8377602075375488,1.2588943067911718
152,scenario_29,flow_capacity_ratio,3.972550627663495,129,3327.5142290398862,2895.989407566688,729.0,3.972550627663495,2.079696393149929,16.32614464871839,14.246448255568462
152,scenario_29,flow_capacity_ratio,3.972550627663495,130,225.05482885543543,2895.989407566688,729.0,3.972550627663495,0.13503289731326126,1.0600425240593805,0.9250096267461192
152,scenario_29,flow_capacity_ratio,2.9044344174299415,178,6719.55714161299,2904.4344174299413,1000.0,2.9044344174299415,5.039667856209742,21.320991233054958,16.281323376845215
152,scenario_29,flow_capacity_ratio,1.8908413178478016,98,2007.6948653871616,2904.3322642142234,1536.0,1.8908413178478016,1.115386036326201,2.4016716515522547,1.2862856152260538
152,scenario_29,flow_capacity_ratio,1.6008597132391083,126,1897.1851262924465,2899.156940676025,1811.0,1.6008597132391083,1.073878373373083,1.904384739848605,0.8305063664755219
152,scenario_29,flow_capacity_ratio,1.4978717807904776,128,1875.2605068342427,2896.8840240487834,1934.0,1.4978717807904776,0.9783967861743875,1.6234479447504035,0.645051158576016
152,scenario_29,flow_capacity_ratio,1.3393152475686363,92,2550.193392452562,2900.956826233666,2166.0,1.3393152475686363,1.577439211826327,2.3725202432945554,0.7950810314682284
152,scenario_29,flow_capacity_ratio,1.3163588216212219,174,6978.5477473254405,2895.989407566688,2200.0,1.3163588216212219,4.187128648395264,6.211800313706076,2.0246716653108123
152,scenario_29,flow_capacity_ratio,1.3163588216212219,175,5286.2980122217705,2895.989407566688,2200.0,1.3163588216212219,3.1717788073330624,4.705481547109582,1.53370273977652
152,scenario_29,flow_capacity_ratio,1.3163588216212219,176,4439.9389635413945,2895.989407566688,2200.0,1.3163588216212219,2.663963378124837,3.9521137126463644,1.2881503345215273
152,scenario_29,delay_min,16.281323376845215,178,6719.55714161299,2904.4344174299413,1000.0,2.9044344174299415,5.039667856209742,21.320991233054958,16.281323376845215
152,scenario_29,delay_min,14.246448255568462,129,3327.5142290398862,2895.989407566688,729.0,3.972550627663495,2.079696393149929,16.32614464871839,14.246448255568462
152,scenario_29,delay_min,2.0246716653108123,174,6978.5477473254405,2895.989407566688,2200.0,1.3163588216212219,4.187128648395264,6.211800313706076,2.0246716653108123
152,scenario_29,delay_min,1.873642570645944,68,8865.80644588534,2895.989407566688,2335.0,1.2402524229407657,4.470154510530423,6.343797081176367,1.873642570645944
152,scenario_29,delay_min,1.7560171483510434,61,8361.831024084971,2895.989407566688,2333.0,1.2413156483354857,4.1809155120424855,5.936932660393529,1.7560171483510434
152,scenario_29,delay_min,1.53370273977652,175,5286.2980122217705,2895.989407566688,2200.0,1.3163588216212219,3.1717788073330624,4.705481547109582,1.53370273977652
152,scenario_29,delay_min,1.2881503345215273,176,4439.9389635413945,2895.989407566688,2200.0,1.3163588216212219,2.663963378124837,3.9521137126463644,1.2881503345215273
152,scenario_29,delay_min,1.2862856152260538,98,2007.6948653871616,2904.3322642142234,1536.0,1.8908413178478016,1.115386036326201,2.4016716515522547,1.2862856152260538
152,scenario_29,delay_min,1.170173731110315,32,4235.803391000821,2895.989407566688,2391.0,1.2112042691621447,2.9552116681401075,4.125385399250423,1.170173731110315
152,scenario_29,delay_min,1.0831438071313935,63,5114.75070314698,2895.989407566688,2333.0,1.2413156483354857,2.578865900746377,3.6620097078777705,1.0831438071313935
176,scenario_29,flow_capacity_ratio,4.204621523307581,129,3327.5142290398862,3065.169090491226,729.0,4.204621523307581,2.079696393149929,18.40587446738106,16.32617807423113
176,scenario_29,flow_capacity_ratio,4.204621523307581,130,225.05482885543543,3065.169090491226,729.0,4.204621523307581,0.13503289731326126,1.1950775916624228,1.0600446943491615
176,scenario_29,flow_capacity_ratio,3.0738021734818566,178,6719.55714161299,3073.8021734818567,1000.0,3.0738021734818566,5.039667856209742,23.693330386721694,18.65366253051195
176,scenario_29,flow_capacity_ratio,2.0010602891787768,98,2007.6948653871616,3073.628604178601,1536.0,2.0010602891787768,1.115386036326201,2.589020020124745,1.4736339837985442
176,scenario_29,flow_capacity_ratio,1.694219573950522,126,1897.1851262924465,3068.231648424395,1811.0,1.694219573950522,1.073878373373083,2.0254081271462114,0.9515297537731284
176,scenario_29,flow_capacity_ratio,1.5853565859299865,128,1875.2605068342427,3066.079637188594,1934.0,1.5853565859299865,0.9783967861743875,1.7175929984097311,0.7391962122353436
176,scenario_29,flow_capacity_ratio,1.4177324947679857,92,2550.193392452562,3070.808583667457,2166.0,1.4177324947679857,1.577439211826327,2.488860032785146,0.911420820958819
176,scenario_29,flow_capacity_ratio,1.3932586774960118,174,6978.5477473254405,3065.169090491226,2200.0,1.3932586774960118,4.187128648395264,6.507366616254673,2.320237967859409
176,scenario_29,flow_capacity_ratio,1.3932586774960118,175,5286.2980122217705,3065.169090491226,2200.0,1.3932586774960118,3.1717788073330624,4.929375058226018,1.7575962508929557
176,scenario_29,flow_capacity_ratio,1.3932586774960118,176,4439.9389635413945,3065.169090491226,2200.0,1.3932586774960118,2.663963378124837,4.140160909643523,1.476197531518686
176,scenario_29,delay_min,18.65366253051195,178,6719.55714161299,3073.8021734818567,1000.0,3.0738021734818566,5.039667856209742,23.693330386721694,18.65366253051195
176,scenario_29,delay_min,16.32617807423113,129,3327.5142290398862,3065.169090491226,729.0,4.204621523307581,2.079696393149929,18.40587446738106,16.32617807423113
176,scenario_29,delay_min,2.320237967859409,174,6978.5477473254405,3065.169090491226,2200.0,1.3932586774960118,4.187128648395264,6.507366616254673,2.320237967859409
176,scenario_29,delay_min,2.1471612929116883,68,8865.80644588534,3065.169090491226,2335.0,1.3127062486043795,4.470154510530423,6.617315803442112,2.1471612929116883
176,scenario_29,delay_min,2.0123646365105,61,8361.831024084971,3065.169090491226,2333.0,1.3138315861514043,4.1809155120424855,6.193280148552986,2.0123646365105
176,scenario_29,delay_min,1.7575962508929557,175,5286.2980122217705,3065.169090491226,2200.0,1.3932586774960118,3.1717788073330624,4.929375058226018,1.7575962508929557
176,scenario_29,delay_min,1.476197531518686,176,4439.9389635413945,3065.169090491226,2200.0,1.3932586774960118,2.663963378124837,4.140160909643523,1.476197531518686
176,scenario_29,delay_min,1.4736339837985442,98,2007.6948653871616,3073.628604178601,1536.0,2.0010602891787768,1.115386036326201,2.589020020124745,1.4736339837985442
176,scenario_29,delay_min,1.3409984277609097,32,4235.803391000821,3065.169090491226,2391.0,1.2819611419871293,2.9552116681401075,4.296210095901017,1.3409984277609097
176,scenario_29,delay_min,1.2412636720395103,63,5114.75070314698,3065.169090491226,2333.0,1.3138315861514043,2.578865900746377,3.8201295727858873,1.2412636720395103
177,scenario_29,flow_capacity_ratio,4.229266001557768,129,3327.5142290398862,3083.134915135613,729.0,4.229266001557768,2.079696393149929,18.6364791364177,16.556782743267775
177,scenario_29,flow_capacity_ratio,4.229266001557768,130,225.05482885543543,3083.134915135613,729.0,4.229266001557768,0.13503289731326126,1.2100505543970552,1.075017657083794
177,scenario_29,flow_capacity_ratio,3.092034331971899,178,6719.55714161299,3092.0343319718986,1000.0,3.092034331971899,5.039667856209742,23.95997844145602,18.920310585246277
177,scenario_29,flow_capacity_ratio,2.0129186675992776,98,2007.6948653871616,3091.84307343249,1536.0,2.0129186675992776,1.115386036326201,2.6100658108053376,1.4946797744791367
177,scenario_29,flow_capacity_ratio,1.7041860139599834,126,1897.1851262924465,3086.28087128153,1811.0,1.7041860139599834,1.073878373373083,2.0388974469549392,0.9650190735818562
177,scenario_29,flow_capacity_ratio,1.5946370979735922,128,1875.2605068342427,3084.028147480927,1934.0,1.5946370979735922,0.9783967861743875,1.7280208134201065,0.749624027245719
177,scenario_29,flow_capacity_ratio,1.461295346283498,124,1877.417300305622,1065.28430744067,729.0,1.461295346283498,1.425886557194143,2.3118099843824185,0.8859234271882754
177,scenario_29,flow_capacity_ratio,1.425739675616412,92,2550.193392452562,3088.1521373851483,2166.0,1.425739675616412,1.577439211826327,2.5012631378503083,0.9238239260239813
177,scenario_29,flow_capacity_ratio,1.4014249614252787,174,6978.5477473254405,3083.134915135613,2200.0,1.4014249614252787,4.187128648395264,6.540139608576069,2.3530109601808045
177,scenario_29,flow_capacity_ratio,1.4014249614252787,175,5286.2980122217705,3083.134915135613,2200.0,1.4014249614252787,3.1717788073330624,4.954200825769064,1.7824220184360016
177,scenario_29,flow_capacity_ratio,1.4014249614252787,176,4439.9389635413945,3083.134915135613,2200.0,1.4014249614252787,2.663963378124837,4.16101196502469,1.4970485868998527
177,scenario_29,delay_min,18.920310585246277,178,6719.55714161299,3092.0343319718986,1000.0,3.092034331971899,5.039667856209742,23.95997844145602,18.920310585246277
177,scenario_29,delay_min,16.556782743267775,129,3327.5142290398862,3083.134915135613,729.0,4.229266001557768,2.079696393149929,18.6364791364177,16.556782743267775
177,scenario_29,delay_min,2.3530109601808045,174,6978.5477473254405,3083.134915135613,2200.0,1.4014249614252787,4.187128648395264,6.540139608576069,2.3530109601808045
177,scenario_29,delay_min,2.177489604722873,68,8865.80644588534,3083.134915135613,2335.0,1.3204003919210334,4.470154510530423,6.647644115253296,2.177489604722873
177,scenario_29,delay_min,2.0407889669859847,61,8361.831024084971,3083.134915135613,2333.0,1.3215323253903184,4.1809155120424855,6.22170447902847,2.0407889669859847
177,scenario_29,delay_min,1.7824220184360016,175,5286.2980122217705,3083.134915135613,2200.0,1.4014249614252787,3.1717788073330624,4.954200825769064,1.7824220184360016
177,scenario_29,delay_min,1.4970485868998527,176,4439.9389635413945,3083.134915135613,2200.0,1.4014249614252787,2.663963378124837,4.16101196502469,1.4970485868998527
177,scenario_29,delay_min,1.4946797744791367,98,2007.6948653871616,3091.84307343249,1536.0,2.0129186675992776,1.115386036326201,2.6100658108053376,1.4946797744791367
177,scenario_29,delay_min,1.359939817301464,32,4235.803391000821,3083.134915135613,2391.0,1.2894750795213772,2.9552116681401075,4.315151485441572,1.359939817301464
177,scenario_29,delay_min,1.2587963240157674,63,5114.75070314698,3083.134915135613,2333.0,1.3215323253903184,2.578865900746377,3.8376622247621444,1.2587963240157674
206,scenario_29,flow_capacity_ratio,4.228392337964587,129,3327.5142290398862,3082.498014376184,729.0,4.228392337964587,2.079696393149929,18.628271773722858,16.548575380572927
206,scenario_29,flow_capacity_ratio,4.228392337964587,130,225.05482885543543,3082.498014376184,729.0,4.228392337964587,0.13503289731326126,1.20951765739938,1.0744847600861187
206,scenario_29,flow_capacity_ratio,3.090752947593077,178,6719.55714161299,3090.752947593077,1000.0,3.090752947593077,5.039667856209742,23.941165849970293,18.90149799376055
206,scenario_29,flow_capacity_ratio,2.012196066476816,98,2007.6948653871616,3090.733158108389,1536.0,2.012196066476816,1.115386036326201,2.608778383657668,1.493392347331467
206,scenario_29,flow_capacity_ratio,1.7037560095251751,126,1897.1851262924465,3085.5021332500924,1811.0,1.7037560095251751,1.073878373373083,2.0383131597646966,0.9644347863916136
206,scenario_29,flow_capacity_ratio,1.5942836283248496,128,1875.2605068342427,3083.344537180259,1934.0,1.5942836283248496,0.9783967861743875,1.7276220846113506,0.7492252984369631
206,scenario_29,flow_capacity_ratio,1.4612953283636314,124,1877.417300305622,1065.2842943770872,729.0,1.4612953283636314,1.425886557194143,2.311809958308627,0.8859234011144839
206,scenario_29,flow_capacity_ratio,1.425343860543372,92,2550.193392452562,3087.2948019369437,2166.0,1.425343860543372,1.577439211826327,2.500647722765638,0.9232085109393109
206,scenario_29,flow_capacity_ratio,1.4011354610800837,174,6978.5477473254405,3082.498014376184,2200.0,1.4011354610800837,4.187128648395264,6.538973197524197,2.3518445491289333
206,scenario_29,flow_capacity_ratio,1.4011354610800837,175,5286.2980122217705,3082.498014376184,2200.0,1.4011354610800837,3.1717788073330624,4.953317261358789,1.7815384540257266
206,scenario_29,flow_capacity_ratio,1.4011354610800837,176,4439.9389635413945,3082.498014376184,2200.0,1.4011354610800837,2.663963378124837,4.160269863076803,1.4963064849519663
206,scenario_29,delay_min,18.90149799376055,178,6719.55714161299,3090.752947593077,1000.0,3.090752947593077,5.039667856209742,23.941165849970293,18.90149799376055
206,scenario_29,delay_min,16.548575380572927,129,3327.5142290398862,3082.498014376184,729.0,4.228392337964587,2.079696393149929,18.628271773722858,16.548575380572927
206,scenario_29,delay_min,2.3518445491289333,174,6978.5477473254405,3082.498014376184,2200.0,1.4011354610800837,4.187128648395264,6.538973197524197,2.3518445491289333
206,scenario_29,delay_min,2.176410201361282,68,8865.80644588534,3082.498014376184,2335.0,1.3201276292831623,4.470154510530423,6.646564711891705,2.176410201361282
206,scenario_29,delay_min,2.039777327496875,61,8361.831024084971,3082.498014376184,2333.0,1.3212593289224963,4.1809155120424855,6.22069283953936,2.039777327496875
206,scenario_29,delay_min,1.7815384540257266,175,5286.2980122217705,3082.498014376184,2200.0,1.4011354610800837,3.1717788073330624,4.953317261358789,1.7815384540257266
206,scenario_29,delay_min,1.4963064849519663,176,4439.9389635413945,3082.498014376184,2200.0,1.4011354610800837,2.663963378124837,4.160269863076803,1.4963064849519663
206,scenario_29,delay_min,1.493392347331467,98,2007.6948653871616,3090.733158108389,1536.0,2.012196066476816,1.115386036326201,2.608778383657668,1.493392347331467
206,scenario_29,delay_min,1.3592656815411028,32,4235.803391000821,3082.498014376184,2391.0,1.2892087053016243,2.9552116681401075,4.31447734968121,1.3592656815411028
206,scenario_29,delay_min,1.2581723260959814,63,5114.75070314698,3082.498014376184,2333.0,1.3212593289224963,2.578865900746377,3.8370382268423584,1.2581723260959814
209,scenario_29,flow_capacity_ratio,4.2210972600445436,129,3327.5142290398862,3077.179902572472,729.0,4.2210972600445436,2.079696393149929,18.559833061946083,16.480136668796156
209,scenario_29,flow_capacity_ratio,4.2210972600445436,130,225.05482885543543,3077.179902572472,729.0,4.2210972600445436,0.13503289731326126,1.2050739907324355,1.0700410934191742
209,scenario_29,flow_capacity_ratio,3.0858709443684686,178,6719.55714161299,3085.870944368469,1000.0,3.0858709443684686,5.039667856209742,23.869590928804698,18.829923072594955
209,scenario_29,flow_capacity_ratio,2.0089037563766228,98,2007.6948653871616,3085.6761697944926,1536.0,2.0089037563766228,1.115386036326201,2.6029208065068294,1.4875347701806285
209,scenario_29,flow_capacity_ratio,1.7009402766465143,126,1897.1851262924465,3080.402841006837,1811.0,1.7009402766465143,1.073878373373083,2.034492260743434,0.9606138873703511
209,scenario_29,flow_capacity_ratio,1.5915594776221718,128,1875.2605068342427,3078.07602972128,1934.0,1.5915594776221718,0.9783967861743875,1.7245532776482342,0.7461564914738467
209,scenario_29,flow_capacity_ratio,1.4234297808087424,92,2550.193392452562,3083.148905231736,2166.0,1.4234297808087424,1.577439211826327,2.4976750777411247,0.9202358659147978
209,scenario_29,flow_capacity_ratio,1.3987181375329418,174,6978.5477473254405,3077.179902572472,2200.0,1.3987181375329418,4.187128648395264,6.529246849029537,2.342118200634273
209,scenario_29,flow_capacity_ratio,1.3987181375329418,175,5286.2980122217705,3077.179902572472,2200.0,1.3987181375329418,3.1717788073330624,4.945949485343615,1.7741706780105524
209,scenario_29,flow_capacity_ratio,1.3987181375329418,176,4439.9389635413945,3077.179902572472,2200.0,1.3987181375329418,2.663963378124837,4.154081699691238,1.490118321566401
209,scenario_29,delay_min,18.829923072594955,178,6719.55714161299,3085.870944368469,1000.0,3.0858709443684686,5.039667856209742,23.869590928804698,18.829923072594955
209,scenario_29,delay_min,16.480136668796156,129,3327.5142290398862,3077.179902572472,729.0,4.2210972600445436,2.079696393149929,18.559833061946083,16.480136668796156
209,scenario_29,delay_min,2.342118200634273,174,6978.5477473254405,3077.179902572472,2200.0,1.3987181375329418,4.187128648395264,6.529246849029537,2.342118200634273
209,scenario_29,delay_min,2.167409383644136,68,8865.80644588534,3077.179902572472,2335.0,1.31785006534153,4.470154510530423,6.637563894174559,2.167409383644136
209,scenario_29,delay_min,2.0313415721889454,61,8361.831024084971,3077.179902572472,2333.0,1.3189798125042744,4.1809155120424855,6.212257084231431,2.0313415721889454
209,scenario_29,delay_min,1.7741706780105524,175,5286.2980122217705,3077.179902572472,2200.0,1.3987181375329418,3.1717788073330624,4.945949485343615,1.7741706780105524
209,scenario_29,delay_min,1.490118321566401,176,4439.9389635413945,3077.179902572472,2200.0,1.3987181375329418,2.663963378124837,4.154081699691238,1.490118321566401
209,scenario_29,delay_min,1.4875347701806285,98,2007.6948653871616,3085.6761697944926,1536.0,2.0089037563766228,1.115386036326201,2.6029208065068294,1.4875347701806285
209,scenario_29,delay_min,1.3536442676086229,32,4235.803391000821,3077.179902572472,2391.0,1.2869844845556135,2.9552116681401075,4.30885593574873,1.3536442676086229
209,scenario_29,delay_min,1.2529689964309836,63,5114.75070314698,3077.179902572472,2333.0,1.3189798125042744,2.578865900746377,3.8318348971773606,1.2529689964309836
227,scenario_29,flow_capacity_ratio,4.229896223218661,129,3327.5142290398862,3083.594346726404,729.0,4.229896223218661,2.079696393149929,18.642401032967186,16.562704639817255
227,scenario_29,flow_capacity_ratio,4.229896223218661,130,225.05482885543543,3083.594346726404,729.0,4.229896223218661,0.13503289731326126,1.2104350580444627,1.0754021607312014
227,scenario_29,flow_capacity_ratio,3.092393687281049,178,6719.55714161299,3092.393687281049,1000.0,3.092393687281049,5.039667856209742,23.9652562616651,18.925588405455358
227,scenario_29,flow_capacity_ratio,2.01313330096013,98,2007.6948653871616,3092.1727502747594,1536.0,2.01313330096013,1.115386036326201,2.6104483384381236,1.4950623021119227
227,scenario_29,flow_capacity_ratio,1.7044787273616975,126,1897.1851262924465,3086.810975252034,1811.0,1.7044787273616975,1.073878373373083,2.0392953020861135,0.9654169287130305
227,scenario_29,flow_capacity_ratio,1.594873122004539,128,1875.2605068342427,3084.484617956778,1934.0,1.594873122004539,0.9783967861743875,1.7282871274795648,0.7498903413051773
227,scenario_29,flow_capacity_ratio,1.4612953476374908,124,1877.417300305622,1065.2843084277308,729.0,1.4612953476374908,1.425886557194143,2.311809986352507,0.885923429158364
227,scenario_29,flow_capacity_ratio,1.4259910394172621,92,2550.193392452562,3088.69659137779,2166.0,1.4259910394172621,1.577439211826327,2.5016540836417898,0.9242148718154628
227,scenario_29,flow_capacity_ratio,1.4016337939665473,174,6978.5477473254405,3083.594346726404,2200.0,1.4016337939665473,4.187128648395264,6.540981214563297,2.353852566168033
227,scenario_29,flow_capacity_ratio,1.4016337939665473,175,5286.2980122217705,3083.594346726404,2200.0,1.4016337939665473,3.1717788073330624,4.954838348104434,1.7830595407713714
227,scenario_29,flow_capacity_ratio,1.4016337939665473,176,4439.9389635413945,3083.594346726404,2200.0,1.4016337939665473,2.663963378124837,4.161547417292117,1.49758403916728
227,scenario_29,delay_min,18.925588405455358,178,6719.55714161299,3092.393687281049,1000.0,3.092393687281049,5.039667856209742,23.9652562616651,18.925588405455358
227,scenario_29,delay_min,16.562704639817255,129,3327.5142290398862,3083.594346726404,729.0,4.229896223218661,2.079696393149929,18.642401032967186,16.562704639817255
227,scenario_29,delay_min,2.353852566168033,174,6978.5477473254405,3083.594346726404,2200.0,1.4016337939665473,4.187128648395264,6.540981214563297,2.353852566168033
227,scenario_29,delay_min,2.1782684316469627,68,8865.80644588534,3083.594346726404,2335.0,1.320597150632293,4.470154510530423,6.648422942177386,2.1782684316469627
227,scenario_29,delay_min,2.0415188999282243,61,8361.831024084971,3083.594346726404,2333.0,1.3217292527759983,4.1809155120424855,6.22243441197071,2.0415188999282243
227,scenario_29,delay_min,1.7830595407713714,175,5286.2980122217705,3083.594346726404,2200.0,1.4016337939665473,3.1717788073330624,4.954838348104434,1.7830595407713714
227,scenario_29,delay_min,1.49758403916728,176,4439.9389635413945,3083.594346726404,2200.0,1.4016337939665473,2.663963378124837,4.161547417292117,1.49758403916728
227,scenario_29,delay_min,1.4950623021119227,98,2007.6948653871616,3092.1727502747594,1536.0,2.01313330096013,1.115386036326201,2.6104483384381236,1.4950623021119227
227,scenario_29,delay_min,1.3604262296097285,32,4235.803391000821,3083.594346726404,2391.0,1.289667229914849,2.9552116681401075,4.315637897749836,1.3604262296097285
227,scenario_29,delay_min,1.259246560134902,63,5114.75070314698,3083.594346726404,2333.0,1.3217292527759983,2.578865900746377,3.838112460881279,1.259246560134902
240,scenario_29,flow_capacity_ratio,4.229887566071134,129,3327.5142290398862,3083.5880356658568,729.0,4.229887566071134,2.079696393149929,18.642319677455166,16.56262328430524
240,scenario_29,flow_capacity_ratio,4.229887566071134,130,225.05482885543543,3083.5880356658568,729.0,4.229887566071134,0.13503289731326126,1.2104297757010705,1.0753968783878092
240,scenario_29,flow_capacity_ratio,3.0923961335522003,178,6719.55714161299,3092.3961335522004,1000.0,3.0923961335522003,5.039667856209742,23.965292192779643,18.9256243365699
240,scenario_29,flow_capacity_ratio,2.013132400820435,98,2007.6948653871616,3092.1713676601885,1536.0,2.013132400820435,1.115386036326201,2.610446734056136,1.495060697729935
240,scenario_29,flow_capacity_ratio,1.7044785726670408,126,1897.1851262924465,3086.810695100011,1811.0,1.7044785726670408,1.073878373373083,2.03929509180036,0.9654167184272768
240,scenario_29,flow_capacity_ratio,1.5948683824199352,128,1875.2605068342427,3084.475451600155,1934.0,1.5948683824199352,0.9783967861743875,1.7282817790997744,0.7498849929253869
240,scenario_29,flow_capacity_ratio,1.4612953454701016,124,1877.417300305622,1065.284306847704,729.0,1.4612953454701016,1.425886557194143,2.311809983198909,0.8859234260047661
240,scenario_29,flow_capacity_ratio,1.425992475989677,92,2550.193392452562,3088.69970299364,2166.0,1.425992475989677,1.577439211826327,2.501656318218288,0.9242171063919609
240,scenario_29,flow_capacity_ratio,1.4016309253026622,174,6978.5477473254405,3083.5880356658568,2200.0,1.4016309253026622,4.187128648395264,6.54096965250958,2.353841004114316
240,scenario_29,flow_capacity_ratio,1.4016309253026622,175,5286.2980122217705,3083.5880356658568,2200.0,1.4016309253026622,3.1717788073330624,4.954829589769061,1.783050782435999
240,scenario_29,flow_capacity_ratio,1.4016309253026622,176,4439.9389635413945,3083.5880356658568,2200.0,1.4016309253026622,2.663963378124837,4.161540061203908,1.497576683079071
240,scenario_29,delay_min,18.9256243365699,178,6719.55714161299,3092.3961335522004,1000.0,3.0923961335522003,5.039667856209742,23.965292192779643,18.9256243365699
240,scenario_29,delay_min,16.56262328430524,129,3327.5142290398862,3083.5880356658568,729.0,4.229887566071134,2.079696393149929,18.642319677455166,16.56262328430524
240,scenario_29,delay_min,2.353841004114316,174,6978.5477473254405,3083.5880356658568,2200.0,1.4016309253026622,4.187128648395264,6.54096965250958,2.353841004114316
240,scenario_29,delay_min,2.178257732057287,68,8865.80644588534,3083.5880356658568,2335.0,1.3205944478226368,4.470154510530423,6.64841224258771,2.178257732057287
240,scenario_29,delay_min,2.041508872048177,61,8361.831024084971,3083.5880356658568,2333.0,1.3217265476493172,4.1809155120424855,6.222424384090663,2.041508872048177
240,scenario_29,delay_min,1.783050782435999,175,5286.2980122217705,3083.5880356658568,2200.0,1.4016309253026622,3.1717788073330624,4.954829589769061,1.783050782435999
240,scenario_29,delay_min,1.497576683079071,176,4439.9389635413945,3083.5880356658568,2200.0,1.4016309253026622,2.663963378124837,4.161540061203908,1.497576683079071
240,scenario_29,delay_min,1.495060697729935,98,2007.6948653871616,3092.1713676601885,1536.0,2.013132400820435,1.115386036326201,2.610446734056136,1.495060697729935
240,scenario_29,delay_min,1.3604195472365963,32,4235.803391000821,3083.5880356658568,2391.0,1.2896645904081374,2.9552116681401075,4.315631215376704,1.3604195472365963
240,scenario_29,delay_min,1.2592403747532948,63,5114.75070314698,3083.5880356658568,2333.0,1.3217265476493172,2.578865900746377,3.8381062754996718,1.2592403747532948
250,scenario_29,flow_capacity_ratio,4.232617179830456,129,3327.5142290398862,3085.5779240964025,729.0,4.232617179830456,2.079696393149929,18.667982764281238,16.58828637113131
250,scenario_29,flow_capacity_ratio,4.232617179830456,130,225.05482885543543,3085.5779240964025,729.0,4.232617179830456,0.13503289731326126,1.212096057846647,1.0770631605333858
250,scenario_29,flow_capacity_ratio,3.094352934067864,178,6719.55714161299,3094.352934067864,1000.0,3.094352934067864,5.039667856209742,23.99404665380878,18.954378797599038
250,scenario_29,flow_capacity_ratio,2.01443140936968,98,2007.6948653871616,3094.1666447918287,1536.0,2.01443140936968,1.115386036326201,2.612763093086715,1.497377056760514
250,scenario_29,flow_capacity_ratio,1.7055633450563472,126,1897.1851262924465,3088.775217897045,1811.0,1.7055633450563472,1.073878373373083,2.040770345063756,0.966891971690673
250,scenario_29,flow_capacity_ratio,1.5959037962106508,128,1875.2605068342427,3086.477941871399,1934.0,1.5959037962106508,0.9783967861743875,1.729450719418808,0.7510539332444205
250,scenario_29,flow_capacity_ratio,1.461546924444079,124,1877.417300305622,1065.4677079197336,729.0,1.461546924444079,1.425886557194143,2.31217608014342,0.8862895229492769
250,scenario_29,flow_capacity_ratio,1.426896270836246,92,2550.193392452562,3090.657322631309,2166.0,1.426896270836246,1.577439211826327,2.5030627883824126,0.9256235765560856
250,scenario_29,flow_capacity_ratio,1.4025354200438194,174,6978.5477473254405,3085.5779240964025,2200.0,1.4025354200438194,4.187128648395264,6.544616829954026,2.357488181558762
250,scenario_29,flow_capacity_ratio,1.4025354200438194,175,5286.2980122217705,3085.5779240964025,2200.0,1.4025354200438194,3.1717788073330624,4.9575923518182545,1.7858135444851921
250,scenario_29,flow_capacity_ratio,1.4025354200438194,176,4439.9389635413945,3085.5779240964025,2200.0,1.4025354200438194,2.663963378124837,4.163860493166095,1.4998971150412581
250,scenario_29,delay_min,18.954378797599038,178,6719.55714161299,3094.352934067864,1000.0,3.094352934067864,5.039667856209742,23.99404665380878,18.954378797599038
250,scenario_29,delay_min,16.58828637113131,129,3327.5142290398862,3085.5779240964025,729.0,4.232617179830456,2.079696393149929,18.667982764281238,16.58828637113131
250,scenario_29,delay_min,2.357488181558762,174,6978.5477473254405,3085.5779240964025,2200.0,1.4025354200438194,4.187128648395264,6.544616829954026,2.357488181558762
250,scenario_29,delay_min,2.1816328506208,68,8865.80644588534,3085.5779240964025,2335.0,1.3214466484352902,4.470154510530423,6.651787361151223,2.1816328506208
250,scenario_29,delay_min,2.0446721040157367,61,8361.831024084971,3085.5779240964025,2333.0,1.3225794788240044,4.1809155120424855,6.225587616058222,2.0446721040157367
250,scenario_29,delay_min,1.7858135444851921,175,5286.2980122217705,3085.5779240964025,2200.0,1.4025354200438194,3.1717788073330624,4.9575923518182545,1.7858135444851921
250,scenario_29,delay_min,1.4998971150412581,176,4439.9389635413945,3085.5779240964025,2200.0,1.4025354200438194,2.663963378124837,4.163860493166095,1.4998971150412581
250,scenario_29,delay_min,1.497377056760514,98,2007.6948653871616,3094.1666447918287,1536.0,2.01443140936968,1.115386036326201,2.612763093086715,1.497377056760514
250,scenario_29,delay_min,1.3625274599966297,32,4235.803391000821,3085.5779240964025,2391.0,1.2904968314915946,2.9552116681401075,4.317739128136737,1.3625274599966297
250,scenario_29,delay_min,1.2611915146492798,63,5114.75070314698,3085.5779240964025,2333.0,1.3225794788240044,2.578865900746377,3.840057415395657,1.2611915146492798
254,scenario_29,flow_capacity_ratio,3.9321962385795732,129,3327.5142290398862,2866.5710579245088,729.0,3.9321962385795732,2.079696393149929,15.9812835699612,13.90158717681127
254,scenario_29,flow_capacity_ratio,3.9321962385795732,130,225.05482885543543,2866.5710579245088,729.0,3.9321962385795732,0.13503289731326126,1.0376509909545755,0.9026180936413142
254,scenario_29,flow_capacity_ratio,2.875005889977254,178,6719.55714161299,2875.005889977254,1000.0,2.875005889977254,5.039667856209742,20.92787511631783,15.888207260108086
254,scenario_29,flow_capacity_ratio,1.8716812897489168,98,2007.6948653871616,2874.902461054336,1536.0,1.8716812897489168,1.115386036326201,2.370611582436232,1.255225546110031
254,scenario_29,flow_capacity_ratio,1.5846133248081702,126,1897.1851262924465,2869.734731227596,1811.0,1.5846133248081702,1.073878373373083,1.8843000214717056,0.8104216480986226
254,scenario_29,flow_capacity_ratio,1.4826611325452066,128,1875.2605068342427,2867.4666303424297,1934.0,1.4826611325452066,0.9783967861743875,1.6078386046389987,0.6294418184646112
254,scenario_29,flow_capacity_ratio,1.325737798912621,92,2550.193392452562,2871.548072444737,2166.0,1.325737798912621,1.577439211826327,2.35331281100192,0.7758735991755932
254,scenario_29,flow_capacity_ratio,1.3029868445111403,174,6978.5477473254405,2866.5710579245088,2200.0,1.3029868445111403,4.187128648395264,6.16278946959233,1.9756608211970663
254,scenario_29,flow_capacity_ratio,1.3029868445111403,175,5286.2980122217705,2866.5710579245088,2200.0,1.3029868445111403,3.1717788073330624,4.668355494928439,1.4965766875953763
254,scenario_29,flow_capacity_ratio,1.3029868445111403,176,4439.9389635413945,2866.5710579245088,2200.0,1.3029868445111403,2.663963378124837,3.9209317011024765,1.2569683229776394
254,scenario_29,delay_min,15.888207260108086,178,6719.55714161299,2875.005889977254,1000.0,2.875005889977254,5.039667856209742,20.92787511631783,15.888207260108086
254,scenario_29,delay_min,13.90158717681127,129,3327.5142290398862,2866.5710579245088,729.0,3.9321962385795732,2.079696393149929,15.9812835699612,13.90158717681127
254,scenario_29,delay_min,1.9756608211970663,174,6978.5477473254405,2866.5710579245088,2200.0,1.3029868445111403,4.187128648395264,6.16278946959233,1.9756608211970663
254,scenario_29,delay_min,1.8282876592654311,68,8865.80644588534,2866.5710579245088,2335.0,1.2276535579976482,4.470154510530423,6.298442169795854,1.8282876592654311
254,scenario_29,delay_min,1.7135095733237184,61,8361.831024084971,2866.5710579245088,2333.0,1.2287059828223355,4.1809155120424855,5.894425085366204,1.7135095733237184
254,scenario_29,delay_min,1.4965766875953763,175,5286.2980122217705,2866.5710579245088,2200.0,1.3029868445111403,3.1717788073330624,4.668355494928439,1.4965766875953763
254,scenario_29,delay_min,1.2569683229776394,176,4439.9389635413945,2866.5710579245088,2200.0,1.3029868445111403,2.663963378124837,3.9209317011024765,1.2569683229776394
254,scenario_29,delay_min,1.255225546110031,98,2007.6948653871616,2874.902461054336,1536.0,1.8716812897489168,1.115386036326201,2.370611582436232,1.255225546110031
254,scenario_29,delay_min,1.141847556894486,32,4235.803391000821,2866.5710579245088,2391.0,1.1989004842846127,2.9552116681401075,4.097059225034593,1.141847556894486
254,scenario_29,delay_min,1.0569243498269731,63,5114.75070314698,2866.5710579245088,2333.0,1.2287059828223355,2.578865900746377,3.63579025057335,1.0569243498269731
273,scenario_29,flow_capacity_ratio,4.229897536938143,129,3327.5142290398862,3083.5953044279063,729.0,4.229897536938143,2.079696393149929,18.642413378661555,16.562716985511628
273,scenario_29,flow_capacity_ratio,4.229897536938143,130,225.05482885543543,3083.5953044279063,729.0,4.229897536938143,0.13503289731326126,1.210435859639775,1.0754029623265138
273,scenario_29,flow_capacity_ratio,3.092395067871299,178,6719.55714161299,3092.395067871299,1000.0,3.092395067871299,5.039667856209742,23.96527653993001,18.925608683720267
273,scenario_29,flow_capacity_ratio,2.0131467005795787,98,2007.6948653871616,3092.1933320902326,1536.0,2.0131467005795787,1.115386036326201,2.610472221636596,1.495086185310395
273,scenario_29,flow_capacity_ratio,1.704462624731503,126,1897.1851262924465,3086.7818133887517,1811.0,1.704462624731503,1.073878373373083,2.039273412955462,0.9653950395823789
273,scenario_29,flow_capacity_ratio,1.5948771723338557,128,1875.2605068342427,3084.492451293677,1934.0,1.5948771723338557,0.9783967861743875,1.7282916980875083,0.7498949119131207
273,scenario_29,flow_capacity_ratio,1.4612953475600647,124,1877.417300305622,1065.2843083712871,729.0,1.4612953475600647,1.425886557194143,2.3118099862398505,0.8859234290457074
273,scenario_29,flow_capacity_ratio,1.4259776488140594,92,2550.193392452562,3088.667587331253,2166.0,1.4259776488140594,1.577439211826327,2.501633254820966,0.9241940429946391
273,scenario_29,flow_capacity_ratio,1.401634229285412,174,6978.5477473254405,3083.5953044279063,2200.0,1.401634229285412,4.187128648395264,6.540982969104298,2.3538543207090337
273,scenario_29,flow_capacity_ratio,1.401634229285412,175,5286.2980122217705,3083.5953044279063,2200.0,1.401634229285412,3.1717788073330624,4.954839677181334,1.7830608698482715
273,scenario_29,flow_capacity_ratio,1.401634229285412,176,4439.9389635413945,3083.5953044279063,2200.0,1.401634229285412,2.663963378124837,4.161548533578088,1.497585155453251
273,scenario_29,delay_min,18.925608683720267,178,6719.55714161299,3092.395067871299,1000.0,3.092395067871299,5.039667856209742,23.96527653993001,18.925608683720267
273,scenario_29,delay_min,16.562716985511628,129,3327.5142290398862,3083.5953044279063,729.0,4.229897536938143,2.079696393149929,18.642413378661555,16.562716985511628
273,scenario_29,delay_min,2.3538543207090337,174,6978.5477473254405,3083.5953044279063,2200.0,1.401634229285412,4.187128648395264,6.540982969104298,2.3538543207090337
273,scenario_29,delay_min,2.178270055309093,68,8865.80644588534,3083.5953044279063,2335.0,1.3205975607828293,4.470154510530423,6.648424565839516,2.178270055309093
273,scenario_29,delay_min,2.041520421658456,61,8361.831024084971,3083.5953044279063,2333.0,1.3217296632781423,4.1809155120424855,6.222435933700941,2.041520421658456
273,scenario_29,delay_min,1.7830608698482715,175,5286.2980122217705,3083.5953044279063,2200.0,1.401634229285412,3.1717788073330624,4.954839677181334,1.7830608698482715
273,scenario_29,delay_min,1.497585155453251,176,4439.9389635413945,3083.5953044279063,2200.0,1.401634229285412,2.663963378124837,4.161548533578088,1.497585155453251
273,scenario_29,delay_min,1.495086185310395,98,2007.6948653871616,3092.1933320902326,1536.0,2.0131467005795787,1.115386036326201,2.610472221636596,1.495086185310395
273,scenario_29,delay_min,1.3604272436594749,32,4235.803391000821,3083.5953044279063,2391.0,1.289667630459183,2.9552116681401075,4.315638911799582,1.3604272436594749
273,scenario_29,delay_min,1.2592474987662126,63,5114.75070314698,3083.5953044279063,2333.0,1.3217296632781423,2.578865900746377,3.8381133995125896,1.2592474987662126
334,scenario_29,flow_capacity_ratio,4.1843651314904085,129,3327.5142290398862,3050.402180856508,729.0,4.1843651314904085,2.079696393149929,18.217741534794424,16.138045141644497
334,scenario_29,flow_capacity_ratio,4.1843651314904085,130,225.05482885543543,3050.402180856508,729.0,4.1843651314904085,0.13503289731326126,1.1828622822302914,1.0478293849170301
334,scenario_29,flow_capacity_ratio,3.0591942681627704,178,6719.55714161299,3059.19426816277,1000.0,3.0591942681627704,5.039667856209742,23.48127898659127,18.441611130381528
334,scenario_29,flow_capacity_ratio,1.991549776999748,98,2007.6948653871616,3059.0204574716126,1536.0,1.991549776999748,1.115386036326201,2.5722668016512324,1.4568807653250315
334,scenario_29,flow_capacity_ratio,1.6861470969384518,126,1897.1851262924465,3053.612392555536,1811.0,1.6861470969384518,1.073878373373083,2.014563347392435,0.9406849740193521
334,scenario_29,flow_capacity_ratio,1.5777152048956473,128,1875.2605068342427,3051.301206268182,1934.0,1.5777152048956473,0.9783967861743875,1.7090708511331785,0.730674064958791
334,scenario_29,flow_capacity_ratio,1.4106336870103724,92,2550.193392452562,3055.4325660644668,2166.0,1.4106336870103724,1.577439211826327,2.4779456935189885,0.9005064816926616
334,scenario_29,flow_capacity_ratio,1.3865464458438672,174,6978.5477473254405,3050.402180856508,2200.0,1.3865464458438672,4.187128648395264,6.480629607065658,2.2935009586703936
334,scenario_29,flow_capacity_ratio,1.3865464458438672,175,5286.2980122217705,3050.402180856508,2200.0,1.3865464458438672,3.1717788073330624,4.909121589503559,1.7373427821704963
334,scenario_29,flow_capacity_ratio,1.3865464458438672,176,4439.9389635413945,3050.402180856508,2200.0,1.3865464458438672,2.663963378124837,4.123150108375827,1.4591867302509902
334,scenario_29,delay_min,18.441611130381528,178,6719.55714161299,3059.19426816277,1000.0,3.0591942681627704,5.039667856209742,23.48127898659127,18.441611130381528
334,scenario_29,delay_min,16.138045141644497,129,3327.5142290398862,3050.402180856508,729.0,4.1843651314904085,2.079696393149929,18.217741534794424,16.138045141644497
334,scenario_29,delay_min,2.2935009586703936,174,6978.5477473254405,3050.402180856508,2200.0,1.3865464458438672,4.187128648395264,6.480629607065658,2.2935009586703936
334,scenario_29,delay_min,2.1224187139115527,68,8865.80644588534,3050.402180856508,2335.0,1.3063820903025731,4.470154510530423,6.592573224441976,2.1224187139115527
334,scenario_29,delay_min,1.9891753720801493,61,8361.831024084971,3050.402180856508,2333.0,1.3075020063679845,4.1809155120424855,6.170090884122635,1.9891753720801493
334,scenario_29,delay_min,1.7373427821704963,175,5286.2980122217705,3050.402180856508,2200.0,1.3865464458438672,3.1717788073330624,4.909121589503559,1.7373427821704963
334,scenario_29,delay_min,1.4591867302509902,176,4439.9389635413945,3050.402180856508,2200.0,1.3865464458438672,2.663963378124837,4.123150108375827,1.4591867302509902
334,scenario_29,delay_min,1.4568807653250315,98,2007.6948653871616,3059.0204574716126,1536.0,1.991549776999748,1.115386036326201,2.5722668016512324,1.4568807653250315
334,scenario_29,delay_min,1.3255455786212251,32,4235.803391000821,3050.402180856508,2391.0,1.2757851028258085,2.9552116681401075,4.280757246761333,1.3255455786212251
334,scenario_29,delay_min,1.2269601054808055,63,5114.75070314698,3050.402180856508,2333.0,1.3075020063679845,2.578865900746377,3.8058260062271825,1.2269601054808055
392,scenario_29,flow_capacity_ratio,4.227577983741842,129,3327.5142290398862,3081.9043501478027,729.0,4.227577983741842,2.079696393149929,18.620623712105743,16.540927318955816
392,scenario_29,flow_capacity_ratio,4.227577983741842,130,225.05482885543543,3081.9043501478027,729.0,4.227577983741842,0.13503289731326126,1.209021075339426,1.0739881780261646
392,scenario_29,flow_capacity_ratio,3.090787284380125,178,6719.55714161299,3090.787284380125,1000.0,3.090787284380125,5.039667856209742,23.94166982173616,18.902001965526416
392,scenario_29,flow_capacity_ratio,2.012108362283715,98,2007.6948653871616,3090.598444467786,1536.0,2.012108362283715,1.115386036326201,2.608622168930658,1.493236132604457
392,scenario_29,flow_capacity_ratio,1.7035400612140121,126,1897.1851262924465,3085.111050858576,1811.0,1.7035400612140121,1.073878373373083,2.038019808485548,0.9641414351124651
392,scenario_29,flow_capacity_ratio,1.5940119927766196,128,1875.2605068342427,3082.8191940299826,1934.0,1.5940119927766196,0.9783967861743875,1.7273157522389806,0.7489189660645931
392,scenario_29,flow_capacity_ratio,1.461295349350688,124,1877.417300305622,1065.2843096766514,729.0,1.461295349350688,1.425886557194143,2.311809988845246,0.8859234316511029
392,scenario_29,flow_capacity_ratio,1.4252192656090352,92,2550.193392452562,3087.02492930917,2166.0,1.4252192656090352,1.577439211826327,2.500454051494724,0.923014839668397
392,scenario_29,flow_capacity_ratio,1.4008656137035467,174,6978.5477473254405,3081.9043501478027,2200.0,1.4008656137035467,4.187128648395264,6.5378862730239335,2.3507576246286694
392,scenario_29,flow_capacity_ratio,1.4008656137035467,175,5286.2980122217705,3081.9043501478027,2200.0,1.4008656137035467,3.1717788073330624,4.95249390855915,1.7807151012260878
392,scenario_29,flow_capacity_ratio,1.4008656137035467,176,4439.9389635413945,3081.9043501478027,2200.0,1.4008656137035467,2.663963378124837,4.159578332601713,1.495614954476876
392,scenario_29,delay_min,18.902001965526416,178,6719.55714161299,3090.787284380125,1000.0,3.090787284380125,5.039667856209742,23.94166982173616,18.902001965526416
392,scenario_29,delay_min,16.540927318955816,129,3327.5142290398862,3081.9043501478027,729.0,4.227577983741842,2.079696393149929,18.620623712105743,16.540927318955816
392,scenario_29,delay_min,2.3507576246286694,174,6978.5477473254405,3081.9043501478027,2200.0,1.4008656137035467,4.187128648395264,6.5378862730239335,2.3507576246286694
392,scenario_29,delay_min,2.175404355302553,68,8865.80644588534,3081.9043501478027,2335.0,1.3198733833609433,4.470154510530423,6.645558865832976,2.175404355302553
392,scenario_29,delay_min,2.038834627456109,61,8361.831024084971,3081.9043501478027,2333.0,1.3210048650440647,4.1809155120424855,6.219750139498594,2.038834627456109
392,scenario_29,delay_min,1.7807151012260878,175,5286.2980122217705,3081.9043501478027,2200.0,1.4008656137035467,3.1717788073330624,4.95249390855915,1.7807151012260878
392,scenario_29,delay_min,1.495614954476876,176,4439.9389635413945,3081.9043501478027,2200.0,1.4008656137035467,2.663963378124837,4.159578332601713,1.495614954476876
392,scenario_29,delay_min,1.493236132604457,98,2007.6948653871616,3090.598444467786,1536.0,2.012108362283715,1.115386036326201,2.608622168930658,1.493236132604457
392,scenario_29,delay_min,1.3586374856120051,32,4235.803391000821,3081.9043501478027,2391.0,1.288960414114514,2.9552116681401075,4.313849153752113,1.3586374856120051
392,scenario_29,delay_min,1.2575908513011047,63,5114.75070314698,3081.9043501478027,2333.0,1.3210048650440647,2.578865900746377,3.8364567520474817,1.2575908513011047
423,scenario_29,flow_capacity_ratio,4.198096014319232,129,3327.5142290398862,3060.41199443872,729.0,4.198096014319232,2.079696393149929,18.345129363046418,16.265432969896487
423,scenario_29,flow_capacity_ratio,4.198096014319232,130,225.05482885543543,3060.41199443872,729.0,4.198096014319232,0.13503289731326126,1.1911334643066604,1.0561005669933992
423,scenario_29,flow_capacity_ratio,3.0692279136602085,178,6719.55714161299,3069.2279136602087,1000.0,3.0692279136602085,5.039667856209742,23.626777373622627,18.587109517412884
423,scenario_29,flow_capacity_ratio,1.998072041552778,98,2007.6948653871616,3069.038655825067,1536.0,1.998072041552778,1.115386036326201,2.5837440400029283,1.4683580036767274
423,scenario_29,flow_capacity_ratio,1.6916830050412077,126,1897.1851262924465,3063.637922129627,1811.0,1.6916830050412077,1.073878373373083,2.0219926193421722,0.9481142459690892
423,scenario_29,flow_capacity_ratio,1.5828912370793877,128,1875.2605068342427,3061.311652511536,1934.0,1.5828912370793877,0.9783967861743875,1.71483718706956,0.7364404008951725
423,scenario_29,flow_capacity_ratio,1.4152634051887978,92,2550.193392452562,3065.460535638936,2166.0,1.4152634051887978,1.577439211826327,2.4850551341583618,0.9076159223320348
423,scenario_29,flow_capacity_ratio,1.391096361108509,174,6978.5477473254405,3060.41199443872,2200.0,1.391096361108509,4.187128648395264,6.498733665125636,2.311605016730372
423,scenario_29,flow_capacity_ratio,1.391096361108509,175,5286.2980122217705,3060.41199443872,2200.0,1.391096361108509,3.1717788073330624,4.922835538250601,1.7510567309175382
423,scenario_29,flow_capacity_ratio,1.391096361108509,176,4439.9389635413945,3060.41199443872,2200.0,1.391096361108509,2.663963378124837,4.134668394943333,1.4707050168184956
423,scenario_29,delay_min,18.587109517412884,178,6719.55714161299,3069.2279136602087,1000.0,3.0692279136602085,5.039667856209742,23.626777373622627,18.587109517412884
423,scenario_29,delay_min,16.265432969896487,129,3327.5142290398862,3060.41199443872,729.0,4.198096014319232,2.079696393149929,18.345129363046418,16.265432969896487
423,scenario_29,delay_min,2.311605016730372,174,6978.5477473254405,3060.41199443872,2200.0,1.391096361108509,4.187128648395264,6.498733665125636,2.311605016730372
423,scenario_29,delay_min,2.1391723112793573,68,8865.80644588534,3060.41199443872,2335.0,1.31066894836776,4.470154510530423,6.6093268218097805,2.1391723112793573
423,scenario_29,delay_min,2.004877195221524,61,8361.831024084971,3060.41199443872,2333.0,1.3117925394079382,4.1809155120424855,6.185792707264009,2.004877195221524
423,scenario_29,delay_min,1.7510567309175382,175,5286.2980122217705,3060.41199443872,2200.0,1.391096361108509,3.1717788073330624,4.922835538250601,1.7510567309175382
423,scenario_29,delay_min,1.4707050168184956,176,4439.9389635413945,3060.41199443872,2200.0,1.391096361108509,2.663963378124837,4.134668394943333,1.4707050168184956
423,scenario_29,delay_min,1.4683580036767274,98,2007.6948653871616,3069.038655825067,1536.0,1.998072041552778,1.115386036326201,2.5837440400029283,1.4683580036767274
423,scenario_29,delay_min,1.3360089507971922,32,4235.803391000821,3060.41199443872,2391.0,1.279971557690807,2.9552116681401075,4.2912206189373,1.3360089507971922
423,scenario_29,delay_min,1.236645279974815,63,5114.75070314698,3060.41199443872,2333.0,1.3117925394079382,2.578865900746377,3.815511180721192,1.236645279974815
464,scenario_29,flow_capacity_ratio,4.229810076071484,129,3327.5142290398862,3083.531545456112,729.0,4.229810076071484,2.079696393149929,18.641591475850362,16.56189508270043
464,scenario_29,flow_capacity_ratio,4.229810076071484,130,225.05482885543543,3083.531545456112,729.0,4.229810076071484,0.13503289731326126,1.2103824941974581,1.0753495968841968
464,scenario_29,flow_capacity_ratio,3.0923375638849513,178,6719.55714161299,3092.337563884951,1000.0,3.0923375638849513,5.039667856209742,23.96443192563969,18.924764069429948
464,scenario_29,flow_capacity_ratio,2.0131423417152576,98,2007.6948653871616,3092.186636874636,1536.0,2.0131423417152576,1.115386036326201,2.610464452464542,1.4950784161383412
464,scenario_29,flow_capacity_ratio,1.7044554495063775,126,1897.1851262924465,3086.76881905605,1811.0,1.7044554495063775,1.073878373373083,2.0392636593973874,0.9653852860243044
464,scenario_29,flow_capacity_ratio,1.5948559759827927,128,1875.2605068342427,3084.451457550721,1934.0,1.5948559759827927,0.9783967861743875,1.728267779172801,0.7498709929984134
464,scenario_29,flow_capacity_ratio,1.4612953543733458,124,1877.417300305622,1065.284313338169,729.0,1.4612953543733458,1.425886557194143,2.3118099961533214,0.8859234389591784
464,scenario_29,flow_capacity_ratio,1.425975353679312,92,2550.193392452562,3088.66261606939,2166.0,1.425975353679312,1.577439211826327,2.501629684811341,0.9241904729850139
464,scenario_29,flow_capacity_ratio,1.4016052479345964,174,6978.5477473254405,3083.531545456112,2200.0,1.4016052479345964,4.187128648395264,6.540866162212952,2.3537375138176877
464,scenario_29,flow_capacity_ratio,1.4016052479345964,175,5286.2980122217705,3083.531545456112,2200.0,1.4016052479345964,3.1717788073330624,4.954751195156148,1.7829723878230856
464,scenario_29,flow_capacity_ratio,1.4016052479345964,176,4439.9389635413945,3083.531545456112,2200.0,1.4016052479345964,2.663963378124837,4.161474217905705,1.497510839780868
464,scenario_29,delay_min,18.924764069429948,178,6719.55714161299,3092.337563884951,1000.0,3.0923375638849513,5.039667856209742,23.96443192563969,18.924764069429948
464,scenario_29,delay_min,16.56189508270043,129,3327.5142290398862,3083.531545456112,729.0,4.229810076071484,2.079696393149929,18.641591475850362,16.56189508270043
464,scenario_29,delay_min,2.3537375138176877,174,6978.5477473254405,3083.531545456112,2200.0,1.4016052479345964,4.187128648395264,6.540866162212952,2.3537375138176877
464,scenario_29,delay_min,2.1781619615534877,68,8865.80644588534,3083.531545456112,2335.0,1.320570255013324,4.470154510530423,6.648316472083911,2.1781619615534877
464,scenario_29,delay_min,2.041419113921621,61,8361.831024084971,3083.531545456112,2333.0,1.321702334100348,4.1809155120424855,6.222334625964106,2.041419113921621
464,scenario_29,delay_min,1.7829723878230856,175,5286.2980122217705,3083.531545456112,2200.0,1.4016052479345964,3.1717788073330624,4.954751195156148,1.7829723878230856
464,scenario_29,delay_min,1.497510839780868,176,4439.9389635413945,3083.531545456112,2200.0,1.4016052479345964,2.663963378124837,4.161474217905705,1.497510839780868
464,scenario_29,delay_min,1.4950784161383412,98,2007.6948653871616,3092.186636874636,1536.0,2.0131423417152576,1.115386036326201,2.610464452464542,1.4950784161383412
464,scenario_29,delay_min,1.3603597342661211,32,4235.803391000821,3083.531545456112,2391.0,1.289640964222548,2.9552116681401075,4.315571402406229,1.3603597342661211
464,scenario_29,delay_min,1.2591850102831867,63,5114.75070314698,3083.531545456112,2333.0,1.321702334100348,2.578865900746377,3.8380509110295637,1.2591850102831867
493,scenario_29,flow_capacity_ratio,4.229724037587173,129,3327.5142290398862,3083.468823401049,729.0,4.229724037587173,2.079696393149929,18.640782962918525,16.561086569768598
493,scenario_29,flow_capacity_ratio,4.229724037587173,130,225.05482885543543,3083.468823401049,729.0,4.229724037587173,0.13503289731326126,1.2103299981484863,1.075297100835225
493,scenario_29,flow_capacity_ratio,3.092248763623344,178,6719.55714161299,3092.248763623344,1000.0,3.092248763623344,5.039667856209742,23.96312767717277,18.92345982096303
493,scenario_29,flow_capacity_ratio,2.0130415108736526,98,2007.6948653871616,3092.0317607019306,1536.0,2.0130415108736526,1.115386036326201,2.610284739712171,1.4948987033859702
493,scenario_29,flow_capacity_ratio,1.704366688242973,126,1897.1851262924465,3086.6080724080243,1811.0,1.704366688242973,1.073878373373083,2.0391430075693946,0.9652646341963116
493,scenario_29,flow_capacity_ratio,1.5948103922151784,128,1875.2605068342427,3084.363298544155,1934.0,1.5948103922151784,0.9783967861743875,1.7282163419094234,0.7498195557350359
493,scenario_29,flow_capacity_ratio,1.4612953485133149,124,1877.417300305622,1065.2843090662066,729.0,1.4612953485133149,1.425886557194143,2.3118099876268503,0.8859234304327073
493,scenario_29,flow_capacity_ratio,1.4259064858410089,92,2550.193392452562,3088.513448331625,2166.0,1.4259064858410089,1.577439211826327,2.501522566805615,0.924083354979288
493,scenario_29,flow_capacity_ratio,1.4015767379095678,174,6978.5477473254405,3083.468823401049,2200.0,1.4015767379095678,4.187128648395264,6.540751258259715,2.353622609864451
493,scenario_29,flow_capacity_ratio,1.4015767379095678,175,5286.2980122217705,3083.468823401049,2200.0,1.4015767379095678,3.1717788073330624,4.954664154619695,1.7828853472866326
493,scenario_29,flow_capacity_ratio,1.4015767379095678,176,4439.9389635413945,3083.468823401049,2200.0,1.4015767379095678,2.663963378124837,4.1614011129335085,1.4974377348086714
493,scenario_29,delay_min,18.92345982096303,178,6719.55714161299,3092.248763623344,1000.0,3.092248763623344,5.039667856209742,23.96312767717277,18.92345982096303
493,scenario_29,delay_min,16.561086569768598,129,3327.5142290398862,3083.468823401049,729.0,4.229724037587173,2.079696393149929,18.640782962918525,16.561086569768598
493,scenario_29,delay_min,2.353622609864451,174,6978.5477473254405,3083.468823401049,2200.0,1.4015767379095678,4.187128648395264,6.540751258259715,2.353622609864451
493,scenario_29,delay_min,2.1780556287875354,68,8865.80644588534,3083.468823401049,2335.0,1.3205433933195072,4.470154510530423,6.648210139317959,2.1780556287875354
493,scenario_29,delay_min,2.0413194566212525,61,8361.831024084971,3083.468823401049,2333.0,1.3216754493789322,4.1809155120424855,6.222234968663738,2.0413194566212525
493,scenario_29,delay_min,1.7828853472866326,175,5286.2980122217705,3083.468823401049,2200.0,1.4015767379095678,3.1717788073330624,4.954664154619695,1.7828853472866326
493,scenario_29,delay_min,1.4974377348086714,176,4439.9389635413945,3083.468823401049,2200.0,1.4015767379095678,2.663963378124837,4.1614011129335085,1.4974377348086714
493,scenario_29,delay_min,1.4948987033859702,98,2007.6948653871616,3092.0317607019306,1536.0,2.0130415108736526,1.115386036326201,2.610284739712171,1.4948987033859702
493,scenario_29,delay_min,1.3602933246897027,32,4235.803391000821,3083.468823401049,2391.0,1.289614731660832,2.9552116681401075,4.31550499282981,1.3602933246897027
493,scenario_29,delay_min,1.259123539819854,63,5114.75070314698,3083.468823401049,2333.0,1.3216754493789322,2.578865900746377,3.837989440566231,1.259123539819854
538,scenario_29,flow_capacity_ratio,4.22326650958741,129,3327.5142290398862,3078.761285489222,729.0,4.22326650958741,2.079696393149929,18.580166575033413,16.500470181883486
538,scenario_29,flow_capacity_ratio,4.22326650958741,130,225.05482885543543,3078.761285489222,729.0,4.22326650958741,0.13503289731326126,1.2063942282410367,1.0713613309277754
538,scenario_29,flow_capacity_ratio,3.0876480107151085,178,6719.55714161299,3087.6480107151087,1000.0,3.0876480107151085,5.039667856209742,23.895626116765374,18.85595826055563
538,scenario_29,flow_capacity_ratio,2.01006148915731,98,2007.6948653871616,3087.454447345628,1536.0,2.01006148915731,1.115386036326201,2.604979078402897,1.4895930420766963
538,scenario_29,flow_capacity_ratio,1.701770935315137,126,1897.1851262924465,3081.907163855713,1811.0,1.701770935315137,1.073878373373083,2.035618529627305,0.961740156254222
538,scenario_29,flow_capacity_ratio,1.5923739739523834,128,1875.2605068342427,3079.6512656239097,1934.0,1.5923739739523834,0.9783967861743875,1.725470053115263,0.7470732669408754
538,scenario_29,flow_capacity_ratio,1.4612953440889753,124,1877.417300305622,1065.284305840863,729.0,1.4612953440889753,1.425886557194143,2.3118099811893407,0.8859234239951976
538,scenario_29,flow_capacity_ratio,1.4237241435881227,92,2550.193392452562,3083.7864950118737,2166.0,1.4237241435881227,1.577439211826327,2.4981318714453913,0.9206926596190643
538,scenario_29,flow_capacity_ratio,1.3994369479496462,174,6978.5477473254405,3078.761285489222,2200.0,1.3994369479496462,4.187128648395264,6.532136600009263,2.345007951613999
538,scenario_29,flow_capacity_ratio,1.3994369479496462,175,5286.2980122217705,3078.761285489222,2200.0,1.3994369479496462,3.1717788073330624,4.9481384916258735,1.776359684292811
538,scenario_29,flow_capacity_ratio,1.3994369479496462,176,4439.9389635413945,3078.761285489222,2200.0,1.3994369479496462,2.663963378124837,4.155920236652561,1.4919568585277236
538,scenario_29,delay_min,18.85595826055563,178,6719.55714161299,3087.6480107151087,1000.0,3.0876480107151085,5.039667856209742,23.895626116765374,18.85595826055563
538,scenario_29,delay_min,16.500470181883486,129,3327.5142290398862,3078.761285489222,729.0,4.22326650958741,2.079696393149929,18.580166575033413,16.500470181883486
538,scenario_29,delay_min,2.345007951613999,174,6978.5477473254405,3078.761285489222,2200.0,1.3994369479496462,4.187128648395264,6.532136600009263,2.345007951613999
538,scenario_29,delay_min,2.170083575488148,68,8865.80644588534,3078.761285489222,2335.0,1.318527317126005,4.470154510530423,6.640238086018571,2.170083575488148
538,scenario_29,delay_min,2.033847880921271,61,8361.831024084971,3078.761285489222,2333.0,1.3196576448732198,4.1809155120424855,6.214763392963756,2.033847880921271
538,scenario_29,delay_min,1.776359684292811,175,5286.2980122217705,3078.761285489222,2200.0,1.3994369479496462,3.1717788073330624,4.9481384916258735,1.776359684292811
538,scenario_29,delay_min,1.4919568585277236,176,4439.9389635413945,3078.761285489222,2200.0,1.3994369479496462,2.663963378124837,4.155920236652561,1.4919568585277236
538,scenario_29,delay_min,1.4895930420766963,98,2007.6948653871616,3087.454447345628,1536.0,2.01006148915731,1.115386036326201,2.604979078402897,1.4895930420766963
538,scenario_29,delay_min,1.3553144202283591,32,4235.803391000821,3078.761285489222,2391.0,1.2876458743158603,2.9552116681401075,4.310526088368467,1.3553144202283591
538,scenario_29,delay_min,1.254514933943455,63,5114.75070314698,3078.761285489222,2333.0,1.3196576448732198,2.578865900746377,3.833380834689832,1.254514933943455
540,scenario_29,flow_capacity_ratio,4.214111671210118,129,3327.5142290398862,3072.0874083121757,729.0,4.214111671210118,2.079696393149929,18.49445283489739,16.414756441747464
540,scenario_29,flow_capacity_ratio,4.214111671210118,130,225.05482885543543,3072.0874083121757,729.0,4.214111671210118,0.13503289731326126,1.200828908847184,1.0657960115339227
540,scenario_29,flow_capacity_ratio,3.080920061932828,178,6719.55714161299,3080.920061932828,1000.0,3.080920061932828,5.039667856209742,23.79716789165553,18.757500035445787
540,scenario_29,flow_capacity_ratio,2.0058182022349147,98,2007.6948653871616,3080.936758632829,1536.0,2.0058182022349147,1.115386036326201,2.5974432695343825,1.4820572332081816
540,scenario_29,flow_capacity_ratio,1.6980910856529357,126,1897.1851262924465,3075.2429561174663,1811.0,1.6980910856529357,1.073878373373083,2.0306349628103324,0.9567565894372494
540,scenario_29,flow_capacity_ratio,1.5889230467126905,128,1875.2605068342427,3072.9771723423432,1934.0,1.5889230467126905,0.9783967861743875,1.7215902826694975,0.74319349649511
540,scenario_29,flow_capacity_ratio,1.4612954371014442,124,1877.417300305622,1065.2843736469529,729.0,1.4612954371014442,1.425886557194143,2.311810116524493,0.88592355933035
540,scenario_29,flow_capacity_ratio,1.4206526972732543,92,2550.193392452562,3077.1337422938686,2166.0,1.4206526972732543,1.577439211826327,2.493372091747382,0.9159328799210551
540,scenario_29,flow_capacity_ratio,1.3964033674146252,174,6978.5477473254405,3072.0874083121757,2200.0,1.3964033674146252,4.187128648395264,6.51995516517947,2.3328265167842055
540,scenario_29,flow_capacity_ratio,1.3964033674146252,175,5286.2980122217705,3072.0874083121757,2200.0,1.3964033674146252,3.1717788073330624,4.93891097079227,1.7671321634592072
540,scenario_29,flow_capacity_ratio,1.3964033674146252,176,4439.9389635413945,3072.0874083121757,2200.0,1.3964033674146252,2.663963378124837,4.148170081592955,1.484206703468118
540,scenario_29,delay_min,18.757500035445787,178,6719.55714161299,3080.920061932828,1000.0,3.080920061932828,5.039667856209742,23.79716789165553,18.757500035445787
540,scenario_29,delay_min,16.414756441747464,129,3327.5142290398862,3072.0874083121757,729.0,4.214111671210118,2.079696393149929,18.49445283489739,16.414756441747464
540,scenario_29,delay_min,2.3328265167842055,174,6978.5477473254405,3072.0874083121757,2200.0,1.3964033674146252,4.187128648395264,6.51995516517947,2.3328265167842055
540,scenario_29,delay_min,2.1588108070389778,68,8865.80644588534,3072.0874083121757,2335.0,1.3156691256154929,4.470154510530423,6.628965317569401,2.1588108070389778
540,scenario_29,delay_min,2.0232828056949375,61,8361.831024084971,3072.0874083121757,2333.0,1.3167970031342373,4.1809155120424855,6.204198317737423,2.0232828056949375
540,scenario_29,delay_min,1.7671321634592072,175,5286.2980122217705,3072.0874083121757,2200.0,1.3964033674146252,3.1717788073330624,4.93891097079227,1.7671321634592072
540,scenario_29,delay_min,1.484206703468118,176,4439.9389635413945,3072.0874083121757,2200.0,1.3964033674146252,2.663963378124837,4.148170081592955,1.484206703468118
540,scenario_29,delay_min,1.4820572332081816,98,2007.6948653871616,3080.936758632829,1536.0,2.0058182022349147,1.115386036326201,2.5974432695343825,1.4820572332081816
540,scenario_29,delay_min,1.3482740712723884,32,4235.803391000821,3072.0874083121757,2391.0,1.2848546249737247,2.9552116681401075,4.303485739412496,1.3482740712723884
540,scenario_29,delay_min,1.2479982004286216,63,5114.75070314698,3072.0874083121757,2333.0,1.3167970031342373,2.578865900746377,3.8268641011749986,1.2479982004286216
550,scenario_29,flow_capacity_ratio,4.22335136308306,129,3327.5142290398862,3078.8231436875503,729.0,4.22335136308306,2.079696393149929,18.580962248579542,16.501265855429615
550,scenario_29,flow_capacity_ratio,4.22335136308306,130,225.05482885543543,3078.8231436875503,729.0,4.22335136308306,0.13503289731326126,1.2064458906397422,1.0714129933264809
550,scenario_29,flow_capacity_ratio,3.0878055506234143,178,6719.55714161299,3087.8055506234145,1000.0,3.0878055506234143,5.039667856209742,23.89793519242844,18.8582673362187
550,scenario_29,flow_capacity_ratio,2.010155959318676,98,2007.6948653871616,3087.5995535134866,1536.0,2.010155959318676,1.115386036326201,2.605147105172784,1.489761068846583
550,scenario_29,flow_capacity_ratio,1.7018041490256874,126,1897.1851262924465,3081.96731388552,1811.0,1.7018041490256874,1.073878373373083,2.035663579256372,0.9617852058832892
550,scenario_29,flow_capacity_ratio,1.5924070236265426,128,1875.2605068342427,3079.7151836937333,1934.0,1.5924070236265426,0.9783967861743875,1.7255072668158125,0.7471104806414249
550,scenario_29,flow_capacity_ratio,1.461321519566324,124,1877.417300305622,1065.3033877638502,729.0,1.461321519566324,1.425886557194143,2.311848067550534,0.8859615103563909
550,scenario_29,flow_capacity_ratio,1.4237544646307148,92,2550.193392452562,3083.8521703901283,2166.0,1.4237544646307148,1.577439211826327,2.498178931310432,0.9207397194841052
550,scenario_29,flow_capacity_ratio,1.399465065312523,174,6978.5477473254405,3078.8231436875503,2200.0,1.399465065312523,4.187128648395264,6.532249679259247,2.345121030863983
550,scenario_29,flow_capacity_ratio,1.399465065312523,175,5286.2980122217705,3078.8231436875503,2200.0,1.399465065312523,3.1717788073330624,4.9482241499370385,1.7764453426039761
550,scenario_29,flow_capacity_ratio,1.399465065312523,176,4439.9389635413945,3078.8231436875503,2200.0,1.399465065312523,2.663963378124837,4.155992180699682,1.4920288025748452
550,scenario_29,delay_min,18.8582673362187,178,6719.55714161299,3087.8055506234145,1000.0,3.0878055506234143,5.039667856209742,23.89793519242844,18.8582673362187
550,scenario_29,delay_min,16.501265855429615,129,3327.5142290398862,3078.8231436875503,729.0,4.22335136308306,2.079696393149929,18.580962248579542,16.501265855429615
550,scenario_29,delay_min,2.345121030863983,174,6978.5477473254405,3078.8231436875503,2200.0,1.399465065312523,4.187128648395264,6.532249679259247,2.345121030863983
550,scenario_29,delay_min,2.1701882196634283,68,8865.80644588534,3078.8231436875503,2335.0,1.3185538088597646,4.470154510530423,6.640342730193852,2.1701882196634283
550,scenario_29,delay_min,2.0339459556390125,61,8361.831024084971,3078.8231436875503,2333.0,1.319684159317424,4.1809155120424855,6.214861467681498,2.0339459556390125
550,scenario_29,delay_min,1.7764453426039761,175,5286.2980122217705,3078.8231436875503,2200.0,1.399465065312523,3.1717788073330624,4.9482241499370385,1.7764453426039761
550,scenario_29,delay_min,1.4920288025748452,176,4439.9389635413945,3078.8231436875503,2200.0,1.399465065312523,2.663963378124837,4.155992180699682,1.4920288025748452
550,scenario_29,delay_min,1.489761068846583,98,2007.6948653871616,3087.5995535134866,1536.0,2.010155959318676,1.115386036326201,2.605147105172784,1.489761068846583
550,scenario_29,delay_min,1.3553797752042462,32,4235.803391000821,3078.8231436875503,2391.0,1.2876717455824134,2.9552116681401075,4.310591443344354,1.3553797752042462
550,scenario_29,delay_min,1.2545754282405963,63,5114.75070314698,3078.8231436875503,2333.0,1.319684159317424,2.578865900746377,3.8334413289869733,1.2545754282405963
557,scenario_29,flow_capacity_ratio,3.924985291697998,129,3327.5142290398862,2861.3142776478408,729.0,3.924985291697998,2.079696393149929,15.920178812090345,13.840482418940416
557,scenario_29,flow_capacity_ratio,3.924985291697998,130,225.05482885543543,2861.3142776478408,729.0,3.924985291697998,0.13503289731326126,1.033683511604174,0.8986506142909128
557,scenario_29,flow_capacity_ratio,2.8697335165309084,178,6719.55714161299,2869.733516530908,1000.0,2.8697335165309084,5.039667856209742,20.858036466332734,15.818368610122992
557,scenario_29,flow_capacity_ratio,1.868249814685411,98,2007.6948653871616,2869.631715356791,1536.0,1.868249814685411,1.115386036326201,2.365095580834484,1.2497095445082829
557,scenario_29,flow_capacity_ratio,1.5817091246039416,126,1897.1851262924465,2864.475224657738,1811.0,1.5817091246039416,1.073878373373083,1.880739872798713,0.80686149942563
557,scenario_29,flow_capacity_ratio,1.4799415164661072,128,1875.2605068342427,2862.2068928454514,1934.0,1.4799415164661072,0.9783967861743875,1.605071187171515,0.6266744009971276
557,scenario_29,flow_capacity_ratio,1.3232948289059976,92,2550.193392452562,2866.2565994103907,2166.0,1.3232948289059976,1.577439211826327,2.3498859042383593,0.7724466924120323
557,scenario_29,flow_capacity_ratio,1.3005973989308368,174,6978.5477473254405,2861.3142776478408,2200.0,1.3005973989308368,4.187128648395264,6.154105405349973,1.9669767569547085
557,scenario_29,flow_capacity_ratio,1.3005973989308368,175,5286.2980122217705,2861.3142776478408,2200.0,1.3005973989308368,3.1717788073330624,4.6617772564174285,1.489998449084366
557,scenario_29,flow_capacity_ratio,1.3005973989308368,176,4439.9389635413945,2861.3142776478408,2200.0,1.3005973989308368,2.663963378124837,3.915406666870775,1.251443288745938
557,scenario_29,delay_min,15.818368610122992,178,6719.55714161299,2869.733516530908,1000.0,2.8697335165309084,5.039667856209742,20.858036466332734,15.818368610122992
557,scenario_29,delay_min,13.840482418940416,129,3327.5142290398862,2861.3142776478408,729.0,3.924985291697998,2.079696393149929,15.920178812090345,13.840482418940416
557,scenario_29,delay_min,1.9669767569547085,174,6978.5477473254405,2861.3142776478408,2200.0,1.3005973989308368,4.187128648395264,6.154105405349973,1.9669767569547085
557,scenario_29,delay_min,1.8202513772699458,68,8865.80644588534,2861.3142776478408,2335.0,1.2254022602346213,4.470154510530423,6.290405887800369,1.8202513772699458
557,scenario_29,delay_min,1.7059778011414766,61,8361.831024084971,2861.3142776478408,2333.0,1.2264527550998032,4.1809155120424855,5.886893313183962,1.7059778011414766
557,scenario_29,delay_min,1.489998449084366,175,5286.2980122217705,2861.3142776478408,2200.0,1.3005973989308368,3.1717788073330624,4.6617772564174285,1.489998449084366
557,scenario_29,delay_min,1.251443288745938,176,4439.9389635413945,2861.3142776478408,2200.0,1.3005973989308368,2.663963378124837,3.915406666870775,1.251443288745938
557,scenario_29,delay_min,1.2497095445082829,98,2007.6948653871616,2869.631715356791,1536.0,1.868249814685411,1.115386036326201,2.365095580834484,1.2497095445082829
557,scenario_29,delay_min,1.136828538734758,32,4235.803391000821,2861.3142776478408,2391.0,1.1967019145327649,2.9552116681401075,4.092040206874866,1.136828538734758
557,scenario_29,delay_min,1.0522786136486104,63,5114.75070314698,2861.3142776478408,2333.0,1.2264527550998032,2.578865900746377,3.6311445143949874,1.0522786136486104
569,scenario_29,flow_capacity_ratio,4.21960699645929,129,3327.5142290398862,3076.0935004188223,729.0,4.21960699645929,2.079696393149929,18.545872514683865,16.466176121533934
569,scenario_29,flow_capacity_ratio,4.21960699645929,130,225.05482885543543,3076.0935004188223,729.0,4.21960699645929,0.13503289731326126,1.2041675444111815,1.0691346470979202
569,scenario_29,flow_capacity_ratio,3.0849398416041036,178,6719.55714161299,3084.9398416041035,1000.0,3.0849398416041036,5.039667856209742,23.855958039443514,18.81629018323377
569,scenario_29,flow_capacity_ratio,2.008437814011809,98,2007.6948653871616,3084.9604823221384,1536.0,2.008437814011809,1.115386036326201,2.6020929007127847,1.4867068643865837
569,scenario_29,flow_capacity_ratio,1.7003033687495748,126,1897.1851262924465,3079.24940080548,1811.0,1.7003033687495748,1.073878373373083,2.0336292149728736,0.9597508415997906
569,scenario_29,flow_capacity_ratio,1.5909942796881416,128,1875.2605068342427,3076.9829369168656,1934.0,1.5909942796881416,0.9783967861743875,1.7239174917539248,0.7455207055795373
569,scenario_29,flow_capacity_ratio,1.461295435332785,124,1877.417300305622,1065.2843723576002,729.0,1.461295435332785,1.425886557194143,2.3118101139510556,0.8859235567569126
569,scenario_29,flow_capacity_ratio,1.4225004419517941,92,2550.193392452562,3081.135957267586,2166.0,1.4225004419517941,1.577439211826327,2.4962337925118794,0.9187945806855524
569,scenario_29,flow_capacity_ratio,1.3982243183721919,174,6978.5477473254405,3076.0935004188223,2200.0,1.3982243183721919,4.187128648395264,6.527262808939896,2.3401341605446317
569,scenario_29,flow_capacity_ratio,1.3982243183721919,175,5286.2980122217705,3076.0935004188223,2200.0,1.3982243183721919,3.1717788073330624,4.944446561302426,1.7726677539693636
569,scenario_29,flow_capacity_ratio,1.3982243183721919,176,4439.9389635413945,3076.0935004188223,2200.0,1.3982243183721919,2.663963378124837,4.152819400253278,1.4888560221284406
569,scenario_29,delay_min,18.81629018323377,178,6719.55714161299,3084.9398416041035,1000.0,3.0849398416041036,5.039667856209742,23.855958039443514,18.81629018323377
569,scenario_29,delay_min,16.466176121533934,129,3327.5142290398862,3076.0935004188223,729.0,4.21960699645929,2.079696393149929,18.545872514683865,16.466176121533934
569,scenario_29,delay_min,2.3401341605446317,174,6978.5477473254405,3076.0935004188223,2200.0,1.3982243183721919,4.187128648395264,6.527262808939896,2.3401341605446317
569,scenario_29,delay_min,2.1655733417626246,68,8865.80644588534,3076.0935004188223,2335.0,1.317384796753243,4.470154510530423,6.635727852293048,2.1655733417626246
569,scenario_29,delay_min,2.0296207951957568,61,8361.831024084971,3076.0935004188223,2333.0,1.3185141450573605,4.1809155120424855,6.210536307238242,2.0296207951957568
569,scenario_29,delay_min,1.7726677539693636,175,5286.2980122217705,3076.0935004188223,2200.0,1.3982243183721919,3.1717788073330624,4.944446561302426,1.7726677539693636
569,scenario_29,delay_min,1.4888560221284406,176,4439.9389635413945,3076.0935004188223,2200.0,1.3982243183721919,2.663963378124837,4.152819400253278,1.4888560221284406
569,scenario_29,delay_min,1.4867068643865837,98,2007.6948653871616,3084.9604823221384,1536.0,2.008437814011809,1.115386036326201,2.6020929007127847,1.4867068643865837
569,scenario_29,delay_min,1.3524975771925196,32,4235.803391000821,3076.0935004188223,2391.0,1.286530113098629,2.9552116681401075,4.307709245332627,1.3524975771925196
569,scenario_29,delay_min,1.2519075894023697,63,5114.75070314698,3076.0935004188223,2333.0,1.3185141450573605,2.578865900746377,3.8307734901487467,1.2519075894023697
627,scenario_29,flow_capacity_ratio,4.22992260992428,129,3327.5142290398862,3083.6135826348,729.0,4.22992260992428,2.079696393149929,18.64264900337417,16.562952610224244
627,scenario_29,flow_capacity_ratio,4.22992260992428,130,225.05482885543543,3083.6135826348,729.0,4.22992260992428,0.13503289731326126,1.2104511585496198,1.0754182612363585
627,scenario_29,flow_capacity_ratio,3.092386370924306,178,6719.55714161299,3092.386370924306,1000.0,3.092386370924306,5.039667856209742,23.965148798405743,18.925480942196
627,scenario_29,flow_capacity_ratio,2.0131458895664385,98,2007.6948653871616,3092.1920863740493,1536.0,2.0131458895664385,1.115386036326201,2.6104707760975905,1.4950847397713896
627,scenario_29,flow_capacity_ratio,1.7044721410273502,126,1897.1851262924465,3086.7990474005314,1811.0,1.7044721410273502,1.073878373373083,2.039286348909226,0.9654079755361431
627,scenario_29,flow_capacity_ratio,1.594885980287489,128,1875.2605068342427,3084.509485876004,1934.0,1.594885980287489,0.9783967861743875,1.7283016375089448,0.7499048513345573
627,scenario_29,flow_capacity_ratio,1.4612953472436419,124,1877.417300305622,1065.284308140615,729.0,1.4612953472436419,1.425886557194143,2.3118099857794485,0.8859234285853055
627,scenario_29,flow_capacity_ratio,1.425982708773555,92,2550.193392452562,3088.6785472035203,2166.0,1.425982708773555,1.577439211826327,2.501641125456599,0.9242019136302722
627,scenario_29,flow_capacity_ratio,1.4016425375612727,174,6978.5477473254405,3083.6135826348,2200.0,1.4016425375612727,4.187128648395264,6.541016455533386,2.353887807138122
627,scenario_29,flow_capacity_ratio,1.4016425375612727,175,5286.2980122217705,3083.6135826348,2200.0,1.4016425375612727,3.1717788073330624,4.954865043382144,1.7830862360490816
627,scenario_29,flow_capacity_ratio,1.4016425375612727,176,4439.9389635413945,3083.6135826348,2200.0,1.4016425375612727,2.663963378124837,4.161569838541046,1.4976064604162085
627,scenario_29,delay_min,18.925480942196,178,6719.55714161299,3092.386370924306,1000.0,3.092386370924306,5.039667856209742,23.965148798405743,18.925480942196
627,scenario_29,delay_min,16.562952610224244,129,3327.5142290398862,3083.6135826348,729.0,4.22992260992428,2.079696393149929,18.64264900337417,16.562952610224244
627,scenario_29,delay_min,2.353887807138122,174,6978.5477473254405,3083.6135826348,2200.0,1.4016425375612727,4.187128648395264,6.541016455533386,2.353887807138122
627,scenario_29,delay_min,2.1783010438393093,68,8865.80644588534,3083.6135826348,2335.0,1.3206053887086937,4.470154510530423,6.648455554369733,2.1783010438393093
627,scenario_29,delay_min,2.0415494647594814,61,8361.831024084971,3083.6135826348,2333.0,1.3217374979146164,4.1809155120424855,6.222464976801967,2.0415494647594814
627,scenario_29,delay_min,1.7830862360490816,175,5286.2980122217705,3083.6135826348,2200.0,1.4016425375612727,3.1717788073330624,4.954865043382144,1.7830862360490816
627,scenario_29,delay_min,1.4976064604162085,176,4439.9389635413945,3083.6135826348,2200.0,1.4016425375612727,2.663963378124837,4.161569838541046,1.4976064604162085
627,scenario_29,delay_min,1.4950847397713896,98,2007.6948653871616,3092.1920863740493,1536.0,2.0131458895664385,1.115386036326201,2.6104707760975905,1.4950847397713896
627,scenario_29,delay_min,1.3604465973849886,32,4235.803391000821,3083.6135826348,2391.0,1.2896752750459222,2.9552116681401075,4.315658265525096,1.3604465973849886
627,scenario_29,delay_min,1.2592654130872916,63,5114.75070314698,3083.6135826348,2333.0,1.3217374979146164,2.578865900746377,3.8381313138336686,1.2592654130872916
669,scenario_29,flow_capacity_ratio,4.1953395913356735,129,3327.5142290398862,3058.402562083706,729.0,4.1953395913356735,2.079696393149929,18.319509858308454,16.239813465158527
669,scenario_29,flow_capacity_ratio,4.1953395913356735,130,225.05482885543543,3058.402562083706,729.0,4.1953395913356735,0.13503289731326126,1.1894700119085637,1.0544371145953024
669,scenario_29,flow_capacity_ratio,3.0672110573762206,178,6719.55714161299,3067.2110573762207,1000.0,3.0672110573762206,5.039667856209742,23.59747727275953,18.557809416549787
669,scenario_29,flow_capacity_ratio,1.9967491594197961,98,2007.6948653871616,3067.006708868807,1536.0,1.9967491594197961,1.115386036326201,2.581411914600741,1.4660258782745401
669,scenario_29,flow_capacity_ratio,1.690527432957989,126,1897.1851262924465,3061.545181086918,1811.0,1.690527432957989,1.073878373373083,2.020439008388253,0.9465606350151698
669,scenario_29,flow_capacity_ratio,1.5818461364474616,128,1875.2605068342427,3059.2904278893907,1934.0,1.5818461364474616,0.9783967861743875,1.713670766593735,0.7352739804193474
669,scenario_29,flow_capacity_ratio,1.4612953429753266,124,1877.417300305622,1065.284305029013,729.0,1.4612953429753266,1.425886557194143,2.3118099795689577,0.8859234223748147
669,scenario_29,flow_capacity_ratio,1.41432763921962,92,2550.193392452562,3063.433666549697,2166.0,1.41432763921962,1.577439211826327,2.483615532687897,0.9061763208615699
669,scenario_29,flow_capacity_ratio,1.390182982765321,174,6978.5477473254405,3058.402562083706,2200.0,1.390182982765321,4.187128648395264,6.495092681464886,2.307964033069622
669,scenario_29,flow_capacity_ratio,1.390182982765321,175,5286.2980122217705,3058.402562083706,2200.0,1.390182982765321,3.1717788073330624,4.920077468035243,1.7482986607021802
669,scenario_29,flow_capacity_ratio,1.390182982765321,176,4439.9389635413945,3058.402562083706,2200.0,1.390182982765321,2.663963378124837,4.132351903632203,1.4683885255073656
669,scenario_29,delay_min,18.557809416549787,178,6719.55714161299,3067.2110573762207,1000.0,3.0672110573762206,5.039667856209742,23.59747727275953,18.557809416549787
669,scenario_29,delay_min,16.239813465158527,129,3327.5142290398862,3058.402562083706,729.0,4.1953395913356735,2.079696393149929,18.319509858308454,16.239813465158527
669,scenario_29,delay_min,2.307964033069622,174,6978.5477473254405,3058.402562083706,2200.0,1.390182982765321,4.187128648395264,6.495092681464886,2.307964033069622
669,scenario_29,delay_min,2.1358029244781838,68,8865.80644588534,3058.402562083706,2335.0,1.3098083777660412,4.470154510530423,6.605957435008607,2.1358029244781838
669,scenario_29,delay_min,2.00171933518195,61,8361.831024084971,3058.402562083706,2333.0,1.3109312310688839,4.1809155120424855,6.182634847224436,2.00171933518195
669,scenario_29,delay_min,1.7482986607021802,175,5286.2980122217705,3058.402562083706,2200.0,1.390182982765321,3.1717788073330624,4.920077468035243,1.7482986607021802
669,scenario_29,delay_min,1.4683885255073656,176,4439.9389635413945,3058.402562083706,2200.0,1.390182982765321,2.663963378124837,4.132351903632203,1.4683885255073656
669,scenario_29,delay_min,1.4660258782745401,98,2007.6948653871616,3067.006708868807,1536.0,1.9967491594197961,1.115386036326201,2.581411914600741,1.4660258782745401
669,scenario_29,delay_min,1.333904617779543,32,4235.803391000821,3058.402562083706,2391.0,1.2791311426531602,2.9552116681401075,4.2891162859196506,1.333904617779543
669,scenario_29,delay_min,1.2346974535832196,63,5114.75070314698,3058.402562083706,2333.0,1.3109312310688839,2.578865900746377,3.8135633543295966,1.2346974535832196
673,scenario_29,flow_capacity_ratio,4.2155507483958345,129,3327.5142290398862,3073.1364955805634,729.0,4.2155507483958345,2.079696393149929,18.507909193135845,16.428212799985914
673,scenario_29,flow_capacity_ratio,4.2155507483958345,130,225.05482885543543,3073.1364955805634,729.0,4.2155507483958345,0.13503289731326126,1.201702618608959,1.0666697212956977
673,scenario_29,flow_capacity_ratio,3.0818985379262167,178,6719.55714161299,3081.8985379262167,1000.0,3.0818985379262167,5.039667856209742,23.81146843325385,18.771800577044107
673,scenario_29,flow_capacity_ratio,2.0063191948602146,98,2007.6948653871616,3081.7062833052896,1536.0,2.0063191948602146,1.115386036326201,2.5983318400722695,1.4829458037460685
673,scenario_29,flow_capacity_ratio,1.6987049848714157,126,1897.1851262924465,3076.354727602134,1811.0,1.6987049848714157,1.073878373373083,2.0314653080472316,0.9575869346741486
673,scenario_29,flow_capacity_ratio,1.5894625941939544,128,1875.2605068342427,3074.020657171108,1934.0,1.5894625941939544,0.9783967861743875,1.722196102061256,0.7437993158868684
673,scenario_29,flow_capacity_ratio,1.4211581283897396,92,2550.193392452562,3078.228506092176,2166.0,1.4211581283897396,1.577439211826327,2.4941543625040774,0.9167151506777504
673,scenario_29,flow_capacity_ratio,1.3968802252638925,174,6978.5477473254405,3073.1364955805634,2200.0,1.3968802252638925,4.187128648395264,6.521867551112788,2.3347389027175236
673,scenario_29,flow_capacity_ratio,1.3968802252638925,175,5286.2980122217705,3073.1364955805634,2200.0,1.3968802252638925,3.1717788073330624,4.940359616316229,1.7685808089831667
673,scenario_29,flow_capacity_ratio,1.3968802252638925,176,4439.9389635413945,3073.1364955805634,2200.0,1.3968802252638925,2.663963378124837,4.149386792737752,1.4854234146129146
673,scenario_29,delay_min,18.771800577044107,178,6719.55714161299,3081.8985379262167,1000.0,3.0818985379262167,5.039667856209742,23.81146843325385,18.771800577044107
673,scenario_29,delay_min,16.428212799985914,129,3327.5142290398862,3073.1364955805634,729.0,4.2155507483958345,2.079696393149929,18.507909193135845,16.428212799985914
673,scenario_29,delay_min,2.3347389027175236,174,6978.5477473254405,3073.1364955805634,2200.0,1.3968802252638925,4.187128648395264,6.521867551112788,2.3347389027175236
673,scenario_29,delay_min,2.160580539760364,68,8865.80644588534,3073.1364955805634,2335.0,1.3161184135248665,4.470154510530423,6.630735050290787,2.160580539760364
673,scenario_29,delay_min,2.024941436351307,61,8361.831024084971,3073.1364955805634,2333.0,1.317246676202556,4.1809155120424855,6.205856948393793,2.024941436351307
673,scenario_29,delay_min,1.7685808089831667,175,5286.2980122217705,3073.1364955805634,2200.0,1.3968802252638925,3.1717788073330624,4.940359616316229,1.7685808089831667
673,scenario_29,delay_min,1.4854234146129146,176,4439.9389635413945,3073.1364955805634,2200.0,1.3968802252638925,2.663963378124837,4.149386792737752,1.4854234146129146
673,scenario_29,delay_min,1.4829458037460685,98,2007.6948653871616,3081.7062833052896,1536.0,2.0063191948602146,1.115386036326201,2.5983318400722695,1.4829458037460685
673,scenario_29,delay_min,1.3493793486471115,32,4235.803391000821,3073.1364955805634,2391.0,1.2852933900378767,2.9552116681401075,4.304591016787219,1.3493793486471115
673,scenario_29,delay_min,1.249021274448971,63,5114.75070314698,3073.1364955805634,2333.0,1.317246676202556,2.578865900746377,3.827887175195348,1.249021274448971
694,scenario_29,flow_capacity_ratio,4.2171843002202,129,3327.5142290398862,3074.327354860526,729.0,4.2171843002202,2.079696393149929,18.523191817935647,16.443495424785716
694,scenario_29,flow_capacity_ratio,4.2171843002202,130,225.05482885543543,3074.327354860526,729.0,4.2171843002202,0.13503289731326126,1.2026949062871346,1.0676620089738733
694,scenario_29,flow_capacity_ratio,3.0829982217851284,178,6719.55714161299,3082.9982217851284,1000.0,3.0829982217851284,5.039667856209742,23.827548030051883,18.78788017384214
694,scenario_29,flow_capacity_ratio,2.0070358409866094,98,2007.6948653871616,3082.807051755432,1536.0,2.0070358409866094,1.115386036326201,2.5996034380591007,1.4842174017328997
694,scenario_29,flow_capacity_ratio,1.6993553141461144,126,1897.1851262924465,3077.532473918613,1811.0,1.6993553141461144,1.073878373373083,2.032345386062434,0.9584670126893509
694,scenario_29,flow_capacity_ratio,1.5900797609733843,128,1875.2605068342427,3075.2142577225254,1934.0,1.5900797609733843,0.9783967861743875,1.7228894277264324,0.7444926415520449
694,scenario_29,flow_capacity_ratio,1.4221167344716057,92,2550.193392452562,3080.304846865498,2166.0,1.4221167344716057,1.577439211826327,2.495639095831292,0.918199884004965
694,scenario_29,flow_capacity_ratio,1.3974215249366029,174,6978.5477473254405,3074.327354860526,2200.0,1.3974215249366029,4.187128648395264,6.5240394817476135,2.3369108333523494
694,scenario_29,flow_capacity_ratio,1.3974215249366029,175,5286.2980122217705,3074.327354860526,2200.0,1.3974215249366029,3.1717788073330624,4.942004868740269,1.7702260614072065
694,scenario_29,flow_capacity_ratio,1.3974215249366029,176,4439.9389635413945,3074.327354860526,2200.0,1.3974215249366029,2.663963378124837,4.150768633172299,1.4868052550474617
694,scenario_29,delay_min,18.78788017384214,178,6719.55714161299,3082.9982217851284,1000.0,3.0829982217851284,5.039667856209742,23.827548030051883,18.78788017384214
694,scenario_29,delay_min,16.443495424785716,129,3327.5142290398862,3074.327354860526,729.0,4.2171843002202,2.079696393149929,18.523191817935647,16.443495424785716
694,scenario_29,delay_min,2.3369108333523494,174,6978.5477473254405,3074.327354860526,2200.0,1.3974215249366029,4.187128648395264,6.5240394817476135,2.3369108333523494
694,scenario_29,delay_min,2.1625904566113903,68,8865.80644588534,3074.327354860526,2335.0,1.3166284174991547,4.470154510530423,6.6327449671418135,2.1625904566113903
694,scenario_29,delay_min,2.0268251726158724,61,8361.831024084971,3074.327354860526,2333.0,1.3177571173855662,4.1809155120424855,6.207740684658358,2.0268251726158724
694,scenario_29,delay_min,1.7702260614072065,175,5286.2980122217705,3074.327354860526,2200.0,1.3974215249366029,3.1717788073330624,4.942004868740269,1.7702260614072065
694,scenario_29,delay_min,1.4868052550474617,176,4439.9389635413945,3074.327354860526,2200.0,1.3974215249366029,2.663963378124837,4.150768633172299,1.4868052550474617
694,scenario_29,delay_min,1.4842174017328997,98,2007.6948653871616,3082.807051755432,1536.0,2.0070358409866094,1.115386036326201,2.5996034380591007,1.4842174017328997
694,scenario_29,delay_min,1.3506346317718836,32,4235.803391000821,3074.327354860526,2391.0,1.2857914491261089,2.9552116681401075,4.305846299911991,1.3506346317718836
694,scenario_29,delay_min,1.2501831977656925,63,5114.75070314698,3074.327354860526,2333.0,1.3177571173855662,2.578865900746377,3.8290490985120695,1.2501831977656925
761,scenario_29,flow_capacity_ratio,4.210366668061415,129,3327.5142290398862,3069.3573010167715,729.0,4.210366668061415,2.079696393149929,18.459464633684476,16.379768240534545
761,scenario_29,flow_capacity_ratio,4.210366668061415,130,225.05482885543543,3069.3573010167715,729.0,4.210366668061415,0.13503289731326126,1.19855715504835,1.0635242577350887
761,scenario_29,flow_capacity_ratio,3.078103039918531,178,6719.55714161299,3078.103039918531,1000.0,3.078103039918531,5.039667856209742,23.756032277380502,18.71636442117076
761,scenario_29,flow_capacity_ratio,2.00385155363368,98,2007.6948653871616,3077.9159863813325,1536.0,2.00385155363368,1.115386036326201,2.5939581852664615,1.4785721489402606
761,scenario_29,flow_capacity_ratio,1.696606884111215,126,1897.1851262924465,3072.5550671254105,1811.0,1.696606884111215,1.073878373373083,2.028629203412265,0.9547508300391818
761,scenario_29,flow_capacity_ratio,1.5875042628881706,128,1875.2605068342427,3070.2332444257218,1934.0,1.5875042628881706,0.9783967861743875,1.7199986054513619,0.7416018192769743
761,scenario_29,flow_capacity_ratio,1.4293039483909522,124,1877.417300305622,1041.962578377004,729.0,1.4293039483909522,1.425886557194143,2.265973060679926,0.8400865034857832
761,scenario_29,flow_capacity_ratio,1.4194067181454275,92,2550.193392452562,3074.434951502996,2166.0,1.4194067181454275,1.577439211826327,2.491445316493617,0.9140061046672898
761,scenario_29,flow_capacity_ratio,1.395162409553078,174,6978.5477473254405,3069.3573010167715,2200.0,1.395162409553078,4.187128648395264,6.51498272444581,2.3278540760505457
761,scenario_29,flow_capacity_ratio,1.395162409553078,175,5286.2980122217705,3069.3573010167715,2200.0,1.395162409553078,3.1717788073330624,4.935144312668262,1.7633655053351998
761,scenario_29,flow_capacity_ratio,1.395162409553078,176,4439.9389635413945,3069.3573010167715,2200.0,1.395162409553078,2.663963378124837,4.145006481635393,1.4810431035105562
761,scenario_29,delay_min,18.71636442117076,178,6719.55714161299,3078.103039918531,1000.0,3.078103039918531,5.039667856209742,23.756032277380502,18.71636442117076
761,scenario_29,delay_min,16.379768240534545,129,3327.5142290398862,3069.3573010167715,729.0,4.210366668061415,2.079696393149929,18.459464633684476,16.379768240534545
761,scenario_29,delay_min,2.3278540760505457,174,6978.5477473254405,3069.3573010167715,2200.0,1.395162409553078,4.187128648395264,6.51498272444581,2.3278540760505457
761,scenario_29,delay_min,2.1542092823581003,68,8865.80644588534,3069.3573010167715,2335.0,1.3144999147823433,4.470154510530423,6.6243637928885235,2.1542092823581003
761,scenario_29,delay_min,2.0189701601697045,61,8361.831024084971,3069.3573010167715,2333.0,1.3156267899771845,4.1809155120424855,6.19988567221219,2.0189701601697045
761,scenario_29,delay_min,1.7633655053351998,175,5286.2980122217705,3069.3573010167715,2200.0,1.395162409553078,3.1717788073330624,4.935144312668262,1.7633655053351998
761,scenario_29,delay_min,1.4810431035105562,176,4439.9389635413945,3069.3573010167715,2200.0,1.395162409553078,2.663963378124837,4.145006481635393,1.4810431035105562
761,scenario_29,delay_min,1.4785721489402606,98,2007.6948653871616,3077.9159863813325,1536.0,2.00385155363368,1.115386036326201,2.5939581852664615,1.4785721489402606
761,scenario_29,delay_min,1.3454002129447766,32,4235.803391000821,3069.3573010167715,2391.0,1.2837127984177212,2.9552116681401075,4.300611881084884,1.3454002129447766
761,scenario_29,delay_min,1.2453380810229566,63,5114.75070314698,3069.3573010167715,2333.0,1.3156267899771845,2.578865900746377,3.8242039817693336,1.2453380810229566
767,scenario_29,flow_capacity_ratio,4.214027831337291,129,3327.5142290398862,3072.0262890448853,729.0,4.214027831337291,2.079696393149929,18.493669072889656,16.41397267973973
767,scenario_29,flow_capacity_ratio,4.214027831337291,130,225.05482885543543,3072.0262890448853,729.0,4.214027831337291,0.13503289731326126,1.200778019854417,1.0657451225411556
767,scenario_29,flow_capacity_ratio,3.0808882925083916,178,6719.55714161299,3080.8882925083917,1000.0,3.0808882925083916,5.039667856209742,23.796703684340876,18.757035828131134
767,scenario_29,flow_capacity_ratio,2.0056787487107597,98,2007.6948653871616,3080.722558019727,1536.0,2.0056787487107597,1.115386036326201,2.5971959872485626,1.4818099509223617
767,scenario_29,flow_capacity_ratio,1.6980935878875567,126,1897.1851262924465,3075.247487664365,1811.0,1.6980935878875567,1.073878373373083,2.0306383464195417,0.9567599730464587
767,scenario_29,flow_capacity_ratio,1.5889017593950758,128,1875.2605068342427,3072.9360026700765,1934.0,1.5889017593950758,0.9783967861743875,1.7215663865630004,0.7431696003886129
767,scenario_29,flow_capacity_ratio,1.4612953361883627,124,1877.417300305622,1065.2843000813164,729.0,1.4612953361883627,1.425886557194143,2.311809969693779,0.8859234124996358
767,scenario_29,flow_capacity_ratio,1.4206608026405774,92,2550.193392452562,3077.1512985194904,2166.0,1.4206608026405774,1.577439211826327,2.4933846335917313,0.9159454217654044
767,scenario_29,flow_capacity_ratio,1.3963755859294933,174,6978.5477473254405,3072.0262890448853,2200.0,1.3963755859294933,4.187128648395264,6.519843778769262,2.332715130373998
767,scenario_29,flow_capacity_ratio,1.3963755859294933,175,5286.2980122217705,3072.0262890448853,2200.0,1.3963755859294933,3.1717788073330624,4.938826594818903,1.7670477874858408
767,scenario_29,flow_capacity_ratio,1.3963755859294933,176,4439.9389635413945,3072.0262890448853,2200.0,1.3963755859294933,2.663963378124837,4.148099214575834,1.4841358364509967
767,scenario_29,delay_min,18.757035828131134,178,6719.55714161299,3080.8882925083917,1000.0,3.0808882925083916,5.039667856209742,23.796703684340876,18.757035828131134
767,scenario_29,delay_min,16.41397267973973,129,3327.5142290398862,3072.0262890448853,729.0,4.214027831337291,2.079696393149929,18.493669072889656,16.41397267973973
767,scenario_29,delay_min,2.332715130373998,174,6978.5477473254405,3072.0262890448853,2200.0,1.3963755859294933,4.187128648395264,6.519843778769262,2.332715130373998
767,scenario_29,delay_min,2.158707729427168,68,8865.80644588534,3072.0262890448853,2335.0,1.315642950340422,4.470154510530423,6.628862239957591,2.158707729427168
767,scenario_29,delay_min,2.023186199193365,61,8361.831024084971,3072.0262890448853,2333.0,1.316770805420011,4.1809155120424855,6.20410171123585,2.023186199193365
767,scenario_29,delay_min,1.7670477874858408,175,5286.2980122217705,3072.0262890448853,2200.0,1.3963755859294933,3.1717788073330624,4.938826594818903,1.7670477874858408
767,scenario_29,delay_min,1.4841358364509967,176,4439.9389635413945,3072.0262890448853,2200.0,1.3963755859294933,2.663963378124837,4.148099214575834,1.4841358364509967
767,scenario_29,delay_min,1.4818099509223617,98,2007.6948653871616,3080.722558019727,1536.0,2.0056787487107597,1.115386036326201,2.5971959872485626,1.4818099509223617
767,scenario_29,delay_min,1.348209694685576,32,4235.803391000821,3072.0262890448853,2391.0,1.2848290627540297,2.9552116681401075,4.303421362825683,1.348209694685576
767,scenario_29,delay_min,1.247938611754328,63,5114.75070314698,3072.0262890448853,2333.0,1.316770805420011,2.578865900746377,3.826804512500705,1.247938611754328
770,scenario_29,flow_capacity_ratio,4.220832198230935,129,3327.5142290398862,3076.986672510352,729.0,4.220832198230935,2.079696393149929,18.5573495013164,16.47765310816647
770,scenario_29,flow_capacity_ratio,4.220832198230935,130,225.05482885543543,3076.986672510352,729.0,4.220832198230935,0.13503289731326126,1.2049127352777527,1.0698798379644914
770,scenario_29,flow_capacity_ratio,3.0858084780431185,178,6719.55714161299,3085.8084780431186,1000.0,3.0858084780431185,5.039667856209742,23.868676137910253,18.82900828170051
770,scenario_29,flow_capacity_ratio,2.0088540043057574,98,2007.6948653871616,3085.599750613643,1536.0,2.0088540043057574,1.115386036326201,2.6028323921340872,1.4874463558078863
770,scenario_29,flow_capacity_ratio,1.7008277192996857,126,1897.1851262924465,3080.198999651731,1811.0,1.7008277192996857,1.073878373373083,2.0343397063330872,0.9604613329600042
770,scenario_29,flow_capacity_ratio,1.591454872625387,128,1875.2605068342427,3077.8737236574984,1934.0,1.591454872625387,0.9783967861743875,1.7244355846193795,0.746038798444992
770,scenario_29,flow_capacity_ratio,1.461295333841278,124,1877.417300305622,1065.2842983702917,729.0,1.461295333841278,1.425886557194143,2.3118099662787204,0.8859234090845773
770,scenario_29,flow_capacity_ratio,1.4229424826767156,92,2550.193392452562,3082.0934174777663,2166.0,1.4229424826767156,1.577439211826327,2.4969191765759375,0.9194799647496106
770,scenario_29,flow_capacity_ratio,1.3986303056865237,174,6978.5477473254405,3076.986672510352,2200.0,1.3986303056865237,4.187128648395264,6.528893891243443,2.3417652428481786
770,scenario_29,flow_capacity_ratio,1.3986303056865237,175,5286.2980122217705,3076.986672510352,2200.0,1.3986303056865237,3.1717788073330624,4.945682117388191,1.773903310055129
770,scenario_29,flow_capacity_ratio,1.3986303056865237,176,4439.9389635413945,3076.986672510352,2200.0,1.3986303056865237,2.663963378124837,4.1538571384954555,1.4898937603706184
770,scenario_29,delay_min,18.82900828170051,178,6719.55714161299,3085.8084780431186,1000.0,3.0858084780431185,5.039667856209742,23.868676137910253,18.82900828170051
770,scenario_29,delay_min,16.47765310816647,129,3327.5142290398862,3076.986672510352,729.0,4.220832198230935,2.079696393149929,18.5573495013164,16.47765310816647
770,scenario_29,delay_min,2.3417652428481786,174,6978.5477473254405,3076.986672510352,2200.0,1.3986303056865237,4.187128648395264,6.528893891243443,2.3417652428481786
770,scenario_29,delay_min,2.167082754519523,68,8865.80644588534,3076.986672510352,2335.0,1.3177673115676025,4.470154510530423,6.637237265049946,2.167082754519523
770,scenario_29,delay_min,2.031035448516823,61,8361.831024084971,3076.986672510352,2333.0,1.3188969877884062,4.1809155120424855,6.211950960559308,2.031035448516823
770,scenario_29,delay_min,1.773903310055129,175,5286.2980122217705,3076.986672510352,2200.0,1.3986303056865237,3.1717788073330624,4.945682117388191,1.773903310055129
770,scenario_29,delay_min,1.4898937603706184,176,4439.9389635413945,3076.986672510352,2200.0,1.3986303056865237,2.663963378124837,4.1538571384954555,1.4898937603706184
770,scenario_29,delay_min,1.4874463558078863,98,2007.6948653871616,3085.599750613643,1536.0,2.0088540043057574,1.115386036326201,2.6028323921340872,1.4874463558078863
770,scenario_29,delay_min,1.3534402730861754,32,4235.803391000821,3076.986672510352,2391.0,1.286903668971289,2.9552116681401075,4.308651941226283,1.3534402730861754
770,scenario_29,delay_min,1.2527801736965438,63,5114.75070314698,3076.986672510352,2333.0,1.3188969877884062,2.578865900746377,3.831646074442921,1.2527801736965438
780,scenario_29,flow_capacity_ratio,4.223498081257384,129,3327.5142290398862,3078.930101236633,729.0,4.223498081257384,2.079696393149929,18.58233808171307,16.502641688563138
780,scenario_29,flow_capacity_ratio,4.223498081257384,130,225.05482885543543,3078.930101236633,729.0,4.223498081257384,0.13503289731326126,1.2065352223012538,1.0715023249879925
780,scenario_29,flow_capacity_ratio,3.087857027957699,178,6719.55714161299,3087.857027957699,1000.0,3.087857027957699,5.039667856209742,23.89868973579166,18.859021879581917
780,scenario_29,flow_capacity_ratio,2.0101908122221785,98,2007.6948653871616,3087.653087573266,1536.0,2.0101908122221785,1.115386036326201,2.605209098128559,1.489823061802358
780,scenario_29,flow_capacity_ratio,1.7018539279151688,126,1897.1851262924465,3082.0574634543705,1811.0,1.7018539279151688,1.073878373373083,2.035731099476903,0.9618527261038199
780,scenario_29,flow_capacity_ratio,1.5924589590241958,128,1875.2605068342427,3079.8156267527947,1934.0,1.5924589590241958,0.9783967861743875,1.7255657478928315,0.7471689617184439
780,scenario_29,flow_capacity_ratio,1.4613219314036836,124,1877.417300305622,1065.3036879932854,729.0,1.4613219314036836,1.425886557194143,2.311848666797913,0.8859621096037698
780,scenario_29,flow_capacity_ratio,1.4237907469186435,92,2550.193392452562,3083.9307578257817,2166.0,1.4237907469186435,1.577439211826327,2.498235245188191,0.9207960333618639
780,scenario_29,flow_capacity_ratio,1.3995136823802878,174,6978.5477473254405,3078.930101236633,2200.0,1.3995136823802878,4.187128648395264,6.532445209423096,2.3453165610278317
780,scenario_29,flow_capacity_ratio,1.3995136823802878,175,5286.2980122217705,3078.930101236633,2200.0,1.3995136823802878,3.1717788073330624,4.948372265383676,1.7765934580506135
780,scenario_29,flow_capacity_ratio,1.3995136823802878,176,4439.9389635413945,3078.930101236633,2200.0,1.3995136823802878,2.663963378124837,4.156116582226254,1.4921532041014167
780,scenario_29,delay_min,18.859021879581917,178,6719.55714161299,3087.857027957699,1000.0,3.087857027957699,5.039667856209742,23.89868973579166,18.859021879581917
780,scenario_29,delay_min,16.502641688563138,129,3327.5142290398862,3078.930101236633,729.0,4.223498081257384,2.079696393149929,18.58233808171307,16.502641688563138
780,scenario_29,delay_min,2.3453165610278317,174,6978.5477473254405,3078.930101236633,2200.0,1.3995136823802878,4.187128648395264,6.532445209423096,2.3453165610278317
780,scenario_29,delay_min,2.170369164379111,68,8865.80644588534,3078.930101236633,2335.0,1.3185996150906352,4.470154510530423,6.640523674909534,2.170369164379111
780,scenario_29,delay_min,2.0341155408249083,61,8361.831024084971,3078.930101236633,2333.0,1.319730004816388,4.1809155120424855,6.215031052867394,2.0341155408249083
780,scenario_29,delay_min,1.7765934580506135,175,5286.2980122217705,3078.930101236633,2200.0,1.3995136823802878,3.1717788073330624,4.948372265383676,1.7765934580506135
780,scenario_29,delay_min,1.4921532041014167,176,4439.9389635413945,3078.930101236633,2200.0,1.3995136823802878,2.663963378124837,4.156116582226254,1.4921532041014167
780,scenario_29,delay_min,1.489823061802358,98,2007.6948653871616,3087.653087573266,1536.0,2.0101908122221785,1.115386036326201,2.605209098128559,1.489823061802358
780,scenario_29,delay_min,1.3554927832861465,32,4235.803391000821,3078.930101236633,2391.0,1.2877164789780984,2.9552116681401075,4.310704451426254,1.3554927832861465
780,scenario_29,delay_min,1.2546800315151465,63,5114.75070314698,3078.930101236633,2333.0,1.319730004816388,2.578865900746377,3.8335459322615235,1.2546800315151465
813,scenario_29,flow_capacity_ratio,4.194888058738124,129,3327.5142290398862,3058.0733948200927,729.0,4.194888058738124,2.079696393149929,18.315315345291616,16.235618952141685
813,scenario_29,flow_capacity_ratio,4.194888058738124,130,225.05482885543543,3058.0733948200927,729.0,4.194888058738124,0.13503289731326126,1.1891976657875878,1.0541647684743265
813,scenario_29,flow_capacity_ratio,3.0667254921921834,178,6719.55714161299,3066.7254921921835,1000.0,3.0667254921921834,5.039667856209742,23.59042719833092,18.55075934212118
813,scenario_29,flow_capacity_ratio,1.9964373043517467,98,2007.6948653871616,3066.527699484283,1536.0,1.9964373043517467,1.115386036326201,2.5808624563584037,1.4654764200322028
813,scenario_29,flow_capacity_ratio,1.6903868585518662,126,1897.1851262924465,3061.29060083743,1811.0,1.6903868585518662,1.073878373373083,2.0202501142696323,0.9463717408965493
813,scenario_29,flow_capacity_ratio,1.5816830805310405,128,1875.2605068342427,3058.975077747032,1934.0,1.5816830805310405,0.9783967861743875,1.7134888796919574,0.7350920935175699
813,scenario_29,flow_capacity_ratio,1.4145890213657082,92,2550.193392452562,3063.999820278124,2166.0,1.4145890213657082,1.577439211826327,2.484017514147942,0.9065783023216152
813,scenario_29,flow_capacity_ratio,1.3900333612818603,174,6978.5477473254405,3058.0733948200927,2200.0,1.3900333612818603,4.187128648395264,6.494496567156068,2.3073679187608036
813,scenario_29,flow_capacity_ratio,1.3900333612818603,175,5286.2980122217705,3058.0733948200927,2200.0,1.3900333612818603,3.1717788073330624,4.919625907338109,1.7478471000050462
813,scenario_29,flow_capacity_ratio,1.3900333612818603,176,4439.9389635413945,3058.0733948200927,2200.0,1.3900333612818603,2.663963378124837,4.131972639744891,1.468009261620054
813,scenario_29,delay_min,18.55075934212118,178,6719.55714161299,3066.7254921921835,1000.0,3.0667254921921834,5.039667856209742,23.59042719833092,18.55075934212118
813,scenario_29,delay_min,16.235618952141685,129,3327.5142290398862,3058.0733948200927,729.0,4.194888058738124,2.079696393149929,18.315315345291616,16.235618952141685
813,scenario_29,delay_min,2.3073679187608036,174,6978.5477473254405,3058.0733948200927,2200.0,1.3900333612818603,4.187128648395264,6.494496567156068,2.3073679187608036
813,scenario_29,delay_min,2.135251276936951,68,8865.80644588534,3058.0733948200927,2335.0,1.3096674067752003,4.470154510530423,6.605405787467374,2.135251276936951
813,scenario_29,delay_min,2.0012023195262287,61,8361.831024084971,3058.0733948200927,2333.0,1.310790139228501,4.1809155120424855,6.182117831568714,2.0012023195262287
813,scenario_29,delay_min,1.7478471000050462,175,5286.2980122217705,3058.0733948200927,2200.0,1.3900333612818603,3.1717788073330624,4.919625907338109,1.7478471000050462
813,scenario_29,delay_min,1.468009261620054,176,4439.9389635413945,3058.0733948200927,2200.0,1.3900333612818603,2.663963378124837,4.131972639744891,1.468009261620054
813,scenario_29,delay_min,1.4654764200322028,98,2007.6948653871616,3066.527699484283,1536.0,1.9964373043517467,1.115386036326201,2.5808624563584037,1.4654764200322028
813,scenario_29,delay_min,1.3335600891743042,32,4235.803391000821,3058.0733948200927,2391.0,1.278993473366831,2.9552116681401075,4.288771757314412,1.3335600891743042
813,scenario_29,delay_min,1.2343785487785537,63,5114.75070314698,3058.0733948200927,2333.0,1.310790139228501,2.578865900746377,3.8132444495249307,1.2343785487785537
837,scenario_29,flow_capacity_ratio,4.228600940421606,129,3327.5142290398862,3082.6500855673507,729.0,4.228600940421606,2.079696393149929,18.63023120932221,16.55053481617228
837,scenario_29,flow_capacity_ratio,4.228600940421606,130,225.05482885543543,3082.6500855673507,729.0,4.228600940421606,0.13503289731326126,1.2096448818668315,1.0746119845535702
837,scenario_29,flow_capacity_ratio,3.090911641979328,178,6719.55714161299,3090.911641979328,1000.0,3.090911641979328,5.039667856209742,23.94349512272691,18.90382726651717
837,scenario_29,flow_capacity_ratio,2.0122993768054998,98,2007.6948653871616,3090.8918427732474,1536.0,2.0122993768054998,1.115386036326201,2.608962407552803,1.4935763712266021
837,scenario_29,flow_capacity_ratio,1.7038416221626376,126,1897.1851262924465,3085.6571777365366,1811.0,1.7038416221626376,1.073878373373083,2.038429473193943,0.96455109982086
837,scenario_29,flow_capacity_ratio,1.5943627214111944,128,1875.2605068342427,3083.4975032092498,1934.0,1.5943627214111944,0.9783967861743875,1.7277112942321293,0.7493145080577418
837,scenario_29,flow_capacity_ratio,1.4612976349702584,124,1877.417300305622,1065.2859758933184,729.0,1.4612976349702584,1.425886557194143,2.3118133144746356,0.8859267572804925
837,scenario_29,flow_capacity_ratio,1.425416113788861,92,2550.193392452562,3087.451302466673,2166.0,1.425416113788861,1.577439211826327,2.5007600445933935,0.9233208327670666
837,scenario_29,flow_capacity_ratio,1.4012045843487957,174,6978.5477473254405,3082.6500855673507,2200.0,1.4012045843487957,4.187128648395264,6.539251667895679,2.3521230195004152
837,scenario_29,flow_capacity_ratio,1.4012045843487957,175,5286.2980122217705,3082.6500855673507,2200.0,1.4012045843487957,3.1717788073330624,4.9535282045843045,1.7817493972512422
837,scenario_29,flow_capacity_ratio,1.4012045843487957,176,4439.9389635413945,3082.6500855673507,2200.0,1.4012045843487957,2.663963378124837,4.160447033384624,1.4964836552597873
837,scenario_29,delay_min,18.90382726651717,178,6719.55714161299,3090.911641979328,1000.0,3.090911641979328,5.039667856209742,23.94349512272691,18.90382726651717
837,scenario_29,delay_min,16.55053481617228,129,3327.5142290398862,3082.6500855673507,729.0,4.228600940421606,2.079696393149929,18.63023120932221,16.55053481617228
837,scenario_29,delay_min,2.3521230195004152,174,6978.5477473254405,3082.6500855673507,2200.0,1.4012045843487957,4.187128648395264,6.539251667895679,2.3521230195004152
837,scenario_29,delay_min,2.176667899412582,68,8865.80644588534,3082.6500855673507,2335.0,1.3201927561316278,4.470154510530423,6.646822409943005,2.176667899412582
837,scenario_29,delay_min,2.0400188475200993,61,8361.831024084971,3082.6500855673507,2333.0,1.3213245116019505,4.1809155120424855,6.220934359562585,2.0400188475200993
837,scenario_29,delay_min,1.7817493972512422,175,5286.2980122217705,3082.6500855673507,2200.0,1.4012045843487957,3.1717788073330624,4.9535282045843045,1.7817493972512422
837,scenario_29,delay_min,1.4964836552597873,176,4439.9389635413945,3082.6500855673507,2200.0,1.4012045843487957,2.663963378124837,4.160447033384624,1.4964836552597873
837,scenario_29,delay_min,1.4935763712266021,98,2007.6948653871616,3090.8918427732474,1536.0,2.0122993768054998,1.115386036326201,2.608962407552803,1.4935763712266021
837,scenario_29,delay_min,1.3594266255199137,32,4235.803391000821,3082.6500855673507,2391.0,1.2892723068035763,2.9552116681401075,4.314638293660021,1.3594266255199137
837,scenario_29,delay_min,1.2583213001066853,63,5114.75070314698,3082.6500855673507,2333.0,1.3213245116019505,2.578865900746377,3.8371872008530623,1.2583213001066853
938,scenario_29,flow_capacity_ratio,4.202165928545794,129,3327.5142290398862,3063.378961909884,729.0,4.202165928545794,2.079696393149929,18.38300015798405,16.30330376483412
938,scenario_29,flow_capacity_ratio,4.202165928545794,130,225.05482885543543,3063.378961909884,729.0,4.202165928545794,0.13503289731326126,1.1935923824356856,1.0585594851224243
938,scenario_29,flow_capacity_ratio,3.0721074413880514,178,6719.55714161299,3072.1074413880515,1000.0,3.0721074413880514,5.039667856209742,23.668656767117227,18.628988910907484
938,scenario_29,flow_capacity_ratio,1.999945408993998,98,2007.6948653871616,3071.916148214781,1536.0,1.999945408993998,1.115386036326201,2.5870503227898545,1.4716642864636535
938,scenario_29,flow_capacity_ratio,1.6933282489381551,126,1897.1851262924465,3066.617458826999,1811.0,1.6933282489381551,1.073878373373083,2.02420713530141,0.9503287619283272
938,scenario_29,flow_capacity_ratio,1.5844297277368968,128,1875.2605068342427,3064.2870934431585,1934.0,1.5844297277368968,0.9783967861743875,1.7165562352635395,0.738159449089152
938,scenario_29,flow_capacity_ratio,1.417073419710508,92,2550.193392452562,3069.3810270929603,2166.0,1.417073419710508,1.577439211826327,2.4878434811825105,0.9104042693561836
938,scenario_29,flow_capacity_ratio,1.3924449826863108,174,6978.5477473254405,3063.378961909884,2200.0,1.3924449826863108,4.187128648395264,6.504115773288844,2.31698712489358
938,scenario_29,flow_capacity_ratio,1.3924449826863108,175,5286.2980122217705,3063.378961909884,2200.0,1.3924449826863108,3.1717788073330624,4.926912522275771,1.7551337149427084
938,scenario_29,flow_capacity_ratio,1.3924449826863108,176,4439.9389635413945,3063.378961909884,2200.0,1.3924449826863108,2.663963378124837,4.138092636290535,1.4741292581656982
938,scenario_29,delay_min,18.628988910907484,178,6719.55714161299,3072.1074413880515,1000.0,3.0721074413880514,5.039667856209742,23.668656767117227,18.628988910907484
938,scenario_29,delay_min,16.30330376483412,129,3327.5142290398862,3063.378961909884,729.0,4.202165928545794,2.079696393149929,18.38300015798405,16.30330376483412
938,scenario_29,delay_min,2.31698712489358,174,6978.5477473254405,3063.378961909884,2200.0,1.3924449826863108,4.187128648395264,6.504115773288844,2.31698712489358
938,scenario_29,delay_min,2.1441529445085283,68,8865.80644588534,3063.378961909884,2335.0,1.3119395982483442,4.470154510530423,6.614307455038952,2.1441529445085283
938,scenario_29,delay_min,2.0095451492363905,61,8361.831024084971,3063.378961909884,2333.0,1.3130642785726034,4.1809155120424855,6.190460661278876,2.0095451492363905
938,scenario_29,delay_min,1.7551337149427084,175,5286.2980122217705,3063.378961909884,2200.0,1.3924449826863108,3.1717788073330624,4.926912522275771,1.7551337149427084
938,scenario_29,delay_min,1.4741292581656982,176,4439.9389635413945,3063.378961909884,2200.0,1.3924449826863108,2.663963378124837,4.138092636290535,1.4741292581656982
938,scenario_29,delay_min,1.4716642864636535,98,2007.6948653871616,3071.916148214781,1536.0,1.999945408993998,1.115386036326201,2.5870503227898545,1.4716642864636535
938,scenario_29,delay_min,1.3391195793986026,32,4235.803391000821,3063.378961909884,2391.0,1.2812124474738118,2.9552116681401075,4.29433124753871,1.3391195793986026
938,scenario_29,delay_min,1.2395245602187033,63,5114.75070314698,3063.378961909884,2333.0,1.3130642785726034,2.578865900746377,3.8183904609650803,1.2395245602187033
958,scenario_29,flow_capacity_ratio,4.2232579908591745,129,3327.5142290398862,3078.755075336338,729.0,4.2232579908591745,2.079696393149929,18.580086695922326,16.500390302772395
958,scenario_29,flow_capacity_ratio,4.2232579908591745,130,225.05482885543543,3078.755075336338,729.0,4.2232579908591745,0.13503289731326126,1.2063890417590866,1.0713561444458253
958,scenario_29,flow_capacity_ratio,3.087767512837232,178,6719.55714161299,3087.767512837232,1000.0,3.087767512837232,5.039667856209742,23.897377654298502,18.85770979808876
958,scenario_29,flow_capacity_ratio,2.0101321790313516,98,2007.6948653871616,3087.5630269921558,1536.0,2.0101321790313516,1.115386036326201,2.6051048079736323,1.4897187716474314
958,scenario_29,flow_capacity_ratio,1.7017728691921188,126,1897.1851262924465,3081.9106661069272,1811.0,1.7017728691921188,1.073878373373083,2.035621152619989,0.961742779246906
958,scenario_29,flow_capacity_ratio,1.5923738057416599,128,1875.2605068342427,3079.65094030437,1934.0,1.5923738057416599,0.9783967861743875,1.7254698637139376,0.7470730775395501
958,scenario_29,flow_capacity_ratio,1.4612953411355827,124,1877.417300305622,1065.2843036878398,729.0,1.4612953411355827,1.425886557194143,2.3118099768920906,0.8859234196979475
958,scenario_29,flow_capacity_ratio,1.4237306454409238,92,2550.193392452562,3083.800578025041,2166.0,1.4237306454409238,1.577439211826327,2.4981419625473413,0.9207027507210144
958,scenario_29,flow_capacity_ratio,1.399434125152881,174,6978.5477473254405,3078.755075336338,2200.0,1.399434125152881,4.187128648395264,6.532125247778168,2.3449965993829043
958,scenario_29,flow_capacity_ratio,1.399434125152881,175,5286.2980122217705,3078.755075336338,2200.0,1.399434125152881,3.1717788073330624,4.9481298922325845,1.776351084899522
958,scenario_29,flow_capacity_ratio,1.399434125152881,176,4439.9389635413945,3078.755075336338,2200.0,1.399434125152881,2.663963378124837,4.1559130140591245,1.4919496359342874
958,scenario_29,delay_min,18.85770979808876,178,6719.55714161299,3087.767512837232,1000.0,3.087767512837232,5.039667856209742,23.897377654298502,18.85770979808876
958,scenario_29,delay_min,16.500390302772395,129,3327.5142290398862,3078.755075336338,729.0,4.2232579908591745,2.079696393149929,18.580086695922326,16.500390302772395
958,scenario_29,delay_min,2.3449965993829043,174,6978.5477473254405,3078.755075336338,2200.0,1.399434125152881,4.187128648395264,6.532125247778168,2.3449965993829043
958,scenario_29,delay_min,2.1700730700695114,68,8865.80644588534,3078.755075336338,2335.0,1.3185246575316223,4.470154510530423,6.640227580599935,2.1700730700695114
958,scenario_29,delay_min,2.033838035022395,61,8361.831024084971,3078.755075336338,2333.0,1.319654982998859,4.1809155120424855,6.2147535470648805,2.033838035022395
958,scenario_29,delay_min,1.776351084899522,175,5286.2980122217705,3078.755075336338,2200.0,1.399434125152881,3.1717788073330624,4.9481298922325845,1.776351084899522
958,scenario_29,delay_min,1.4919496359342874,176,4439.9389635413945,3078.755075336338,2200.0,1.399434125152881,2.663963378124837,4.1559130140591245,1.4919496359342874
958,scenario_29,delay_min,1.4897187716474314,98,2007.6948653871616,3087.5630269921558,1536.0,2.0101321790313516,1.115386036326201,2.6051048079736323,1.4897187716474314
958,scenario_29,delay_min,1.3553078591237395,32,4235.803391000821,3078.755075336338,2391.0,1.28764327701227,2.9552116681401075,4.310519527263847,1.3553078591237395
958,scenario_29,delay_min,1.2545088608111947,63,5114.75070314698,3078.755075336338,2333.0,1.319654982998859,2.578865900746377,3.8333747615575717,1.2545088608111947
964,scenario_29,flow_capacity_ratio,4.229410299844719,129,3327.5142290398862,3083.2401085868005,729.0,4.229410299844719,2.079696393149929,18.63783493051338,16.558138537363455
964,scenario_29,flow_capacity_ratio,4.229410299844719,130,225.05482885543543,3083.2401085868005,729.0,4.229410299844719,0.13503289731326126,1.2101385849410822,1.0751056876278209
964,scenario_29,flow_capacity_ratio,3.0917175953501146,178,6719.55714161299,3091.7175953501146,1000.0,3.0917175953501146,5.039667856209742,23.955327270163085,18.915659413953342
964,scenario_29,flow_capacity_ratio,2.0128349687358233,98,2007.6948653871616,3091.714511978225,1536.0,2.0128349687358233,1.115386036326201,2.609916655023858,1.494530618697657
964,scenario_29,flow_capacity_ratio,1.7042007884941408,126,1897.1851262924465,3086.307627962889,1811.0,1.7042007884941408,1.073878373373083,2.0389175261627357,0.9650391527896527
964,scenario_29,flow_capacity_ratio,1.5946781443785407,128,1875.2605068342427,3084.1075312280977,1934.0,1.5946781443785407,0.9783967861743875,1.728067123531664,0.7496703373572765
964,scenario_29,flow_capacity_ratio,1.461295435052723,124,1877.417300305622,1065.284372153435,729.0,1.461295435052723,1.425886557194143,2.31181011354356,0.8859235563494168
964,scenario_29,flow_capacity_ratio,1.4257415509427656,92,2550.193392452562,3088.15619934203,2166.0,1.4257415509427656,1.577439211826327,2.501266054185703,0.9238268423593758
964,scenario_29,flow_capacity_ratio,1.4014727766303638,174,6978.5477473254405,3083.2401085868005,2200.0,1.4014727766303638,4.187128648395264,6.540332290839062,2.3532036424437983
964,scenario_29,flow_capacity_ratio,1.4014727766303638,175,5286.2980122217705,3083.2401085868005,2200.0,1.4014727766303638,3.1717788073330624,4.954346783911179,1.7825679765781164
964,scenario_29,flow_capacity_ratio,1.4014727766303638,176,4439.9389635413945,3083.2401085868005,2200.0,1.4014727766303638,2.663963378124837,4.16113455464047,1.497171176515633
964,scenario_29,delay_min,18.915659413953342,178,6719.55714161299,3091.7175953501146,1000.0,3.0917175953501146,5.039667856209742,23.955327270163085,18.915659413953342
964,scenario_29,delay_min,16.558138537363455,129,3327.5142290398862,3083.2401085868005,729.0,4.229410299844719,2.079696393149929,18.63783493051338,16.558138537363455
964,scenario_29,delay_min,2.3532036424437983,174,6978.5477473254405,3083.2401085868005,2200.0,1.4014727766303638,4.187128648395264,6.540332290839062,2.3532036424437983
964,scenario_29,delay_min,2.1776679139750543,68,8865.80644588534,3083.2401085868005,2335.0,1.3204454426495933,4.470154510530423,6.647822424505478,2.1776679139750543
964,scenario_29,delay_min,2.0409560821601618,61,8361.831024084971,3083.2401085868005,2333.0,1.3215774147393058,4.1809155120424855,6.221871594202647,2.0409560821601618
964,scenario_29,delay_min,1.7825679765781164,175,5286.2980122217705,3083.2401085868005,2200.0,1.4014727766303638,3.1717788073330624,4.954346783911179,1.7825679765781164
964,scenario_29,delay_min,1.497171176515633,176,4439.9389635413945,3083.2401085868005,2200.0,1.4014727766303638,2.663963378124837,4.16113455464047,1.497171176515633
964,scenario_29,delay_min,1.494530618697657,98,2007.6948653871616,3091.714511978225,1536.0,2.0128349687358233,1.115386036326201,2.609916655023858,1.494530618697657
964,scenario_29,delay_min,1.360051179418329,32,4235.803391000821,3083.2401085868005,2391.0,1.289519075109494,2.9552116681401075,4.3152628475584365,1.360051179418329
964,scenario_29,delay_min,1.2588994037414736,63,5114.75070314698,3083.2401085868005,2333.0,1.3215774147393058,2.578865900746377,3.8377653044878506,1.2588994037414736
0,scenario_30,flow_capacity_ratio,5.567737483992698,129,3327.5142290398862,4058.8806258306768,729.0,5.567737483992698,2.079696393149929,34.110582119607244,32.03088572645731
0,scenario_30,flow_capacity_ratio,5.567737483992698,130,225.05482885543543,4058.8806258306768,729.0,5.567737483992698,0.13503289731326126,2.2147707462607658,2.0797378489475045
0,scenario_30,flow_capacity_ratio,4.1212358007013705,178,6719.55714161299,4121.235800701371,1000.0,4.1212358007013705,5.039667856209742,42.745439821918595,37.705771965708855
0,scenario_30,flow_capacity_ratio,2.6822535928528306,98,2007.6948653871616,4119.941518621948,1536.0,2.6822535928528306,1.115386036326201,4.092289953476961,2.97690391715076
0,scenario_30,flow_capacity_ratio,2.253935525411865,126,1897.1851262924465,4081.877236520887,1811.0,2.253935525411865,1.073878373373083,2.9616727060242027,1.8877943326511197
0,scenario_30,flow_capacity_ratio,2.1018484207887194,128,1875.2605068342427,4064.974845805383,1934.0,2.1018484207887194,0.9783967861743875,2.4328453554247726,1.4544485692503852
0,scenario_30,flow_capacity_ratio,1.8905716171493474,92,2550.193392452562,4094.9781227454864,2166.0,1.8905716171493474,1.577439211826327,3.395951171595648,1.8185119597693211
0,scenario_30,flow_capacity_ratio,1.8449457390139439,174,6978.5477473254405,4058.8806258306768,2200.0,1.8449457390139439,4.187128648395264,8.739282671754607,4.552154023359343
0,scenario_30,flow_capacity_ratio,1.8449457390139439,175,5286.2980122217705,4058.8806258306768,2200.0,1.8449457390139439,3.1717788073330624,6.62006685182405,3.4482880444909876
0,scenario_30,flow_capacity_ratio,1.8449457390139439,176,4439.9389635413945,4058.8806258306768,2200.0,1.8449457390139439,2.663963378124837,5.560165675243308,2.896202297118471
0,scenario_30,delay_min,37.705771965708855,178,6719.55714161299,4121.235800701371,1000.0,4.1212358007013705,5.039667856209742,42.745439821918595,37.705771965708855
0,scenario_30,delay_min,32.03088572645731,129,3327.5142290398862,4058.8806258306768,729.0,5.567737483992698,2.079696393149929,34.110582119607244,32.03088572645731
0,scenario_30,delay_min,4.552154023359343,174,6978.5477473254405,4058.8806258306768,2200.0,1.8449457390139439,4.187128648395264,8.739282671754607,4.552154023359343
0,scenario_30,delay_min,4.212588990321032,68,8865.80644588534,4058.8806258306768,2335.0,1.7382786406127095,4.470154510530423,8.682743500851455,4.212588990321032
0,scenario_30,delay_min,3.9481268315804066,61,8361.831024084971,4058.8806258306768,2333.0,1.739768806614092,4.1809155120424855,8.129042343622892,3.9481268315804066
0,scenario_30,delay_min,3.4482880444909876,175,5286.2980122217705,4058.8806258306768,2200.0,1.8449457390139439,3.1717788073330624,6.62006685182405,3.4482880444909876
0,scenario_30,delay_min,2.97690391715076,98,2007.6948653871616,4119.941518621948,1536.0,2.6822535928528306,1.115386036326201,4.092289953476961,2.97690391715076
0,scenario_30,delay_min,2.896202297118471,176,4439.9389635413945,4058.8806258306768,2200.0,1.8449457390139439,2.663963378124837,5.560165675243308,2.896202297118471
0,scenario_30,delay_min,2.6309505631795873,32,4235.803391000821,4058.8806258306768,2391.0,1.6975661337643986,2.9552116681401075,5.586162231319695,2.6309505631795873
0,scenario_30,delay_min,2.435277543508772,63,5114.75070314698,4058.8806258306768,2333.0,1.739768806614092,2.578865900746377,5.014143444255149,2.435277543508772
9,scenario_30,flow_capacity_ratio,5.277482105900126,129,3327.5142290398862,3847.284455201192,729.0,5.277482105900126,2.079696393149929,30.248227068710765,28.168530675560838
9,scenario_30,flow_capacity_ratio,5.277482105900126,130,225.05482885543543,3847.284455201192,729.0,5.277482105900126,0.13503289731326126,1.9639913562051226,1.8289584588918613
9,scenario_30,flow_capacity_ratio,3.906439785950988,178,6719.55714161299,3906.439785950988,1000.0,3.906439785950988,5.039667856209742,38.19983005678785,33.160162200578114
9,scenario_30,flow_capacity_ratio,2.54270736741079,98,2007.6948653871616,3905.598516342973,1536.0,2.54270736741079,1.115386036326201,3.734030436385991,2.6186444000597904
9,scenario_30,flow_capacity_ratio,2.1366771958345203,126,1897.1851262924465,3869.522401656316,1811.0,2.1366771958345203,1.073878373373083,2.734491630916352,1.6606132575432688
9,scenario_30,flow_capacity_ratio,1.992343849080787,128,1875.2605068342427,3853.193004122242,1934.0,1.992343849080787,0.9783967861743875,2.25756992222141,1.2791731360470227
9,scenario_30,flow_capacity_ratio,1.792212458904434,92,2550.193392452562,3881.932185987004,2166.0,1.792212458904434,1.577439211826327,3.1770982418604974,1.5996590300341704
9,scenario_30,flow_capacity_ratio,1.7487656614550873,174,6978.5477473254405,3847.284455201192,2200.0,1.7487656614550873,4.187128648395264,8.190373870582803,4.003245222187539
9,scenario_30,flow_capacity_ratio,1.7487656614550873,175,5286.2980122217705,3847.284455201192,2200.0,1.7487656614550873,3.1717788073330624,6.204264652055821,3.0324858447227587
9,scenario_30,flow_capacity_ratio,1.7487656614550873,176,4439.9389635413945,3847.284455201192,2200.0,1.7487656614550873,2.663963378124837,5.21093519606696,2.546971817942123
9,scenario_30,delay_min,33.160162200578114,178,6719.55714161299,3906.439785950988,1000.0,3.906439785950988,5.039667856209742,38.19983005678785,33.160162200578114
9,scenario_30,delay_min,28.168530675560838,129,3327.5142290398862,3847.284455201192,729.0,5.277482105900126,2.079696393149929,30.248227068710765,28.168530675560838
9,scenario_30,delay_min,4.003245222187539,174,6978.5477473254405,3847.284455201192,2200.0,1.7487656614550873,4.187128648395264,8.190373870582803,4.003245222187539
9,scenario_30,delay_min,3.7046256919262577,68,8865.80644588534,3847.284455201192,2335.0,1.6476592955893756,4.470154510530423,8.174780202456681,3.7046256919262577
9,scenario_30,delay_min,3.472052965257726,61,8361.831024084971,3847.284455201192,2333.0,1.6490717767686207,4.1809155120424855,7.652968477300211,3.472052965257726
9,scenario_30,delay_min,3.0324858447227587,175,5286.2980122217705,3847.284455201192,2200.0,1.7487656614550873,3.1717788073330624,6.204264652055821,3.0324858447227587
9,scenario_30,delay_min,2.6186444000597904,98,2007.6948653871616,3905.598516342973,1536.0,2.54270736741079,1.115386036326201,3.734030436385991,2.6186444000597904
9,scenario_30,delay_min,2.546971817942123,176,4439.9389635413945,3847.284455201192,2200.0,1.7487656614550873,2.663963378124837,5.21093519606696,2.546971817942123
9,scenario_30,delay_min,2.3137047247992224,32,4235.803391000821,3847.284455201192,2391.0,1.6090691991640285,2.9552116681401075,5.26891639293933,2.3137047247992224
9,scenario_30,delay_min,2.1416263906548667,63,5114.75070314698,3847.284455201192,2333.0,1.6490717767686207,2.578865900746377,4.720492291401244,2.1416263906548667
12,scenario_30,flow_capacity_ratio,5.605379385170798,129,3327.5142290398862,4086.3215717895114,729.0,5.605379385170798,2.079696393149929,34.63276819092284,32.55307179777291
12,scenario_30,flow_capacity_ratio,5.605379385170798,130,225.05482885543543,4086.3215717895114,729.0,5.605379385170798,0.13503289731326126,2.2486758385514607,2.1136429412381994
12,scenario_30,flow_capacity_ratio,4.149252900046449,178,6719.55714161299,4149.252900046448,1000.0,4.149252900046449,5.039667856209742,43.363567866732055,38.323900010522316
12,scenario_30,flow_capacity_ratio,2.7002817610908676,98,2007.6948653871616,4147.632785035573,1536.0,2.7002817610908676,1.115386036326201,4.140536714631523,3.025150678305322
12,scenario_30,flow_capacity_ratio,2.2692388408608717,126,1897.1851262924465,4109.591540799039,1811.0,2.2692388408608717,1.073878373373083,2.992580713536357,1.918702340163274
12,scenario_30,flow_capacity_ratio,2.1160424442402666,128,1875.2605068342427,4092.4260871606753,1934.0,2.1160424442402666,0.9783967861743875,2.4565298283987724,1.478133042224385
12,scenario_30,flow_capacity_ratio,1.9059440245520238,92,2550.193392452562,4128.274757179684,2166.0,1.9059440245520238,1.577439211826327,3.4316409383685427,1.8542017265422157
12,scenario_30,flow_capacity_ratio,1.8574188962679596,174,6978.5477473254405,4086.3215717895114,2200.0,1.8574188962679596,4.187128648395264,8.813494526081133,4.626365877685869
12,scenario_30,flow_capacity_ratio,1.8574188962679596,175,5286.2980122217705,4086.3215717895114,2200.0,1.8574188962679596,3.1717788073330624,6.676282842917606,3.504504035584544
12,scenario_30,flow_capacity_ratio,1.8574188962679596,176,4439.9389635413945,4086.3215717895114,2200.0,1.8574188962679596,2.663963378124837,5.607381244371897,2.94341786624706
12,scenario_30,delay_min,38.323900010522316,178,6719.55714161299,4149.252900046448,1000.0,4.149252900046449,5.039667856209742,43.363567866732055,38.323900010522316
12,scenario_30,delay_min,32.55307179777291,129,3327.5142290398862,4086.3215717895114,729.0,5.605379385170798,2.079696393149929,34.63276819092284,32.55307179777291
12,scenario_30,delay_min,4.626365877685869,174,6978.5477473254405,4086.3215717895114,2200.0,1.8574188962679596,4.187128648395264,8.813494526081133,4.626365877685869
12,scenario_30,delay_min,4.2812650585917895,68,8865.80644588534,4086.3215717895114,2335.0,1.7500306517299835,4.470154510530423,8.751419569122213,4.2812650585917895
12,scenario_30,delay_min,4.012491484398474,61,8361.831024084971,4086.3215717895114,2333.0,1.7515308923229795,4.1809155120424855,8.19340699644096,4.012491484398474
12,scenario_30,delay_min,3.504504035584544,175,5286.2980122217705,4086.3215717895114,2200.0,1.8574188962679596,3.1717788073330624,6.676282842917606,3.504504035584544
12,scenario_30,delay_min,3.025150678305322,98,2007.6948653871616,4147.632785035573,1536.0,2.7002817610908676,1.115386036326201,4.140536714631523,3.025150678305322
12,scenario_30,delay_min,2.94341786624706,176,4439.9389635413945,4086.3215717895114,2200.0,1.8574188962679596,2.663963378124837,5.607381244371897,2.94341786624706
12,scenario_30,delay_min,2.673841844742791,32,4235.803391000821,4086.3215717895114,2391.0,1.7090428991173197,2.9552116681401075,5.629053512882899,2.673841844742791
12,scenario_30,delay_min,2.4749788500498373,63,5114.75070314698,4086.3215717895114,2333.0,1.7515308923229795,2.578865900746377,5.053844750796214,2.4749788500498373
15,scenario_30,flow_capacity_ratio,5.581054546450299,129,3327.5142290398862,4068.588764362268,729.0,5.581054546450299,2.079696393149929,34.294759643263134,32.215063250113204
15,scenario_30,flow_capacity_ratio,5.581054546450299,130,225.05482885543543,4068.588764362268,729.0,5.581054546450299,0.13503289731326126,2.226729234394492,2.0916963370812307
15,scenario_30,flow_capacity_ratio,4.1307751487906215,178,6719.55714161299,4130.775148790622,1000.0,4.1307751487906215,5.039667856209742,42.95524375993954,37.9155759037298
15,scenario_30,flow_capacity_ratio,2.688450639678742,98,2007.6948653871616,4129.460182546548,1536.0,2.688450639678742,1.115386036326201,4.108823385802698,2.9934373494764976
15,scenario_30,flow_capacity_ratio,2.259325749029307,126,1897.1851262924465,4091.638931492075,1811.0,2.259325749029307,1.073878373373083,2.9725259073491226,1.8986475339760396
15,scenario_30,flow_capacity_ratio,2.106865444719443,128,1875.2605068342427,4074.677770087403,1934.0,2.106865444719443,0.9783967861743875,2.441191380113805,1.4627945939394178
15,scenario_30,flow_capacity_ratio,1.8950815521407833,92,2550.193392452562,4104.746641936937,2166.0,1.8950815521407833,1.577439211826327,3.4063798525132163,1.8289406406868893
15,scenario_30,flow_capacity_ratio,1.8493585292555765,174,6978.5477473254405,4068.588764362268,2200.0,1.8493585292555765,4.187128648395264,8.765457547544258,4.578328899148994
15,scenario_30,flow_capacity_ratio,1.8493585292555765,175,5286.2980122217705,4068.588764362268,2200.0,1.8493585292555765,3.1717788073330624,6.639894500622472,3.46811569328941
15,scenario_30,flow_capacity_ratio,1.8493585292555765,176,4439.9389635413945,4068.588764362268,2200.0,1.8493585292555765,2.663963378124837,5.576818832188301,2.9128554540634637
15,scenario_30,delay_min,37.9155759037298,178,6719.55714161299,4130.775148790622,1000.0,4.1307751487906215,5.039667856209742,42.95524375993954,37.9155759037298
15,scenario_30,delay_min,32.215063250113204,129,3327.5142290398862,4068.588764362268,729.0,5.581054546450299,2.079696393149929,34.294759643263134,32.215063250113204
15,scenario_30,delay_min,4.578328899148994,174,6978.5477473254405,4068.588764362268,2200.0,1.8493585292555765,4.187128648395264,8.765457547544258,4.578328899148994
15,scenario_30,delay_min,4.2368113679050685,68,8865.80644588534,4068.588764362268,2335.0,1.7424363016540763,4.470154510530423,8.706965878435492,4.2368113679050685
15,scenario_30,delay_min,3.9708285523236206,61,8361.831024084971,4068.588764362268,2333.0,1.743930031874097,4.1809155120424855,8.151744064366106,3.9708285523236206
15,scenario_30,delay_min,3.46811569328941,175,5286.2980122217705,4068.588764362268,2200.0,1.8493585292555765,3.1717788073330624,6.639894500622472,3.46811569328941
15,scenario_30,delay_min,2.9934373494764976,98,2007.6948653871616,4129.460182546548,1536.0,2.688450639678742,1.115386036326201,4.108823385802698,2.9934373494764976
15,scenario_30,delay_min,2.9128554540634637,176,4439.9389635413945,4068.588764362268,2200.0,1.8493585292555765,2.663963378124837,5.576818832188301,2.9128554540634637
15,scenario_30,delay_min,2.646078523228074,32,4235.803391000821,4068.588764362268,2391.0,1.7016264175500913,2.9552116681401075,5.601290191368181,2.646078523228074
15,scenario_30,delay_min,2.4492803841173214,63,5114.75070314698,4068.588764362268,2333.0,1.743930031874097,2.578865900746377,5.028146284863698,2.4492803841173214
17,scenario_30,flow_capacity_ratio,5.6014755887827965,129,3327.5142290398862,4083.475704222659,729.0,5.6014755887827965,2.079696393149929,34.57838388246816,32.49868748931823
17,scenario_30,flow_capacity_ratio,5.6014755887827965,130,225.05482885543543,4083.475704222659,729.0,5.6014755887827965,0.13503289731326126,2.2451447121989787,2.1101118148857174
17,scenario_30,flow_capacity_ratio,4.146508191450329,178,6719.55714161299,4146.508191450329,1000.0,4.146508191450329,5.039667856209742,43.30275350554804,38.2630856493383
17,scenario_30,flow_capacity_ratio,2.6984271557547377,98,2007.6948653871616,4144.784111239277,1536.0,2.6984271557547377,1.115386036326201,4.135552556111754,3.020166519785553
17,scenario_30,flow_capacity_ratio,2.26758223813573,126,1897.1851262924465,4106.591433263807,1811.0,2.26758223813573,1.073878373373083,2.989220746299871,1.9153423729267878
17,scenario_30,flow_capacity_ratio,2.114552459683347,128,1875.2605068342427,4089.544457027593,1934.0,2.114552459683347,0.9783967861743875,2.454033118605443,1.4756363324310557
17,scenario_30,flow_capacity_ratio,1.90534586866366,92,2550.193392452562,4126.979151525487,2166.0,1.90534586866366,1.577439211826327,3.4302446438002208,1.8528054319738938
17,scenario_30,flow_capacity_ratio,1.8561253201012085,174,6978.5477473254405,4083.475704222659,2200.0,1.8561253201012085,4.187128648395264,8.805765556278244,4.61863690788298
17,scenario_30,flow_capacity_ratio,1.8561253201012085,175,5286.2980122217705,4083.475704222659,2200.0,1.8561253201012085,3.1717788073330624,6.670428095026658,3.4986492876935955
17,scenario_30,flow_capacity_ratio,1.8561253201012085,176,4439.9389635413945,4083.475704222659,2200.0,1.8561253201012085,2.663963378124837,5.602463866800176,2.9385004886753388
17,scenario_30,delay_min,38.2630856493383,178,6719.55714161299,4146.508191450329,1000.0,4.146508191450329,5.039667856209742,43.30275350554804,38.2630856493383
17,scenario_30,delay_min,32.49868748931823,129,3327.5142290398862,4083.475704222659,729.0,5.6014755887827965,2.079696393149929,34.57838388246816,32.49868748931823
17,scenario_30,delay_min,4.61863690788298,174,6978.5477473254405,4083.475704222659,2200.0,1.8561253201012085,4.187128648395264,8.805765556278244,4.61863690788298
17,scenario_30,delay_min,4.274112626373747,68,8865.80644588534,4083.475704222659,2335.0,1.7488118647634514,4.470154510530423,8.74426713690417,4.274112626373747
17,scenario_30,delay_min,4.005788074781254,61,8361.831024084971,4083.475704222659,2333.0,1.7503110605326442,4.1809155120424855,8.18670358682374,4.005788074781254
17,scenario_30,delay_min,3.4986492876935955,175,5286.2980122217705,4083.475704222659,2200.0,1.8561253201012085,3.1717788073330624,6.670428095026658,3.4986492876935955
17,scenario_30,delay_min,3.020166519785553,98,2007.6948653871616,4144.784111239277,1536.0,2.6984271557547377,1.115386036326201,4.135552556111754,3.020166519785553
17,scenario_30,delay_min,2.9385004886753388,176,4439.9389635413945,4083.475704222659,2200.0,1.8561253201012085,2.663963378124837,5.602463866800176,2.9385004886753388
17,scenario_30,delay_min,2.6693748303686378,32,4235.803391000821,4083.475704222659,2391.0,1.7078526575586193,2.9552116681401075,5.624586498508745,2.6693748303686378
17,scenario_30,delay_min,2.4708440631997344,63,5114.75070314698,4083.475704222659,2333.0,1.7503110605326442,2.578865900746377,5.049709963946111,2.4708440631997344
28,scenario_30,flow_capacity_ratio,5.572782487392673,129,3327.5142290398862,4062.558433309259,729.0,5.572782487392673,2.079696393149929,34.18028300787346,32.10058661472353
28,scenario_30,flow_capacity_ratio,5.572782487392673,130,225.05482885543543,4062.558433309259,729.0,5.572782487392673,0.13503289731326126,2.2192963649611186,2.0842634676478573
28,scenario_30,flow_capacity_ratio,4.125175429251303,178,6719.55714161299,4125.175429251303,1000.0,4.125175429251303,5.039667856209742,42.832003846602426,37.79233599039269
28,scenario_30,flow_capacity_ratio,2.684593435288954,98,2007.6948653871616,4123.5355166038335,1536.0,2.684593435288954,1.115386036326201,4.098526267621502,2.9831402312953017
28,scenario_30,flow_capacity_ratio,2.256132188147232,126,1897.1851262924465,4085.8553927346375,1811.0,2.256132188147232,1.073878373373083,2.966091299350831,1.8922129259777478
28,scenario_30,flow_capacity_ratio,2.103814317512574,128,1875.2605068342427,4068.7768900693177,1934.0,2.103814317512574,0.9783967861743875,2.436112386018979,1.4577155998445916
28,scenario_30,flow_capacity_ratio,1.8954573737229639,92,2550.193392452562,4105.56067148394,2166.0,1.8954573737229639,1.577439211826327,3.4072504651185778,1.8298112532922508
28,scenario_30,flow_capacity_ratio,1.8466174696860267,174,6978.5477473254405,4062.558433309259,2200.0,1.8466174696860267,4.187128648395264,8.749188397798601,4.562059749403337
28,scenario_30,flow_capacity_ratio,1.8466174696860267,175,5286.2980122217705,4062.558433309259,2200.0,1.8466174696860267,3.1717788073330624,6.62757050756905,3.455791700235988
28,scenario_30,flow_capacity_ratio,1.8466174696860267,176,4439.9389635413945,4062.558433309259,2200.0,1.8466174696860267,2.663963378124837,5.566467963429522,2.902504585304685
28,scenario_30,delay_min,37.79233599039269,178,6719.55714161299,4125.175429251303,1000.0,4.125175429251303,5.039667856209742,42.832003846602426,37.79233599039269
28,scenario_30,delay_min,32.10058661472353,129,3327.5142290398862,4062.558433309259,729.0,5.572782487392673,2.079696393149929,34.18028300787346,32.10058661472353
28,scenario_30,delay_min,4.562059749403337,174,6978.5477473254405,4062.558433309259,2200.0,1.8466174696860267,4.187128648395264,8.749188397798601,4.562059749403337
28,scenario_30,delay_min,4.221755805033349,68,8865.80644588534,4062.558433309259,2335.0,1.7398537187619951,4.470154510530423,8.691910315563772,4.221755805033349
28,scenario_30,delay_min,3.956718162756788,61,8361.831024084971,4062.558433309259,2333.0,1.741345235023257,4.1809155120424855,8.137633674799273,3.956718162756788
28,scenario_30,delay_min,3.455791700235988,175,5286.2980122217705,4062.558433309259,2200.0,1.8466174696860267,3.1717788073330624,6.62757050756905,3.455791700235988
28,scenario_30,delay_min,2.9831402312953017,98,2007.6948653871616,4123.5355166038335,1536.0,2.684593435288954,1.115386036326201,4.098526267621502,2.9831402312953017
28,scenario_30,delay_min,2.902504585304685,176,4439.9389635413945,4062.558433309259,2200.0,1.8466174696860267,2.663963378124837,5.566467963429522,2.902504585304685
28,scenario_30,delay_min,2.636675649672799,32,4235.803391000821,4062.558433309259,2391.0,1.699104321752095,2.9552116681401075,5.5918873178129065,2.636675649672799
28,scenario_30,delay_min,2.4405768352425983,63,5114.75070314698,4062.558433309259,2333.0,1.741345235023257,2.578865900746377,5.019442735988975,2.4405768352425983
57,scenario_30,flow_capacity_ratio,5.597305430446943,129,3327.5142290398862,4080.435658795822,729.0,5.597305430446943,2.079696393149929,34.52034743785166,32.44065104470173
57,scenario_30,flow_capacity_ratio,5.597305430446943,130,225.05482885543543,4080.435658795822,729.0,5.597305430446943,0.13503289731326126,2.2413764557880245,2.106343558474763
57,scenario_30,flow_capacity_ratio,4.142534120177175,178,6719.55714161299,4142.534120177175,1000.0,4.142534120177175,5.039667856209742,43.21480004502327,38.17513218881353
57,scenario_30,flow_capacity_ratio,2.695973798306746,98,2007.6948653871616,4141.015754199162,1536.0,2.695973798306746,1.115386036326201,4.128966645842091,3.0135806095158904
57,scenario_30,flow_capacity_ratio,2.265691666506473,126,1897.1851262924465,4103.167608043223,1811.0,2.265691666506473,1.073878373373083,2.985390433509916,1.9115120601368332
57,scenario_30,flow_capacity_ratio,2.1129330816064256,128,1875.2605068342427,4086.4125798268274,1934.0,2.1129330816064256,0.9783967861743875,2.451322380762957,1.4729255945885695
57,scenario_30,flow_capacity_ratio,1.9734774546937828,124,1877.417300305622,1438.6650644717677,729.0,1.9734774546937828,1.425886557194143,3.2480284356485316,1.8221418784543886
57,scenario_30,flow_capacity_ratio,1.9004800643676456,92,2550.193392452562,4116.43981942032,2166.0,1.9004800643676456,1.577439211826327,3.4189090289361803,1.8414698171098534
57,scenario_30,flow_capacity_ratio,1.854743481270828,174,6978.5477473254405,4080.435658795822,2200.0,1.854743481270828,4.187128648395264,8.797517553487479,4.610388905092215
57,scenario_30,flow_capacity_ratio,1.854743481270828,175,5286.2980122217705,4080.435658795822,2200.0,1.854743481270828,3.1717788073330624,6.664180176070408,3.4924013687373456
57,scenario_30,flow_capacity_ratio,1.854743481270828,176,4439.9389635413945,4080.435658795822,2200.0,1.854743481270828,2.663963378124837,5.5972162665417775,2.9332528884169404
57,scenario_30,delay_min,38.17513218881353,178,6719.55714161299,4142.534120177175,1000.0,4.142534120177175,5.039667856209742,43.21480004502327,38.17513218881353
57,scenario_30,delay_min,32.44065104470173,129,3327.5142290398862,4080.435658795822,729.0,5.597305430446943,2.079696393149929,34.52034743785166,32.44065104470173
57,scenario_30,delay_min,4.610388905092215,174,6978.5477473254405,4080.435658795822,2200.0,1.854743481270828,4.187128648395264,8.797517553487479,4.610388905092215
57,scenario_30,delay_min,4.266479878103319,68,8865.80644588534,4080.435658795822,2335.0,1.7475099181138423,4.470154510530423,8.736634388633743,4.266479878103319
57,scenario_30,delay_min,3.998634502877037,61,8361.831024084971,4080.435658795822,2333.0,1.7490079977693194,4.1809155120424855,8.179550014919522,3.998634502877037
57,scenario_30,delay_min,3.4924013687373456,175,5286.2980122217705,4080.435658795822,2200.0,1.854743481270828,3.1717788073330624,6.664180176070408,3.4924013687373456
57,scenario_30,delay_min,3.0135806095158904,98,2007.6948653871616,4141.015754199162,1536.0,2.695973798306746,1.115386036326201,4.128966645842091,3.0135806095158904
57,scenario_30,delay_min,2.9332528884169404,176,4439.9389635413945,4080.435658795822,2200.0,1.854743481270828,2.663963378124837,5.5972162665417775,2.9332528884169404
57,scenario_30,delay_min,2.6646078370999313,32,4235.803391000821,4080.435658795822,2391.0,1.706581204013309,2.9552116681401075,5.619819505240039,2.6646078370999313
57,scenario_30,delay_min,2.4664316079374404,63,5114.75070314698,4080.435658795822,2333.0,1.7490079977693194,2.578865900746377,5.045297508683817,2.4664316079374404
62,scenario_30,flow_capacity_ratio,5.602675715951506,129,3327.5142290398862,4084.350596928648,729.0,5.602675715951506,2.079696393149929,34.595097367398104,32.51540097424817
62,scenario_30,flow_capacity_ratio,5.602675715951506,130,225.05482885543543,4084.350596928648,729.0,5.602675715951506,0.13503289731326126,2.2462299043942076,2.1111970070809463
62,scenario_30,flow_capacity_ratio,4.146543657878329,178,6719.55714161299,4146.543657878329,1000.0,4.146543657878329,5.039667856209742,43.30353897401531,38.26387111780557
62,scenario_30,flow_capacity_ratio,2.6986293932838894,98,2007.6948653871616,4145.094748084054,1536.0,2.6986293932838894,1.115386036326201,4.136095826415482,3.020709790089281
62,scenario_30,flow_capacity_ratio,2.2678321345312846,126,1897.1851262924465,4107.043995636156,1811.0,2.2678321345312846,1.073878373373083,2.989727373036788,1.915848999663705
62,scenario_30,flow_capacity_ratio,2.114958802523123,128,1875.2605068342427,4090.33032407972,1934.0,2.114958802523123,0.9783967861743875,2.454713767503419,1.4763169813290316
62,scenario_30,flow_capacity_ratio,1.973477454204977,124,1877.417300305622,1438.6650641154283,729.0,1.973477454204977,1.425886557194143,3.2480284345653603,1.8221418773712172
62,scenario_30,flow_capacity_ratio,1.9022821504819662,92,2550.193392452562,4120.343137943939,2166.0,1.9022821504819662,1.577439211826327,3.4231025253517195,1.8456633135253926
62,scenario_30,flow_capacity_ratio,1.8565229986039309,174,6978.5477473254405,4084.350596928648,2200.0,1.8565229986039309,4.187128648395264,8.808140837384048,4.621012188988784
62,scenario_30,flow_capacity_ratio,1.8565229986039309,175,5286.2980122217705,4084.350596928648,2200.0,1.8565229986039309,3.1717788073330624,6.672227386833883,3.5004485795008202
62,scenario_30,flow_capacity_ratio,1.8565229986039309,176,4439.9389635413945,4084.350596928648,2200.0,1.8565229986039309,2.663963378124837,5.60397508425012,2.940011706125283
62,scenario_30,delay_min,38.26387111780557,178,6719.55714161299,4146.543657878329,1000.0,4.146543657878329,5.039667856209742,43.30353897401531,38.26387111780557
62,scenario_30,delay_min,32.51540097424817,129,3327.5142290398862,4084.350596928648,729.0,5.602675715951506,2.079696393149929,34.595097367398104,32.51540097424817
62,scenario_30,delay_min,4.621012188988784,174,6978.5477473254405,4084.350596928648,2200.0,1.8565229986039309,4.187128648395264,8.808140837384048,4.621012188988784
62,scenario_30,delay_min,4.2763107248967485,68,8865.80644588534,4084.350596928648,2335.0,1.7491865511471725,4.470154510530423,8.746465235427172,4.2763107248967485
62,scenario_30,delay_min,4.007848178859069,61,8361.831024084971,4084.350596928648,2333.0,1.7506860681220093,4.1809155120424855,8.188763690901554,4.007848178859069
62,scenario_30,delay_min,3.5004485795008202,175,5286.2980122217705,4084.350596928648,2200.0,1.8565229986039309,3.1717788073330624,6.672227386833883,3.5004485795008202
62,scenario_30,delay_min,3.020709790089281,98,2007.6948653871616,4145.094748084054,1536.0,2.6986293932838894,1.115386036326201,4.136095826415482,3.020709790089281
62,scenario_30,delay_min,2.940011706125283,176,4439.9389635413945,4084.350596928648,2200.0,1.8565229986039309,2.663963378124837,5.60397508425012,2.940011706125283
62,scenario_30,delay_min,2.6707476413787563,32,4235.803391000821,4084.350596928648,2391.0,1.7082185683515885,2.9552116681401075,5.625959309518864,2.6707476413787563
62,scenario_30,delay_min,2.4721147734408206,63,5114.75070314698,4084.350596928648,2333.0,1.7506860681220093,2.578865900746377,5.050980674187198,2.4721147734408206
90,scenario_30,flow_capacity_ratio,5.607763812816091,129,3327.5142290398862,4088.05981954293,729.0,5.607763812816091,2.079696393149929,34.66601206748446,32.58631567433453
90,scenario_30,flow_capacity_ratio,5.607763812816091,130,225.05482885543543,4088.05981954293,729.0,5.607763812816091,0.13503289731326126,2.2508343348516062,2.115801437538345
90,scenario_30,flow_capacity_ratio,4.147897971886269,178,6719.55714161299,4147.897971886268,1000.0,4.147897971886269,5.039667856209742,43.33353975497947,38.29387189876973
90,scenario_30,flow_capacity_ratio,2.700260590635619,98,2007.6948653871616,4147.600267216311,1536.0,2.700260590635619,1.115386036326201,4.140479793046671,3.0250937567204703
90,scenario_30,flow_capacity_ratio,2.269300115965581,126,1897.1851262924465,4109.702510013667,1811.0,2.269300115965581,1.073878373373083,2.9927050592758464,1.9188266859027634
90,scenario_30,flow_capacity_ratio,2.1167949693077928,128,1875.2605068342427,4093.881470641271,1934.0,2.1167949693077928,0.9783967861743875,2.457791741556527,1.4793949553821397
90,scenario_30,flow_capacity_ratio,1.9734816536835735,124,1877.417300305622,1438.668125535325,729.0,1.9734816536835735,1.425886557194143,3.248037740441781,1.8221511832476378
90,scenario_30,flow_capacity_ratio,1.9032978719082467,92,2550.193392452562,4122.543190553262,2166.0,1.9032978719082467,1.577439211826327,3.4254685851005786,1.8480293732742517
90,scenario_30,flow_capacity_ratio,1.85820900888315,174,6978.5477473254405,4088.05981954293,2200.0,1.85820900888315,4.187128648395264,8.818219067504504,4.63109041910924
90,scenario_30,flow_capacity_ratio,1.85820900888315,175,5286.2980122217705,4088.05981954293,2200.0,1.85820900888315,3.1717788073330624,6.679861715605639,3.508082908272576
90,scenario_30,flow_capacity_ratio,1.85820900888315,176,4439.9389635413945,4088.05981954293,2200.0,1.85820900888315,2.663963378124837,5.610387124149467,2.94642374602463
90,scenario_30,delay_min,38.29387189876973,178,6719.55714161299,4147.897971886268,1000.0,4.147897971886269,5.039667856209742,43.33353975497947,38.29387189876973
90,scenario_30,delay_min,32.58631567433453,129,3327.5142290398862,4088.05981954293,729.0,5.607763812816091,2.079696393149929,34.66601206748446,32.58631567433453
90,scenario_30,delay_min,4.63109041910924,174,6978.5477473254405,4088.05981954293,2200.0,1.85820900888315,4.187128648395264,8.818219067504504,4.63109041910924
90,scenario_30,delay_min,4.2856371758537035,68,8865.80644588534,4088.05981954293,2335.0,1.75077508331603,4.470154510530423,8.755791686384127,4.2856371758537035
90,scenario_30,delay_min,4.016589124474978,61,8361.831024084971,4088.05981954293,2333.0,1.7522759620844106,4.1809155120424855,8.197504636517463,4.016589124474978
90,scenario_30,delay_min,3.508082908272576,175,5286.2980122217705,4088.05981954293,2200.0,1.85820900888315,3.1717788073330624,6.679861715605639,3.508082908272576
90,scenario_30,delay_min,3.0250937567204703,98,2007.6948653871616,4147.600267216311,1536.0,2.700260590635619,1.115386036326201,4.140479793046671,3.0250937567204703
90,scenario_30,delay_min,2.94642374602463,176,4439.9389635413945,4088.05981954293,2200.0,1.85820900888315,2.663963378124837,5.610387124149467,2.94642374602463
90,scenario_30,delay_min,2.676572427859005,32,4235.803391000821,4088.05981954293,2391.0,1.7097698952500753,2.9552116681401075,5.631784095999112,2.676572427859005
90,scenario_30,delay_min,2.4775063501240173,63,5114.75070314698,4088.05981954293,2333.0,1.7522759620844106,2.578865900746377,5.056372250870394,2.4775063501240173
94,scenario_30,flow_capacity_ratio,5.610435951975242,129,3327.5142290398862,4090.007808989951,729.0,5.610435951975242,2.079696393149929,34.70329076292443,32.6235943697745
94,scenario_30,flow_capacity_ratio,5.610435951975242,130,225.05482885543543,4090.007808989951,729.0,5.610435951975242,0.13503289731326126,2.2532548084697264,2.118221911156465
94,scenario_30,flow_capacity_ratio,4.151709804484196,178,6719.55714161299,4151.709804484196,1000.0,4.151709804484196,5.039667856209742,43.41805315929954,38.3783853030898
94,scenario_30,flow_capacity_ratio,2.7019925096977637,98,2007.6948653871616,4150.260494895765,1536.0,2.7019925096977637,1.115386036326201,4.145138516750994,3.0297524804247935
94,scenario_30,flow_capacity_ratio,2.270878532580548,126,1897.1851262924465,4112.561022503372,1811.0,2.270878532580548,1.073878373373083,2.995909764735207,1.9220313913621239
94,scenario_30,flow_capacity_ratio,2.1178955165182005,128,1875.2605068342427,4096.0099289462,1934.0,2.1178955165182005,0.9783967861743875,2.459638386054574,1.4812415998801867
94,scenario_30,flow_capacity_ratio,1.9734774482065118,124,1877.417300305622,1438.665059742547,729.0,1.9734774482065118,1.425886557194143,3.2480284212730206,1.8221418640788776
94,scenario_30,flow_capacity_ratio,1.9048735978621618,92,2550.193392452562,4125.956212969442,2166.0,1.9048735978621618,1.577439211826327,3.429142640301637,1.8517034284753102
94,scenario_30,flow_capacity_ratio,1.859094458631796,174,6978.5477473254405,4090.007808989951,2200.0,1.859094458631796,4.187128648395264,8.823517027881936,4.636388379486672
94,scenario_30,flow_capacity_ratio,1.859094458631796,175,5286.2980122217705,4090.007808989951,2200.0,1.859094458631796,3.1717788073330624,6.683874957103166,3.5120961497701035
94,scenario_30,flow_capacity_ratio,1.859094458631796,176,4439.9389635413945,4090.007808989951,2200.0,1.859094458631796,2.663963378124837,5.613757828421867,2.9497944502970297
94,scenario_30,delay_min,38.3783853030898,178,6719.55714161299,4151.709804484196,1000.0,4.151709804484196,5.039667856209742,43.41805315929954,38.3783853030898
94,scenario_30,delay_min,32.6235943697745,129,3327.5142290398862,4090.007808989951,729.0,5.610435951975242,2.079696393149929,34.70329076292443,32.6235943697745
94,scenario_30,delay_min,4.636388379486672,174,6978.5477473254405,4090.007808989951,2200.0,1.859094458631796,4.187128648395264,8.823517027881936,4.636388379486672
94,scenario_30,delay_min,4.290539938247638,68,8865.80644588534,4090.007808989951,2335.0,1.751609340038523,4.470154510530423,8.760694448778061,4.290539938247638
94,scenario_30,delay_min,4.021184096308408,61,8361.831024084971,4090.007808989951,2333.0,1.7531109339862627,4.1809155120424855,8.202099608350894,4.021184096308408
94,scenario_30,delay_min,3.5120961497701035,175,5286.2980122217705,4090.007808989951,2200.0,1.859094458631796,3.1717788073330624,6.683874957103166,3.5120961497701035
94,scenario_30,delay_min,3.0297524804247935,98,2007.6948653871616,4150.260494895765,1536.0,2.7019925096977637,1.115386036326201,4.145138516750994,3.0297524804247935
94,scenario_30,delay_min,2.9497944502970297,176,4439.9389635413945,4090.007808989951,2200.0,1.859094458631796,2.663963378124837,5.613757828421867,2.9497944502970297
94,scenario_30,delay_min,2.679634422634923,32,4235.803391000821,4090.007808989951,2391.0,1.7105846127101427,2.9552116681401075,5.634846090775031,2.679634422634923
94,scenario_30,delay_min,2.4803406136105655,63,5114.75070314698,4090.007808989951,2333.0,1.7531109339862627,2.578865900746377,5.0592065143569425,2.4803406136105655
104,scenario_30,flow_capacity_ratio,5.608271944786204,129,3327.5142290398862,4088.430247749143,729.0,5.608271944786204,2.079696393149929,34.673099041732556,32.593402648582625
104,scenario_30,flow_capacity_ratio,5.608271944786204,130,225.05482885543543,4088.430247749143,729.0,5.608271944786204,0.13503289731326126,2.2512944859914827,2.1162615886782215
104,scenario_30,flow_capacity_ratio,4.148381123754783,178,6719.55714161299,4148.381123754783,1000.0,4.148381123754783,5.039667856209742,43.34424586076119,38.30457800455145
104,scenario_30,flow_capacity_ratio,2.700565004171033,98,2007.6948653871616,4148.067846406707,1536.0,2.700565004171033,1.115386036326201,4.141298338184475,3.0259123018582743
104,scenario_30,flow_capacity_ratio,2.269512154095772,126,1897.1851262924465,4110.086511067443,1811.0,2.269512154095772,1.073878373373083,2.993135385117688,1.919257011744605
104,scenario_30,flow_capacity_ratio,2.1169864820014452,128,1875.2605068342427,4094.251856190795,1934.0,2.1169864820014452,0.9783967861743875,2.4581129904563195,1.479716204281932
104,scenario_30,flow_capacity_ratio,1.9734773062834199,124,1877.417300305622,1438.664956280613,729.0,1.9734773062834199,1.425886557194143,3.2480281067776176,1.8221415495834745
104,scenario_30,flow_capacity_ratio,1.9034699866172125,92,2550.193392452562,4122.915991012882,2166.0,1.9034699866172125,1.577439211826327,3.4258696907943866,1.8484304789680597
104,scenario_30,flow_capacity_ratio,1.8583773853405194,174,6978.5477473254405,4088.430247749143,2200.0,1.8583773853405194,4.187128648395264,8.819226251589658,4.632097603194394
104,scenario_30,flow_capacity_ratio,1.8583773853405194,175,5286.2980122217705,4088.430247749143,2200.0,1.8583773853405194,3.1717788073330624,6.680624664491289,3.508845857158227
104,scenario_30,flow_capacity_ratio,1.8583773853405194,176,4439.9389635413945,4088.430247749143,2200.0,1.8583773853405194,2.663963378124837,5.611027921637002,2.947064543512165
104,scenario_30,delay_min,38.30457800455145,178,6719.55714161299,4148.381123754783,1000.0,4.148381123754783,5.039667856209742,43.34424586076119,38.30457800455145
104,scenario_30,delay_min,32.593402648582625,129,3327.5142290398862,4088.430247749143,729.0,5.608271944786204,2.079696393149929,34.673099041732556,32.593402648582625
104,scenario_30,delay_min,4.632097603194394,174,6978.5477473254405,4088.430247749143,2200.0,1.8583773853405194,4.187128648395264,8.819226251589658,4.632097603194394
104,scenario_30,delay_min,4.28656922968285,68,8865.80644588534,4088.430247749143,2335.0,1.7509337249460997,4.470154510530423,8.756723740213273,4.28656922968285
104,scenario_30,delay_min,4.0174626648891465,61,8361.831024084971,4088.430247749143,2333.0,1.7524347397124487,4.1809155120424855,8.198378176931632,4.0174626648891465
104,scenario_30,delay_min,3.508845857158227,175,5286.2980122217705,4088.430247749143,2200.0,1.8583773853405194,3.1717788073330624,6.680624664491289,3.508845857158227
104,scenario_30,delay_min,3.0259123018582743,98,2007.6948653871616,4148.067846406707,1536.0,2.700565004171033,1.115386036326201,4.141298338184475,3.0259123018582743
104,scenario_30,delay_min,2.947064543512165,176,4439.9389635413945,4088.430247749143,2200.0,1.8583773853405194,2.663963378124837,5.611027921637002,2.947064543512165
104,scenario_30,delay_min,2.6771545372345797,32,4235.803391000821,4088.430247749143,2391.0,1.7099248213087173,2.9552116681401075,5.632366205374687,2.6771545372345797
104,scenario_30,delay_min,2.4780451659839735,63,5114.75070314698,4088.430247749143,2333.0,1.7524347397124487,2.578865900746377,5.0569110667303505,2.4780451659839735
152,scenario_30,flow_capacity_ratio,5.265750411694875,129,3327.5142290398862,3838.732050125564,729.0,5.265750411694875,2.079696393149929,30.098178009175108,28.018481616025177
152,scenario_30,flow_capacity_ratio,5.265750411694875,130,225.05482885543543,3838.732050125564,729.0,5.265750411694875,0.13503289731326126,1.954248799880571,1.8192159025673098
152,scenario_30,flow_capacity_ratio,3.897854674925572,178,6719.55714161299,3897.854674925572,1000.0,3.897854674925572,5.039667856209742,38.025197890088734,32.985530033878995
152,scenario_30,flow_capacity_ratio,2.537119768682071,98,2007.6948653871616,3897.015964695661,1536.0,2.537119768682071,1.115386036326201,3.7202409457020864,2.6048549093758853
152,scenario_30,flow_capacity_ratio,2.131952769711497,126,1897.1851262924465,3860.9664659475206,1811.0,2.131952769711497,1.073878373373083,2.725692953878107,1.6518145805050242
152,scenario_30,flow_capacity_ratio,1.9879208484040702,128,1875.2605068342427,3844.638920813472,1934.0,1.9879208484040702,0.9783967861743875,2.2507650799004204,1.272368293726033
152,scenario_30,flow_capacity_ratio,1.7882447511993962,92,2550.193392452562,3873.338131097892,2166.0,1.7882447511993962,1.577439211826327,3.168611998295663,1.591172786469336
152,scenario_30,flow_capacity_ratio,1.744878204602529,174,6978.5477473254405,3838.732050125564,2200.0,1.744878204602529,4.187128648395264,8.169049251716508,3.981920603321244
152,scenario_30,flow_capacity_ratio,1.744878204602529,175,5286.2980122217705,3838.732050125564,2200.0,1.744878204602529,3.1717788073330624,6.188111106303055,3.016332298969993
152,scenario_30,flow_capacity_ratio,1.744878204602529,176,4439.9389635413945,3838.732050125564,2200.0,1.744878204602529,2.663963378124837,5.197367902467311,2.5334045243424743
152,scenario_30,delay_min,32.985530033878995,178,6719.55714161299,3897.854674925572,1000.0,3.897854674925572,5.039667856209742,38.025197890088734,32.985530033878995
152,scenario_30,delay_min,28.018481616025177,129,3327.5142290398862,3838.732050125564,729.0,5.265750411694875,2.079696393149929,30.098178009175108,28.018481616025177
152,scenario_30,delay_min,3.981920603321244,174,6978.5477473254405,3838.732050125564,2200.0,1.744878204602529,4.187128648395264,8.169049251716508,3.981920603321244
152,scenario_30,delay_min,3.6848917694363825,68,8865.80644588534,3838.732050125564,2335.0,1.643996595342854,4.470154510530423,8.155046279966806,3.6848917694363825
152,scenario_30,delay_min,3.4535579188495396,61,8361.831024084971,3838.732050125564,2333.0,1.6454059366161868,4.1809155120424855,7.634473430892025,3.4535579188495396
152,scenario_30,delay_min,3.016332298969993,175,5286.2980122217705,3838.732050125564,2200.0,1.744878204602529,3.1717788073330624,6.188111106303055,3.016332298969993
152,scenario_30,delay_min,2.6048549093758853,98,2007.6948653871616,3897.015964695661,1536.0,2.537119768682071,1.115386036326201,3.7202409457020864,2.6048549093758853
152,scenario_30,delay_min,2.5334045243424743,176,4439.9389635413945,3838.732050125564,2200.0,1.744878204602529,2.663963378124837,5.197367902467311,2.5334045243424743
152,scenario_30,delay_min,2.3013800060555307,32,4235.803391000821,3838.732050125564,2391.0,1.6054922836158778,2.9552116681401075,5.256591674195638,2.3013800060555307
152,scenario_30,delay_min,2.1302183044647944,63,5114.75070314698,3838.732050125564,2333.0,1.6454059366161868,2.578865900746377,4.709084205211171,2.1302183044647944
176,scenario_30,flow_capacity_ratio,5.577102407945871,129,3327.5142290398862,4065.70765539254,729.0,5.577102407945871,2.079696393149929,34.24003652850039,32.16034013535046
176,scenario_30,flow_capacity_ratio,5.577102407945871,130,225.05482885543543,4065.70765539254,729.0,5.577102407945871,0.13503289731326126,2.2231761096399563,2.088143212326695
176,scenario_30,flow_capacity_ratio,4.126889901045569,178,6719.55714161299,4126.889901045569,1000.0,4.126889901045569,5.039667856209742,42.86971147671602,37.83004362050628
176,scenario_30,flow_capacity_ratio,2.685988224015199,98,2007.6948653871616,4125.677912087345,1536.0,2.685988224015199,1.115386036326201,4.1022473796480385,2.986861343321838
176,scenario_30,flow_capacity_ratio,2.2569400071331565,126,1897.1851262924465,4087.318352918146,1811.0,2.2569400071331565,1.073878373373083,2.967717745181096,1.8938393718080129
176,scenario_30,flow_capacity_ratio,2.1054697390396355,128,1875.2605068342427,4071.978475302655,1934.0,2.1054697390396355,0.9783967861743875,2.4388667695106734,1.460469983336286
176,scenario_30,flow_capacity_ratio,1.895308191445602,92,2550.193392452562,4105.237542671174,2166.0,1.895308191445602,1.577439211826327,3.4069048467474357,1.8294656349211087
176,scenario_30,flow_capacity_ratio,1.8480489342693363,174,6978.5477473254405,4065.70765539254,2200.0,1.8480489342693363,4.187128648395264,8.757680427387001,4.570551778991737
176,scenario_30,flow_capacity_ratio,1.8480489342693363,175,5286.2980122217705,4065.70765539254,2200.0,1.8480489342693363,3.1717788073330624,6.634003278506254,3.462224471173192
176,scenario_30,flow_capacity_ratio,1.8480489342693363,176,4439.9389635413945,4065.70765539254,2200.0,1.8480489342693363,2.663963378124837,5.571870820071655,2.9079074419468176
176,scenario_30,delay_min,37.83004362050628,178,6719.55714161299,4126.889901045569,1000.0,4.126889901045569,5.039667856209742,42.86971147671602,37.83004362050628
176,scenario_30,delay_min,32.16034013535046,129,3327.5142290398862,4065.70765539254,729.0,5.577102407945871,2.079696393149929,34.24003652850039,32.16034013535046
176,scenario_30,delay_min,4.570551778991737,174,6978.5477473254405,4065.70765539254,2200.0,1.8480489342693363,4.187128648395264,8.757680427387001,4.570551778991737
176,scenario_30,delay_min,4.229614377077707,68,8865.80644588534,4065.70765539254,2335.0,1.7412024220096531,4.470154510530423,8.69976888760813,4.229614377077707
176,scenario_30,delay_min,3.9640833814423804,61,8361.831024084971,4065.70765539254,2333.0,1.742695094467441,4.1809155120424855,8.144998893484866,3.9640833814423804
176,scenario_30,delay_min,3.462224471173192,175,5286.2980122217705,4065.70765539254,2200.0,1.8480489342693363,3.1717788073330624,6.634003278506254,3.462224471173192
176,scenario_30,delay_min,2.986861343321838,98,2007.6948653871616,4125.677912087345,1536.0,2.685988224015199,1.115386036326201,4.1022473796480385,2.986861343321838
176,scenario_30,delay_min,2.9079074419468176,176,4439.9389635413945,4065.70765539254,2200.0,1.8480489342693363,2.663963378124837,5.571870820071655,2.9079074419468176
176,scenario_30,delay_min,2.6415836800060197,32,4235.803391000821,4065.70765539254,2391.0,1.7004214368015642,2.9552116681401075,5.596795348146127,2.6415836800060197
176,scenario_30,delay_min,2.4451198381483263,63,5114.75070314698,4065.70765539254,2333.0,1.742695094467441,2.578865900746377,5.023985738894703,2.4451198381483263
177,scenario_30,flow_capacity_ratio,5.610326941641702,129,3327.5142290398862,4089.928340456801,729.0,5.610326941641702,2.079696393149929,34.70176948626149,32.62207309311156
177,scenario_30,flow_capacity_ratio,5.610326941641702,130,225.05482885543543,4089.928340456801,729.0,5.610326941641702,0.13503289731326126,2.2531560332849976,2.1181231359717363
177,scenario_30,flow_capacity_ratio,4.153356939008959,178,6719.55714161299,4153.356939008959,1000.0,4.153356939008959,5.039667856209742,43.45460595684215,38.41493810063241
177,scenario_30,flow_capacity_ratio,2.703106350575792,98,2007.6948653871616,4151.971354484416,1536.0,2.703106350575792,1.115386036326201,4.148136869410218,3.032750833084017
177,scenario_30,flow_capacity_ratio,2.2707365653419243,126,1897.1851262924465,4112.303919834225,1811.0,2.2707365653419243,1.073878373373083,2.995621396816596,1.9217430234435129
177,scenario_30,flow_capacity_ratio,2.1178491558139427,128,1875.2605068342427,4095.9202673441655,1934.0,2.1178491558139427,0.9783967861743875,2.4595605687862947,1.4811637826119073
177,scenario_30,flow_capacity_ratio,1.9734774471964316,124,1877.417300305622,1438.6650590061986,729.0,1.9734774471964316,1.425886557194143,3.248028419034726,1.8221418618405831
177,scenario_30,flow_capacity_ratio,1.9046578111265027,92,2550.193392452562,4125.488818900005,2166.0,1.9046578111265027,1.577439211826327,3.428639247714244,1.8512000358879173
177,scenario_30,flow_capacity_ratio,1.8590583365712732,174,6978.5477473254405,4089.928340456801,2200.0,1.8590583365712732,4.187128648395264,8.823300827626312,4.636172179231048
177,scenario_30,flow_capacity_ratio,1.8590583365712732,175,5286.2980122217705,4089.928340456801,2200.0,1.8590583365712732,3.1717788073330624,6.683711183919557,3.5119323765864943
177,scenario_30,flow_capacity_ratio,1.8590583365712732,176,4439.9389635413945,4089.928340456801,2200.0,1.8590583365712732,2.663963378124837,5.613620276029359,2.9496568979045223
177,scenario_30,delay_min,38.41493810063241,178,6719.55714161299,4153.356939008959,1000.0,4.153356939008959,5.039667856209742,43.45460595684215,38.41493810063241
177,scenario_30,delay_min,32.62207309311156,129,3327.5142290398862,4089.928340456801,729.0,5.610326941641702,2.079696393149929,34.70176948626149,32.62207309311156
177,scenario_30,delay_min,4.636172179231048,174,6978.5477473254405,4089.928340456801,2200.0,1.8590583365712732,4.187128648395264,8.823300827626312,4.636172179231048
177,scenario_30,delay_min,4.290339865312522,68,8865.80644588534,4089.928340456801,2335.0,1.7515753064054822,4.470154510530423,8.760494375842946,4.290339865312522
177,scenario_30,delay_min,4.02099658375373,61,8361.831024084971,4089.928340456801,2333.0,1.7530768711773685,4.1809155120424855,8.201912095796215,4.02099658375373
177,scenario_30,delay_min,3.5119323765864943,175,5286.2980122217705,4089.928340456801,2200.0,1.8590583365712732,3.1717788073330624,6.683711183919557,3.5119323765864943
177,scenario_30,delay_min,3.032750833084017,98,2007.6948653871616,4151.971354484416,1536.0,2.703106350575792,1.115386036326201,4.148136869410218,3.032750833084017
177,scenario_30,delay_min,2.9496568979045223,176,4439.9389635413945,4089.928340456801,2200.0,1.8590583365712732,2.663963378124837,5.613620276029359,2.9496568979045223
177,scenario_30,delay_min,2.6795094681229776,32,4235.803391000821,4089.928340456801,2391.0,1.7105513761843585,2.9552116681401075,5.634721136263085,2.6795094681229776
177,scenario_30,delay_min,2.480224952403868,63,5114.75070314698,4089.928340456801,2333.0,1.7530768711773685,2.578865900746377,5.059090853150245,2.480224952403868
206,scenario_30,flow_capacity_ratio,5.606926199905978,129,3327.5142290398862,4087.4491997314576,729.0,5.606926199905978,2.079696393149929,34.654331747488754,32.574635354338824
206,scenario_30,flow_capacity_ratio,5.606926199905978,130,225.05482885543543,4087.4491997314576,729.0,5.606926199905978,0.13503289731326126,2.2500759417247247,2.1150430444114634
206,scenario_30,flow_capacity_ratio,4.147211702112301,178,6719.55714161299,4147.211702112301,1000.0,4.147211702112301,5.039667856209742,43.318335784131044,38.278667927921305
206,scenario_30,flow_capacity_ratio,2.6998172634271356,98,2007.6948653871616,4146.91931662408,1536.0,2.6998172634271356,1.115386036326201,4.139287950524968,3.023901914198767
206,scenario_30,flow_capacity_ratio,2.26897917053518,126,1897.1851262924465,4109.121277839211,1811.0,2.26897917053518,1.073878373373083,2.9920538159942023,1.9181754426211193
206,scenario_30,flow_capacity_ratio,2.1164796801900008,128,1875.2605068342427,4093.271701487461,1934.0,2.1164796801900008,0.9783967861743875,2.457262955153122,1.4788661689787346
206,scenario_30,flow_capacity_ratio,1.9734777128673966,124,1877.417300305622,1438.665252680332,729.0,1.9734777128673966,1.425886557194143,3.2480290077501235,1.8221424505559805
206,scenario_30,flow_capacity_ratio,1.9030314756435973,92,2550.193392452562,4121.966176244032,2166.0,1.9030314756435973,1.577439211826327,3.4248478605413966,1.8474086487150696
206,scenario_30,flow_capacity_ratio,1.8579314544233898,174,6978.5477473254405,4087.4491997314576,2200.0,1.8579314544233898,4.187128648395264,8.816559087942386,4.6294304395471215
206,scenario_30,flow_capacity_ratio,1.8579314544233898,175,5286.2980122217705,4087.4491997314576,2200.0,1.8579314544233898,3.1717788073330624,6.678604269647356,3.5068254623142936
206,scenario_30,flow_capacity_ratio,1.8579314544233898,176,4439.9389635413945,4087.4491997314576,2200.0,1.8579314544233898,2.663963378124837,5.609331000697513,2.945367622572676
206,scenario_30,delay_min,38.278667927921305,178,6719.55714161299,4147.211702112301,1000.0,4.147211702112301,5.039667856209742,43.318335784131044,38.278667927921305
206,scenario_30,delay_min,32.574635354338824,129,3327.5142290398862,4087.4491997314576,729.0,5.606926199905978,2.079696393149929,34.654331747488754,32.574635354338824
206,scenario_30,delay_min,4.6294304395471215,174,6978.5477473254405,4087.4491997314576,2200.0,1.8579314544233898,4.187128648395264,8.816559087942386,4.6294304395471215
206,scenario_30,delay_min,4.284101021410847,68,8865.80644588534,4087.4491997314576,2335.0,1.750513575902123,4.470154510530423,8.75425553194127,4.284101021410847
206,scenario_30,delay_min,4.015149408284479,61,8361.831024084971,4087.4491997314576,2333.0,1.752014230489266,4.1809155120424855,8.196064920326965,4.015149408284479
206,scenario_30,delay_min,3.5068254623142936,175,5286.2980122217705,4087.4491997314576,2200.0,1.8579314544233898,3.1717788073330624,6.678604269647356,3.5068254623142936
206,scenario_30,delay_min,3.023901914198767,98,2007.6948653871616,4146.91931662408,1536.0,2.6998172634271356,1.115386036326201,4.139287950524968,3.023901914198767
206,scenario_30,delay_min,2.945367622572676,176,4439.9389635413945,4087.4491997314576,2200.0,1.8579314544233898,2.663963378124837,5.609331000697513,2.945367622572676
206,scenario_30,delay_min,2.675613030584348,32,4235.803391000821,4087.4491997314576,2391.0,1.7095145126438551,2.9552116681401075,5.630824698724456,2.675613030584348
206,scenario_30,delay_min,2.4766183065891174,63,5114.75070314698,4087.4491997314576,2333.0,1.752014230489266,2.578865900746377,5.055484207335494,2.4766183065891174
209,scenario_30,flow_capacity_ratio,5.597846873843277,129,3327.5142290398862,4080.830371031749,729.0,5.597846873843277,2.079696393149929,34.527879332994424,32.44818293984449
209,scenario_30,flow_capacity_ratio,5.597846873843277,130,225.05482885543543,4080.830371031749,729.0,5.597846873843277,0.13503289731326126,2.241865495258755,2.106832597945494
209,scenario_30,flow_capacity_ratio,4.142980441499051,178,6719.55714161299,4142.980441499051,1000.0,4.142980441499051,5.039667856209742,43.22467206635079,38.18500421014105
209,scenario_30,flow_capacity_ratio,2.6963181403055203,98,2007.6948653871616,4141.544663509279,1536.0,2.6963181403055203,1.115386036326201,4.129890508070263,3.014504471744062
209,scenario_30,flow_capacity_ratio,2.26619805272848,126,1897.1851262924465,4104.0846734912775,1811.0,2.26619805272848,1.073878373373083,2.98641593737177,1.912537563998687
209,scenario_30,flow_capacity_ratio,2.11324404249466,128,1875.2605068342427,4087.013978184673,1934.0,2.11324404249466,0.9783967861743875,2.451842684344193,1.4734458981698055
209,scenario_30,flow_capacity_ratio,1.9038232406972284,92,2550.193392452562,4123.681139350197,2166.0,1.9038232406972284,1.577439211826327,3.4266930928226134,1.8492538809962864
209,scenario_30,flow_capacity_ratio,1.8549228959235222,174,6978.5477473254405,4080.830371031749,2200.0,1.8549228959235222,4.187128648395264,8.798587968682066,4.6114593202868015
209,scenario_30,flow_capacity_ratio,1.8549228959235222,175,5286.2980122217705,4080.830371031749,2200.0,1.8549228959235222,3.1717788073330624,6.664991022957221,3.4932122156241583
209,scenario_30,flow_capacity_ratio,1.8549228959235222,176,4439.9389635413945,4080.830371031749,2200.0,1.8549228959235222,2.663963378124837,5.597897293354474,2.9339339152296366
209,scenario_30,delay_min,38.18500421014105,178,6719.55714161299,4142.980441499051,1000.0,4.142980441499051,5.039667856209742,43.22467206635079,38.18500421014105
209,scenario_30,delay_min,32.44818293984449,129,3327.5142290398862,4080.830371031749,729.0,5.597846873843277,2.079696393149929,34.527879332994424,32.44818293984449
209,scenario_30,delay_min,4.6114593202868015,174,6978.5477473254405,4080.830371031749,2200.0,1.8549228959235222,4.187128648395264,8.798587968682066,4.6114593202868015
209,scenario_30,delay_min,4.267470446357524,68,8865.80644588534,4080.830371031749,2335.0,1.7476789597566378,4.470154510530423,8.737624956887947,4.267470446357524
209,scenario_30,delay_min,3.9995628842386957,61,8361.831024084971,4080.830371031749,2333.0,1.7491771843256534,4.1809155120424855,8.180478396281181,3.9995628842386957
209,scenario_30,delay_min,3.4932122156241583,175,5286.2980122217705,4080.830371031749,2200.0,1.8549228959235222,3.1717788073330624,6.664991022957221,3.4932122156241583
209,scenario_30,delay_min,3.014504471744062,98,2007.6948653871616,4141.544663509279,1536.0,2.6963181403055203,1.115386036326201,4.129890508070263,3.014504471744062
209,scenario_30,delay_min,2.9339339152296366,176,4439.9389635413945,4080.830371031749,2200.0,1.8549228959235222,2.663963378124837,5.597897293354474,2.9339339152296366
209,scenario_30,delay_min,2.665226491355605,32,4235.803391000821,4080.830371031749,2391.0,1.7067462865042866,2.9552116681401075,5.620438159495713,2.665226491355605
209,scenario_30,delay_min,2.4670042507066063,63,5114.75070314698,4080.830371031749,2333.0,1.7491771843256534,2.578865900746377,5.045870151452983,2.4670042507066063
227,scenario_30,flow_capacity_ratio,5.61157093504048,129,3327.5142290398862,4090.83521164451,729.0,5.61157093504048,2.079696393149929,34.7191323000813,32.63943590693137
227,scenario_30,flow_capacity_ratio,5.61157093504048,130,225.05482885543543,4090.83521164451,729.0,5.61157093504048,0.13503289731326126,2.2542833858463247,2.1192504885330634
227,scenario_30,flow_capacity_ratio,4.1530169490568785,178,6719.55714161299,4153.016949056879,1000.0,4.1530169490568785,5.039667856209742,43.447059322289746,38.40739146608001
227,scenario_30,flow_capacity_ratio,2.702773670731761,98,2007.6948653871616,4151.460358243985,1536.0,2.702773670731761,1.115386036326201,4.14724114602498,3.031855109698779
227,scenario_30,flow_capacity_ratio,2.27161145600998,126,1897.1851262924465,4113.888346834074,1811.0,2.27161145600998,1.073878373373083,2.9973989013055404,1.9235205279324574
227,scenario_30,flow_capacity_ratio,2.11836052625559,128,1875.2605068342427,4096.90925777831,1934.0,2.11836052625559,0.9783967861743875,2.460419045113071,1.4820222589386836
227,scenario_30,flow_capacity_ratio,1.9734774541010187,124,1877.417300305622,1438.6650640396426,729.0,1.9734774541010187,1.425886557194143,3.2480284343349926,1.8221418771408495
227,scenario_30,flow_capacity_ratio,1.9054110472750638,92,2550.193392452562,4127.120328397788,2166.0,1.9054110472750638,1.577439211826327,3.4303967625465717,1.8529575507202447
227,scenario_30,flow_capacity_ratio,1.8594705507475044,174,6978.5477473254405,4090.83521164451,2200.0,1.8594705507475044,4.187128648395264,8.825768389824301,4.638639741429037
227,scenario_30,flow_capacity_ratio,1.8594705507475044,175,5286.2980122217705,4090.83521164451,2200.0,1.8594705507475044,3.1717788073330624,6.685580379290079,3.513801571957017
227,scenario_30,flow_capacity_ratio,1.8594705507475044,176,4439.9389635413945,4090.83521164451,2200.0,1.8594705507475044,2.663963378124837,5.615190205181455,2.951226827056618
227,scenario_30,delay_min,38.40739146608001,178,6719.55714161299,4153.016949056879,1000.0,4.1530169490568785,5.039667856209742,43.447059322289746,38.40739146608001
227,scenario_30,delay_min,32.63943590693137,129,3327.5142290398862,4090.83521164451,729.0,5.61157093504048,2.079696393149929,34.7191323000813,32.63943590693137
227,scenario_30,delay_min,4.638639741429037,174,6978.5477473254405,4090.83521164451,2200.0,1.8594705507475044,4.187128648395264,8.825768389824301,4.638639741429037
227,scenario_30,delay_min,4.292623361278353,68,8865.80644588534,4090.83521164451,2335.0,1.7519636880704539,4.470154510530423,8.762777871808776,4.292623361278353
227,scenario_30,delay_min,4.02313672410761,61,8361.831024084971,4090.83521164451,2333.0,1.753465585788474,4.1809155120424855,8.204052236150096,4.02313672410761
227,scenario_30,delay_min,3.513801571957017,175,5286.2980122217705,4090.83521164451,2200.0,1.8594705507475044,3.1717788073330624,6.685580379290079,3.513801571957017
227,scenario_30,delay_min,3.031855109698779,98,2007.6948653871616,4151.460358243985,1536.0,2.702773670731761,1.115386036326201,4.14724114602498,3.031855109698779
227,scenario_30,delay_min,2.951226827056618,176,4439.9389635413945,4090.83521164451,2200.0,1.8594705507475044,2.663963378124837,5.615190205181455,2.951226827056618
227,scenario_30,delay_min,2.6809356136622458,32,4235.803391000821,4090.83521164451,2391.0,1.7109306614991677,2.9552116681401075,5.636147281802353,2.6809356136622458
227,scenario_30,delay_min,2.4815450304981357,63,5114.75070314698,4090.83521164451,2333.0,1.753465585788474,2.578865900746377,5.060410931244513,2.4815450304981357
233,scenario_30,flow_capacity_ratio,5.610772235984905,129,3327.5142290398862,4090.252960032996,729.0,5.610772235984905,2.079696393149929,34.707983982571626,32.628287589421696
233,scenario_30,flow_capacity_ratio,5.610772235984905,130,225.05482885543543,4090.252960032996,729.0,5.610772235984905,0.13503289731326126,2.2535595351830944,2.118526637869833
233,scenario_30,flow_capacity_ratio,4.150180832698013,178,6719.55714161299,4150.180832698014,1000.0,4.150180832698013,5.039667856209742,43.38414076482236,38.34447290861262
233,scenario_30,flow_capacity_ratio,2.7017424123380978,98,2007.6948653871616,4149.876345351318,1536.0,2.7017424123380978,1.115386036326201,4.144465516512727,3.0290794801865264
233,scenario_30,flow_capacity_ratio,2.2705124008652438,126,1897.1851262924465,4111.897957966957,1811.0,2.2705124008652438,1.073878373373083,2.9951661189046694,1.9212877455315864
233,scenario_30,flow_capacity_ratio,2.1179287946674807,128,1875.2605068342427,4096.074288886908,1934.0,2.1179287946674807,0.9783967861743875,2.459694245491495,1.4812974593171075
233,scenario_30,flow_capacity_ratio,1.9735285417194894,124,1877.417300305622,1438.7023069135078,729.0,1.9735285417194894,1.425886557194143,3.2481416443347633,1.8222550871406202
233,scenario_30,flow_capacity_ratio,1.9043095447862253,92,2550.193392452562,4124.734474006964,2166.0,1.9043095447862253,1.577439211826327,3.4278269718626486,1.8503877600363217
233,scenario_30,flow_capacity_ratio,1.859205890924089,174,6978.5477473254405,4090.252960032996,2200.0,1.859205890924089,4.187128648395264,8.82418401720224,4.637055368806976
233,scenario_30,flow_capacity_ratio,1.859205890924089,175,5286.2980122217705,4090.252960032996,2200.0,1.859205890924089,3.1717788073330624,6.684380206109946,3.5126013987768836
233,scenario_30,flow_capacity_ratio,1.859205890924089,176,4439.9389635413945,4090.252960032996,2200.0,1.859205890924089,2.663963378124837,5.614182184889532,2.9502188067646946
233,scenario_30,delay_min,38.34447290861262,178,6719.55714161299,4150.180832698014,1000.0,4.150180832698013,5.039667856209742,43.38414076482236,38.34447290861262
233,scenario_30,delay_min,32.628287589421696,129,3327.5142290398862,4090.252960032996,729.0,5.610772235984905,2.079696393149929,34.707983982571626,32.628287589421696
233,scenario_30,delay_min,4.637055368806976,174,6978.5477473254405,4090.252960032996,2200.0,1.859205890924089,4.187128648395264,8.82418401720224,4.637055368806976
233,scenario_30,delay_min,4.29115717392397,68,8865.80644588534,4090.252960032996,2335.0,1.7517143297785849,4.470154510530423,8.761311684454393,4.29115717392397
233,scenario_30,delay_min,4.021762582541161,61,8361.831024084971,4090.252960032996,2333.0,1.7532160137303883,4.1809155120424855,8.202678094583646,4.021762582541161
233,scenario_30,delay_min,3.5126013987768836,175,5286.2980122217705,4090.252960032996,2200.0,1.859205890924089,3.1717788073330624,6.684380206109946,3.5126013987768836
233,scenario_30,delay_min,3.0290794801865264,98,2007.6948653871616,4149.876345351318,1536.0,2.7017424123380978,1.115386036326201,4.144465516512727,3.0290794801865264
233,scenario_30,delay_min,2.9502188067646946,176,4439.9389635413945,4090.252960032996,2200.0,1.859205890924089,2.663963378124837,5.614182184889532,2.9502188067646946
233,scenario_30,delay_min,2.6800199139691094,32,4235.803391000821,4090.252960032996,2391.0,1.7106871434684214,2.9552116681401075,5.635231582109217,2.6800199139691094
233,scenario_30,delay_min,2.4806974346023787,63,5114.75070314698,4090.252960032996,2333.0,1.7532160137303883,2.578865900746377,5.059563335348756,2.4806974346023787
254,scenario_30,flow_capacity_ratio,5.211648988254566,129,3327.5142290398862,3799.292112437578,729.0,5.211648988254566,2.079696393149929,29.412257375998806,27.332560982848875
254,scenario_30,flow_capacity_ratio,5.211648988254566,130,225.05482885543543,3799.292112437578,729.0,5.211648988254566,0.13503289731326126,1.9097125633751757,1.7746796660619144
254,scenario_30,flow_capacity_ratio,3.858323636541419,178,6719.55714161299,3858.323636541419,1000.0,3.858323636541419,5.039667856209742,37.22801614470776,32.18834828849802
254,scenario_30,flow_capacity_ratio,2.5113656020904833,98,2007.6948653871616,3857.457564810982,1536.0,2.5113656020904833,1.115386036326201,3.6572310794016927,2.541845043075492
254,scenario_30,flow_capacity_ratio,2.110164114211328,126,1897.1851262924465,3821.5072108367153,1811.0,2.110164114211328,1.073878373373083,2.6854665196636343,1.6115881462905512
254,scenario_30,flow_capacity_ratio,1.9675316264265108,128,1875.2605068342427,3805.206165508872,1934.0,1.9675316264265108,0.9783967861743875,2.2196693579626663,1.2412725717882789
254,scenario_30,flow_capacity_ratio,1.7700985089244736,92,2550.193392452562,3834.03337033041,2166.0,1.7700985089244736,1.577439211826327,3.1301354039552174,1.5526961921288904
254,scenario_30,flow_capacity_ratio,1.726950960198899,174,6978.5477473254405,3799.292112437578,2200.0,1.726950960198899,4.187128648395264,8.071567827172585,3.8844391787773205
254,scenario_30,flow_capacity_ratio,1.726950960198899,175,5286.2980122217705,3799.292112437578,2200.0,1.726950960198899,3.1717788073330624,6.114268255404372,2.94248944807131
254,scenario_30,flow_capacity_ratio,1.726950960198899,176,4439.9389635413945,3799.292112437578,2200.0,1.726950960198899,2.663963378124837,5.135347609603375,2.471384231478538
254,scenario_30,delay_min,32.18834828849802,178,6719.55714161299,3858.323636541419,1000.0,3.858323636541419,5.039667856209742,37.22801614470776,32.18834828849802
254,scenario_30,delay_min,27.332560982848875,129,3327.5142290398862,3799.292112437578,729.0,5.211648988254566,2.079696393149929,29.412257375998806,27.332560982848875
254,scenario_30,delay_min,3.8844391787773205,174,6978.5477473254405,3799.292112437578,2200.0,1.726950960198899,4.187128648395264,8.071567827172585,3.8844391787773205
254,scenario_30,delay_min,3.594681909733194,68,8865.80644588534,3799.292112437578,2335.0,1.6271058297377208,4.470154510530423,8.064836420263617,3.594681909733194
254,scenario_30,delay_min,3.3690113446678227,61,8361.831024084971,3799.292112437578,2333.0,1.628500691143411,4.1809155120424855,7.549926856710308,3.3690113446678227
254,scenario_30,delay_min,2.94248944807131,175,5286.2980122217705,3799.292112437578,2200.0,1.726950960198899,3.1717788073330624,6.114268255404372,2.94248944807131
254,scenario_30,delay_min,2.541845043075492,98,2007.6948653871616,3857.457564810982,1536.0,2.5113656020904833,1.115386036326201,3.6572310794016927,2.541845043075492
254,scenario_30,delay_min,2.471384231478538,176,4439.9389635413945,3799.292112437578,2200.0,1.726950960198899,2.663963378124837,5.135347609603375,2.471384231478538
254,scenario_30,delay_min,2.245039906953586,32,4235.803391000821,3799.292112437578,2391.0,1.5889971193799992,2.9552116681401075,5.200251575093693,2.245039906953586
254,scenario_30,delay_min,2.0780684161080125,63,5114.75070314698,3799.292112437578,2333.0,1.628500691143411,2.578865900746377,4.6569343168543895,2.0780684161080125
267,scenario_30,flow_capacity_ratio,5.608464256647197,129,3327.5142290398862,4088.570443095807,729.0,5.608464256647197,2.079696393149929,34.675781471588294,32.596085078438364
267,scenario_30,flow_capacity_ratio,5.608464256647197,130,225.05482885543543,4088.570443095807,729.0,5.608464256647197,0.13503289731326126,2.2514686538538946,2.1164357565406333
267,scenario_30,flow_capacity_ratio,4.149735892914341,178,6719.55714161299,4149.735892914341,1000.0,4.149735892914341,5.039667856209742,43.3742753434455,38.33460748723576
267,scenario_30,flow_capacity_ratio,2.701558129336807,98,2007.6948653871616,4149.593286661336,1536.0,2.701558129336807,1.115386036326201,4.143969675426075,3.0285836390998746
267,scenario_30,flow_capacity_ratio,2.2696610532124915,126,1897.1851262924465,4110.356167367822,1811.0,2.2696610532124915,1.073878373373083,2.993437605625731,1.919559232252648
267,scenario_30,flow_capacity_ratio,2.1170747137774337,128,1875.2605068342427,4094.4224964455566,1934.0,2.1170747137774337,0.9783967861743875,2.458261006665706,1.4798642204913186
267,scenario_30,flow_capacity_ratio,1.9734773068866487,124,1877.417300305622,1438.664956720367,729.0,1.9734773068866487,1.425886557194143,3.248028108114346,1.822141550920203
267,scenario_30,flow_capacity_ratio,1.903655570333019,92,2550.193392452562,4123.317965341319,2166.0,1.903655570333019,1.577439211826327,3.4263022423065825,1.8488630304802556
267,scenario_30,flow_capacity_ratio,1.8584411104980942,174,6978.5477473254405,4088.570443095807,2200.0,1.8584411104980942,4.187128648395264,8.81960747220168,4.632478823806416
267,scenario_30,flow_capacity_ratio,1.8584411104980942,175,5286.2980122217705,4088.570443095807,2200.0,1.8584411104980942,3.1717788073330624,6.680913441732131,3.509134634399069
267,scenario_30,flow_capacity_ratio,1.8584411104980942,176,4439.9389635413945,4088.570443095807,2200.0,1.8584411104980942,2.663963378124837,5.6112704643995235,2.9473070862746864
267,scenario_30,delay_min,38.33460748723576,178,6719.55714161299,4149.735892914341,1000.0,4.149735892914341,5.039667856209742,43.3742753434455,38.33460748723576
267,scenario_30,delay_min,32.596085078438364,129,3327.5142290398862,4088.570443095807,729.0,5.608464256647197,2.079696393149929,34.675781471588294,32.596085078438364
267,scenario_30,delay_min,4.632478823806416,174,6978.5477473254405,4088.570443095807,2200.0,1.8584411104980942,4.187128648395264,8.81960747220168,4.632478823806416
267,scenario_30,delay_min,4.28692201338587,68,8865.80644588534,4088.570443095807,2335.0,1.750993765779789,4.470154510530423,8.757076523916293,4.28692201338587
267,scenario_30,delay_min,4.017793301181186,61,8361.831024084971,4088.570443095807,2333.0,1.7524948320170626,4.1809155120424855,8.198708813223671,4.017793301181186
267,scenario_30,delay_min,3.509134634399069,175,5286.2980122217705,4088.570443095807,2200.0,1.8584411104980942,3.1717788073330624,6.680913441732131,3.509134634399069
267,scenario_30,delay_min,3.0285836390998746,98,2007.6948653871616,4149.593286661336,1536.0,2.701558129336807,1.115386036326201,4.143969675426075,3.0285836390998746
267,scenario_30,delay_min,2.9473070862746864,176,4439.9389635413945,4088.570443095807,2200.0,1.8584411104980942,2.663963378124837,5.6112704643995235,2.9473070862746864
267,scenario_30,delay_min,2.6773748664630603,32,4235.803391000821,4088.570443095807,2391.0,1.7099834559162723,2.9552116681401075,5.632586534603168,2.6773748664630603
267,scenario_30,delay_min,2.4782491085550755,63,5114.75070314698,4088.570443095807,2333.0,1.7524948320170626,2.578865900746377,5.0571150093014525,2.4782491085550755
273,scenario_30,flow_capacity_ratio,5.611801333882706,129,3327.5142290398862,4091.003172400493,729.0,5.611801333882706,2.079696393149929,34.72234864194192,32.64265224879199
273,scenario_30,flow_capacity_ratio,5.611801333882706,130,225.05482885543543,4091.003172400493,729.0,5.611801333882706,0.13503289731326126,2.2544922201558038,2.1194593228425425
273,scenario_30,flow_capacity_ratio,4.153113469667031,178,6719.55714161299,4153.113469667031,1000.0,4.153113469667031,5.039667856209742,43.44920166760506,38.40953381139532
273,scenario_30,flow_capacity_ratio,2.702918302930835,98,2007.6948653871616,4151.682513301763,1536.0,2.702918302930835,1.115386036326201,4.147630541824531,3.0322445054983307
273,scenario_30,flow_capacity_ratio,2.271475177796429,126,1897.1851262924465,4113.641546989333,1811.0,2.271475177796429,1.073878373373083,2.997121963522854,1.9232435901497709
273,scenario_30,flow_capacity_ratio,2.1184067826061015,128,1875.2605068342427,4096.9987175602,1934.0,2.1184067826061015,0.9783967861743875,2.4604967134662004,1.482099927291813
273,scenario_30,flow_capacity_ratio,1.9734774482355981,124,1877.417300305622,1438.665059763751,729.0,1.9734774482355981,1.425886557194143,3.2480284213374744,1.8221418641433313
273,scenario_30,flow_capacity_ratio,1.9053013452473102,92,2550.193392452562,4126.882713805674,2166.0,1.9053013452473102,1.577439211826327,3.4301407358897618,1.8527015240634348
273,scenario_30,flow_capacity_ratio,1.8595468965456787,174,6978.5477473254405,4091.003172400493,2200.0,1.8595468965456787,4.187128648395264,8.826225488752703,4.639096840357439
273,scenario_30,flow_capacity_ratio,1.8595468965456787,175,5286.2980122217705,4091.003172400493,2200.0,1.8595468965456787,3.1717788073330624,6.685926634878504,3.5141478275454414
273,scenario_30,flow_capacity_ratio,1.8595468965456787,176,4439.9389635413945,4091.003172400493,2200.0,1.8595468965456787,2.663963378124837,5.615481023760891,2.951517645636054
273,scenario_30,delay_min,38.40953381139532,178,6719.55714161299,4153.113469667031,1000.0,4.153113469667031,5.039667856209742,43.44920166760506,38.40953381139532
273,scenario_30,delay_min,32.64265224879199,129,3327.5142290398862,4091.003172400493,729.0,5.611801333882706,2.079696393149929,34.72234864194192,32.64265224879199
273,scenario_30,delay_min,4.639096840357439,174,6978.5477473254405,4091.003172400493,2200.0,1.8595468965456787,4.187128648395264,8.826225488752703,4.639096840357439
273,scenario_30,delay_min,4.293046363203023,68,8865.80644588534,4091.003172400493,2335.0,1.7520356198717315,4.470154510530423,8.763200873733446,4.293046363203023
273,scenario_30,delay_min,4.023533170390987,61,8361.831024084971,4091.003172400493,2333.0,1.7535375792543906,4.1809155120424855,8.204448682433473,4.023533170390987
273,scenario_30,delay_min,3.5141478275454414,175,5286.2980122217705,4091.003172400493,2200.0,1.8595468965456787,3.1717788073330624,6.685926634878504,3.5141478275454414
273,scenario_30,delay_min,3.0322445054983307,98,2007.6948653871616,4151.682513301763,1536.0,2.702918302930835,1.115386036326201,4.147630541824531,3.0322445054983307
273,scenario_30,delay_min,2.951517645636054,176,4439.9389635413945,4091.003172400493,2200.0,1.8595468965456787,2.663963378124837,5.615481023760891,2.951517645636054
273,scenario_30,delay_min,2.6811997973161685,32,4235.803391000821,4091.003172400493,2391.0,1.7110009085740248,2.9552116681401075,5.636411465456276,2.6811997973161685
273,scenario_30,delay_min,2.481789565887271,63,5114.75070314698,4091.003172400493,2333.0,1.7535375792543906,2.578865900746377,5.060655466633648,2.481789565887271
308,scenario_30,flow_capacity_ratio,5.610889720510326,129,3327.5142290398862,4090.338606252028,729.0,5.610889720510326,2.079696393149929,34.709623703412056,32.629927310262126
308,scenario_30,flow_capacity_ratio,5.610889720510326,130,225.05482885543543,4090.338606252028,729.0,5.610889720510326,0.13503289731326126,2.2536660008463505,2.118633103533089
308,scenario_30,flow_capacity_ratio,4.153235886555678,178,6719.55714161299,4153.235886555678,1000.0,4.153235886555678,5.039667856209742,43.45191889997055,38.41225104376081
308,scenario_30,flow_capacity_ratio,2.702866394217612,98,2007.6948653871616,4151.602781518252,1536.0,2.702866394217612,1.115386036326201,4.147490783731818,3.032104747405617
308,scenario_30,flow_capacity_ratio,2.271471218387239,126,1897.1851262924465,4113.63437649929,1811.0,2.271471218387239,1.073878373373083,2.9971139177568658,1.9232355443837827
308,scenario_30,flow_capacity_ratio,2.11814035531745,128,1875.2605068342427,4096.483447183949,1934.0,2.11814035531745,0.9783967861743875,2.460049391897417,1.4816526057230295
308,scenario_30,flow_capacity_ratio,1.9079522772941073,92,2550.193392452562,4132.624632619037,2166.0,1.9079522772941073,1.577439211826327,3.4363333564696803,1.8588941446433533
308,scenario_30,flow_capacity_ratio,1.8592448210236492,174,6978.5477473254405,4090.338606252028,2200.0,1.8592448210236492,4.187128648395264,8.824417050465346,4.637288402070082
308,scenario_30,flow_capacity_ratio,1.8592448210236492,175,5286.2980122217705,4090.338606252028,2200.0,1.8592448210236492,3.1717788073330624,6.684556730412729,3.5127779230796667
308,scenario_30,flow_capacity_ratio,1.8592448210236492,176,4439.9389635413945,4090.338606252028,2200.0,1.8592448210236492,2.663963378124837,5.61433044689219,2.9503670687673527
308,scenario_30,delay_min,38.41225104376081,178,6719.55714161299,4153.235886555678,1000.0,4.153235886555678,5.039667856209742,43.45191889997055,38.41225104376081
308,scenario_30,delay_min,32.629927310262126,129,3327.5142290398862,4090.338606252028,729.0,5.610889720510326,2.079696393149929,34.709623703412056,32.629927310262126
308,scenario_30,delay_min,4.637288402070082,174,6978.5477473254405,4090.338606252028,2200.0,1.8592448210236492,4.187128648395264,8.824417050465346,4.637288402070082
308,scenario_30,delay_min,4.291372824219082,68,8865.80644588534,4090.338606252028,2335.0,1.751751009101511,4.470154510530423,8.761527334749506,4.291372824219082
308,scenario_30,delay_min,4.02196469452463,61,8361.831024084971,4090.338606252028,2333.0,1.753252724497226,4.1809155120424855,8.202880206567116,4.02196469452463
308,scenario_30,delay_min,3.5127779230796667,175,5286.2980122217705,4090.338606252028,2200.0,1.8592448210236492,3.1717788073330624,6.684556730412729,3.5127779230796667
308,scenario_30,delay_min,3.032104747405617,98,2007.6948653871616,4151.602781518252,1536.0,2.702866394217612,1.115386036326201,4.147490783731818,3.032104747405617
308,scenario_30,delay_min,2.9503670687673527,176,4439.9389635413945,4090.338606252028,2200.0,1.8592448210236492,2.663963378124837,5.61433044689219,2.9503670687673527
308,scenario_30,delay_min,2.6801545972402967,32,4235.803391000821,4090.338606252028,2391.0,1.7107229637189578,2.9552116681401075,5.635366265380404,2.6801545972402967
308,scenario_30,delay_min,2.480822101006376,63,5114.75070314698,4090.338606252028,2333.0,1.753252724497226,2.578865900746377,5.059688001752753,2.480822101006376
334,scenario_30,flow_capacity_ratio,5.549923313466198,129,3327.5142290398862,4045.8940955168578,729.0,5.549923313466198,2.079696393149929,33.86517130801191,31.78547491486198
334,scenario_30,flow_capacity_ratio,5.549923313466198,130,225.05482885543543,4045.8940955168578,729.0,5.549923313466198,0.13503289731326126,2.198836433429879,2.063803536116618
334,scenario_30,flow_capacity_ratio,4.108495897348416,178,6719.55714161299,4108.495897348415,1000.0,4.108495897348416,5.039667856209742,42.466302858790634,37.426635002580895
334,scenario_30,flow_capacity_ratio,2.6739542903883504,98,2007.6948653871616,4107.1937900365065,1536.0,2.6739542903883504,1.115386036326201,4.0702314246802676,2.954845388354067
334,scenario_30,flow_capacity_ratio,2.2468086850693236,126,1897.1851262924465,4068.970528660545,1811.0,2.2468086850693236,1.073878373373083,2.9473785160993753,1.8735001427262923
334,scenario_30,flow_capacity_ratio,2.0951657354612805,128,1875.2605068342427,4052.0505323821167,1934.0,2.0951657354612805,0.9783967861743875,2.421771674745778,1.4433748885713906
334,scenario_30,flow_capacity_ratio,1.8843899031932188,92,2550.193392452562,4081.588530316512,2166.0,1.8843899031932188,1.577439211826327,3.381713189470791,1.804273977644464
334,scenario_30,flow_capacity_ratio,1.8390427706894807,174,6978.5477473254405,4045.8940955168578,2200.0,1.8390427706894807,4.187128648395264,8.704405465332028,4.517276816936764
334,scenario_30,flow_capacity_ratio,1.8390427706894807,175,5286.2980122217705,4045.8940955168578,2200.0,1.8390427706894807,3.1717788073330624,6.593647127597877,3.4218683202648146
334,scenario_30,flow_capacity_ratio,1.8390427706894807,176,4439.9389635413945,4045.8940955168578,2200.0,1.8390427706894807,2.663963378124837,5.537975862499757,2.87401248437492
334,scenario_30,delay_min,37.426635002580895,178,6719.55714161299,4108.495897348415,1000.0,4.108495897348416,5.039667856209742,42.466302858790634,37.426635002580895
334,scenario_30,delay_min,31.78547491486198,129,3327.5142290398862,4045.8940955168578,729.0,5.549923313466198,2.079696393149929,33.86517130801191,31.78547491486198
334,scenario_30,delay_min,4.517276816936764,174,6978.5477473254405,4045.8940955168578,2200.0,1.8390427706894807,4.187128648395264,8.704405465332028,4.517276816936764
334,scenario_30,delay_min,4.180313426920722,68,8865.80644588534,4045.8940955168578,2335.0,1.7327169573947998,4.470154510530423,8.650467937451145,4.180313426920722
334,scenario_30,delay_min,3.9178774960392673,61,8361.831024084971,4045.8940955168578,2333.0,1.7342023555580188,4.1809155120424855,8.098793008081753,3.9178774960392673
334,scenario_30,delay_min,3.4218683202648146,175,5286.2980122217705,4045.8940955168578,2200.0,1.8390427706894807,3.1717788073330624,6.593647127597877,3.4218683202648146
334,scenario_30,delay_min,2.954845388354067,98,2007.6948653871616,4107.1937900365065,1536.0,2.6739542903883504,1.115386036326201,4.0702314246802676,2.954845388354067
334,scenario_30,delay_min,2.87401248437492,176,4439.9389635413945,4045.8940955168578,2200.0,1.8390427706894807,2.663963378124837,5.537975862499757,2.87401248437492
334,scenario_30,delay_min,2.6107930277779414,32,4235.803391000821,4045.8940955168578,2391.0,1.6921347116339849,2.9552116681401075,5.566004695918049,2.6107930277779414
334,scenario_30,delay_min,2.416619194703926,63,5114.75070314698,4045.8940955168578,2333.0,1.7342023555580188,2.578865900746377,4.995485095450303,2.416619194703926
392,scenario_30,flow_capacity_ratio,5.609174837760865,129,3327.5142290398862,4089.0884567276703,729.0,5.609174837760865,2.079696393149929,34.68569401047827,32.60599761732834
392,scenario_30,flow_capacity_ratio,5.609174837760865,130,225.05482885543543,4089.0884567276703,729.0,5.609174837760865,0.13503289731326126,2.252112266474685,2.1170793691614236
392,scenario_30,flow_capacity_ratio,4.150947902090246,178,6719.55714161299,4150.947902090245,1000.0,4.150947902090246,5.039667856209742,43.40115207776519,38.36148422155545
392,scenario_30,flow_capacity_ratio,2.701518168118294,98,2007.6948653871616,4149.531906229699,1536.0,2.701518168118294,1.115386036326201,4.143862160014315,3.0284761236881144
392,scenario_30,flow_capacity_ratio,2.270322483442883,126,1897.1851262924465,4111.554017515061,1811.0,2.270322483442883,1.073878373373083,2.9947804459772644,1.9209020726041814
392,scenario_30,flow_capacity_ratio,2.117425496467725,128,1875.2605068342427,4095.10091016858,1934.0,2.117425496467725,0.9783967861743875,2.4588495594939532,1.4804527733195658
392,scenario_30,flow_capacity_ratio,1.9734774556852601,124,1877.417300305622,1438.6650651945547,729.0,1.9734774556852601,1.425886557194143,3.248028437845602,1.822141880651459
392,scenario_30,flow_capacity_ratio,1.9043476820495138,92,2550.193392452562,4124.817079319247,2166.0,1.9043476820495138,1.577439211826327,3.4279159108249178,1.8504766989985908
392,scenario_30,flow_capacity_ratio,1.85867657123985,174,6978.5477473254405,4089.0884567276703,2200.0,1.85867657123985,4.187128648395264,8.821016218877467,4.633887570482203
392,scenario_30,flow_capacity_ratio,1.85867657123985,175,5286.2980122217705,4089.0884567276703,2200.0,1.85867657123985,3.1717788073330624,6.681980577047611,3.5102017697145484
392,scenario_30,flow_capacity_ratio,1.85867657123985,176,4439.9389635413945,4089.0884567276703,2200.0,1.85867657123985,2.663963378124837,5.612166746761134,2.948203368636297
392,scenario_30,delay_min,38.36148422155545,178,6719.55714161299,4150.947902090245,1000.0,4.150947902090246,5.039667856209742,43.40115207776519,38.36148422155545
392,scenario_30,delay_min,32.60599761732834,129,3327.5142290398862,4089.0884567276703,729.0,5.609174837760865,2.079696393149929,34.68569401047827,32.60599761732834
392,scenario_30,delay_min,4.633887570482203,174,6978.5477473254405,4089.0884567276703,2200.0,1.85867657123985,4.187128648395264,8.821016218877467,4.633887570482203
392,scenario_30,delay_min,4.288225675499702,68,8865.80644588534,4089.0884567276703,2335.0,1.751215613159602,4.470154510530423,8.758380186030125,4.288225675499702
392,scenario_30,delay_min,4.019015120680489,61,8361.831024084971,4089.0884567276703,2333.0,1.7527168695789415,4.1809155120424855,8.199930632722975,4.019015120680489
392,scenario_30,delay_min,3.5102017697145484,175,5286.2980122217705,4089.0884567276703,2200.0,1.85867657123985,3.1717788073330624,6.681980577047611,3.5102017697145484
392,scenario_30,delay_min,3.0284761236881144,98,2007.6948653871616,4149.531906229699,1536.0,2.701518168118294,1.115386036326201,4.143862160014315,3.0284761236881144
392,scenario_30,delay_min,2.948203368636297,176,4439.9389635413945,4089.0884567276703,2200.0,1.85867657123985,2.663963378124837,5.612166746761134,2.948203368636297
392,scenario_30,delay_min,2.678189061861769,32,4235.803391000821,4089.0884567276703,2391.0,1.7102001073725095,2.9552116681401075,5.633400730001877,2.678189061861769
392,scenario_30,delay_min,2.479002749386742,63,5114.75070314698,4089.0884567276703,2333.0,1.7527168695789415,2.578865900746377,5.057868650133119,2.479002749386742
423,scenario_30,flow_capacity_ratio,5.568452168177223,129,3327.5142290398862,4059.4016306011954,729.0,5.568452168177223,2.079696393149929,34.120450698847776,32.040754305697845
423,scenario_30,flow_capacity_ratio,5.568452168177223,130,225.05482885543543,4059.4016306011954,729.0,5.568452168177223,0.13503289731326126,2.215411504619343,2.080378607306082
423,scenario_30,flow_capacity_ratio,4.122055229521995,178,6719.55714161299,4122.055229521995,1000.0,4.122055229521995,5.039667856209742,42.76343529600377,37.72376743979403
423,scenario_30,flow_capacity_ratio,2.6827230197789653,98,2007.6948653871616,4120.662558380491,1536.0,2.6827230197789653,1.115386036326201,4.093540493003343,2.9781544566771423
423,scenario_30,flow_capacity_ratio,2.2543069023188274,126,1897.1851262924465,4082.5498000993966,1811.0,2.2543069023188274,1.073878373373083,2.9624193084807167,1.8885409351076337
423,scenario_30,flow_capacity_ratio,2.102148641407938,128,1875.2605068342427,4065.555472482952,1934.0,2.102148641407938,0.9783967861743875,2.4333440012138663,1.4549472150394789
423,scenario_30,flow_capacity_ratio,1.8906669639769342,92,2550.193392452562,4095.18464397404,2166.0,1.8906669639769342,1.577439211826327,3.396171289743094,1.8187320779167668
423,scenario_30,flow_capacity_ratio,1.8451825593641797,174,6978.5477473254405,4059.4016306011954,2200.0,1.8451825593641797,4.187128648395264,8.740685170988572,4.553556522593308
423,scenario_30,flow_capacity_ratio,1.8451825593641797,175,5286.2980122217705,4059.4016306011954,2200.0,1.8451825593641797,3.1717788073330624,6.621129254659295,3.449350447326233
423,scenario_30,flow_capacity_ratio,1.8451825593641797,176,4439.9389635413945,4059.4016306011954,2200.0,1.8451825593641797,2.663963378124837,5.561057982815124,2.8970946046902872
423,scenario_30,delay_min,37.72376743979403,178,6719.55714161299,4122.055229521995,1000.0,4.122055229521995,5.039667856209742,42.76343529600377,37.72376743979403
423,scenario_30,delay_min,32.040754305697845,129,3327.5142290398862,4059.4016306011954,729.0,5.568452168177223,2.079696393149929,34.120450698847776,32.040754305697845
423,scenario_30,delay_min,4.553556522593308,174,6978.5477473254405,4059.4016306011954,2200.0,1.8451825593641797,4.187128648395264,8.740685170988572,4.553556522593308
423,scenario_30,delay_min,4.213886871016988,68,8865.80644588534,4059.4016306011954,2335.0,1.738501768994088,4.470154510530423,8.684041381547411,4.213886871016988
423,scenario_30,delay_min,3.9493432326135167,61,8361.831024084971,4059.4016306011954,2333.0,1.7399921262756946,4.1809155120424855,8.130258744656002,3.9493432326135167
423,scenario_30,delay_min,3.449350447326233,175,5286.2980122217705,4059.4016306011954,2200.0,1.8451825593641797,3.1717788073330624,6.621129254659295,3.449350447326233
423,scenario_30,delay_min,2.9781544566771423,98,2007.6948653871616,4120.662558380491,1536.0,2.6827230197789653,1.115386036326201,4.093540493003343,2.9781544566771423
423,scenario_30,delay_min,2.8970946046902872,176,4439.9389635413945,4059.4016306011954,2200.0,1.8451825593641797,2.663963378124837,5.561057982815124,2.8970946046902872
423,scenario_30,delay_min,2.631761147823807,32,4235.803391000821,4059.4016306011954,2391.0,1.697784036219655,2.9552116681401075,5.5869728159639145,2.631761147823807
423,scenario_30,delay_min,2.436027842130422,63,5114.75070314698,4059.4016306011954,2333.0,1.7399921262756946,2.578865900746377,5.014893742876799,2.436027842130422
538,scenario_30,flow_capacity_ratio,5.60219656047595,129,3327.5142290398862,4084.001292586968,729.0,5.60219656047595,2.079696393149929,34.58842384188499,32.50872744873506
538,scenario_30,flow_capacity_ratio,5.60219656047595,130,225.05482885543543,4084.001292586968,729.0,5.60219656047595,0.13503289731326126,2.2457965981249375,2.110763700811676
538,scenario_30,flow_capacity_ratio,4.147384204500958,178,6719.55714161299,4147.384204500958,1000.0,4.147384204500958,5.039667856209742,43.32215715871475,38.28248930250501
538,scenario_30,flow_capacity_ratio,2.69922789437326,98,2007.6948653871616,4146.014045757327,1536.0,2.69922789437326,1.115386036326201,4.137703912755621,3.0223178764294207
538,scenario_30,flow_capacity_ratio,2.2675605190388612,126,1897.1851262924465,4106.552099979378,1811.0,2.2675605190388612,1.073878373373083,2.9891767178432094,1.9152983444701264
538,scenario_30,flow_capacity_ratio,2.1147698964572683,128,1875.2605068342427,4089.964979748357,1934.0,2.1147698964572683,0.9783967861743875,2.454397315613075,1.4760005294386875
538,scenario_30,flow_capacity_ratio,1.9734774433925093,124,1877.417300305622,1438.6650562331392,729.0,1.9734774433925093,1.425886557194143,3.2480284106053996,1.8221418534112566
538,scenario_30,flow_capacity_ratio,1.9019782608565754,92,2550.193392452562,4119.684913015342,2166.0,1.9019782608565754,1.577439211826327,3.422394977045341,1.8449557652190138
538,scenario_30,flow_capacity_ratio,1.8563642239031672,174,6978.5477473254405,4084.001292586968,2200.0,1.8563642239031672,4.187128648395264,8.807192411659141,4.620063763263877
538,scenario_30,flow_capacity_ratio,1.8563642239031672,175,5286.2980122217705,4084.001292586968,2200.0,1.8563642239031672,3.1717788073330624,6.671508947811058,3.499730140477996
538,scenario_30,flow_capacity_ratio,1.8563642239031672,176,4439.9389635413945,4084.001292586968,2200.0,1.8563642239031672,2.663963378124837,5.603371670404932,2.9394082922800946
538,scenario_30,delay_min,38.28248930250501,178,6719.55714161299,4147.384204500958,1000.0,4.147384204500958,5.039667856209742,43.32215715871475,38.28248930250501
538,scenario_30,delay_min,32.50872744873506,129,3327.5142290398862,4084.001292586968,729.0,5.60219656047595,2.079696393149929,34.58842384188499,32.50872744873506
538,scenario_30,delay_min,4.620063763263877,174,6978.5477473254405,4084.001292586968,2200.0,1.8563642239031672,4.187128648395264,8.807192411659141,4.620063763263877
538,scenario_30,delay_min,4.275433046385348,68,8865.80644588534,4084.001292586968,2335.0,1.749036956140029,4.470154510530423,8.74558755691577,4.275433046385348
538,scenario_30,delay_min,4.007025600134128,61,8361.831024084971,4084.001292586968,2333.0,1.7505363448722537,4.1809155120424855,8.187941112176613,4.007025600134128
538,scenario_30,delay_min,3.499730140477996,175,5286.2980122217705,4084.001292586968,2200.0,1.8563642239031672,3.1717788073330624,6.671508947811058,3.499730140477996
538,scenario_30,delay_min,3.0223178764294207,98,2007.6948653871616,4146.014045757327,1536.0,2.69922789437326,1.115386036326201,4.137703912755621,3.0223178764294207
538,scenario_30,delay_min,2.9394082922800946,176,4439.9389635413945,4084.001292586968,2200.0,1.8563642239031672,2.663963378124837,5.603371670404932,2.9394082922800946
538,scenario_30,delay_min,2.670199491825319,32,4235.803391000821,4084.001292586968,2391.0,1.7080724770334452,2.9552116681401075,5.625411159965426,2.670199491825319
538,scenario_30,delay_min,2.4716073916919377,63,5114.75070314698,4084.001292586968,2333.0,1.7505363448722537,2.578865900746377,5.050473292438315,2.4716073916919377
540,scenario_30,flow_capacity_ratio,5.5886545518930895,129,3327.5142290398862,4074.129168330062,729.0,5.5886545518930895,2.079696393149929,34.40014535301421,32.32044895986428
540,scenario_30,flow_capacity_ratio,5.5886545518930895,130,225.05482885543543,4074.129168330062,729.0,5.5886545518930895,0.13503289731326126,2.233571837848522,2.098538940535261
540,scenario_30,flow_capacity_ratio,4.136588198721478,178,6719.55714161299,4136.588198721478,1000.0,4.136588198721478,5.039667856209742,43.08342636095432,38.04375850474458
540,scenario_30,flow_capacity_ratio,2.6930003839179606,98,2007.6948653871616,4136.448589697988,1536.0,2.6930003839179606,1.115386036326201,4.120995909294906,3.005609872968705
540,scenario_30,flow_capacity_ratio,2.2619495404344008,126,1897.1851262924465,4096.3906177267,1811.0,2.2619495404344008,1.073878373373083,2.977822041812401,1.9039436684393178
540,scenario_30,flow_capacity_ratio,2.109626093267147,128,1875.2605068342427,4080.016864378662,1934.0,2.109626093267147,0.9783967861743875,2.4457957174925298,1.4673989313181424
540,scenario_30,flow_capacity_ratio,1.9734775052728482,124,1877.417300305622,1438.6651013439064,729.0,1.9734775052728482,1.425886557194143,3.248028547729551,1.8221419905354082
540,scenario_30,flow_capacity_ratio,1.8973161913565213,92,2550.193392452562,4109.586870478225,2166.0,1.8973161913565213,1.577439211826327,3.4115600790227942,1.8341208671964673
540,scenario_30,flow_capacity_ratio,1.8518768946954827,174,6978.5477473254405,4074.129168330062,2200.0,1.8518768946954827,4.187128648395264,8.780434716353911,4.593306067958647
540,scenario_30,flow_capacity_ratio,1.8518768946954827,175,5286.2980122217705,4074.129168330062,2200.0,1.8518768946954827,3.1717788073330624,6.651239809213005,3.479461001879943
540,scenario_30,flow_capacity_ratio,1.8518768946954827,176,4439.9389635413945,4074.129168330062,2200.0,1.8518768946954827,2.663963378124837,5.586347708076124,2.922384329951287
540,scenario_30,delay_min,38.04375850474458,178,6719.55714161299,4136.588198721478,1000.0,4.136588198721478,5.039667856209742,43.08342636095432,38.04375850474458
540,scenario_30,delay_min,32.32044895986428,129,3327.5142290398862,4074.129168330062,729.0,5.5886545518930895,2.079696393149929,34.40014535301421,32.32044895986428
540,scenario_30,delay_min,4.593306067958647,174,6978.5477473254405,4074.129168330062,2200.0,1.8518768946954827,4.187128648395264,8.780434716353911,4.593306067958647
540,scenario_30,delay_min,4.250671324336676,68,8865.80644588534,4074.129168330062,2335.0,1.7448090656659794,4.470154510530423,8.7208258348671,4.250671324336676
540,scenario_30,delay_min,3.9838183944368435,61,8361.831024084971,4074.129168330062,2333.0,1.7463048299743087,4.1809155120424855,8.164733906479329,3.9838183944368435
540,scenario_30,delay_min,3.479461001879943,175,5286.2980122217705,4074.129168330062,2200.0,1.8518768946954827,3.1717788073330624,6.651239809213005,3.479461001879943
540,scenario_30,delay_min,3.005609872968705,98,2007.6948653871616,4136.448589697988,1536.0,2.6930003839179606,1.115386036326201,4.120995909294906,3.005609872968705
540,scenario_30,delay_min,2.922384329951287,176,4439.9389635413945,4074.129168330062,2200.0,1.8518768946954827,2.663963378124837,5.586347708076124,2.922384329951287
540,scenario_30,delay_min,2.6547346869941486,32,4235.803391000821,4074.129168330062,2391.0,1.7039436086700384,2.9552116681401075,5.609946355134256,2.6547346869941486
540,scenario_30,delay_min,2.45729275862845,63,5114.75070314698,4074.129168330062,2333.0,1.7463048299743087,2.578865900746377,5.036158659374827,2.45729275862845
550,scenario_30,flow_capacity_ratio,5.601979635865801,129,3327.5142290398862,4083.843154546169,729.0,5.601979635865801,2.079696393149929,34.585402847468686,32.505706454318755
550,scenario_30,flow_capacity_ratio,5.601979635865801,130,225.05482885543543,4083.843154546169,729.0,5.601979635865801,0.13503289731326126,2.24560044755693,2.1105675502436685
550,scenario_30,flow_capacity_ratio,4.14782794482675,178,6719.55714161299,4147.827944826749,1000.0,4.14782794482675,5.039667856209742,43.33198817840302,38.292320322193284
550,scenario_30,flow_capacity_ratio,2.6994260234795093,98,2007.6948653871616,4146.318372064527,1536.0,2.6994260234795093,1.115386036326201,4.138236367159121,3.02285033083292
550,scenario_30,flow_capacity_ratio,2.267426195954487,126,1897.1851262924465,4106.308840873576,1811.0,2.267426195954487,1.073878373373083,2.9889044342737603,1.9150260609006773
550,scenario_30,flow_capacity_ratio,2.1146942774659596,128,1875.2605068342427,4089.8187326191655,1934.0,2.1146942774659596,0.9783967861743875,2.4542706511913592,1.4758738650169718
550,scenario_30,flow_capacity_ratio,1.9735129070335597,124,1877.417300305622,1438.690909227465,729.0,1.9735129070335597,1.425886557194143,3.24810699748487,1.8222204402907272
550,scenario_30,flow_capacity_ratio,1.9019268709015371,92,2550.193392452562,4119.5736023727295,2166.0,1.9019268709015371,1.577439211826327,3.4222753411030533,1.8448361292767264
550,scenario_30,flow_capacity_ratio,1.8562923429755314,174,6978.5477473254405,4083.843154546169,2200.0,1.8562923429755314,4.187128648395264,8.806763075049341,4.619634426654077
550,scenario_30,flow_capacity_ratio,1.8562923429755314,175,5286.2980122217705,4083.843154546169,2200.0,1.8562923429755314,3.1717788073330624,6.671183722370303,3.499404915037241
550,scenario_30,flow_capacity_ratio,1.8562923429755314,176,4439.9389635413945,4083.843154546169,2200.0,1.8562923429755314,2.663963378124837,5.60309851495607,2.939135136831233
550,scenario_30,delay_min,38.292320322193284,178,6719.55714161299,4147.827944826749,1000.0,4.14782794482675,5.039667856209742,43.33198817840302,38.292320322193284
550,scenario_30,delay_min,32.505706454318755,129,3327.5142290398862,4083.843154546169,729.0,5.601979635865801,2.079696393149929,34.585402847468686,32.505706454318755
550,scenario_30,delay_min,4.619634426654077,174,6978.5477473254405,4083.843154546169,2200.0,1.8562923429755314,4.187128648395264,8.806763075049341,4.619634426654077
550,scenario_30,delay_min,4.27503573586679,68,8865.80644588534,4083.843154546169,2335.0,1.748969231069023,4.470154510530423,8.745190246397213,4.27503573586679
550,scenario_30,delay_min,4.00665323237587,61,8361.831024084971,4083.843154546169,2333.0,1.7504685617428928,4.1809155120424855,8.187568744418355,4.00665323237587
550,scenario_30,delay_min,3.499404915037241,175,5286.2980122217705,4083.843154546169,2200.0,1.8562923429755314,3.1717788073330624,6.671183722370303,3.499404915037241
550,scenario_30,delay_min,3.02285033083292,98,2007.6948653871616,4146.318372064527,1536.0,2.6994260234795093,1.115386036326201,4.138236367159121,3.02285033083292
550,scenario_30,delay_min,2.939135136831233,176,4439.9389635413945,4083.843154546169,2200.0,1.8562923429755314,2.663963378124837,5.60309851495607,2.939135136831233
550,scenario_30,delay_min,2.6699513536055774,32,4235.803391000821,4083.843154546169,2391.0,1.7080063381623458,2.9552116681401075,5.625163021745685,2.6699513536055774
550,scenario_30,delay_min,2.4713777083817763,63,5114.75070314698,4083.843154546169,2333.0,1.7504685617428928,2.578865900746377,5.050243609128153,2.4713777083817763
557,scenario_30,flow_capacity_ratio,5.201692837439848,129,3327.5142290398862,3792.034078493649,729.0,5.201692837439848,2.079696393149929,29.287108523094076,27.207412129944146
557,scenario_30,flow_capacity_ratio,5.201692837439848,130,225.05482885543543,3792.034078493649,729.0,5.201692837439848,0.13503289731326126,1.9015867560415578,1.7665538587282965
557,scenario_30,flow_capacity_ratio,3.8510284160124977,178,6719.55714161299,3851.0284160124975,1000.0,3.8510284160124977,5.039667856209742,37.08214322949698,32.04247537328724
557,scenario_30,flow_capacity_ratio,2.506636539409079,98,2007.6948653871616,3850.193724532345,1536.0,2.506636539409079,1.115386036326201,3.645758719963979,2.5303726836377782
557,scenario_30,flow_capacity_ratio,2.106158027775249,126,1897.1851262924465,3814.252188300976,1811.0,2.106158027775249,1.073878373373083,2.6781333454270255,1.6042549720539425
557,scenario_30,flow_capacity_ratio,1.9637732230208709,128,1875.2605068342427,3797.937413322364,1934.0,1.9637732230208709,0.9783967861743875,2.2139863388731054,1.235589552698718
557,scenario_30,flow_capacity_ratio,1.7665992020050105,92,2550.193392452562,3826.453871542853,2166.0,1.7665992020050105,1.577439211826327,3.1227787372316334,1.5453395254053064
557,scenario_30,flow_capacity_ratio,1.7236518538607495,174,6978.5477473254405,3792.034078493649,2200.0,1.7236518538607495,4.187128648395264,8.05378196701454,3.866653318619276
557,scenario_30,flow_capacity_ratio,1.7236518538607495,175,5286.2980122217705,3792.034078493649,2200.0,1.7236518538607495,3.1717788073330624,6.100795343760949,2.929016536427887
557,scenario_30,flow_capacity_ratio,1.7236518538607495,176,4439.9389635413945,3792.034078493649,2200.0,1.7236518538607495,2.663963378124837,5.124031769062474,2.4600683909376366
557,scenario_30,delay_min,32.04247537328724,178,6719.55714161299,3851.0284160124975,1000.0,3.8510284160124977,5.039667856209742,37.08214322949698,32.04247537328724
557,scenario_30,delay_min,27.207412129944146,129,3327.5142290398862,3792.034078493649,729.0,5.201692837439848,2.079696393149929,29.287108523094076,27.207412129944146
557,scenario_30,delay_min,3.866653318619276,174,6978.5477473254405,3792.034078493649,2200.0,1.7236518538607495,4.187128648395264,8.05378196701454,3.866653318619276
557,scenario_30,delay_min,3.578222774497285,68,8865.80644588534,3792.034078493649,2335.0,1.623997464022976,4.470154510530423,8.048377285027708,3.578222774497285
557,scenario_30,delay_min,3.353585497617752,61,8361.831024084971,3792.034078493649,2333.0,1.625389660734526,4.1809155120424855,7.534501009660238,3.353585497617752
557,scenario_30,delay_min,2.929016536427887,175,5286.2980122217705,3792.034078493649,2200.0,1.7236518538607495,3.1717788073330624,6.100795343760949,2.929016536427887
557,scenario_30,delay_min,2.5303726836377782,98,2007.6948653871616,3850.193724532345,1536.0,2.506636539409079,1.115386036326201,3.645758719963979,2.5303726836377782
557,scenario_30,delay_min,2.4600683909376366,176,4439.9389635413945,3792.034078493649,2200.0,1.7236518538607495,2.663963378124837,5.124031769062474,2.4600683909376366
557,scenario_30,delay_min,2.2347604395719194,32,4235.803391000821,3792.034078493649,2391.0,1.58596155520437,2.9552116681401075,5.189972107712027,2.2347604395719194
557,scenario_30,delay_min,2.0685534687638305,63,5114.75070314698,3792.034078493649,2333.0,1.625389660734526,2.578865900746377,4.6474193695102075,2.0685534687638305
565,scenario_30,flow_capacity_ratio,5.603578940127482,129,3327.5142290398862,4085.009047352935,729.0,5.603578940127482,2.079696393149929,34.60767936016423,32.527982967014296
565,scenario_30,flow_capacity_ratio,5.603578940127482,130,225.05482885543543,4085.009047352935,729.0,5.603578940127482,0.13503289731326126,2.24704684235822,2.112013945044959
565,scenario_30,flow_capacity_ratio,4.147177732486192,178,6719.55714161299,4147.177732486191,1000.0,4.147177732486192,5.039667856209742,43.31758329517683,38.27791543896709
565,scenario_30,flow_capacity_ratio,2.6990788753568613,98,2007.6948653871616,4145.785152548139,1536.0,2.6990788753568613,1.115386036326201,4.137303473415524,3.021917437089323
565,scenario_30,flow_capacity_ratio,2.268151570766611,126,1897.1851262924465,4107.6224946583325,1811.0,2.268151570766611,1.073878373373083,2.9903750949826717,1.9164967216095887
565,scenario_30,flow_capacity_ratio,2.1154712281277024,128,1875.2605068342427,4091.321355198976,1934.0,2.1154712281277024,0.9783967861743875,2.455572372516192,1.4771755863418048
565,scenario_30,flow_capacity_ratio,1.9048588946076919,92,2550.193392452562,4125.9243657202605,2166.0,1.9048588946076919,1.577439211826327,3.4291083376544025,1.8516691258280755
565,scenario_30,flow_capacity_ratio,1.856822294251334,174,6978.5477473254405,4085.009047352935,2200.0,1.856822294251334,4.187128648395264,8.809928960556203,4.622800312160939
565,scenario_30,flow_capacity_ratio,1.856822294251334,175,5286.2980122217705,4085.009047352935,2200.0,1.856822294251334,3.1717788073330624,6.673581902459886,3.5018030951268235
565,scenario_30,flow_capacity_ratio,1.856822294251334,176,4439.9389635413945,4085.009047352935,2200.0,1.856822294251334,2.663963378124837,5.605112736098486,2.941149357973649
565,scenario_30,delay_min,38.27791543896709,178,6719.55714161299,4147.177732486191,1000.0,4.147177732486192,5.039667856209742,43.31758329517683,38.27791543896709
565,scenario_30,delay_min,32.527982967014296,129,3327.5142290398862,4085.009047352935,729.0,5.603578940127482,2.079696393149929,34.60767936016423,32.527982967014296
565,scenario_30,delay_min,4.622800312160939,174,6978.5477473254405,4085.009047352935,2200.0,1.856822294251334,4.187128648395264,8.809928960556203,4.622800312160939
565,scenario_30,delay_min,4.277965464158581,68,8865.80644588534,4085.009047352935,2335.0,1.7494685427635694,4.470154510530423,8.748119974689004,4.277965464158581
565,scenario_30,delay_min,4.009399035231224,61,8361.831024084971,4085.009047352935,2333.0,1.7509683014800406,4.1809155120424855,8.19031454727371,4.009399035231224
565,scenario_30,delay_min,3.5018030951268235,175,5286.2980122217705,4085.009047352935,2200.0,1.856822294251334,3.1717788073330624,6.673581902459886,3.5018030951268235
565,scenario_30,delay_min,3.021917437089323,98,2007.6948653871616,4145.785152548139,1536.0,2.6990788753568613,1.115386036326201,4.137303473415524,3.021917437089323
565,scenario_30,delay_min,2.941149357973649,176,4439.9389635413945,4085.009047352935,2200.0,1.856822294251334,2.663963378124837,5.605112736098486,2.941149357973649
565,scenario_30,delay_min,2.671781100185878,32,4235.803391000821,4085.009047352935,2391.0,1.7084939553964595,2.9552116681401075,5.6269927683259855,2.671781100185878
565,scenario_30,delay_min,2.473071370292296,63,5114.75070314698,4085.009047352935,2333.0,1.7509683014800406,2.578865900746377,5.051937271038673,2.473071370292296
569,scenario_30,flow_capacity_ratio,5.595998241855068,129,3327.5142290398862,4079.482718312345,729.0,5.595998241855068,2.079696393149929,34.502167640185334,32.4224712470354
569,scenario_30,flow_capacity_ratio,5.595998241855068,130,225.05482885543543,4079.482718312345,729.0,5.595998241855068,0.13503289731326126,2.240196057168524,2.105163159855263
569,scenario_30,flow_capacity_ratio,4.142137181009199,178,6719.55714161299,4142.137181009199,1000.0,4.142137181009199,5.039667856209742,43.20602154081781,38.16635368460807
569,scenario_30,flow_capacity_ratio,2.6966158283125714,98,2007.6948653871616,4142.001912288109,1536.0,2.6966158283125714,1.115386036326201,4.13068933177204,3.0153032954458396
569,scenario_30,flow_capacity_ratio,2.2649464303034508,126,1897.1851262924465,4101.817985279549,1811.0,2.2649464303034508,1.073878373373083,2.9838818080947416,1.9100034347216586
569,scenario_30,flow_capacity_ratio,2.112392806310226,128,1875.2605068342427,4085.367687403977,1934.0,2.112392806310226,0.9783967861743875,2.450418640399559,1.4720218542251717
569,scenario_30,flow_capacity_ratio,1.9734775342777942,124,1877.417300305622,1438.665122488512,729.0,1.9734775342777942,1.425886557194143,3.2480286120032567,1.8221420548091136
569,scenario_30,flow_capacity_ratio,1.8997952117145172,92,2550.193392452562,4114.956428573644,2166.0,1.8997952117145172,1.577439211826327,3.417316819800946,1.8398776079746189
569,scenario_30,flow_capacity_ratio,1.8543103265056113,174,6978.5477473254405,4079.482718312345,2200.0,1.8543103265056113,4.187128648395264,8.794933883469819,4.607805235074554
569,scenario_30,flow_capacity_ratio,1.8543103265056113,175,5286.2980122217705,4079.482718312345,2200.0,1.8543103265056113,3.1717788073330624,6.662223028226311,3.4904442208932487
569,scenario_30,flow_capacity_ratio,1.8543103265056113,176,4439.9389635413945,4079.482718312345,2200.0,1.8543103265056113,2.663963378124837,5.595572466485419,2.931609088360582
569,scenario_30,delay_min,38.16635368460807,178,6719.55714161299,4142.137181009199,1000.0,4.142137181009199,5.039667856209742,43.20602154081781,38.16635368460807
569,scenario_30,delay_min,32.4224712470354,129,3327.5142290398862,4079.482718312345,729.0,5.595998241855068,2.079696393149929,34.502167640185334,32.4224712470354
569,scenario_30,delay_min,4.607805235074554,174,6978.5477473254405,4079.482718312345,2200.0,1.8543103265056113,4.187128648395264,8.794933883469819,4.607805235074554
569,scenario_30,delay_min,4.2640889353067495,68,8865.80644588534,4079.482718312345,2335.0,1.7471018065577493,4.470154510530423,8.734243445837173,4.2640889353067495
569,scenario_30,delay_min,3.996393661097885,61,8361.831024084971,4079.482718312345,2333.0,1.748599536353341,4.1809155120424855,8.17730917314037,3.996393661097885
569,scenario_30,delay_min,3.4904442208932487,175,5286.2980122217705,4079.482718312345,2200.0,1.8543103265056113,3.1717788073330624,6.662223028226311,3.4904442208932487
569,scenario_30,delay_min,3.0153032954458396,98,2007.6948653871616,4142.001912288109,1536.0,2.6966158283125714,1.115386036326201,4.13068933177204,3.0153032954458396
569,scenario_30,delay_min,2.931609088360582,176,4439.9389635413945,4079.482718312345,2200.0,1.8543103265056113,2.663963378124837,5.595572466485419,2.931609088360582
569,scenario_30,delay_min,2.6631145862008716,32,4235.803391000821,4079.482718312345,2391.0,1.7061826509043683,2.9552116681401075,5.618326254340979,2.6631145862008716
569,scenario_30,delay_min,2.4650494153443154,63,5114.75070314698,4079.482718312345,2333.0,1.748599536353341,2.578865900746377,5.043915316090692,2.4650494153443154
602,scenario_30,flow_capacity_ratio,5.60501159758818,129,3327.5142290398862,4086.053454641783,729.0,5.60501159758818,2.079696393149929,34.62764222964688,32.54794583649695
602,scenario_30,flow_capacity_ratio,5.60501159758818,130,225.05482885543543,4086.053454641783,729.0,5.60501159758818,0.13503289731326126,2.248343014296494,2.1133101169832327
602,scenario_30,flow_capacity_ratio,4.148213325502863,178,6719.55714161299,4148.213325502863,1000.0,4.148213325502863,5.039667856209742,43.34052744104033,38.30085958483059
602,scenario_30,flow_capacity_ratio,2.6997522677169106,98,2007.6948653871616,4146.819483213175,1536.0,2.6997522677169106,1.115386036326201,4.139113238842226,3.0237272025160253
602,scenario_30,flow_capacity_ratio,2.2687395099260006,126,1897.1851262924465,4108.687252475987,1811.0,2.2687395099260006,1.073878373373083,2.9915675951121115,1.9176892217390284
602,scenario_30,flow_capacity_ratio,2.116013394286843,128,1875.2605068342427,4092.3699045507537,1934.0,2.116013394286843,0.9783967861743875,2.456481126974846,1.4780843408004585
602,scenario_30,flow_capacity_ratio,1.9053437914613653,92,2550.193392452562,4126.974652305317,2166.0,1.9053437914613653,1.577439211826327,3.4302397959890327,1.8528005841627058
602,scenario_30,flow_capacity_ratio,1.857297024837174,174,6978.5477473254405,4086.053454641783,2200.0,1.857297024837174,4.187128648395264,8.812766036539971,4.625637388144707
602,scenario_30,flow_capacity_ratio,1.857297024837174,175,5286.2980122217705,4086.053454641783,2200.0,1.857297024837174,3.1717788073330624,6.6757310070696905,3.503952199736628
602,scenario_30,flow_capacity_ratio,1.857297024837174,176,4439.9389635413945,4086.053454641783,2200.0,1.857297024837174,2.663963378124837,5.606917759816736,2.942954381691899
602,scenario_30,delay_min,38.30085958483059,178,6719.55714161299,4148.213325502863,1000.0,4.148213325502863,5.039667856209742,43.34052744104033,38.30085958483059
602,scenario_30,delay_min,32.54794583649695,129,3327.5142290398862,4086.053454641783,729.0,5.60501159758818,2.079696393149929,34.62764222964688,32.54794583649695
602,scenario_30,delay_min,4.625637388144707,174,6978.5477473254405,4086.053454641783,2200.0,1.857297024837174,4.187128648395264,8.812766036539971,4.625637388144707
602,scenario_30,delay_min,4.280590910264444,68,8865.80644588534,4086.053454641783,2335.0,1.7499158263990506,4.470154510530423,8.750745420794868,4.280590910264444
602,scenario_30,delay_min,4.011859658434496,61,8361.831024084971,4086.053454641783,2333.0,1.7514159685562722,4.1809155120424855,8.192775170476981,4.011859658434496
602,scenario_30,delay_min,3.503952199736628,175,5286.2980122217705,4086.053454641783,2200.0,1.857297024837174,3.1717788073330624,6.6757310070696905,3.503952199736628
602,scenario_30,delay_min,3.0237272025160253,98,2007.6948653871616,4146.819483213175,1536.0,2.6997522677169106,1.115386036326201,4.139113238842226,3.0237272025160253
602,scenario_30,delay_min,2.942954381691899,176,4439.9389635413945,4086.053454641783,2200.0,1.857297024837174,2.663963378124837,5.606917759816736,2.942954381691899
602,scenario_30,delay_min,2.6734208089081597,32,4235.803391000821,4086.053454641783,2391.0,1.708930763129144,2.9552116681401075,5.628632477048267,2.6734208089081597
602,scenario_30,delay_min,2.4745891281267283,63,5114.75070314698,4086.053454641783,2333.0,1.7514159685562722,2.578865900746377,5.053455028873105,2.4745891281267283
627,scenario_30,flow_capacity_ratio,5.611813599441533,129,3327.5142290398862,4091.012113992877,729.0,5.611813599441533,2.079696393149929,34.722519872943224,32.64282347979329
627,scenario_30,flow_capacity_ratio,5.611813599441533,130,225.05482885543543,4091.012113992877,729.0,5.611813599441533,0.13503289731326126,2.254503338037381,2.1194704407241196
627,scenario_30,flow_capacity_ratio,4.153074294326269,178,6719.55714161299,4153.074294326269,1000.0,4.153074294326269,5.039667856209742,43.44833213394975,38.40866427774001
627,scenario_30,flow_capacity_ratio,2.7029274249560675,98,2007.6948653871616,4151.69652473252,1536.0,2.7029274249560675,1.115386036326201,4.147655102190597,3.032269065864396
627,scenario_30,flow_capacity_ratio,2.271480444224843,126,1897.1851262924465,4113.651084491191,1811.0,2.271480444224843,1.073878373373083,2.9971326652637083,1.9232542918906252
627,scenario_30,flow_capacity_ratio,2.118412804591098,128,1875.2605068342427,4097.010364079183,1934.0,2.118412804591098,0.9783967861743875,2.4605068250667017,1.4821100388923143
627,scenario_30,flow_capacity_ratio,1.9734774501641883,124,1877.417300305622,1438.6650611696932,729.0,1.9734774501641883,1.425886557194143,3.248028425611147,1.8221418684170039
627,scenario_30,flow_capacity_ratio,1.9052848779221843,92,2550.193392452562,4126.847045579451,2166.0,1.9052848779221843,1.577439211826327,3.4301023056176962,1.8526630937913693
627,scenario_30,flow_capacity_ratio,1.8595509609058531,174,6978.5477473254405,4091.012113992877,2200.0,1.8595509609058531,4.187128648395264,8.826249823699234,4.63912117530397
627,scenario_30,flow_capacity_ratio,1.8595509609058531,175,5286.2980122217705,4091.012113992877,2200.0,1.8595509609058531,3.1717788073330624,6.685945068768207,3.514166261435145
627,scenario_30,flow_capacity_ratio,1.8595509609058531,176,4439.9389635413945,4091.012113992877,2200.0,1.8595509609058531,2.663963378124837,5.6154965063055675,2.9515331281807304
627,scenario_30,delay_min,38.40866427774001,178,6719.55714161299,4153.074294326269,1000.0,4.153074294326269,5.039667856209742,43.44833213394975,38.40866427774001
627,scenario_30,delay_min,32.64282347979329,129,3327.5142290398862,4091.012113992877,729.0,5.611813599441533,2.079696393149929,34.722519872943224,32.64282347979329
627,scenario_30,delay_min,4.63912117530397,174,6978.5477473254405,4091.012113992877,2200.0,1.8595509609058531,4.187128648395264,8.826249823699234,4.63912117530397
627,scenario_30,delay_min,4.293068882899699,68,8865.80644588534,4091.012113992877,2335.0,1.7520394492474847,4.470154510530423,8.763223393430122,4.293068882899699
627,scenario_30,delay_min,4.023554276323441,61,8361.831024084971,4091.012113992877,2333.0,1.7535414119129349,4.1809155120424855,8.204469788365927,4.023554276323441
627,scenario_30,delay_min,3.514166261435145,175,5286.2980122217705,4091.012113992877,2200.0,1.8595509609058531,3.1717788073330624,6.685945068768207,3.514166261435145
627,scenario_30,delay_min,3.032269065864396,98,2007.6948653871616,4151.69652473252,1536.0,2.7029274249560675,1.115386036326201,4.147655102190597,3.032269065864396
627,scenario_30,delay_min,2.9515331281807304,176,4439.9389635413945,4091.012113992877,2200.0,1.8595509609058531,2.663963378124837,5.6154965063055675,2.9515331281807304
627,scenario_30,delay_min,2.681213861875705,32,4235.803391000821,4091.012113992877,2391.0,1.7110046482613455,2.9552116681401075,5.636425530015813,2.681213861875705
627,scenario_30,delay_min,2.4818025844161924,63,5114.75070314698,4091.012113992877,2333.0,1.7535414119129349,2.578865900746377,5.060668485162569,2.4818025844161924
669,scenario_30,flow_capacity_ratio,5.5651559323629325,129,3327.5142290398862,4056.998674692578,729.0,5.5651559323629325,2.079696393149929,34.07495003063139,31.99525363748146
669,scenario_30,flow_capacity_ratio,5.5651559323629325,130,225.05482885543543,4056.998674692578,729.0,5.5651559323629325,0.13503289731326126,2.2124571853835238,2.0774242880702625
669,scenario_30,flow_capacity_ratio,4.119792731524629,178,6719.55714161299,4119.792731524629,1000.0,4.119792731524629,5.039667856209742,42.713760760357864,37.674092904148125
669,scenario_30,flow_capacity_ratio,2.681133156556893,98,2007.6948653871616,4118.220528471388,1536.0,2.681133156556893,1.115386036326201,4.089306382381273,2.9739203460550723
669,scenario_30,flow_capacity_ratio,2.2526739641687294,126,1897.1851262924465,4079.592549109569,1811.0,2.2526739641687294,1.073878373373083,2.9591377957482057,1.8852594223751227
669,scenario_30,flow_capacity_ratio,2.1008165760671167,128,1875.2605068342427,4062.979258113804,1934.0,2.1008165760671167,0.9783967861743875,2.4311322925419687,1.4527355063675813
669,scenario_30,flow_capacity_ratio,1.973477443207502,124,1877.417300305622,1438.665056098269,729.0,1.973477443207502,1.425886557194143,3.248028410195432,1.822141853001289
669,scenario_30,flow_capacity_ratio,1.8896063397640872,92,2550.193392452562,4092.887331929013,2166.0,1.8896063397640872,1.577439211826327,3.393723602590679,1.8162843907643522
669,scenario_30,flow_capacity_ratio,1.8440903066784444,174,6978.5477473254405,4056.998674692578,2200.0,1.8440903066784444,4.187128648395264,8.734218723208901,4.547090074813637
669,scenario_30,flow_capacity_ratio,1.8440903066784444,175,5286.2980122217705,4056.998674692578,2200.0,1.8440903066784444,3.1717788073330624,6.616230875901779,3.444452068568717
669,scenario_30,flow_capacity_ratio,1.8440903066784444,176,4439.9389635413945,4056.998674692578,2200.0,1.8440903066784444,2.663963378124837,5.556943855565129,2.8929804774402923
669,scenario_30,delay_min,37.674092904148125,178,6719.55714161299,4119.792731524629,1000.0,4.119792731524629,5.039667856209742,42.713760760357864,37.674092904148125
669,scenario_30,delay_min,31.99525363748146,129,3327.5142290398862,4056.998674692578,729.0,5.5651559323629325,2.079696393149929,34.07495003063139,31.99525363748146
669,scenario_30,delay_min,4.547090074813637,174,6978.5477473254405,4056.998674692578,2200.0,1.8440903066784444,4.187128648395264,8.734218723208901,4.547090074813637
669,scenario_30,delay_min,4.207902783795128,68,8865.80644588534,4056.998674692578,2335.0,1.7374726658212325,4.470154510530423,8.678057294325551,4.207902783795128
669,scenario_30,delay_min,3.9437348204523897,61,8361.831024084971,4056.998674692578,2333.0,1.7389621408883746,4.1809155120424855,8.124650332494875,3.9437348204523897
669,scenario_30,delay_min,3.444452068568717,175,5286.2980122217705,4056.998674692578,2200.0,1.8440903066784444,3.1717788073330624,6.616230875901779,3.444452068568717
669,scenario_30,delay_min,2.9739203460550723,98,2007.6948653871616,4118.220528471388,1536.0,2.681133156556893,1.115386036326201,4.089306382381273,2.9739203460550723
669,scenario_30,delay_min,2.8929804774402923,176,4439.9389635413945,4056.998674692578,2200.0,1.8440903066784444,2.663963378124837,5.556943855565129,2.8929804774402923
669,scenario_30,delay_min,2.628023817245714,32,4235.803391000821,4056.998674692578,2391.0,1.6967790358396395,2.9552116681401075,5.5832354853858215,2.628023817245714
669,scenario_30,delay_min,2.432568469933591,63,5114.75070314698,4056.998674692578,2333.0,1.7389621408883746,2.578865900746377,5.011434370679968,2.432568469933591
673,scenario_30,flow_capacity_ratio,5.592067561173407,129,3327.5142290398862,4076.6172520954137,729.0,5.592067561173407,2.079696393149929,34.44753729040108,32.36784089725115
673,scenario_30,flow_capacity_ratio,5.592067561173407,130,225.05482885543543,4076.6172520954137,729.0,5.592067561173407,0.13503289731326126,2.2366489555642217,2.1016160582509604
673,scenario_30,flow_capacity_ratio,4.138843917988912,178,6719.55714161299,4138.843917988912,1000.0,4.138843917988912,5.039667856209742,43.13323482805436,38.09356697184462
673,scenario_30,flow_capacity_ratio,2.693615401318972,98,2007.6948653871616,4137.393256425941,1536.0,2.693615401318972,1.115386036326201,4.122643556640606,3.007257520314405
673,scenario_30,flow_capacity_ratio,2.263786559908265,126,1897.1851262924465,4099.717459993868,1811.0,2.263786559908265,1.073878373373083,2.9815351964518184,1.9076568230787354
673,scenario_30,flow_capacity_ratio,2.1109970958047795,128,1875.2605068342427,4082.6683832864433,1934.0,2.1109970958047795,0.9783967861743875,2.448085476361465,1.4696886901870774
673,scenario_30,flow_capacity_ratio,1.8988682193332564,92,2550.193392452562,4112.948563075834,2166.0,1.8988682193332564,1.577439211826327,3.4151629413154803,1.8377237294891533
673,scenario_30,flow_capacity_ratio,1.8530078418615517,174,6978.5477473254405,4076.6172520954137,2200.0,1.8530078418615517,4.187128648395264,8.787169946852774,4.60004129845751
673,scenario_30,flow_capacity_ratio,1.8530078418615517,175,5286.2980122217705,4076.6172520954137,2200.0,1.8530078418615517,3.1717788073330624,6.656341792732663,3.4845629853996005
673,scenario_30,flow_capacity_ratio,1.8530078418615517,176,4439.9389635413945,4076.6172520954137,2200.0,1.8530078418615517,2.663963378124837,5.590632842090116,2.926669463965279
673,scenario_30,delay_min,38.09356697184462,178,6719.55714161299,4138.843917988912,1000.0,4.138843917988912,5.039667856209742,43.13323482805436,38.09356697184462
673,scenario_30,delay_min,32.36784089725115,129,3327.5142290398862,4076.6172520954137,729.0,5.592067561173407,2.079696393149929,34.44753729040108,32.36784089725115
673,scenario_30,delay_min,4.60004129845751,174,6978.5477473254405,4076.6172520954137,2200.0,1.8530078418615517,4.187128648395264,8.787169946852774,4.60004129845751
673,scenario_30,delay_min,4.256904144601807,68,8865.80644588534,4076.6172520954137,2335.0,1.7458746261650595,4.470154510530423,8.72705865513223,4.256904144601807
673,scenario_30,delay_min,3.9896599244274764,61,8361.831024084971,4076.6172520954137,2333.0,1.7473713039414547,4.1809155120424855,8.170575436469962,3.9896599244274764
673,scenario_30,delay_min,3.4845629853996005,175,5286.2980122217705,4076.6172520954137,2200.0,1.8530078418615517,3.1717788073330624,6.656341792732663,3.4845629853996005
673,scenario_30,delay_min,3.007257520314405,98,2007.6948653871616,4137.393256425941,1536.0,2.693615401318972,1.115386036326201,4.122643556640606,3.007257520314405
673,scenario_30,delay_min,2.926669463965279,176,4439.9389635413945,4076.6172520954137,2200.0,1.8530078418615517,2.663963378124837,5.590632842090116,2.926669463965279
673,scenario_30,delay_min,2.6586273625018753,32,4235.803391000821,4076.6172520954137,2391.0,1.70498421250331,2.9552116681401075,5.613839030641983,2.6586273625018753
673,scenario_30,delay_min,2.4608959222077282,63,5114.75070314698,4076.6172520954137,2333.0,1.7473713039414547,2.578865900746377,5.039761822954105,2.4608959222077282
680,scenario_30,flow_capacity_ratio,5.605086265477837,129,3327.5142290398862,4086.1078875333433,729.0,5.605086265477837,2.079696393149929,34.628682859397074,32.54898646624714
680,scenario_30,flow_capacity_ratio,5.605086265477837,130,225.05482885543543,4086.1078875333433,729.0,5.605086265477837,0.13503289731326126,2.2484105814907545,2.113377684177493
680,scenario_30,flow_capacity_ratio,4.1489105168018074,178,6719.55714161299,4148.910516801808,1000.0,4.1489105168018074,5.039667856209742,43.3559786238655,38.31631076765576
680,scenario_30,flow_capacity_ratio,2.7000552663299864,98,2007.6948653871616,4147.284889082859,1536.0,2.7000552663299864,1.115386036326201,4.13992776435711,3.0245417280309095
680,scenario_30,flow_capacity_ratio,2.2691699843198596,126,1897.1851262924465,4109.4668416032655,1811.0,2.2691699843198596,1.073878373373083,2.992440988376192,1.9185626150031092
680,scenario_30,flow_capacity_ratio,2.1159924134337538,128,1875.2605068342427,4092.32932758088,1934.0,2.1159924134337538,0.9783967861743875,2.4564459537511785,1.478049167576791
680,scenario_30,flow_capacity_ratio,1.905960367012455,92,2550.193392452562,4128.3101549489775,2166.0,1.905960367012455,1.577439211826327,3.4316790957118872,1.8542398838855603
680,scenario_30,flow_capacity_ratio,1.8573217670606106,174,6978.5477473254405,4086.1078875333433,2200.0,1.8573217670606106,4.187128648395264,8.812913928388626,4.625785279993362
680,scenario_30,flow_capacity_ratio,1.8573217670606106,175,5286.2980122217705,4086.1078875333433,2200.0,1.8573217670606106,3.1717788073330624,6.675843036164264,3.5040642288312016
680,scenario_30,flow_capacity_ratio,1.8573217670606106,176,4439.9389635413945,4086.1078875333433,2200.0,1.8573217670606106,2.663963378124837,5.607011852571419,2.9430484744465817
680,scenario_30,delay_min,38.31631076765576,178,6719.55714161299,4148.910516801808,1000.0,4.1489105168018074,5.039667856209742,43.3559786238655,38.31631076765576
680,scenario_30,delay_min,32.54898646624714,129,3327.5142290398862,4086.1078875333433,729.0,5.605086265477837,2.079696393149929,34.628682859397074,32.54898646624714
680,scenario_30,delay_min,4.625785279993362,174,6978.5477473254405,4086.1078875333433,2200.0,1.8573217670606106,4.187128648395264,8.812913928388626,4.625785279993362
680,scenario_30,delay_min,4.280727770214747,68,8865.80644588534,4086.1078875333433,2335.0,1.7499391381299114,4.470154510530423,8.75088228074517,4.280727770214747
680,scenario_30,delay_min,4.011987926452857,61,8361.831024084971,4086.1078875333433,2333.0,1.7514393002714717,4.1809155120424855,8.192903438495343,4.011987926452857
680,scenario_30,delay_min,3.5040642288312016,175,5286.2980122217705,4086.1078875333433,2200.0,1.8573217670606106,3.1717788073330624,6.675843036164264,3.5040642288312016
680,scenario_30,delay_min,3.0245417280309095,98,2007.6948653871616,4147.284889082859,1536.0,2.7000552663299864,1.115386036326201,4.13992776435711,3.0245417280309095
680,scenario_30,delay_min,2.9430484744465817,176,4439.9389635413945,4086.1078875333433,2200.0,1.8573217670606106,2.663963378124837,5.607011852571419,2.9430484744465817
680,scenario_30,delay_min,2.6735062840789285,32,4235.803391000821,4086.1078875333433,2391.0,1.7089535288721636,2.9552116681401075,5.628717952219036,2.6735062840789285
680,scenario_30,delay_min,2.474668246209301,63,5114.75070314698,4086.1078875333433,2333.0,1.7514393002714717,2.578865900746377,5.053534146955678,2.474668246209301
694,scenario_30,flow_capacity_ratio,5.592534908771872,129,3327.5142290398862,4076.9579484946944,729.0,5.592534908771872,2.079696393149929,34.45402988048795,32.37433348733802
694,scenario_30,flow_capacity_ratio,5.592534908771872,130,225.05482885543543,4076.9579484946944,729.0,5.592534908771872,0.13503289731326126,2.237070513851953,2.102037616538692
694,scenario_30,flow_capacity_ratio,4.139036963931473,178,6719.55714161299,4139.036963931473,1000.0,4.139036963931473,5.039667856209742,43.1374992354814,38.09783137927166
694,scenario_30,flow_capacity_ratio,2.6937607317374805,98,2007.6948653871616,4137.61648394877,1536.0,2.6937607317374805,1.115386036326201,4.123032977491162,3.0076469411649613
694,scenario_30,flow_capacity_ratio,2.2640185260732046,126,1897.1851262924465,4100.137550718574,1811.0,2.2640185260732046,1.073878373373083,2.9820043681512205,1.9081259947781375
694,scenario_30,flow_capacity_ratio,2.1112163567688897,128,1875.2605068342427,4083.092433991033,1934.0,2.1112163567688897,0.9783967861743875,2.448451864877338,1.4700550787029507
694,scenario_30,flow_capacity_ratio,1.9020761647021107,92,2550.193392452562,4119.896972744772,2166.0,1.9020761647021107,1.577439211826327,3.4226229099631555,1.8451836981368286
694,scenario_30,flow_capacity_ratio,1.8531627038612246,174,6978.5477473254405,4076.9579484946944,2200.0,1.8531627038612246,4.187128648395264,8.788092658461139,4.600964010065875
694,scenario_30,flow_capacity_ratio,1.8531627038612246,175,5286.2980122217705,4076.9579484946944,2200.0,1.8531627038612246,3.1717788073330624,6.657040753134992,3.4852619458019296
694,scenario_30,flow_capacity_ratio,1.8531627038612246,176,4439.9389635413945,4076.9579484946944,2200.0,1.8531627038612246,2.663963378124837,5.591219895925731,2.9272565178008936
694,scenario_30,delay_min,38.09783137927166,178,6719.55714161299,4139.036963931473,1000.0,4.139036963931473,5.039667856209742,43.1374992354814,38.09783137927166
694,scenario_30,delay_min,32.37433348733802,129,3327.5142290398862,4076.9579484946944,729.0,5.592534908771872,2.079696393149929,34.45402988048795,32.37433348733802
694,scenario_30,delay_min,4.600964010065875,174,6978.5477473254405,4076.9579484946944,2200.0,1.8531627038612246,4.187128648395264,8.788092658461139,4.600964010065875
694,scenario_30,delay_min,4.257758027124827,68,8865.80644588534,4076.9579484946944,2335.0,1.7460205346872353,4.470154510530423,8.72791253765525,4.257758027124827
694,scenario_30,delay_min,3.9904602010525867,61,8361.831024084971,4076.9579484946944,2333.0,1.747517337545947,4.1809155120424855,8.171375713095072,3.9904602010525867
694,scenario_30,delay_min,3.4852619458019296,175,5286.2980122217705,4076.9579484946944,2200.0,1.8531627038612246,3.1717788073330624,6.657040753134992,3.4852619458019296
694,scenario_30,delay_min,3.0076469411649613,98,2007.6948653871616,4137.61648394877,1536.0,2.6937607317374805,1.115386036326201,4.123032977491162,3.0076469411649613
694,scenario_30,delay_min,2.9272565178008936,176,4439.9389635413945,4076.9579484946944,2200.0,1.8531627038612246,2.663963378124837,5.591219895925731,2.9272565178008936
694,scenario_30,delay_min,2.659160650394425,32,4235.803391000821,4076.9579484946944,2391.0,1.7051267036782494,2.9552116681401075,5.6143723185345324,2.659160650394425
694,scenario_30,delay_min,2.4613895476095613,63,5114.75070314698,4076.9579484946944,2333.0,1.747517337545947,2.578865900746377,5.040255448355938,2.4613895476095613
761,scenario_30,flow_capacity_ratio,5.584924686305952,129,3327.5142290398862,4071.410096317039,729.0,5.584924686305952,2.079696393149929,34.34839996838194,32.26870357523201
761,scenario_30,flow_capacity_ratio,5.584924686305952,130,225.05482885543543,4071.410096317039,729.0,5.584924686305952,0.13503289731326126,2.230212054549143,2.0951791572358816
761,scenario_30,flow_capacity_ratio,4.133789744579419,178,6719.55714161299,4133.789744579419,1000.0,4.133789744579419,5.039667856209742,43.0216866105103,37.98201875430056
761,scenario_30,flow_capacity_ratio,2.6903410733463,98,2007.6948653871616,4132.3638886599165,1536.0,2.6903410733463,1.115386036326201,4.113877610270077,2.998491573943876
761,scenario_30,flow_capacity_ratio,2.2608737072426823,126,1897.1851262924465,4094.442283816498,1811.0,2.2608737072426823,1.073878373373083,2.9756494268994635,1.9017710535263805
761,scenario_30,flow_capacity_ratio,2.1082839991445264,128,1875.2605068342427,4077.4212543455137,1934.0,2.1082839991445264,0.9783967861743875,2.4435562565215903,1.4651594703472028
761,scenario_30,flow_capacity_ratio,1.9303321949420684,124,1877.417300305622,1407.2121701127678,729.0,1.9303321949420684,1.425886557194143,3.153879295765115,1.727992738570972
761,scenario_30,flow_capacity_ratio,1.8964899196369016,92,2550.193392452562,4107.797165933529,2166.0,1.8964899196369016,1.577439211826327,3.4096436622477175,1.8322044504213906
761,scenario_30,flow_capacity_ratio,1.8506409528713814,174,6978.5477473254405,4071.410096317039,2200.0,1.8506409528713814,4.187128648395264,8.773080784188076,4.585952135792812
761,scenario_30,flow_capacity_ratio,1.8506409528713814,175,5286.2980122217705,4071.410096317039,2200.0,1.8506409528713814,3.1717788073330624,6.6456691549167495,3.473890347583687
761,scenario_30,flow_capacity_ratio,1.8506409528713814,176,4439.9389635413945,4071.410096317039,2200.0,1.8506409528713814,2.663963378124837,5.581668939492668,2.917705561367831
761,scenario_30,delay_min,37.98201875430056,178,6719.55714161299,4133.789744579419,1000.0,4.133789744579419,5.039667856209742,43.0216866105103,37.98201875430056
761,scenario_30,delay_min,32.26870357523201,129,3327.5142290398862,4071.410096317039,729.0,5.584924686305952,2.079696393149929,34.34839996838194,32.26870357523201
761,scenario_30,delay_min,4.585952135792812,174,6978.5477473254405,4071.410096317039,2200.0,1.8506409528713814,4.187128648395264,8.773080784188076,4.585952135792812
761,scenario_30,delay_min,4.2438659540617705,68,8865.80644588534,4071.410096317039,2335.0,1.7436445808638283,4.470154510530423,8.714020464592194,4.2438659540617705
761,scenario_30,delay_min,3.977440258558188,61,8361.831024084971,4071.410096317039,2333.0,1.7451393468997167,4.1809155120424855,8.158355770600673,3.977440258558188
761,scenario_30,delay_min,3.473890347583687,175,5286.2980122217705,4071.410096317039,2200.0,1.8506409528713814,3.1717788073330624,6.6456691549167495,3.473890347583687
761,scenario_30,delay_min,2.998491573943876,98,2007.6948653871616,4132.3638886599165,1536.0,2.6903410733463,1.115386036326201,4.113877610270077,2.998491573943876
761,scenario_30,delay_min,2.917705561367831,176,4439.9389635413945,4071.410096317039,2200.0,1.8506409528713814,2.663963378124837,5.581668939492668,2.917705561367831
761,scenario_30,delay_min,2.650484428353074,32,4235.803391000821,4071.410096317039,2391.0,1.7028063974558925,2.9552116681401075,5.6056960964931815,2.650484428353074
761,scenario_30,delay_min,2.453358606627431,63,5114.75070314698,4071.410096317039,2333.0,1.7451393468997167,2.578865900746377,5.032224507373808,2.453358606627431
767,scenario_30,flow_capacity_ratio,5.590712150163606,129,3327.5142290398862,4075.6291574692686,729.0,5.590712150163606,2.079696393149929,34.428711644635705,32.349015251485774
767,scenario_30,flow_capacity_ratio,5.590712150163606,130,225.05482885543543,4075.6291574692686,729.0,5.590712150163606,0.13503289731326126,2.2354266225833768,2.1003937252701155
767,scenario_30,flow_capacity_ratio,4.1376478482199515,178,6719.55714161299,4137.647848219952,1000.0,4.1376478482199515,5.039667856209742,43.1068197141353,38.06715185792556
767,scenario_30,flow_capacity_ratio,2.6929097834260607,98,2007.6948653871616,4136.309427342429,1536.0,2.6929097834260607,1.115386036326201,4.120753232772444,3.005367196446243
767,scenario_30,flow_capacity_ratio,2.2629699937569656,126,1897.1851262924465,4098.238658693865,1811.0,2.2629699937569656,1.073878373373083,2.979884155969173,1.9060057825960899
767,scenario_30,flow_capacity_ratio,2.1104597787979262,128,1875.2605068342427,4081.629212195189,1934.0,2.1104597787979262,0.9783967861743875,2.447187836435637,1.4687910502612498
767,scenario_30,flow_capacity_ratio,1.973477453917297,124,1877.417300305622,1438.6650639057095,729.0,1.973477453917297,1.425886557194143,3.2480284339278733,1.8221418767337303
767,scenario_30,flow_capacity_ratio,1.8981805727867354,92,2550.193392452562,4111.459120656069,2166.0,1.8981805727867354,1.577439211826327,3.413566136604231,1.836126924777904
767,scenario_30,flow_capacity_ratio,1.8525587079405768,174,6978.5477473254405,4075.6291574692686,2200.0,1.8525587079405768,4.187128648395264,8.784494490424718,4.597365842029454
767,scenario_30,flow_capacity_ratio,1.8525587079405768,175,5286.2980122217705,4075.6291574692686,2200.0,1.8525587079405768,3.1717788073330624,6.654315116050134,3.482536308717072
767,scenario_30,flow_capacity_ratio,1.8525587079405768,176,4439.9389635413945,4075.6291574692686,2200.0,1.8525587079405768,2.663963378124837,5.58893064506141,2.924967266936573
767,scenario_30,delay_min,38.06715185792556,178,6719.55714161299,4137.647848219952,1000.0,4.1376478482199515,5.039667856209742,43.1068197141353,38.06715185792556
767,scenario_30,delay_min,32.349015251485774,129,3327.5142290398862,4075.6291574692686,729.0,5.590712150163606,2.079696393149929,34.428711644635705,32.349015251485774
767,scenario_30,delay_min,4.597365842029454,174,6978.5477473254405,4075.6291574692686,2200.0,1.8525587079405768,4.187128648395264,8.784494490424718,4.597365842029454
767,scenario_30,delay_min,4.254428262143727,68,8865.80644588534,4075.6291574692686,2335.0,1.745451459301614,4.470154510530423,8.72458277267415,4.254428262143727
767,scenario_30,delay_min,3.9873394754145224,61,8361.831024084971,4075.6291574692686,2333.0,1.7469477743117312,4.1809155120424855,8.168254987457008,3.9873394754145224
767,scenario_30,delay_min,3.482536308717072,175,5286.2980122217705,4075.6291574692686,2200.0,1.8525587079405768,3.1717788073330624,6.654315116050134,3.482536308717072
767,scenario_30,delay_min,3.005367196446243,98,2007.6948653871616,4136.309427342429,1536.0,2.6929097834260607,1.115386036326201,4.120753232772444,3.005367196446243
767,scenario_30,delay_min,2.924967266936573,176,4439.9389635413945,4075.6291574692686,2200.0,1.8525587079405768,2.663963378124837,5.58893064506141,2.924967266936573
767,scenario_30,delay_min,2.6570810629786092,32,4235.803391000821,4075.6291574692686,2391.0,1.7045709566998195,2.9552116681401075,5.612292731118717,2.6570810629786092
767,scenario_30,delay_min,2.4594646264026117,63,5114.75070314698,4075.6291574692686,2333.0,1.7469477743117312,2.578865900746377,5.038330527148989,2.4594646264026117
770,scenario_30,flow_capacity_ratio,5.599160023374286,129,3327.5142290398862,4081.7876570398544,729.0,5.599160023374286,2.079696393149929,34.5461504922295,32.46645409907957
770,scenario_30,flow_capacity_ratio,5.599160023374286,130,225.05482885543543,4081.7876570398544,729.0,5.599160023374286,0.13503289731326126,2.243051825906301,2.1080189285930397
770,scenario_30,flow_capacity_ratio,4.144350770050952,178,6719.55714161299,4144.350770050952,1000.0,4.144350770050952,5.039667856209742,43.254991176706255,38.215323320496516
770,scenario_30,flow_capacity_ratio,2.697155553462007,98,2007.6948653871616,4142.830930117642,1536.0,2.697155553462007,1.115386036326201,4.132137959066841,3.0167519227406405
770,scenario_30,flow_capacity_ratio,2.2665594741003527,126,1897.1851262924465,4104.739207595739,1811.0,2.2665594741003527,1.073878373373083,2.987148063094725,1.913269689721642
770,scenario_30,flow_capacity_ratio,2.1136204986366707,128,1875.2605068342427,4087.7420443633214,1934.0,2.1136204986366707,0.9783967861743875,2.452472718832687,1.4740759326582995
770,scenario_30,flow_capacity_ratio,1.9734774464353828,124,1877.417300305622,1438.665058451394,729.0,1.9734774464353828,1.425886557194143,3.2480284173482756,1.8221418601541326
770,scenario_30,flow_capacity_ratio,1.9012215608425502,92,2550.193392452562,4118.045900784964,2166.0,1.9012215608425502,1.577439211826327,3.4206338348034264,1.8431946229770995
770,scenario_30,flow_capacity_ratio,1.8553580259272064,174,6978.5477473254405,4081.7876570398544,2200.0,1.8553580259272064,4.187128648395264,8.801184622790656,4.6140559743953915
770,scenario_30,flow_capacity_ratio,1.8553580259272064,175,5286.2980122217705,4081.7876570398544,2200.0,1.8553580259272064,3.1717788073330624,6.6669580063396765,3.495179199006614
770,scenario_30,flow_capacity_ratio,1.8553580259272064,176,4439.9389635413945,4081.7876570398544,2200.0,1.8553580259272064,2.663963378124837,5.599549354237196,2.9355859761123586
770,scenario_30,delay_min,38.215323320496516,178,6719.55714161299,4144.350770050952,1000.0,4.144350770050952,5.039667856209742,43.254991176706255,38.215323320496516
770,scenario_30,delay_min,32.46645409907957,129,3327.5142290398862,4081.7876570398544,729.0,5.599160023374286,2.079696393149929,34.5461504922295,32.46645409907957
770,scenario_30,delay_min,4.6140559743953915,174,6978.5477473254405,4081.7876570398544,2200.0,1.8553580259272064,4.187128648395264,8.801184622790656,4.6140559743953915
770,scenario_30,delay_min,4.269873404705019,68,8865.80644588534,4081.7876570398544,2335.0,1.7480889323511153,4.470154510530423,8.740027915235443,4.269873404705019
770,scenario_30,delay_min,4.001814987244403,61,8361.831024084971,4081.7876570398544,2333.0,1.7495875083754198,4.1809155120424855,8.182730499286889,4.001814987244403
770,scenario_30,delay_min,3.495179199006614,175,5286.2980122217705,4081.7876570398544,2200.0,1.8553580259272064,3.1717788073330624,6.6669580063396765,3.495179199006614
770,scenario_30,delay_min,3.0167519227406405,98,2007.6948653871616,4142.830930117642,1536.0,2.697155553462007,1.115386036326201,4.132137959066841,3.0167519227406405
770,scenario_30,delay_min,2.9355859761123586,176,4439.9389635413945,4081.7876570398544,2200.0,1.8553580259272064,2.663963378124837,5.599549354237196,2.9355859761123586
770,scenario_30,delay_min,2.6667272465045557,32,4235.803391000821,4081.7876570398544,2391.0,1.707146657063929,2.9552116681401075,5.621938914644663,2.6667272465045557
770,scenario_30,delay_min,2.4683933894322423,63,5114.75070314698,4081.7876570398544,2333.0,1.7495875083754198,2.578865900746377,5.047259290178619,2.4683933894322423
780,scenario_30,flow_capacity_ratio,5.602080956644102,129,3327.5142290398862,4083.91701739355,729.0,5.602080956644102,2.079696393149929,34.586813868024635,32.507117474874704
780,scenario_30,flow_capacity_ratio,5.602080956644102,130,225.05482885543543,4083.91701739355,729.0,5.602080956644102,0.13503289731326126,2.245692063907502,2.1106591665942407
780,scenario_30,flow_capacity_ratio,4.147875477485839,178,6719.55714161299,4147.875477485839,1000.0,4.147875477485839,5.039667856209742,43.333041346721025,38.293373490511286
780,scenario_30,flow_capacity_ratio,2.6994608075489164,98,2007.6948653871616,4146.371800395135,1536.0,2.6994608075489164,1.115386036326201,4.138329851907268,3.0229438155810673
780,scenario_30,flow_capacity_ratio,2.26747985471274,126,1897.1851262924465,4106.406016884772,1811.0,2.26747985471274,1.073878373373083,2.9890132021335085,1.9151348287604255
780,scenario_30,flow_capacity_ratio,2.114732077459336,128,1875.2605068342427,4089.891837806356,1934.0,2.114732077459336,0.9783967861743875,2.4543339666929467,1.4759371805185593
780,scenario_30,flow_capacity_ratio,1.9735134600383593,124,1877.417300305622,1438.691312367964,729.0,1.9735134600383593,1.425886557194143,3.2481082229505986,1.8222216657564556
780,scenario_30,flow_capacity_ratio,1.901971341935852,92,2550.193392452562,4119.669926633055,2166.0,1.901971341935852,1.577439211826327,3.422378869517171,1.844939657690844
780,scenario_30,flow_capacity_ratio,1.856325916997068,174,6978.5477473254405,4083.91701739355,2200.0,1.856325916997068,4.187128648395264,8.806963605966768,4.619834957571504
780,scenario_30,flow_capacity_ratio,1.856325916997068,175,5286.2980122217705,4083.91701739355,2200.0,1.856325916997068,3.1717788073330624,6.671335625922239,3.499556818589177
780,scenario_30,flow_capacity_ratio,1.856325916997068,176,4439.9389635413945,4083.91701739355,2200.0,1.856325916997068,2.663963378124837,5.6032260980959885,2.9392627199711514
780,scenario_30,delay_min,38.293373490511286,178,6719.55714161299,4147.875477485839,1000.0,4.147875477485839,5.039667856209742,43.333041346721025,38.293373490511286
780,scenario_30,delay_min,32.507117474874704,129,3327.5142290398862,4083.91701739355,729.0,5.602080956644102,2.079696393149929,34.586813868024635,32.507117474874704
780,scenario_30,delay_min,4.619834957571504,174,6978.5477473254405,4083.91701739355,2200.0,1.856325916997068,4.187128648395264,8.806963605966768,4.619834957571504
780,scenario_30,delay_min,4.275221308308022,68,8865.80644588534,4083.91701739355,2335.0,1.7490008639801071,4.470154510530423,8.745375818838445,4.275221308308022
780,scenario_30,delay_min,4.006827154763291,61,8361.831024084971,4083.91701739355,2333.0,1.7505002217717744,4.1809155120424855,8.187742666805777,4.006827154763291
780,scenario_30,delay_min,3.499556818589177,175,5286.2980122217705,4083.91701739355,2200.0,1.856325916997068,3.1717788073330624,6.671335625922239,3.499556818589177
780,scenario_30,delay_min,3.0229438155810673,98,2007.6948653871616,4146.371800395135,1536.0,2.6994608075489164,1.115386036326201,4.138329851907268,3.0229438155810673
780,scenario_30,delay_min,2.9392627199711514,176,4439.9389635413945,4083.91701739355,2200.0,1.856325916997068,2.663963378124837,5.6032260980959885,2.9392627199711514
780,scenario_30,delay_min,2.6700672519094213,32,4235.803391000821,4083.91701739355,2391.0,1.7080372301938729,2.9552116681401075,5.625278920049529,2.6700672519094213
780,scenario_30,delay_min,2.4714849869223277,63,5114.75070314698,4083.91701739355,2333.0,1.7505002217717744,2.578865900746377,5.050350887668705,2.4714849869223277
813,scenario_30,flow_capacity_ratio,5.562214292244349,129,3327.5142290398862,4054.8542190461303,729.0,5.562214292244349,2.079696393149929,34.03437598709355,31.954679593943617
813,scenario_30,flow_capacity_ratio,5.562214292244349,130,225.05482885543543,4054.8542190461303,729.0,5.562214292244349,0.13503289731326126,2.209822747648922,2.0747898503356605
813,scenario_30,flow_capacity_ratio,4.117152509659393,178,6719.55714161299,4117.152509659393,1000.0,4.117152509659393,5.039667856209742,42.65584133436202,37.616173478152284
813,scenario_30,flow_capacity_ratio,2.679452176231645,98,2007.6948653871616,4115.638542691807,1536.0,2.679452176231645,1.115386036326201,4.084833430839479,2.9694473945132787
813,scenario_30,flow_capacity_ratio,2.251864262077137,126,1897.1851262924465,4078.126178621695,1811.0,2.251864262077137,1.073878373373083,2.957511872642971,1.883633499269888
813,scenario_30,flow_capacity_ratio,2.0998317980515036,128,1875.2605068342427,4061.074697431608,1934.0,2.0998317980515036,0.9783967861743875,2.4294984677494775,1.4511016815750901
813,scenario_30,flow_capacity_ratio,1.891802852427024,92,2550.193392452562,4097.644978356934,2166.0,1.891802852427024,1.577439211826327,3.3987948028334314,1.8213555910071044
813,scenario_30,flow_capacity_ratio,1.8431155541118773,174,6978.5477473254405,4054.8542190461303,2200.0,1.8431155541118773,4.187128648395264,8.728452435722753,4.541323787327489
813,scenario_30,flow_capacity_ratio,1.8431155541118773,175,5286.2980122217705,4054.8542190461303,2200.0,1.8431155541118773,3.1717788073330624,6.611862873391858,3.4400840660587955
813,scenario_30,flow_capacity_ratio,1.8431155541118773,176,4439.9389635413945,4054.8542190461303,2200.0,1.8431155541118773,2.663963378124837,5.5532751890442835,2.8893118109194464
813,scenario_30,delay_min,37.616173478152284,178,6719.55714161299,4117.152509659393,1000.0,4.117152509659393,5.039667856209742,42.65584133436202,37.616173478152284
813,scenario_30,delay_min,31.954679593943617,129,3327.5142290398862,4054.8542190461303,729.0,5.562214292244349,2.079696393149929,34.03437598709355,31.954679593943617
813,scenario_30,delay_min,4.541323787327489,174,6978.5477473254405,4054.8542190461303,2200.0,1.8431155541118773,4.187128648395264,8.728452435722753,4.541323787327489
813,scenario_30,delay_min,4.202566628855172,68,8865.80644588534,4054.8542190461303,2335.0,1.736554269398771,4.470154510530423,8.672721139385596,4.202566628855172
813,scenario_30,delay_min,3.9387336640271347,61,8361.831024084971,4054.8542190461303,2333.0,1.7380429571565068,4.1809155120424855,8.11964917606962,3.9387336640271347
813,scenario_30,delay_min,3.4400840660587955,175,5286.2980122217705,4054.8542190461303,2200.0,1.8431155541118773,3.1717788073330624,6.611862873391858,3.4400840660587955
813,scenario_30,delay_min,2.9694473945132787,98,2007.6948653871616,4115.638542691807,1536.0,2.679452176231645,1.115386036326201,4.084833430839479,2.9694473945132787
813,scenario_30,delay_min,2.8893118109194464,176,4439.9389635413945,4054.8542190461303,2200.0,1.8431155541118773,2.663963378124837,5.5532751890442835,2.8893118109194464
813,scenario_30,delay_min,2.6246911494073033,32,4235.803391000821,4054.8542190461303,2391.0,1.6958821493292056,2.9552116681401075,5.579902817547411,2.6246911494073033
813,scenario_30,delay_min,2.429483664289411,63,5114.75070314698,4054.8542190461303,2333.0,1.7380429571565068,2.578865900746377,5.008349565035788,2.429483664289411
837,scenario_30,flow_capacity_ratio,5.6072293515013145,129,3327.5142290398862,4087.670197244458,729.0,5.6072293515013145,2.079696393149929,34.65855884493286,32.57886245178293
837,scenario_30,flow_capacity_ratio,5.6072293515013145,130,225.05482885543543,4087.670197244458,729.0,5.6072293515013145,0.13503289731326126,2.2503504035245254,2.115317506211264
837,scenario_30,flow_capacity_ratio,4.147428240398557,178,6719.55714161299,4147.428240398557,1000.0,4.147428240398557,5.039667856209742,43.3231327035258,38.28346484731606
837,scenario_30,flow_capacity_ratio,2.699956460937933,98,2007.6948653871616,4147.133124000665,1536.0,2.699956460937933,1.115386036326201,4.139662140126408,3.024276103800207
837,scenario_30,flow_capacity_ratio,2.269099555317211,126,1897.1851262924465,4109.339294679469,1811.0,2.269099555317211,1.073878373373083,2.9922980784839406,1.9184197051108576
837,scenario_30,flow_capacity_ratio,2.1165938907359005,128,1875.2605068342427,4093.492584683232,1934.0,2.1165938907359005,0.9783967861743875,2.45745449036416,1.4790577041897728
837,scenario_30,flow_capacity_ratio,1.9734808368503889,124,1877.417300305622,1438.6675300639336,729.0,1.9734808368503889,1.425886557194143,3.2480359303699777,1.8221493731758347
837,scenario_30,flow_capacity_ratio,1.9031315744284214,92,2550.193392452562,4122.182990211961,2166.0,1.9031315744284214,1.577439211826327,3.425081084433349,1.8476418726070218
837,scenario_30,flow_capacity_ratio,1.85803190783839,174,6978.5477473254405,4087.670197244458,2200.0,1.85803190783839,4.187128648395264,8.817159833073248,4.630031184677984
837,scenario_30,flow_capacity_ratio,1.85803190783839,175,5286.2980122217705,4087.670197244458,2200.0,1.85803190783839,3.1717788073330624,6.679059338224102,3.5072805308910393
837,scenario_30,flow_capacity_ratio,1.85803190783839,176,4439.9389635413945,4087.670197244458,2200.0,1.85803190783839,2.663963378124837,5.609713210837824,2.9457498327129867
837,scenario_30,delay_min,38.28346484731606,178,6719.55714161299,4147.428240398557,1000.0,4.147428240398557,5.039667856209742,43.3231327035258,38.28346484731606
837,scenario_30,delay_min,32.57886245178293,129,3327.5142290398862,4087.670197244458,729.0,5.6072293515013145,2.079696393149929,34.65855884493286,32.57886245178293
837,scenario_30,delay_min,4.630031184677984,174,6978.5477473254405,4087.670197244458,2200.0,1.85803190783839,4.187128648395264,8.817159833073248,4.630031184677984
837,scenario_30,delay_min,4.2846569543409005,68,8865.80644588534,4087.670197244458,2335.0,1.7506082215179692,4.470154510530423,8.754811464871324,4.2846569543409005
837,scenario_30,delay_min,4.015670440296557,61,8361.831024084971,4087.670197244458,2333.0,1.7521089572415165,4.1809155120424855,8.196585952339042,4.015670440296557
837,scenario_30,delay_min,3.5072805308910393,175,5286.2980122217705,4087.670197244458,2200.0,1.85803190783839,3.1717788073330624,6.679059338224102,3.5072805308910393
837,scenario_30,delay_min,3.024276103800207,98,2007.6948653871616,4147.133124000665,1536.0,2.699956460937933,1.115386036326201,4.139662140126408,3.024276103800207
837,scenario_30,delay_min,2.9457498327129867,176,4439.9389635413945,4087.670197244458,2200.0,1.85803190783839,2.663963378124837,5.609713210837824,2.9457498327129867
837,scenario_30,delay_min,2.675960235606906,32,4235.803391000821,4087.670197244458,2391.0,1.7096069415493342,2.9552116681401075,5.631171903747013,2.675960235606906
837,scenario_30,delay_min,2.4769396887565587,63,5114.75070314698,4087.670197244458,2333.0,1.7521089572415165,2.578865900746377,5.055805589502936,2.4769396887565587
863,scenario_30,flow_capacity_ratio,5.601852805585449,129,3327.5142290398862,4083.7506952717927,729.0,5.601852805585449,2.079696393149929,34.583636625043034,32.503940231893104
863,scenario_30,flow_capacity_ratio,5.601852805585449,130,225.05482885543543,4083.7506952717927,729.0,5.601852805585449,0.13503289731326126,2.2454857682545946,2.1104528709413333
863,scenario_30,flow_capacity_ratio,4.146049585155699,178,6719.55714161299,4146.049585155699,1000.0,4.146049585155699,5.039667856209742,43.29259768329511,38.25292982708537
863,scenario_30,flow_capacity_ratio,2.698266506780428,98,2007.6948653871616,4144.537354414738,1536.0,2.698266506780428,1.115386036326201,4.135121045689306,3.0197350093631057
863,scenario_30,flow_capacity_ratio,2.2678263868436654,126,1897.1851262924465,4107.033586573878,1811.0,2.2678263868436654,1.073878373373083,2.989715719600674,1.915837346227591
863,scenario_30,flow_capacity_ratio,2.1147510476317684,128,1875.2605068342427,4089.92852611984,1934.0,2.1147510476317684,0.9783967861743875,2.4543657425861793,1.475968956411792
863,scenario_30,flow_capacity_ratio,1.9051848185642937,92,2550.193392452562,4126.63031701026,2166.0,1.9051848185642937,1.577439211826327,3.4298688042023464,1.8524295923760195
863,scenario_30,flow_capacity_ratio,1.8562503160326331,174,6978.5477473254405,4083.7506952717927,2200.0,1.8562503160326331,4.187128648395264,8.80651206367895,4.619383415283686
863,scenario_30,flow_capacity_ratio,1.8562503160326331,175,5286.2980122217705,4083.7506952717927,2200.0,1.8562503160326331,3.1717788073330624,6.670993579527351,3.4992147721942883
863,scenario_30,flow_capacity_ratio,1.8562503160326331,176,4439.9389635413945,4083.7506952717927,2200.0,1.8562503160326331,2.663963378124837,5.602938814800099,2.9389754366752623
863,scenario_30,delay_min,38.25292982708537,178,6719.55714161299,4146.049585155699,1000.0,4.146049585155699,5.039667856209742,43.29259768329511,38.25292982708537
863,scenario_30,delay_min,32.503940231893104,129,3327.5142290398862,4083.7506952717927,729.0,5.601852805585449,2.079696393149929,34.583636625043034,32.503940231893104
863,scenario_30,delay_min,4.619383415283686,174,6978.5477473254405,4083.7506952717927,2200.0,1.8562503160326331,4.187128648395264,8.80651206367895,4.619383415283686
863,scenario_30,delay_min,4.274803448529863,68,8865.80644588534,4083.7506952717927,2335.0,1.7489296339493758,4.470154510530423,8.744957959060287,4.274803448529863
863,scenario_30,delay_min,4.006435527807572,61,8361.831024084971,4083.7506952717927,2333.0,1.750428930678008,4.1809155120424855,8.187351039850057,4.006435527807572
863,scenario_30,delay_min,3.4992147721942883,175,5286.2980122217705,4083.7506952717927,2200.0,1.8562503160326331,3.1717788073330624,6.670993579527351,3.4992147721942883
863,scenario_30,delay_min,3.0197350093631057,98,2007.6948653871616,4144.537354414738,1536.0,2.698266506780428,1.115386036326201,4.135121045689306,3.0197350093631057
863,scenario_30,delay_min,2.9389754366752623,176,4439.9389635413945,4083.7506952717927,2200.0,1.8562503160326331,2.663963378124837,5.602938814800099,2.9389754366752623
863,scenario_30,delay_min,2.6698062797563824,32,4235.803391000821,4083.7506952717927,2391.0,1.70796766845328,2.9552116681401075,5.62501794789649,2.6698062797563824
863,scenario_30,delay_min,2.4712434241834944,63,5114.75070314698,4083.7506952717927,2333.0,1.750428930678008,2.578865900746377,5.050109324929871,2.4712434241834944
938,scenario_30,flow_capacity_ratio,5.572309823760799,129,3327.5142290398862,4062.213861521622,729.0,5.572309823760799,2.079696393149929,34.17374901704148,32.09405262389155
938,scenario_30,flow_capacity_ratio,5.572309823760799,130,225.05482885543543,4062.213861521622,729.0,5.572309823760799,0.13503289731326126,2.2188721185586306,2.0838392212453694
938,scenario_30,flow_capacity_ratio,4.12438770496469,178,6719.55714161299,4124.38770496469,1000.0,4.12438770496469,5.039667856209742,42.81468620537692,37.77501834916718
938,scenario_30,flow_capacity_ratio,2.6842279847647514,98,2007.6948653871616,4122.974184598658,1536.0,2.6842279847647514,1.115386036326201,4.097551741261319,2.9821657049351185
938,scenario_30,flow_capacity_ratio,2.2559026144811454,126,1897.1851262924465,4085.4396348253545,1811.0,2.2559026144811454,1.073878373373083,2.965629229279737,1.8917508559066538
938,scenario_30,flow_capacity_ratio,2.103626501769288,128,1875.2605068342427,4068.413654421803,1934.0,2.103626501769288,0.9783967861743875,2.435800079183496,1.4574032930091088
938,scenario_30,flow_capacity_ratio,1.8952508659688383,92,2550.193392452562,4105.113375688504,2166.0,1.8952508659688383,1.577439211826327,3.406772047951174,1.8293328361248469
938,scenario_30,flow_capacity_ratio,1.846460846146192,174,6978.5477473254405,4062.213861521622,2200.0,1.846460846146192,4.187128648395264,8.748259802413871,4.561131154018607
938,scenario_30,flow_capacity_ratio,1.846460846146192,175,5286.2980122217705,4062.213861521622,2200.0,1.846460846146192,3.1717788073330624,6.626867090165575,3.455088282832513
938,scenario_30,flow_capacity_ratio,1.846460846146192,176,4439.9389635413945,4062.213861521622,2200.0,1.846460846146192,2.663963378124837,5.565877166177815,2.901913788052978
938,scenario_30,delay_min,37.77501834916718,178,6719.55714161299,4124.38770496469,1000.0,4.12438770496469,5.039667856209742,42.81468620537692,37.77501834916718
938,scenario_30,delay_min,32.09405262389155,129,3327.5142290398862,4062.213861521622,729.0,5.572309823760799,2.079696393149929,34.17374901704148,32.09405262389155
938,scenario_30,delay_min,4.561131154018607,174,6978.5477473254405,4062.213861521622,2200.0,1.846460846146192,4.187128648395264,8.748259802413871,4.561131154018607
938,scenario_30,delay_min,4.220896477630519,68,8865.80644588534,4062.213861521622,2335.0,1.7397061505445919,4.470154510530423,8.691050988160942,4.220896477630519
938,scenario_30,delay_min,3.9559127830760215,61,8361.831024084971,4062.213861521622,2333.0,1.7411975403007383,4.1809155120424855,8.136828295118507,3.9559127830760215
938,scenario_30,delay_min,3.455088282832513,175,5286.2980122217705,4062.213861521622,2200.0,1.846460846146192,3.1717788073330624,6.626867090165575,3.455088282832513
938,scenario_30,delay_min,2.9821657049351185,98,2007.6948653871616,4122.974184598658,1536.0,2.6842279847647514,1.115386036326201,4.097551741261319,2.9821657049351185
938,scenario_30,delay_min,2.901913788052978,176,4439.9389635413945,4062.213861521622,2200.0,1.846460846146192,2.663963378124837,5.565877166177815,2.901913788052978
938,scenario_30,delay_min,2.636138961208856,32,4235.803391000821,4062.213861521622,2391.0,1.6989602097539198,2.9552116681401075,5.591350629348963,2.636138961208856
938,scenario_30,delay_min,2.4400800621817935,63,5114.75070314698,4062.213861521622,2333.0,1.7411975403007383,2.578865900746377,5.0189459629281705,2.4400800621817935
958,scenario_30,flow_capacity_ratio,5.601972991373456,129,3327.5142290398862,4083.8383107112495,729.0,5.601972991373456,2.079696393149929,34.58531031571996,32.50561392257003
958,scenario_30,flow_capacity_ratio,5.601972991373456,130,225.05482885543543,4083.8383107112495,729.0,5.601972991373456,0.13503289731326126,2.2455944395501044,2.110561542236843
958,scenario_30,flow_capacity_ratio,4.147757059000278,178,6719.55714161299,4147.757059000278,1000.0,4.147757059000278,5.039667856209742,43.33041761163632,38.29074975542658
958,scenario_30,flow_capacity_ratio,2.699387638301189,98,2007.6948653871616,4146.259412430626,1536.0,2.699387638301189,1.115386036326201,4.138133206122952,3.0227471697967516
958,scenario_30,flow_capacity_ratio,2.2674200665402213,126,1897.1851262924465,4106.297740504341,1811.0,2.2674200665402213,1.073878373373083,2.9888920100025413,1.9150136366294583
958,scenario_30,flow_capacity_ratio,2.1146923275757192,128,1875.2605068342427,4089.814961531441,1934.0,2.1146923275757192,0.9783967861743875,2.4542673851417343,1.4758705989673468
958,scenario_30,flow_capacity_ratio,1.9734774435399725,124,1877.417300305622,1438.66505634064,729.0,1.9734774435399725,1.425886557194143,3.248028410932172,1.822141853738029
958,scenario_30,flow_capacity_ratio,1.9019157800850273,92,2550.193392452562,4119.549579664169,2166.0,1.9019157800850273,1.577439211826327,3.4222495222485505,1.8448103104222235
958,scenario_30,flow_capacity_ratio,1.8562901412323862,174,6978.5477473254405,4083.8383107112495,2200.0,1.8562901412323862,4.187128648395264,8.806749924655191,4.619621276259927
958,scenario_30,flow_capacity_ratio,1.8562901412323862,175,5286.2980122217705,4083.8383107112495,2200.0,1.8562901412323862,3.1717788073330624,6.671173760856107,3.499394953523044
958,scenario_30,flow_capacity_ratio,1.8562901412323862,176,4439.9389635413945,4083.8383107112495,2200.0,1.8562901412323862,2.663963378124837,5.603090148323142,2.939126770198305
958,scenario_30,delay_min,38.29074975542658,178,6719.55714161299,4147.757059000278,1000.0,4.147757059000278,5.039667856209742,43.33041761163632,38.29074975542658
958,scenario_30,delay_min,32.50561392257003,129,3327.5142290398862,4083.8383107112495,729.0,5.601972991373456,2.079696393149929,34.58531031571996,32.50561392257003
958,scenario_30,delay_min,4.619621276259927,174,6978.5477473254405,4083.8383107112495,2200.0,1.8562901412323862,4.187128648395264,8.806749924655191,4.619621276259927
958,scenario_30,delay_min,4.275023566417924,68,8865.80644588534,4083.8383107112495,2335.0,1.7489671566215201,4.470154510530423,8.745178076948347,4.275023566417924
958,scenario_30,delay_min,4.006641826912933,61,8361.831024084971,4083.8383107112495,2333.0,1.750466485517038,4.1809155120424855,8.187557338955418,4.006641826912933
958,scenario_30,delay_min,3.499394953523044,175,5286.2980122217705,4083.8383107112495,2200.0,1.8562901412323862,3.1717788073330624,6.671173760856107,3.499394953523044
958,scenario_30,delay_min,3.0227471697967516,98,2007.6948653871616,4146.259412430626,1536.0,2.699387638301189,1.115386036326201,4.138133206122952,3.0227471697967516
958,scenario_30,delay_min,2.939126770198305,176,4439.9389635413945,4083.8383107112495,2200.0,1.8562901412323862,2.663963378124837,5.603090148323142,2.939126770198305
958,scenario_30,delay_min,2.6699437532395263,32,4235.803391000821,4083.8383107112495,2391.0,1.7080043123008153,2.9552116681401075,5.625155421379634,2.6699437532395263
958,scenario_30,delay_min,2.471370673281602,63,5114.75070314698,4083.8383107112495,2333.0,1.750466485517038,2.578865900746377,5.050236574027979,2.471370673281602
964,scenario_30,flow_capacity_ratio,5.609332323522062,129,3327.5142290398862,4089.203263847583,729.0,5.609332323522062,2.079696393149929,34.68789115986599,32.60819476671606
964,scenario_30,flow_capacity_ratio,5.609332323522062,130,225.05482885543543,4089.203263847583,729.0,5.609332323522062,0.13503289731326126,2.2522549254938724,2.117222028180611
964,scenario_30,flow_capacity_ratio,4.150300923419805,178,6719.55714161299,4150.300923419805,1000.0,4.150300923419805,5.039667856209742,43.38680372851669,38.34713587230695
964,scenario_30,flow_capacity_ratio,2.701889641154023,98,2007.6948653871616,4150.102488812579,1536.0,2.701889641154023,1.115386036326201,4.144861691776605,3.029475655450404
964,scenario_30,flow_capacity_ratio,2.270140684674858,126,1897.1851262924465,4111.224779946168,1811.0,2.270140684674858,1.073878373373083,2.994411302236771,1.920532928863688
964,scenario_30,flow_capacity_ratio,2.117432585673544,128,1875.2605068342427,4095.114620692634,1934.0,2.117432585673544,0.9783967861743875,2.458861455365459,1.4804646691910714
964,scenario_30,flow_capacity_ratio,1.9734775077632605,124,1877.417300305622,1438.665103159417,729.0,1.9734775077632605,1.425886557194143,3.2480285532481967,1.8221419960540537
964,scenario_30,flow_capacity_ratio,1.9041393499138008,92,2550.193392452562,4124.365831913293,2166.0,1.9041393499138008,1.577439211826327,3.427430095032301,1.849990883205974
964,scenario_30,flow_capacity_ratio,1.858728756294356,174,6978.5477473254405,4089.203263847583,2200.0,1.858728756294356,4.187128648395264,8.82132847257256,4.634199824177296
964,scenario_30,flow_capacity_ratio,1.858728756294356,175,5286.2980122217705,4089.203263847583,2200.0,1.858728756294356,3.1717788073330624,6.682217111373584,3.5104383040405214
964,scenario_30,flow_capacity_ratio,1.858728756294356,176,4439.9389635413945,4089.203263847583,2200.0,1.858728756294356,2.663963378124837,5.612365410924159,2.948402032799322
964,scenario_30,delay_min,38.34713587230695,178,6719.55714161299,4150.300923419805,1000.0,4.150300923419805,5.039667856209742,43.38680372851669,38.34713587230695
964,scenario_30,delay_min,32.60819476671606,129,3327.5142290398862,4089.203263847583,729.0,5.609332323522062,2.079696393149929,34.68789115986599,32.60819476671606
964,scenario_30,delay_min,4.634199824177296,174,6978.5477473254405,4089.203263847583,2200.0,1.858728756294356,4.187128648395264,8.82132847257256,4.634199824177296
964,scenario_30,delay_min,4.288514636829084,68,8865.80644588534,4089.203263847583,2335.0,1.751264781091042,4.470154510530423,8.758669147359507,4.288514636829084
964,scenario_30,delay_min,4.019285941304208,61,8361.831024084971,4089.203263847583,2333.0,1.7527660796603441,4.1809155120424855,8.200201453346693,4.019285941304208
964,scenario_30,delay_min,3.5104383040405214,175,5286.2980122217705,4089.203263847583,2200.0,1.858728756294356,3.1717788073330624,6.682217111373584,3.5104383040405214
964,scenario_30,delay_min,3.029475655450404,98,2007.6948653871616,4150.102488812579,1536.0,2.701889641154023,1.115386036326201,4.144861691776605,3.029475655450404
964,scenario_30,delay_min,2.948402032799322,176,4439.9389635413945,4089.203263847583,2200.0,1.858728756294356,2.663963378124837,5.612365410924159,2.948402032799322
964,scenario_30,delay_min,2.6783695311584474,32,4235.803391000821,4089.203263847583,2391.0,1.710248123733828,2.9552116681401075,5.633581199298555,2.6783695311584474
964,scenario_30,delay_min,2.4791697965489514,63,5114.75070314698,4089.203263847583,2333.0,1.7527660796603441,2.578865900746377,5.058035697295328,2.4791697965489514
