development,score_id,value,value_mode,development_label,value_mio_chf
0,road_accident_cost,,standalone_annual_proxy,0,
0,road_airpollution_cost,,standalone_annual_proxy,0,
0,road_climate_cost,-219924.64394040313,standalone_annual_proxy,0,-0.21992464394040312
0,road_co2_cost,,standalone_annual_proxy,0,
0,road_construction_cost,-3816953.5260029384,standalone_annual_proxy,0,-3.8169535260029384
0,road_ecological_disruption_cost,-710437.4218694746,standalone_annual_proxy,0,-0.7104374218694746
0,road_land_consumption_cost,-46377.68640486368,standalone_annual_proxy,0,-0.04637768640486368
0,road_maint_cost,-2128372.97034406,standalone_annual_proxy,0,-2.12837297034406
0,road_noise_cost,-7655182.065570948,standalone_annual_proxy,0,-7.655182065570948
0,road_tts_cost,1854976.10465712,standalone_annual_proxy,0,1.85497610465712
103,road_accident_cost,,standalone_annual_proxy,103,
103,road_airpollution_cost,,standalone_annual_proxy,103,
103,road_climate_cost,-440578.2300220169,standalone_annual_proxy,103,-0.4405782300220169
103,road_co2_cost,,standalone_annual_proxy,103,
103,road_construction_cost,-6491417.956595839,standalone_annual_proxy,103,-6.491417956595839
103,road_ecological_disruption_cost,-1021005.69736768,standalone_annual_proxy,103,-1.02100569736768
103,road_land_consumption_cost,-80166.75102873528,standalone_annual_proxy,103,-0.08016675102873527
103,road_maint_cost,-4031434.3203598512,standalone_annual_proxy,103,-4.0314343203598515
103,road_noise_cost,-10686915.800475284,standalone_annual_proxy,103,-10.686915800475285
103,road_tts_cost,-3892574.192300995,standalone_annual_proxy,103,-3.892574192300995
104,road_accident_cost,,standalone_annual_proxy,104,
104,road_airpollution_cost,,standalone_annual_proxy,104,
104,road_climate_cost,-90049.4821352756,standalone_annual_proxy,104,-0.0900494821352756
104,road_co2_cost,,standalone_annual_proxy,104,
104,road_construction_cost,-3156249.8477229197,standalone_annual_proxy,104,-3.1562498477229197
104,road_ecological_disruption_cost,-266283.8302421902,standalone_annual_proxy,104,-0.2662838302421902
104,road_land_consumption_cost,-2770.2230637444213,standalone_annual_proxy,104,-0.0027702230637444212
104,road_maint_cost,-1656002.2441377095,standalone_annual_proxy,104,-1.6560022441377096
104,road_noise_cost,-22779409.5753967,standalone_annual_proxy,104,-22.779409575396702
104,road_tts_cost,38606.42073568961,standalone_annual_proxy,104,0.03860642073568961
109,road_accident_cost,,standalone_annual_proxy,109,
109,road_airpollution_cost,,standalone_annual_proxy,109,
109,road_climate_cost,-1013657.6766594506,standalone_annual_proxy,109,-1.0136576766594507
109,road_co2_cost,,standalone_annual_proxy,109,
109,road_construction_cost,-42978481.77262277,standalone_annual_proxy,109,-42.97848177262277
109,road_ecological_disruption_cost,-2069349.4931752032,standalone_annual_proxy,109,-2.0693494931752032
109,road_land_consumption_cost,-403190.0702812184,standalone_annual_proxy,109,-0.4031900702812184
109,road_maint_cost,-21997233.397928752,standalone_annual_proxy,109,-21.997233397928753
109,road_noise_cost,-9319668.629144125,standalone_annual_proxy,109,-9.319668629144125
109,road_tts_cost,-7968157.024158484,standalone_annual_proxy,109,-7.968157024158485
114,road_accident_cost,,standalone_annual_proxy,114,
114,road_airpollution_cost,,standalone_annual_proxy,114,
114,road_climate_cost,-223437.22652392564,standalone_annual_proxy,114,-0.22343722652392564
114,road_co2_cost,,standalone_annual_proxy,114,
114,road_construction_cost,-3836285.365401461,standalone_annual_proxy,114,-3.836285365401461
114,road_ecological_disruption_cost,-722031.4714329287,standalone_annual_proxy,114,-0.7220314714329287
114,road_land_consumption_cost,-45100.85583241588,standalone_annual_proxy,114,-0.04510085583241588
114,road_maint_cost,-2142185.759122142,standalone_annual_proxy,114,-2.142185759122142
114,road_noise_cost,-6852863.336530978,standalone_annual_proxy,114,-6.8528633365309775
114,road_tts_cost,-182239.00638569985,standalone_annual_proxy,114,-0.18223900638569984
12,road_accident_cost,,standalone_annual_proxy,12,
12,road_airpollution_cost,,standalone_annual_proxy,12,
12,road_climate_cost,-670219.4033113153,standalone_annual_proxy,12,-0.6702194033113154
12,road_co2_cost,,standalone_annual_proxy,12,
12,road_construction_cost,-7809347.345562276,standalone_annual_proxy,12,-7.809347345562276
12,road_ecological_disruption_cost,-1763514.656397349,standalone_annual_proxy,12,-1.763514656397349
12,road_land_consumption_cost,-134783.92284051736,standalone_annual_proxy,12,-0.13478392284051735
12,road_maint_cost,-4972816.319064497,standalone_annual_proxy,12,-4.972816319064497
12,road_noise_cost,-19548455.828200765,standalone_annual_proxy,12,-19.548455828200765
12,road_tts_cost,-244446.88989845442,standalone_annual_proxy,12,-0.24444688989845442
126,road_accident_cost,,standalone_annual_proxy,126,
126,road_airpollution_cost,,standalone_annual_proxy,126,
126,road_climate_cost,-744660.711054364,standalone_annual_proxy,126,-0.7446607110543639
126,road_co2_cost,,standalone_annual_proxy,126,
126,road_construction_cost,-12035464.075227171,standalone_annual_proxy,126,-12.035464075227171
126,road_ecological_disruption_cost,-1421283.8793650756,standalone_annual_proxy,126,-1.4212838793650757
126,road_land_consumption_cost,-280170.7901287537,standalone_annual_proxy,126,-0.2801707901287537
126,road_maint_cost,-7512433.252966238,standalone_annual_proxy,126,-7.512433252966238
126,road_noise_cost,-10602344.085150933,standalone_annual_proxy,126,-10.602344085150932
126,road_tts_cost,-4511249.604285044,standalone_annual_proxy,126,-4.511249604285044
140,road_accident_cost,,standalone_annual_proxy,140,
140,road_airpollution_cost,,standalone_annual_proxy,140,
140,road_climate_cost,-168797.56596360932,standalone_annual_proxy,140,-0.16879756596360931
140,road_co2_cost,,standalone_annual_proxy,140,
140,road_construction_cost,-3535570.686778138,standalone_annual_proxy,140,-3.535570686778138
140,road_ecological_disruption_cost,-541681.2824755681,standalone_annual_proxy,140,-0.5416812824755681
140,road_land_consumption_cost,-7660.607515584811,standalone_annual_proxy,140,-0.007660607515584811
140,road_maint_cost,-1927322.1730626535,standalone_annual_proxy,140,-1.9273221730626535
140,road_noise_cost,-12750497.857655834,standalone_annual_proxy,140,-12.750497857655834
140,road_tts_cost,-84198.16725903611,standalone_annual_proxy,140,-0.08419816725903612
143,road_accident_cost,,standalone_annual_proxy,143,
143,road_airpollution_cost,,standalone_annual_proxy,143,
143,road_climate_cost,-129191.59137618991,standalone_annual_proxy,143,-0.1291915913761899
143,road_co2_cost,,standalone_annual_proxy,143,
143,road_construction_cost,-10734373.686350971,standalone_annual_proxy,143,-10.734373686350972
143,road_ecological_disruption_cost,-178871.23829781247,standalone_annual_proxy,143,-0.17887123829781246
143,road_land_consumption_cost,-19179.10107905444,standalone_annual_proxy,143,-0.019179101079054437
143,road_maint_cost,-5308156.610404499,standalone_annual_proxy,143,-5.308156610404499
143,road_noise_cost,-3197555.396844733,standalone_annual_proxy,143,-3.197555396844733
143,road_tts_cost,-22091.32529277913,standalone_annual_proxy,143,-0.02209132529277913
144,road_accident_cost,,standalone_annual_proxy,144,
144,road_airpollution_cost,,standalone_annual_proxy,144,
144,road_climate_cost,-263718.86861525127,standalone_annual_proxy,144,-0.2637188686152513
144,road_co2_cost,,standalone_annual_proxy,144,
144,road_construction_cost,-4030940.850652282,standalone_annual_proxy,144,-4.030940850652282
144,road_ecological_disruption_cost,-862725.9310840092,standalone_annual_proxy,144,-0.8627259310840092
144,road_land_consumption_cost,-39948.51793234333,standalone_annual_proxy,144,-0.03994851793234333
144,road_maint_cost,-2281414.7470150813,standalone_annual_proxy,144,-2.281414747015081
144,road_noise_cost,-30395216.09078937,standalone_annual_proxy,144,-30.39521609078937
144,road_tts_cost,-3360981.833910909,standalone_annual_proxy,144,-3.360981833910909
15,road_accident_cost,,standalone_annual_proxy,15,
15,road_airpollution_cost,,standalone_annual_proxy,15,
15,road_climate_cost,-148243.3115845066,standalone_annual_proxy,15,-0.1482433115845066
15,road_co2_cost,,standalone_annual_proxy,15,
15,road_construction_cost,-4878765.572749263,standalone_annual_proxy,15,-4.878765572749263
15,road_ecological_disruption_cost,-435157.1500357672,standalone_annual_proxy,15,-0.43515715003576716
15,road_land_consumption_cost,-7564.816580049666,standalone_annual_proxy,15,-0.0075648165800496665
15,road_maint_cost,-2534637.646489866,standalone_annual_proxy,15,-2.534637646489866
15,road_noise_cost,-5523292.165796165,standalone_annual_proxy,15,-5.523292165796166
15,road_tts_cost,1329093.5805433989,standalone_annual_proxy,15,1.3290935805433988
150,road_accident_cost,,standalone_annual_proxy,150,
150,road_airpollution_cost,,standalone_annual_proxy,150,
150,road_climate_cost,-238667.54975225625,standalone_annual_proxy,150,-0.23866754975225626
150,road_co2_cost,,standalone_annual_proxy,150,
150,road_construction_cost,-13040428.421298534,standalone_annual_proxy,150,-13.040428421298534
150,road_ecological_disruption_cost,-493804.2937146368,standalone_annual_proxy,150,-0.4938042937146368
150,road_land_consumption_cost,-103273.58433715378,standalone_annual_proxy,150,-0.10327358433715378
150,road_maint_cost,-6544685.522982683,standalone_annual_proxy,150,-6.544685522982683
150,road_noise_cost,-3720875.493154947,standalone_annual_proxy,150,-3.720875493154947
150,road_tts_cost,-3429193.867537411,standalone_annual_proxy,150,-3.429193867537411
17,road_accident_cost,,standalone_annual_proxy,17,
17,road_airpollution_cost,,standalone_annual_proxy,17,
17,road_climate_cost,-1308175.8626868748,standalone_annual_proxy,17,-1.308175862686875
17,road_co2_cost,,standalone_annual_proxy,17,
17,road_construction_cost,-58930736.08780906,standalone_annual_proxy,17,-58.930736087809066
17,road_ecological_disruption_cost,-2469002.865472936,standalone_annual_proxy,17,-2.469002865472936
17,road_land_consumption_cost,-286826.32232872886,standalone_annual_proxy,17,-0.28682632232872884
17,road_maint_cost,-30102127.95176004,standalone_annual_proxy,17,-30.10212795176004
17,road_noise_cost,-24989644.7709846,standalone_annual_proxy,17,-24.9896447709846
17,road_tts_cost,-1356371.0151775498,standalone_annual_proxy,17,-1.3563710151775499
176,road_accident_cost,,standalone_annual_proxy,176,
176,road_airpollution_cost,,standalone_annual_proxy,176,
176,road_climate_cost,-912203.6005346518,standalone_annual_proxy,176,-0.9122036005346518
176,road_co2_cost,,standalone_annual_proxy,176,
176,road_construction_cost,-18740505.652223084,standalone_annual_proxy,176,-18.740505652223085
176,road_ecological_disruption_cost,-2461667.8016208513,standalone_annual_proxy,176,-2.4616678016208513
176,road_land_consumption_cost,-194978.84412685657,standalone_annual_proxy,176,-0.19497884412685657
176,road_maint_cost,-10319569.185627632,standalone_annual_proxy,176,-10.319569185627632
176,road_noise_cost,-29133101.013936985,standalone_annual_proxy,176,-29.133101013936987
176,road_tts_cost,960678.7684732259,standalone_annual_proxy,176,0.9606787684732259
177,road_accident_cost,,standalone_annual_proxy,177,
177,road_airpollution_cost,,standalone_annual_proxy,177,
177,road_climate_cost,-142343.05597595888,standalone_annual_proxy,177,-0.1423430559759589
177,road_co2_cost,,standalone_annual_proxy,177,
177,road_construction_cost,-3362937.2774935863,standalone_annual_proxy,177,-3.3629372774935864
177,road_ecological_disruption_cost,-462098.4286458269,standalone_annual_proxy,177,-0.4620984286458269
177,road_land_consumption_cost,-8280.060409801852,standalone_annual_proxy,177,-0.008280060409801853
177,road_maint_cost,-1804119.6449385548,standalone_annual_proxy,177,-1.8041196449385548
177,road_noise_cost,-7349107.183762843,standalone_annual_proxy,177,-7.349107183762843
177,road_tts_cost,87683.6423559011,standalone_annual_proxy,177,0.0876836423559011
195,road_accident_cost,,standalone_annual_proxy,195,
195,road_airpollution_cost,,standalone_annual_proxy,195,
195,road_climate_cost,-288346.7808494802,standalone_annual_proxy,195,-0.2883467808494802
195,road_co2_cost,,standalone_annual_proxy,195,
195,road_construction_cost,-9138040.28669078,standalone_annual_proxy,195,-9.138040286690781
195,road_ecological_disruption_cost,-781558.4752067361,standalone_annual_proxy,195,-0.7815584752067362
195,road_land_consumption_cost,-110557.51160549064,standalone_annual_proxy,195,-0.11055751160549064
195,road_maint_cost,-4755154.37347054,standalone_annual_proxy,195,-4.75515437347054
195,road_noise_cost,-3859799.5516069345,standalone_annual_proxy,195,-3.8597995516069346
195,road_tts_cost,-3308910.95553058,standalone_annual_proxy,195,-3.30891095553058
197,road_accident_cost,,standalone_annual_proxy,197,
197,road_airpollution_cost,,standalone_annual_proxy,197,
197,road_climate_cost,-200149.9904952867,standalone_annual_proxy,197,-0.2001499904952867
197,road_co2_cost,,standalone_annual_proxy,197,
197,road_construction_cost,-3708121.800207873,standalone_annual_proxy,197,-3.708121800207873
197,road_ecological_disruption_cost,-645166.8391312053,standalone_annual_proxy,197,-0.6451668391312053
197,road_land_consumption_cost,-36567.688386607944,standalone_annual_proxy,197,-0.03656768838660794
197,road_maint_cost,-2050611.6352857824,standalone_annual_proxy,197,-2.0506116352857826
197,road_noise_cost,-8068304.449403197,standalone_annual_proxy,197,-8.068304449403197
197,road_tts_cost,-329157.5813537118,standalone_annual_proxy,197,-0.32915758135371176
2,road_accident_cost,,standalone_annual_proxy,2,
2,road_airpollution_cost,,standalone_annual_proxy,2,
2,road_climate_cost,-352820.83604413207,standalone_annual_proxy,2,-0.35282083604413206
2,road_co2_cost,,standalone_annual_proxy,2,
2,road_construction_cost,-4872821.9573651925,standalone_annual_proxy,2,-4.8728219573651925
2,road_ecological_disruption_cost,-1056257.7307701265,standalone_annual_proxy,2,-1.0562577307701264
2,road_land_consumption_cost,-68689.3212454351,standalone_annual_proxy,2,-0.0686893212454351
2,road_maint_cost,-2881052.492674267,standalone_annual_proxy,2,-2.881052492674267
2,road_noise_cost,-10346231.975217368,standalone_annual_proxy,2,-10.346231975217368
2,road_tts_cost,-3599676.281107017,standalone_annual_proxy,2,-3.599676281107017
201,road_accident_cost,,standalone_annual_proxy,201,
201,road_airpollution_cost,,standalone_annual_proxy,201,
201,road_climate_cost,-636728.6859814313,standalone_annual_proxy,201,-0.6367286859814313
201,road_co2_cost,,standalone_annual_proxy,201,
201,road_construction_cost,-8815628.094791744,standalone_annual_proxy,201,-8.815628094791744
201,road_ecological_disruption_cost,-1967105.0000000224,standalone_annual_proxy,201,-1.9671050000000223
201,road_land_consumption_cost,-131625.3826015249,standalone_annual_proxy,201,-0.1316253826015249
201,road_maint_cost,-5088526.572247073,standalone_annual_proxy,201,-5.088526572247073
201,road_noise_cost,-17130466.84823581,standalone_annual_proxy,201,-17.13046684823581
201,road_tts_cost,-4301777.366666457,standalone_annual_proxy,201,-4.301777366666457
202,road_accident_cost,,standalone_annual_proxy,202,
202,road_airpollution_cost,,standalone_annual_proxy,202,
202,road_climate_cost,-220191.78891128895,standalone_annual_proxy,202,-0.22019178891128896
202,road_co2_cost,,standalone_annual_proxy,202,
202,road_construction_cost,-4780289.117029755,standalone_annual_proxy,202,-4.7802891170297555
202,road_ecological_disruption_cost,-688111.0090107869,standalone_annual_proxy,202,-0.6881110090107869
202,road_land_consumption_cost,-80404.65128737352,standalone_annual_proxy,202,-0.08040465128737352
202,road_maint_cost,-2581793.9789130255,standalone_annual_proxy,202,-2.5817939789130255
202,road_noise_cost,-6140122.291736708,standalone_annual_proxy,202,-6.140122291736708
202,road_tts_cost,-1640138.9270669324,standalone_annual_proxy,202,-1.6401389270669324
206,road_accident_cost,,standalone_annual_proxy,206,
206,road_airpollution_cost,,standalone_annual_proxy,206,
206,road_climate_cost,-156019.52169874072,standalone_annual_proxy,206,-0.15601952169874073
206,road_co2_cost,,standalone_annual_proxy,206,
206,road_construction_cost,-3573399.2561117746,standalone_annual_proxy,206,-3.5733992561117747
206,road_ecological_disruption_cost,-468560.2989595845,standalone_annual_proxy,206,-0.4685602989595845
206,road_land_consumption_cost,-5106.553484641387,standalone_annual_proxy,206,-0.005106553484641387
206,road_maint_cost,-1953768.1155433937,standalone_annual_proxy,206,-1.9537681155433937
206,road_noise_cost,-27297480.82033637,standalone_annual_proxy,206,-27.29748082033637
206,road_tts_cost,37755.23309942719,standalone_annual_proxy,206,0.03775523309942719
209,road_accident_cost,,standalone_annual_proxy,209,
209,road_airpollution_cost,,standalone_annual_proxy,209,
209,road_climate_cost,-399469.5471930178,standalone_annual_proxy,209,-0.3994695471930178
209,road_co2_cost,,standalone_annual_proxy,209,
209,road_construction_cost,-6342528.892824883,standalone_annual_proxy,209,-6.342528892824883
209,road_ecological_disruption_cost,-1241176.2823896154,standalone_annual_proxy,209,-1.2411762823896155
209,road_land_consumption_cost,-65234.98730372918,standalone_annual_proxy,209,-0.06523498730372919
209,road_maint_cost,-3580073.6834223275,standalone_annual_proxy,209,-3.5800736834223277
209,road_noise_cost,-16020512.078218585,standalone_annual_proxy,209,-16.020512078218584
209,road_tts_cost,-29257.522373748445,standalone_annual_proxy,209,-0.029257522373748446
227,road_accident_cost,,standalone_annual_proxy,227,
227,road_airpollution_cost,,standalone_annual_proxy,227,
227,road_climate_cost,-134172.47972749203,standalone_annual_proxy,227,-0.13417247972749202
227,road_co2_cost,,standalone_annual_proxy,227,
227,road_construction_cost,-4020969.267924532,standalone_annual_proxy,227,-4.0209692679245315
227,road_ecological_disruption_cost,-233992.0589854638,standalone_annual_proxy,227,-0.2339920589854638
227,road_land_consumption_cost,-25237.759822066037,standalone_annual_proxy,227,-0.025237759822066035
227,road_maint_cost,-2270500.8357484313,standalone_annual_proxy,227,-2.270500835748431
227,road_noise_cost,-3562701.834830711,standalone_annual_proxy,227,-3.5627018348307113
227,road_tts_cost,43825.72091021761,standalone_annual_proxy,227,0.043825720910217615
233,road_accident_cost,,standalone_annual_proxy,233,
233,road_airpollution_cost,,standalone_annual_proxy,233,
233,road_climate_cost,-138633.91150894307,standalone_annual_proxy,233,-0.13863391150894308
233,road_co2_cost,,standalone_annual_proxy,233,
233,road_construction_cost,-3450677.4176571323,standalone_annual_proxy,233,-3.450677417657132
233,road_ecological_disruption_cost,-418911.3388511013,standalone_annual_proxy,233,-0.41891133885110127
233,road_land_consumption_cost,-5449.497720197919,standalone_annual_proxy,233,-0.005449497720197919
233,road_maint_cost,-1866227.8941063904,standalone_annual_proxy,233,-1.8662278941063903
233,road_noise_cost,-21628804.89514859,standalone_annual_proxy,233,-21.62880489514859
233,road_tts_cost,-219958.62008865824,standalone_annual_proxy,233,-0.21995862008865824
240,road_accident_cost,,standalone_annual_proxy,240,
240,road_airpollution_cost,,standalone_annual_proxy,240,
240,road_climate_cost,-154377.49251093605,standalone_annual_proxy,240,-0.15437749251093605
240,road_co2_cost,,standalone_annual_proxy,240,
240,road_construction_cost,-4510707.737560133,standalone_annual_proxy,240,-4.510707737560134
240,road_ecological_disruption_cost,-192378.28103611217,standalone_annual_proxy,240,-0.19237828103611215
240,road_land_consumption_cost,-18747.309233990447,standalone_annual_proxy,240,-0.018747309233990445
240,road_maint_cost,-2618383.4795429665,standalone_annual_proxy,240,-2.6183834795429664
240,road_noise_cost,-6680191.851597967,standalone_annual_proxy,240,-6.680191851597967
240,road_tts_cost,-4599.7453648672035,standalone_annual_proxy,240,-0.004599745364867204
243,road_accident_cost,,standalone_annual_proxy,243,
243,road_airpollution_cost,,standalone_annual_proxy,243,
243,road_climate_cost,-688613.6489748929,standalone_annual_proxy,243,-0.688613648974893
243,road_co2_cost,,standalone_annual_proxy,243,
243,road_construction_cost,-11862438.202991318,standalone_annual_proxy,243,-11.862438202991317
243,road_ecological_disruption_cost,-2079518.918343028,standalone_annual_proxy,243,-2.079518918343028
243,road_land_consumption_cost,-303201.4588231789,standalone_annual_proxy,243,-0.3032014588231789
243,road_maint_cost,-6584098.933666738,standalone_annual_proxy,243,-6.584098933666738
243,road_noise_cost,-13213875.027465824,standalone_annual_proxy,243,-13.213875027465823
243,road_tts_cost,-2299231.994736172,standalone_annual_proxy,243,-2.299231994736172
245,road_accident_cost,,standalone_annual_proxy,245,
245,road_airpollution_cost,,standalone_annual_proxy,245,
245,road_climate_cost,-315818.51993815554,standalone_annual_proxy,245,-0.3158185199381555
245,road_co2_cost,,standalone_annual_proxy,245,
245,road_construction_cost,-5669598.553976122,standalone_annual_proxy,245,-5.6695985539761224
245,road_ecological_disruption_cost,-647889.2046591948,standalone_annual_proxy,245,-0.6478892046591948
245,road_land_consumption_cost,-52390.538884960304,standalone_annual_proxy,245,-0.05239053888496031
245,road_maint_cost,-3444964.9766056845,standalone_annual_proxy,245,-3.4449649766056845
245,road_noise_cost,-26879516.35010324,standalone_annual_proxy,245,-26.87951635010324
245,road_tts_cost,-3797491.743542475,standalone_annual_proxy,245,-3.797491743542475
249,road_accident_cost,,standalone_annual_proxy,249,
249,road_airpollution_cost,,standalone_annual_proxy,249,
249,road_climate_cost,-568517.8440282953,standalone_annual_proxy,249,-0.5685178440282953
249,road_co2_cost,,standalone_annual_proxy,249,
249,road_construction_cost,-5951777.612817527,standalone_annual_proxy,249,-5.951777612817526
249,road_ecological_disruption_cost,-1799157.279425789,standalone_annual_proxy,249,-1.7991572794257888
249,road_land_consumption_cost,-126189.56832589672,standalone_annual_proxy,249,-0.12618956832589673
249,road_maint_cost,-3652559.827668053,standalone_annual_proxy,249,-3.6525598276680533
249,road_noise_cost,-15767327.888513744,standalone_annual_proxy,249,-15.767327888513744
249,road_tts_cost,-4156682.31772641,standalone_annual_proxy,249,-4.15668231772641
25,road_accident_cost,,standalone_annual_proxy,25,
25,road_airpollution_cost,,standalone_annual_proxy,25,
25,road_climate_cost,-229397.5909474288,standalone_annual_proxy,25,-0.22939759094742881
25,road_co2_cost,,standalone_annual_proxy,25,
25,road_construction_cost,-3842050.365645922,standalone_annual_proxy,25,-3.842050365645922
25,road_ecological_disruption_cost,-749441.0232135275,standalone_annual_proxy,25,-0.7494410232135276
25,road_land_consumption_cost,-27799.760918590975,standalone_annual_proxy,25,-0.027799760918590974
25,road_maint_cost,-2146450.6436105366,standalone_annual_proxy,25,-2.1464506436105366
25,road_noise_cost,-26213575.413102664,standalone_annual_proxy,25,-26.213575413102664
25,road_tts_cost,-4187763.4002690203,standalone_annual_proxy,25,-4.18776340026902
250,road_accident_cost,,standalone_annual_proxy,250,
250,road_airpollution_cost,,standalone_annual_proxy,250,
250,road_climate_cost,-449814.1391281492,standalone_annual_proxy,250,-0.4498141391281492
250,road_co2_cost,,standalone_annual_proxy,250,
250,road_construction_cost,-39033242.38441018,standalone_annual_proxy,250,-39.03324238441018
250,road_ecological_disruption_cost,-386189.5829639962,standalone_annual_proxy,250,-0.3861895829639962
250,road_land_consumption_cost,-171031.56157660272,standalone_annual_proxy,250,-0.1710315615766027
250,road_maint_cost,-19240286.715449188,standalone_annual_proxy,250,-19.240286715449187
250,road_noise_cost,-8636650.340494756,standalone_annual_proxy,250,-8.636650340494755
250,road_tts_cost,240671.8029901538,standalone_annual_proxy,250,0.2406718029901538
255,road_accident_cost,,standalone_annual_proxy,255,
255,road_airpollution_cost,,standalone_annual_proxy,255,
255,road_climate_cost,-113310.84828702678,standalone_annual_proxy,255,-0.11331084828702678
255,road_co2_cost,,standalone_annual_proxy,255,
255,road_construction_cost,-3527617.033737953,standalone_annual_proxy,255,-3.5276170337379527
255,road_ecological_disruption_cost,-273438.5229790495,standalone_annual_proxy,255,-0.27343852297904947
255,road_land_consumption_cost,-5242.929282367978,standalone_annual_proxy,255,-0.005242929282367978
255,road_maint_cost,-1920036.1217531571,standalone_annual_proxy,255,-1.9200361217531572
255,road_noise_cost,-7045594.961232118,standalone_annual_proxy,255,-7.045594961232118
255,road_tts_cost,-375989.5454170476,standalone_annual_proxy,255,-0.37598954541704754
261,road_accident_cost,,standalone_annual_proxy,261,
261,road_airpollution_cost,,standalone_annual_proxy,261,
261,road_climate_cost,-117059.17776759356,standalone_annual_proxy,261,-0.11705917776759356
261,road_co2_cost,,standalone_annual_proxy,261,
261,road_construction_cost,-3223784.9981453894,standalone_annual_proxy,261,-3.223784998145389
261,road_ecological_disruption_cost,-378643.4407177837,standalone_annual_proxy,261,-0.3786434407177837
261,road_land_consumption_cost,-52468.739541825504,standalone_annual_proxy,261,-0.0524687395418255
261,road_maint_cost,-1704693.977106235,standalone_annual_proxy,261,-1.704693977106235
261,road_noise_cost,-4601997.834202288,standalone_annual_proxy,261,-4.601997834202288
261,road_tts_cost,-1752965.6478191062,standalone_annual_proxy,261,-1.7529656478191062
267,road_accident_cost,,standalone_annual_proxy,267,
267,road_airpollution_cost,,standalone_annual_proxy,267,
267,road_climate_cost,-181216.00052623375,standalone_annual_proxy,267,-0.18121600052623374
267,road_co2_cost,,standalone_annual_proxy,267,
267,road_construction_cost,-3576878.303255891,standalone_annual_proxy,267,-3.576878303255891
267,road_ecological_disruption_cost,-590407.1118088925,standalone_annual_proxy,267,-0.5904071118088925
267,road_land_consumption_cost,-12562.03479726749,standalone_annual_proxy,267,-0.01256203479726749
267,road_maint_cost,-1956982.6053067583,standalone_annual_proxy,267,-1.9569826053067583
267,road_noise_cost,-10742678.877847726,standalone_annual_proxy,267,-10.742678877847725
267,road_tts_cost,19945.057112653103,standalone_annual_proxy,267,0.019945057112653104
27,road_accident_cost,,standalone_annual_proxy,27,
27,road_airpollution_cost,,standalone_annual_proxy,27,
27,road_climate_cost,-214263.38862385575,standalone_annual_proxy,27,-0.21426338862385574
27,road_co2_cost,,standalone_annual_proxy,27,
27,road_construction_cost,-3758757.8132895664,standalone_annual_proxy,27,-3.7587578132895665
27,road_ecological_disruption_cost,-699487.2676303958,standalone_annual_proxy,27,-0.6994872676303958
27,road_land_consumption_cost,-27506.100581844938,standalone_annual_proxy,27,-0.02750610058184494
27,road_maint_cost,-2086937.2983582704,standalone_annual_proxy,27,-2.0869372983582704
27,road_noise_cost,-24257895.803687997,standalone_annual_proxy,27,-24.257895803687997
27,road_tts_cost,-3944101.610145762,standalone_annual_proxy,27,-3.944101610145762
270,road_accident_cost,,standalone_annual_proxy,270,
270,road_airpollution_cost,,standalone_annual_proxy,270,
270,road_climate_cost,-151280.649894981,standalone_annual_proxy,270,-0.151280649894981
270,road_co2_cost,,standalone_annual_proxy,270,
270,road_construction_cost,-11076130.46524842,standalone_annual_proxy,270,-11.07613046524842
270,road_ecological_disruption_cost,-251781.02281885865,standalone_annual_proxy,270,-0.25178102281885867
270,road_land_consumption_cost,-7619.544151958515,standalone_annual_proxy,270,-0.007619544151958515
270,road_maint_cost,-5493731.5520326225,standalone_annual_proxy,270,-5.493731552032623
270,road_noise_cost,-7432897.035841353,standalone_annual_proxy,270,-7.4328970358413535
270,road_tts_cost,-371772.65377527615,standalone_annual_proxy,270,-0.37177265377527613
273,road_accident_cost,,standalone_annual_proxy,273,
273,road_airpollution_cost,,standalone_annual_proxy,273,
273,road_climate_cost,-163678.0817398619,standalone_annual_proxy,273,-0.1636780817398619
273,road_co2_cost,,standalone_annual_proxy,273,
273,road_construction_cost,-3561471.9966258584,standalone_annual_proxy,273,-3.5614719966258583
273,road_ecological_disruption_cost,-509311.1791528679,standalone_annual_proxy,273,-0.5093111791528678
273,road_land_consumption_cost,-13974.460544013094,standalone_annual_proxy,273,-0.013974460544013094
273,road_maint_cost,-1945537.442295025,standalone_annual_proxy,273,-1.9455374422950251
273,road_noise_cost,-9813095.043813806,standalone_annual_proxy,273,-9.813095043813806
273,road_tts_cost,41887.63807172027,standalone_annual_proxy,273,0.04188763807172027
277,road_accident_cost,,standalone_annual_proxy,277,
277,road_airpollution_cost,,standalone_annual_proxy,277,
277,road_climate_cost,-262982.15785220684,standalone_annual_proxy,277,-0.26298215785220685
277,road_co2_cost,,standalone_annual_proxy,277,
277,road_construction_cost,-25041091.552207287,standalone_annual_proxy,277,-25.041091552207288
277,road_ecological_disruption_cost,-202729.05771652097,standalone_annual_proxy,277,-0.20272905771652097
277,road_land_consumption_cost,-60891.05746164966,standalone_annual_proxy,277,-0.06089105746164966
277,road_maint_cost,-12298827.571812635,standalone_annual_proxy,277,-12.298827571812636
277,road_noise_cost,-9130764.4091066,standalone_annual_proxy,277,-9.130764409106598
277,road_tts_cost,-2467684.406191355,standalone_annual_proxy,277,-2.467684406191355
28,road_accident_cost,,standalone_annual_proxy,28,
28,road_airpollution_cost,,standalone_annual_proxy,28,
28,road_climate_cost,-1281627.3568132352,standalone_annual_proxy,28,-1.2816273568132353
28,road_co2_cost,,standalone_annual_proxy,28,
28,road_construction_cost,-61272403.03390018,standalone_annual_proxy,28,-61.272403033900176
28,road_ecological_disruption_cost,-2551567.0417691534,standalone_annual_proxy,28,-2.5515670417691534
28,road_land_consumption_cost,-241462.3347631658,standalone_annual_proxy,28,-0.2414623347631658
28,road_maint_cost,-30957887.33441809,standalone_annual_proxy,28,-30.95788733441809
28,road_noise_cost,-25520882.10680478,standalone_annual_proxy,28,-25.52088210680478
28,road_tts_cost,-266353.7767770272,standalone_annual_proxy,28,-0.26635377677702715
284,road_accident_cost,,standalone_annual_proxy,284,
284,road_airpollution_cost,,standalone_annual_proxy,284,
284,road_climate_cost,-274803.0304643845,standalone_annual_proxy,284,-0.2748030304643845
284,road_co2_cost,,standalone_annual_proxy,284,
284,road_construction_cost,-4146020.500397512,standalone_annual_proxy,284,-4.146020500397512
284,road_ecological_disruption_cost,-883839.5171011481,standalone_annual_proxy,284,-0.8838395171011482
284,road_land_consumption_cost,-10771.461923286804,standalone_annual_proxy,284,-0.010771461923286804
284,road_maint_cost,-2363348.814401673,standalone_annual_proxy,284,-2.363348814401673
284,road_noise_cost,-25103429.260658644,standalone_annual_proxy,284,-25.103429260658643
284,road_tts_cost,-222597.0870369564,standalone_annual_proxy,284,-0.22259708703695638
285,road_accident_cost,,standalone_annual_proxy,285,
285,road_airpollution_cost,,standalone_annual_proxy,285,
285,road_climate_cost,-571671.8695196597,standalone_annual_proxy,285,-0.5716718695196596
285,road_co2_cost,,standalone_annual_proxy,285,
285,road_construction_cost,-27041298.19375701,standalone_annual_proxy,285,-27.041298193757008
285,road_ecological_disruption_cost,-1198419.001695178,standalone_annual_proxy,285,-1.198419001695178
285,road_land_consumption_cost,-127952.47001257322,standalone_annual_proxy,285,-0.12795247001257323
285,road_maint_cost,-13668943.99373594,standalone_annual_proxy,285,-13.668943993735938
285,road_noise_cost,-11457862.7273555,standalone_annual_proxy,285,-11.4578627273555
285,road_tts_cost,-4099457.2647944484,standalone_annual_proxy,285,-4.099457264794449
289,road_accident_cost,,standalone_annual_proxy,289,
289,road_airpollution_cost,,standalone_annual_proxy,289,
289,road_climate_cost,-536623.9319535441,standalone_annual_proxy,289,-0.5366239319535442
289,road_co2_cost,,standalone_annual_proxy,289,
289,road_construction_cost,-45172758.46108522,standalone_annual_proxy,289,-45.17275846108522
289,road_ecological_disruption_cost,-447329.99999990955,standalone_annual_proxy,289,-0.4473299999999095
289,road_land_consumption_cost,-75878.9009403073,standalone_annual_proxy,289,-0.0758789009403073
289,road_maint_cost,-22325340.519414105,standalone_annual_proxy,289,-22.325340519414105
289,road_noise_cost,-11179043.39170248,standalone_annual_proxy,289,-11.17904339170248
289,road_tts_cost,-4000213.3627715087,standalone_annual_proxy,289,-4.000213362771508
308,road_accident_cost,,standalone_annual_proxy,308,
308,road_airpollution_cost,,standalone_annual_proxy,308,
308,road_climate_cost,-793190.3856512317,standalone_annual_proxy,308,-0.7931903856512318
308,road_co2_cost,,standalone_annual_proxy,308,
308,road_construction_cost,-31802725.41383822,standalone_annual_proxy,308,-31.802725413838218
308,road_ecological_disruption_cost,-1798076.4311998207,standalone_annual_proxy,308,-1.7980764311998207
308,road_land_consumption_cost,-144330.094699999,standalone_annual_proxy,308,-0.144330094699999
308,road_maint_cost,-16247962.138828171,standalone_annual_proxy,308,-16.24796213882817
308,road_noise_cost,-21813533.968179625,standalone_annual_proxy,308,-21.813533968179623
308,road_tts_cost,-571569.4550925621,standalone_annual_proxy,308,-0.5715694550925622
331,road_accident_cost,,standalone_annual_proxy,331,
331,road_airpollution_cost,,standalone_annual_proxy,331,
331,road_climate_cost,-882199.3559535376,standalone_annual_proxy,331,-0.8821993559535376
331,road_co2_cost,,standalone_annual_proxy,331,
331,road_construction_cost,-45232975.77197797,standalone_annual_proxy,331,-45.23297577197797
331,road_ecological_disruption_cost,-405408.7374926392,standalone_annual_proxy,331,-0.4054087374926392
331,road_land_consumption_cost,-266930.4643584318,standalone_annual_proxy,331,-0.2669304643584318
331,road_maint_cost,-23936601.31629083,standalone_annual_proxy,331,-23.93660131629083
331,road_noise_cost,-10505659.546078738,standalone_annual_proxy,331,-10.505659546078737
331,road_tts_cost,-4596505.527033742,standalone_annual_proxy,331,-4.596505527033742
334,road_accident_cost,,standalone_annual_proxy,334,
334,road_airpollution_cost,,standalone_annual_proxy,334,
334,road_climate_cost,-231497.12497169632,standalone_annual_proxy,334,-0.23149712497169633
334,road_co2_cost,,standalone_annual_proxy,334,
334,road_construction_cost,-3853605.355060055,standalone_annual_proxy,334,-3.853605355060055
334,road_ecological_disruption_cost,-756370.9959497428,standalone_annual_proxy,334,-0.7563709959497429
334,road_land_consumption_cost,-34955.03775566326,standalone_annual_proxy,334,-0.03495503775566326
334,road_maint_cost,-2154706.796831145,standalone_annual_proxy,334,-2.154706796831145
334,road_noise_cost,-8983478.5946012,standalone_annual_proxy,334,-8.9834785946012
334,road_tts_cost,2769459.68918436,standalone_annual_proxy,334,2.76945968918436
348,road_accident_cost,,standalone_annual_proxy,348,
348,road_airpollution_cost,,standalone_annual_proxy,348,
348,road_climate_cost,-678229.2956516924,standalone_annual_proxy,348,-0.6782292956516924
348,road_co2_cost,,standalone_annual_proxy,348,
348,road_construction_cost,-12794190.682905115,standalone_annual_proxy,348,-12.794190682905116
348,road_ecological_disruption_cost,-2014298.8370143033,standalone_annual_proxy,348,-2.0142988370143033
348,road_land_consumption_cost,-280880.74401174125,standalone_annual_proxy,348,-0.28088074401174123
348,road_maint_cost,-7014807.764412533,standalone_annual_proxy,348,-7.014807764412533
348,road_noise_cost,-12268642.583232127,standalone_annual_proxy,348,-12.268642583232127
348,road_tts_cost,-4642574.992715599,standalone_annual_proxy,348,-4.642574992715599
351,road_accident_cost,,standalone_annual_proxy,351,
351,road_airpollution_cost,,standalone_annual_proxy,351,
351,road_climate_cost,-305165.3532088936,standalone_annual_proxy,351,-0.3051653532088936
351,road_co2_cost,,standalone_annual_proxy,351,
351,road_construction_cost,-5387266.618679562,standalone_annual_proxy,351,-5.387266618679561
351,road_ecological_disruption_cost,-676729.999999996,standalone_annual_proxy,351,-0.6767299999999961
351,road_land_consumption_cost,-56311.76969599012,standalone_annual_proxy,351,-0.056311769695990124
351,road_maint_cost,-3244441.774442886,standalone_annual_proxy,351,-3.244441774442886
351,road_noise_cost,-28666962.588656586,standalone_annual_proxy,351,-28.666962588656585
351,road_tts_cost,-7234619.974719939,standalone_annual_proxy,351,-7.234619974719939
356,road_accident_cost,,standalone_annual_proxy,356,
356,road_airpollution_cost,,standalone_annual_proxy,356,
356,road_climate_cost,-651248.9045558185,standalone_annual_proxy,356,-0.6512489045558185
356,road_co2_cost,,standalone_annual_proxy,356,
356,road_construction_cost,-7287846.039461878,standalone_annual_proxy,356,-7.287846039461878
356,road_ecological_disruption_cost,-2072229.2979151767,standalone_annual_proxy,356,-2.0722292979151766
356,road_land_consumption_cost,-268812.37049437803,standalone_annual_proxy,356,-0.268812370494378
356,road_maint_cost,-4372739.307411585,standalone_annual_proxy,356,-4.372739307411585
356,road_noise_cost,-10626778.360790435,standalone_annual_proxy,356,-10.626778360790436
356,road_tts_cost,-3136710.4558163118,standalone_annual_proxy,356,-3.1367104558163117
358,road_accident_cost,,standalone_annual_proxy,358,
358,road_airpollution_cost,,standalone_annual_proxy,358,
358,road_climate_cost,-448869.0884271304,standalone_annual_proxy,358,-0.4488690884271304
358,road_co2_cost,,standalone_annual_proxy,358,
358,road_construction_cost,-38935286.03522985,standalone_annual_proxy,358,-38.93528603522984
358,road_ecological_disruption_cost,-220612.9515853141,standalone_annual_proxy,358,-0.2206129515853141
358,road_land_consumption_cost,-66625.90780390869,standalone_annual_proxy,358,-0.06662590780390869
358,road_maint_cost,-19343076.3847796,standalone_annual_proxy,358,-19.3430763847796
358,road_noise_cost,-10854560.960746463,standalone_annual_proxy,358,-10.854560960746463
358,road_tts_cost,-3623937.778202149,standalone_annual_proxy,358,-3.623937778202149
390,road_accident_cost,,standalone_annual_proxy,390,
390,road_airpollution_cost,,standalone_annual_proxy,390,
390,road_climate_cost,-274031.9286404816,standalone_annual_proxy,390,-0.2740319286404816
390,road_co2_cost,,standalone_annual_proxy,390,
390,road_construction_cost,-9634824.328489464,standalone_annual_proxy,390,-9.634824328489463
390,road_ecological_disruption_cost,-695628.8587068407,standalone_annual_proxy,390,-0.6956288587068407
390,road_land_consumption_cost,-91289.43481586236,standalone_annual_proxy,390,-0.09128943481586237
390,road_maint_cost,-4992155.510395102,standalone_annual_proxy,390,-4.9921555103951025
390,road_noise_cost,-3895160.870623783,standalone_annual_proxy,390,-3.895160870623783
390,road_tts_cost,-2700798.1794879534,standalone_annual_proxy,390,-2.7007981794879536
392,road_accident_cost,,standalone_annual_proxy,392,
392,road_airpollution_cost,,standalone_annual_proxy,392,
392,road_climate_cost,-105594.00371611802,standalone_annual_proxy,392,-0.10559400371611802
392,road_co2_cost,,standalone_annual_proxy,392,
392,road_construction_cost,-3160685.299228995,standalone_annual_proxy,392,-3.1606852992289953
392,road_ecological_disruption_cost,-340800.1180212586,standalone_annual_proxy,392,-0.3408001180212586
392,road_land_consumption_cost,-19508.716758359216,standalone_annual_proxy,392,-0.019508716758359218
392,road_maint_cost,-1659608.6236059722,standalone_annual_proxy,392,-1.6596086236059722
392,road_noise_cost,-4381412.817684522,standalone_annual_proxy,392,-4.381412817684522
392,road_tts_cost,122466.95076795036,standalone_annual_proxy,392,0.12246695076795036
394,road_accident_cost,,standalone_annual_proxy,394,
394,road_airpollution_cost,,standalone_annual_proxy,394,
394,road_climate_cost,-270827.34123657324,standalone_annual_proxy,394,-0.27082734123657326
394,road_co2_cost,,standalone_annual_proxy,394,
394,road_construction_cost,-5580457.129827184,standalone_annual_proxy,394,-5.580457129827184
394,road_ecological_disruption_cost,-832036.5766858978,standalone_annual_proxy,394,-0.8320365766858978
394,road_land_consumption_cost,-36174.89692551355,standalone_annual_proxy,394,-0.03617489692551355
394,road_maint_cost,-3035857.408056913,standalone_annual_proxy,394,-3.0358574080569127
394,road_noise_cost,-5216957.850416108,standalone_annual_proxy,394,-5.216957850416108
394,road_tts_cost,-3747.258068274369,standalone_annual_proxy,394,-0.003747258068274369
423,road_accident_cost,,standalone_annual_proxy,423,
423,road_airpollution_cost,,standalone_annual_proxy,423,
423,road_climate_cost,-256456.84119304825,standalone_annual_proxy,423,-0.25645684119304824
423,road_co2_cost,,standalone_annual_proxy,423,
423,road_construction_cost,-5528406.1313862,standalone_annual_proxy,423,-5.5284061313862
423,road_ecological_disruption_cost,-776867.5269019462,standalone_annual_proxy,423,-0.7768675269019462
423,road_land_consumption_cost,-33307.190747951245,standalone_annual_proxy,423,-0.03330719074795124
423,road_maint_cost,-2998520.7240728065,standalone_annual_proxy,423,-2.9985207240728067
423,road_noise_cost,-14734766.042352237,standalone_annual_proxy,423,-14.734766042352236
423,road_tts_cost,1841187.5023938057,standalone_annual_proxy,423,1.8411875023938056
459,road_accident_cost,,standalone_annual_proxy,459,
459,road_airpollution_cost,,standalone_annual_proxy,459,
459,road_climate_cost,-862787.7783924832,standalone_annual_proxy,459,-0.8627877783924832
459,road_co2_cost,,standalone_annual_proxy,459,
459,road_construction_cost,-32212799.868491005,standalone_annual_proxy,459,-32.212799868491004
459,road_ecological_disruption_cost,-2020061.8361616645,standalone_annual_proxy,459,-2.0200618361616645
459,road_land_consumption_cost,-143991.7195170194,standalone_annual_proxy,459,-0.1439917195170194
459,road_maint_cost,-16540818.621721808,standalone_annual_proxy,459,-16.540818621721808
459,road_noise_cost,-23379683.3699232,standalone_annual_proxy,459,-23.3796833699232
459,road_tts_cost,-972570.3457671104,standalone_annual_proxy,459,-0.9725703457671103
464,road_accident_cost,,standalone_annual_proxy,464,
464,road_airpollution_cost,,standalone_annual_proxy,464,
464,road_climate_cost,-122764.09044788333,standalone_annual_proxy,464,-0.12276409044788332
464,road_co2_cost,,standalone_annual_proxy,464,
464,road_construction_cost,-3282220.983400221,standalone_annual_proxy,464,-3.282220983400221
464,road_ecological_disruption_cost,-389737.6956653875,standalone_annual_proxy,464,-0.3897376956653875
464,road_land_consumption_cost,-36633.030478295936,standalone_annual_proxy,464,-0.036633030478295935
464,road_maint_cost,-1746301.326178511,standalone_annual_proxy,464,-1.746301326178511
464,road_noise_cost,-3516896.9482950284,standalone_annual_proxy,464,-3.5168969482950283
464,road_tts_cost,-1298.4675237082226,standalone_annual_proxy,464,-0.0012984675237082226
469,road_accident_cost,,standalone_annual_proxy,469,
469,road_airpollution_cost,,standalone_annual_proxy,469,
469,road_climate_cost,-247808.91524620852,standalone_annual_proxy,469,-0.24780891524620852
469,road_co2_cost,,standalone_annual_proxy,469,
469,road_construction_cost,-3943378.877074457,standalone_annual_proxy,469,-3.9433788770744567
469,road_ecological_disruption_cost,-810211.63895655,standalone_annual_proxy,469,-0.81021163895655
469,road_land_consumption_cost,-84953.6761519039,standalone_annual_proxy,469,-0.0849536761519039
469,road_maint_cost,-2218850.858443004,standalone_annual_proxy,469,-2.218850858443004
469,road_noise_cost,-10080752.044477511,standalone_annual_proxy,469,-10.080752044477512
469,road_tts_cost,-2501804.097575117,standalone_annual_proxy,469,-2.501804097575117
486,road_accident_cost,,standalone_annual_proxy,486,
486,road_airpollution_cost,,standalone_annual_proxy,486,
486,road_climate_cost,-790290.8819166297,standalone_annual_proxy,486,-0.7902908819166298
486,road_co2_cost,,standalone_annual_proxy,486,
486,road_construction_cost,-44418449.368100695,standalone_annual_proxy,486,-44.418449368100696
486,road_ecological_disruption_cost,-1324342.3138370991,standalone_annual_proxy,486,-1.324342313837099
486,road_land_consumption_cost,-174305.49292098422,standalone_annual_proxy,486,-0.1743054929209842
486,road_maint_cost,-22322595.097521745,standalone_annual_proxy,486,-22.322595097521745
486,road_noise_cost,-12759339.975955404,standalone_annual_proxy,486,-12.759339975955404
486,road_tts_cost,-4246885.565384394,standalone_annual_proxy,486,-4.246885565384393
493,road_accident_cost,,standalone_annual_proxy,493,
493,road_airpollution_cost,,standalone_annual_proxy,493,
493,road_climate_cost,-110803.0107526458,standalone_annual_proxy,493,-0.1108030107526458
493,road_co2_cost,,standalone_annual_proxy,493,
493,road_construction_cost,-3189353.5753652807,standalone_annual_proxy,493,-3.189353575365281
493,road_ecological_disruption_cost,-357993.5887288769,standalone_annual_proxy,493,-0.3579935887288769
493,road_land_consumption_cost,-6512.259263761658,standalone_annual_proxy,493,-0.006512259263761658
493,road_maint_cost,-1680092.3879668792,standalone_annual_proxy,493,-1.6800923879668792
493,road_noise_cost,-1843787.3658988893,standalone_annual_proxy,493,-1.8437873658988893
493,road_tts_cost,-1611.6010907130203,standalone_annual_proxy,493,-0.0016116010907130203
499,road_accident_cost,,standalone_annual_proxy,499,
499,road_airpollution_cost,,standalone_annual_proxy,499,
499,road_climate_cost,-211407.42057013977,standalone_annual_proxy,499,-0.21140742057013978
499,road_co2_cost,,standalone_annual_proxy,499,
499,road_construction_cost,-3743039.715727748,standalone_annual_proxy,499,-3.7430397157277477
499,road_ecological_disruption_cost,-690060.5183998571,standalone_annual_proxy,499,-0.690060518399857
499,road_land_consumption_cost,-31658.87941742229,standalone_annual_proxy,499,-0.03165887941742229
499,road_maint_cost,-2075706.5635513556,standalone_annual_proxy,499,-2.0757065635513556
499,road_noise_cost,-23472916.34748895,standalone_annual_proxy,499,-23.47291634748895
499,road_tts_cost,-3408762.811182322,standalone_annual_proxy,499,-3.408762811182322
517,road_accident_cost,,standalone_annual_proxy,517,
517,road_airpollution_cost,,standalone_annual_proxy,517,
517,road_climate_cost,-104413.81334968135,standalone_annual_proxy,517,-0.10441381334968135
517,road_co2_cost,,standalone_annual_proxy,517,
517,road_construction_cost,-3397536.0051259445,standalone_annual_proxy,517,-3.3975360051259447
517,road_ecological_disruption_cost,-267280.09039448784,standalone_annual_proxy,517,-0.26728009039448786
517,road_land_consumption_cost,-17704.944399289532,standalone_annual_proxy,517,-0.017704944399289532
517,road_maint_cost,-1827529.1573880275,standalone_annual_proxy,517,-1.8275291573880275
517,road_noise_cost,-5835824.115748005,standalone_annual_proxy,517,-5.835824115748005
517,road_tts_cost,-108189.7339060606,standalone_annual_proxy,517,-0.1081897339060606
521,road_accident_cost,,standalone_annual_proxy,521,
521,road_airpollution_cost,,standalone_annual_proxy,521,
521,road_climate_cost,-796984.309117368,standalone_annual_proxy,521,-0.796984309117368
521,road_co2_cost,,standalone_annual_proxy,521,
521,road_construction_cost,-33507749.075357676,standalone_annual_proxy,521,-33.50774907535767
521,road_ecological_disruption_cost,-1454740.295129978,standalone_annual_proxy,521,-1.4547402951299782
521,road_land_consumption_cost,-269902.16787320806,standalone_annual_proxy,521,-0.2699021678732081
521,road_maint_cost,-17342287.18247126,standalone_annual_proxy,521,-17.34228718247126
521,road_noise_cost,-6509827.718492732,standalone_annual_proxy,521,-6.5098277184927325
521,road_tts_cost,-7031068.806623932,standalone_annual_proxy,521,-7.031068806623932
531,road_accident_cost,,standalone_annual_proxy,531,
531,road_airpollution_cost,,standalone_annual_proxy,531,
531,road_climate_cost,-358229.92668208,standalone_annual_proxy,531,-0.35822992668208004
531,road_co2_cost,,standalone_annual_proxy,531,
531,road_construction_cost,-4578130.082099217,standalone_annual_proxy,531,-4.578130082099217
531,road_ecological_disruption_cost,-1166944.3551204195,standalone_annual_proxy,531,-1.1669443551204195
531,road_land_consumption_cost,-132180.49022305108,standalone_annual_proxy,531,-0.1321804902230511
531,road_maint_cost,-2672241.0821901076,standalone_annual_proxy,531,-2.6722410821901077
531,road_noise_cost,-8956995.863905897,standalone_annual_proxy,531,-8.956995863905897
531,road_tts_cost,-3789695.0518051498,standalone_annual_proxy,531,-3.78969505180515
533,road_accident_cost,,standalone_annual_proxy,533,
533,road_airpollution_cost,,standalone_annual_proxy,533,
533,road_climate_cost,-751959.8172854104,standalone_annual_proxy,533,-0.7519598172854104
533,road_co2_cost,,standalone_annual_proxy,533,
533,road_construction_cost,-6772099.219232654,standalone_annual_proxy,533,-6.772099219232654
533,road_ecological_disruption_cost,-2458800.191874434,standalone_annual_proxy,533,-2.4588001918744338
533,road_land_consumption_cost,-152380.02069810178,standalone_annual_proxy,533,-0.15238002069810178
533,road_maint_cost,-4239707.8048791755,standalone_annual_proxy,533,-4.239707804879176
533,road_noise_cost,-27349931.24892059,standalone_annual_proxy,533,-27.34993124892059
533,road_tts_cost,-330009.5960086114,standalone_annual_proxy,533,-0.33000959600861135
538,road_accident_cost,,standalone_annual_proxy,538,
538,road_airpollution_cost,,standalone_annual_proxy,538,
538,road_climate_cost,-278074.15077562555,standalone_annual_proxy,538,-0.27807415077562553
538,road_co2_cost,,standalone_annual_proxy,538,
538,road_construction_cost,-13010080.53304571,standalone_annual_proxy,538,-13.01008053304571
538,road_ecological_disruption_cost,-631610.4883155179,standalone_annual_proxy,538,-0.6316104883155179
538,road_land_consumption_cost,-68533.91275324521,standalone_annual_proxy,538,-0.0685339127532452
538,road_maint_cost,-6581761.022042856,standalone_annual_proxy,538,-6.581761022042856
538,road_noise_cost,-12925413.88980676,standalone_annual_proxy,538,-12.92541388980676
538,road_tts_cost,140662.3396414991,standalone_annual_proxy,538,0.1406623396414991
540,road_accident_cost,,standalone_annual_proxy,540,
540,road_airpollution_cost,,standalone_annual_proxy,540,
540,road_climate_cost,-346275.0074873485,standalone_annual_proxy,540,-0.3462750074873485
540,road_co2_cost,,standalone_annual_proxy,540,
540,road_construction_cost,-4566411.911710947,standalone_annual_proxy,540,-4.566411911710947
540,road_ecological_disruption_cost,-1112012.3988143562,standalone_annual_proxy,540,-1.1120123988143562
540,road_land_consumption_cost,-70498.81376290503,standalone_annual_proxy,540,-0.07049881376290504
540,road_maint_cost,-2663576.86397543,standalone_annual_proxy,540,-2.66357686397543
540,road_noise_cost,-49439927.33952002,standalone_annual_proxy,540,-49.439927339520025
540,road_tts_cost,635143.0925285548,standalone_annual_proxy,540,0.6351430925285548
546,road_accident_cost,,standalone_annual_proxy,546,
546,road_airpollution_cost,,standalone_annual_proxy,546,
546,road_climate_cost,-163761.83669574402,standalone_annual_proxy,546,-0.163761836695744
546,road_co2_cost,,standalone_annual_proxy,546,
546,road_construction_cost,-3480817.6174262166,standalone_annual_proxy,546,-3.4808176174262164
546,road_ecological_disruption_cost,-532795.8142158802,standalone_annual_proxy,546,-0.5327958142158802
546,road_land_consumption_cost,-85171.80200188796,standalone_annual_proxy,546,-0.08517180200188797
546,road_maint_cost,-1888346.303510026,standalone_annual_proxy,546,-1.888346303510026
546,road_noise_cost,-7415363.689211061,standalone_annual_proxy,546,-7.415363689211061
546,road_tts_cost,-608762.7143966176,standalone_annual_proxy,546,-0.6087627143966176
550,road_accident_cost,,standalone_annual_proxy,550,
550,road_airpollution_cost,,standalone_annual_proxy,550,
550,road_climate_cost,-355676.7646290079,standalone_annual_proxy,550,-0.3556767646290079
550,road_co2_cost,,standalone_annual_proxy,550,
550,road_construction_cost,-6047434.172237609,standalone_annual_proxy,550,-6.047434172237608
550,road_ecological_disruption_cost,-1112100.7166316109,standalone_annual_proxy,550,-1.1121007166316108
550,road_land_consumption_cost,-57864.68499658651,standalone_annual_proxy,550,-0.057864684996586514
550,road_maint_cost,-3369517.08306574,standalone_annual_proxy,550,-3.3695170830657397
550,road_noise_cost,-24077844.17104707,standalone_annual_proxy,550,-24.07784417104707
550,road_tts_cost,99671.45435128482,standalone_annual_proxy,550,0.09967145435128481
552,road_accident_cost,,standalone_annual_proxy,552,
552,road_airpollution_cost,,standalone_annual_proxy,552,
552,road_climate_cost,-169683.10870258178,standalone_annual_proxy,552,-0.16968310870258177
552,road_co2_cost,,standalone_annual_proxy,552,
552,road_construction_cost,-3594521.245737231,standalone_annual_proxy,552,-3.594521245737231
552,road_ecological_disruption_cost,-529132.0882931261,standalone_annual_proxy,552,-0.5291320882931261
552,road_land_consumption_cost,-88865.56461981505,standalone_annual_proxy,552,-0.08886556461981505
552,road_maint_cost,-1969151.4547973468,standalone_annual_proxy,552,-1.9691514547973468
552,road_noise_cost,-3415513.631114776,standalone_annual_proxy,552,-3.415513631114776
552,road_tts_cost,-1472739.8821855227,standalone_annual_proxy,552,-1.4727398821855227
556,road_accident_cost,,standalone_annual_proxy,556,
556,road_airpollution_cost,,standalone_annual_proxy,556,
556,road_climate_cost,-238501.22383049544,standalone_annual_proxy,556,-0.23850122383049543
556,road_co2_cost,,standalone_annual_proxy,556,
556,road_construction_cost,-3919191.537628266,standalone_annual_proxy,556,-3.919191537628266
556,road_ecological_disruption_cost,-771753.4999527433,standalone_annual_proxy,556,-0.7717534999527433
556,road_land_consumption_cost,-12982.435449975008,standalone_annual_proxy,556,-0.012982435449975007
556,road_maint_cost,-2201423.0319838044,standalone_annual_proxy,556,-2.2014230319838046
556,road_noise_cost,-15016569.953547817,standalone_annual_proxy,556,-15.016569953547817
556,road_tts_cost,-501557.95478023455,standalone_annual_proxy,556,-0.5015579547802346
558,road_accident_cost,,standalone_annual_proxy,558,
558,road_airpollution_cost,,standalone_annual_proxy,558,
558,road_climate_cost,-1265138.3254802153,standalone_annual_proxy,558,-1.2651383254802153
558,road_co2_cost,,standalone_annual_proxy,558,
558,road_construction_cost,-52053572.663613416,standalone_annual_proxy,558,-52.053572663613416
558,road_ecological_disruption_cost,-2651862.5987793235,standalone_annual_proxy,558,-2.6518625987793234
558,road_land_consumption_cost,-229538.75932528512,standalone_annual_proxy,558,-0.2295387593252851
558,road_maint_cost,-26659788.83062905,standalone_annual_proxy,558,-26.65978883062905
558,road_noise_cost,-25088959.2565288,standalone_annual_proxy,558,-25.0889592565288
558,road_tts_cost,-3406383.14085894,standalone_annual_proxy,558,-3.40638314085894
564,road_accident_cost,,standalone_annual_proxy,564,
564,road_airpollution_cost,,standalone_annual_proxy,564,
564,road_climate_cost,-535438.9046372946,standalone_annual_proxy,564,-0.5354389046372946
564,road_co2_cost,,standalone_annual_proxy,564,
564,road_construction_cost,-50979916.229344666,standalone_annual_proxy,564,-50.97991622934467
564,road_ecological_disruption_cost,-275279.9999999243,standalone_annual_proxy,564,-0.27527999999992425
564,road_land_consumption_cost,-78190.68166777225,standalone_annual_proxy,564,-0.07819068166777225
564,road_maint_cost,-25080285.614042465,standalone_annual_proxy,564,-25.080285614042463
564,road_noise_cost,-11060217.640552577,standalone_annual_proxy,564,-11.060217640552576
564,road_tts_cost,-3853602.6033403566,standalone_annual_proxy,564,-3.8536026033403568
565,road_accident_cost,,standalone_annual_proxy,565,
565,road_airpollution_cost,,standalone_annual_proxy,565,
565,road_climate_cost,-741060.0909027767,standalone_annual_proxy,565,-0.7410600909027767
565,road_co2_cost,,standalone_annual_proxy,565,
565,road_construction_cost,-16295966.507486504,standalone_annual_proxy,565,-16.295966507486504
565,road_ecological_disruption_cost,-2074700.50148341,standalone_annual_proxy,565,-2.07470050148341
565,road_land_consumption_cost,-165086.4026022716,standalone_annual_proxy,565,-0.16508640260227161
565,road_maint_cost,-8810728.422211926,standalone_annual_proxy,565,-8.810728422211927
565,road_noise_cost,-19341708.21538301,standalone_annual_proxy,565,-19.34170821538301
565,road_tts_cost,-314706.55531789036,standalone_annual_proxy,565,-0.3147065553178904
569,road_accident_cost,,standalone_annual_proxy,569,
569,road_airpollution_cost,,standalone_annual_proxy,569,
569,road_climate_cost,-356092.54651531426,standalone_annual_proxy,569,-0.35609254651531425
569,road_co2_cost,,standalone_annual_proxy,569,
569,road_construction_cost,-4620443.691253348,standalone_annual_proxy,569,-4.620443691253349
569,road_ecological_disruption_cost,-1144417.3405843612,standalone_annual_proxy,569,-1.1444173405843612
569,road_land_consumption_cost,-73507.04486696703,standalone_annual_proxy,569,-0.07350704486696703
569,road_maint_cost,-2702183.1001818045,standalone_annual_proxy,569,-2.7021831001818044
569,road_noise_cost,-41881749.570849515,standalone_annual_proxy,569,-41.881749570849514
569,road_tts_cost,407695.8054122316,standalone_annual_proxy,569,0.4076958054122316
57,road_accident_cost,,standalone_annual_proxy,57,
57,road_airpollution_cost,,standalone_annual_proxy,57,
57,road_climate_cost,-162622.1811259182,standalone_annual_proxy,57,-0.1626221811259182
57,road_co2_cost,,standalone_annual_proxy,57,
57,road_construction_cost,-3528622.3008009167,standalone_annual_proxy,57,-3.5286223008009165
57,road_ecological_disruption_cost,-513562.00863720337,standalone_annual_proxy,57,-0.5135620086372034
57,road_land_consumption_cost,-14002.185493463714,standalone_annual_proxy,57,-0.014002185493463715
57,road_maint_cost,-1922211.7478663805,standalone_annual_proxy,57,-1.9222117478663805
57,road_noise_cost,-7041281.554634409,standalone_annual_proxy,57,-7.041281554634409
57,road_tts_cost,1245473.1359858443,standalone_annual_proxy,57,1.2454731359858442
594,road_accident_cost,,standalone_annual_proxy,594,
594,road_airpollution_cost,,standalone_annual_proxy,594,
594,road_climate_cost,-701164.2769751268,standalone_annual_proxy,594,-0.7011642769751268
594,road_co2_cost,,standalone_annual_proxy,594,
594,road_construction_cost,-36781538.5567404,standalone_annual_proxy,594,-36.7815385567404
594,road_ecological_disruption_cost,-1184881.6206918168,standalone_annual_proxy,594,-1.1848816206918167
594,road_land_consumption_cost,-122469.81002935146,standalone_annual_proxy,594,-0.12246981002935146
594,road_maint_cost,-18627270.980539933,standalone_annual_proxy,594,-18.627270980539933
594,road_noise_cost,-17472427.83860195,standalone_annual_proxy,594,-17.472427838601952
594,road_tts_cost,-510005.8707787788,standalone_annual_proxy,594,-0.5100058707787788
602,road_accident_cost,,standalone_annual_proxy,602,
602,road_airpollution_cost,,standalone_annual_proxy,602,
602,road_climate_cost,-724676.4228473313,standalone_annual_proxy,602,-0.7246764228473312
602,road_co2_cost,,standalone_annual_proxy,602,
602,road_construction_cost,-17302854.953080636,standalone_annual_proxy,602,-17.302854953080637
602,road_ecological_disruption_cost,-1958734.120880256,standalone_annual_proxy,602,-1.958734120880256
602,road_land_consumption_cost,-160470.93664048502,standalone_annual_proxy,602,-0.160470936640485
602,road_maint_cost,-9294539.69588742,standalone_annual_proxy,602,-9.294539695887421
602,road_noise_cost,-19359454.396194153,standalone_annual_proxy,602,-19.359454396194153
602,road_tts_cost,-373375.8188195606,standalone_annual_proxy,602,-0.37337581881956056
612,road_accident_cost,,standalone_annual_proxy,612,
612,road_airpollution_cost,,standalone_annual_proxy,612,
612,road_climate_cost,-1002259.5687224556,standalone_annual_proxy,612,-1.0022595687224556
612,road_co2_cost,,standalone_annual_proxy,612,
612,road_construction_cost,-39014212.95915575,standalone_annual_proxy,612,-39.014212959155756
612,road_ecological_disruption_cost,-2140032.3930206005,standalone_annual_proxy,612,-2.1400323930206007
612,road_land_consumption_cost,-403955.1249542574,standalone_annual_proxy,612,-0.4039551249542574
612,road_maint_cost,-20104582.798659574,standalone_annual_proxy,612,-20.104582798659575
612,road_noise_cost,-8763325.242295483,standalone_annual_proxy,612,-8.763325242295483
612,road_tts_cost,-7967306.27807739,standalone_annual_proxy,612,-7.96730627807739
614,road_accident_cost,,standalone_annual_proxy,614,
614,road_airpollution_cost,,standalone_annual_proxy,614,
614,road_climate_cost,-127597.74015818031,standalone_annual_proxy,614,-0.12759774015818032
614,road_co2_cost,,standalone_annual_proxy,614,
614,road_construction_cost,-3335861.888280633,standalone_annual_proxy,614,-3.335861888280633
614,road_ecological_disruption_cost,-397956.15600412333,standalone_annual_proxy,614,-0.3979561560041233
614,road_land_consumption_cost,-23436.335852821616,standalone_annual_proxy,614,-0.023436335852821615
614,road_maint_cost,-1784482.5433126716,standalone_annual_proxy,614,-1.7844825433126716
614,road_noise_cost,-9148592.427306982,standalone_annual_proxy,614,-9.148592427306982
614,road_tts_cost,-625009.0864548988,standalone_annual_proxy,614,-0.6250090864548988
62,road_accident_cost,,standalone_annual_proxy,62,
62,road_airpollution_cost,,standalone_annual_proxy,62,
62,road_climate_cost,-166105.99911679304,standalone_annual_proxy,62,-0.16610599911679305
62,road_co2_cost,,standalone_annual_proxy,62,
62,road_construction_cost,-3520757.387225516,standalone_annual_proxy,62,-3.5207573872255162
62,road_ecological_disruption_cost,-532797.1755020479,standalone_annual_proxy,62,-0.5327971755020479
62,road_land_consumption_cost,-22290.71022149592,standalone_annual_proxy,62,-0.02229071022149592
62,road_maint_cost,-1916737.9253038785,standalone_annual_proxy,62,-1.9167379253038785
62,road_noise_cost,-1769776.2346260827,standalone_annual_proxy,62,-1.7697762346260828
62,road_tts_cost,322070.42056855967,standalone_annual_proxy,62,0.32207042056855967
625,road_accident_cost,,standalone_annual_proxy,625,
625,road_airpollution_cost,,standalone_annual_proxy,625,
625,road_climate_cost,-314231.19845710514,standalone_annual_proxy,625,-0.3142311984571051
625,road_co2_cost,,standalone_annual_proxy,625,
625,road_construction_cost,-4390055.6965445,standalone_annual_proxy,625,-4.3900556965445
625,road_ecological_disruption_cost,-1006244.7759145312,standalone_annual_proxy,625,-1.0062447759145312
625,road_land_consumption_cost,-11847.394252591204,standalone_annual_proxy,625,-0.011847394252591204
625,road_maint_cost,-2537568.619256501,standalone_annual_proxy,625,-2.537568619256501
625,road_noise_cost,-17238797.96545729,standalone_annual_proxy,625,-17.23879796545729
625,road_tts_cost,-615901.5148192836,standalone_annual_proxy,625,-0.6159015148192836
627,road_accident_cost,,standalone_annual_proxy,627,
627,road_airpollution_cost,,standalone_annual_proxy,627,
627,road_climate_cost,-281888.03635842743,standalone_annual_proxy,627,-0.2818880363584274
627,road_co2_cost,,standalone_annual_proxy,627,
627,road_construction_cost,-4185013.51844746,standalone_annual_proxy,627,-4.18501351844746
627,road_ecological_disruption_cost,-907225.1336780324,standalone_annual_proxy,627,-0.9072251336780325
627,road_land_consumption_cost,-108598.61034124784,standalone_annual_proxy,627,-0.10859861034124783
627,road_maint_cost,-2391209.708082852,standalone_annual_proxy,627,-2.391209708082852
627,road_noise_cost,-8191239.270354268,standalone_annual_proxy,627,-8.191239270354268
627,road_tts_cost,176920.24246134755,standalone_annual_proxy,627,0.17692024246134755
628,road_accident_cost,,standalone_annual_proxy,628,
628,road_airpollution_cost,,standalone_annual_proxy,628,
628,road_climate_cost,-314612.7606666569,standalone_annual_proxy,628,-0.3146127606666569
628,road_co2_cost,,standalone_annual_proxy,628,
628,road_construction_cost,-4392155.661222967,standalone_annual_proxy,628,-4.392155661222968
628,road_ecological_disruption_cost,-1007504.2057112388,standalone_annual_proxy,628,-1.0075042057112389
628,road_land_consumption_cost,-20243.608700412857,standalone_annual_proxy,628,-0.020243608700412856
628,road_maint_cost,-2539069.0646071555,standalone_annual_proxy,628,-2.5390690646071556
628,road_noise_cost,-19748232.411432143,standalone_annual_proxy,628,-19.748232411432145
628,road_tts_cost,-1033432.5456525855,standalone_annual_proxy,628,-1.0334325456525855
629,road_accident_cost,,standalone_annual_proxy,629,
629,road_airpollution_cost,,standalone_annual_proxy,629,
629,road_climate_cost,-193668.3722895551,standalone_annual_proxy,629,-0.19366837228955508
629,road_co2_cost,,standalone_annual_proxy,629,
629,road_construction_cost,-10073285.691018011,standalone_annual_proxy,629,-10.073285691018011
629,road_ecological_disruption_cost,-430371.3072406336,standalone_annual_proxy,629,-0.4303713072406336
629,road_land_consumption_cost,-49080.16100020853,standalone_annual_proxy,629,-0.04908016100020853
629,road_maint_cost,-5070985.942758763,standalone_annual_proxy,629,-5.070985942758763
629,road_noise_cost,-15912670.297987234,standalone_annual_proxy,629,-15.912670297987233
629,road_tts_cost,-405497.9804259371,standalone_annual_proxy,629,-0.4054979804259371
63,road_accident_cost,,standalone_annual_proxy,63,
63,road_airpollution_cost,,standalone_annual_proxy,63,
63,road_climate_cost,-776342.1829805106,standalone_annual_proxy,63,-0.7763421829805106
63,road_co2_cost,,standalone_annual_proxy,63,
63,road_construction_cost,-28051807.47287781,standalone_annual_proxy,63,-28.05180747287781
63,road_ecological_disruption_cost,-1781145.547132884,standalone_annual_proxy,63,-1.7811455471328839
63,road_land_consumption_cost,-192875.4645144854,standalone_annual_proxy,63,-0.1928754645144854
63,road_maint_cost,-14506441.211993542,standalone_annual_proxy,63,-14.506441211993542
63,road_noise_cost,-12302619.252317566,standalone_annual_proxy,63,-12.302619252317566
63,road_tts_cost,-4395805.642336527,standalone_annual_proxy,63,-4.395805642336527
648,road_accident_cost,,standalone_annual_proxy,648,
648,road_airpollution_cost,,standalone_annual_proxy,648,
648,road_climate_cost,-734950.8099639008,standalone_annual_proxy,648,-0.7349508099639008
648,road_co2_cost,,standalone_annual_proxy,648,
648,road_construction_cost,-26784905.31203208,standalone_annual_proxy,648,-26.78490531203208
648,road_ecological_disruption_cost,-1752829.094326873,standalone_annual_proxy,648,-1.7528290943268732
648,road_land_consumption_cost,-142771.0513001565,standalone_annual_proxy,648,-0.14277105130015652
648,road_maint_cost,-13779108.373930246,standalone_annual_proxy,648,-13.779108373930246
648,road_noise_cost,-19955938.891129248,standalone_annual_proxy,648,-19.955938891129247
648,road_tts_cost,-461725.3779930114,standalone_annual_proxy,648,-0.4617253779930114
662,road_accident_cost,,standalone_annual_proxy,662,
662,road_airpollution_cost,,standalone_annual_proxy,662,
662,road_climate_cost,-669757.4302789338,standalone_annual_proxy,662,-0.6697574302789339
662,road_co2_cost,,standalone_annual_proxy,662,
662,road_construction_cost,-13269055.281750966,standalone_annual_proxy,662,-13.269055281750965
662,road_ecological_disruption_cost,-1963127.402963848,standalone_annual_proxy,662,-1.9631274029638481
662,road_land_consumption_cost,-249646.4648197163,standalone_annual_proxy,662,-0.24964646481971628
662,road_maint_cost,-7236438.715039318,standalone_annual_proxy,662,-7.236438715039318
662,road_noise_cost,-6583700.101572678,standalone_annual_proxy,662,-6.583700101572679
662,road_tts_cost,-6626221.6734678,standalone_annual_proxy,662,-6.6262216734678
669,road_accident_cost,,standalone_annual_proxy,669,
669,road_airpollution_cost,,standalone_annual_proxy,669,
669,road_climate_cost,-181570.75291586173,standalone_annual_proxy,669,-0.18157075291586172
669,road_co2_cost,,standalone_annual_proxy,669,
669,road_construction_cost,-3659946.05022039,standalone_annual_proxy,669,-3.6599460502203898
669,road_ecological_disruption_cost,-568369.8664589737,standalone_annual_proxy,669,-0.5683698664589737
669,road_land_consumption_cost,-40087.36472863222,standalone_annual_proxy,669,-0.040087364728632224
669,road_maint_cost,-2015898.119020216,standalone_annual_proxy,669,-2.015898119020216
669,road_noise_cost,-4380017.889961472,standalone_annual_proxy,669,-4.380017889961472
669,road_tts_cost,1681249.0444275714,standalone_annual_proxy,669,1.6812490444275714
670,road_accident_cost,,standalone_annual_proxy,670,
670,road_airpollution_cost,,standalone_annual_proxy,670,
670,road_climate_cost,-270134.67589898605,standalone_annual_proxy,670,-0.27013467589898604
670,road_co2_cost,,standalone_annual_proxy,670,
670,road_construction_cost,-4093289.3134008944,standalone_annual_proxy,670,-4.093289313400894
670,road_ecological_disruption_cost,-876166.6496579482,standalone_annual_proxy,670,-0.8761666496579482
670,road_land_consumption_cost,-129883.57429075996,standalone_annual_proxy,670,-0.12988357429075997
670,road_maint_cost,-2325817.599614286,standalone_annual_proxy,670,-2.325817599614286
670,road_noise_cost,-5384343.425427373,standalone_annual_proxy,670,-5.384343425427373
670,road_tts_cost,106896.51945394588,standalone_annual_proxy,670,0.10689651945394588
673,road_accident_cost,,standalone_annual_proxy,673,
673,road_airpollution_cost,,standalone_annual_proxy,673,
673,road_climate_cost,-90734.05169609618,standalone_annual_proxy,673,-0.09073405169609618
673,road_co2_cost,,standalone_annual_proxy,673,
673,road_construction_cost,-3078902.1100540543,standalone_annual_proxy,673,-3.078902110054054
673,road_ecological_disruption_cost,-291751.5857422225,standalone_annual_proxy,673,-0.2917515857422225
673,road_land_consumption_cost,-6444.911207715069,standalone_annual_proxy,673,-0.006444911207715069
673,road_maint_cost,-1601173.7331445047,standalone_annual_proxy,673,-1.6011737331445046
673,road_noise_cost,-2381350.0728738173,standalone_annual_proxy,673,-2.3813500728738175
673,road_tts_cost,856600.9939042659,standalone_annual_proxy,673,0.8566009939042659
678,road_accident_cost,,standalone_annual_proxy,678,
678,road_airpollution_cost,,standalone_annual_proxy,678,
678,road_climate_cost,-321223.9155461368,standalone_annual_proxy,678,-0.3212239155461368
678,road_co2_cost,,standalone_annual_proxy,678,
678,road_construction_cost,-4590771.459660332,standalone_annual_proxy,678,-4.590771459660331
678,road_ecological_disruption_cost,-982909.4061335968,standalone_annual_proxy,678,-0.9829094061335968
678,road_land_consumption_cost,-85509.80810934336,standalone_annual_proxy,678,-0.08550980810934336
678,road_maint_cost,-2680107.588039657,standalone_annual_proxy,678,-2.680107588039657
678,road_noise_cost,-22353366.532424383,standalone_annual_proxy,678,-22.35336653242438
678,road_tts_cost,-3683427.713763682,standalone_annual_proxy,678,-3.6834277137636824
680,road_accident_cost,,standalone_annual_proxy,680,
680,road_airpollution_cost,,standalone_annual_proxy,680,
680,road_climate_cost,-733377.5724772902,standalone_annual_proxy,680,-0.7333775724772902
680,road_co2_cost,,standalone_annual_proxy,680,
680,road_construction_cost,-9481828.231619596,standalone_annual_proxy,680,-9.481828231619597
680,road_ecological_disruption_cost,-1592915.0557739686,standalone_annual_proxy,680,-1.5929150557739686
680,road_land_consumption_cost,-121215.4549657399,standalone_annual_proxy,680,-0.1212154549657399
680,road_maint_cost,-6160679.27961212,standalone_annual_proxy,680,-6.16067927961212
680,road_noise_cost,-18656783.6009964,standalone_annual_proxy,680,-18.656783600996402
680,road_tts_cost,-261960.72246876764,standalone_annual_proxy,680,-0.2619607224687676
682,road_accident_cost,,standalone_annual_proxy,682,
682,road_airpollution_cost,,standalone_annual_proxy,682,
682,road_climate_cost,-1263364.298663221,standalone_annual_proxy,682,-1.263364298663221
682,road_co2_cost,,standalone_annual_proxy,682,
682,road_construction_cost,-50313227.52501701,standalone_annual_proxy,682,-50.313227525017005
682,road_ecological_disruption_cost,-2700159.4620624883,standalone_annual_proxy,682,-2.7001594620624885
682,road_land_consumption_cost,-230558.0261106905,standalone_annual_proxy,682,-0.23055802611069048
682,road_maint_cost,-25827610.70611019,standalone_annual_proxy,682,-25.82761070611019
682,road_noise_cost,-25054719.014263712,standalone_annual_proxy,682,-25.05471901426371
682,road_tts_cost,-3409063.7940781093,standalone_annual_proxy,682,-3.409063794078109
689,road_accident_cost,,standalone_annual_proxy,689,
689,road_airpollution_cost,,standalone_annual_proxy,689,
689,road_climate_cost,-458541.8849246091,standalone_annual_proxy,689,-0.4585418849246091
689,road_co2_cost,,standalone_annual_proxy,689,
689,road_construction_cost,-6200225.796527525,standalone_annual_proxy,689,-6.200225796527525
689,road_ecological_disruption_cost,-1443893.5561396452,standalone_annual_proxy,689,-1.443893556139645
689,road_land_consumption_cost,-142347.80841258558,standalone_annual_proxy,689,-0.14234780841258557
689,road_maint_cost,-3595769.7161855493,standalone_annual_proxy,689,-3.5957697161855493
689,road_noise_cost,-12190261.761076543,standalone_annual_proxy,689,-12.190261761076544
689,road_tts_cost,-4273429.921952322,standalone_annual_proxy,689,-4.273429921952322
694,road_accident_cost,,standalone_annual_proxy,694,
694,road_airpollution_cost,,standalone_annual_proxy,694,
694,road_climate_cost,-355402.6025592581,standalone_annual_proxy,694,-0.3554026025592581
694,road_co2_cost,,standalone_annual_proxy,694,
694,road_construction_cost,-6100002.183149873,standalone_annual_proxy,694,-6.100002183149873
694,road_ecological_disruption_cost,-1095723.6622603426,standalone_annual_proxy,694,-1.0957236622603426
694,road_land_consumption_cost,-64696.06819249715,standalone_annual_proxy,694,-0.06469606819249715
694,road_maint_cost,-3406785.971646694,standalone_annual_proxy,694,-3.406785971646694
694,road_noise_cost,-16078967.16495723,standalone_annual_proxy,694,-16.07896716495723
694,road_tts_cost,444728.04888463987,standalone_annual_proxy,694,0.44472804888463985
726,road_accident_cost,,standalone_annual_proxy,726,
726,road_airpollution_cost,,standalone_annual_proxy,726,
726,road_climate_cost,-262539.6299402593,standalone_annual_proxy,726,-0.2625396299402593
726,road_co2_cost,,standalone_annual_proxy,726,
726,road_construction_cost,-4078527.684563298,standalone_annual_proxy,726,-4.078527684563298
726,road_ecological_disruption_cost,-843361.47278123,standalone_annual_proxy,726,-0.84336147278123
726,road_land_consumption_cost,-18166.888327394827,standalone_annual_proxy,726,-0.018166888327394826
726,road_maint_cost,-2315124.5357938544,standalone_annual_proxy,726,-2.3151245357938546
726,road_noise_cost,-14506051.278294249,standalone_annual_proxy,726,-14.50605127829425
726,road_tts_cost,-988210.9444076151,standalone_annual_proxy,726,-0.9882109444076151
73,road_accident_cost,,standalone_annual_proxy,73,
73,road_airpollution_cost,,standalone_annual_proxy,73,
73,road_climate_cost,-244857.6955367384,standalone_annual_proxy,73,-0.24485769553673842
73,road_co2_cost,,standalone_annual_proxy,73,
73,road_construction_cost,-4170482.550975574,standalone_annual_proxy,73,-4.170482550975574
73,road_ecological_disruption_cost,-730845.9403759394,standalone_annual_proxy,73,-0.7308459403759393
73,road_land_consumption_cost,-89561.49723893018,standalone_annual_proxy,73,-0.08956149723893018
73,road_maint_cost,-2379807.042304901,standalone_annual_proxy,73,-2.379807042304901
73,road_noise_cost,-7755149.065664371,standalone_annual_proxy,73,-7.75514906566437
73,road_tts_cost,-1915909.5296660517,standalone_annual_proxy,73,-1.9159095296660518
736,road_accident_cost,,standalone_annual_proxy,736,
736,road_airpollution_cost,,standalone_annual_proxy,736,
736,road_climate_cost,-254286.11188824667,standalone_annual_proxy,736,-0.2542861118882467
736,road_co2_cost,,standalone_annual_proxy,736,
736,road_construction_cost,-4006065.202118768,standalone_annual_proxy,736,-4.0060652021187675
736,road_ecological_disruption_cost,-823854.9865778962,standalone_annual_proxy,736,-0.8238549865778961
736,road_land_consumption_cost,-59121.59748988133,standalone_annual_proxy,736,-0.05912159748988133
736,road_maint_cost,-2263495.116964861,standalone_annual_proxy,736,-2.2634951169648607
736,road_noise_cost,-16882944.46779155,standalone_annual_proxy,736,-16.88294446779155
736,road_tts_cost,-32055.657604222826,standalone_annual_proxy,736,-0.032055657604222826
750,road_accident_cost,,standalone_annual_proxy,750,
750,road_airpollution_cost,,standalone_annual_proxy,750,
750,road_climate_cost,-526887.5884645539,standalone_annual_proxy,750,-0.526887588464554
750,road_co2_cost,,standalone_annual_proxy,750,
750,road_construction_cost,-10141688.886153782,standalone_annual_proxy,750,-10.141688886153782
750,road_ecological_disruption_cost,-1027390.4718527916,standalone_annual_proxy,750,-1.0273904718527915
750,road_land_consumption_cost,-121038.33800707148,standalone_annual_proxy,750,-0.12103833800707148
750,road_maint_cost,-6048205.94140087,standalone_annual_proxy,750,-6.0482059414008695
750,road_noise_cost,-14316500.818682414,standalone_annual_proxy,750,-14.316500818682414
750,road_tts_cost,-4330216.848988251,standalone_annual_proxy,750,-4.33021684898825
755,road_accident_cost,,standalone_annual_proxy,755,
755,road_airpollution_cost,,standalone_annual_proxy,755,
755,road_climate_cost,-475161.0965705045,standalone_annual_proxy,755,-0.4751610965705045
755,road_co2_cost,,standalone_annual_proxy,755,
755,road_construction_cost,-39887381.21493936,standalone_annual_proxy,755,-39.88738121493936
755,road_ecological_disruption_cost,-454380.6554427568,standalone_annual_proxy,755,-0.4543806554427568
755,road_land_consumption_cost,-160014.53273532525,standalone_annual_proxy,755,-0.16001453273532526
755,road_maint_cost,-19674444.93083095,standalone_annual_proxy,755,-19.67444493083095
755,road_noise_cost,-8978074.420026587,standalone_annual_proxy,755,-8.978074420026587
755,road_tts_cost,248617.58964558918,standalone_annual_proxy,755,0.24861758964558917
759,road_accident_cost,,standalone_annual_proxy,759,
759,road_airpollution_cost,,standalone_annual_proxy,759,
759,road_climate_cost,-904905.5722216913,standalone_annual_proxy,759,-0.9049055722216912
759,road_co2_cost,,standalone_annual_proxy,759,
759,road_construction_cost,-56097174.5521567,standalone_annual_proxy,759,-56.0971745521567
759,road_ecological_disruption_cost,-1439627.1693187484,standalone_annual_proxy,759,-1.4396271693187483
759,road_land_consumption_cost,-298226.754082854,standalone_annual_proxy,759,-0.29822675408285404
759,road_maint_cost,-27965976.87608968,standalone_annual_proxy,759,-27.96597687608968
759,road_noise_cost,-7327895.309133144,standalone_annual_proxy,759,-7.327895309133144
759,road_tts_cost,-7737650.715878497,standalone_annual_proxy,759,-7.737650715878497
761,road_accident_cost,,standalone_annual_proxy,761,
761,road_airpollution_cost,,standalone_annual_proxy,761,
761,road_climate_cost,-230262.74357522847,standalone_annual_proxy,761,-0.23026274357522847
761,road_co2_cost,,standalone_annual_proxy,761,
761,road_construction_cost,-4862754.038381653,standalone_annual_proxy,761,-4.862754038381653
761,road_ecological_disruption_cost,-713616.3435418333,standalone_annual_proxy,761,-0.7136163435418333
761,road_land_consumption_cost,-61297.48540054281,standalone_annual_proxy,761,-0.06129748540054281
761,road_maint_cost,-2640570.23840446,standalone_annual_proxy,761,-2.6405702384044596
761,road_noise_cost,-5468916.998507669,standalone_annual_proxy,761,-5.4689169985076695
761,road_tts_cost,978135.9208090673,standalone_annual_proxy,761,0.9781359208090673
764,road_accident_cost,,standalone_annual_proxy,764,
764,road_airpollution_cost,,standalone_annual_proxy,764,
764,road_climate_cost,-815907.6144998632,standalone_annual_proxy,764,-0.8159076144998633
764,road_co2_cost,,standalone_annual_proxy,764,
764,road_construction_cost,-30938848.112175506,standalone_annual_proxy,764,-30.938848112175506
764,road_ecological_disruption_cost,-1904003.8743348003,standalone_annual_proxy,764,-1.9040038743348002
764,road_land_consumption_cost,-143501.50559934482,standalone_annual_proxy,764,-0.14350150559934483
764,road_maint_cost,-15865750.788385794,standalone_annual_proxy,764,-15.865750788385794
764,road_noise_cost,-21496481.964390956,standalone_annual_proxy,764,-21.496481964390956
764,road_tts_cost,-685488.3901052928,standalone_annual_proxy,764,-0.6854883901052928
767,road_accident_cost,,standalone_annual_proxy,767,
767,road_airpollution_cost,,standalone_annual_proxy,767,
767,road_climate_cost,-205677.1268469076,standalone_annual_proxy,767,-0.20567712684690762
767,road_co2_cost,,standalone_annual_proxy,767,
767,road_construction_cost,-3765579.3761718296,standalone_annual_proxy,767,-3.7655793761718295
767,road_ecological_disruption_cost,-655674.3042975627,standalone_annual_proxy,767,-0.6556743042975627
767,road_land_consumption_cost,-14846.47219225582,standalone_annual_proxy,767,-0.01484647219225582
767,road_maint_cost,-2091519.90132748,standalone_annual_proxy,767,-2.09151990132748
767,road_noise_cost,-3785649.1875799224,standalone_annual_proxy,767,-3.7856491875799225
767,road_tts_cost,769538.9855176518,standalone_annual_proxy,767,0.7695389855176518
770,road_accident_cost,,standalone_annual_proxy,770,
770,road_airpollution_cost,,standalone_annual_proxy,770,
770,road_climate_cost,-173286.94831493273,standalone_annual_proxy,770,-0.17328694831493271
770,road_co2_cost,,standalone_annual_proxy,770,
770,road_construction_cost,-3587316.8828123994,standalone_annual_proxy,770,-3.5873168828123996
770,road_ecological_disruption_cost,-548763.412855332,standalone_annual_proxy,770,-0.548763412855332
770,road_land_consumption_cost,-20620.15967235518,standalone_annual_proxy,770,-0.02062015967235518
770,road_maint_cost,-1964149.6021506635,standalone_annual_proxy,770,-1.9641496021506635
770,road_noise_cost,-4902674.660387935,standalone_annual_proxy,770,-4.902674660387935
770,road_tts_cost,444266.12939099007,standalone_annual_proxy,770,0.4442661293909901
775,road_accident_cost,,standalone_annual_proxy,775,
775,road_airpollution_cost,,standalone_annual_proxy,775,
775,road_climate_cost,-769826.0738821054,standalone_annual_proxy,775,-0.7698260738821054
775,road_co2_cost,,standalone_annual_proxy,775,
775,road_construction_cost,-9574272.322084678,standalone_annual_proxy,775,-9.574272322084678
775,road_ecological_disruption_cost,-1744165.5769577082,standalone_annual_proxy,775,-1.7441655769577082
775,road_land_consumption_cost,-281823.5927879182,standalone_annual_proxy,775,-0.28182359278791824
775,road_maint_cost,-6227314.429740505,standalone_annual_proxy,775,-6.227314429740505
775,road_noise_cost,-9750644.721962884,standalone_annual_proxy,775,-9.750644721962884
775,road_tts_cost,-4707900.96320827,standalone_annual_proxy,775,-4.70790096320827
776,road_accident_cost,,standalone_annual_proxy,776,
776,road_airpollution_cost,,standalone_annual_proxy,776,
776,road_climate_cost,-323819.9100973138,standalone_annual_proxy,776,-0.3238199100973138
776,road_co2_cost,,standalone_annual_proxy,776,
776,road_construction_cost,-5226942.98542761,standalone_annual_proxy,776,-5.22694298542761
776,road_ecological_disruption_cost,-813548.649299638,standalone_annual_proxy,776,-0.813548649299638
776,road_land_consumption_cost,-32816.565060902976,standalone_annual_proxy,776,-0.032816565060902976
776,road_maint_cost,-3131306.468411414,standalone_annual_proxy,776,-3.131306468411414
776,road_noise_cost,-17359269.509068023,standalone_annual_proxy,776,-17.359269509068024
776,road_tts_cost,-1561824.1276560288,standalone_annual_proxy,776,-1.5618241276560287
780,road_accident_cost,,standalone_annual_proxy,780,
780,road_airpollution_cost,,standalone_annual_proxy,780,
780,road_climate_cost,-277210.18813784316,standalone_annual_proxy,780,-0.27721018813784315
780,road_co2_cost,,standalone_annual_proxy,780,
780,road_construction_cost,-4348537.636154224,standalone_annual_proxy,780,-4.348537636154224
780,road_ecological_disruption_cost,-837632.4411341448,standalone_annual_proxy,780,-0.8376324411341448
780,road_land_consumption_cost,-58832.312643485646,standalone_annual_proxy,780,-0.058832312643485644
780,road_maint_cost,-2507029.1463031364,standalone_annual_proxy,780,-2.5070291463031364
780,road_noise_cost,-13546707.853129596,standalone_annual_proxy,780,-13.546707853129595
780,road_tts_cost,138258.79437667812,standalone_annual_proxy,780,0.13825879437667812
789,road_accident_cost,,standalone_annual_proxy,789,
789,road_airpollution_cost,,standalone_annual_proxy,789,
789,road_climate_cost,-614196.6619801897,standalone_annual_proxy,789,-0.6141966619801897
789,road_co2_cost,,standalone_annual_proxy,789,
789,road_construction_cost,-6013906.314135577,standalone_annual_proxy,789,-6.013906314135577
789,road_ecological_disruption_cost,-2004082.669183533,standalone_annual_proxy,789,-2.004082669183533
789,road_land_consumption_cost,-216468.96645529903,standalone_annual_proxy,789,-0.21646896645529903
789,road_maint_cost,-3697971.5409235377,standalone_annual_proxy,789,-3.697971540923538
789,road_noise_cost,-19473632.699922632,standalone_annual_proxy,789,-19.473632699922632
789,road_tts_cost,-3649491.414822735,standalone_annual_proxy,789,-3.649491414822735
791,road_accident_cost,,standalone_annual_proxy,791,
791,road_airpollution_cost,,standalone_annual_proxy,791,
791,road_climate_cost,-442155.2005466138,standalone_annual_proxy,791,-0.4421552005466138
791,road_co2_cost,,standalone_annual_proxy,791,
791,road_construction_cost,-5472636.085742166,standalone_annual_proxy,791,-5.472636085742166
791,road_ecological_disruption_cost,-1320181.1583509785,standalone_annual_proxy,791,-1.3201811583509786
791,road_land_consumption_cost,-107096.90226872682,standalone_annual_proxy,791,-0.10709690226872681
791,road_maint_cost,-3309042.6267538145,standalone_annual_proxy,791,-3.3090426267538144
791,road_noise_cost,-11414932.58191716,standalone_annual_proxy,791,-11.41493258191716
791,road_tts_cost,-915166.5710633888,standalone_annual_proxy,791,-0.9151665710633888
809,road_accident_cost,,standalone_annual_proxy,809,
809,road_airpollution_cost,,standalone_annual_proxy,809,
809,road_climate_cost,-446820.7754126682,standalone_annual_proxy,809,-0.4468207754126682
809,road_co2_cost,,standalone_annual_proxy,809,
809,road_construction_cost,-5498313.5301487055,standalone_annual_proxy,809,-5.498313530148706
809,road_ecological_disruption_cost,-1335580.9119376852,standalone_annual_proxy,809,-1.3355809119376851
809,road_land_consumption_cost,-105250.9764082394,standalone_annual_proxy,809,-0.1052509764082394
809,road_maint_cost,-3327389.412521939,standalone_annual_proxy,809,-3.327389412521939
809,road_noise_cost,-13520645.736363923,standalone_annual_proxy,809,-13.520645736363923
809,road_tts_cost,-963351.3000089906,standalone_annual_proxy,809,-0.9633513000089906
810,road_accident_cost,,standalone_annual_proxy,810,
810,road_airpollution_cost,,standalone_annual_proxy,810,
810,road_climate_cost,-681797.4334655188,standalone_annual_proxy,810,-0.6817974334655188
810,road_co2_cost,,standalone_annual_proxy,810,
810,road_construction_cost,-8386798.599648297,standalone_annual_proxy,810,-8.386798599648296
810,road_ecological_disruption_cost,-1654745.3235538309,standalone_annual_proxy,810,-1.6547453235538307
810,road_land_consumption_cost,-116201.37616838666,standalone_annual_proxy,810,-0.11620137616838666
810,road_maint_cost,-5382641.930807529,standalone_annual_proxy,810,-5.382641930807529
810,road_noise_cost,-17651910.917488072,standalone_annual_proxy,810,-17.65191091748807
810,road_tts_cost,-560372.5170227606,standalone_annual_proxy,810,-0.5603725170227606
811,road_accident_cost,,standalone_annual_proxy,811,
811,road_airpollution_cost,,standalone_annual_proxy,811,
811,road_climate_cost,-131398.5063144146,standalone_annual_proxy,811,-0.1313985063144146
811,road_co2_cost,,standalone_annual_proxy,811,
811,road_construction_cost,-3329741.329716023,standalone_annual_proxy,811,-3.329741329716023
811,road_ecological_disruption_cost,-418237.4798349167,standalone_annual_proxy,811,-0.4182374798349167
811,road_land_consumption_cost,-18679.8660350536,standalone_annual_proxy,811,-0.018679866035053602
811,road_maint_cost,-1780255.0795068997,standalone_annual_proxy,811,-1.7802550795068997
811,road_noise_cost,-5216494.648103474,standalone_annual_proxy,811,-5.216494648103474
811,road_tts_cost,-82617.92408469756,standalone_annual_proxy,811,-0.08261792408469756
813,road_accident_cost,,standalone_annual_proxy,813,
813,road_airpollution_cost,,standalone_annual_proxy,813,
813,road_climate_cost,-642478.8788499103,standalone_annual_proxy,813,-0.6424788788499103
813,road_co2_cost,,standalone_annual_proxy,813,
813,road_construction_cost,-9047396.347627204,standalone_annual_proxy,813,-9.047396347627204
813,road_ecological_disruption_cost,-1904032.802995244,standalone_annual_proxy,813,-1.904032802995244
813,road_land_consumption_cost,-131164.16173236977,standalone_annual_proxy,813,-0.13116416173236978
813,road_maint_cost,-5275650.253088929,standalone_annual_proxy,813,-5.275650253088929
813,road_noise_cost,-22329995.27555661,standalone_annual_proxy,813,-22.32999527555661
813,road_tts_cost,1468620.0508606452,standalone_annual_proxy,813,1.4686200508606453
822,road_accident_cost,,standalone_annual_proxy,822,
822,road_airpollution_cost,,standalone_annual_proxy,822,
822,road_climate_cost,-300225.7009219056,standalone_annual_proxy,822,-0.3002257009219056
822,road_co2_cost,,standalone_annual_proxy,822,
822,road_construction_cost,-5599301.744283641,standalone_annual_proxy,822,-5.599301744283641
822,road_ecological_disruption_cost,-843975.6408846598,standalone_annual_proxy,822,-0.8439756408846598
822,road_land_consumption_cost,-97954.82654710815,standalone_annual_proxy,822,-0.09795482654710816
822,road_maint_cost,-3164946.236503535,standalone_annual_proxy,822,-3.164946236503535
822,road_noise_cost,-4574411.686133705,standalone_annual_proxy,822,-4.574411686133705
822,road_tts_cost,-518102.4279014104,standalone_annual_proxy,822,-0.5181024279014104
831,road_accident_cost,,standalone_annual_proxy,831,
831,road_airpollution_cost,,standalone_annual_proxy,831,
831,road_climate_cost,-313967.4362470031,standalone_annual_proxy,831,-0.3139674362470031
831,road_co2_cost,,standalone_annual_proxy,831,
831,road_construction_cost,-4388604.05560401,standalone_annual_proxy,831,-4.38860405560401
831,road_ecological_disruption_cost,-1005374.1708642088,standalone_annual_proxy,831,-1.0053741708642088
831,road_land_consumption_cost,-20608.893547648568,standalone_annual_proxy,831,-0.02060889354764857
831,road_maint_cost,-2536531.407572747,standalone_annual_proxy,831,-2.536531407572747
831,road_noise_cost,-20365112.02948753,standalone_annual_proxy,831,-20.36511202948753
831,road_tts_cost,-1082344.714169982,standalone_annual_proxy,831,-1.0823447141699818
837,road_accident_cost,,standalone_annual_proxy,837,
837,road_airpollution_cost,,standalone_annual_proxy,837,
837,road_climate_cost,-151267.61828075294,standalone_annual_proxy,837,-0.15126761828075294
837,road_co2_cost,,standalone_annual_proxy,837,
837,road_construction_cost,-3520208.249890475,standalone_annual_proxy,837,-3.520208249890475
837,road_ecological_disruption_cost,-460611.6601957514,standalone_annual_proxy,837,-0.4606116601957514
837,road_land_consumption_cost,-3064.359644995413,standalone_annual_proxy,837,-0.003064359644995413
837,road_maint_cost,-1915908.355411939,standalone_annual_proxy,837,-1.9159083554119392
837,road_noise_cost,-28832885.56169448,standalone_annual_proxy,837,-28.832885561694482
837,road_tts_cost,44178.56853223029,standalone_annual_proxy,837,0.04417856853223029
858,road_accident_cost,,standalone_annual_proxy,858,
858,road_airpollution_cost,,standalone_annual_proxy,858,
858,road_climate_cost,-787322.3543536882,standalone_annual_proxy,858,-0.7873223543536881
858,road_co2_cost,,standalone_annual_proxy,858,
858,road_construction_cost,-17396527.031152885,standalone_annual_proxy,858,-17.396527031152885
858,road_ecological_disruption_cost,-2111358.3358092243,standalone_annual_proxy,858,-2.1113583358092245
858,road_land_consumption_cost,-188329.61891840625,standalone_annual_proxy,858,-0.18832961891840624
858,road_maint_cost,-9477676.421867434,standalone_annual_proxy,858,-9.477676421867434
858,road_noise_cost,-22525634.120363347,standalone_annual_proxy,858,-22.525634120363346
858,road_tts_cost,-624075.9889691139,standalone_annual_proxy,858,-0.6240759889691139
863,road_accident_cost,,standalone_annual_proxy,863,
863,road_airpollution_cost,,standalone_annual_proxy,863,
863,road_climate_cost,-422391.2156791322,standalone_annual_proxy,863,-0.4223912156791322
863,road_co2_cost,,standalone_annual_proxy,863,
863,road_construction_cost,-6495718.965788029,standalone_annual_proxy,863,-6.495718965788029
863,road_ecological_disruption_cost,-1309098.2176516964,standalone_annual_proxy,863,-1.3090982176516963
863,road_land_consumption_cost,-64696.06819249715,standalone_annual_proxy,863,-0.06469606819249715
863,road_maint_cost,-3689383.757123839,standalone_annual_proxy,863,-3.689383757123839
863,road_noise_cost,-16215286.022466077,standalone_annual_proxy,863,-16.215286022466078
863,road_tts_cost,-212241.50308170996,standalone_annual_proxy,863,-0.21224150308170997
866,road_accident_cost,,standalone_annual_proxy,866,
866,road_airpollution_cost,,standalone_annual_proxy,866,
866,road_climate_cost,-233243.7241489972,standalone_annual_proxy,866,-0.2332437241489972
866,road_co2_cost,,standalone_annual_proxy,866,
866,road_construction_cost,-3944333.265999877,standalone_annual_proxy,866,-3.944333265999877
866,road_ecological_disruption_cost,-738927.8463277692,standalone_annual_proxy,866,-0.7389278463277692
866,road_land_consumption_cost,-38246.63341076958,standalone_annual_proxy,866,-0.03824663341076958
866,road_maint_cost,-2219095.5728046177,standalone_annual_proxy,866,-2.2190955728046178
866,road_noise_cost,-15474139.409647098,standalone_annual_proxy,866,-15.474139409647098
866,road_tts_cost,-367813.4943025068,standalone_annual_proxy,866,-0.3678134943025068
873,road_accident_cost,,standalone_annual_proxy,873,
873,road_airpollution_cost,,standalone_annual_proxy,873,
873,road_climate_cost,-663410.2958862867,standalone_annual_proxy,873,-0.6634102958862866
873,road_co2_cost,,standalone_annual_proxy,873,
873,road_construction_cost,-23447622.311889812,standalone_annual_proxy,873,-23.447622311889813
873,road_ecological_disruption_cost,-1539902.1133283344,standalone_annual_proxy,873,-1.5399021133283344
873,road_land_consumption_cost,-183326.38394586107,standalone_annual_proxy,873,-0.18332638394586107
873,road_maint_cost,-12157001.31461359,standalone_annual_proxy,873,-12.15700131461359
873,road_noise_cost,-12033367.79274987,standalone_annual_proxy,873,-12.033367792749871
873,road_tts_cost,-4037286.587276928,standalone_annual_proxy,873,-4.037286587276928
878,road_accident_cost,,standalone_annual_proxy,878,
878,road_airpollution_cost,,standalone_annual_proxy,878,
878,road_climate_cost,-693460.177023026,standalone_annual_proxy,878,-0.6934601770230261
878,road_co2_cost,,standalone_annual_proxy,878,
878,road_construction_cost,-6450140.767428884,standalone_annual_proxy,878,-6.450140767428884
878,road_ecological_disruption_cost,-2265709.292936434,standalone_annual_proxy,878,-2.265709292936434
878,road_land_consumption_cost,-131714.08140033478,standalone_annual_proxy,878,-0.13171408140033478
878,road_maint_cost,-4009665.3346099714,standalone_annual_proxy,878,-4.009665334609972
878,road_noise_cost,-23976747.8481929,standalone_annual_proxy,878,-23.9767478481929
878,road_tts_cost,-962953.3620460406,standalone_annual_proxy,878,-0.9629533620460405
887,road_accident_cost,,standalone_annual_proxy,887,
887,road_airpollution_cost,,standalone_annual_proxy,887,
887,road_climate_cost,-101287.59895309532,standalone_annual_proxy,887,-0.10128759895309532
887,road_co2_cost,,standalone_annual_proxy,887,
887,road_construction_cost,-3136984.5823677545,standalone_annual_proxy,887,-3.1369845823677545
887,road_ecological_disruption_cost,-326585.8841703607,standalone_annual_proxy,887,-0.32658588417036066
887,road_land_consumption_cost,-38011.77667910984,standalone_annual_proxy,887,-0.03801177667910984
887,road_maint_cost,-1642674.2290486468,standalone_annual_proxy,887,-1.6426742290486467
887,road_noise_cost,-3727792.2727862657,standalone_annual_proxy,887,-3.7277922727862656
887,road_tts_cost,-2094679.5057275333,standalone_annual_proxy,887,-2.0946795057275334
895,road_accident_cost,,standalone_annual_proxy,895,
895,road_airpollution_cost,,standalone_annual_proxy,895,
895,road_climate_cost,-493515.20755385904,standalone_annual_proxy,895,-0.493515207553859
895,road_co2_cost,,standalone_annual_proxy,895,
895,road_construction_cost,-39765889.50237818,standalone_annual_proxy,895,-39.76588950237818
895,road_ecological_disruption_cost,-487474.9999999828,standalone_annual_proxy,895,-0.48747499999998284
895,road_land_consumption_cost,-114789.52801549356,standalone_annual_proxy,895,-0.11478952801549357
895,road_maint_cost,-19671924.911729056,standalone_annual_proxy,895,-19.671924911729057
895,road_noise_cost,-12447858.630129702,standalone_annual_proxy,895,-12.447858630129703
895,road_tts_cost,-3645986.947608281,standalone_annual_proxy,895,-3.645986947608281
90,road_accident_cost,,standalone_annual_proxy,90,
90,road_airpollution_cost,,standalone_annual_proxy,90,
90,road_climate_cost,-137817.3364567889,standalone_annual_proxy,90,-0.1378173364567889
90,road_co2_cost,,standalone_annual_proxy,90,
90,road_construction_cost,-3446183.3175499537,standalone_annual_proxy,90,-3.446183317549954
90,road_ecological_disruption_cost,-416216.0537149263,standalone_annual_proxy,90,-0.4162160537149263
90,road_land_consumption_cost,-3394.6531488074916,standalone_annual_proxy,90,-0.0033946531488074916
90,road_maint_cost,-1863016.815520006,standalone_annual_proxy,90,-1.863016815520006
90,road_noise_cost,-25468544.28257597,standalone_annual_proxy,90,-25.46854428257597
90,road_tts_cost,35104.74132210907,standalone_annual_proxy,90,0.03510474132210907
935,road_accident_cost,,standalone_annual_proxy,935,
935,road_airpollution_cost,,standalone_annual_proxy,935,
935,road_climate_cost,-150902.45549482648,standalone_annual_proxy,935,-0.15090245549482648
935,road_co2_cost,,standalone_annual_proxy,935,
935,road_construction_cost,-3464121.6525434693,standalone_annual_proxy,935,-3.4641216525434695
935,road_ecological_disruption_cost,-474878.48259731225,standalone_annual_proxy,935,-0.47487848259731225
935,road_land_consumption_cost,-22071.742467164273,standalone_annual_proxy,935,-0.022071742467164274
935,road_maint_cost,-1876125.402327138,standalone_annual_proxy,935,-1.876125402327138
935,road_noise_cost,-22896459.52884075,standalone_annual_proxy,935,-22.89645952884075
935,road_tts_cost,-711777.6358730593,standalone_annual_proxy,935,-0.7117776358730593
938,road_accident_cost,,standalone_annual_proxy,938,
938,road_airpollution_cost,,standalone_annual_proxy,938,
938,road_climate_cost,-431573.8798831158,standalone_annual_proxy,938,-0.4315738798831158
938,road_co2_cost,,standalone_annual_proxy,938,
938,road_construction_cost,-5035862.540363911,standalone_annual_proxy,938,-5.035862540363911
938,road_ecological_disruption_cost,-1393560.043815637,standalone_annual_proxy,938,-1.393560043815637
938,road_land_consumption_cost,-68806.97873277837,standalone_annual_proxy,938,-0.06880697873277837
938,road_maint_cost,-2999003.940605116,standalone_annual_proxy,938,-2.999003940605116
938,road_noise_cost,-22761366.795560993,standalone_annual_proxy,938,-22.761366795560992
938,road_tts_cost,1430443.9351776503,standalone_annual_proxy,938,1.4304439351776503
94,road_accident_cost,,standalone_annual_proxy,94,
94,road_airpollution_cost,,standalone_annual_proxy,94,
94,road_climate_cost,-83079.33864819109,standalone_annual_proxy,94,-0.08307933864819109
94,road_co2_cost,,standalone_annual_proxy,94,
94,road_construction_cost,-3036773.6533515556,standalone_annual_proxy,94,-3.0367736533515557
94,road_ecological_disruption_cost,-266485.52569633146,standalone_annual_proxy,94,-0.26648552569633144
94,road_land_consumption_cost,-5561.565969448291,standalone_annual_proxy,94,-0.005561565969448291
94,road_maint_cost,-1571072.537806484,standalone_annual_proxy,94,-1.5710725378064838
94,road_noise_cost,-1571456.20303629,standalone_annual_proxy,94,-1.57145620303629
94,road_tts_cost,48191.147952793835,standalone_annual_proxy,94,0.048191147952793834
940,road_accident_cost,,standalone_annual_proxy,940,
940,road_airpollution_cost,,standalone_annual_proxy,940,
940,road_climate_cost,-156537.38379786853,standalone_annual_proxy,940,-0.15653738379786852
940,road_co2_cost,,standalone_annual_proxy,940,
940,road_construction_cost,-3495134.027736471,standalone_annual_proxy,940,-3.495134027736471
940,road_ecological_disruption_cost,-493477.7999026049,standalone_annual_proxy,940,-0.4934777999026049
940,road_land_consumption_cost,-11849.564375542855,standalone_annual_proxy,940,-0.011849564375542855
940,road_maint_cost,-1898284.0484454313,standalone_annual_proxy,940,-1.8982840484454313
940,road_noise_cost,-10006059.446792033,standalone_annual_proxy,940,-10.006059446792033
940,road_tts_cost,-611266.6876331375,standalone_annual_proxy,940,-0.6112666876331374
945,road_accident_cost,,standalone_annual_proxy,945,
945,road_airpollution_cost,,standalone_annual_proxy,945,
945,road_climate_cost,-300559.7826164626,standalone_annual_proxy,945,-0.3005597826164626
945,road_co2_cost,,standalone_annual_proxy,945,
945,road_construction_cost,-4287775.2874215385,standalone_annual_proxy,945,-4.287775287421539
945,road_ecological_disruption_cost,-968855.3292405256,standalone_annual_proxy,945,-0.9688553292405256
945,road_land_consumption_cost,-100761.26517864378,standalone_annual_proxy,945,-0.10076126517864378
945,road_maint_cost,-2464633.999483154,standalone_annual_proxy,945,-2.464633999483154
945,road_noise_cost,-9706959.8759299,standalone_annual_proxy,945,-9.706959875929899
945,road_tts_cost,-5433106.261783168,standalone_annual_proxy,945,-5.433106261783168
952,road_accident_cost,,standalone_annual_proxy,952,
952,road_airpollution_cost,,standalone_annual_proxy,952,
952,road_climate_cost,-1079691.996312229,standalone_annual_proxy,952,-1.079691996312229
952,road_co2_cost,,standalone_annual_proxy,952,
952,road_construction_cost,-43102442.012077734,standalone_annual_proxy,952,-43.10244201207773
952,road_ecological_disruption_cost,-2418823.294302534,standalone_annual_proxy,952,-2.418823294302534
952,road_land_consumption_cost,-203681.70075675863,standalone_annual_proxy,952,-0.20368170075675862
952,road_maint_cost,-22029668.07686504,standalone_annual_proxy,952,-22.02966807686504
952,road_noise_cost,-24130539.717572644,standalone_annual_proxy,952,-24.130539717572645
952,road_tts_cost,-3818057.1058790577,standalone_annual_proxy,952,-3.8180571058790576
958,road_accident_cost,,standalone_annual_proxy,958,
958,road_airpollution_cost,,standalone_annual_proxy,958,
958,road_climate_cost,-240438.61285326647,standalone_annual_proxy,958,-0.24043861285326648
958,road_co2_cost,,standalone_annual_proxy,958,
958,road_construction_cost,-3929854.146278769,standalone_annual_proxy,958,-3.929854146278769
958,road_ecological_disruption_cost,-778148.27753294,standalone_annual_proxy,958,-0.77814827753294
958,road_land_consumption_cost,-45074.70029425527,standalone_annual_proxy,958,-0.045074700294255275
958,road_maint_cost,-2209041.5703999675,standalone_annual_proxy,958,-2.2090415703999673
958,road_noise_cost,-14064471.994590169,standalone_annual_proxy,958,-14.06447199459017
958,road_tts_cost,173793.84037920844,standalone_annual_proxy,958,0.17379384037920845
964,road_accident_cost,,standalone_annual_proxy,964,
964,road_airpollution_cost,,standalone_annual_proxy,964,
964,road_climate_cost,-204930.867418552,standalone_annual_proxy,964,-0.204930867418552
964,road_co2_cost,,standalone_annual_proxy,964,
964,road_construction_cost,-3761472.264929441,standalone_annual_proxy,964,-3.761472264929441
964,road_ecological_disruption_cost,-653211.1113067025,standalone_annual_proxy,964,-0.6532111113067025
964,road_land_consumption_cost,-12254.086256916084,standalone_annual_proxy,964,-0.012254086256916083
964,road_maint_cost,-2088585.3300789965,standalone_annual_proxy,964,-2.0885853300789963
964,road_noise_cost,-15817250.48594952,standalone_annual_proxy,964,-15.81725048594952
964,road_tts_cost,28280.36110202447,standalone_annual_proxy,964,0.028280361102024473
970,road_accident_cost,,standalone_annual_proxy,970,
970,road_airpollution_cost,,standalone_annual_proxy,970,
970,road_climate_cost,-147261.5938893603,standalone_annual_proxy,970,-0.14726159388936028
970,road_co2_cost,,standalone_annual_proxy,970,
970,road_construction_cost,-3390006.9285997166,standalone_annual_proxy,970,-3.3900069285997168
970,road_ecological_disruption_cost,-478333.142276536,standalone_annual_proxy,970,-0.47833314227653595
970,road_land_consumption_cost,-82213.99716278436,standalone_annual_proxy,970,-0.08221399716278437
970,road_maint_cost,-1823461.1760426213,standalone_annual_proxy,970,-1.8234611760426214
970,road_noise_cost,-4788575.69614775,standalone_annual_proxy,970,-4.78857569614775
970,road_tts_cost,-1255619.9877820197,standalone_annual_proxy,970,-1.2556199877820196
971,road_accident_cost,,standalone_annual_proxy,971,
971,road_airpollution_cost,,standalone_annual_proxy,971,
971,road_climate_cost,-194278.1469443573,standalone_annual_proxy,971,-0.1942781469443573
971,road_co2_cost,,standalone_annual_proxy,971,
971,road_construction_cost,-9362002.25656342,standalone_annual_proxy,971,-9.36200225656342
971,road_ecological_disruption_cost,-447856.1245904661,standalone_annual_proxy,971,-0.4478561245904661
971,road_land_consumption_cost,-81664.03135773717,standalone_annual_proxy,971,-0.08166403135773717
971,road_maint_cost,-4738899.308415321,standalone_annual_proxy,971,-4.738899308415321
971,road_noise_cost,-8830614.343917262,standalone_annual_proxy,971,-8.830614343917262
971,road_tts_cost,-61375.75059675987,standalone_annual_proxy,971,-0.06137575059675987
987,road_accident_cost,,standalone_annual_proxy,987,
987,road_airpollution_cost,,standalone_annual_proxy,987,
987,road_climate_cost,-260796.27577346785,standalone_annual_proxy,987,-0.26079627577346787
987,road_co2_cost,,standalone_annual_proxy,987,
987,road_construction_cost,-4068932.96558779,standalone_annual_proxy,987,-4.06893296558779
987,road_ecological_disruption_cost,-837607.1498191872,standalone_annual_proxy,987,-0.8376071498191873
987,road_land_consumption_cost,-98926.50624220744,standalone_annual_proxy,987,-0.09892650624220745
987,road_maint_cost,-2308269.015019982,standalone_annual_proxy,987,-2.3082690150199823
987,road_noise_cost,-5106188.825161337,standalone_annual_proxy,987,-5.106188825161337
987,road_tts_cost,-28511.292237528185,standalone_annual_proxy,987,-0.028511292237528185
0,road_accident_cost,41444.38055055855,integrated,0,0.041444380550558546
0,road_airpollution_cost,9142.214972768634,integrated,0,0.009142214972768634
0,road_climate_cost,,integrated,0,
0,road_co2_cost,10335.318215723935,integrated,0,0.010335318215723935
0,road_construction_cost,-4187558.6529210783,integrated,0,-4.187558652921078
0,road_ecological_disruption_cost,,integrated,0,
0,road_land_consumption_cost,-102967.78920474809,integrated,0,-0.10296778920474808
0,road_maint_cost,-2513203.435361913,integrated,0,-2.513203435361913
0,road_noise_cost,5472.545694730325,integrated,0,0.005472545694730325
0,road_tts_cost,2066155.9007429322,integrated,0,2.0661559007429324
103,road_accident_cost,-552954.6098348767,integrated,103,-0.5529546098348768
103,road_airpollution_cost,-121976.24493691987,integrated,103,-0.12197624493691987
103,road_climate_cost,,integrated,103,
103,road_co2_cost,-137894.7344748745,integrated,103,-0.13789473447487452
103,road_construction_cost,-7528675.319712497,integrated,103,-7.528675319712497
103,road_ecological_disruption_cost,,integrated,103,
103,road_land_consumption_cost,-191437.06023482743,integrated,103,-0.19143706023482743
103,road_maint_cost,-4760356.725318894,integrated,103,-4.760356725318894
103,road_noise_cost,-22353.052049810118,integrated,103,-0.022353052049810116
103,road_tts_cost,-4335724.3882066,integrated,103,-4.3357243882066
104,road_accident_cost,-28110.10070336682,integrated,104,-0.028110100703366822
104,road_airpollution_cost,-6200.8064814203335,integrated,104,-0.006200806481420334
104,road_climate_cost,,integrated,104,
104,road_co2_cost,-7010.041698920408,integrated,104,-0.0070100416989204075
104,road_construction_cost,-3437036.123601174,integrated,104,-3.437036123601174
104,road_ecological_disruption_cost,,integrated,104,
104,road_land_consumption_cost,-41252.849718938385,integrated,104,-0.04125284971893838
104,road_maint_cost,-1955423.5027994865,integrated,104,-1.9554235027994864
104,road_noise_cost,-4578.0304248590855,integrated,104,-0.004578030424859086
104,road_tts_cost,43001.56956703965,integrated,104,0.043001569567039655
109,road_accident_cost,-852813.0499241189,integrated,109,-0.8528130499241189
109,road_airpollution_cost,-188122.01148663776,integrated,109,-0.18812201148663776
109,road_climate_cost,,integrated,109,
109,road_co2_cost,-212672.84327571024,integrated,109,-0.21267284327571023
109,road_construction_cost,-53760471.83852252,integrated,109,-53.76047183852253
109,road_ecological_disruption_cost,,integrated,109,
109,road_land_consumption_cost,-317243.43424887815,integrated,109,-0.31724343424887813
109,road_maint_cost,-25974546.43261869,integrated,109,-25.974546432618688
109,road_noise_cost,-28748.97375825562,integrated,109,-0.02874897375825562
109,road_tts_cost,-8875292.038629498,integrated,109,-8.875292038629498
114,road_accident_cost,-106293.43875358623,integrated,114,-0.10629343875358624
114,road_airpollution_cost,-23447.267262075296,integrated,114,-0.023447267262075296
114,road_climate_cost,,integrated,114,
114,road_co2_cost,-26507.248972432062,integrated,114,-0.026507248972432063
114,road_construction_cost,-4209804.160727747,integrated,114,-4.209804160727747
114,road_ecological_disruption_cost,,integrated,114,
114,road_land_consumption_cost,-104621.4827606165,integrated,114,-0.1046214827606165
114,road_maint_cost,-2529513.7102492102,integrated,114,-2.5295137102492102
114,road_noise_cost,-5624.079582823812,integrated,114,-0.005624079582823812
114,road_tts_cost,-202986.01013997564,integrated,114,-0.20298601013997564
12,road_accident_cost,-184690.71192824907,integrated,12,-0.18469071192824907
12,road_airpollution_cost,-40740.91998701573,integrated,12,-0.040740919987015733
12,road_climate_cost,,integrated,12,
12,road_co2_cost,-46057.80696706129,integrated,12,-0.04605780696706129
12,road_construction_cost,-9055002.728806876,integrated,12,-9.055002728806876
12,road_ecological_disruption_cost,,integrated,12,
12,road_land_consumption_cost,-298979.3075733272,integrated,12,-0.2989793075733272
12,road_maint_cost,-5871949.71493947,integrated,12,-5.87194971493947
12,road_noise_cost,-6921.853290699189,integrated,12,-0.006921853290699188
12,road_tts_cost,-272275.9515413313,integrated,12,-0.27227595154133133
126,road_accident_cost,-547416.8507500748,integrated,126,-0.5474168507500748
126,road_airpollution_cost,-120754.67078505384,integrated,126,-0.12075467078505384
126,road_climate_cost,,integrated,126,
126,road_co2_cost,-136513.73899169618,integrated,126,-0.1365137389916962
126,road_construction_cost,-14504283.637852382,integrated,126,-14.504283637852382
126,road_ecological_disruption_cost,,integrated,126,
126,road_land_consumption_cost,-305789.92036976776,integrated,126,-0.30578992036976776
126,road_maint_cost,-8870754.008978862,integrated,126,-8.870754008978862
126,road_noise_cost,-16766.601274685192,integrated,126,-0.016766601274685194
126,road_tts_cost,-5024832.916292837,integrated,126,-5.024832916292837
140,road_accident_cost,-24461.929511594863,integrated,140,-0.024461929511594864
140,road_airpollution_cost,-5396.056480344703,integrated,140,-0.005396056480344703
140,road_climate_cost,,integrated,140,
140,road_co2_cost,-6100.267932935338,integrated,140,-0.006100267932935338
140,road_construction_cost,-3863766.176809583,integrated,140,-3.863766176809583
140,road_ecological_disruption_cost,,integrated,140,
140,road_land_consumption_cost,-78897.6022781194,integrated,140,-0.0788976022781194
140,road_maint_cost,-2275800.704989801,integrated,140,-2.275800704989801
140,road_noise_cost,-1602.8224099704996,integrated,140,-0.0016028224099704997
140,road_tts_cost,-93783.70949212545,integrated,140,-0.09378370949212544
143,road_accident_cost,-5701.130263615798,integrated,143,-0.005701130263615798
143,road_airpollution_cost,-1257.6121965232337,integrated,143,-0.0012576121965232336
143,road_climate_cost,,integrated,143,
143,road_co2_cost,-1421.7366668536017,integrated,143,-0.0014217366668536017
143,road_construction_cost,-13101257.300429951,integrated,143,-13.101257300429952
143,road_ecological_disruption_cost,,integrated,143,
143,road_land_consumption_cost,-27148.933378833583,integrated,143,-0.027148933378833583
143,road_maint_cost,-6267922.781668804,integrated,143,-6.267922781668804
143,road_noise_cost,-6.470514674002823,integrated,143,-6.470514674002823e-06
143,road_tts_cost,-24606.31271438626,integrated,143,-0.024606312714386257
144,road_accident_cost,-327968.00327505154,integrated,144,-0.32796800327505155
144,road_airpollution_cost,-72346.45446015235,integrated,144,-0.07234645446015235
144,road_climate_cost,,integrated,144,
144,road_co2_cost,-81788.01645468351,integrated,144,-0.08178801645468352
144,road_construction_cost,-4428917.102532871,integrated,144,-4.428917102532871
144,road_ecological_disruption_cost,,integrated,144,
144,road_land_consumption_cost,-123871.14936821614,integrated,144,-0.12387114936821614
144,road_maint_cost,-2693916.6488083913,integrated,144,-2.693916648808391
144,road_noise_cost,-23286.419035574683,integrated,144,-0.023286419035574685
144,road_tts_cost,-3743612.885896682,integrated,144,-3.743612885896682
15,road_accident_cost,36133.39276292089,integrated,15,0.03613339276292089
15,road_airpollution_cost,7970.664296239632,integrated,15,0.007970664296239632
15,road_climate_cost,,integrated,15,
15,road_co2_cost,9010.874513203235,integrated,15,0.009010874513203234
15,road_construction_cost,-5595263.683091946,integrated,15,-5.595263683091946
15,road_ecological_disruption_cost,,integrated,15,
15,road_land_consumption_cost,-62885.75043230296,integrated,15,-0.06288575043230296
15,road_maint_cost,-2992924.703195333,integrated,15,-2.992924703195333
15,road_noise_cost,4556.922617411257,integrated,15,0.004556922617411257
15,road_tts_cost,1480404.2689201632,integrated,15,1.480404268920163
150,road_accident_cost,-354095.28304075333,integrated,150,-0.35409528304075333
150,road_airpollution_cost,-78109.87051556482,integrated,150,-0.07810987051556482
150,road_climate_cost,,integrated,150,
150,road_co2_cost,-88303.58616287,integrated,150,-0.08830358616287
150,road_construction_cost,-15972525.388477586,integrated,150,-15.972525388477587
150,road_ecological_disruption_cost,,integrated,150,
150,road_land_consumption_cost,-71250.76586897523,integrated,150,-0.07125076586897523
150,road_maint_cost,-7728028.108280548,integrated,150,-7.728028108280548
150,road_noise_cost,-11541.04237286902,integrated,150,-0.01154104237286902
150,road_tts_cost,-3819590.5200156523,integrated,150,-3.819590520015652
17,road_accident_cost,-656163.7523755899,integrated,17,-0.6561637523755899
17,road_airpollution_cost,-144743.14736682246,integrated,17,-0.14474314736682248
17,road_climate_cost,,integrated,17,
17,road_co2_cost,-163632.8277159835,integrated,17,-0.1636328277159835
17,road_construction_cost,-73985111.15835428,integrated,17,-73.98511115835429
17,road_ecological_disruption_cost,,integrated,17,
17,road_land_consumption_cost,-388971.1759297055,integrated,17,-0.3889711759297055
17,road_maint_cost,-35544884.488848604,integrated,17,-35.5448844888486
17,road_noise_cost,-10504.555610157804,integrated,17,-0.010504555610157803
17,road_tts_cost,-1510787.1037097778,integrated,17,-1.5107871037097778
176,road_accident_cost,-101002.42240758895,integrated,176,-0.10100242240758896
176,road_airpollution_cost,-22280.122085408206,integrated,176,-0.022280122085408204
176,road_climate_cost,,integrated,176,
176,road_co2_cost,-25187.78570879929,integrated,176,-0.025187785708799287
176,road_construction_cost,-22827320.589230604,integrated,176,-22.827320589230606
176,road_ecological_disruption_cost,,integrated,176,
176,road_land_consumption_cost,-374836.9540934361,integrated,176,-0.37483695409343615
176,road_maint_cost,-12185447.330024011,integrated,176,-12.185447330024012
176,road_noise_cost,-1893.9859186890376,integrated,176,-0.0018939859186890375
176,road_tts_cost,1070047.264337298,integrated,176,1.070047264337298
177,road_accident_cost,-3333.039227268977,integrated,177,-0.003333039227268977
177,road_airpollution_cost,-735.2350481192789,integrated,177,-0.0007352350481192788
177,road_climate_cost,,integrated,177,
177,road_co2_cost,-831.186775666532,integrated,177,-0.0008311867756665319
177,road_construction_cost,-3660232.943967037,integrated,177,-3.6602329439670367
177,road_ecological_disruption_cost,,integrated,177,
177,road_land_consumption_cost,-66728.46462637949,integrated,177,-0.06672846462637949
177,road_maint_cost,-2130321.965482644,integrated,177,-2.130321965482644
177,road_noise_cost,450.49744330901785,integrated,177,0.00045049744330901787
177,road_tts_cost,97665.98857927913,integrated,177,0.09766598857927913
195,road_accident_cost,-369226.72602334653,integrated,195,-0.36922672602334655
195,road_airpollution_cost,-81447.71518249866,integrated,195,-0.08144771518249866
195,road_climate_cost,,integrated,195,
195,road_co2_cost,-92077.03569235213,integrated,195,-0.09207703569235214
195,road_construction_cost,-10946428.587414922,integrated,195,-10.946428587414923
195,road_ecological_disruption_cost,,integrated,195,
195,road_land_consumption_cost,-113111.99524308808,integrated,195,-0.11311199524308808
195,road_maint_cost,-5614932.379615079,integrated,195,-5.6149323796150785
195,road_noise_cost,-11061.351978214752,integrated,195,-0.011061351978214753
195,road_tts_cost,-3685613.9972035736,integrated,195,-3.6856139972035735
197,road_accident_cost,-77815.09205464103,integrated,197,-0.07781509205464103
197,road_airpollution_cost,-17165.229404779246,integrated,197,-0.017165229404779245
197,road_climate_cost,,integrated,197,
197,road_co2_cost,-19405.374810451292,integrated,197,-0.019405374810451292
197,road_construction_cost,-4062323.9581836406,integrated,197,-4.062323958183641
197,road_ecological_disruption_cost,,integrated,197,
197,road_land_consumption_cost,-93658.05307921988,integrated,197,-0.09365805307921989
197,road_maint_cost,-2421382.0971238124,integrated,197,-2.4213820971238125
197,road_noise_cost,-1899.4548263355805,integrated,197,-0.0018994548263355805
197,road_tts_cost,-366630.53355824965,integrated,197,-0.36663053355824965
2,road_accident_cost,-501938.60098496266,integrated,2,-0.5019386009849627
2,road_airpollution_cost,-110722.6246930459,integrated,2,-0.1107226246930459
2,road_climate_cost,,integrated,2,
2,road_co2_cost,-125172.46239466252,integrated,2,-0.1251724623946625
2,road_construction_cost,-5461135.156059318,integrated,2,-5.461135156059318
2,road_ecological_disruption_cost,,integrated,2,
2,road_land_consumption_cost,-162109.1619476834,integrated,2,-0.1621091619476834
2,road_maint_cost,-3401974.7116392325,integrated,2,-3.4019747116392325
2,road_noise_cost,-22251.816307209723,integrated,2,-0.022251816307209724
2,road_tts_cost,-4009481.507767674,integrated,2,-4.009481507767674
201,road_accident_cost,-559430.7972232192,integrated,201,-0.5594307972232192
201,road_airpollution_cost,-123404.82696714063,integrated,201,-0.12340482696714063
201,road_climate_cost,,integrated,201,
201,road_co2_cost,-139509.75336510793,integrated,201,-0.13950975336510793
201,road_construction_cost,-10294440.107553642,integrated,201,-10.294440107553642
201,road_ecological_disruption_cost,,integrated,201,
201,road_land_consumption_cost,-286300.00000000326,integrated,201,-0.2863000000000033
201,road_maint_cost,-6008581.503567211,integrated,201,-6.008581503567211
201,road_noise_cost,-24765.355583532437,integrated,201,-0.024765355583532437
201,road_tts_cost,-4791513.307101714,integrated,201,-4.791513307101715
202,road_accident_cost,-221744.92056382418,integrated,202,-0.2217449205638242
202,road_airpollution_cost,-48914.707035877334,integrated,202,-0.04891470703587734
202,road_climate_cost,,integrated,202,
202,road_co2_cost,-55298.3127339,integrated,202,-0.0552983127339
202,road_construction_cost,-5418365.365481637,integrated,202,-5.4183653654816375
202,road_ecological_disruption_cost,,integrated,202,
202,road_land_consumption_cost,-98965.30695219243,integrated,202,-0.09896530695219244
202,road_maint_cost,-3048607.357643719,integrated,202,-3.0486073576437187
202,road_noise_cost,-4509.887836119051,integrated,202,-0.004509887836119051
202,road_tts_cost,-1826860.5798692582,integrated,202,-1.8268605798692583
206,road_accident_cost,-70777.964940912,integrated,206,-0.070777964940912
206,road_airpollution_cost,-15612.909693161728,integrated,206,-0.015612909693161727
206,road_climate_cost,,integrated,206,
206,road_co2_cost,-17650.469873311187,integrated,206,-0.017650469873311186
206,road_construction_cost,-3926819.224782469,integrated,206,-3.926819224782469
206,road_ecological_disruption_cost,,integrated,206,
206,road_land_consumption_cost,-71740.14028752226,integrated,206,-0.07174014028752225
206,road_maint_cost,-2307028.330232211,integrated,206,-2.3070283302322108
206,road_noise_cost,-9754.058466428165,integrated,206,-0.009754058466428165
206,road_tts_cost,42053.47845530638,integrated,206,0.04205347845530638
209,road_accident_cost,-213552.41521889376,integrated,209,-0.21355241521889376
209,road_airpollution_cost,-47107.52246624573,integrated,209,-0.047107522466245735
209,road_climate_cost,,integrated,209,
209,road_co2_cost,-53255.28184288252,integrated,209,-0.05325528184288252
209,road_construction_cost,-7294285.666136903,integrated,209,-7.294285666136902
209,road_ecological_disruption_cost,,integrated,209,
209,road_land_consumption_cost,-180304.64149864088,integrated,209,-0.18030464149864087
209,road_maint_cost,-4227385.709832285,integrated,209,-4.2273857098322845
209,road_noise_cost,-8574.706618821754,integrated,209,-0.008574706618821754
209,road_tts_cost,-32588.34566217369,integrated,209,-0.03258834566217369
227,road_accident_cost,-41713.803208122874,integrated,227,-0.041713803208122874
227,road_airpollution_cost,-9201.646910736265,integrated,227,-0.009201646910736265
227,road_climate_cost,,integrated,227,
227,road_co2_cost,-10402.50630886135,integrated,227,-0.01040250630886135
227,road_construction_cost,-4544342.17095537,integrated,227,-4.54434217095537
227,road_ecological_disruption_cost,,integrated,227,
227,road_land_consumption_cost,-55460.97894508853,integrated,227,-0.05546097894508853
227,road_maint_cost,-2681029.3965876745,integrated,227,-2.6810293965876744
227,road_noise_cost,13.253759970564847,integrated,227,1.3253759970564847e-05
227,road_tts_cost,48815.0610865668,integrated,227,0.048815061086566795
233,road_accident_cost,-63614.95892574734,integrated,233,-0.06361495892574734
233,road_airpollution_cost,-14032.822357509958,integrated,233,-0.014032822357509958
233,road_climate_cost,,integrated,233,
233,road_co2_cost,-15864.17350298521,integrated,233,-0.01586417350298521
233,road_construction_cost,-3780720.16649781,integrated,233,-3.78072016649781
233,road_ecological_disruption_cost,,integrated,233,
233,road_land_consumption_cost,-63840.562367951316,integrated,233,-0.06384056236795131
233,road_maint_cost,-2203659.988163737,integrated,233,-2.203659988163737
233,road_noise_cost,-7528.744468124366,integrated,233,-0.007528744468124366
233,road_tts_cost,-244999.81410782627,integrated,233,-0.24499981410782626
240,road_accident_cost,-47182.50614305091,integrated,240,-0.04718250614305091
240,road_airpollution_cost,-10407.987968056012,integrated,240,-0.01040798796805601
240,road_climate_cost,,integrated,240,
240,road_co2_cost,-11766.280705025729,integrated,240,-0.01176628070502573
240,road_construction_cost,-5176223.8826067895,integrated,240,-5.17622388260679
240,road_ecological_disruption_cost,,integrated,240,
240,road_land_consumption_cost,-60977.48280514916,integrated,240,-0.060977482805149155
240,road_maint_cost,-3091812.594678128,integrated,240,-3.091812594678128
240,road_noise_cost,-3117.248625100402,integrated,240,-0.003117248625100402
240,road_tts_cost,-5123.40347871599,integrated,240,-0.00512340347871599
243,road_accident_cost,-638989.619881002,integrated,243,-0.638989619881002
243,road_airpollution_cost,-140954.70586641697,integrated,243,-0.14095470586641698
243,road_climate_cost,,integrated,243,
243,road_co2_cost,-159349.9762882963,integrated,243,-0.1593499762882963
243,road_construction_cost,-14149904.410689864,integrated,243,-14.149904410689864
243,road_ecological_disruption_cost,,integrated,243,
243,road_land_consumption_cost,-299061.929416669,integrated,243,-0.299061929416669
243,road_maint_cost,-7774567.845681218,integrated,243,-7.774567845681219
243,road_noise_cost,-8106.145512581181,integrated,243,-0.008106145512581181
243,road_tts_cost,-2560988.1125553343,integrated,243,-2.5609881125553344
245,road_accident_cost,-370621.5279004014,integrated,245,-0.37062152790040137
245,road_airpollution_cost,-81755.39449716234,integrated,245,-0.08175539449716235
245,road_climate_cost,,integrated,245,
245,road_co2_cost,-92424.8686447512,integrated,245,-0.0924248686447512
245,road_construction_cost,-6558588.659655923,integrated,245,-6.558588659655923
245,road_ecological_disruption_cost,,integrated,245,
245,road_land_consumption_cost,-134128.35212052506,integrated,245,-0.13412835212052507
245,road_maint_cost,-4067848.039109092,integrated,245,-4.0678480391090925
245,road_noise_cost,-20741.073262291,integrated,245,-0.020741073262291
245,road_tts_cost,-4229817.275944463,integrated,245,-4.2298172759444626
249,road_accident_cost,-563637.6364466471,integrated,249,-0.5636376364466471
249,road_airpollution_cost,-124332.81353674411,integrated,249,-0.12433281353674411
249,road_climate_cost,,integrated,249,
249,road_co2_cost,-140558.84666747926,integrated,249,-0.14055884666747925
249,road_construction_cost,-6683186.524624114,integrated,249,-6.683186524624114
249,road_ecological_disruption_cost,,integrated,249,
249,road_land_consumption_cost,-264799.1202389334,integrated,249,-0.2647991202389334
249,road_maint_cost,-4312978.051622383,integrated,249,-4.312978051622383
249,road_noise_cost,-24556.142240013243,integrated,249,-0.024556142240013245
249,road_tts_cost,-4629899.909072807,integrated,249,-4.629899909072807
25,road_accident_cost,-402152.7753783614,integrated,25,-0.4021527753783614
25,road_airpollution_cost,-88710.87166858299,integrated,25,-0.08871087166858299
25,road_climate_cost,,integrated,25,
25,road_co2_cost,-100288.06920642706,integrated,25,-0.10028806920642705
25,road_construction_cost,-4211557.301833552,integrated,25,-4.211557301833552
25,road_ecological_disruption_cost,,integrated,25,
25,road_land_consumption_cost,-107712.98814100532,integrated,25,-0.10771298814100531
25,road_maint_cost,-2534549.7271959586,integrated,25,-2.5345497271959587
25,road_noise_cost,-26893.018211683415,integrated,25,-0.026893018211683415
25,road_tts_cost,-4664519.418152017,integrated,25,-4.664519418152016
250,road_accident_cost,-152341.65122166165,integrated,250,-0.15234165122166166
250,road_airpollution_cost,-33605.041413900486,integrated,250,-0.033605041413900485
250,road_climate_cost,,integrated,250,
250,road_co2_cost,-37990.66174879727,integrated,250,-0.03799066174879727
250,road_construction_cost,-49081445.00409553,integrated,250,-49.081445004095535
250,road_ecological_disruption_cost,,integrated,250,
250,road_land_consumption_cost,-59173.36161544009,integrated,250,-0.05917336161544009
250,road_maint_cost,-22719117.0647118,integrated,250,-22.719117064711803
250,road_noise_cost,-153.41178584109997,integrated,250,-0.00015341178584109998
250,road_tts_cost,268071.0897795975,integrated,250,0.2680710897795975
255,road_accident_cost,-98077.83794331894,integrated,255,-0.09807783794331894
255,road_airpollution_cost,-21634.988064264886,integrated,255,-0.021634988064264886
255,road_climate_cost,,integrated,255,
255,road_co2_cost,-24458.4585796335,integrated,255,-0.0244584585796335
255,road_construction_cost,-3908302.0330997943,integrated,255,-3.9083020330997944
255,road_ecological_disruption_cost,,integrated,255,
255,road_land_consumption_cost,-49635.34468994985,integrated,255,-0.04963534468994985
255,road_maint_cost,-2267197.264974168,integrated,255,-2.267197264974168
255,road_noise_cost,-4946.715039645898,integrated,255,-0.0049467150396458985
255,road_tts_cost,-418794.0836168786,integrated,255,-0.4187940836168786
261,road_accident_cost,-179024.27277424454,integrated,261,-0.17902427277424454
261,road_airpollution_cost,-39490.96030158078,integrated,261,-0.03949096030158078
261,road_climate_cost,,integrated,261,
261,road_co2_cost,-44644.72150098148,integrated,261,-0.044644721500981484
261,road_construction_cost,-3500107.8232921567,integrated,261,-3.5001078232921565
261,road_ecological_disruption_cost,,integrated,261,
261,road_land_consumption_cost,-54825.03304396637,integrated,261,-0.05482503304396637
261,road_maint_cost,-2012919.1730956757,integrated,261,-2.0129191730956757
261,road_noise_cost,-5869.354064376521,integrated,261,-0.005869354064376521
261,road_tts_cost,-1952532.0611666786,integrated,261,-1.9525320611666785
267,road_accident_cost,-36304.84765696223,integrated,267,-0.03630484765696223
267,road_airpollution_cost,-8008.485527456897,integrated,267,-0.008008485527456897
267,road_climate_cost,,integrated,267,
267,road_co2_cost,-9053.63159790374,integrated,267,-0.009053631597903742
267,road_construction_cost,-3906418.8686817535,integrated,267,-3.9064188686817536
267,road_ecological_disruption_cost,,integrated,267,
267,road_land_consumption_cost,-85029.511326883,integrated,267,-0.08502951132688301
267,road_maint_cost,-2310824.030905349,integrated,267,-2.310824030905349
267,road_noise_cost,-2251.357066073245,integrated,267,-0.002251357066073245
267,road_tts_cost,22215.702585333478,integrated,267,0.022215702585333476
27,road_accident_cost,-388875.4349326031,integrated,27,-0.38887543493260307
27,road_airpollution_cost,-85782.02343851523,integrated,27,-0.08578202343851522
27,road_climate_cost,,integrated,27,
27,road_co2_cost,-96976.99212571135,integrated,27,-0.09697699212571134
27,road_construction_cost,-4115711.00984428,integrated,27,-4.11571100984428
27,road_ecological_disruption_cost,,integrated,27,
27,road_land_consumption_cost,-100587.93634205122,integrated,27,-0.10058793634205122
27,road_maint_cost,-2464275.7922127983,integrated,27,-2.4642757922127982
27,road_noise_cost,-27037.262720218943,integrated,27,-0.027037262720218943
27,road_tts_cost,-4393117.946087332,integrated,27,-4.393117946087332
270,road_accident_cost,-110608.97861296535,integrated,270,-0.11060897861296536
270,road_airpollution_cost,-24399.232102516467,integrated,270,-0.024399232102516467
270,road_climate_cost,,integrated,270,
270,road_co2_cost,-27583.449825884618,integrated,270,-0.027583449825884617
270,road_construction_cost,-13521432.254326727,integrated,270,-13.521432254326728
270,road_ecological_disruption_cost,,integrated,270,
270,road_land_consumption_cost,-36730.27143257653,integrated,270,-0.036730271432576525
270,road_maint_cost,-6487051.471665977,integrated,270,-6.487051471665977
270,road_noise_cost,-3202.5720041843206,integrated,270,-0.0032025720041843207
270,road_tts_cost,-414097.1198519194,integrated,270,-0.41409711985191944
273,road_accident_cost,-62711.86307314482,integrated,273,-0.06271186307314482
273,road_airpollution_cost,-13833.60846371232,integrated,273,-0.013833608463712321
273,road_climate_cost,,integrated,273,
273,road_co2_cost,-15638.96123314416,integrated,273,-0.01563896123314416
273,road_construction_cost,-3903332.800861155,integrated,273,-3.903332800861155
273,road_ecological_disruption_cost,,integrated,273,
273,road_land_consumption_cost,-75916.5587701911,integrated,273,-0.0759165587701911
273,road_maint_cost,-2297309.471474201,integrated,273,-2.297309471474201
273,road_noise_cost,-2623.7371312183177,integrated,273,-0.0026237371312183176
273,road_tts_cost,46656.337164012504,integrated,273,0.046656337164012504
277,road_accident_cost,-327063.61179410416,integrated,277,-0.32706361179410415
277,road_airpollution_cost,-72146.95476372728,integrated,277,-0.07214695476372728
277,road_climate_cost,,integrated,277,
277,road_co2_cost,-81562.48108359071,integrated,277,-0.08156248108359071
277,road_construction_cost,-31307823.064330827,integrated,277,-31.307823064330826
277,road_ecological_disruption_cost,,integrated,277,
277,road_land_consumption_cost,-29733.84467517247,integrated,277,-0.02973384467517247
277,road_maint_cost,-14522574.81892692,integrated,277,-14.52257481892692
277,road_noise_cost,-11441.617177908269,integrated,277,-0.011441617177908269
277,road_tts_cost,-2748617.992556855,integrated,277,-2.7486179925568552
28,road_accident_cost,-754162.8668445041,integrated,28,-0.7541628668445042
28,road_airpollution_cost,-166360.76982164042,integrated,28,-0.16636076982164041
28,road_climate_cost,,integrated,28,
28,road_co2_cost,-188071.65439020036,integrated,28,-0.18807165439020035
28,road_construction_cost,-76949061.24585187,integrated,28,-76.94906124585188
28,road_ecological_disruption_cost,,integrated,28,
28,road_land_consumption_cost,-371299.54841624544,integrated,28,-0.37129954841624546
28,road_maint_cost,-36555373.46343454,integrated,28,-36.55537346343454
28,road_noise_cost,-5713.061700960191,integrated,28,-0.005713061700960191
28,road_tts_cost,-296676.8284461244,integrated,28,-0.29667682844612436
284,road_accident_cost,-99162.48854180775,integrated,284,-0.09916248854180774
284,road_airpollution_cost,-21874.251115370935,integrated,284,-0.021874251115370936
284,road_climate_cost,,integrated,284,
284,road_co2_cost,-24728.946615389803,integrated,284,-0.024728946615389803
284,road_construction_cost,-4571102.903967392,integrated,284,-4.571102903967391
284,road_ecological_disruption_cost,,integrated,284,
284,road_land_consumption_cost,-128518.64254380803,integrated,284,-0.12851864254380804
284,road_maint_cost,-2790665.189829315,integrated,284,-2.790665189829315
284,road_noise_cost,-11518.101462454475,integrated,284,-0.011518101462454475
284,road_tts_cost,-247938.65738481242,integrated,284,-0.2479386573848124
285,road_accident_cost,-579887.6755940774,integrated,285,-0.5798876755940775
285,road_airpollution_cost,-127917.40930650069,integrated,285,-0.1279174093065007
285,road_climate_cost,,integrated,285,
285,road_co2_cost,-144611.24951137698,integrated,285,-0.144611249511377
285,road_construction_cost,-33651049.43341609,integrated,285,-33.65104943341609
285,road_ecological_disruption_cost,,integrated,285,
285,road_land_consumption_cost,-173388.04418250316,integrated,285,-0.17338804418250317
285,road_maint_cost,-16140421.571541326,integrated,285,-16.140421571541324
285,road_noise_cost,-20765.66167213898,integrated,285,-0.02076566167213898
285,road_tts_cost,-4566160.068711061,integrated,285,-4.566160068711061
289,road_accident_cost,-553796.1768103953,integrated,289,-0.5537961768103953
289,road_airpollution_cost,-122161.88617710653,integrated,289,-0.12216188617710652
289,road_climate_cost,,integrated,289,
289,road_co2_cost,-138104.60279420475,integrated,289,-0.13810460279420475
289,road_construction_cost,-56884150.619973965,integrated,289,-56.884150619973965
289,road_ecological_disruption_cost,,integrated,289,
289,road_land_consumption_cost,-73619.99999999338,integrated,289,-0.07361999999999339
289,road_maint_cost,-26361978.502266895,integrated,289,-26.361978502266894
289,road_noise_cost,-16420.376598357157,integrated,289,-0.016420376598357156
289,road_tts_cost,-4455617.742444625,integrated,289,-4.455617742444625
308,road_accident_cost,-266388.2515166129,integrated,308,-0.2663882515166129
308,road_airpollution_cost,-58762.578405868175,integrated,308,-0.058762578405868175
308,road_climate_cost,,integrated,308,
308,road_co2_cost,-66431.37891748254,integrated,308,-0.06643137891748253
308,road_construction_cost,-39589812.08736814,integrated,308,-39.58981208736814
308,road_ecological_disruption_cost,,integrated,308,
308,road_land_consumption_cost,-261372.95566197965,integrated,308,-0.26137295566197966
308,road_maint_cost,-19185751.197701126,integrated,308,-19.185751197701126
308,road_noise_cost,-6987.757463717215,integrated,308,-0.006987757463717215
308,road_tts_cost,-636639.7924798124,integrated,308,-0.6366397924798124
331,road_accident_cost,-571277.9173526857,integrated,331,-0.5712779173526857
331,road_airpollution_cost,-126018.18292983068,integrated,331,-0.1260181829298307
331,road_climate_cost,,integrated,331,
331,road_co2_cost,-142464.1649126174,integrated,331,-0.14246416491261737
331,road_construction_cost,-56969345.31200702,integrated,331,-56.969345312007015
331,road_ecological_disruption_cost,,integrated,331,
331,road_land_consumption_cost,-214880.64642875947,integrated,331,-0.21488064642875948
331,road_maint_cost,-28264570.870426856,integrated,331,-28.264570870426855
331,road_noise_cost,-16391.30071178297,integrated,331,-0.01639130071178297
331,road_tts_cost,-5119794.80147198,integrated,331,-5.11979480147198
334,road_accident_cost,64048.70718206727,integrated,334,0.06404870718206727
334,road_airpollution_cost,14128.502875608257,integrated,334,0.014128502875608257
334,road_climate_cost,,integrated,334,
334,road_co2_cost,15972.340791168299,integrated,334,0.0159723407911683
334,road_construction_cost,-4224853.843456887,integrated,334,-4.224853843456887
334,road_ecological_disruption_cost,,integrated,334,
334,road_land_consumption_cost,-108701.43063415687,integrated,334,-0.10870143063415687
334,road_maint_cost,-2544298.6729521872,integrated,334,-2.5442986729521873
334,road_noise_cost,10339.91146534255,integrated,334,0.01033991146534255
334,road_tts_cost,3084748.8893856406,integrated,334,3.0847488893856405
348,road_accident_cost,-728477.5735686362,integrated,348,-0.7284775735686362
348,road_airpollution_cost,-160694.85155607163,integrated,348,-0.16069485155607163
348,road_climate_cost,,integrated,348,
348,road_co2_cost,-181666.30640468892,integrated,348,-0.18166630640468892
348,road_construction_cost,-15349248.60089872,integrated,348,-15.34924860089872
348,road_ecological_disruption_cost,,integrated,348,
348,road_land_consumption_cost,-289759.39645644295,integrated,348,-0.28975939645644294
348,road_maint_cost,-8283153.008222566,integrated,348,-8.283153008222566
348,road_noise_cost,-16445.230599735598,integrated,348,-0.0164452305997356
348,road_tts_cost,-5171109.046503852,integrated,348,-5.171109046503852
351,road_accident_cost,-538891.3482532213,integrated,351,-0.5388913482532213
351,road_airpollution_cost,-118874.03038117499,integrated,351,-0.11887403038117499
351,road_climate_cost,,integrated,351,
351,road_co2_cost,-134387.66592501255,integrated,351,-0.13438766592501256
351,road_construction_cost,-6193323.38601887,integrated,351,-6.193323386018871
351,road_ecological_disruption_cost,,integrated,351,
351,road_land_consumption_cost,-131474.31847461313,integrated,351,-0.13147431847461313
351,road_maint_cost,-3831068.2981674233,integrated,351,-3.8310682981674233
351,road_noise_cost,-30870.589389468485,integrated,351,-0.030870589389468486
351,road_tts_cost,-8058245.44740607,integrated,351,-8.05824544740607
356,road_accident_cost,-292992.13811530045,integrated,356,-0.29299213811530045
356,road_airpollution_cost,-64631.129151840956,integrated,356,-0.06463112915184095
356,road_climate_cost,,integrated,356,
356,road_co2_cost,-73065.8039015173,integrated,356,-0.0730658039015173
356,road_construction_cost,-8328261.59998794,integrated,356,-8.32826159998794
356,road_ecological_disruption_cost,,integrated,356,
356,road_land_consumption_cost,-300476.1893103077,integrated,356,-0.3004761893103077
356,road_maint_cost,-5163372.96256509,integrated,356,-5.16337296256509
356,road_noise_cost,-11129.649903047663,integrated,356,-0.011129649903047663
356,road_tts_cost,-3493809.327751358,integrated,356,-3.493809327751358
358,road_accident_cost,-506575.2330811211,integrated,358,-0.5065752330811211
358,road_airpollution_cost,-111745.41926277071,integrated,358,-0.1117454192627707
358,road_climate_cost,,integrated,358,
358,road_co2_cost,-126328.73659942663,integrated,358,-0.12632873659942662
358,road_construction_cost,-48990493.420500085,integrated,358,-48.99049342050009
358,road_ecological_disruption_cost,,integrated,358,
358,road_land_consumption_cost,-55188.67731417612,integrated,358,-0.05518867731417612
358,road_maint_cost,-22840492.10267761,integrated,358,-22.84049210267761
358,road_noise_cost,-15253.299332945873,integrated,358,-0.015253299332945874
358,road_tts_cost,-4036505.055541747,integrated,358,-4.036505055541747
390,road_accident_cost,-231366.47168811012,integrated,390,-0.23136647168811011
390,road_airpollution_cost,-51037.124781810344,integrated,390,-0.05103712478181034
390,road_climate_cost,,integrated,390,
390,road_co2_cost,-57697.71625440965,integrated,390,-0.05769771625440965
390,road_construction_cost,-11596309.122289332,integrated,390,-11.596309122289332
390,road_ecological_disruption_cost,,integrated,390,
390,road_land_consumption_cost,-103309.6000736174,integrated,390,-0.1033096000736174
390,road_maint_cost,-5894785.619532518,integrated,390,-5.894785619532518
390,road_noise_cost,-10380.524124518253,integrated,390,-0.010380524124518254
390,road_tts_cost,-3008270.608583543,integrated,390,-3.008270608583543
392,road_accident_cost,-8594.66469228772,integrated,392,-0.00859466469228772
392,road_airpollution_cost,-1895.896891012882,integrated,392,-0.001895896891012882
392,road_climate_cost,,integrated,392,
392,road_co2_cost,-2143.3205991311042,integrated,392,-0.0021433205991311043
392,road_construction_cost,-3427497.824010337,integrated,392,-3.4274978240103366
392,road_ecological_disruption_cost,,integrated,392,
392,road_land_consumption_cost,-49427.32808045154,integrated,392,-0.04942732808045154
392,road_maint_cost,-1959681.9506350604,integrated,392,-1.9596819506350605
392,road_noise_cost,190.88604398442067,integrated,392,0.00019088604398442065
392,road_tts_cost,136409.2035147627,integrated,392,0.13640920351476268
394,road_accident_cost,-122296.85865764908,integrated,394,-0.12229685865764908
394,road_airpollution_cost,-26977.46129848864,integrated,394,-0.02697746129848864
394,road_climate_cost,,integrated,394,
394,road_co2_cost,-30498.15039383382,integrated,394,-0.03049815039383382
394,road_construction_cost,-6407593.984557853,integrated,394,-6.407593984557853
394,road_ecological_disruption_cost,,integrated,394,
394,road_land_consumption_cost,-120311.83604691616,integrated,394,-0.12031183604691616
394,road_maint_cost,-3584769.8563678763,integrated,394,-3.5847698563678763
394,road_noise_cost,-2353.0978767802685,integrated,394,-0.0023530978767802684
394,road_tts_cost,-4173.864746792944,integrated,394,-0.004173864746792944
423,road_accident_cost,-6486.860647326903,integrated,423,-0.006486860647326903
423,road_airpollution_cost,-1430.9364441799153,integrated,423,-0.0014309364441799153
423,road_climate_cost,,integrated,423,
423,road_co2_cost,-1617.6805665943757,integrated,423,-0.0016176805665943756
423,road_construction_cost,-6352578.682878811,integrated,423,-6.352578682878811
423,road_ecological_disruption_cost,,integrated,423,
423,road_land_consumption_cost,-113260.91142210847,integrated,423,-0.11326091142210848
423,road_maint_cost,-3540682.337985838,integrated,423,-3.540682337985838
423,road_noise_cost,994.0230204040018,integrated,423,0.0009940230204040018
423,road_tts_cost,2050797.5347468322,integrated,423,2.0507975347468324
459,road_accident_cost,-335251.78348161373,integrated,459,-0.3352517834816137
459,road_airpollution_cost,-73953.18337196598,integrated,459,-0.07395318337196598
459,road_climate_cost,,integrated,459,
459,road_co2_cost,-83604.43125563285,integrated,459,-0.08360443125563286
459,road_construction_cost,-40066573.15536228,integrated,459,-40.06657315536228
459,road_ecological_disruption_cost,,integrated,459,
459,road_land_consumption_cost,-293853.3900575835,integrated,459,-0.29385339005758354
459,road_maint_cost,-19531558.971588295,integrated,459,-19.531558971588296
459,road_noise_cost,-9194.958907669987,integrated,459,-0.009194958907669987
459,road_tts_cost,-1083292.638513933,integrated,459,-1.083292638513933
464,road_accident_cost,-760.2052529684788,integrated,464,-0.0007602052529684789
464,road_airpollution_cost,-167.69365964071886,integrated,464,-0.00016769365964071887
464,road_climate_cost,,integrated,464,
464,road_co2_cost,-189.57849277320793,integrated,464,-0.00018957849277320793
464,road_construction_cost,-3572231.952459419,integrated,464,-3.5722319524594193
464,road_ecological_disruption_cost,,integrated,464,
464,road_land_consumption_cost,-57225.43941661499,integrated,464,-0.05722543941661499
464,road_maint_cost,-2062049.5342127136,integrated,464,-2.0620495342127136
464,road_noise_cost,-13.369816473938343,integrated,464,-1.3369816473938343e-05
464,road_tts_cost,-1446.291587960219,integrated,464,-0.001446291587960219
469,road_accident_cost,-354238.32944031956,integrated,469,-0.3542383294403196
469,road_airpollution_cost,-78141.4251176253,integrated,469,-0.0781414251176253
469,road_climate_cost,,integrated,469,
469,road_co2_cost,-88339.25879301893,integrated,469,-0.08833925879301893
469,road_construction_cost,-4328157.90799179,integrated,469,-4.32815790799179
469,road_ecological_disruption_cost,,integrated,469,
469,road_land_consumption_cost,-116380.8806741862,integrated,469,-0.11638088067418621
469,road_maint_cost,-2620040.6027019015,integrated,469,-2.6200406027019016
469,road_noise_cost,-19844.295039711793,integrated,469,-0.019844295039711794
469,road_tts_cost,-2786622.040968636,integrated,469,-2.786622040968636
486,road_accident_cost,-580365.0695532244,integrated,486,-0.5803650695532244
486,road_airpollution_cost,-128022.71762920317,integrated,486,-0.12802271762920317
486,road_climate_cost,,integrated,486,
486,road_co2_cost,-144730.30107920122,integrated,486,-0.14473030107920123
486,road_construction_cost,-55745258.85915049,integrated,486,-55.74525885915049
486,road_ecological_disruption_cost,,integrated,486,
486,road_land_consumption_cost,-201982.8583642105,integrated,486,-0.20198285836421048
486,road_maint_cost,-26358736.68148288,integrated,486,-26.35873668148288
486,road_noise_cost,-21439.350753532293,integrated,486,-0.021439350753532295
486,road_tts_cost,-4730372.3474760875,integrated,486,-4.730372347476088
493,road_accident_cost,-2265.813549907471,integrated,493,-0.002265813549907471
493,road_airpollution_cost,-499.8157599724809,integrated,493,-0.0004998157599724809
493,road_climate_cost,,integrated,493,
493,road_co2_cost,-565.0441325145393,integrated,493,-0.0005650441325145394
493,road_construction_cost,-3460486.943537275,integrated,493,-3.460486943537275
493,road_ecological_disruption_cost,,integrated,493,
493,road_land_consumption_cost,-51879.68362340389,integrated,493,-0.051879683623403894
493,road_maint_cost,-1983869.378157528,integrated,493,-1.9838693781575278
493,road_noise_cost,57.04671016949179,integrated,493,5.704671016949179e-05
493,road_tts_cost,-1795.0738528979314,integrated,493,-0.0017950738528979314
499,road_accident_cost,-339040.2415564742,integrated,499,-0.33904024155647416
499,road_airpollution_cost,-74788.87925342435,integrated,499,-0.07478887925342435
499,road_climate_cost,,integrated,499,
499,road_co2_cost,-84549.18948896791,integrated,499,-0.0845491894889679
499,road_construction_cost,-4097623.902104077,integrated,499,-4.097623902104077
499,road_ecological_disruption_cost,,integrated,499,
499,road_land_consumption_cost,-99243.37123820109,integrated,499,-0.09924337123820108
499,road_maint_cost,-2451014.431684519,integrated,499,-2.451014431684519
499,road_noise_cost,-23870.026837858648,integrated,499,-0.02387002683785865
499,road_tts_cost,-3796833.4895932684,integrated,499,-3.7968334895932685
517,road_accident_cost,-48256.788595951126,integrated,517,-0.048256788595951124
517,road_airpollution_cost,-10644.963910160053,integrated,517,-0.010644963910160054
517,road_climate_cost,,integrated,517,
517,road_co2_cost,-12034.18315300049,integrated,517,-0.01203418315300049
517,road_construction_cost,-3743973.1133871656,integrated,517,-3.7439731133871654
517,road_ecological_disruption_cost,,integrated,517,
517,road_land_consumption_cost,-46302.949248943514,integrated,517,-0.046302949248943515
517,road_maint_cost,-2157964.144709648,integrated,517,-2.157964144709648
517,road_noise_cost,-4147.937002982099,integrated,517,-0.004147937002982099
517,road_tts_cost,-120506.59658019376,integrated,517,-0.12050659658019376
521,road_accident_cost,-788901.7859693482,integrated,521,-0.7889017859693481
521,road_airpollution_cost,-174023.82720944515,integrated,521,-0.17402382720944515
521,road_climate_cost,,integrated,521,
521,road_co2_cost,-196734.77780659613,integrated,521,-0.19673477780659612
521,road_construction_cost,-41830147.301714875,integrated,521,-41.830147301714874
521,road_ecological_disruption_cost,,integrated,521,
521,road_land_consumption_cost,-248393.9078319515,integrated,521,-0.2483939078319515
521,road_maint_cost,-20477940.81738127,integrated,521,-20.47794081738127
521,road_noise_cost,-22871.33552125647,integrated,521,-0.02287133552125647
521,road_tts_cost,-7831520.992029639,integrated,521,-7.831520992029639
531,road_accident_cost,-413925.4599080795,integrated,531,-0.4139254599080795
531,road_airpollution_cost,-91307.80788399998,integrated,531,-0.09130780788399998
531,road_climate_cost,,integrated,531,
531,road_co2_cost,-103223.91815027925,integrated,531,-0.10322391815027925
531,road_construction_cost,-5063458.699048388,integrated,531,-5.063458699048388
531,road_ecological_disruption_cost,,integrated,531,
531,road_land_consumption_cost,-168080.72231708863,integrated,531,-0.16808072231708862
531,road_maint_cost,-3155408.1739676315,integrated,531,-3.1554081739676314
531,road_noise_cost,-14002.495429946444,integrated,531,-0.014002495429946445
531,road_tts_cost,-4221132.969662078,integrated,531,-4.221132969662078
533,road_accident_cost,-145921.17070595198,integrated,533,-0.14592117070595198
533,road_airpollution_cost,-32188.747761459847,integrated,533,-0.03218874776145984
533,road_climate_cost,,integrated,533,
533,road_co2_cost,-36389.53492904027,integrated,533,-0.03638953492904027
533,road_construction_cost,-7592980.617540456,integrated,533,-7.592980617540456
533,road_ecological_disruption_cost,,integrated,533,
533,road_land_consumption_cost,-353159.9384399803,integrated,533,-0.35315993843998034
533,road_maint_cost,-5006288.074796681,integrated,533,-5.006288074796681
533,road_noise_cost,-6467.750319053055,integrated,533,-0.006467750319053055
533,road_tts_cost,-367579.5458405753,integrated,533,-0.3675795458405753
538,road_accident_cost,-88908.72277518781,integrated,538,-0.08890872277518781
538,road_airpollution_cost,-19612.373155716115,integrated,538,-0.019612373155716116
538,road_climate_cost,,integrated,538,
538,road_co2_cost,-22171.88264918497,integrated,538,-0.02217188264918497
538,road_construction_cost,-15905813.695442416,integrated,538,-15.905813695442415
538,road_ecological_disruption_cost,,integrated,538,
538,road_land_consumption_cost,-90906.47069609303,integrated,538,-0.09090647069609303
538,road_maint_cost,-7771807.216972536,integrated,538,-7.771807216972537
538,road_noise_cost,-3009.9762791172634,integrated,538,-0.0030099762791172633
538,road_tts_cost,156676.04684121304,integrated,538,0.15667604684121306
540,road_accident_cost,-81735.07685041048,integrated,540,-0.08173507685041048
540,road_airpollution_cost,-18029.938762642378,integrated,540,-0.01802993876264238
540,road_climate_cost,,integrated,540,
540,road_co2_cost,-20382.932919098927,integrated,540,-0.020382932919098925
540,road_construction_cost,-5059735.886227417,integrated,540,-5.059735886227417
540,road_ecological_disruption_cost,,integrated,540,
540,road_land_consumption_cost,-161881.6150357704,integrated,540,-0.1618816150357704
540,road_maint_cost,-3145177.381110714,integrated,540,-3.145177381110714
540,road_noise_cost,-12666.274875014376,integrated,540,-0.012666274875014377
540,road_tts_cost,707450.9720903162,integrated,540,0.7074509720903163
546,road_accident_cost,-52423.600947200655,integrated,546,-0.05242360094720065
546,road_airpollution_cost,-11564.120952930652,integrated,546,-0.011564120952930652
546,road_climate_cost,,integrated,546,
546,road_co2_cost,-13073.294632609568,integrated,546,-0.013073294632609568
546,road_construction_cost,-3795880.0475956905,integrated,546,-3.7958800475956904
546,road_ecological_disruption_cost,,integrated,546,
546,road_land_consumption_cost,-76812.24167891718,integrated,546,-0.07681224167891719
546,road_maint_cost,-2229777.620398548,integrated,546,-2.229777620398548
546,road_noise_cost,-1291.9217125299226,integrated,546,-0.0012919217125299226
546,road_tts_cost,-678067.3192204551,integrated,546,-0.6780673192204552
550,road_accident_cost,-124486.10729608618,integrated,550,-0.12448610729608618
550,road_airpollution_cost,-27460.387606363285,integrated,550,-0.027460387606363285
550,road_climate_cost,,integrated,550,
550,road_co2_cost,-31044.10091911639,integrated,550,-0.03104410091911639
550,road_construction_cost,-6944953.168457671,integrated,550,-6.944953168457671
550,road_ecological_disruption_cost,,integrated,550,
550,road_land_consumption_cost,-160258.21206707196,integrated,550,-0.16025821206707197
550,road_maint_cost,-3978758.435041833,integrated,550,-3.9787584350418332
550,road_noise_cost,-8987.763338772424,integrated,550,-0.008987763338772424
550,road_tts_cost,111018.55329915583,integrated,550,0.11101855329915583
552,road_accident_cost,-128356.29206872635,integrated,552,-0.12835629206872634
552,road_airpollution_cost,-28314.111578245287,integrated,552,-0.028314111578245288
552,road_climate_cost,,integrated,552,
552,road_co2_cost,-32009.239995814354,integrated,552,-0.032009239995814356
552,road_construction_cost,-3941363.187621336,integrated,552,-3.9413631876213358
552,road_ecological_disruption_cost,,integrated,552,
552,road_land_consumption_cost,-78743.67362228024,integrated,552,-0.07874367362228024
552,road_maint_cost,-2325193.1263459874,integrated,552,-2.3251931263459875
552,road_noise_cost,-6198.278207631744,integrated,552,-0.006198278207631744
552,road_tts_cost,-1640403.9869826413,integrated,552,-1.6404039869826412
556,road_accident_cost,-71679.84659505454,integrated,556,-0.07167984659505454
556,road_airpollution_cost,-15811.855746948413,integrated,556,-0.015811855746948413
556,road_climate_cost,,integrated,556,
556,road_co2_cost,-17875.37934872524,integrated,556,-0.01787537934872524
556,road_construction_cost,-4305205.837902512,integrated,556,-4.305205837902513
556,road_ecological_disruption_cost,,integrated,556,
556,road_land_consumption_cost,-111713.48264365197,integrated,556,-0.11171348264365197
556,road_maint_cost,-2599461.6562773604,integrated,556,-2.5994616562773603
556,road_noise_cost,-7575.682192960108,integrated,556,-0.007575682192960108
556,road_tts_cost,-558657.8313499575,integrated,556,-0.5586578313499575
558,road_accident_cost,-633109.6130937617,integrated,558,-0.6331096130937617
558,road_airpollution_cost,-139657.63530157378,integrated,558,-0.1396576353015738
558,road_climate_cost,,integrated,558,
558,road_co2_cost,-157883.63174533448,integrated,558,-0.15788363174533449
558,road_construction_cost,-65193712.96437438,integrated,558,-65.19371296437438
558,road_ecological_disruption_cost,,integrated,558,
558,road_land_consumption_cost,-401147.0001397535,integrated,558,-0.4011470001397535
558,road_maint_cost,-31480137.085338492,integrated,558,-31.48013708533849
558,road_noise_cost,-17098.762744205556,integrated,558,-0.017098762744205555
558,road_tts_cost,-3794182.9056487447,integrated,558,-3.7941829056487446
564,road_accident_cost,-561971.2640729826,integrated,564,-0.5619712640729826
564,road_airpollution_cost,-123965.22849234616,integrated,564,-0.12396522849234616
564,road_climate_cost,,integrated,564,
564,road_co2_cost,-140143.2899980605,integrated,564,-0.1401432899980605
564,road_construction_cost,-64311305.52114358,integrated,564,-64.31130552114358
564,road_ecological_disruption_cost,,integrated,564,
564,road_land_consumption_cost,-47443.99999999764,integrated,564,-0.04744399999999764
564,road_maint_cost,-29615044.375836127,integrated,564,-29.615044375836128
564,road_noise_cost,-14796.148786719285,integrated,564,-0.014796148786719284
564,road_tts_cost,-4292316.0778298825,integrated,564,-4.292316077829883
565,road_accident_cost,-228277.5055599796,integrated,565,-0.22827750555997958
565,road_airpollution_cost,-50355.729813136124,integrated,565,-0.05035572981313612
565,road_climate_cost,,integrated,565,
565,road_co2_cost,-56927.395948792444,integrated,565,-0.056927395948792446
565,road_construction_cost,-19794450.306204043,integrated,565,-19.794450306204045
565,road_ecological_disruption_cost,,integrated,565,
565,road_land_consumption_cost,-304100.66437897633,integrated,565,-0.3041006643789763
565,road_maint_cost,-10403793.53021211,integrated,565,-10.40379353021211
565,road_noise_cost,-4276.779466772012,integrated,565,-0.004276779466772012
565,road_tts_cost,-350534.3301404588,integrated,565,-0.3505343301404588
569,road_accident_cost,-69900.87205743784,integrated,569,-0.06990087205743784
569,road_airpollution_cost,-15419.431793738808,integrated,569,-0.015419431793738808
569,road_climate_cost,,integrated,569,
569,road_co2_cost,-17431.742172835766,integrated,569,-0.017431742172835767
569,road_construction_cost,-5121911.261722749,integrated,569,-5.121911261722749
569,road_ecological_disruption_cost,,integrated,569,
569,road_land_consumption_cost,-166503.6276544041,integrated,569,-0.1665036276544041
569,road_maint_cost,-3190763.999063567,integrated,569,-3.190763999063567
569,road_noise_cost,-8234.040396545137,integrated,569,-0.008234040396545137
569,road_tts_cost,454109.9434897194,integrated,569,0.4541099434897194
57,road_accident_cost,-16673.540212981476,integrated,57,-0.016673540212981477
57,road_airpollution_cost,-3678.01586027384,integrated,57,-0.00367801586027384
57,road_climate_cost,,integrated,57,
57,road_co2_cost,-4158.014707774673,integrated,57,-0.004158014707774673
57,road_construction_cost,-3860651.291691024,integrated,57,-3.860651291691024
57,road_ecological_disruption_cost,,integrated,57,
57,road_land_consumption_cost,-75704.86714302222,integrated,57,-0.07570486714302221
57,road_maint_cost,-2269766.2653787034,integrated,57,-2.269766265378703
57,road_noise_cost,-1468.1211729631416,integrated,57,-0.0014681211729631416
57,road_tts_cost,1387264.052983379,integrated,57,1.387264052983379
594,road_accident_cost,-294096.07799347583,integrated,594,-0.2940960779934758
594,road_airpollution_cost,-64874.647224718865,integrated,594,-0.06487464722471886
594,road_climate_cost,,integrated,594,
594,road_co2_cost,-73341.10225995339,integrated,594,-0.07334110225995338
594,road_construction_cost,-46052436.434179686,integrated,594,-46.05243643417968
594,road_ecological_disruption_cost,,integrated,594,
594,road_land_consumption_cost,-190271.16751977103,integrated,594,-0.19027116751977102
594,road_maint_cost,-21995262.14249119,integrated,594,-21.995262142491192
594,road_noise_cost,-2710.539043753814,integrated,594,-0.002710539043753814
594,road_tts_cost,-568067.5005341324,integrated,594,-0.5680675005341324
602,road_accident_cost,-225718.32860225072,integrated,602,-0.22571832860225072
602,road_airpollution_cost,-49791.20102563569,integrated,602,-0.04979120102563569
602,road_climate_cost,,integrated,602,
602,road_co2_cost,-56289.19342586634,integrated,602,-0.056289193425866337
602,road_construction_cost,-21099777.8605116,integrated,602,-21.0997778605116
602,road_ecological_disruption_cost,,integrated,602,
602,road_land_consumption_cost,-290832.0367707149,integrated,602,-0.2908320367707149
602,road_maint_cost,-10975082.572128251,integrated,602,-10.975082572128251
602,road_noise_cost,-4330.558434655962,integrated,602,-0.004330558434655961
602,road_tts_cost,-415882.7972564945,integrated,602,-0.4158827972564945
612,road_accident_cost,-852282.9818234318,integrated,612,-0.8522829818234318
612,road_airpollution_cost,-188005.0837762386,integrated,612,-0.18800508377623862
612,road_climate_cost,,integrated,612,
612,road_co2_cost,-212540.65593393246,integrated,612,-0.21254065593393245
612,road_construction_cost,-48699838.35191596,integrated,612,-48.699838351915965
612,road_ecological_disruption_cost,,integrated,612,
612,road_land_consumption_cost,-328961.1451596951,integrated,612,-0.3289611451596951
612,road_maint_cost,-23739686.25806284,integrated,612,-23.73968625806284
612,road_noise_cost,-28136.766021838514,integrated,612,-0.028136766021838514
612,road_tts_cost,-8874344.439341791,integrated,612,-8.87434443934179
614,road_accident_cost,-90807.3313618186,integrated,614,-0.0908073313618186
614,road_airpollution_cost,-20031.187181104873,integrated,614,-0.020031187181104873
614,road_climate_cost,,integrated,614,
614,road_co2_cost,-22645.35392922973,integrated,614,-0.022645353929229728
614,road_construction_cost,-3638838.29329295,integrated,614,-3.6388382932929497
614,road_ecological_disruption_cost,,integrated,614,
614,road_land_consumption_cost,-59215.66270468576,integrated,614,-0.05921566270468576
614,road_maint_cost,-2107134.285525055,integrated,614,-2.107134285525055
614,road_noise_cost,-4077.3550286011723,integrated,614,-0.004077355028601172
614,road_tts_cost,-696163.2598687513,integrated,614,-0.6961632598687513
62,road_accident_cost,-12978.34591091443,integrated,62,-0.01297834591091443
62,road_airpollution_cost,-2862.893032356672,integrated,62,-0.002862893032356672
62,road_climate_cost,,integrated,62,
62,road_co2_cost,-3236.514410908053,integrated,62,-0.003236514410908053
62,road_construction_cost,-3846720.236997692,integrated,62,-3.846720236997692
62,road_ecological_disruption_cost,,integrated,62,
62,road_land_consumption_cost,-77630.4358431866,integrated,62,-0.0776304358431866
62,road_maint_cost,-2263302.7226348687,integrated,62,-2.2633027226348688
62,road_noise_cost,1533.5033520417787,integrated,62,0.0015335033520417786
62,road_tts_cost,358736.5347951428,integrated,62,0.35873653479514284
625,road_accident_cost,-139363.74768707715,integrated,625,-0.13936374768707716
625,road_airpollution_cost,-30742.245965328475,integrated,625,-0.030742245965328475
625,road_climate_cost,,integrated,625,
625,road_co2_cost,-34754.25765682945,integrated,625,-0.034754257656829456
625,road_construction_cost,-4856799.503384341,integrated,625,-4.856799503384341
625,road_ecological_disruption_cost,,integrated,625,
625,road_land_consumption_cost,-146795.6663815321,integrated,625,-0.1467956663815321
625,road_maint_cost,-2996385.6242503813,integrated,625,-2.9963856242503812
625,road_noise_cost,-9765.457206436407,integrated,625,-0.009765457206436408
625,road_tts_cost,-686018.8365367625,integrated,625,-0.6860188365367625
627,road_accident_cost,-111525.93845866935,integrated,627,-0.11152593845866934
627,road_airpollution_cost,-24601.504254240295,integrated,627,-0.024601504254240295
627,road_climate_cost,,integrated,627,
627,road_co2_cost,-27812.119471093352,integrated,627,-0.02781211947109335
627,road_construction_cost,-4615972.89639563,integrated,627,-4.61597289639563
627,road_ecological_disruption_cost,,integrated,627,
627,road_land_consumption_cost,-131854.20215320497,integrated,627,-0.13185420215320498
627,road_maint_cost,-2823563.603165429,integrated,627,-2.823563603165429
627,road_noise_cost,-1993.1286503967299,integrated,627,-0.00199312865039673
627,road_tts_cost,197061.73141780283,integrated,627,0.19706173141780284
628,road_accident_cost,-103806.32923804849,integrated,628,-0.10380632923804849
628,road_airpollution_cost,-22898.635830025625,integrated,628,-0.022898635830025625
628,road_climate_cost,,integrated,628,
628,road_co2_cost,-25887.0184866831,integrated,628,-0.0258870184866831
628,road_construction_cost,-4859215.971868563,integrated,628,-4.859215971868563
628,road_ecological_disruption_cost,,integrated,628,
628,road_land_consumption_cost,-146975.3025757268,integrated,628,-0.1469753025757268
628,road_maint_cost,-2998157.3646654217,integrated,628,-2.998157364665422
628,road_noise_cost,-6096.667862198513,integrated,628,-0.006096667862198513
628,road_tts_cost,-1151083.6969053908,integrated,628,-1.1510836969053908
629,road_accident_cost,-74249.13335578896,integrated,629,-0.07424913335578896
629,road_airpollution_cost,-16378.614655666275,integrated,629,-0.016378614655666274
629,road_climate_cost,,integrated,629,
629,road_co2_cost,-18516.103034466978,integrated,629,-0.018516103034466977
629,road_construction_cost,-12208491.023833651,integrated,629,-12.208491023833652
629,road_ecological_disruption_cost,,integrated,629,
629,road_land_consumption_cost,-62203.13152970152,integrated,629,-0.06220313152970152
629,road_maint_cost,-5987869.358232409,integrated,629,-5.987869358232409
629,road_noise_cost,-7984.927007525513,integrated,629,-0.007984927007525513
629,road_tts_cost,-451661.9070687479,integrated,629,-0.4516619070687479
63,road_accident_cost,-594378.9326465131,integrated,63,-0.5943789326465131
63,road_airpollution_cost,-131114.03537351114,integrated,63,-0.13111403537351113
63,road_climate_cost,,integrated,63,
63,road_co2_cost,-148225.05073106385,integrated,63,-0.14822505073106385
63,road_construction_cost,-34818612.19398271,integrated,63,-34.818612193982716
63,road_ecological_disruption_cost,,integrated,63,
63,road_land_consumption_cost,-267956.05362766323,integrated,63,-0.2679560536276632
63,road_maint_cost,-17129346.405373808,integrated,63,-17.12934640537381
63,road_noise_cost,-20998.636679022045,integrated,63,-0.020998636679022045
63,road_tts_cost,-4896246.23391659,integrated,63,-4.89624623391659
648,road_accident_cost,-118148.2081411462,integrated,648,-0.1181482081411462
648,road_airpollution_cost,-26062.310574435996,integrated,648,-0.026062310574435997
648,road_climate_cost,,integrated,648,
648,road_co2_cost,-29463.56807689998,integrated,648,-0.029463568076899982
648,road_construction_cost,-33211706.56057629,integrated,648,-33.21170656057629
648,road_ecological_disruption_cost,,integrated,648,
648,road_land_consumption_cost,-254919.1942736499,integrated,648,-0.2549191942736499
648,road_maint_cost,-16270504.739584044,integrated,648,-16.270504739584045
648,road_noise_cost,-3235.1210632071616,integrated,648,-0.0032351210632071614
648,road_tts_cost,-514290.51396829786,integrated,648,-0.5142905139682978
662,road_accident_cost,-784259.551583673,integrated,662,-0.784259551583673
662,road_airpollution_cost,-172999.79683080193,integrated,662,-0.17299979683080194
662,road_climate_cost,,integrated,662,
662,road_co2_cost,-195577.10651387653,integrated,662,-0.19557710651387653
662,road_construction_cost,-15964144.520151608,integrated,662,-15.964144520151608
662,road_ecological_disruption_cost,,integrated,662,
662,road_land_consumption_cost,-283278.6635788017,integrated,662,-0.28327866357880166
662,road_maint_cost,-8544856.983164383,integrated,662,-8.544856983164383
662,road_noise_cost,-25966.248096428775,integrated,662,-0.025966248096428775
662,road_tts_cost,-7380584.027952671,integrated,662,-7.380584027952671
669,road_accident_cost,53602.96638198855,integrated,669,0.053602966381988554
669,road_airpollution_cost,11824.277147643963,integrated,669,0.011824277147643962
669,road_climate_cost,,integrated,669,
669,road_co2_cost,13367.402468201148,integrated,669,0.013367402468201148
669,road_construction_cost,-4016648.7292026,integrated,669,-4.0166487292026005
669,road_ecological_disruption_cost,,integrated,669,
669,road_land_consumption_cost,-84340.27389074813,integrated,669,-0.08434027389074812
669,road_maint_cost,-2380392.040612237,integrated,669,-2.380392040612237
669,road_noise_cost,7428.214750840998,integrated,669,0.007428214750840998
669,road_tts_cost,1872650.8794594621,integrated,669,1.872650879459462
670,road_accident_cost,-152057.20469782106,integrated,670,-0.15205720469782105
670,road_airpollution_cost,-33542.29536160914,integrated,670,-0.03354229536160914
670,road_climate_cost,,integrated,670,
670,road_co2_cost,-37919.727033398085,integrated,670,-0.03791972703339808
670,road_construction_cost,-4505543.392453546,integrated,670,-4.5055433924535455
670,road_ecological_disruption_cost,,integrated,670,
670,road_land_consumption_cost,-126606.23878294708,integrated,670,-0.12660623878294708
670,road_maint_cost,-2746347.967589023,integrated,670,-2.746347967589023
670,road_noise_cost,-152.59162086993524,integrated,670,-0.00015259162086993523
670,road_tts_cost,119066.15609987997,integrated,670,0.11906615609987997
673,road_accident_cost,29687.828084356224,integrated,673,0.029687828084356223
673,road_airpollution_cost,6548.837328879433,integrated,673,0.006548837328879432
673,road_climate_cost,,integrated,673,
673,road_co2_cost,7403.492254184322,integrated,673,0.007403492254184321
673,road_construction_cost,-3333388.384357931,integrated,673,-3.333388384357931
673,road_ecological_disruption_cost,,integrated,673,
673,road_land_consumption_cost,-42431.39095678082,integrated,673,-0.04243139095678082
673,road_maint_cost,-1890681.4655231787,integrated,673,-1.8906814655231787
673,road_noise_cost,3152.7435625362136,integrated,673,0.0031527435625362137
673,road_tts_cost,954120.7531968227,integrated,673,0.9541207531968227
678,road_accident_cost,-424644.08607935585,integrated,678,-0.42464408607935583
678,road_airpollution_cost,-93672.22938985436,integrated,678,-0.09367222938985435
678,road_climate_cost,,integrated,678,
678,road_co2_cost,-105896.90809110817,integrated,678,-0.10589690809110817
678,road_construction_cost,-5117051.384514583,integrated,678,-5.117051384514583
678,road_ecological_disruption_cost,,integrated,678,
678,road_land_consumption_cost,-148375.27362114587,integrated,678,-0.14837527362114586
678,road_maint_cost,-3164697.020330958,integrated,678,-3.164697020330958
678,road_noise_cost,-22873.64936456664,integrated,678,-0.02287364936456664
678,road_tts_cost,-4102767.6241466394,integrated,678,-4.102767624146639
680,road_accident_cost,-224465.66096921673,integrated,680,-0.22446566096921672
680,road_airpollution_cost,-49514.875100661244,integrated,680,-0.04951487510066124
680,road_climate_cost,,integrated,680,
680,road_co2_cost,-55976.805632057956,integrated,680,-0.05597680563205796
680,road_construction_cost,-11218714.500434875,integrated,680,-11.218714500434876
680,road_ecological_disruption_cost,,integrated,680,
680,road_land_consumption_cost,-314728.1823231217,integrated,680,-0.3147281823231217
680,road_maint_cost,-7274589.813636489,integrated,680,-7.2745898136364895
680,road_noise_cost,-7610.3497601198615,integrated,680,-0.007610349760119862
680,road_tts_cost,-291783.6467719743,integrated,680,-0.29178364677197427
682,road_accident_cost,-634114.5811917242,integrated,682,-0.6341145811917241
682,road_airpollution_cost,-139879.32119168233,integrated,682,-0.13987932119168234
682,road_climate_cost,,integrated,682,
682,road_co2_cost,-158134.2487156237,integrated,682,-0.15813424871562368
682,road_construction_cost,-62968536.69763835,integrated,682,-62.96853669763835
682,road_ecological_disruption_cost,,integrated,682,
682,road_land_consumption_cost,-408035.72449295816,integrated,682,-0.40803572449295816
682,road_maint_cost,-30497493.088954844,integrated,682,-30.497493088954844
682,road_noise_cost,-17233.680239268713,integrated,682,-0.017233680239268714
682,road_tts_cost,-3797168.737893552,integrated,682,-3.797168737893552
689,road_accident_cost,-579257.8920559627,integrated,689,-0.5792578920559627
689,road_airpollution_cost,-127778.48537000385,integrated,689,-0.12777848537000386
689,road_climate_cost,,integrated,689,
689,road_co2_cost,-144454.19532967673,integrated,689,-0.14445419532967674
689,road_construction_cost,-7071835.968685386,integrated,689,-7.071835968685385
689,road_ecological_disruption_cost,,integrated,689,
689,road_land_consumption_cost,-210036.8053918447,integrated,689,-0.21003680539184472
689,road_maint_cost,-4245919.737472988,integrated,689,-4.245919737472987
689,road_noise_cost,-19856.548495246712,integrated,689,-0.019856548495246713
689,road_tts_cost,-4759938.64691065,integrated,689,-4.7599386469106495
694,road_accident_cost,-151831.3925876437,integrated,694,-0.1518313925876437
694,road_airpollution_cost,-33492.48347330797,integrated,694,-0.03349248347330797
694,road_climate_cost,,integrated,694,
694,road_co2_cost,-37863.41445290724,integrated,694,-0.03786341445290724
694,road_construction_cost,-7015205.662305866,integrated,694,-7.015205662305866
694,road_ecological_disruption_cost,,integrated,694,
694,road_land_consumption_cost,-159558.3043991212,integrated,694,-0.1595583043991212
694,road_maint_cost,-4022765.899954636,integrated,694,-4.022765899954636
694,road_noise_cost,-8072.938727430035,integrated,694,-0.008072938727430035
694,road_tts_cost,495358.123547763,integrated,694,0.495358123547763
726,road_accident_cost,-103242.68159832555,integrated,726,-0.10324268159832554
726,road_airpollution_cost,-22774.30080986639,integrated,726,-0.02277430080986639
726,road_climate_cost,,integrated,726,
726,road_co2_cost,-25746.45714541823,integrated,726,-0.02574645714541823
726,road_construction_cost,-4493437.663191147,integrated,726,-4.4934376631911475
726,road_ecological_disruption_cost,,integrated,726,
726,road_land_consumption_cost,-122745.1394481336,integrated,726,-0.1227451394481336
726,road_maint_cost,-2733721.494173648,integrated,726,-2.733721494173648
726,road_noise_cost,-5874.680927821029,integrated,726,-0.005874680927821029
726,road_tts_cost,-1100713.8414561693,integrated,726,-1.1007138414561692
73,road_accident_cost,-192183.73223784653,integrated,73,-0.19218373223784654
73,road_airpollution_cost,-42393.80516844808,integrated,73,-0.04239380516844808
73,road_climate_cost,,integrated,73,
73,road_co2_cost,-47926.4016539115,integrated,73,-0.047926401653911495
73,road_construction_cost,-4633417.106034253,integrated,73,-4.633417106034253
73,road_ecological_disruption_cost,,integrated,73,
73,road_land_consumption_cost,-112422.71651744,integrated,73,-0.11242271651744
73,road_maint_cost,-2810099.2248798893,integrated,73,-2.8100992248798895
73,road_noise_cost,-8819.68196815113,integrated,73,-0.00881968196815113
73,road_tts_cost,-2134026.2928836187,integrated,73,-2.1340262928836187
736,road_accident_cost,-4034.486107211109,integrated,736,-0.004034486107211109
736,road_airpollution_cost,-889.967199576719,integrated,736,-0.0008899671995767191
736,road_climate_cost,,integrated,736,
736,road_co2_cost,-1006.1122207889331,integrated,736,-0.0010061122207889331
736,road_construction_cost,-4405172.982351524,integrated,736,-4.405172982351524
736,road_ecological_disruption_cost,,integrated,736,
736,road_land_consumption_cost,-119144.87166882634,integrated,736,-0.11914487166882634
736,road_maint_cost,-2672756.975936137,integrated,736,-2.672756975936137
736,road_noise_cost,-196.63901553821086,integrated,736,-0.00019663901553821085
736,road_tts_cost,-35705.034660488294,integrated,736,-0.03570503466048829
750,road_accident_cost,-595777.1058716581,integrated,750,-0.5957771058716581
750,road_airpollution_cost,-131422.45837377413,integrated,750,-0.13142245837377414
750,road_climate_cost,,integrated,750,
750,road_co2_cost,-148573.72442362754,integrated,750,-0.14857372442362754
750,road_construction_cost,-12173907.773933452,integrated,750,-12.173907773933452
750,road_ecological_disruption_cost,,integrated,750,
750,road_land_consumption_cost,-213615.7394900752,integrated,750,-0.2136157394900752
750,road_maint_cost,-7141780.205584832,integrated,750,-7.141780205584832
750,road_noise_cost,-26009.39790675578,integrated,750,-0.02600939790675578
750,road_tts_cost,-4823190.482923939,integrated,750,-4.8231904829239385
755,road_accident_cost,-163730.54433598262,integrated,755,-0.1637305443359826
755,road_airpollution_cost,-36117.317089633885,integrated,755,-0.03611731708963389
755,road_climate_cost,,integrated,755,
755,road_co2_cost,-40830.80154332939,integrated,755,-0.04083080154332939
755,road_construction_cost,-50154807.1571354,integrated,755,-50.154807157135394
755,road_ecological_disruption_cost,,integrated,755,
755,road_land_consumption_cost,-68081.65582426767,integrated,755,-0.06808165582426767
755,road_maint_cost,-23231775.294068877,integrated,755,-23.23177529406888
755,road_noise_cost,-225.48317360365508,integrated,755,-0.0002254831736036551
755,road_tts_cost,276921.4646943767,integrated,755,0.2769214646943767
759,road_accident_cost,-852775.6910434748,integrated,759,-0.8527756910434748
759,road_airpollution_cost,-188113.7704919974,integrated,759,-0.1881137704919974
759,road_climate_cost,,integrated,759,
759,road_co2_cost,-212663.52679143636,integrated,759,-0.21266352679143635
759,road_construction_cost,-70587947.89064258,integrated,759,-70.58794789064258
759,road_ecological_disruption_cost,,integrated,759,
759,road_land_consumption_cost,-208610.2780301197,integrated,759,-0.2086102780301197
759,road_maint_cost,-33022496.59131815,integrated,759,-33.02249659131815
759,road_noise_cost,-28942.701906731683,integrated,759,-0.028942701906731684
759,road_tts_cost,-8618543.734532503,integrated,759,-8.618543734532503
761,road_accident_cost,2353.971291560294,integrated,761,0.002353971291560294
761,road_airpollution_cost,519.2624742193184,integrated,761,0.0005192624742193184
761,road_climate_cost,,integrated,761,
761,road_co2_cost,587.0287369665239,integrated,761,0.0005870287369665239
761,road_construction_cost,-5518140.039147735,integrated,761,-5.518140039147735
761,road_ecological_disruption_cost,,integrated,761,
761,road_land_consumption_cost,-103421.2081982946,integrated,761,-0.10342120819829459
761,road_maint_cost,-3118010.934615342,integrated,761,-3.118010934615342
761,road_noise_cost,3845.0935824242406,integrated,761,0.0038450935824242407
761,road_tts_cost,1089491.8265709095,integrated,761,1.0894918265709095
764,road_accident_cost,-298889.61027054465,integrated,764,-0.29888961027054467
764,road_airpollution_cost,-65932.05240181899,integrated,764,-0.06593205240181899
764,road_climate_cost,,integrated,764,
764,road_co2_cost,-74536.50392364606,integrated,764,-0.07453650392364605
764,road_construction_cost,-38468573.12949315,integrated,764,-38.468573129493144
764,road_ecological_disruption_cost,,integrated,764,
764,road_land_consumption_cost,-276481.6999487126,integrated,764,-0.2764816999487126
764,road_maint_cost,-18734432.330025967,integrated,764,-18.734432330025967
764,road_noise_cost,-7085.121954143857,integrated,764,-0.007085121954143857
764,road_tts_cost,-763527.8311946893,integrated,764,-0.7635278311946893
767,road_accident_cost,1552.45855322231,integrated,767,0.00155245855322231
767,road_airpollution_cost,342.4567973107387,integrated,767,0.0003424567973107387
767,road_climate_cost,,integrated,767,
767,road_co2_cost,387.14906462895124,integrated,767,0.0003871490646289512
767,road_construction_cost,-4133322.213549162,integrated,767,-4.133322213549162
767,road_ecological_disruption_cost,,integrated,767,
767,road_land_consumption_cost,-95974.7638910909,integrated,767,-0.0959747638910909
767,road_maint_cost,-2469686.9742215862,integrated,767,-2.4696869742215863
767,road_noise_cost,3494.692376369004,integrated,767,0.003494692376369004
767,road_tts_cost,857147.1685199551,integrated,767,0.8571471685199551
770,road_accident_cost,-10295.104726964884,integrated,770,-0.010295104726964883
770,road_airpollution_cost,-2270.996919986804,integrated,770,-0.002270996919986804
770,road_climate_cost,,integrated,770,
770,road_co2_cost,-2567.372994936747,integrated,770,-0.002567372994936747
770,road_construction_cost,-3928192.2408696767,integrated,770,-3.9281922408696768
770,road_ecological_disruption_cost,,integrated,770,
770,road_land_consumption_cost,-80725.74746567768,integrated,770,-0.08072574746567768
770,road_maint_cost,-2319286.890253924,integrated,770,-2.319286890253924
770,road_noise_cost,1904.6453418460387,integrated,770,0.0019046453418460386
770,road_tts_cost,494843.61681903666,integrated,770,0.49484361681903666
775,road_accident_cost,-561772.4026370243,integrated,775,-0.5617724026370243
775,road_airpollution_cost,-123921.36165266427,integrated,775,-0.12392136165266428
775,road_climate_cost,,integrated,775,
775,road_co2_cost,-140093.69832376923,integrated,775,-0.14009369832376922
775,road_construction_cost,-11305568.629466996,integrated,775,-11.305568629466995
775,road_ecological_disruption_cost,,integrated,775,
775,road_land_consumption_cost,-333029.49118593807,integrated,775,-0.33302949118593805
775,road_maint_cost,-7353273.244854582,integrated,775,-7.353273244854582
775,road_noise_cost,-16661.29022350172,integrated,775,-0.01666129022350172
775,road_tts_cost,-5243872.05356703,integrated,775,-5.24387205356703
776,road_accident_cost,-144042.46011828646,integrated,776,-0.14404246011828645
776,road_airpollution_cost,-31774.32303521495,integrated,776,-0.03177432303521495
776,road_climate_cost,,integrated,776,
776,road_co2_cost,-35921.02577289338,integrated,776,-0.03592102577289338
776,road_construction_cost,-5961363.111202932,integrated,776,-5.961363111202932
776,road_ecological_disruption_cost,,integrated,776,
776,road_land_consumption_cost,-143032.84832207407,integrated,776,-0.14303284832207408
776,road_maint_cost,-3697477.0320966775,integrated,776,-3.6974770320966774
776,road_noise_cost,-8836.470915811326,integrated,776,-0.008836470915811325
776,road_tts_cost,-1739630.0303694052,integrated,776,-1.7396300303694052
780,road_accident_cost,-101495.03440076421,integrated,780,-0.10149503440076421
780,road_airpollution_cost,-22388.78735389444,integrated,780,-0.022388787353894442
780,road_climate_cost,,integrated,780,
780,road_co2_cost,-25310.632320057888,integrated,780,-0.02531063232005789
780,road_construction_cost,-4838308.4102554545,integrated,780,-4.838308410255454
780,road_ecological_disruption_cost,,integrated,780,
780,road_land_consumption_cost,-127653.99073194672,integrated,780,-0.12765399073194672
780,road_maint_cost,-2960324.3185441117,integrated,780,-2.9603243185441115
780,road_noise_cost,-5427.734181154063,integrated,780,-0.005427734181154063
780,road_tts_cost,153998.86991200913,integrated,780,0.15399886991200915
789,road_accident_cost,-635940.4690954696,integrated,789,-0.6359404690954695
789,road_airpollution_cost,-140282.0937632703,integrated,789,-0.1402820937632703
789,road_climate_cost,,integrated,789,
789,road_co2_cost,-158589.58505461004,integrated,789,-0.15858958505461004
789,road_construction_cost,-6720513.9142123945,integrated,789,-6.720513914212394
789,road_ecological_disruption_cost,,integrated,789,
789,road_land_consumption_cost,-288302.23424448643,integrated,789,-0.2883022342444864
789,road_maint_cost,-4366600.642845624,integrated,789,-4.366600642845624
789,road_noise_cost,-23801.584292954212,integrated,789,-0.023801584292954214
789,road_tts_cost,-4064967.8464944228,integrated,789,-4.064967846494422
791,road_accident_cost,-226217.02207672794,integrated,791,-0.22621702207672795
791,road_airpollution_cost,-49901.20780794544,integrated,791,-0.049901207807945436
791,road_climate_cost,,integrated,791,
791,road_co2_cost,-56413.556624986646,integrated,791,-0.05641355662498665
791,road_construction_cost,-6170875.458318421,integrated,791,-6.170875458318421
791,road_ecological_disruption_cost,,integrated,791,
791,road_land_consumption_cost,-203025.3404587798,integrated,791,-0.2030253404587798
791,road_maint_cost,-3907349.610802627,integrated,791,-3.907349610802627
791,road_noise_cost,-6551.331207386312,integrated,791,-0.006551331207386312
791,road_tts_cost,-1019353.729796327,integrated,791,-1.0193537297963269
809,road_accident_cost,-236579.89361886162,integrated,809,-0.23657989361886161
809,road_airpollution_cost,-52187.15340816496,integrated,809,-0.05218715340816496
809,road_climate_cost,,integrated,809,
809,road_co2_cost,-58997.829175181105,integrated,809,-0.05899782917518111
809,road_construction_cost,-6200422.972045646,integrated,809,-6.200422972045646
809,road_ecological_disruption_cost,,integrated,809,
809,road_land_consumption_cost,-205221.85282737575,integrated,809,-0.20522185282737576
809,road_maint_cost,-3929013.673287336,integrated,809,-3.929013673287336
809,road_noise_cost,-8148.531687214517,integrated,809,-0.008148531687214517
809,road_tts_cost,-1073024.050285472,integrated,809,-1.073024050285472
810,road_accident_cost,-286190.3846020676,integrated,810,-0.2861903846020676
810,road_airpollution_cost,-63130.730497458804,integrated,810,-0.0631307304974588
810,road_climate_cost,,integrated,810,
810,road_co2_cost,-71369.59597054285,integrated,810,-0.07136959597054285
810,road_construction_cost,-9812220.936355151,integrated,810,-9.812220936355152
810,road_ecological_disruption_cost,,integrated,810,
810,road_land_consumption_cost,-299007.2161581556,integrated,810,-0.29900721615815556
810,road_maint_cost,-6355875.770045022,integrated,810,-6.355875770045022
810,road_noise_cost,-6476.292541213801,integrated,810,-0.006476292541213801
810,road_tts_cost,-624168.1387452486,integrated,810,-0.6241681387452486
811,road_accident_cost,-15599.050568692632,integrated,811,-0.015599050568692631
811,road_airpollution_cost,-3440.9942138260494,integrated,811,-0.0034409942138260495
811,road_climate_cost,,integrated,811,
811,road_co2_cost,-3890.060590818385,integrated,811,-0.0038900605908183854
811,road_construction_cost,-3626914.500413158,integrated,811,-3.6269145004131578
811,road_ecological_disruption_cost,,integrated,811,
811,road_land_consumption_cost,-61290.447864858215,integrated,811,-0.06129044786485822
811,road_maint_cost,-2102142.4552830947,integrated,811,-2.1021424552830945
811,road_noise_cost,-826.0909969852863,integrated,811,-0.0008260909969852863
811,road_tts_cost,-92023.56349829235,integrated,811,-0.09202356349829235
813,road_accident_cost,-321863.92919227434,integrated,813,-0.32186392919227436
813,road_airpollution_cost,-70999.95689563025,integrated,813,-0.07099995689563025
813,road_climate_cost,,integrated,813,
813,road_co2_cost,-80265.79444967865,integrated,813,-0.08026579444967866
813,road_construction_cost,-10602316.825787269,integrated,813,-10.602316825787268
813,road_ecological_disruption_cost,,integrated,813,
813,road_land_consumption_cost,-286301.8261290514,integrated,813,-0.2863018261290514
813,road_maint_cost,-6229538.959841097,integrated,813,-6.229538959841097
813,road_noise_cost,-10038.816779375838,integrated,813,-0.010038816779375839
813,road_tts_cost,1635815.1333685215,integrated,813,1.6358151333685214
822,road_accident_cost,-91625.60793330756,integrated,822,-0.09162560793330757
822,road_airpollution_cost,-20211.69079159089,integrated,822,-0.020211690791590887
822,road_climate_cost,,integrated,822,
822,road_co2_cost,-22849.4141333506,integrated,822,-0.0228494141333506
822,road_construction_cost,-6429148.985680548,integrated,822,-6.4291489856805475
822,road_ecological_disruption_cost,,integrated,822,
822,road_land_consumption_cost,-132648.74005991954,integrated,822,-0.13264874005991953
822,road_maint_cost,-3737199.19635637,integrated,822,-3.73719919635637
822,road_noise_cost,-2980.9966991949227,integrated,822,-0.0029809966991949225
822,road_tts_cost,-577085.8103833147,integrated,822,-0.5770858103833147
831,road_accident_cost,-110073.03767961216,integrated,831,-0.11007303767961216
831,road_airpollution_cost,-24281.00890409168,integrated,831,-0.02428100890409168
831,road_climate_cost,,integrated,831,
831,road_co2_cost,-27449.797928632106,integrated,831,-0.027449797928632107
831,road_construction_cost,-4855129.073105646,integrated,831,-4.855129073105647
831,road_ecological_disruption_cost,,integrated,831,
831,road_land_consumption_cost,-146671.4894100999,integrated,831,-0.1466714894100999
831,road_maint_cost,-2995160.874639703,integrated,831,-2.995160874639703
831,road_noise_cost,-6404.802317796169,integrated,831,-0.006404802317796169
831,road_tts_cost,-1205564.2723406372,integrated,831,-1.2055642723406372
837,road_accident_cost,-69995.23959594482,integrated,837,-0.06999523959594482
837,road_airpollution_cost,-15440.248326933925,integrated,837,-0.015440248326933925
837,road_climate_cost,,integrated,837,
837,road_co2_cost,-17455.27536422981,integrated,837,-0.01745527536422981
837,road_construction_cost,-3860730.590718956,integrated,837,-3.860730590718956
837,road_ecological_disruption_cost,,integrated,837,
837,road_land_consumption_cost,-69788.40244814727,integrated,837,-0.06978840244814727
837,road_maint_cost,-2262323.1584647987,integrated,837,-2.262323158464799
837,road_noise_cost,-11545.720314209593,integrated,837,-0.011545720314209593
837,road_tts_cost,49208.07865399221,integrated,837,0.04920807865399221
858,road_accident_cost,-283411.5990403081,integrated,858,-0.2834115990403081
858,road_airpollution_cost,-62517.758252938474,integrated,858,-0.06251775825293847
858,road_climate_cost,,integrated,858,
858,road_co2_cost,-70676.6278853037,integrated,858,-0.0706766278853037
858,road_construction_cost,-21187915.20989937,integrated,858,-21.18791520989937
858,road_ecological_disruption_cost,,integrated,858,
858,road_land_consumption_cost,-319963.27963242296,integrated,858,-0.31996327963242294
858,road_maint_cost,-11191332.193452612,integrated,858,-11.191332193452611
858,road_noise_cost,-6846.542332625998,integrated,858,-0.006846542332625998
858,road_tts_cost,-695123.9338788462,integrated,858,-0.6951239338788462
863,road_accident_cost,-237136.74286700712,integrated,863,-0.23713674286700712
863,road_airpollution_cost,-52309.98877127915,integrated,863,-0.05230998877127915
863,road_climate_cost,,integrated,863,
863,road_co2_cost,-59136.69514690796,integrated,863,-0.05913669514690796
863,road_construction_cost,-7475445.089586097,integrated,863,-7.475445089586096
863,road_ecological_disruption_cost,,integrated,863,
863,road_land_consumption_cost,-190810.5478708087,integrated,863,-0.1908105478708087
863,road_maint_cost,-4356460.104486852,integrated,863,-4.356460104486852
863,road_noise_cost,-9827.19925746,integrated,863,-0.009827199257460001
863,road_tts_cost,-236404.14174277597,integrated,863,-0.23640414174277596
866,road_accident_cost,-95029.74347433177,integrated,866,-0.09502974347433177
866,road_airpollution_cost,-20962.60897396112,integrated,866,-0.02096260897396112
866,road_climate_cost,,integrated,866,
866,road_co2_cost,-23698.33076809245,integrated,866,-0.02369833076809245
866,road_construction_cost,-4343898.397396219,integrated,866,-4.343898397396219
866,road_ecological_disruption_cost,,integrated,866,
866,road_land_consumption_cost,-108667.46264971496,integrated,866,-0.10866746264971495
866,road_maint_cost,-2620329.5637923023,integrated,866,-2.620329563792302
866,road_noise_cost,-3729.3365478160445,integrated,866,-0.0037293365478160445
866,road_tts_cost,-409687.22978050157,integrated,866,-0.4096872297805016
873,road_accident_cost,-568375.9228023295,integrated,873,-0.5683759228023295
873,road_airpollution_cost,-125378.03201728914,integrated,873,-0.12537803201728914
873,road_climate_cost,,integrated,873,
873,road_co2_cost,-141740.47121181182,integrated,873,-0.14174047121181182
873,road_construction_cost,-29006972.786416907,integrated,873,-29.006972786416906
873,road_ecological_disruption_cost,,integrated,873,
873,road_land_consumption_cost,-232728.78966043197,integrated,873,-0.23272878966043198
873,road_maint_cost,-14355104.999593727,integrated,873,-14.355104999593728
873,road_noise_cost,-21163.451073768923,integrated,873,-0.021163451073768925
873,road_tts_cost,-4496911.569022298,integrated,873,-4.496911569022298
878,road_accident_cost,-197569.10041655632,integrated,878,-0.19756910041655631
878,road_airpollution_cost,-43581.76341376944,integrated,878,-0.04358176341376944
878,road_climate_cost,,integrated,878,
878,road_co2_cost,-49269.39419225815,integrated,878,-0.04926939419225815
878,road_construction_cost,-7222497.027987641,integrated,878,-7.222497027987641
878,road_ecological_disruption_cost,,integrated,878,
878,road_land_consumption_cost,-325618.81283731526,integrated,878,-0.32561881283731525
878,road_maint_cost,-4734651.695921674,integrated,878,-4.7346516959216745
878,road_noise_cost,-9898.331684408171,integrated,878,-0.00989833168440817
878,road_tts_cost,-1072580.8090662379,integrated,878,-1.0725808090662379
887,road_accident_cost,-174776.9102625216,integrated,887,-0.1747769102625216
887,road_airpollution_cost,-38554.03470072447,integrated,887,-0.03855403470072447
887,road_climate_cost,,integrated,887,
887,road_co2_cost,-43585.52258057197,integrated,887,-0.04358552258057197
887,road_construction_cost,-3400224.967501886,integrated,887,-3.4002249675018863
887,road_ecological_disruption_cost,,integrated,887,
887,road_land_consumption_cost,-47399.90989561552,integrated,887,-0.04739990989561552
887,road_maint_cost,-1939685.653383473,integrated,887,-1.939685653383473
887,road_noise_cost,-6357.95702247801,integrated,887,-0.00635795702247801
887,road_tts_cost,-2333148.340864596,integrated,887,-2.333148340864596
895,road_accident_cost,-524258.9178841328,integrated,895,-0.5242589178841328
895,road_airpollution_cost,-115646.26289542178,integrated,895,-0.11564626289542178
895,road_climate_cost,,integrated,895,
895,road_co2_cost,-130738.65918091452,integrated,895,-0.1307386591809145
895,road_construction_cost,-49993413.21595724,integrated,895,-49.99341321595724
895,road_ecological_disruption_cost,,integrated,895,
895,road_land_consumption_cost,-76891.99999999754,integrated,895,-0.07689199999999755
895,road_maint_cost,-23228799.63108485,integrated,895,-23.228799631084847
895,road_noise_cost,-13860.857493961994,integrated,895,-0.013860857493961994
895,road_tts_cost,-4061064.4131316287,integrated,895,-4.0610644131316285
90,road_accident_cost,-59141.89864751285,integrated,90,-0.05914189864751285
90,road_airpollution_cost,-13046.110091419137,integrated,90,-0.013046110091419138
90,road_climate_cost,,integrated,90,
90,road_co2_cost,-14748.69051688361,integrated,90,-0.014748690516883609
90,road_construction_cost,-3775548.721765766,integrated,90,-3.775548721765766
90,road_ecological_disruption_cost,,integrated,90,
90,road_land_consumption_cost,-63456.12588296596,integrated,90,-0.06345612588296595
90,road_maint_cost,-2199868.3154414445,integrated,90,-2.1998683154414445
90,road_noise_cost,-9381.357050862174,integrated,90,-0.009381357050862174
90,road_tts_cost,39101.24138237184,integrated,90,0.03910124138237184
935,road_accident_cost,-115698.46608130564,integrated,935,-0.11569846608130564
935,road_airpollution_cost,-25521.922028597455,integrated,935,-0.025521922028597457
935,road_climate_cost,,integrated,935,
935,road_co2_cost,-28852.656213854803,integrated,935,-0.028852656213854803
935,road_construction_cost,-3786429.19389852,integrated,935,-3.78642919389852
935,road_ecological_disruption_cost,,integrated,935,
935,road_land_consumption_cost,-70187.3214933917,integrated,935,-0.0701873214933917
935,road_maint_cost,-2215347.0618150644,integrated,935,-2.2153470618150646
935,road_noise_cost,-10491.722278611473,integrated,935,-0.010491722278611473
935,road_tts_cost,-792809.9767343441,integrated,935,-0.7928099767343442
938,road_accident_cost,-192371.18664439232,integrated,938,-0.19237118664439232
938,road_airpollution_cost,-42435.15573176858,integrated,938,-0.04243515573176858
938,road_climate_cost,,integrated,938,
938,road_co2_cost,-47973.14866561377,integrated,938,-0.04797314866561377
938,road_construction_cost,-5599941.471907087,integrated,938,-5.599941471907087
938,road_ecological_disruption_cost,,integrated,938,
938,road_land_consumption_cost,-202039.58776655464,integrated,938,-0.20203958776655465
938,road_maint_cost,-3541252.9247513837,integrated,938,-3.5412529247513835
938,road_noise_cost,-13015.517279221971,integrated,938,-0.013015517279221971
938,road_tts_cost,1593292.8569425163,integrated,938,1.5932928569425162
94,road_accident_cost,570.3234592270969,integrated,94,0.000570323459227097
94,road_airpollution_cost,125.80763903339118,integrated,94,0.0001258076390333912
94,road_climate_cost,,integrated,94,
94,road_co2_cost,142.22614402002603,integrated,94,0.00014222614402002604
94,road_construction_cost,-3284910.384249473,integrated,94,-3.284910384249473
94,road_ecological_disruption_cost,,integrated,94,
94,road_land_consumption_cost,-38827.61813768075,integrated,94,-0.03882761813768075
94,road_maint_cost,-1855137.6822736736,integrated,94,-1.8551376822736736
94,road_noise_cost,276.9961480825204,integrated,94,0.00027699614808252037
94,road_tts_cost,53677.47026835453,integrated,94,0.05367747026835453
940,road_accident_cost,-115587.41713966429,integrated,940,-0.11558741713966429
940,road_airpollution_cost,-25497.425745060413,integrated,940,-0.025497425745060413
940,road_climate_cost,,integrated,940,
940,road_co2_cost,-28824.96304691308,integrated,940,-0.02882496304691308
940,road_construction_cost,-3822115.711887694,integrated,940,-3.822115711887694
940,road_ecological_disruption_cost,,integrated,940,
940,road_land_consumption_cost,-72840.19709160084,integrated,940,-0.07284019709160085
940,road_maint_cost,-2241512.205952589,integrated,940,-2.241512205952589
940,road_noise_cost,-1924.3052680393566,integrated,940,-0.0019243052680393566
940,road_tts_cost,-680856.3573460402,integrated,940,-0.6808563573460402
945,road_accident_cost,-566154.9561376045,integrated,945,-0.5661549561376046
945,road_airpollution_cost,-124888.10903070959,integrated,945,-0.12488810903070958
945,road_climate_cost,,integrated,945,
945,road_co2_cost,-141186.61090743484,integrated,945,-0.14118661090743484
945,road_construction_cost,-4734222.778717458,integrated,945,-4.7342227787174584
945,road_ecological_disruption_cost,,integrated,945,
945,road_land_consumption_cost,-140644.6990965562,integrated,945,-0.1406446990965562
945,road_maint_cost,-2910263.718209844,integrated,945,-2.910263718209844
945,road_noise_cost,-20601.234322880213,integrated,945,-0.02060123432288021
945,road_tts_cost,-6051638.365563557,integrated,945,-6.051638365563557
952,road_accident_cost,-625535.7440997656,integrated,952,-0.6255357440997655
952,road_airpollution_cost,-137986.91571066977,integrated,952,-0.13798691571066976
952,road_climate_cost,,integrated,952,
952,road_co2_cost,-155994.87517237366,integrated,952,-0.15599487517237368
952,road_construction_cost,-53847051.470659085,integrated,952,-53.84705147065908
952,road_ecological_disruption_cost,,integrated,952,
952,road_land_consumption_cost,-352365.91538613295,integrated,952,-0.35236591538613293
952,road_maint_cost,-26012845.615921304,integrated,952,-26.012845615921304
952,road_noise_cost,-19669.766426022783,integrated,952,-0.01966976642602278
952,road_tts_cost,-4252723.9024158055,integrated,952,-4.252723902415806
958,road_accident_cost,-74674.71082239429,integrated,958,-0.0746747108223943
958,road_airpollution_cost,-16472.492779445347,integrated,958,-0.016472492779445347
958,road_climate_cost,,integrated,958,
958,road_co2_cost,-18622.232707160285,integrated,958,-0.018622232707160284
958,road_construction_cost,-4317475.500353376,integrated,958,-4.3174755003533765
958,road_ecological_disruption_cost,,integrated,958,
958,road_land_consumption_cost,-112625.58866991194,integrated,958,-0.11262558866991194
958,road_maint_cost,-2608457.7002916024,integrated,958,-2.6084577002916025
958,road_noise_cost,-5045.448566923953,integrated,958,-0.005045448566923953
958,road_tts_cost,193579.40402076032,integrated,958,0.19357940402076032
964,road_accident_cost,-19157.881036541796,integrated,964,-0.019157881036541795
964,road_airpollution_cost,-4226.036546622536,integrated,964,-0.004226036546622536
964,road_climate_cost,,integrated,964,
964,road_co2_cost,-4777.554742556626,integrated,964,-0.004777554742556625
964,road_construction_cost,-4128596.084114608,integrated,964,-4.128596084114608
964,road_ecological_disruption_cost,,integrated,964,
964,road_land_consumption_cost,-95623.4313947485,integrated,964,-0.0956234313947485
964,road_maint_cost,-2466221.8040442886,integrated,964,-2.4662218040442885
964,road_noise_cost,-1215.6259902288737,integrated,964,-0.0012156259902288736
964,road_tts_cost,31499.93944363475,integrated,964,0.03149993944363475
970,road_accident_cost,-131738.84164855586,integrated,970,-0.13173884164855584
970,road_airpollution_cost,-29060.268113921455,integrated,970,-0.029060268113921456
970,road_climate_cost,,integrated,970,
970,road_co2_cost,-32852.77356595309,integrated,970,-0.032852773565953085
970,road_construction_cost,-3691382.495884543,integrated,970,-3.6913824958845427
970,road_ecological_disruption_cost,,integrated,970,
970,road_land_consumption_cost,-69044.06981381107,integrated,970,-0.06904406981381107
970,road_maint_cost,-2153160.6329028755,integrated,970,-2.1531606329028756
970,road_noise_cost,-2987.2802659630697,integrated,970,-0.00298728026596307
970,road_tts_cost,-1398566.0733490302,integrated,970,-1.3985660733490302
971,road_accident_cost,-58820.05970527427,integrated,971,-0.058820059705274264
971,road_airpollution_cost,-12975.11564639506,integrated,971,-0.01297511564639506
971,road_climate_cost,,integrated,971,
971,road_co2_cost,-14668.430953631363,integrated,971,-0.014668430953631363
971,road_construction_cost,-11299515.236886062,integrated,971,-11.299515236886062
971,road_ecological_disruption_cost,,integrated,971,
971,road_land_consumption_cost,-65515.04270531845,integrated,971,-0.06551504270531845
971,road_maint_cost,-5595738.241224849,integrated,971,-5.595738241224849
971,road_noise_cost,-2647.0526980419645,integrated,971,-0.0026470526980419645
971,road_tts_cost,-68363.07429494477,integrated,971,-0.06836307429494477
987,road_accident_cost,-3293.002674379126,integrated,987,-0.003293002674379126
987,road_airpollution_cost,-726.4033858184969,integrated,987,-0.0007264033858184969
987,road_climate_cost,,integrated,987,
987,road_co2_cost,-821.2025387475487,integrated,987,-0.0008212025387475487
987,road_construction_cost,-4482396.841287323,integrated,987,-4.482396841287323
987,road_ecological_disruption_cost,,integrated,987,
987,road_land_consumption_cost,-121924.38335694771,integrated,987,-0.12192438335694772
987,road_maint_cost,-2725626.428787949,integrated,987,-2.7256264287879493
987,road_noise_cost,-152.05622230979944,integrated,987,-0.00015205622230979944
987,road_tts_cost,-31757.160939420253,integrated,987,-0.031757160939420256
