development,scenario,tts_annual,access_only_minutes,cost_annual,mode,value_mode,cost_annual_negative,net_annual
0,scenario_100,87056.83962758051,311.26467799805323,-13591287.950953858,Road,access_only_integrated_proxy,13591287.950953858,13678344.790581439
0,scenario_19,131172.9155489874,468.99813380643536,-13561962.600370558,Road,access_only_integrated_proxy,13561962.600370558,13693135.515919546
0,scenario_26,59598.28892631551,213.08885426168672,-13610074.147851467,Road,access_only_integrated_proxy,13610074.147851467,13669672.436777784
0,scenario_44,100446.66638147992,359.13891890585,-13582231.852695357,Road,access_only_integrated_proxy,13582231.852695357,13682678.519076837
0,scenario_64,124265.94867321738,444.30283324502307,-13566400.962541327,Road,access_only_integrated_proxy,13566400.962541327,13690666.911214544
0,scenario_70,82153.33459790096,293.7325929757353,-13594663.088458277,Road,access_only_integrated_proxy,13594663.088458277,13676816.423056178
0,scenario_75,100652.45151696177,359.8746869880197,-13582100.834026633,Road,access_only_integrated_proxy,13582100.834026633,13682753.285543595
0,scenario_78,136195.08612785474,486.95449788730184,-13558591.091665521,Road,access_only_integrated_proxy,13558591.091665521,13694786.177793376
0,scenario_89,84194.30620392507,301.0299216229723,-13593214.569490178,Road,access_only_integrated_proxy,13593214.569490178,13677408.875694104
0,scenario_96,89332.85193951146,319.4023756496499,-13589696.81647216,Road,access_only_integrated_proxy,13589696.81647216,13679029.66841167
103,scenario_100,252624.0905996787,903.2369719765047,-22035068.423366513,Road,access_only_integrated_proxy,22035068.423366513,22287692.51396619
103,scenario_19,381414.0136909999,1363.7149092862564,-22414471.85196173,Road,access_only_integrated_proxy,22414471.85196173,22795885.86565273
103,scenario_26,172192.37527407636,615.6598892480943,-21798960.69629164,Road,access_only_integrated_proxy,21798960.69629164,21971153.071565717
103,scenario_44,292031.01837993937,1044.1332500735261,-22150402.521512665,Road,access_only_integrated_proxy,22150402.521512665,22442433.539892603
103,scenario_64,362553.61565485765,1296.2810839056365,-22355842.051108476,Road,access_only_integrated_proxy,22355842.051108476,22718395.66676333
103,scenario_70,237848.7385507851,850.4088976117455,-21992649.64722128,Road,access_only_integrated_proxy,21992649.64722128,22230498.385772064
103,scenario_75,292700.7864112044,1046.5279514143622,-22152204.92013062,Road,access_only_integrated_proxy,22152204.92013062,22444905.706541825
103,scenario_78,397251.5214593919,1420.3406353855353,-22458414.97407648,Road,access_only_integrated_proxy,22458414.97407648,22855666.495535873
103,scenario_89,244591.9025521456,874.5185342646546,-22010659.829457708,Road,access_only_integrated_proxy,22010659.829457708,22255251.732009854
103,scenario_96,259996.0057943729,929.5946575888192,-22055118.3139001,Road,access_only_integrated_proxy,22055118.3139001,22315114.31969447
104,scenario_100,58776.53734730001,210.1507480573855,-27632236.827425607,Road,access_only_integrated_proxy,27632236.827425607,27691013.36477291
104,scenario_19,88576.75014896557,316.69899494602214,-27652485.79358453,Road,access_only_integrated_proxy,27652485.79358453,27741062.543733496
104,scenario_26,40233.69291920781,143.85230987873183,-27619847.80476162,Road,access_only_integrated_proxy,27619847.80476162,27660081.497680828
104,scenario_44,67817.23001372698,242.47501233958246,-27638299.991505124,Road,access_only_integrated_proxy,27638299.991505124,27706117.22151885
104,scenario_64,83874.18517172917,299.88535480394785,-27649147.756837074,Road,access_only_integrated_proxy,27649147.756837074,27733021.942008805
104,scenario_70,55476.655574523225,198.3522880876808,-27630061.742993757,Road,access_only_integrated_proxy,27630061.742993757,27685538.39856828
104,scenario_75,67948.28143493317,242.943576080208,-27638379.58717545,Road,access_only_integrated_proxy,27638379.58717545,27706327.868610386
104,scenario_78,91948.42579800711,328.75414810460643,-27654678.82639336,Road,access_only_integrated_proxy,27654678.82639336,27746627.252191365
104,scenario_89,56833.11315732284,203.2021922943386,-27630892.069274746,Road,access_only_integrated_proxy,27630892.069274746,27687725.18243207
104,scenario_96,60303.305156042756,215.60958268082322,-27633205.68690444,Road,access_only_integrated_proxy,27633205.68690444,27693508.992060483
109,scenario_100,81166.96858977294,290.2059212148306,-75847572.64375786,Road,access_only_integrated_proxy,75847572.64375786,75928739.61234763
109,scenario_19,123412.33452502673,441.2508050056822,-76432284.7717415,Road,access_only_integrated_proxy,76432284.7717415,76555697.10626653
109,scenario_26,54946.73436855186,196.4575977423083,-75483365.30727075,Road,access_only_integrated_proxy,75483365.30727075,75538312.0416393
109,scenario_44,94130.48818681705,336.55593541655253,-76025495.87936126,Road,access_only_integrated_proxy,76025495.87936126,76119626.36754808
109,scenario_64,116721.99075292629,417.33002280375877,-76342775.51333617,Road,access_only_integrated_proxy,76342775.51333617,76459497.50408909
109,scenario_70,76473.3979118165,273.4244394612433,-75781883.38542095,Road,access_only_integrated_proxy,75781883.38542095,75858356.78333277
109,scenario_75,94167.32036921103,336.68762590108963,-76028349.75661169,Road,access_only_integrated_proxy,76028349.75661169,76122517.0769809
109,scenario_78,128383.54326901052,459.0249591741158,-76500713.01019958,Road,access_only_integrated_proxy,76500713.01019958,76629096.55346859
109,scenario_89,78452.88425730132,280.5019325400717,-75810135.98072283,Road,access_only_integrated_proxy,75810135.98072283,75888588.86498013
109,scenario_96,83591.86248988428,298.87593292472593,-75878867.6699654,Road,access_only_integrated_proxy,75878867.6699654,75962459.53245528
114,scenario_100,251094.58129765055,897.7683353659013,-13019816.827794157,Road,access_only_integrated_proxy,13019816.827794157,13270911.409091808
114,scenario_19,378724.52258006367,1354.0988516829093,-13091397.97507998,Road,access_only_integrated_proxy,13091397.97507998,13470122.497660043
114,scenario_26,171420.7958012222,612.9011693451521,-12975437.60700822,Road,access_only_integrated_proxy,12975437.60700822,13146858.402809443
114,scenario_44,290041.4584501788,1037.0197397101365,-13041580.905018566,Road,access_only_integrated_proxy,13041580.905018566,13331622.363468746
114,scenario_64,359709.05029785715,1286.1105708973664,-13080746.491157694,Road,access_only_integrated_proxy,13080746.491157694,13440455.54145555
114,scenario_70,236561.12360934276,845.8051346926222,-13011706.234906688,Road,access_only_integrated_proxy,13011706.234906688,13248267.358516032
114,scenario_75,290684.67337011016,1039.3195025523491,-13041948.60825247,Road,access_only_integrated_proxy,13041948.60825247,13332633.28162258
114,scenario_78,394085.1904732845,1409.0196754352073,-13100124.420449806,Road,access_only_integrated_proxy,13100124.420449806,13494209.610923091
114,scenario_89,243042.77451712996,868.9797524634814,-13015344.256359868,Road,access_only_integrated_proxy,13015344.256359868,13258387.030876998
114,scenario_96,258156.76247160565,923.0185920772492,-13023785.638731616,Road,access_only_integrated_proxy,13023785.638731616,13281942.40120322
12,scenario_100,-39379.54253726665,-140.79836437905396,-32714135.861367606,Road,access_only_integrated_proxy,32714135.861367606,32674756.318830337
12,scenario_19,-59418.30119651394,-212.44532271379285,-32841226.775732417,Road,access_only_integrated_proxy,32841226.775732417,32781808.4745359
12,scenario_26,-26774.480310653107,-95.72998546825693,-32635047.309553232,Road,access_only_integrated_proxy,32635047.309553232,32608272.82924258
12,scenario_44,-45577.44894255876,-162.9584766661319,-32752794.485972643,Road,access_only_integrated_proxy,32752794.485972643,32707217.037030086
12,scenario_64,-56929.60947739209,-203.54720707000524,-32821898.935313247,Road,access_only_integrated_proxy,32821898.935313247,32764969.325835854
12,scenario_70,-36933.3702436291,-132.05227349677443,-32699835.45613707,Road,access_only_integrated_proxy,32699835.45613707,32662902.08589344
12,scenario_75,-45753.99792817047,-163.5897132627324,-32753436.388461642,Road,access_only_integrated_proxy,32753436.388461642,32707682.390533473
12,scenario_78,-62223.64224580513,-222.47559238723625,-32856216.764882103,Road,access_only_integrated_proxy,32856216.764882103,32793993.122636296
12,scenario_89,-38236.46016719695,-136.71136596092765,-32706041.228128262,Road,access_only_integrated_proxy,32706041.228128262,32667804.767961066
12,scenario_96,-40698.15550509344,-145.51295823050168,-32720991.22312812,Road,access_only_integrated_proxy,32720991.22312812,32680293.067623027
126,scenario_100,18578.17704960128,66.42476710471965,-31168044.994693864,Road,access_only_integrated_proxy,31168044.994693864,31186623.171743464
126,scenario_19,28215.7155507641,100.88300532116773,-31543823.42415583,Road,access_only_integrated_proxy,31543823.42415583,31572039.139706597
126,scenario_26,12647.69286371229,45.220801300423815,-30934088.57828264,Road,access_only_integrated_proxy,30934088.57828264,30946736.271146353
126,scenario_44,21489.94521688808,76.83555831736521,-31282289.441548623,Road,access_only_integrated_proxy,31282289.441548623,31303779.38676551
126,scenario_64,26432.02377551641,94.50555986776817,-31485773.401802845,Road,access_only_integrated_proxy,31485773.401802845,31512205.425578363
126,scenario_70,17593.269501813917,62.90330995061959,-31126008.47513804,Road,access_only_integrated_proxy,31126008.47513804,31143601.74463985
126,scenario_75,21464.69126160909,76.74526484597664,-31284077.950751517,Road,access_only_integrated_proxy,31284077.950751517,31305542.642013125
126,scenario_78,29142.076248639318,104.19513295602883,-31587361.09521693,Road,access_only_integrated_proxy,31587361.09521693,31616503.17146557
126,scenario_89,17897.3560294549,63.99054669749239,-31143863.95363998,Road,access_only_integrated_proxy,31143863.95363998,31161761.309669435
126,scenario_96,19018.30096178956,67.9983945002532,-31187905.48645122,Road,access_only_integrated_proxy,31187905.48645122,31206923.78741301
140,scenario_100,44159.19901832246,157.88763894819203,-18254017.261866987,Road,access_only_integrated_proxy,18254017.261866987,18298176.46088531
140,scenario_19,66505.20978396207,237.7839902890264,-18271366.457084708,Road,access_only_integrated_proxy,18271366.457084708,18337871.66686867
140,scenario_26,30287.96772273317,108.29217509804039,-18243397.899972312,Road,access_only_integrated_proxy,18243397.899972312,18273685.867695045
140,scenario_44,50908.64711736714,182.01974388332383,-18259204.838553183,Road,access_only_integrated_proxy,18259204.838553183,18310113.48567055
140,scenario_64,62829.1548779888,224.640553753703,-18268439.844434276,Road,access_only_integrated_proxy,18268439.844434276,18331268.999312267
140,scenario_70,41736.21900764686,149.22447019493848,-18252161.671698045,Road,access_only_integrated_proxy,18252161.671698045,18293897.890705694
140,scenario_75,50992.33751641497,182.3189721257295,-18259264.87990284,Road,access_only_integrated_proxy,18259264.87990284,18310257.217419256
140,scenario_78,68903.63321111078,246.35935896709998,-18273179.62719495,Road,access_only_integrated_proxy,18273179.62719495,18342083.26040606
140,scenario_89,42665.907354329756,152.54849556855334,-18252844.893444642,Road,access_only_integrated_proxy,18252844.893444642,18295510.80079897
140,scenario_96,45232.48484790739,161.72508548972473,-18254814.31932099,Road,access_only_integrated_proxy,18254814.31932099,18300046.8041689
143,scenario_100,-942.0116180154878,-3.3680862320106826,-19267244.455986813,Road,access_only_integrated_proxy,19267244.455986813,19266302.4443688
143,scenario_19,-1418.9032347506782,-5.073173576762201,-19269931.88891683,Road,access_only_integrated_proxy,19269931.88891683,19268512.98568208
143,scenario_26,-645.6564174387523,-2.3084922187754273,-19266007.429357987,Road,access_only_integrated_proxy,19266007.429357987,19265361.77294055
143,scenario_44,-1086.3027103668742,-3.8839873443284887,-19267940.451887988,Road,access_only_integrated_proxy,19267940.451887988,19266854.149177622
143,scenario_64,-1341.8137791409265,-4.797546472906106,-19269427.055281047,Road,access_only_integrated_proxy,19269427.055281047,19268085.241501905
143,scenario_70,-889.8196016096507,-3.181477905196516,-19267027.77977378,Road,access_only_integrated_proxy,19267027.77977378,19266137.96017217
143,scenario_75,-1088.207102050325,-3.890796342526301,-19267947.246765155,Road,access_only_integrated_proxy,19267947.246765155,19266859.039663106
143,scenario_78,-1471.1381004268674,-5.259935107671481,-19270272.879835416,Road,access_only_integrated_proxy,19270272.879835416,19268801.74173499
143,scenario_89,-910.4555200844686,-3.255259960078547,-19267099.401306394,Road,access_only_integrated_proxy,19267099.401306394,19266188.94578631
143,scenario_96,-965.5038917610625,-3.45208095378257,-19267350.095724512,Road,access_only_integrated_proxy,19267350.095724512,19266384.59183275
144,scenario_100,-206477.43048288493,-738.2433268661807,-37189565.04759537,Road,access_only_integrated_proxy,37189565.04759537,36983087.61711248
144,scenario_19,-311394.22138826153,-1113.3648139021643,-37413422.64043727,Road,access_only_integrated_proxy,37413422.64043727,37102028.41904901
144,scenario_26,-141004.88025555445,-504.1515271706976,-37050553.95360057,Road,access_only_integrated_proxy,37050553.95360057,36909549.07334501
144,scenario_44,-238472.0468518541,-852.6374859507632,-37257590.4668196,Road,access_only_integrated_proxy,37257590.4668196,37019118.41996775
144,scenario_64,-295663.84273345413,-1057.1221192704506,-37379383.351580046,Road,access_only_integrated_proxy,37379383.351580046,37083719.50884659
144,scenario_70,-194571.32660869483,-695.6740169249424,-37164388.57021105,Road,access_only_integrated_proxy,37164388.57021105,36969817.24360236
144,scenario_75,-239005.0502042846,-854.5431962611293,-37258711.34786619,Road,access_only_integrated_proxy,37258711.34786619,37019706.29766191
144,scenario_78,-323965.55995497474,-1158.3126165987924,-37439971.956983596,Road,access_only_integrated_proxy,37439971.956983596,37116006.397028625
144,scenario_89,-199832.65330197802,-714.4854643199214,-37175334.49575424,Road,access_only_integrated_proxy,37175334.49575424,36975501.842452265
144,scenario_96,-212242.70149126663,-758.8565863374897,-37201654.894338325,Road,access_only_integrated_proxy,37201654.894338325,36989412.19284706
15,scenario_100,58432.126681722744,208.91933562180202,-12895818.429772612,Road,access_only_integrated_proxy,12895818.429772612,12954250.556454334
15,scenario_19,88084.165011201,314.93779668809293,-12870093.262306944,Road,access_only_integrated_proxy,12870093.262306944,12958177.427318145
15,scenario_26,39984.4025831462,142.96099247605343,-12912346.141470157,Road,access_only_integrated_proxy,12912346.141470157,12952330.544053303
15,scenario_44,67433.37723891677,241.10257783746783,-12887859.68631203,Road,access_only_integrated_proxy,12887859.68631203,12955293.063550945
15,scenario_64,83415.32980423885,298.24475460733447,-12873996.513665464,Road,access_only_integrated_proxy,12873996.513665464,12957411.843469702
15,scenario_70,55144.46485898655,197.16456709358317,-12898781.292575955,Road,access_only_integrated_proxy,12898781.292575955,12953925.757434942
15,scenario_75,67562.74072524189,241.56510650365817,-12887751.633935358,Road,access_only_integrated_proxy,12887751.633935358,12955314.3746606
15,scenario_78,91447.57716977471,326.9634044058985,-12867154.260675224,Road,access_only_integrated_proxy,12867154.260675224,12958601.837844998
15,scenario_89,56503.732810434674,202.02451954568824,-12897507.224202259,Road,access_only_integrated_proxy,12897507.224202259,12954010.957012692
15,scenario_96,59961.51782583979,214.38754976836572,-12894430.853773931,Road,access_only_integrated_proxy,12894430.853773931,12954392.371599771
150,scenario_100,49461.76204925938,176.84652352807822,-23886291.975257516,Road,access_only_integrated_proxy,23886291.975257516,23935753.737306774
150,scenario_19,74668.49627685836,266.9711598725662,-24129583.6524799,Road,access_only_integrated_proxy,24129583.6524799,24204252.148756757
150,scenario_26,33695.62888486252,120.47599154364252,-23734859.787694916,Road,access_only_integrated_proxy,23734859.787694916,23768555.41657978
150,scenario_44,57191.4981195586,204.48356869562852,-23960274.342398934,Road,access_only_integrated_proxy,23960274.342398934,24017465.840518493
150,scenario_64,71083.88283706196,254.15466489228857,-24092256.87695392,Road,access_only_integrated_proxy,24092256.87695392,24163340.75979098
150,scenario_70,46532.47667679965,166.37310096732836,-23858997.194598474,Road,access_only_integrated_proxy,23858997.194598474,23905529.671275273
150,scenario_75,57337.16993394463,205.00440646773495,-23961458.57822984,Road,access_only_integrated_proxy,23961458.57822984,24018795.748163786
150,scenario_78,77844.48615425616,278.326654406279,-24158007.81221504,Road,access_only_integrated_proxy,24158007.81221504,24235852.298369296
150,scenario_89,47914.99857580221,171.3161960252146,-23870701.69886087,Road,access_only_integrated_proxy,23870701.69886087,23918616.69743667
150,scenario_96,50945.4732164089,182.15141261732788,-23899269.180586074,Road,access_only_integrated_proxy,23899269.180586074,23950214.653802484
17,scenario_100,16695.183036034217,59.69227454224526,-115193791.45155402,Road,access_only_integrated_proxy,115193791.45155402,115210486.63459004
17,scenario_19,25844.067839224328,92.40337104527134,-115643563.35576263,Road,access_only_integrated_proxy,115643563.35576263,115669407.42360185
17,scenario_26,10973.24551459781,39.23395044325474,-114913801.5826598,Road,access_only_integrated_proxy,114913801.5826598,114924774.8281744
17,scenario_44,19606.485797177545,70.1014017329253,-115330424.20202482,Road,access_only_integrated_proxy,115330424.20202482,115350030.687822
17,scenario_64,24645.76581649916,88.11893923217576,-115573584.27874884,Road,access_only_integrated_proxy,115573584.27874884,115598230.04456533
17,scenario_70,15581.664815159857,55.71098034470563,-115143652.12638439,Road,access_only_integrated_proxy,115143652.12638439,115159233.79119955
17,scenario_75,19583.40991114634,70.0188957716964,-115332513.10881183,Road,access_only_integrated_proxy,115332513.10881183,115352096.51872297
17,scenario_78,27200.17900088145,97.25203665119625,-115695247.0110766,Road,access_only_integrated_proxy,115695247.0110766,115722447.19007748
17,scenario_89,16178.989412578392,57.846666056146205,-115164715.73293006,Road,access_only_integrated_proxy,115164715.73293006,115180894.72234264
17,scenario_96,17435.708164239,62.33996215146905,-115217325.51865683,Road,access_only_integrated_proxy,115217325.51865683,115234761.22682108
176,scenario_100,-38029.57183148456,-135.971653475699,-58524166.455470785,Road,access_only_integrated_proxy,58524166.455470785,58486136.8836393
176,scenario_19,-57490.78480411518,-205.55364399236714,-58593769.8282475,Road,access_only_integrated_proxy,58593769.8282475,58536279.04344339
176,scenario_26,-25886.33993440902,-92.55451149732835,-58480873.482068025,Road,access_only_integrated_proxy,58480873.482068025,58454987.142133616
176,scenario_44,-43992.62061795007,-157.2920513714416,-58545336.11362708,Road,access_only_integrated_proxy,58545336.11362708,58501343.493009135
176,scenario_64,-54629.90857666198,-195.3248127880652,-58583174.556419946,Road,access_only_integrated_proxy,58583174.556419946,58528544.64784329
176,scenario_70,-35800.312631744506,-128.00111778947758,-58516328.68402697,Road,access_only_integrated_proxy,58516328.68402697,58480528.37139523
176,scenario_75,-44085.69913939136,-157.6248460849747,-58545678.92680212,Road,access_only_integrated_proxy,58545678.92680212,58501593.22766273
176,scenario_78,-59889.39580399071,-214.12968332153105,-58601957.16452469,Road,access_only_integrated_proxy,58601957.16452469,58542067.7687207
176,scenario_89,-36818.87662551691,-131.642910839837,-58519716.806695715,Road,access_only_integrated_proxy,58519716.806695715,58482897.9300702
176,scenario_96,-39156.676458704234,-140.00152476855146,-58527913.93860562,Road,access_only_integrated_proxy,58527913.93860562,58488757.26214692
177,scenario_100,-27647.191589689923,-98.85029395196398,-12529163.466506064,Road,access_only_integrated_proxy,12529163.466506064,12501516.274916373
177,scenario_19,-41722.09860478472,-149.17398383833643,-12530560.20728917,Road,access_only_integrated_proxy,12530560.20728917,12488838.108684385
177,scenario_26,-18844.996596281184,-67.37875877999977,-12528780.463737352,Road,access_only_integrated_proxy,12528780.463737352,12509935.467141071
177,scenario_44,-31955.756452306363,-114.255218600425,-12529486.98132835,Road,access_only_integrated_proxy,12529486.98132835,12497531.224876042
177,scenario_64,-39688.38020448135,-141.90258844060372,-12530255.803807499,Road,access_only_integrated_proxy,12530255.803807499,12490567.423603017
177,scenario_70,-26021.46139482875,-93.03762733346593,-12529080.368879769,Road,access_only_integrated_proxy,12529080.368879769,12503058.90748494
177,scenario_75,-32030.33021475574,-114.52185104717137,-12529492.5255782,Road,access_only_integrated_proxy,12529492.5255782,12497462.195363445
177,scenario_78,-43469.374574819674,-155.42122753008152,-12530749.52951286,Road,access_only_integrated_proxy,12530749.52951286,12487280.15493804
177,scenario_89,-26774.060855608986,-95.72848574072486,-12529097.211389752,Road,access_only_integrated_proxy,12529097.211389752,12502323.150534144
177,scenario_96,-28456.90550709476,-101.74536047229412,-12529200.273983333,Road,access_only_integrated_proxy,12529200.273983333,12500743.368476238
195,scenario_100,102610.14812892918,366.8742726397468,-18360935.261000805,Road,access_only_integrated_proxy,18360935.261000805,18463545.409129735
195,scenario_19,154779.08818961194,553.4000918511265,-18614645.954080343,Road,access_only_integrated_proxy,18614645.954080343,18769425.042269956
195,scenario_26,70059.07630749913,250.49055216089073,-18202956.898090247,Road,access_only_integrated_proxy,18202956.898090247,18273015.974397745
195,scenario_44,118529.3613493928,423.7921299643094,-18438095.3331479,Road,access_only_integrated_proxy,18438095.3331479,18556624.69449729
195,scenario_64,146987.2293140892,525.5409316257937,-18575809.260108724,Road,access_only_integrated_proxy,18575809.260108724,18722796.489422813
195,scenario_70,96678.76140446166,345.6670798818741,-18332429.197834805,Road,access_only_integrated_proxy,18332429.197834805,18429107.959239267
195,scenario_75,118798.74705579066,424.75529673578785,-18439339.149558365,Road,access_only_integrated_proxy,18439339.149558365,18558137.896614157
195,scenario_78,161043.2270087052,575.7970127685549,-18644362.935990725,Road,access_only_integrated_proxy,18644362.935990725,18805406.16299943
195,scenario_89,99317.45333471333,355.1015091297013,-18344699.67959504,Road,access_only_integrated_proxy,18344699.67959504,18444017.13292975
195,scenario_96,105498.4191204823,377.20105160395906,-18374511.067395993,Road,access_only_integrated_proxy,18374511.067395993,18480009.486516476
197,scenario_100,104356.13436375519,373.11690498772805,-13968532.94486985,Road,access_only_integrated_proxy,13968532.94486985,14072889.079233605
197,scenario_19,157169.5656141221,561.9470502404365,-14022460.332748882,Road,access_only_integrated_proxy,14022460.332748882,14179629.898363005
197,scenario_26,71570.45652688191,255.89436970505267,-13935087.327162344,Road,access_only_integrated_proxy,13935087.327162344,14006657.783689225
197,scenario_44,120310.64775410623,430.1609752102122,-13984805.489141501,Road,access_only_integrated_proxy,13984805.489141501,14105116.136895608
197,scenario_64,148492.58970613423,530.9232257649492,-14013710.15699725,Road,access_only_integrated_proxy,14013710.15699725,14162202.746703384
197,scenario_70,98625.74835168928,352.6283739948667,-13962658.336447928,Road,access_only_integrated_proxy,13962658.336447928,14061284.084799618
197,scenario_75,120508.49575445183,430.86836470865455,-13985016.971936679,Road,access_only_integrated_proxy,13985016.971936679,14105525.467691131
197,scenario_78,162846.9723196873,582.2461580145246,-14028356.378382785,Road,access_only_integrated_proxy,14028356.378382785,14191203.350702472
197,scenario_89,100829.79163873443,360.50875222787727,-13964961.972867846,Road,access_only_integrated_proxy,13964961.972867846,14065791.76450658
197,scenario_96,106898.04829800078,382.2053123503938,-13971177.049965162,Road,access_only_integrated_proxy,13971177.049965162,14078075.098263163
2,scenario_100,347123.72803882184,1241.1127706415973,-18845233.550962675,Road,access_only_integrated_proxy,18845233.550962675,19192357.279001497
2,scenario_19,523610.0229278096,1872.1252216413304,-19189651.22421734,Road,access_only_integrated_proxy,19189651.22421734,19713261.24714515
2,scenario_26,237011.59576511342,847.4157613948191,-18630963.988131467,Road,access_only_integrated_proxy,18630963.988131467,18867975.58389658
2,scenario_44,400968.9370344264,1433.6319536426417,-18949899.797411337,Road,access_only_integrated_proxy,18949899.797411337,19350868.734445766
2,scenario_64,497207.8314355267,1777.726324685682,-19136310.20349218,Road,access_only_integrated_proxy,19136310.20349218,19633518.034927707
2,scenario_70,327076.18486830324,1169.4344039984026,-18806785.13880167,Road,access_only_integrated_proxy,18806785.13880167,19133861.323669974
2,scenario_75,401876.2137264123,1436.8758479603566,-18951523.659702227,Road,access_only_integrated_proxy,18951523.659702227,19353399.87342864
2,scenario_78,544780.357555673,1947.8180381878813,-19229446.95714782,Road,access_only_integrated_proxy,19229446.95714782,19774227.314703494
2,scenario_89,335970.6394786767,1201.2358059572798,-18823045.61829274,Road,access_only_integrated_proxy,18823045.61829274,19159016.257771417
2,scenario_96,356879.4943357853,1275.9937227648188,-18863359.071738526,Road,access_only_integrated_proxy,18863359.071738526,19220238.56607431
201,scenario_100,172913.33298835822,618.2376151539065,-31920082.629625507,Road,access_only_integrated_proxy,31920082.629625507,32092995.962613866
201,scenario_19,260945.0117078174,932.9877513575593,-32304092.901190266,Road,access_only_integrated_proxy,32304092.901190266,32565037.912898082
201,scenario_26,118131.33051692318,422.3690029655354,-31681040.5306353,Road,access_only_integrated_proxy,31681040.5306353,31799171.861152224
201,scenario_44,199688.2829261575,713.9692797359821,-32036818.20543963,Road,access_only_integrated_proxy,32036818.20543963,32236506.488365788
201,scenario_64,247162.5486653521,883.7096712057282,-32244732.077141706,Road,access_only_integrated_proxy,32244732.077141706,32491894.625807058
201,scenario_70,163118.02308871804,583.2152780825672,-31877152.084272884,Road,access_only_integrated_proxy,31877152.084272884,32040270.107361604
201,scenario_75,200041.0045351583,715.2304072765437,-32038644.349314447,Road,access_only_integrated_proxy,32038644.349314447,32238685.353849605
201,scenario_78,271051.6912265465,969.1233652792725,-32348559.50013132,Road,access_only_integrated_proxy,32348559.50013132,32619611.191357866
201,scenario_89,167213.62398740763,597.8587673292786,-31895370.319955148,Road,access_only_integrated_proxy,31895370.319955148,32062583.943942554
201,scenario_96,177558.02230565148,634.844325562106,-31940366.345423605,Road,access_only_integrated_proxy,31940366.345423605,32117924.367729258
202,scenario_100,25659.587515064315,91.7437765901741,-13881425.472369455,Road,access_only_integrated_proxy,13881425.472369455,13907085.059884518
202,scenario_19,38782.55712789199,138.6638914069881,-14034060.073603027,Road,access_only_integrated_proxy,14034060.073603027,14072842.630730918
202,scenario_26,17421.983524359963,62.29089081335405,-13786548.96293106,Road,access_only_integrated_proxy,13786548.96293106,13803970.946455419
202,scenario_44,29713.036160184834,106.23655386881728,-13927753.883256918,Road,access_only_integrated_proxy,13927753.883256918,13957466.919417102
202,scenario_64,37055.14410639491,132.4876660787304,-14010265.429314852,Road,access_only_integrated_proxy,14010265.429314852,14047320.573421247
202,scenario_70,24085.63684601368,86.11624347178076,-13864445.132167652,Road,access_only_integrated_proxy,13864445.132167652,13888530.769013666
202,scenario_75,29800.78431604622,106.55029029200887,-13928457.626713783,Road,access_only_integrated_proxy,13928457.626713783,13958258.411029829
202,scenario_78,40551.50043053125,144.98860489128492,-14051585.376353182,Road,access_only_integrated_proxy,14051585.376353182,14092136.876783714
202,scenario_89,24888.565910063426,88.9870512985508,-13871559.711134907,Road,access_only_integrated_proxy,13871559.711134907,13896448.27704497
202,scenario_96,26499.878588586922,94.74816925528285,-13889382.075344011,Road,access_only_integrated_proxy,13889382.075344011,13915881.953932598
206,scenario_100,94022.88387256117,336.1712049074813,-32925186.964487292,Road,access_only_integrated_proxy,32925186.964487292,33019209.848359853
206,scenario_19,141564.498413589,506.1523965625529,-32974676.628126554,Road,access_only_integrated_proxy,32974676.628126554,33116241.126540143
206,scenario_26,64539.7167434191,230.7565291384817,-32894619.35357184,Road,access_only_integrated_proxy,32894619.35357184,32959159.07031526
206,scenario_44,108356.54460432462,387.42004774730594,-32940077.562463906,Road,access_only_integrated_proxy,32940077.562463906,33048434.10706823
206,scenario_64,133616.18949372065,477.73386187699,-32966436.744327944,Road,access_only_integrated_proxy,32966436.744327944,33100052.933821663
206,scenario_70,88911.96986305954,317.89754587909556,-32919873.84865392,Road,access_only_integrated_proxy,32919873.84865392,33008785.81851698
206,scenario_75,108522.12507630362,388.0120673119236,-32940258.25354366,Road,access_only_integrated_proxy,32940258.25354366,33048780.378619965
206,scenario_78,146557.2377965338,524.0035317864895,-32979909.882108994,Road,access_only_integrated_proxy,32979909.882108994,33126467.119905528
206,scenario_89,90815.12173426387,324.70211122865294,-32921860.222437285,Road,access_only_integrated_proxy,32921860.222437285,33012675.34417155
206,scenario_96,96244.62184546825,344.1148490564228,-32927514.617503226,Road,access_only_integrated_proxy,32927514.617503226,33023759.239348695
209,scenario_100,-80629.87816671038,-288.28559791449516,-26296177.40514963,Road,access_only_integrated_proxy,26296177.40514963,26215547.526982922
209,scenario_19,-121669.46096528454,-435.01930177531904,-26442894.843297556,Road,access_only_integrated_proxy,26442894.843297556,26321225.382332273
209,scenario_26,-54967.879950790426,-196.53320205869204,-26205031.59494918,Road,access_only_integrated_proxy,26205031.59494918,26150063.714998387
209,scenario_44,-93206.78900223649,-333.25332380687905,-26340694.866597556,Road,access_only_integrated_proxy,26340694.866597556,26247488.07759532
209,scenario_64,-115839.43176299451,-414.1745046274664,-26420055.026714657,Road,access_only_integrated_proxy,26420055.026714657,26304215.594951663
209,scenario_70,-75864.35594486984,-271.2468592442274,-26279833.483414434,Road,access_only_integrated_proxy,26279833.483414434,26203969.127469566
209,scenario_75,-93459.1852257039,-334.15574605838265,-26341364.573323533,Road,access_only_integrated_proxy,26341364.573323533,26247905.38809783
209,scenario_78,-126842.41780750165,-453.5147899262629,-26459759.083136365,Road,access_only_integrated_proxy,26459759.083136365,26332916.665328864
209,scenario_89,-78115.38308088109,-279.29522442326197,-26286706.669438086,Road,access_only_integrated_proxy,26286706.669438086,26208591.286357205
209,scenario_96,-83033.76997665076,-296.8805183522709,-26303834.855997536,Road,access_only_integrated_proxy,26303834.855997536,26220801.086020887
227,scenario_100,128546.37062768974,459.60713520514764,-9935824.850647517,Road,access_only_integrated_proxy,9935824.850647517,10064371.221275207
227,scenario_19,193894.63438641603,693.254558700035,-9963466.602220621,Road,access_only_integrated_proxy,9963466.602220621,10157361.236607037
227,scenario_26,87747.76497853144,313.735025621565,-9919046.583221622,Road,access_only_integrated_proxy,9919046.583221622,10006794.348200154
227,scenario_44,148493.17954846806,530.9253346984333,-9944133.808572749,Road,access_only_integrated_proxy,9944133.808572749,10092626.988121217
227,scenario_64,184184.6258927243,658.5372098957741,-9959278.522609487,Road,access_only_integrated_proxy,9959278.522609487,10143463.148502212
227,scenario_70,121095.85784166279,432.96843027186696,-9932746.38372026,Road,access_only_integrated_proxy,9932746.38372026,10053842.241561923
227,scenario_75,148824.44971490366,532.1097643437897,-9944275.36111375,Road,access_only_integrated_proxy,9944275.36111375,10093099.810828652
227,scenario_78,201779.44709852154,721.4460678382893,-9966828.836424964,Road,access_only_integrated_proxy,9966828.836424964,10168608.283523485
227,scenario_89,124430.56461639579,444.89140421504635,-9934104.342175594,Road,access_only_integrated_proxy,9934104.342175594,10058534.906791989
227,scenario_96,132174.5176937152,472.5792811395404,-9937321.500934172,Road,access_only_integrated_proxy,9937321.500934172,10069496.018627888
233,scenario_100,20774.098525889905,74.27610646128234,-27036860.548892356,Road,access_only_integrated_proxy,27036860.548892356,27057634.647418246
233,scenario_19,31247.568794532628,111.72315099721163,-27081455.839311466,Road,access_only_integrated_proxy,27081455.839311466,27112703.408106
233,scenario_26,14303.297629800878,51.14028202833833,-27009337.472404253,Road,access_only_integrated_proxy,27009337.472404253,27023640.770034052
233,scenario_44,23910.01965807191,85.48833844226829,-27050297.539786335,Road,access_only_integrated_proxy,27050297.539786335,27074207.559444405
233,scenario_64,29388.180581493947,105.07505906232473,-27074214.811713707,Road,access_only_integrated_proxy,27074214.811713707,27103602.992295202
233,scenario_70,19685.369143926084,70.38344274923293,-27032013.376216486,Road,access_only_integrated_proxy,27032013.376216486,27051698.74536041
233,scenario_75,23935.970703257288,85.58112430214896,-27050484.3971003,Road,access_only_integrated_proxy,27050484.3971003,27074420.36780356
233,scenario_78,32253.21080365746,115.31874253821661,-27086343.346767645,Road,access_only_integrated_proxy,27086343.346767645,27118596.557571303
233,scenario_89,20041.566077017593,71.6569960295601,-27033914.82144497,Road,access_only_integrated_proxy,27033914.82144497,27053956.387521986
233,scenario_96,21211.446005728794,75.83980694785714,-27039045.77905077,Road,access_only_integrated_proxy,27039045.77905077,27060257.2250565
240,scenario_100,101367.6104140931,362.4316796928469,-13891798.142621573,Road,access_only_integrated_proxy,13891798.142621573,13993165.753035666
240,scenario_19,152915.78839721865,546.738014381117,-13923269.90492996,Road,access_only_integrated_proxy,13923269.90492996,14076185.69332718
240,scenario_26,69172.78941767986,247.32170518053135,-13872645.367532317,Road,access_only_integrated_proxy,13872645.367532317,13941818.156949997
240,scenario_44,117113.20204044586,418.7287670719852,-13901269.962621858,Road,access_only_integrated_proxy,13901269.962621858,14018383.164662303
240,scenario_64,145311.03192457132,519.5478236409253,-13918504.439059375,Road,access_only_integrated_proxy,13918504.439059375,14063815.470983947
240,scenario_70,95471.22043485341,341.3496149626044,-13888294.746642841,Road,access_only_integrated_proxy,13888294.746642841,13983765.967077695
240,scenario_75,117379.60897375924,419.68128348159735,-13901432.423912454,Road,access_only_integrated_proxy,13901432.423912454,14018812.032886215
240,scenario_78,159181.90283170232,569.1419989513379,-13927086.240488855,Road,access_only_integrated_proxy,13927086.240488855,14086268.143320557
240,scenario_89,98134.5265062466,350.8720500782001,-13889836.322600411,Road,access_only_integrated_proxy,13889836.322600411,13987970.849106658
240,scenario_96,104255.77340208144,372.7580724990621,-13893504.342880521,Road,access_only_integrated_proxy,13893504.342880521,13997760.116282603
243,scenario_100,313933.1753813687,1122.4426382350612,-32824344.311419614,Road,access_only_integrated_proxy,32824344.311419614,33138277.486800984
243,scenario_19,473500.94818433444,1692.9642840110282,-33262664.75313913,Road,access_only_integrated_proxy,33262664.75313913,33736165.701323465
243,scenario_26,214467.7421534577,766.8120389844298,-32551341.197070666,Road,access_only_integrated_proxy,32551341.197070666,32765808.939224124
243,scenario_44,362546.49278147833,1296.2556166488612,-32957790.997359753,Road,access_only_integrated_proxy,32957790.997359753,33320337.49014123
243,scenario_64,449234.38451644604,1606.2011513437174,-33196043.133542255,Road,access_only_integrated_proxy,33196043.133542255,33645277.5180587
243,scenario_70,295942.939731135,1058.1200079772425,-32774945.58321669,Road,access_only_integrated_proxy,32774945.58321669,33070888.522947825
243,scenario_75,363320.9666849921,1299.0246853541612,-32959976.2049411,Road,access_only_integrated_proxy,32959976.2049411,33323297.171626095
243,scenario_78,492325.3068648009,1760.269253594819,-33314375.270429004,Road,access_only_integrated_proxy,33314375.270429004,33806700.577293806
243,scenario_89,303758.7746127611,1086.0648924702073,-32796429.875219353,Road,access_only_integrated_proxy,32796429.875219353,33100188.649832115
243,scenario_96,322580.53977032483,1153.360589122949,-32848024.852605794,Road,access_only_integrated_proxy,32848024.852605794,33170605.392376117
245,scenario_100,-201278.29661621276,-719.6542448847831,-36546079.06425126,Road,access_only_integrated_proxy,36546079.06425126,36344800.76763505
245,scenario_19,-303511.7279054682,-1085.1815969804447,-36799163.06411116,Road,access_only_integrated_proxy,36799163.06411116,36495651.33620569
245,scenario_26,-137515.2539663537,-491.67465105288466,-36388909.795698754,Road,access_only_integrated_proxy,36388909.795698754,36251394.5417324
245,scenario_44,-232424.27585367288,-831.0141706500035,-36622962.9154591,Road,access_only_integrated_proxy,36622962.9154591,36390538.639605425
245,scenario_64,-288034.0471094192,-1029.8424030727838,-36760352.806001104,Road,access_only_integrated_proxy,36760352.806001104,36472318.75889169
245,scenario_70,-189729.43360339795,-678.3622207048866,-36517717.42403312,Road,access_only_integrated_proxy,36517717.42403312,36327987.99042972
245,scenario_75,-232932.42838033452,-832.8310288458888,-36624195.42127472,Road,access_only_integrated_proxy,36624195.42127472,36391262.99289439
245,scenario_78,-315638.27472619934,-1128.5390828199306,-36828877.638439566,Road,access_only_integrated_proxy,36828877.638439566,36513239.36371337
245,scenario_89,-194768.4282809194,-696.3787379876449,-36529889.80871362,Road,access_only_integrated_proxy,36529889.80871362,36335121.3804327
245,scenario_96,-206825.799318116,-739.4888914167277,-36559581.50576555,Road,access_only_integrated_proxy,36559581.50576555,36352755.70644744
249,scenario_100,152725.75073044217,546.0585500976704,-26257366.163564187,Road,access_only_integrated_proxy,26257366.163564187,26410091.91429463
249,scenario_19,230633.0811466863,824.6098990719511,-26644298.52605005,Road,access_only_integrated_proxy,26644298.52605005,26874931.607196737
249,scenario_26,104197.33179180982,372.54911925563283,-26016550.89010061,Road,access_only_integrated_proxy,26016550.89010061,26120748.22189242
249,scenario_44,176480.41279044878,630.9914200328894,-26374982.48896443,Road,access_only_integrated_proxy,26374982.48896443,26551462.90175488
249,scenario_64,218671.15996768986,781.8410188788912,-26584466.834037647,Road,access_only_integrated_proxy,26584466.834037647,26803137.994005337
249,scenario_70,143973.52314626385,514.7656693497702,-26214114.76603111,Road,access_only_integrated_proxy,26214114.76603111,26358088.289177373
249,scenario_75,176804.03353980315,632.1484998071173,-26376821.93615572,Road,access_only_integrated_proxy,26376821.93615572,26553625.969695523
249,scenario_78,239792.51906846295,857.3587273956218,-26689083.284519386,Road,access_only_integrated_proxy,26689083.284519386,26928875.80358785
249,scenario_89,147741.9702474658,528.2394466948499,-26232457.75574859,Road,access_only_integrated_proxy,26232457.75574859,26380199.725996055
249,scenario_96,156970.25191918638,561.2344202697168,-26277785.89898775,Road,access_only_integrated_proxy,26277785.89898775,26434756.15090694
25,scenario_100,-138312.3458798616,-494.524588620734,-32771830.982984524,Road,access_only_integrated_proxy,32771830.982984524,32633518.637104664
25,scenario_19,-208581.88998061235,-745.7676513273291,-33046583.918008164,Road,access_only_integrated_proxy,33046583.918008164,32838002.02802755
25,scenario_26,-94467.16358608405,-337.7596910340435,-32601156.135309953,Road,access_only_integrated_proxy,32601156.135309953,32506688.97172387
25,scenario_44,-159735.34293162051,-571.1207791968554,-32855384.21440607,Road,access_only_integrated_proxy,32855384.21440607,32695648.87147445
25,scenario_64,-198019.20493906538,-708.0016265977756,-33004832.932816606,Road,access_only_integrated_proxy,33004832.932816606,32806813.727877542
25,scenario_70,-130349.50342406967,-466.05409045477427,-32740932.217824735,Road,access_only_integrated_proxy,32740932.217824735,32610582.714400664
25,scenario_75,-160094.41035012,-572.4045956652335,-32856751.284794815,Road,access_only_integrated_proxy,32856751.284794815,32696656.874444693
25,scenario_78,-216987.20814173424,-775.8201855346924,-33079161.029705115,Road,access_only_integrated_proxy,33079161.029705115,32862173.82156338
25,scenario_89,-133854.6829274365,-478.58657582994056,-32754354.955500264,Road,access_only_integrated_proxy,32754354.955500264,32620500.272572827
25,scenario_96,-142163.16215285644,-508.2928702671961,-32786671.5846561,Road,access_only_integrated_proxy,32786671.5846561,32644508.422503244
250,scenario_100,532952.8720018505,1905.529821682594,-67286559.9824571,Road,access_only_integrated_proxy,67286559.9824571,67819512.85445896
250,scenario_19,803858.5551842945,2874.131147027645,-67389825.60135618,Road,access_only_integrated_proxy,67389825.60135618,68193684.15654047
250,scenario_26,363831.7899606976,1300.8510925969076,-67222424.18847053,Road,access_only_integrated_proxy,67222424.18847053,67586255.97843122
250,scenario_44,615627.1205910934,2201.124900437429,-67318000.48065306,Road,access_only_integrated_proxy,67318000.48065306,67933627.60124415
250,scenario_64,763526.8953060895,2729.9285642228897,-67374498.42479798,Road,access_only_integrated_proxy,67374498.42479798,68138025.32010408
250,scenario_70,502093.4418415427,1795.1944289306557,-67274823.38993223,Road,access_only_integrated_proxy,67274823.38993223,67776916.83177377
250,scenario_75,616993.6340790167,2206.010758718272,-67318531.92757455,Road,access_only_integrated_proxy,67318531.92757455,67935525.56165355
250,scenario_78,836485.2104047423,2990.785109827011,-67402377.33418128,Road,access_only_integrated_proxy,67402377.33418128,68238862.54458602
250,scenario_89,515869.5386013302,1844.4497469544767,-67280093.8871575,Road,access_only_integrated_proxy,67280093.8871575,67795963.42575882
250,scenario_96,547956.3418432474,1959.173512735633,-67292296.2319771,Road,access_only_integrated_proxy,67292296.2319771,67840252.57382035
255,scenario_100,155818.0884845459,557.1149532408344,-12630575.46049728,Road,access_only_integrated_proxy,12630575.46049728,12786393.548981827
255,scenario_19,234984.99003736489,840.1697967816399,-12698426.359213624,Road,access_only_integrated_proxy,12698426.359213624,12933411.349250989
255,scenario_26,106454.66252305513,380.62002242880044,-12588493.913142938,Road,access_only_integrated_proxy,12588493.913142938,12694948.575665994
255,scenario_44,179939.15653316426,643.3578781074029,-12651158.785923257,Road,access_only_integrated_proxy,12651158.785923257,12831097.942456422
255,scenario_64,222989.77489563086,797.2818767218087,-12687965.605099086,Road,access_only_integrated_proxy,12687965.605099086,12910955.379994716
255,scenario_70,146877.55547165955,525.1488016863805,-12622993.317102782,Road,access_only_integrated_proxy,12622993.317102782,12769870.872574441
255,scenario_75,180331.4859608705,644.7606201952913,-12651489.166256018,Road,access_only_integrated_proxy,12651489.166256018,12831820.652216889
255,scenario_78,244353.23783763303,873.66520791109,-12706319.031275963,Road,access_only_integrated_proxy,12706319.031275963,12950672.269113597
255,scenario_89,150777.56491470663,539.0929695274426,-12626217.716304298,Road,access_only_integrated_proxy,12626217.716304298,12776995.281219006
255,scenario_96,160117.78792942944,572.4881803063399,-12634165.87526237,Road,access_only_integrated_proxy,12634165.87526237,12794283.6631918
261,scenario_100,6172.493483298149,22.06925044307718,-9824155.215626732,Road,access_only_integrated_proxy,9824155.215626732,9830327.709110029
261,scenario_19,9333.323700338362,33.370542839198606,-9947625.442615481,Road,access_only_integrated_proxy,9947625.442615481,9956958.76631582
261,scenario_26,4190.439936487044,14.982578543864292,-9747521.659419103,Road,access_only_integrated_proxy,9747521.659419103,9751712.09935559
261,scenario_44,7148.119709483621,25.557522983628587,-9861615.949881528,Road,access_only_integrated_proxy,9861615.949881528,9868764.069591012
261,scenario_64,8905.628013553429,31.841351556839072,-9928378.674724337,Road,access_only_integrated_proxy,9928378.674724337,9937284.30273789
261,scenario_70,5795.700215194331,20.722056635331683,-9810444.005886286,Road,access_only_integrated_proxy,9810444.005886286,9816239.70610148
261,scenario_75,7165.820053005438,25.62080912806414,-9862191.188700171,Road,access_only_integrated_proxy,9862191.188700171,9869357.008753177
261,scenario_78,9747.903201274596,34.852838261540455,-9961809.229702655,Road,access_only_integrated_proxy,9961809.229702655,9971557.13290393
261,scenario_89,5984.9670934094665,21.39876502671541,-9816207.274442792,Road,access_only_integrated_proxy,9816207.274442792,9822192.241536202
261,scenario_96,6370.640103865769,22.777707633933474,-9830595.057263562,Road,access_only_integrated_proxy,9830595.057263562,9836965.697367428
267,scenario_100,86222.15061689618,308.2803150548243,-16337786.55017633,Road,access_only_integrated_proxy,16337786.55017633,16424008.700793225
267,scenario_19,129826.65837794016,464.1847003457078,-16363622.686048344,Road,access_only_integrated_proxy,16363622.686048344,16493449.344426284
267,scenario_26,59175.457094595346,211.57705329911187,-16321779.269743172,Road,access_only_integrated_proxy,16321779.269743172,16380954.726837767
267,scenario_44,99374.12849393749,355.3041465705028,-16345650.115794651,Road,access_only_integrated_proxy,16345650.115794651,16445024.244288588
267,scenario_64,122561.76741491664,438.2096712041712,-16359934.174529348,Road,access_only_integrated_proxy,16359934.174529348,16482495.941944264
267,scenario_70,81526.1749832808,291.49023457709336,-16334791.246880712,Road,access_only_integrated_proxy,16334791.246880712,16416317.421863994
267,scenario_75,99529.22310999563,355.8586748066882,-16345802.693325527,Road,access_only_integrated_proxy,16345802.693325527,16445331.916435523
267,scenario_78,134428.09295901147,480.63675694842095,-16366906.464061234,Road,access_only_integrated_proxy,16366906.464061234,16501334.557020245
267,scenario_89,83285.90213800207,297.78199647106885,-16336207.564530283,Road,access_only_integrated_proxy,16336207.564530283,16419493.466668285
267,scenario_96,88272.93251034054,315.61271959004443,-16339287.456185281,Road,access_only_integrated_proxy,16339287.456185281,16427560.388695622
27,scenario_100,-143847.8337519157,-514.3162771018215,-30655228.37197842,Road,access_only_integrated_proxy,30655228.37197842,30511380.538226504
27,scenario_19,-216948.43695830164,-775.6815623090115,-30920847.412041865,Road,access_only_integrated_proxy,30920847.412041865,30703898.975083563
27,scenario_26,-98223.04534963693,-351.18854203222145,-30490254.9207188,Road,access_only_integrated_proxy,30490254.9207188,30392031.875369165
27,scenario_44,-166146.2183343798,-594.0423448826987,-30735967.799649943,Road,access_only_integrated_proxy,30735967.799649943,30569821.581315562
27,scenario_64,-206021.6881908982,-736.6138572188538,-30880310.234423183,Road,access_only_integrated_proxy,30880310.234423183,30674288.546232283
27,scenario_70,-135542.59763618148,-484.62157814053717,-30625397.89481448,Road,access_only_integrated_proxy,30625397.89481448,30489855.2971783
27,scenario_75,-166524.0973065731,-595.393420537468,-30737270.705815524,Road,access_only_integrated_proxy,30737270.705815524,30570746.608508952
27,scenario_78,-225742.54683799457,-807.1241898118242,-30952191.42626823,Road,access_only_integrated_proxy,30952191.42626823,30726448.87943024
27,scenario_89,-139225.7010277273,-497.79021596505845,-30638292.27260216,Road,access_only_integrated_proxy,30638292.27260216,30499066.57157443
27,scenario_96,-147882.00953554432,-528.7401458254099,-30669495.133179076,Road,access_only_integrated_proxy,30669495.133179076,30521613.123643532
270,scenario_100,130331.79589491145,465.9907786186777,-24159328.877142962,Road,access_only_integrated_proxy,24159328.877142962,24289660.67303787
270,scenario_19,196631.9914792845,703.0417572443694,-24235778.184282344,Road,access_only_integrated_proxy,24235778.184282344,24432410.17576163
270,scenario_26,88934.48107763108,317.9780329032619,-24111888.320977952,Road,access_only_integrated_proxy,24111888.320977952,24200822.802055582
270,scenario_44,150586.50777209018,538.4098601907135,-24182545.82476283,Road,access_only_integrated_proxy,24182545.82476283,24333132.33253492
270,scenario_64,186852.39214831727,668.0755920386764,-24224023.32363581,Road,access_only_integrated_proxy,24224023.32363581,24410875.715784125
270,scenario_70,122752.22874702055,438.89065026867684,-24150787.907029353,Road,access_only_integrated_proxy,24150787.907029353,24273540.135776374
270,scenario_75,150940.49273372907,539.6755047462939,-24182919.605232444,Road,access_only_integrated_proxy,24182919.605232444,24333860.09796617
270,scenario_78,204703.9553531046,731.9024102010444,-24244691.428381074,Road,access_only_integrated_proxy,24244691.428381074,24449395.383734178
270,scenario_89,126175.49507834164,451.13026173261824,-24154444.53651651,Road,access_only_integrated_proxy,24154444.53651651,24280620.03159485
270,scenario_96,134061.21727547498,479.32502266091615,-24163394.690868612,Road,access_only_integrated_proxy,24163394.690868612,24297455.908144087
273,scenario_100,174333.89970000286,623.3167363575521,-15418788.203636166,Road,access_only_integrated_proxy,15418788.203636166,15593122.103336168
273,scenario_19,262873.4765215833,939.882821082756,-15460646.305884011,Road,access_only_integrated_proxy,15460646.305884011,15723519.782405594
273,scenario_26,119122.14785850077,425.9115901086061,-15393151.855814096,Road,access_only_integrated_proxy,15393151.855814096,15512274.003672596
273,scenario_44,201300.62723416276,719.7340862003584,-15431453.740158353,Road,access_only_integrated_proxy,15431453.740158353,15632754.367392516
273,scenario_64,249423.56973672457,891.7937688910824,-15454344.00088431,Road,access_only_integrated_proxy,15454344.00088431,15703767.570621034
273,scenario_70,164342.41754294353,587.5930012708595,-15414090.5233217,Road,access_only_integrated_proxy,15414090.5233217,15578432.940864643
273,scenario_75,201725.34758517324,721.2526394106753,-15431669.31290304,Road,access_only_integrated_proxy,15431669.31290304,15633394.660488212
273,scenario_78,273310.9971610705,977.2013306317604,-15465717.0577601,Road,access_only_integrated_proxy,15465717.0577601,15739028.05492117
273,scenario_89,168686.28003471927,603.1241297330744,-15416173.574901795,Road,access_only_integrated_proxy,15416173.574901795,15584859.854936514
273,scenario_96,179111.6962408913,640.3993608612873,-15421073.011939056,Road,access_only_integrated_proxy,15421073.011939056,15600184.708179947
277,scenario_100,290214.7872033052,1037.6394626263427,-46972315.21647075,Road,access_only_integrated_proxy,46972315.21647075,47262530.00367405
277,scenario_19,437763.8188071494,1565.1890728300314,-47196999.201372355,Road,access_only_integrated_proxy,47196999.201372355,47634763.0201795
277,scenario_26,198143.13195529542,708.4447176055255,-46832633.545966804,Road,access_only_integrated_proxy,46832633.545966804,47030776.6779221
277,scenario_44,335240.8216923033,1198.6264015814195,-47040573.39610833,Road,access_only_integrated_proxy,47040573.39610833,47375814.21780063
277,scenario_64,415751.0525500714,1486.484210234892,-47162150.6385296,Road,access_only_integrated_proxy,47162150.6385296,47577901.69107967
277,scenario_70,273433.64004661166,977.6398303342539,-46947277.43812521,Road,access_only_integrated_proxy,46947277.43812521,47220711.07817182
277,scenario_75,336007.69470711064,1201.3682939248647,-47041632.85221884,Road,access_only_integrated_proxy,47041632.85221884,47377640.54692595
277,scenario_78,455508.75952833757,1628.6346709393074,-47222924.316376984,Road,access_only_integrated_proxy,47222924.316376984,47678433.07590532
277,scenario_89,280904.3536594125,1004.3507616872848,-46957856.29004532,Road,access_only_integrated_proxy,46957856.29004532,47238760.643704735
277,scenario_96,298394.63985854376,1066.8858631813855,-46984121.88035086,Road,access_only_integrated_proxy,46984121.88035086,47282516.5202094
28,scenario_100,236045.56352066767,843.9617913588118,-119009011.68445417,Road,access_only_integrated_proxy,119009011.68445417,119245057.24797484
28,scenario_19,356069.6402454481,1273.0981550675242,-119525852.77711608,Road,access_only_integrated_proxy,119525852.77711608,119881922.41736153
28,scenario_26,161241.6470403943,576.5064475187282,-118687225.39878005,Road,access_only_integrated_proxy,118687225.39878005,118848467.04582044
28,scenario_44,272610.2275445261,974.6957856340596,-119166122.93683934,Road,access_only_integrated_proxy,119166122.93683934,119438733.16438387
28,scenario_64,337767.3447478591,1207.659780104077,-119446024.54890864,Road,access_only_integrated_proxy,119446024.54890864,119783791.89365649
28,scenario_70,222528.9521684609,795.6342423900278,-118951199.17595692,Road,access_only_integrated_proxy,118951199.17595692,119173728.12812538
28,scenario_75,273178.89808599214,976.7290210895808,-119168575.95323701,Road,access_only_integrated_proxy,119168575.95323701,119441754.85132301
28,scenario_78,370197.995522719,1323.612944885699,-119585738.65094888,Road,access_only_integrated_proxy,119585738.65094888,119955936.6464716
28,scenario_89,228382.37693171753,816.5626884709454,-118975767.55266327,Road,access_only_integrated_proxy,118975767.55266327,119204149.92959498
28,scenario_96,242541.18984247593,867.1863770904165,-119036337.26504578,Road,access_only_integrated_proxy,119036337.26504578,119278878.45488825
284,scenario_100,147920.87148047282,528.879093561467,-31757261.478242494,Road,access_only_integrated_proxy,31757261.478242494,31905182.349722967
284,scenario_19,222754.65813781682,796.4412358000154,-31825958.910807744,Road,access_only_integrated_proxy,31825958.910807744,32048713.56894556
284,scenario_26,101481.98678508496,362.8406231422032,-31714668.092983782,Road,access_only_integrated_proxy,31714668.092983782,31816150.079768866
284,scenario_44,170510.62608499813,609.6469312536246,-31778011.405789312,Road,access_only_integrated_proxy,31778011.405789312,31948522.03187431
284,scenario_64,210379.71388268814,752.1956250554213,-31814876.72018653,Road,access_only_integrated_proxy,31814876.72018653,32025256.43406922
284,scenario_70,139829.29627258235,499.9483218684509,-31749749.024061065,Road,access_only_integrated_proxy,31749749.024061065,31889578.32033365
284,scenario_75,170785.32344408723,610.6290894090271,-31778289.832399547,Road,access_only_integrated_proxy,31778289.832399547,31949075.155843634
284,scenario_78,230733.54798972796,824.9691101308708,-31833527.53918759,Road,access_only_integrated_proxy,31833527.53918759,32064261.08717732
284,scenario_89,142904.34406397908,510.9429061505398,-31752726.815304022,Road,access_only_integrated_proxy,31752726.815304022,31895631.159368
284,scenario_96,151484.37961854532,541.6201282450784,-31760660.041518055,Road,access_only_integrated_proxy,31760660.041518055,31912144.4211366
285,scenario_100,179344.68928793582,641.2324086272565,-53077452.60998328,Road,access_only_integrated_proxy,53077452.60998328,53256797.29927122
285,scenario_19,270872.77298030065,968.4836575831977,-53475499.06373198,Road,access_only_integrated_proxy,53475499.06373198,53746371.836712286
285,scenario_26,122256.08861446673,437.1167414148531,-52829697.45212048,Road,access_only_integrated_proxy,52829697.45212048,52951953.54073495
285,scenario_44,207313.56494926196,741.232857919149,-53198458.34592835,Road,access_only_integrated_proxy,53198458.34592835,53405771.91087761
285,scenario_64,257160.9995016759,919.458322240629,-53414013.321314916,Road,access_only_integrated_proxy,53414013.321314916,53671174.32081659
285,scenario_70,168945.78290521968,604.0519612253665,-53032942.73551967,Road,access_only_integrated_proxy,53032942.73551967,53201888.51842489
285,scenario_75,207734.35779799637,742.7373686632272,-53200350.10243701,Road,access_only_integrated_proxy,53200350.10243701,53408084.46023501
285,scenario_78,281908.3165869543,1007.9403498081045,-53521622.89008517,Road,access_only_integrated_proxy,53521622.89008517,53803531.206672125
285,scenario_89,173569.16883881702,620.5825031108543,-53051842.000894815,Road,access_only_integrated_proxy,53051842.000894815,53225411.16973363
285,scenario_96,184481.65640316354,659.5992184247189,-53098489.09261761,Road,access_only_integrated_proxy,53098489.09261761,53282970.74902077
289,scenario_100,148642.9187547027,531.460715100613,-79499261.31933196,Road,access_only_integrated_proxy,79499261.31933196,79647904.23808666
289,scenario_19,224476.6983086625,802.5982509360001,-79879317.30231646,Road,access_only_integrated_proxy,79879317.30231646,80103794.00062512
289,scenario_26,101240.5302158653,361.97731473828935,-79262734.81328207,Road,access_only_integrated_proxy,79262734.81328207,79363975.34349793
289,scenario_44,171883.93466331466,614.5570848297284,-79614804.41065142,Road,access_only_integrated_proxy,79614804.41065142,79786688.34531473
289,scenario_64,213554.47752794242,763.5467352954365,-79820632.91762641,Road,access_only_integrated_proxy,79820632.91762641,80034187.39515436
289,scenario_70,139878.25943019628,500.1233856722102,-79456749.60883102,Road,access_only_integrated_proxy,79456749.60883102,79596627.86826122
289,scenario_75,172293.59133411094,616.0217790716815,-79616615.92185351,Road,access_only_integrated_proxy,79616615.92185351,79788909.51318762
289,scenario_78,233954.52358538812,836.4854474561362,-79923373.81069788,Road,access_only_integrated_proxy,79923373.81069788,80157328.33428328
289,scenario_89,143956.19350113263,514.7037086074015,-79474815.9594984,Road,access_only_integrated_proxy,79474815.9594984,79618772.15299954
289,scenario_96,153072.39239528624,547.297939290409,-79519363.46719623,Road,access_only_integrated_proxy,79519363.46719623,79672435.85959151
308,scenario_100,21034.749186968387,75.20804178580876,-70367363.06336944,Road,access_only_integrated_proxy,70367363.06336944,70388397.8125564
308,scenario_19,31922.883298470228,114.137683301793,-70550458.7738783,Road,access_only_integrated_proxy,70550458.7738783,70582381.65717678
308,scenario_26,14358.400777906449,51.33729887072697,-70253401.9672801,Road,access_only_integrated_proxy,70253401.9672801,70267760.36805801
308,scenario_44,24301.927139402345,86.88957189506982,-70423059.0122642,Road,access_only_integrated_proxy,70423059.0122642,70447360.93940361
308,scenario_64,29787.64666294195,106.50331767755782,-70522538.62107825,Road,access_only_integrated_proxy,70522538.62107825,70552326.26774119
308,scenario_70,19963.5450408596,71.378038134917,-70346769.14777389,Road,access_only_integrated_proxy,70346769.14777389,70366732.69281475
308,scenario_75,24258.989857253153,86.73605312090513,-70423974.70487072,Road,access_only_integrated_proxy,70423974.70487072,70448233.69472797
308,scenario_78,32870.730563465375,117.52663441685945,-70571986.26655045,Road,access_only_integrated_proxy,70571986.26655045,70604856.99711391
308,scenario_89,20234.69884531442,72.34752659777223,-70355669.91599253,Road,access_only_integrated_proxy,70355669.91599253,70375904.61483784
308,scenario_96,21478.34826996447,76.7940943730573,-70377208.63650775,Road,access_only_integrated_proxy,70377208.63650775,70398686.98477772
331,scenario_100,107887.61010700249,385.7434104384447,-80711993.47019258,Road,access_only_integrated_proxy,80711993.47019258,80819881.08029959
331,scenario_19,162845.91483771615,582.2423770733985,-81104065.88293125,Road,access_only_integrated_proxy,81104065.88293125,81266911.79776897
331,scenario_26,73707.00444442827,263.5334237119223,-80467889.56442064,Road,access_only_integrated_proxy,80467889.56442064,80541596.56886508
331,scenario_44,124595.16109257357,445.479905582386,-80831177.14185743,Road,access_only_integrated_proxy,80831177.14185743,80955772.30295001
331,scenario_64,154164.55487378972,551.2028777610358,-81043416.128637,Road,access_only_integrated_proxy,81043416.128637,81197580.6835108
331,scenario_70,101797.28588034626,363.9679495163218,-80668162.91021971,Road,access_only_integrated_proxy,80668162.91021971,80769960.19610006
331,scenario_75,124800.98915397281,446.2158271426961,-80833028.96756038,Road,access_only_integrated_proxy,80833028.96756038,80957829.95671435
331,scenario_78,169101.4777545718,604.6086355470725,-81149425.59885563,Road,access_only_integrated_proxy,81149425.59885563,81318527.07661021
331,scenario_89,104314.19421601173,372.96695138685755,-80686740.64072758,Road,access_only_integrated_proxy,80686740.64072758,80791054.83494359
331,scenario_96,110762.90751546621,396.0238034072536,-80732677.58594476,Road,access_only_integrated_proxy,80732677.58594476,80843440.49346022
334,scenario_100,198844.97311703052,710.9540938262544,-14940645.81739592,Road,access_only_integrated_proxy,14940645.81739592,15139490.790512951
334,scenario_19,299755.7373144362,1071.7523568784309,-14895836.224889757,Road,access_only_integrated_proxy,14895836.224889757,15195591.962204194
334,scenario_26,136033.80465803514,486.37784905666194,-14969067.546077946,Road,access_only_integrated_proxy,14969067.546077946,15105101.350735981
334,scenario_44,229502.13920176757,820.5663077605095,-14926893.006063707,Road,access_only_integrated_proxy,14926893.006063707,15156395.145265475
334,scenario_64,284013.77871567645,1015.4682590951561,-14902797.36540578,Road,access_only_integrated_proxy,14902797.36540578,15186811.144121455
334,scenario_70,187606.57612333208,670.7721157482265,-14945701.796789233,Road,access_only_integrated_proxy,14945701.796789233,15133308.372912565
334,scenario_75,229962.36444340175,822.2118058311571,-14926714.45388188,Road,access_only_integrated_proxy,14926714.45388188,15156676.818325281
334,scenario_78,311316.3960498203,1113.0865557088546,-14890810.772881158,Road,access_only_integrated_proxy,14890810.772881158,15202127.168930978
334,scenario_89,192318.31995725897,687.6185741488589,-14943598.432428401,Road,access_only_integrated_proxy,14943598.432428401,15135916.75238566
334,scenario_96,204109.6596425954,729.7775540293915,-14938299.460734734,Road,access_only_integrated_proxy,14938299.460734734,15142409.12037733
348,scenario_100,105632.69926225039,377.6811593734092,-33339916.623768687,Road,access_only_integrated_proxy,33339916.623768687,33445549.323030937
348,scenario_19,159614.0369227098,570.6870593884596,-33839617.60574438,Road,access_only_integrated_proxy,33839617.60574438,33999231.642667085
348,scenario_26,71927.7688854725,257.1719110988961,-33028728.551234685,Road,access_only_integrated_proxy,33028728.551234685,33100656.320120156
348,scenario_44,122164.21669128611,436.7882607956599,-33491987.371401023,Road,access_only_integrated_proxy,33491987.371401023,33614151.58809231
348,scenario_64,151680.2746426931,542.3205350353273,-33763262.83422594,Road,access_only_integrated_proxy,33763262.83422594,33914943.10886863
348,scenario_70,99444.70237893377,355.55647777942795,-33283747.05318866,Road,access_only_integrated_proxy,33283747.05318866,33383191.75556759
348,scenario_75,122420.09634186832,437.70313775863536,-33494446.71044024,Road,access_only_integrated_proxy,33494446.71044024,33616866.80678211
348,scenario_78,166250.47109207584,594.4150921727851,-33898225.600490764,Road,access_only_integrated_proxy,33898225.600490764,34064476.07158284
348,scenario_89,102261.81243098718,365.6288265688927,-33307988.2981248,Road,access_only_integrated_proxy,33307988.2981248,33410250.11055579
348,scenario_96,108744.22382849765,388.8061634091536,-33366733.640780803,Road,access_only_integrated_proxy,33366733.640780803,33475477.8646093
351,scenario_100,-402650.8918828139,-1439.6456469553123,-38080497.36760535,Road,access_only_integrated_proxy,38080497.36760535,37677846.47572254
351,scenario_19,-607149.4834285588,-2170.813795498758,-38450521.03237629,Road,access_only_integrated_proxy,38450521.03237629,37843371.54894773
351,scenario_26,-275121.1972917164,-983.6735545625615,-37849768.47778951,Road,access_only_integrated_proxy,37849768.47778951,37574647.28049779
351,scenario_44,-464940.66313457984,-1662.3576782465425,-38193339.87882397,Road,access_only_integrated_proxy,38193339.87882397,37728399.21568939
351,scenario_64,-576127.0267207633,-2059.895514532338,-38395252.03917455,Road,access_only_integrated_proxy,38395252.03917455,37819125.01245379
351,scenario_70,-379573.5260934136,-1357.1343949708644,-38038454.90155065,Road,access_only_integrated_proxy,38038454.90155065,37658881.375457235
351,scenario_75,-465955.5967636186,-1665.9864912218763,-38195244.78871762,Road,access_only_integrated_proxy,38195244.78871762,37729289.191954
351,scenario_78,-631360.0496811258,-2257.3767139436895,-38495063.86442767,Road,access_only_integrated_proxy,38495063.86442767,37863703.814746544
351,scenario_89,-389613.7838542947,-1393.032523277925,-38057120.004742995,Road,access_only_integrated_proxy,38057120.004742995,37667506.2208887
351,scenario_96,-413721.64591630147,-1479.228231209123,-38100931.713244885,Road,access_only_integrated_proxy,38100931.713244885,37687210.06732859
356,scenario_100,-253151.27075599442,-905.1218619208739,-22951002.624016847,Road,access_only_integrated_proxy,22951002.624016847,22697851.353260852
356,scenario_19,-381669.9545741605,-1364.630005181356,-23152317.761509478,Road,access_only_integrated_proxy,23152317.761509478,22770647.806935318
356,scenario_26,-173071.8145288918,-618.8042530641942,-22825747.97754605,Road,access_only_integrated_proxy,22825747.97754605,22652676.16301716
356,scenario_44,-292253.89672823896,-1044.9301335534801,-23012158.27038951,Road,access_only_integrated_proxy,23012158.27038951,22719904.37366127
356,scenario_64,-361949.9742250814,-1294.1228128717994,-23121078.127909087,Road,access_only_integrated_proxy,23121078.127909087,22759128.153684005
356,scenario_70,-238726.84438431426,-853.5484938880509,-22928542.31638214,Road,access_only_integrated_proxy,22928542.31638214,22689815.471997827
356,scenario_75,-292877.31170087226,-1047.159103288035,-23013103.496191643,Road,access_only_integrated_proxy,23013103.496191643,22720226.18449077
356,scenario_78,-396673.3062387686,-1418.27327370286,-23175524.238022216,Road,access_only_integrated_proxy,23175524.238022216,22778850.931783445
356,scenario_89,-244908.58214157357,-875.6507964838383,-22938014.55751249,Road,access_only_integrated_proxy,22938014.55751249,22693105.975370914
356,scenario_96,-260007.20357920427,-929.6346943614008,-22961572.028264362,Road,access_only_integrated_proxy,22961572.028264362,22701564.824685156
358,scenario_100,334815.5829818632,1197.105995018952,-69882231.16541773,Road,access_only_integrated_proxy,69882231.16541773,70217046.7483996
358,scenario_19,505055.50020976947,1805.7850286829746,-70229827.88025627,Road,access_only_integrated_proxy,70229827.88025627,70734883.38046603
358,scenario_26,228593.48157939356,817.3174760380552,-69665979.35320142,Road,access_only_integrated_proxy,69665979.35320142,69894572.83478081
358,scenario_44,386761.9427833429,1382.8359965437958,-69987862.42134786,Road,access_only_integrated_proxy,69987862.42134786,70374624.3641312
358,scenario_64,479620.1680970739,1714.8430591180295,-70176003.62478715,Road,access_only_integrated_proxy,70176003.62478715,70655623.79288423
358,scenario_70,315466.2418901899,1127.9239933503995,-69843408.20316388,Road,access_only_integrated_proxy,69843408.20316388,70158874.44505407
358,scenario_75,387639.70443447074,1385.9743622238057,-69989506.06989187,Road,access_only_integrated_proxy,69989506.06989187,70377145.77432634
358,scenario_78,525503.7609415748,1878.896128506189,-70269999.28783779,Road,access_only_integrated_proxy,70269999.28783779,70795503.04877937
358,scenario_89,324064.9073791654,1158.6678252662896,-69859837.09458673,Road,access_only_integrated_proxy,69859837.09458673,70183902.0019659
358,scenario_96,344242.2363686716,1230.8102305918983,-69900534.93365842,Road,access_only_integrated_proxy,69900534.93365842,70244777.17002709
390,scenario_100,39735.079192355704,142.06955688886956,-18925203.06448046,Road,access_only_integrated_proxy,18925203.06448046,18964938.143672816
390,scenario_19,59853.97297805889,214.00303187685859,-19084159.58191689,Road,access_only_integrated_proxy,19084159.58191689,19144013.55489495
390,scenario_26,27223.13191549143,97.33410293806992,-18826429.385694075,Road,access_only_integrated_proxy,18826429.385694075,18853652.517609566
390,scenario_44,45832.583974114095,163.8706913040951,-18973476.490996726,Road,access_only_integrated_proxy,18973476.490996726,19019309.07497084
390,scenario_64,56662.993546263395,202.5939434056345,-19059589.12619835,Road,access_only_integrated_proxy,19059589.12619835,19116252.119744614
390,scenario_70,37513.71784525386,134.12725933498587,-18907435.59619604,Road,access_only_integrated_proxy,18907435.59619604,18944949.314041294
390,scenario_75,45924.68655056441,164.19999660536996,-18974224.485432312,Road,access_only_integrated_proxy,18974224.485432312,19020149.171982877
390,scenario_78,62108.64514686231,222.06442957537365,-19102560.99563887,Road,access_only_integrated_proxy,19102560.99563887,19164669.64078573
390,scenario_89,38419.96078916602,137.36745757020253,-18914977.53896115,Road,access_only_integrated_proxy,18914977.53896115,18953397.499750316
390,scenario_96,40752.810261499675,145.7083718846916,-18933586.42310036,Road,access_only_integrated_proxy,18933586.42310036,18974339.23336186
392,scenario_100,45166.63243388945,161.48963551781708,-9233123.895451486,Road,access_only_integrated_proxy,9233123.895451486,9278290.527885376
392,scenario_19,68029.91367455981,243.2354455403256,-9237767.991974372,Road,access_only_integrated_proxy,9237767.991974372,9305797.905648932
392,scenario_26,30969.351222116067,110.72840660421389,-9230699.291988418,Road,access_only_integrated_proxy,9230699.291988418,9261668.643210534
392,scenario_44,52077.20289172714,186.19782039500205,-9234388.20298519,Road,access_only_integrated_proxy,9234388.20298519,9286465.405876918
392,scenario_64,64291.517873967074,229.86911418625095,-9236941.033983197,Road,access_only_integrated_proxy,9236941.033983197,9301232.551857164
392,scenario_70,42679.513474040206,152.5971431474063,-9232693.852207694,Road,access_only_integrated_proxy,9232693.852207694,9275373.365681734
392,scenario_75,52164.28362437481,186.50917050055796,-9234409.87457677,Road,access_only_integrated_proxy,9234409.87457677,9286574.158201145
392,scenario_78,70502.0033458077,252.0742019067984,-9238309.944730947,Road,access_only_integrated_proxy,9238309.944730947,9308811.948076755
392,scenario_89,43644.208740131275,156.04633292560902,-9232834.34316649,Road,access_only_integrated_proxy,9232834.34316649,9276478.551906621
392,scenario_96,46275.72734610428,165.4551145335572,-9233310.475935372,Road,access_only_integrated_proxy,9233310.475935372,9279586.203281475
394,scenario_100,353894.6673262297,1265.3217155798156,-14034363.122820891,Road,access_only_integrated_proxy,14034363.122820891,14388257.790147122
394,scenario_19,533776.2719400964,1908.4738214617973,-14116966.36480734,Road,access_only_integrated_proxy,14116966.36480734,14650742.636747437
394,scenario_26,241603.10504417442,863.8323308841991,-13983108.830100192,Road,access_only_integrated_proxy,13983108.830100192,14224711.935144367
394,scenario_44,408785.7554546953,1461.5803546983516,-14059477.041175157,Road,access_only_integrated_proxy,14059477.041175157,14468262.796629852
394,scenario_64,506972.45862258645,1812.6389582036609,-14104707.117394604,Road,access_only_integrated_proxy,14104707.117394604,14611679.57601719
394,scenario_70,333412.2102200452,1192.0883493901056,-14024988.04270608,Road,access_only_integrated_proxy,14024988.04270608,14358400.252926124
394,scenario_75,409691.6477714439,1464.8192992945478,-14059905.724077137,Road,access_only_integrated_proxy,14059905.724077137,14469597.371848581
394,scenario_78,555421.8788701881,1985.8659356252538,-14127034.063347615,Road,access_only_integrated_proxy,14127034.063347615,14682455.942217803
394,scenario_89,342545.625845454,1224.7441371010646,-14029204.830667164,Road,access_only_integrated_proxy,14029204.830667164,14371750.456512619
394,scenario_96,363846.326312072,1300.903066143721,-14038962.469976222,Road,access_only_integrated_proxy,14038962.469976222,14402808.796288295
423,scenario_100,118041.54786973596,422.04799238341366,-23303891.29975281,Road,access_only_integrated_proxy,23303891.29975281,23421932.847622544
423,scenario_19,177937.9345925546,636.2026711689105,-23307446.119121395,Road,access_only_integrated_proxy,23307446.119121395,23485384.05371395
423,scenario_26,80788.7710973621,288.8537067168254,-23302146.887123227,Road,access_only_integrated_proxy,23302146.887123227,23382935.65822059
423,scenario_44,136215.31608743643,487.02682846904645,-23304880.12544928,Road,access_only_integrated_proxy,23304880.12544928,23441095.441536717
423,scenario_64,168457.99937786398,602.3079307364969,-23307126.651987243,Road,access_only_integrated_proxy,23307126.651987243,23475584.65136511
423,scenario_70,111416.95627615879,398.3623017695063,-23303474.17961073,Road,access_only_integrated_proxy,23303474.17961073,23414891.13588689
423,scenario_75,136470.3144998628,487.938554636381,-23304943.07119576,Road,access_only_integrated_proxy,23304943.07119576,23441413.38569562
423,scenario_78,184691.85704983017,660.3507738094486,-23308173.588537868,Road,access_only_integrated_proxy,23308173.588537868,23492865.4455877
423,scenario_89,114135.25318403047,408.08135216636583,-23303773.88390344,Road,access_only_integrated_proxy,23303773.88390344,23417909.13708747
423,scenario_96,121109.0686098752,433.0156643034643,-23304191.006985307,Road,access_only_integrated_proxy,23304191.006985307,23425300.07559518
459,scenario_100,49063.81423838642,175.4236933662978,-72728897.09756133,Road,access_only_integrated_proxy,72728897.09756133,72777960.91179971
459,scenario_19,74306.18471623707,265.67574423682527,-72959182.12445475,Road,access_only_integrated_proxy,72959182.12445475,73033488.30917099
459,scenario_26,33433.83884333572,119.53998245661933,-72585559.20829797,Road,access_only_integrated_proxy,72585559.20829797,72618993.0471413
459,scenario_44,56728.32883588264,202.8275444411447,-72798955.12332939,Road,access_only_integrated_proxy,72798955.12332939,72855683.45216528
459,scenario_64,70045.30879364844,250.44132753036314,-72924008.67437434,Road,access_only_integrated_proxy,72924008.67437434,72994053.98316799
459,scenario_70,46352.840067052006,165.7308248207446,-72703015.52822816,Road,access_only_integrated_proxy,72703015.52822816,72749368.36829522
459,scenario_75,56748.749098796514,202.90055543703784,-72800088.37167393,Road,access_only_integrated_proxy,72800088.37167393,72856837.12077272
459,scenario_78,77012.13479611652,275.3506495503607,-72986203.23287469,Road,access_only_integrated_proxy,72986203.23287469,73063215.3676708
459,scenario_89,47366.534840810804,169.3552083693794,-72714184.23152748,Road,access_only_integrated_proxy,72714184.23152748,72761550.76636828
459,scenario_96,50335.06669910886,179.9689535610596,-72741250.8321951,Road,access_only_integrated_proxy,72741250.8321951,72791585.8988942
464,scenario_100,2473.270272141246,8.842977509331831,-8583335.761849903,Road,access_only_integrated_proxy,8583335.761849903,8585809.032122044
464,scenario_19,3724.9633565988347,13.318304738677398,-8582745.086551722,Road,access_only_integrated_proxy,8582745.086551722,8586470.049908321
464,scenario_26,1696.4490488700646,6.065516152384589,-8584186.708307758,Road,access_only_integrated_proxy,8584186.708307758,8585883.157356627
464,scenario_44,2851.2512632657604,10.194417924525624,-8583046.241440412,Road,access_only_integrated_proxy,8583046.241440412,8585897.492703678
464,scenario_64,3518.349204920184,12.57957257625094,-8582787.545049487,Road,access_only_integrated_proxy,8582787.545049487,8586305.894254407
464,scenario_70,2337.7894523298833,8.358576812799583,-8583494.543032655,Road,access_only_integrated_proxy,8583494.543032655,8585832.332484985
464,scenario_75,2855.8061809082405,10.210703663582535,-8583051.837675039,Road,access_only_integrated_proxy,8583051.837675039,8585907.643855946
464,scenario_78,3858.7616637981228,13.796689747658093,-8582727.933161553,Road,access_only_integrated_proxy,8582727.933161553,8586586.694825351
464,scenario_89,2389.456511443189,8.543308197338774,-8583411.918012638,Road,access_only_integrated_proxy,8583411.918012638,8585801.374524081
464,scenario_96,2533.147209750245,9.057062649386353,-8583287.693839837,Road,access_only_integrated_proxy,8583287.693839837,8585820.841049587
469,scenario_100,302559.89835405577,1081.778407522881,-16805290.227363016,Road,access_only_integrated_proxy,16805290.227363016,17107850.125717074
469,scenario_19,456384.86068838736,1631.7670996679772,-17048570.91021079,Road,access_only_integrated_proxy,17048570.91021079,17504955.770899177
469,scenario_26,206573.84599258652,738.5880527109239,-16654022.156009084,Road,access_only_integrated_proxy,16654022.156009084,16860596.00200167
469,scenario_44,349499.3410021815,1249.6065823541685,-16879210.21591995,Road,access_only_integrated_proxy,16879210.21591995,17228709.55692213
469,scenario_64,433425.174196037,1549.6766004774508,-17010891.129017606,Road,access_only_integrated_proxy,17010891.129017606,17444316.303213645
469,scenario_70,285068.5728758123,1019.2395901705022,-16778159.850947414,Road,access_only_integrated_proxy,16778159.850947414,17063228.423823226
469,scenario_75,350297.2134453237,1252.4593106424982,-16880363.03164955,Road,access_only_integrated_proxy,16880363.03164955,17230660.245094873
469,scenario_78,474876.25786997256,1697.8815923842594,-17076679.91712966,Road,access_only_integrated_proxy,17076679.91712966,17551556.174999632
469,scenario_89,292850.5429122327,1047.0633936526756,-16789645.770957462,Road,access_only_integrated_proxy,16789645.770957462,17082496.313869696
469,scenario_96,311083.45829803625,1112.25370564661,-16818098.723075733,Road,access_only_integrated_proxy,16818098.723075733,17129182.181373768
486,scenario_100,166736.41771802484,596.1525549694743,-80456694.93777928,Road,access_only_integrated_proxy,80456694.93777928,80623431.3554973
486,scenario_19,252187.83302921974,901.6771683726292,-80855069.80962192,Road,access_only_integrated_proxy,80855069.80962192,81107257.64265114
486,scenario_26,113558.23043347357,406.01825406381613,-80208661.29405792,Road,access_only_integrated_proxy,80208661.29405792,80322219.5244914
486,scenario_44,192828.14619457044,689.4414165615926,-80577831.0368499,Road,access_only_integrated_proxy,80577831.0368499,80770659.18304448
486,scenario_64,238957.01263704908,854.37144183079,-80793601.52298334,Road,access_only_integrated_proxy,80793601.52298334,81032558.53562039
486,scenario_70,157166.94980764808,561.9376976362837,-80412105.3729238,Road,access_only_integrated_proxy,80412105.3729238,80569272.32273145
486,scenario_75,193116.82956168335,690.4735805557393,-80579732.19371012,Road,access_only_integrated_proxy,80579732.19371012,80772849.0232718
486,scenario_78,262224.1918714729,937.5613564119703,-80901287.67126788,Road,access_only_integrated_proxy,80901287.67126788,81163511.86313936
486,scenario_89,161261.96339357516,576.5790869937882,-80431080.03252587,Road,access_only_integrated_proxy,80431080.03252587,80592341.99591944
486,scenario_96,171444.31702141644,612.9852675626062,-80477785.00867102,Road,access_only_integrated_proxy,80477785.00867102,80649229.32569243
493,scenario_100,-9004.534915612761,-32.194985173140594,-6723057.004108557,Road,access_only_integrated_proxy,6723057.004108557,6714052.469192944
493,scenario_19,-13560.912492298428,-48.485944106541865,-6723477.472034964,Road,access_only_integrated_proxy,6723477.472034964,6709916.559542665
493,scenario_26,-6176.267884069769,-22.082745507288564,-6723307.030354719,Road,access_only_integrated_proxy,6723307.030354719,6717130.762470649
493,scenario_44,-10380.710784086747,-37.115390512935846,-6723036.499797658,Road,access_only_integrated_proxy,6723036.499797658,6712655.789013571
493,scenario_64,-12811.005527855883,-45.80471250183109,-6723333.477242139,Road,access_only_integrated_proxy,6723333.477242139,6710522.471714283
493,scenario_70,-8510.60918900028,-30.428993748380893,-6723087.319942549,Road,access_only_integrated_proxy,6723087.319942549,6714576.710753549
493,scenario_75,-10397.635986806756,-37.17590520422527,-6723041.466273299,Road,access_only_integrated_proxy,6723041.466273299,6712643.830286493
493,scenario_78,-14049.32722445277,-50.23223141703784,-6723578.410808047,Road,access_only_integrated_proxy,6723578.410808047,6709529.083583594
493,scenario_89,-8699.911717051054,-31.105829602864105,-6723065.203931861,Road,access_only_integrated_proxy,6723065.203931861,6714365.29221481
493,scenario_96,-9223.16269357869,-32.976671083186375,-6723040.250799723,Road,access_only_integrated_proxy,6723040.250799723,6713817.088106144
499,scenario_100,-213859.35334207892,-764.6367940722375,-29780355.886268698,Road,access_only_integrated_proxy,29780355.886268698,29566496.53292662
499,scenario_19,-322558.3436105199,-1153.2812285515793,-30011820.145479426,Road,access_only_integrated_proxy,30011820.145479426,29689261.801868904
499,scenario_26,-146002.48034854632,-522.0200414696628,-29636683.16595851,Road,access_only_integrated_proxy,29636683.16595851,29490680.685609963
499,scenario_44,-247029.0024980406,-883.2321877024915,-29850667.560767,Road,access_only_integrated_proxy,29850667.560767,29603638.558268957
499,scenario_64,-306368.8214205117,-1095.396903402947,-29976379.26272113,Road,access_only_integrated_proxy,29976379.26272113,29670010.441300616
499,scenario_70,-201486.42518587,-720.3983917260157,-29754403.833943717,Road,access_only_integrated_proxy,29754403.833943717,29552917.408757847
499,scenario_75,-247590.47907648378,-885.2397017259755,-29851798.12656879,Road,access_only_integrated_proxy,29851798.12656879,29604207.64749231
499,scenario_78,-335673.61312582664,-1200.1738122934585,-30039054.5825701,Road,access_only_integrated_proxy,30039054.5825701,29703380.96944427
499,scenario_89,-207001.05183220707,-740.1154925844276,-29765575.13201414,Road,access_only_integrated_proxy,29765575.13201414,29558574.080181934
499,scenario_96,-219883.4317870294,-786.1753985681498,-29792732.072201688,Road,access_only_integrated_proxy,29792732.072201688,29572848.64041466
517,scenario_100,105403.80150528917,376.86275398539146,-11143836.120121924,Road,access_only_integrated_proxy,11143836.120121924,11249239.921627214
517,scenario_19,158994.0398484904,568.4703100728148,-11175710.560930457,Road,access_only_integrated_proxy,11175710.560930457,11334704.600778947
517,scenario_26,71939.86346691221,257.2151542951051,-11124290.596344218,Road,access_only_integrated_proxy,11124290.596344218,11196230.45981113
517,scenario_44,121766.35181199743,435.36572714904105,-11153475.124199025,Road,access_only_integrated_proxy,11153475.124199025,11275241.476011023
517,scenario_64,151055.80538998437,540.0877958077654,-11170956.106549753,Road,access_only_integrated_proxy,11170956.106549753,11322011.911939736
517,scenario_70,99285.31356545704,354.9865959882263,-11140246.686474675,Road,access_only_integrated_proxy,11140246.686474675,11239532.000040133
517,scenario_75,122040.82480094595,436.3470830871811,-11153640.332462315,Road,access_only_integrated_proxy,11153640.332462315,11275681.15726326
517,scenario_78,165483.30646519782,591.6721571940034,-11179618.230113301,Road,access_only_integrated_proxy,11179618.230113301,11345101.536578499
517,scenario_89,102034.42135132138,364.8158081834954,-11141854.565035416,Road,access_only_integrated_proxy,11141854.565035416,11243888.986386737
517,scenario_96,108391.10650512774,387.5436210239204,-11145585.192441732,Road,access_only_integrated_proxy,11145585.192441732,11253976.29894686
521,scenario_100,84758.99517067763,303.0489212806351,-58692667.015654854,Road,access_only_integrated_proxy,58692667.015654854,58777426.01082553
521,scenario_19,128876.9549291412,460.7891125958122,-59233636.344601996,Road,access_only_integrated_proxy,59233636.344601996,59362513.29953114
521,scenario_26,57315.1483100249,204.92566993528456,-58355777.98358798,Road,access_only_integrated_proxy,58355777.98358798,58413093.13189801
521,scenario_44,98339.3024446299,351.6042098578946,-58857263.81972195,Road,access_only_integrated_proxy,58857263.81972195,58955603.12216658
521,scenario_64,122145.56355568193,436.7215680203153,-59150747.5848332,Road,access_only_integrated_proxy,59150747.5848332,59272893.14838888
521,scenario_70,79769.97734313562,285.2110921765743,-58631933.16596875,Road,access_only_integrated_proxy,58631933.16596875,58711703.14331189
521,scenario_75,98411.36316948992,351.8618571423103,-58859899.69796855,Road,access_only_integrated_proxy,58859899.69796855,58958311.06113804
521,scenario_78,134267.86202803487,480.0638642343147,-59296878.84039377,Road,access_only_integrated_proxy,59296878.84039377,59431146.7024218
521,scenario_89,81982.9090744786,293.1232503221581,-58658016.8751247,Road,access_only_integrated_proxy,58658016.8751247,58739999.78419918
521,scenario_96,87396.94462008527,312.48069584834957,-58721589.25063858,Road,access_only_integrated_proxy,58721589.25063858,58808986.19525867
531,scenario_100,125286.9052875434,447.95318091635636,-16897116.75416758,Road,access_only_integrated_proxy,16897116.75416758,17022403.659455124
531,scenario_19,188887.96854264353,675.35363054353,-17181457.708436757,Road,access_only_integrated_proxy,17181457.708436757,17370345.6769794
531,scenario_26,85668.59392267466,306.30111793582,-16720038.399448652,Road,access_only_integrated_proxy,16720038.399448652,16805706.993371326
531,scenario_44,144630.67444333492,517.1152605795214,-16983624.069836844,Road,access_only_integrated_proxy,16983624.069836844,17128254.744280178
531,scenario_64,179081.7315896413,640.2922246780472,-17138043.381643586,Road,access_only_integrated_proxy,17138043.381643586,17317125.113233227
531,scenario_70,118162.70799848514,422.48119060910903,-16865143.06709767,Road,access_only_integrated_proxy,16865143.06709767,16983305.775096156
531,scenario_75,144932.0790453942,518.1929083187279,-16985030.10061916,Road,access_only_integrated_proxy,16985030.10061916,17129962.179664552
531,scenario_78,196270.07074046528,701.7477389603227,-17214843.624549836,Road,access_only_integrated_proxy,17214843.624549836,17411113.6952903
531,scenario_89,121198.84073737604,433.33663727329986,-16878937.76094302,Road,access_only_integrated_proxy,16878937.76094302,17000136.601680398
531,scenario_96,128658.19175970352,460.00694260452656,-16912385.33888442,Road,access_only_integrated_proxy,16912385.33888442,17041043.530644123
533,scenario_100,52762.20969231919,188.64700672114122,-38711057.68238097,Road,access_only_integrated_proxy,38711057.68238097,38763819.89207329
533,scenario_19,79460.40004739728,284.1042236331523,-38811653.394728184,Road,access_only_integrated_proxy,38811653.394728184,38891113.79477558
533,scenario_26,36190.23105993226,129.39523954389188,-38648647.612047434,Road,access_only_integrated_proxy,38648647.612047434,38684837.843107365
533,scenario_44,60825.36059284216,217.47614960569263,-38741402.57063833,Road,access_only_integrated_proxy,38741402.57063833,38802227.93123117
533,scenario_64,75064.30162856352,268.38632984514334,-38794982.51005347,Road,access_only_integrated_proxy,38794982.51005347,38870046.81168203
533,scenario_70,49868.73184005219,178.30161104823128,-38700191.87792788,Road,access_only_integrated_proxy,38700191.87792788,38750060.60976793
533,scenario_75,60924.979316924924,217.8323282839774,-38741771.311818644,Road,access_only_integrated_proxy,38741771.311818644,38802696.29113557
533,scenario_78,82322.53798284069,294.3375659721678,-38822337.65417345,Road,access_only_integrated_proxy,38822337.65417345,38904660.19215629
533,scenario_89,50977.076577148844,182.2644078736048,-38704298.8136176,Road,access_only_integrated_proxy,38704298.8136176,38755275.89019475
533,scenario_96,54042.58014372026,193.22486755296632,-38715832.92361561,Road,access_only_integrated_proxy,38715832.92361561,38769875.50375933
538,scenario_100,75523.74164255553,270.0290203979639,-32706211.054806575,Road,access_only_integrated_proxy,32706211.054806575,32781734.796449132
538,scenario_19,113608.38020426396,406.19756050686556,-32766217.757745635,Road,access_only_integrated_proxy,32766217.757745635,32879826.1379499
538,scenario_26,51982.0816974447,185.85772227019334,-32669536.45247016,Road,access_only_integrated_proxy,32669536.45247016,32721518.534167606
538,scenario_44,86937.50848553942,310.8380191661745,-32724119.711080026,Road,access_only_integrated_proxy,32724119.711080026,32811057.219565567
538,scenario_64,106904.1178104252,382.22701340040294,-32755826.054139636,Road,access_only_integrated_proxy,32755826.054139636,32862730.17195006
538,scenario_70,71547.79350499468,255.8133399061262,-32699927.145677328,Road,access_only_integrated_proxy,32699927.145677328,32771474.939182322
538,scenario_75,87043.18998130475,311.2158747934918,-32724307.64504461,Road,access_only_integrated_proxy,32724307.64504461,32811350.835025914
538,scenario_78,117323.42656247053,419.48040782112366,-32772310.23474379,Road,access_only_integrated_proxy,32772310.23474379,32889633.66130626
538,scenario_89,72873.19863942545,260.55221859906305,-32702115.572481234,Road,access_only_integrated_proxy,32702115.572481234,32774988.77112066
538,scenario_96,77142.89560130445,275.8181742169545,-32708844.961377293,Road,access_only_integrated_proxy,32708844.961377293,32785987.8569786
540,scenario_100,127540.40645017732,456.0103917771703,-56850766.161155775,Road,access_only_integrated_proxy,56850766.161155775,56978306.56760595
540,scenario_19,192016.39149534094,686.5390533911632,-56907365.30436924,Road,access_only_integrated_proxy,56907365.30436924,57099381.69586458
540,scenario_26,87562.68903047506,313.0733015614751,-56815770.2719525,Road,access_only_integrated_proxy,56815770.2719525,56903332.96098298
540,scenario_44,146971.43079110357,525.4844452866273,-56867768.564946085,Road,access_only_integrated_proxy,56867768.564946085,57014739.99573719
540,scenario_64,181193.73344674957,647.8435162341884,-56897805.81511456,Road,access_only_integrated_proxy,56897805.81511456,57078999.548561305
540,scenario_70,120623.62956189035,431.28001631066945,-56844712.91627382,Road,access_only_integrated_proxy,56844712.91627382,56965336.54583571
540,scenario_75,147190.13687586243,526.2664111762679,-56867959.639916345,Road,access_only_integrated_proxy,56867959.639916345,57015149.776792206
540,scenario_78,198752.50964035798,710.6234981554699,-56913235.96055944,Road,access_only_integrated_proxy,56913235.96055944,57111988.4701998
540,scenario_89,123179.19967376997,440.417250230239,-56846921.486535154,Road,access_only_integrated_proxy,56846921.486535154,56970100.686208926
540,scenario_96,130532.12724425005,466.70704713027953,-56853357.19005683,Road,access_only_integrated_proxy,56853357.19005683,56983889.31730108
546,scenario_100,13126.603687245257,46.933108155513764,-12940122.193061886,Road,access_only_integrated_proxy,12940122.193061886,12953248.796749132
546,scenario_19,19754.931988881,70.63215906639016,-12976864.975012094,Road,access_only_integrated_proxy,12976864.975012094,12996619.907000976
546,scenario_26,9022.566642281525,32.25945615117416,-12917276.834384255,Road,access_only_integrated_proxy,12917276.834384255,12926299.401026536
546,scenario_44,15118.98482130453,54.05670550634022,-12951314.819301339,Road,access_only_integrated_proxy,12951314.819301339,12966433.804122644
546,scenario_64,18616.988023833856,66.56353259918251,-12971492.196234291,Road,access_only_integrated_proxy,12971492.196234291,12990109.184258126
546,scenario_70,12424.6522945707,44.42333781299021,-12935921.725360535,Road,access_only_integrated_proxy,12935921.725360535,12948346.377655106
546,scenario_75,15139.092217364872,54.128597872142564,-12951526.973825932,Road,access_only_integrated_proxy,12951526.973825932,12966666.066043297
546,scenario_78,20426.102467442055,73.03187474392689,-12981397.599900365,Road,access_only_integrated_proxy,12981397.599900365,13001823.702367807
546,scenario_89,12672.025499805604,45.30780066969601,-12937839.325299256,Road,access_only_integrated_proxy,12937839.325299256,12950511.350799061
546,scenario_96,13421.86223220412,47.98878116542255,-12942206.038062526,Road,access_only_integrated_proxy,12942206.038062526,12955627.90029473
550,scenario_100,128446.99569398903,459.2518281796256,-33721089.42544836,Road,access_only_integrated_proxy,33721089.42544836,33849536.42114235
550,scenario_19,193302.5341283454,691.1375521907321,-33805419.86082901,Road,access_only_integrated_proxy,33805419.86082901,33998722.394957356
550,scenario_26,88296.80741019138,315.69808236046083,-33669318.40012849,Road,access_only_integrated_proxy,33669318.40012849,33757615.20753868
550,scenario_44,147938.28563796892,528.9413564709503,-33746362.076794595,Road,access_only_integrated_proxy,33746362.076794595,33894300.36243256
550,scenario_64,182151.54953327577,651.2681100631089,-33791116.25645718,Road,access_only_integrated_proxy,33791116.25645718,33973267.80599046
550,scenario_70,121583.0825020985,434.7104625773354,-33712143.372571215,Road,access_only_integrated_proxy,33712143.372571215,33833726.45507331
550,scenario_75,148139.6951919095,529.6614800157658,-33746646.514986955,Road,access_only_integrated_proxy,33746646.514986955,33894786.21017887
550,scenario_78,199855.0307305103,714.5654730029419,-33814212.461606726,Road,access_only_integrated_proxy,33814212.461606726,34014067.492337234
550,scenario_89,123997.16245377832,443.34180989060405,-33715403.946121216,Road,access_only_integrated_proxy,33715403.946121216,33839401.108574994
550,scenario_96,131331.8556614797,469.5664113036146,-33724939.33754254,Road,access_only_integrated_proxy,33724939.33754254,33856271.19320402
552,scenario_100,39279.71444443285,140.44143711975994,-9240980.002694922,Road,access_only_integrated_proxy,9240980.002694922,9280259.717139354
552,scenario_19,59101.62186972337,211.31306143364782,-9329435.008196358,Road,access_only_integrated_proxy,9329435.008196358,9388536.630066082
552,scenario_26,26932.86374923153,96.29627262295071,-9186180.517826179,Road,access_only_integrated_proxy,9186180.517826179,9213113.381575411
552,scenario_44,45288.27414402055,161.9245555987327,-9267819.470157318,Road,access_only_integrated_proxy,9267819.470157318,9313107.744301338
552,scenario_64,56021.64915264711,200.30086847873827,-9315782.83288607,Road,access_only_integrated_proxy,9315782.83288607,9371804.482038718
552,scenario_70,37070.31622387605,132.54191275575795,-9231095.24676904,Road,access_only_integrated_proxy,9231095.24676904,9268165.562992917
552,scenario_75,45395.01109641158,162.3061849257174,-9268246.858023241,Road,access_only_integrated_proxy,9268246.858023241,9313641.869119653
552,scenario_78,61359.6788985493,219.38656142498075,-9339705.47799727,Road,access_only_integrated_proxy,9339705.47799727,9401065.156895818
552,scenario_89,37995.54140923664,135.84998045760585,-9235299.780253302,Road,access_only_integrated_proxy,9235299.780253302,9273295.32166254
552,scenario_96,40291.36663089759,144.0585175629858,-9245643.609666593,Road,access_only_integrated_proxy,9245643.609666593,9285934.97629749
556,scenario_100,142918.22861124622,510.9925492245675,-21246608.56516233,Road,access_only_integrated_proxy,21246608.56516233,21389526.793773577
556,scenario_19,215206.34170464036,769.4528418489936,-21296685.741398152,Road,access_only_integrated_proxy,21296685.741398152,21511892.083102793
556,scenario_26,98070.28620661094,350.642364090676,-21215610.99705474,Road,access_only_integrated_proxy,21215610.99705474,21313681.28326135
556,scenario_44,164729.8274367144,588.9781539636715,-21261796.84788869,Road,access_only_integrated_proxy,21261796.84788869,21426526.675325405
556,scenario_64,203205.51204986245,726.5448475525809,-21289004.440569546,Road,access_only_integrated_proxy,21289004.440569546,21492209.952619407
556,scenario_70,135118.59532419694,483.10559222059237,-21241008.95591315,Road,access_only_integrated_proxy,21241008.95591315,21376127.551237345
556,scenario_75,164992.0205355472,589.9156041494425,-21262033.02786877,Road,access_only_integrated_proxy,21262033.02786877,21427025.048404317
556,scenario_78,222874.4961859036,796.8697070333983,-21302539.385848537,Road,access_only_integrated_proxy,21302539.385848537,21525413.88203444
556,scenario_89,138061.27955446104,493.6269213120395,-21243407.403711006,Road,access_only_integrated_proxy,21243407.403711006,21381468.683265466
556,scenario_96,146338.12208923968,523.2201013246558,-21249271.232712492,Road,access_only_integrated_proxy,21249271.232712492,21395609.354801733
558,scenario_100,1096.0224517442955,3.918739492270106,-104885108.64958364,Road,access_only_integrated_proxy,104885108.64958364,104886204.67203538
558,scenario_19,2407.31925208122,8.607174979508272,-105319191.69091696,Road,access_only_integrated_proxy,105319191.69091696,105321599.01016904
558,scenario_26,301.791071756665,1.0790295303031598,-104614902.30095127,Road,access_only_integrated_proxy,104614902.30095127,104615204.09202303
558,scenario_44,1610.7354360538293,5.759054073041625,-105017041.03870478,Road,access_only_integrated_proxy,105017041.03870478,105018651.77414083
558,scenario_64,2269.767655064328,8.115370386822178,-105251982.33695765,Road,access_only_integrated_proxy,105251982.33695765,105254252.10461271
558,scenario_70,910.0062555755359,3.2536536512197927,-104836605.68351382,Road,access_only_integrated_proxy,104836605.68351382,104837515.6897694
558,scenario_75,1522.0662814644581,5.442024693504209,-105019087.5727756,Road,access_only_integrated_proxy,105019087.5727756,105020609.63905707
558,scenario_78,2753.073001810401,9.843389503679646,-105369349.27881056,Road,access_only_integrated_proxy,105369349.27881056,105372102.35181238
558,scenario_89,1056.3497024502908,3.7768927908837213,-104857129.93734145,Road,access_only_integrated_proxy,104857129.93734145,104858186.2870439
558,scenario_96,1379.1329297057018,4.9309780726907775,-104907979.74176967,Road,access_only_integrated_proxy,104907979.74176967,104909358.87469938
564,scenario_100,260942.1881389091,932.9776559156526,-87955919.71233723,Road,access_only_integrated_proxy,87955919.71233723,88216861.90047613
564,scenario_19,393964.6816664938,1408.588805958414,-88341470.18740007,Road,access_only_integrated_proxy,88341470.18740007,88735434.86906657
564,scenario_26,177868.62843737376,635.9548726252469,-87715981.50424713,Road,access_only_integrated_proxy,87715981.50424713,87893850.1326845
564,scenario_44,301641.8301676648,1078.495929091092,-88073116.90894185,Road,access_only_integrated_proxy,88073116.90894185,88374758.73910952
564,scenario_64,374477.2203166216,1338.9129664951834,-88281865.34281597,Road,access_only_integrated_proxy,88281865.34281597,88656342.56313258
564,scenario_70,245684.0368668984,878.4233720380726,-87912818.62254287,Road,access_only_integrated_proxy,87912818.62254287,88158502.65940978
564,scenario_75,302333.8440423935,1080.9701686431945,-88074940.65072575,Road,access_only_integrated_proxy,88074940.65072575,88377274.49476814
564,scenario_78,410315.72577068553,1467.050639627032,-88386104.54788198,Road,access_only_integrated_proxy,88386104.54788198,88796420.27365266
564,scenario_89,252644.1036674973,903.3085270793199,-87931103.06938706,Road,access_only_integrated_proxy,87931103.06938706,88183747.17305456
564,scenario_96,268551.34691916435,960.1835867500849,-87976262.98739989,Road,access_only_integrated_proxy,87976262.98739989,88244814.33431906
565,scenario_100,-124682.20728601534,-445.79113219580904,-44920866.295795135,Road,access_only_integrated_proxy,44920866.295795135,44796184.08850912
565,scenario_19,-188248.472952292,-673.0671658629435,-45077876.85590341,Road,access_only_integrated_proxy,45077876.85590341,44889628.38295112
565,scenario_26,-84979.4058957499,-303.8369819736308,-44823129.52438451,Road,access_only_integrated_proxy,44823129.52438451,44738150.118488766
565,scenario_44,-144147.5828465678,-515.3880057083989,-44968689.23008198,Road,access_only_integrated_proxy,44968689.23008198,44824541.647235416
565,scenario_64,-179036.75622222637,-640.131418895111,-45054137.305461906,Road,access_only_integrated_proxy,45054137.305461906,44875100.54923968
565,scenario_70,-117360.28866366854,-419.612205277921,-44903152.266933866,Road,access_only_integrated_proxy,44903152.266933866,44785791.978270195
565,scenario_75,-144499.9066778047,-516.6477110267879,-44969487.24701288,Road,access_only_integrated_proxy,44969487.24701288,44824987.34033508
565,scenario_78,-196140.68603912825,-701.2851344415758,-45096473.91207939,Road,access_only_integrated_proxy,45096473.91207939,44900333.22604026
565,scenario_89,-120749.18560996263,-431.7289317898103,-44910900.07991631,Road,access_only_integrated_proxy,44910900.07991631,44790150.894306354
565,scenario_96,-128357.81617117938,-458.9329740198591,-44929411.12792926,Road,access_only_integrated_proxy,44929411.12792926,44801053.311758086
569,scenario_100,125759.25875875367,449.6420424893986,-49372198.17742976,Road,access_only_integrated_proxy,49372198.17742976,49497957.43618851
569,scenario_19,189392.52016401826,677.1576139942554,-49420728.52032781,Road,access_only_integrated_proxy,49420728.52032781,49610121.04049183
569,scenario_26,86265.05751677339,308.4337251996367,-49342183.688483104,Road,access_only_integrated_proxy,49342183.688483104,49428448.74599988
569,scenario_44,144974.34496385098,518.3440266863945,-49386806.89641437,Road,access_only_integrated_proxy,49386806.89641437,49531781.24137822
569,scenario_64,178898.14586221744,639.6358287811127,-49412636.01896322,Road,access_only_integrated_proxy,49412636.01896322,49591534.16482543
569,scenario_70,118868.54572312238,425.00485621675034,-49366977.54444076,Road,access_only_integrated_proxy,49366977.54444076,49485846.09016389
569,scenario_75,145208.7229768102,519.1820262858018,-49386979.57621257,Road,access_only_integrated_proxy,49386979.57621257,49532188.29918938
569,scenario_78,196199.12958656394,701.4940946111783,-49425849.0138041,Road,access_only_integrated_proxy,49425849.0138041,49622048.14339066
569,scenario_89,121500.67110633917,434.4158073075814,-49368926.255913265,Road,access_only_integrated_proxy,49368926.255913265,49490426.9270196
569,scenario_96,128802.77155101788,460.52387593660023,-49374464.00993693,Road,access_only_integrated_proxy,49374464.00993693,49503266.78148795
57,scenario_100,632773.1341906432,2262.42908313973,-12528872.166785464,Road,access_only_integrated_proxy,12528872.166785464,13161645.300976107
57,scenario_19,954713.050560745,3413.4991751892558,-12539291.612114526,Road,access_only_integrated_proxy,12539291.612114526,13494004.66267527
57,scenario_26,431805.5773595491,1543.8858631849798,-12522894.767590392,Road,access_only_integrated_proxy,12522894.767590392,12954700.344949942
57,scenario_44,731070.2964228943,2613.882624081856,-12531904.670341186,Road,access_only_integrated_proxy,12531904.670341186,13262974.966764081
57,scenario_64,906840.3627974557,3242.334258046769,-12537521.748641077,Road,access_only_integrated_proxy,12537521.748641077,13444362.111438533
57,scenario_70,596074.9721662157,2131.217777577531,-12527813.306676487,Road,access_only_integrated_proxy,12527813.306676487,13123888.278842703
57,scenario_75,732661.5909730158,2619.572168842067,-12531948.732176844,Road,access_only_integrated_proxy,12531948.732176844,13264610.32314986
57,scenario_78,993585.0267953466,3552.4827773688376,-12540473.255722329,Road,access_only_integrated_proxy,12540473.255722329,13534058.282517675
57,scenario_89,612498.871380077,2189.940098789102,-12528217.889316017,Road,access_only_integrated_proxy,12528217.889316017,13140716.760696094
57,scenario_96,650695.6833858201,2326.509705960474,-12529350.048811212,Road,access_only_integrated_proxy,12529350.048811212,13180045.732197031
594,scenario_100,-43489.715416796455,-155.49395456284765,-73399803.19633429,Road,access_only_integrated_proxy,73399803.19633429,73356313.4809175
594,scenario_19,-65697.42260690423,-234.89581267273024,-73601958.51118955,Road,access_only_integrated_proxy,73601958.51118955,73536261.08858265
594,scenario_26,-29594.199302272536,-105.81166230980125,-73273991.01290265,Road,access_only_integrated_proxy,73273991.01290265,73244396.81360038
594,scenario_44,-50316.906573393746,-179.90402350263685,-73461321.53059644,Road,access_only_integrated_proxy,73461321.53059644,73411004.62402304
594,scenario_64,-62615.25706816508,-223.8757794615958,-73571212.73310885,Road,access_only_integrated_proxy,73571212.73310885,73508597.47604068
594,scenario_70,-40885.979870377494,-146.18450903375194,-73377040.74348305,Road,access_only_integrated_proxy,73377040.74348305,73336154.76361267
594,scenario_75,-50456.46540503014,-180.40300480010774,-73462330.32476805,Road,access_only_integrated_proxy,73462330.32476805,73411873.85936302
594,scenario_78,-68568.50613210148,-245.16113924326783,-73625799.98995715,Road,access_only_integrated_proxy,73625799.98995715,73557231.48382506
594,scenario_89,-42150.18140364403,-150.70455920855966,-73386931.27376968,Road,access_only_integrated_proxy,73386931.27376968,73344781.09236604
594,scenario_96,-44838.12075806962,-160.3150686322042,-73410716.49618313,Road,access_only_integrated_proxy,73410716.49618313,73365878.37542506
602,scenario_100,-157053.71900685242,-561.5328500803662,-46421246.04882858,Road,access_only_integrated_proxy,46421246.04882858,46264192.32982173
602,scenario_19,-236974.72898236406,-847.2839471995139,-46576512.10159911,Road,access_only_integrated_proxy,46576512.10159911,46339537.372616746
602,scenario_26,-107168.41488704507,-383.17198618831753,-46324618.390571475,Road,access_only_integrated_proxy,46324618.390571475,46217449.97568443
602,scenario_44,-181476.23165882681,-648.8535657075372,-46468538.78966198,Road,access_only_integrated_proxy,46468538.78966198,46287062.55800316
602,scenario_64,-225202.47784579362,-805.1932168788153,-46553043.31940107,Road,access_only_integrated_proxy,46553043.31940107,46327840.841555275
602,scenario_70,-147914.84872746278,-528.8575596959563,-46403727.80113687,Road,access_only_integrated_proxy,46403727.80113687,46255812.95240941
602,scenario_75,-181911.0916224895,-650.4083722815267,-46469334.10910259,Road,access_only_integrated_proxy,46469334.10910259,46287423.017480105
602,scenario_78,-246718.70529109266,-882.1227451748564,-46594907.177525245,Road,access_only_integrated_proxy,46594907.177525245,46348188.47223415
602,scenario_89,-152057.16783087462,-543.6680860992165,-46411404.67507156,Road,access_only_integrated_proxy,46411404.67507156,46259347.50724068
602,scenario_96,-161560.96181099047,-577.6481316147147,-46429698.62005091,Road,access_only_integrated_proxy,46429698.62005091,46268137.658239916
612,scenario_100,83473.12913780694,298.45141144243826,-69434358.20424537,Road,access_only_integrated_proxy,69434358.20424537,69517831.33338319
612,scenario_19,126889.87511219135,453.684469674874,-70018712.79237683,Road,access_only_integrated_proxy,70018712.79237683,70145602.66748902
612,scenario_26,56521.90922023601,202.08950782654213,-69070384.86417125,Road,access_only_integrated_proxy,69070384.86417125,69126906.77339149
612,scenario_44,96793.9906502385,346.0790727159365,-69612174.21044701,Road,access_only_integrated_proxy,69612174.21044701,69708968.20109725
612,scenario_64,120024.96269974906,429.13953144044353,-69929260.55090646,Road,access_only_integrated_proxy,69929260.55090646,70049285.51360622
612,scenario_70,78646.31934428307,281.19354402425233,-69368716.29382056,Road,access_only_integrated_proxy,69368716.29382056,69447362.61316484
612,scenario_75,96837.09350630414,346.23318348622706,-69615031.94805744,Road,access_only_integrated_proxy,69615031.94805744,69711869.04156375
612,scenario_78,132001.86534001728,471.9619766346987,-70087098.4640727,Road,access_only_integrated_proxy,70087098.4640727,70219100.32941273
612,scenario_89,80685.11321243583,288.4830863461393,-69396946.56322995,Road,access_only_integrated_proxy,69396946.56322995,69477631.67644238
612,scenario_96,85962.78604160709,307.35297802585774,-69465635.48275033,Road,access_only_integrated_proxy,69465635.48275033,69551598.26879193
614,scenario_100,51149.58077794143,182.8811826697347,-14414890.300650638,Road,access_only_integrated_proxy,14414890.300650638,14466039.881428579
614,scenario_19,77014.81521759619,275.36023318023217,-14477413.274648111,Road,access_only_integrated_proxy,14477413.274648111,14554428.089865707
614,scenario_26,35103.27472447496,125.50891521599988,-14376371.81233849,Road,access_only_integrated_proxy,14376371.81233849,14411475.087062964
614,scenario_44,58952.20205333159,210.7788229839789,-14433740.482721917,Road,access_only_integrated_proxy,14433740.482721917,14492692.684775248
614,scenario_64,72715.46858887484,259.98826758033465,-14467297.574238498,Road,access_only_integrated_proxy,14467297.574238498,14540013.042827373
614,scenario_70,48360.451309442076,172.90887619018395,-14408083.823280886,Road,access_only_integrated_proxy,14408083.823280886,14456444.274590328
614,scenario_75,59044.4702879563,211.10872058263703,-14433995.953196444,Road,access_only_integrated_proxy,14433995.953196444,14493040.4234844
614,scenario_78,79752.10711442538,285.1471986214092,-14484308.574074157,Road,access_only_integrated_proxy,14484308.574074157,14564060.681188582
614,scenario_89,49410.44653239164,176.66304905436118,-14410781.051588014,Road,access_only_integrated_proxy,14410781.051588014,14460191.498120405
614,scenario_96,52368.09116148526,187.23786783994728,-14417973.651728606,Road,access_only_integrated_proxy,14417973.651728606,14470341.742890092
62,scenario_100,35288.82887413455,126.17234904718498,-7247346.07977735,Road,access_only_integrated_proxy,7247346.07977735,7282634.908651484
62,scenario_19,53200.730846185936,190.21490358412848,-7255240.2690825965,Road,access_only_integrated_proxy,7255240.2690825965,7308440.999928783
62,scenario_26,24163.407377294556,86.39430570652803,-7242997.906114422,Road,access_only_integrated_proxy,7242997.906114422,7267161.313491716
62,scenario_44,40715.230540598524,145.57400863677685,-7249586.120279104,Road,access_only_integrated_proxy,7249586.120279104,7290301.350819703
62,scenario_64,50307.85573343268,179.87166295752468,-7253864.720998735,Road,access_only_integrated_proxy,7253864.720998735,7304172.576732168
62,scenario_70,33327.92434673369,119.16129375368473,-7246577.039171779,Road,access_only_integrated_proxy,7246577.039171779,7279904.963518512
62,scenario_75,40784.2965355689,145.82094850706198,-7249622.65662303,Road,access_only_integrated_proxy,7249622.65662303,7290406.953158599
62,scenario_78,55176.13089700646,197.27778644739738,-7256120.486539893,Road,access_only_integrated_proxy,7256120.486539893,7311296.617436899
62,scenario_89,34107.64630417446,121.94912645067961,-7246855.937580966,Road,access_only_integrated_proxy,7246855.937580966,7280963.583885141
62,scenario_96,36184.884781644,129.37612435895062,-7247693.9011832,Road,access_only_integrated_proxy,7247693.9011832,7283878.785964844
625,scenario_100,68019.06829118525,243.19666875060648,-24366053.99634687,Road,access_only_integrated_proxy,24366053.99634687,24434073.064638052
625,scenario_19,102343.36949006275,365.9204272270399,-24462567.28076968,Road,access_only_integrated_proxy,24462567.28076968,24564910.65025974
625,scenario_26,46784.01981614065,167.27247308564256,-24306171.189062092,Road,access_only_integrated_proxy,24306171.189062092,24352955.208878234
625,scenario_44,78321.62763304985,280.03263511258046,-24395286.428495772,Road,access_only_integrated_proxy,24395286.428495772,24473608.056128822
625,scenario_64,96373.06757591749,344.5740963608223,-24447300.306623362,Road,access_only_integrated_proxy,24447300.306623362,24543673.37419928
625,scenario_70,64409.9032396524,230.2923914713829,-24355391.41818923,Road,access_only_integrated_proxy,24355391.41818923,24419801.321428884
625,scenario_75,78419.7488779651,280.3834596754059,-24395708.380426183,Road,access_only_integrated_proxy,24395708.380426183,24474128.12930415
625,scenario_78,105748.63379795064,378.09567391446035,-24473447.947147425,Road,access_only_integrated_proxy,24473447.947147425,24579196.580945376
625,scenario_89,65646.07703973213,234.71223075658418,-24359753.52684348,Road,access_only_integrated_proxy,24359753.52684348,24425399.603883214
625,scenario_96,69513.35460892551,248.53936843414704,-24370973.425144464,Road,access_only_integrated_proxy,24370973.425144464,24440486.77975339
627,scenario_100,404318.17253888905,1445.6068738820613,-15026476.289237386,Road,access_only_integrated_proxy,15026476.289237386,15430794.461776275
627,scenario_19,609737.4214448192,2180.0667582384594,-15101834.490896724,Road,access_only_integrated_proxy,15101834.490896724,15711571.912341543
627,scenario_26,276157.8755821941,987.3801138134313,-14979864.754789755,Road,access_only_integrated_proxy,14979864.754789755,15256022.630371949
627,scenario_44,466937.84792404034,1669.498450678133,-15049365.898657205,Road,access_only_integrated_proxy,15049365.898657205,15516303.746581245
627,scenario_64,578806.0023740906,2069.473974968816,-15090624.098704146,Road,access_only_integrated_proxy,15090624.098704146,15669430.101078236
627,scenario_70,381040.44962551346,1362.3792612308862,-15017927.767139629,Road,access_only_integrated_proxy,15017927.767139629,15398968.216765141
627,scenario_75,467945.18688607,1673.1001095367865,-15049757.082795396,Road,access_only_integrated_proxy,15049757.082795396,15517702.269681467
627,scenario_78,634183.7245285477,2267.47253462721,-15111010.128624197,Road,access_only_integrated_proxy,15111010.128624197,15745193.853152744
627,scenario_89,391280.5013401235,1398.9917366350783,-15021759.960334036,Road,access_only_integrated_proxy,15021759.960334036,15413040.46167416
627,scenario_96,415531.2075232402,1485.6981721501325,-15030635.440162458,Road,access_only_integrated_proxy,15030635.440162458,15446166.647685697
628,scenario_100,152693.3943282751,545.9428624027714,-26839329.384146933,Road,access_only_integrated_proxy,26839329.384146933,26992022.778475206
628,scenario_19,229866.75914518785,821.8699768319566,-26911463.717505895,Road,access_only_integrated_proxy,26911463.717505895,27141330.476651084
628,scenario_26,104855.73293030438,374.90317919214976,-26794537.578968357,Road,access_only_integrated_proxy,26794537.578968357,26899393.31189866
628,scenario_44,175940.95232901679,629.0626228523506,-26861289.008518994,Road,access_only_integrated_proxy,26861289.008518994,27037229.96084801
628,scenario_64,216868.33325797523,775.3951580173416,-26900658.852186017,Road,access_only_integrated_proxy,26900658.852186017,27117527.185443994
628,scenario_70,144431.50197271336,516.4031355448969,-26831151.630387962,Road,access_only_integrated_proxy,26831151.630387962,26975583.132360674
628,scenario_75,176204.2102872229,630.0038803565512,-26861648.98855648,Road,access_only_integrated_proxy,26861648.98855648,27037853.198843703
628,scenario_78,237892.56671014632,850.5656016452158,-26920111.876232147,Road,access_only_integrated_proxy,26920111.876232147,27158004.442942295
628,scenario_89,147462.8358614404,527.2414243090607,-26834775.65184936,Road,access_only_integrated_proxy,26834775.65184936,26982238.4877108
628,scenario_96,156254.33861159158,558.6747302313888,-26843296.45051588,Road,access_only_integrated_proxy,26843296.45051588,26999550.789127473
629,scenario_100,-105088.95826121689,-375.7370574702727,-31206245.179420173,Road,access_only_integrated_proxy,31206245.179420173,31101156.221158955
629,scenario_19,-158486.33652257922,-566.6550579578252,-31256204.10283295,Road,access_only_integrated_proxy,31256204.10283295,31097717.76631037
629,scenario_26,-71763.64309999354,-256.5850926480216,-31175565.126278095,Road,access_only_integrated_proxy,31175565.126278095,31103801.4831781
629,scenario_44,-121373.68607301303,-433.9617826074209,-31221360.34110514,Road,access_only_integrated_proxy,31221360.34110514,31099986.655032128
629,scenario_64,-150482.998126002,-538.0397698359848,-31248676.09433596,Road,access_only_integrated_proxy,31248676.09433596,31098193.09620996
629,scenario_70,-99026.79090734707,-354.0622691659337,-31200622.272099882,Road,access_only_integrated_proxy,31200622.272099882,31101595.481192537
629,scenario_75,-121640.33253842982,-434.9151554446653,-31221626.08292576,Road,access_only_integrated_proxy,31221626.08292576,31099985.75038733
629,scenario_78,-164878.23295000824,-589.5087658547782,-31262272.122840304,Road,access_only_integrated_proxy,31262272.122840304,31097393.889890295
629,scenario_89,-101706.2891392845,-363.6425980398999,-31203114.423276164,Road,access_only_integrated_proxy,31203114.423276164,31101408.134136878
629,scenario_96,-108022.51142321106,-386.2257391667881,-31208971.546515137,Road,access_only_integrated_proxy,31208971.546515137,31100949.035091925
63,scenario_100,144338.36018253423,516.0701146191168,-55854635.118728004,Road,access_only_integrated_proxy,55854635.118728004,55998973.478910536
63,scenario_19,218649.90939941432,781.7650391934367,-56262604.43546073,Road,access_only_integrated_proxy,56262604.43546073,56481254.344860144
63,scenario_26,98123.0930769529,350.83117077793213,-55600609.759979494,Road,access_only_integrated_proxy,55600609.759979494,55698732.853056446
63,scenario_44,167066.28949501962,597.3319847866624,-55978685.23448244,Road,access_only_integrated_proxy,55978685.23448244,56145751.52397746
63,scenario_64,207091.03621930178,740.4372244712467,-56199672.33162356,Road,access_only_integrated_proxy,56199672.33162356,56406763.36784286
63,scenario_70,136027.49468883435,486.3552882729273,-55808965.34355756,Road,access_only_integrated_proxy,55808965.34355756,55944992.83824639
63,scenario_75,167265.86587317754,598.0455539599643,-55980640.72919947,Road,access_only_integrated_proxy,55980640.72919947,56147906.59507265
63,scenario_78,227403.32026915136,813.0621506829993,-56309944.23030546,Road,access_only_integrated_proxy,56309944.23030546,56537347.550574616
63,scenario_89,139579.68423655833,499.0558542536164,-55828399.05251708,Road,access_only_integrated_proxy,55828399.05251708,55967978.736753635
63,scenario_96,148493.76129950036,530.9274147021242,-55876237.60642655,Road,access_only_integrated_proxy,55876237.60642655,56024731.36772605
648,scenario_100,-193595.14684552158,-692.1837652577306,-60821777.376418725,Road,access_only_integrated_proxy,60821777.376418725,60628182.229573205
648,scenario_19,-292005.7235738736,-1044.0428105434585,-60903176.436139226,Road,access_only_integrated_proxy,60903176.436139226,60611170.712565355
648,scenario_26,-132182.905859648,-472.6092723473448,-60771138.321731284,Road,access_only_integrated_proxy,60771138.321731284,60638955.415871635
648,scenario_44,-223637.7101258571,-799.5985166511091,-60846568.81362301,Road,access_only_integrated_proxy,60846568.81362301,60622931.103497155
648,scenario_64,-277413.9313790557,-991.8710395675735,-60890911.36537333,Road,access_only_integrated_proxy,60890911.36537333,60613497.43399427
648,scenario_70,-182376.41753908343,-652.0721074023095,-60812584.29364485,Road,access_only_integrated_proxy,60812584.29364485,60630207.87610577
648,scenario_75,-224173.09076628886,-801.5127267621501,-60846993.06486367,Road,access_only_integrated_proxy,60846993.06486367,60622819.97409738
648,scenario_78,-303908.72603942,-1086.601031649323,-60912871.9980492,Road,access_only_integrated_proxy,60912871.9980492,60608963.27200978
648,scenario_89,-187414.4005966532,-670.0850077198775,-60816636.12149617,Road,access_only_integrated_proxy,60816636.12149617,60629221.720899515
648,scenario_96,-199080.87682991012,-711.7975484421368,-60826226.61674541,Road,access_only_integrated_proxy,60826226.61674541,60627145.739915505
662,scenario_100,162863.60307878238,582.3056199464845,-28395547.214340396,Road,access_only_integrated_proxy,28395547.214340396,28558410.81741918
662,scenario_19,246411.22153179775,881.0233619013998,-28933316.95690144,Road,access_only_integrated_proxy,28933316.95690144,29179728.178433236
662,scenario_26,110820.75125151568,396.2306189998326,-28060692.29949132,Road,access_only_integrated_proxy,28060692.29949132,28171513.050742835
662,scenario_44,188422.59503384226,673.689725260665,-28559136.75162627,Road,access_only_integrated_proxy,28559136.75162627,28747559.346660115
662,scenario_64,233704.90059948456,835.5929406908945,-28850769.826511156,Road,access_only_integrated_proxy,28850769.826511156,29084474.72711064
662,scenario_70,153427.36491727337,548.5671147880166,-28335214.735283963,Road,access_only_integrated_proxy,28335214.735283963,28488642.100201238
662,scenario_75,188724.68348702163,674.7698180541556,-28561741.575672224,Road,access_only_integrated_proxy,28561741.575672224,28750466.259159245
662,scenario_78,256418.14511043509,916.802306540103,-28996068.66974978,Road,access_only_integrated_proxy,28996068.66974978,29252486.814860217
662,scenario_89,157566.63587335162,563.3667427874025,-28361066.73483052,Road,access_only_integrated_proxy,28361066.73483052,28518633.370703872
662,scenario_96,167580.80056707232,599.1715774465156,-28424217.28459579,Road,access_only_integrated_proxy,28424217.28459579,28591798.085162863
669,scenario_100,31561.652467377335,112.84613172693571,-10023833.05267203,Road,access_only_integrated_proxy,10023833.05267203,10055394.705139408
669,scenario_19,47536.09800680112,169.96146773381406,-9986190.300796475,Road,access_only_integrated_proxy,9986190.300796475,10033726.398803277
669,scenario_26,21645.659248619868,77.39230122411573,-10047673.946656145,Road,access_only_integrated_proxy,10047673.946656145,10069319.605904765
669,scenario_44,36387.139023260046,130.09926801612528,-10012327.543354278,Road,access_only_integrated_proxy,10012327.543354278,10048714.682377538
669,scenario_64,44908.83569353756,160.56790415566502,-9992283.026722088,Road,access_only_integrated_proxy,9992283.026722088,10037191.862415627
669,scenario_70,29829.341241261376,106.65239326484516,-10028000.720322901,Road,access_only_integrated_proxy,10028000.720322901,10057830.061564162
669,scenario_75,36446.350471631566,130.31097375331956,-10012191.190418828,Road,access_only_integrated_proxy,10012191.190418828,10048637.540890459
669,scenario_78,49251.4831093448,176.09468821218252,-9982169.99399455,Road,access_only_integrated_proxy,9982169.99399455,10031421.477103896
669,scenario_89,30494.409582080923,109.03029124319437,-10026375.17629062,Road,access_only_integrated_proxy,10026375.17629062,10056869.5858727
669,scenario_96,32329.717910169376,115.59228750004695,-10021982.012511473,Road,access_only_integrated_proxy,10021982.012511473,10054311.730421642
670,scenario_100,499855.95687951753,1787.194482697716,-12138306.99177755,Road,access_only_integrated_proxy,12138306.99177755,12638162.948657067
670,scenario_19,753932.5765907395,2695.6248548495714,-12241390.89594854,Road,access_only_integrated_proxy,12241390.89594854,12995323.47253928
670,scenario_26,341245.35604235297,1220.095127749195,-12074292.106987916,Road,access_only_integrated_proxy,12074292.106987916,12415537.46303027
670,scenario_44,577390.4531801498,2064.412793493273,-12169686.374873096,Road,access_only_integrated_proxy,12169686.374873096,12747076.828053245
670,scenario_64,716086.8908372434,2560.3106711499204,-12226051.055475805,Road,access_only_integrated_proxy,12226051.055475805,12942137.946313048
670,scenario_70,470920.36630626454,1683.7376225475382,-12126604.381442096,Road,access_only_integrated_proxy,12126604.381442096,12597524.74774836
670,scenario_75,578670.4470857107,2068.989308015949,-12170209.475057576,Road,access_only_integrated_proxy,12170209.475057576,12748879.922143286
670,scenario_78,784516.0235670082,2804.973492083158,-12253889.949819658,Road,access_only_integrated_proxy,12253889.949819658,13038405.973386666
670,scenario_89,483829.2070202836,1729.892136832299,-12131844.002378393,Road,access_only_integrated_proxy,12131844.002378393,12615673.209398676
670,scenario_96,513918.21428903664,1837.472944944042,-12144019.904779185,Road,access_only_integrated_proxy,12144019.904779185,12657938.119068222
673,scenario_100,21939.470151989153,78.44279830878804,-7028121.267234244,Road,access_only_integrated_proxy,7028121.267234244,7050060.737386233
673,scenario_19,33056.55583451351,118.19103762060695,-7006811.864387984,Road,access_only_integrated_proxy,7006811.864387984,7039868.420222498
673,scenario_26,15040.453928674908,53.775924661184035,-7041867.011332815,Road,access_only_integrated_proxy,7041867.011332815,7056907.465261489
673,scenario_44,25298.407924160616,90.45240822046253,-7021499.641577001,Road,access_only_integrated_proxy,7021499.641577001,7046798.049501161
673,scenario_64,31222.09335988975,111.63206564429856,-7010033.287131125,Road,access_only_integrated_proxy,7010033.287131125,7041255.380491015
673,scenario_70,20735.59545482882,74.13844184966729,-7030575.238136104,Road,access_only_integrated_proxy,7030575.238136104,7051310.833590933
673,scenario_75,25337.37568411513,90.59173428957365,-7021414.491771997,Road,access_only_integrated_proxy,7021414.491771997,7046751.867456112
673,scenario_78,34248.80108098642,122.45381392084528,-7004395.074421561,Road,access_only_integrated_proxy,7004395.074421561,7038643.875502548
673,scenario_89,21195.852991093558,75.78405538715015,-7029520.772337078,Road,access_only_integrated_proxy,7029520.772337078,7050716.625328172
673,scenario_96,22474.90130974452,80.35718904042733,-7026961.697648342,Road,access_only_integrated_proxy,7026961.697648342,7049436.598958086
678,scenario_100,-194236.65071708508,-694.4774103851087,-30282451.713524524,Road,access_only_integrated_proxy,30282451.713524524,30088215.06280744
678,scenario_19,-292921.5366778088,-1047.317226110601,-30572402.38992168,Road,access_only_integrated_proxy,30572402.38992168,30279480.853243873
678,scenario_26,-132662.99045477205,-474.32577592767666,-30102443.3806574,Road,access_only_integrated_proxy,30102443.3806574,29969780.39020263
678,scenario_44,-224321.98693138646,-802.0450929390354,-30370394.63501942,Road,access_only_integrated_proxy,30370394.63501942,30146072.648088034
678,scenario_64,-278082.3247918611,-994.2608260714587,-30527144.562547524,Road,access_only_integrated_proxy,30527144.562547524,30249062.237755664
678,scenario_70,-183053.36320603348,-654.4924717981085,-30250230.527791224,Road,access_only_integrated_proxy,30250230.527791224,30067177.16458519
678,scenario_75,-224821.98548367404,-803.8327972600637,-30371732.64934606,Road,access_only_integrated_proxy,30371732.64934606,30146910.66386239
678,scenario_78,-304714.9358804815,-1089.4835696285372,-30605761.391481474,Road,access_only_integrated_proxy,30605761.391481474,30301046.45560099
678,scenario_89,-187976.7327106269,-672.0955806413476,-30263718.28193776,Road,access_only_integrated_proxy,30263718.28193776,30075741.549227133
678,scenario_96,-199640.1987174579,-713.7973585428663,-30297542.588568646,Road,access_only_integrated_proxy,30297542.588568646,30097902.38985119
680,scenario_100,-1949.9057747323034,-6.97173014429427,-34722796.26423646,Road,access_only_integrated_proxy,34722796.26423646,34720846.35846172
680,scenario_19,-3215.6665620463737,-11.497355305640667,-34877205.864438,Road,access_only_integrated_proxy,34877205.864438,34873990.197875954
680,scenario_26,-1053.0718836839553,-3.765173215406321,-34626712.07683921,Road,access_only_integrated_proxy,34626712.07683921,34625659.00495552
680,scenario_44,-2467.7992291825003,-8.823416238417877,-34769782.57105815,Road,access_only_integrated_proxy,34769782.57105815,34767314.771828964
680,scenario_64,-3610.9644140582964,-12.910710754174914,-34853758.01984112,Road,access_only_integrated_proxy,34853758.01984112,34850147.05542706
680,scenario_70,-1605.309247464737,-5.739653175292915,-34705395.12816098,Road,access_only_integrated_proxy,34705395.12816098,34703789.81891352
680,scenario_75,-2524.297714724187,-9.025421996779215,-34770553.58716388,Road,access_only_integrated_proxy,34770553.58716388,34768029.289449155
680,scenario_78,-3879.725906391383,-13.871645698829525,-34895447.63193382,Road,access_only_integrated_proxy,34895447.63193382,34891567.90602743
680,scenario_89,-2021.2000368999836,-7.226637003441283,-34712971.73388187,Road,access_only_integrated_proxy,34712971.73388187,34710950.53384497
680,scenario_96,-2325.259782332808,-8.313777992698306,-34731145.24673344,Road,access_only_integrated_proxy,34731145.24673344,34728819.98695111
682,scenario_100,1096.0224517442953,3.918739492270106,-102280722.89657432,Road,access_only_integrated_proxy,102280722.89657432,102281818.91902606
682,scenario_19,2407.3192520812204,8.607174979508272,-102715490.70644504,Road,access_only_integrated_proxy,102715490.70644504,102717898.02569713
682,scenario_26,301.791071756665,1.0790295303031598,-102010081.69108036,Road,access_only_integrated_proxy,102010081.69108036,102010383.48215212
682,scenario_44,1610.7354360538295,5.759054073041625,-102412861.1267669,Road,access_only_integrated_proxy,102412861.1267669,102414471.86220296
682,scenario_64,2269.7676550643278,8.115370386822178,-102648176.41235949,Road,access_only_integrated_proxy,102648176.41235949,102650446.18001455
682,scenario_70,910.0062555755358,3.2536536512197927,-102232139.45212668,Road,access_only_integrated_proxy,102232139.45212668,102233049.45838226
682,scenario_75,1522.0662814644584,5.442024693504209,-102414910.88777101,Road,access_only_integrated_proxy,102414910.88777101,102416432.95405248
682,scenario_78,2753.073001810401,9.843389503679646,-102765730.06809826,Road,access_only_integrated_proxy,102765730.06809826,102768483.14110008
682,scenario_89,1056.3497024502908,3.7768927908837213,-102252697.43343912,Road,access_only_integrated_proxy,102252697.43343912,102253753.78314157
682,scenario_96,1379.1329297057018,4.9309780726907775,-102303625.71843436,Road,access_only_integrated_proxy,102303625.71843436,102305004.85136408
689,scenario_100,36865.91748224416,131.81110161249308,-22909213.733025044,Road,access_only_integrated_proxy,22909213.733025044,22946079.65050729
689,scenario_19,55854.536185104764,199.70336960037457,-23306616.184214514,Road,access_only_integrated_proxy,23306616.184214514,23362470.72039962
689,scenario_26,24852.02361294818,88.85639727534544,-22661883.531358533,Road,access_only_integrated_proxy,22661883.531358533,22686735.554971483
689,scenario_44,42816.851959212676,153.08818577595594,-23030009.700719506,Road,access_only_integrated_proxy,23030009.700719506,23072826.55267872
689,scenario_64,53780.40165685232,192.2874696110921,-23245154.884691056,Road,access_only_integrated_proxy,23245154.884691056,23298935.286347907
689,scenario_70,34441.83290333642,123.14398356500172,-22864802.310062785,Road,access_only_integrated_proxy,22864802.310062785,22899244.14296612
689,scenario_75,42983.472844864096,153.68392525538002,-23031890.462844923,Road,access_only_integrated_proxy,23031890.462844923,23074873.93568979
689,scenario_78,58780.991732079165,210.16667434933333,-23352607.386277236,Road,access_only_integrated_proxy,23352607.386277236,23411388.378009316
689,scenario_89,35851.53813241074,128.1842704175579,-22883637.60752488,Road,access_only_integrated_proxy,22883637.60752488,22919489.14565729
689,scenario_96,38288.783399897926,136.89844344097583,-22930181.609196186,Road,access_only_integrated_proxy,22930181.609196186,22968470.392596085
694,scenario_100,68221.88509363602,243.92182379847512,-25855138.507808656,Road,access_only_integrated_proxy,25855138.507808656,25923360.392902292
694,scenario_19,102807.7037698646,367.58061683080086,-25959608.08096296,Road,access_only_integrated_proxy,25959608.08096296,26062415.784732826
694,scenario_26,46742.10351958969,167.12260476277876,-25790337.851931844,Road,access_only_integrated_proxy,25790337.851931844,25837079.955451433
694,scenario_44,78687.37535178555,281.34033645331147,-25886776.529474787,Road,access_only_integrated_proxy,25886776.529474787,25965463.904826574
694,scenario_64,97183.2702260968,347.4709103055975,-25943137.647243556,Road,access_only_integrated_proxy,25943137.647243556,26040320.917469654
694,scenario_70,64447.92449597266,230.42833339342178,-25843583.31925095,Road,access_only_integrated_proxy,25843583.31925095,25908031.24374692
694,scenario_75,78817.40829570625,281.80525871090504,-25887238.87028972,Road,access_only_integrated_proxy,25887238.87028972,25966056.278585427
694,scenario_78,106583.72849666627,381.0814873623822,-25971441.811621595,Road,access_only_integrated_proxy,25971441.811621595,26078025.540118262
694,scenario_89,65929.62181107227,235.72602211780028,-25848344.075005174,Road,access_only_integrated_proxy,25848344.075005174,25914273.696816247
694,scenario_96,69924.15945003889,250.00816786606083,-25860500.82744552,Road,access_only_integrated_proxy,25860500.82744552,25930424.986895557
726,scenario_100,145047.14187649055,518.6043061505807,-21056521.858529475,Road,access_only_integrated_proxy,21056521.858529475,21201569.000405964
726,scenario_19,218290.1927209113,780.4789013485097,-21128400.01174385,Road,access_only_integrated_proxy,21128400.01174385,21346690.204464763
726,scenario_26,99697.70894044817,356.46108224517775,-21011707.390069157,Road,access_only_integrated_proxy,21011707.390069157,21111405.099009603
726,scenario_44,167064.11897360877,597.3242242631823,-21078519.652836856,Road,access_only_integrated_proxy,21078519.652836856,21245583.771810465
726,scenario_64,205719.6490719658,735.5339408159671,-21118222.993207686,Road,access_only_integrated_proxy,21118222.993207686,21323942.64227965
726,scenario_70,137286.76931851465,490.85772270306916,-21048165.97070124,Road,access_only_integrated_proxy,21048165.97070124,21185452.740019754
726,scenario_75,167291.42341765354,598.1369328899345,-21078943.4815799,Road,access_only_integrated_proxy,21078943.4815799,21246234.904997554
726,scenario_78,225705.65112462727,806.9922721774383,-21137525.510028504,Road,access_only_integrated_proxy,21137525.510028504,21363231.16115313
726,scenario_89,140026.45122877863,500.6532334436779,-21052126.69372443,Road,access_only_integrated_proxy,21052126.69372443,21192153.14495321
726,scenario_96,148315.3261216088,530.2894341778192,-21060748.000227954,Road,access_only_integrated_proxy,21060748.000227954,21209063.326349564
73,scenario_100,57460.68976190685,205.44604160681774,-14653777.67225119,Road,access_only_integrated_proxy,14653777.67225119,14711238.362013096
73,scenario_19,86534.28782670743,309.3963363636467,-14786103.413633581,Road,access_only_integrated_proxy,14786103.413633581,14872637.701460289
73,scenario_26,39350.45874125171,140.69437762235248,-14571574.409005243,Road,access_only_integrated_proxy,14571574.409005243,14610924.867746495
73,scenario_44,66288.24825014976,237.0082618999768,-14694040.066552352,Road,access_only_integrated_proxy,14694040.066552352,14760328.314802501
73,scenario_64,82041.36697596704,293.33226181351347,-14766081.430226915,Road,access_only_integrated_proxy,14766081.430226915,14848122.797202881
73,scenario_70,54210.43410380027,193.82501579012387,-14638856.78232989,Road,access_only_integrated_proxy,14638856.78232989,14693067.21643369
73,scenario_75,66438.52534601036,237.54556548294204,-14694712.927611258,Road,access_only_integrated_proxy,14694712.927611258,14761151.452957269
73,scenario_78,89881.21197925419,321.36299255152335,-14801805.751780266,Road,access_only_integrated_proxy,14801805.751780266,14891686.963759521
73,scenario_89,55586.45901171156,198.74488138265588,-14645384.07685809,Road,access_only_integrated_proxy,14645384.07685809,14700970.535869801
73,scenario_96,58973.59735612077,210.85532015596254,-14660968.123935612,Road,access_only_integrated_proxy,14660968.123935612,14719941.721291732
736,scenario_100,0.0,0.0,-23217778.545173146,Road,access_only_integrated_proxy,23217778.545173146,23217778.545173146
736,scenario_19,0.0,0.0,-23216958.55400727,Road,access_only_integrated_proxy,23216958.55400727,23216958.55400727
736,scenario_26,0.0,0.0,-23218664.913969565,Road,access_only_integrated_proxy,23218664.913969565,23218664.913969565
736,scenario_44,0.0,0.0,-23217408.20372043,Road,access_only_integrated_proxy,23217408.20372043,23217408.20372043
736,scenario_64,0.01690997518153381,6.0460246459115297e-05,-23217037.150632896,Road,access_only_integrated_proxy,23217037.150632896,23217037.16754287
736,scenario_70,0.0,0.0,-23217929.522798546,Road,access_only_integrated_proxy,23217929.522798546,23217929.522798546
736,scenario_75,0.015070797104499436,5.3884414228377864e-05,-23217406.81691616,Road,access_only_integrated_proxy,23217406.81691616,23217406.831986956
736,scenario_78,0.0,0.0,-23216915.177930426,Road,access_only_integrated_proxy,23216915.177930426,23216915.177930426
736,scenario_89,0.0,0.0,-23217858.088336594,Road,access_only_integrated_proxy,23217858.088336594,23217858.088336594
736,scenario_96,0.0,0.0,-23217705.69606484,Road,access_only_integrated_proxy,23217705.69606484,23217705.69606484
750,scenario_100,132184.73727039056,472.61582040810026,-31430307.017097346,Road,access_only_integrated_proxy,31430307.017097346,31562491.754367735
750,scenario_19,199718.9082075077,714.0787779486309,-31839067.088720195,Road,access_only_integrated_proxy,31839067.088720195,32038785.9969277
750,scenario_26,89970.45335874609,321.6820678748463,-31175923.079707567,Road,access_only_integrated_proxy,31175923.079707567,31265893.533066314
750,scenario_44,152898.8158310155,546.6773303455302,-31554555.67266059,Road,access_only_integrated_proxy,31554555.67266059,31707454.488491606
750,scenario_64,190018.6811490481,679.3964018736915,-31775823.950805347,Road,access_only_integrated_proxy,31775823.950805347,31965842.631954394
750,scenario_70,124368.6657888611,444.6700899713469,-31384629.070783347,Road,access_only_integrated_proxy,31384629.070783347,31508997.73657221
750,scenario_75,153256.29579872853,547.9554710122138,-31556488.66663853,Road,access_only_integrated_proxy,31556488.66663853,31709744.96243726
750,scenario_78,208203.8920851852,744.4161504721704,-31886352.12565099,Road,access_only_integrated_proxy,31886352.12565099,32094556.017736174
750,scenario_89,128022.84244151396,457.73530258418396,-31403983.251448445,Road,access_only_integrated_proxy,31403983.251448445,31532006.09388996
750,scenario_96,136163.0037553366,486.83978996321457,-31451858.873165805,Road,access_only_integrated_proxy,31451858.873165805,31588021.87692114
755,scenario_100,568138.2591422782,2031.3323231902687,-68920600.69741781,Road,access_only_integrated_proxy,68920600.69741781,69488738.95656009
755,scenario_19,856933.0220098421,3063.8946038340728,-69031667.51138864,Road,access_only_integrated_proxy,69031667.51138864,69888600.53339848
755,scenario_26,387846.15990269935,1386.7125270264114,-68851580.731899,Road,access_only_integrated_proxy,68851580.731899,69239426.8918017
755,scenario_44,656274.6653528884,2346.4569040550195,-68954420.6367419,Road,access_only_integrated_proxy,68954420.6367419,69610695.30209479
755,scenario_64,813952.1772337087,2910.2200750255506,-69015183.64469054,Road,access_only_integrated_proxy,69015183.64469054,69829135.82192425
755,scenario_70,535236.13028306,1913.6934267103825,-68907974.77240342,Road,access_only_integrated_proxy,68907974.77240342,69443210.90268648
755,scenario_75,657732.5794869665,2351.6695579422267,-68954997.34860928,Road,access_only_integrated_proxy,68954997.34860928,69612729.92809625
755,scenario_78,891726.001802555,3188.29408465718,-69045164.32708354,Road,access_only_integrated_proxy,69045164.32708354,69936890.32888609
755,scenario_89,549930.1889119963,1966.230843037305,-68913644.08322372,Road,access_only_integrated_proxy,68913644.08322372,69463574.2721357
755,scenario_96,584139.0915057276,2088.5420031489703,-68926766.88626043,Road,access_only_integrated_proxy,68926766.88626043,69510905.97776616
759,scenario_100,140018.2457832832,500.6238955379958,-92838230.31040832,Road,access_only_integrated_proxy,92838230.31040832,92978248.55619161
759,scenario_19,212058.49320503225,758.1979645319589,-93422922.19629726,Road,access_only_integrated_proxy,93422922.19629726,93634980.68950228
759,scenario_26,95208.48437924382,340.41022347886064,-92474083.42752029,Road,access_only_integrated_proxy,92474083.42752029,92569291.91189954
759,scenario_44,162048.45193004503,579.391113045971,-93016151.03631829,Road,access_only_integrated_proxy,93016151.03631829,93178199.48824833
759,scenario_64,200872.20677478335,718.202303552298,-93333375.39555795,Road,access_only_integrated_proxy,93333375.39555795,93534247.60233274
759,scenario_70,131955.6903180788,471.7968815841923,-92772566.79685362,Road,access_only_integrated_proxy,92772566.79685362,92904522.4871717
759,scenario_75,162250.36040855435,580.1130204551664,-93018998.5349084,Road,access_only_integrated_proxy,93018998.5349084,93181248.89531696
759,scenario_78,220549.15212860226,788.5556277223768,-93491311.36658019,Road,access_only_integrated_proxy,93491311.36658019,93711860.5187088
759,scenario_89,135407.31416751668,484.1378830570429,-92800790.3429077,Road,access_only_integrated_proxy,92800790.3429077,92936197.65707521
759,scenario_96,144043.1934128871,515.0147697444008,-92869501.9232603,Road,access_only_integrated_proxy,92869501.9232603,93013545.11667319
761,scenario_100,4498.318611596359,16.08337380682497,-13030618.103954932,Road,access_only_integrated_proxy,13030618.103954932,13035116.422566528
761,scenario_19,6681.832159785358,23.890349621578938,-13028063.82040387,Road,access_only_integrated_proxy,13028063.82040387,13034745.652563656
761,scenario_26,3154.809447724912,11.279765623150524,-13032685.454220079,Road,access_only_integrated_proxy,13032685.454220079,13035840.263667803
761,scenario_44,5132.67572793597,18.35146628982693,-13029706.517299686,Road,access_only_integrated_proxy,13029706.517299686,13034839.193027621
761,scenario_64,6246.141708570978,22.332573706622494,-13028378.003560413,Road,access_only_integrated_proxy,13028378.003560413,13034624.145268984
761,scenario_70,4289.386215483915,15.336352949216234,-13030968.605357958,Road,access_only_integrated_proxy,13030968.605357958,13035257.991573442
761,scenario_75,5142.806254918144,18.387687168422417,-13029694.989872092,Road,access_only_integrated_proxy,13029694.989872092,13034837.79612701
761,scenario_78,6838.190402308349,24.449395851828733,-13027803.841277424,Road,access_only_integrated_proxy,13027803.841277424,13034642.031679733
761,scenario_89,4330.376443862155,15.482910190345134,-13030807.313173866,Road,access_only_integrated_proxy,13030807.313173866,13035137.689617729
761,scenario_96,4549.519967238229,16.266440106326627,-13030450.479083471,Road,access_only_integrated_proxy,13030450.479083471,13034999.999050708
764,scenario_100,43705.10060029756,156.26404683905275,-68847176.0681652,Road,access_only_integrated_proxy,68847176.0681652,68890881.1687655
764,scenario_19,66036.26442058284,236.10731412945825,-69052571.95276645,Road,access_only_integrated_proxy,69052571.95276645,69118608.21718703
764,scenario_26,29886.663864352147,106.85734566025349,-68719347.53482732,Road,access_only_integrated_proxy,68719347.53482732,68749234.19869168
764,scenario_44,50451.30218450244,180.38454412336068,-68909664.17425455,Road,access_only_integrated_proxy,68909664.17425455,68960115.47643906
764,scenario_64,62184.06281458061,222.33407933704802,-69021234.62060425,Road,access_only_integrated_proxy,69021234.62060425,69083418.68341883
764,scenario_70,41337.519723047466,147.79895319972277,-68824086.68823843,Road,access_only_integrated_proxy,68824086.68823843,68865424.20796147
764,scenario_75,50477.3721829246,180.4777552909036,-68910679.36470273,Road,access_only_integrated_proxy,68910679.36470273,68961156.73688565
764,scenario_78,68335.68011704588,244.32868868664445,-69076705.63763356,Road,access_only_integrated_proxy,69076705.63763356,69145041.3177506
764,scenario_89,42177.36384155592,150.8017478133843,-68834059.54924232,Road,access_only_integrated_proxy,68834059.54924232,68876236.91308387
764,scenario_96,44758.51786192636,160.03045492532328,-68858216.90004066,Road,access_only_integrated_proxy,68858216.90004066,68902975.41790259
767,scenario_100,43501.19628203641,155.5350034664989,-9655836.431444047,Road,access_only_integrated_proxy,9655836.431444047,9699337.627726084
767,scenario_19,65530.3999636158,234.2986367414196,-9653598.578547144,Road,access_only_integrated_proxy,9653598.578547144,9719128.97851076
767,scenario_26,29816.11725301164,106.60511196607513,-9657708.151990667,Road,access_only_integrated_proxy,9657708.151990667,9687524.269243678
767,scenario_44,50165.69461319891,179.36337738797374,-9655002.6390719,Road,access_only_integrated_proxy,9655002.6390719,9705168.3336851
767,scenario_64,61958.71244092472,221.5283573306806,-9653735.274108242,Road,access_only_integrated_proxy,9653735.274108242,9715693.986549167
767,scenario_70,41094.49922473167,146.9300530940127,-9656200.58878884,Road,access_only_integrated_proxy,9656200.58878884,9697295.088013573
767,scenario_75,50253.24253463396,179.67639788919405,-9654984.33102676,Road,access_only_integrated_proxy,9654984.33102676,9705237.573561395
767,scenario_78,67938.40888850568,242.90827759018794,-9653274.45481388,Road,access_only_integrated_proxy,9653274.45481388,9721212.863702387
767,scenario_89,42042.09830311074,150.31811683793785,-9655979.01868014,Road,access_only_integrated_proxy,9655979.01868014,9698021.116983252
767,scenario_96,44584.467205356246,159.40815090183239,-9655623.10664075,Road,access_only_integrated_proxy,9655623.10664075,9700207.573846107
770,scenario_100,60512.65474169703,216.35809516584413,-10488864.712603493,Road,access_only_integrated_proxy,10488864.712603493,10549377.36734519
770,scenario_19,91243.68278554118,326.23439655165566,-10495106.796501009,Road,access_only_integrated_proxy,10495106.796501009,10586350.47928655
770,scenario_26,41389.40973684573,147.98448174067744,-10485501.083074935,Road,access_only_integrated_proxy,10485501.083074935,10526890.49281178
770,scenario_44,69850.67819618642,249.74544159530342,-10490622.634942628,Road,access_only_integrated_proxy,10490622.634942628,10560473.313138815
770,scenario_64,86441.59641642068,309.0649257346886,-10494081.349467777,Road,access_only_integrated_proxy,10494081.349467777,10580522.945884198
770,scenario_70,57093.130128435994,204.13186191172645,-10488234.920013089,Road,access_only_integrated_proxy,10488234.920013089,10545328.050141525
770,scenario_75,69988.61448234826,250.23862161286524,-10490659.71616989,Road,access_only_integrated_proxy,10490659.71616989,10560648.330652239
770,scenario_78,94762.33089076578,338.8150378217324,-10495883.800495155,Road,access_only_integrated_proxy,10495883.800495155,10590646.13138592
770,scenario_89,58524.61900546242,209.25003443293826,-10488501.155729821,Road,access_only_integrated_proxy,10488501.155729821,10547025.774735283
770,scenario_96,62118.80359054676,222.10075026787672,-10489166.924387855,Road,access_only_integrated_proxy,10489166.924387855,10551285.727978403
775,scenario_100,65522.12367401513,234.26904553837812,-26591085.2145906,Road,access_only_integrated_proxy,26591085.2145906,26656607.338264618
775,scenario_19,98937.89079054481,353.7444139997133,-26976646.451891538,Road,access_only_integrated_proxy,26976646.451891538,27075584.342682082
775,scenario_26,44765.42732652303,160.05515915628348,-26351034.18022567,Road,access_only_integrated_proxy,26351034.18022567,26395799.607552193
775,scenario_44,75668.72731689639,270.54740493192,-26708282.061019726,Road,access_only_integrated_proxy,26708282.061019726,26783950.788336623
775,scenario_64,93552.78384362772,334.4904003347583,-26916970.973683443,Road,access_only_integrated_proxy,26916970.973683443,27010523.757527072
775,scenario_70,61853.90892416081,221.15364084616158,-26547990.92873204,Road,access_only_integrated_proxy,26547990.92873204,26609844.837656204
775,scenario_75,75773.97434351033,270.92370714998106,-26710101.414314006,Road,access_only_integrated_proxy,26710101.414314006,26785875.388657514
775,scenario_78,102665.5492518293,367.0723548668757,-27021221.038938813,Road,access_only_integrated_proxy,27021221.038938813,27123886.58819064
775,scenario_89,63326.906432822805,226.42022411735525,-26566234.15194458,Road,access_only_integrated_proxy,26566234.15194458,26629561.058377404
775,scenario_96,67235.88171752467,240.3964485989709,-26611402.99735916,Road,access_only_integrated_proxy,26611402.99735916,26678638.879076686
776,scenario_100,162126.54876938608,579.6703419687547,-25944008.62102329,Road,access_only_integrated_proxy,25944008.62102329,26106135.169792674
776,scenario_19,243995.20165676586,872.3850785493305,-26043808.47743997,Road,access_only_integrated_proxy,26043808.47743997,26287803.679096736
776,scenario_26,111436.27185496489,398.43136305685766,-25881818.302635342,Road,access_only_integrated_proxy,25881818.302635342,25993254.574490305
776,scenario_44,186736.8016212676,667.6623074726886,-25974477.21033272,Road,access_only_integrated_proxy,25974477.21033272,26161214.01195399
776,scenario_64,229947.41275861056,822.1583472933562,-26029252.531485155,Road,access_only_integrated_proxy,26029252.531485155,26259199.944243766
776,scenario_70,153451.40761398617,548.6530775025203,-25932541.59710025,Road,access_only_integrated_proxy,25932541.59710025,26085993.004714236
776,scenario_75,186991.81728807668,668.5740953316708,-25975014.054495096,Road,access_only_integrated_proxy,25975014.054495096,26162005.871783175
776,scenario_78,252287.97359527502,902.0352128546147,-26056105.414668493,Road,access_only_integrated_proxy,26056105.414668493,26308393.38826377
776,scenario_89,156515.73821602642,559.6093433422175,-25937791.203771856,Road,access_only_integrated_proxy,25937791.203771856,26094306.941987883
776,scenario_96,165781.10898743148,592.7369259885818,-25949669.463455968,Road,access_only_integrated_proxy,25949669.463455968,26115450.5724434
780,scenario_100,108188.60468655349,386.8195921753868,-20598503.03945715,Road,access_only_integrated_proxy,20598503.03945715,20706691.644143704
780,scenario_19,162801.13872505477,582.082283709693,-20667102.58820563,Road,access_only_integrated_proxy,20667102.58820563,20829903.726930685
780,scenario_26,74390.97614849012,265.97890913426636,-20556509.884973075,Road,access_only_integrated_proxy,20556509.884973075,20630900.861121565
780,scenario_44,124591.62998789559,445.46728040364906,-20619011.34595633,Road,access_only_integrated_proxy,20619011.34595633,20743602.975944225
780,scenario_64,153362.36634508052,548.3347176583884,-20655382.10198505,Road,access_only_integrated_proxy,20655382.10198505,20808744.46833013
780,scenario_70,102426.18555516771,366.21652935925886,-20591267.260038313,Road,access_only_integrated_proxy,20591267.260038313,20693693.44559348
780,scenario_75,124757.68575307602,446.06099934060694,-20619246.229061153,Road,access_only_integrated_proxy,20619246.229061153,20744003.91481423
780,scenario_78,168278.47008664202,601.6660382986083,-20674205.802289188,Road,access_only_integrated_proxy,20674205.802289188,20842484.27237583
780,scenario_89,104429.88200332207,373.38058369902865,-20593857.09541072,Road,access_only_integrated_proxy,20593857.09541072,20698286.97741404
780,scenario_96,110594.91295818919,395.4231524762072,-20601591.458653986,Road,access_only_integrated_proxy,20601591.458653986,20712186.371612176
789,scenario_100,229794.3741320144,821.6111700809452,-30258962.005797006,Road,access_only_integrated_proxy,30258962.005797006,30488756.37992902
789,scenario_19,346808.3865684514,1239.985292758709,-30694990.815858148,Road,access_only_integrated_proxy,30694990.815858148,31041799.2024266
789,scenario_26,156729.28567219392,560.3728649732075,-29987588.20079722,Road,access_only_integrated_proxy,29987588.20079722,30144317.486469414
789,scenario_44,265565.50076071,949.507935680751,-30391531.546690412,Road,access_only_integrated_proxy,30391531.546690412,30657097.047451124
789,scenario_64,329582.5919180111,1178.3958593716598,-30627722.726986766,Road,access_only_integrated_proxy,30627722.726986766,30957305.318904776
789,scenario_70,216402.62467563027,773.7300547061641,-30210168.348305427,Road,access_only_integrated_proxy,30210168.348305427,30426570.972981058
789,scenario_75,266178.60906293005,951.7000547501411,-30393609.170032755,Road,access_only_integrated_proxy,30393609.170032755,30659787.779095683
789,scenario_78,361097.3005064391,1291.0741470621288,-30745584.705440357,Road,access_only_integrated_proxy,30745584.705440357,31106682.005946796
789,scenario_89,222469.37832016172,795.4212409212487,-30230930.774945162,Road,access_only_integrated_proxy,30230930.774945162,30453400.153265323
789,scenario_96,236422.4246183235,845.309227685626,-30282051.792010378,Road,access_only_integrated_proxy,30282051.792010378,30518474.2166287
791,scenario_100,104633.73624473013,374.1094480258507,-20609054.41579126,Road,access_only_integrated_proxy,20609054.41579126,20713688.15203599
791,scenario_19,157516.63051535646,563.1879526806042,-20764352.342301056,Road,access_only_integrated_proxy,20764352.342301056,20921868.97281641
791,scenario_26,71848.88100812539,256.88985388380024,-20512810.63927389,Road,access_only_integrated_proxy,20512810.63927389,20584659.520282015
791,scenario_44,120565.15779246968,431.07095523564567,-20655929.853219975,Road,access_only_integrated_proxy,20655929.853219975,20776495.011012446
791,scenario_64,148615.3681340898,531.3622100883658,-20738895.004593052,Road,access_only_integrated_proxy,20738895.004593052,20887510.37272714
791,scenario_70,98969.19175860946,353.8563280754752,-20592196.96739976,Road,access_only_integrated_proxy,20592196.96739976,20691166.15915837
791,scenario_75,120742.63139647724,431.7054977304215,-20656520.967734687,Road,access_only_integrated_proxy,20656520.967734687,20777263.599131163
791,scenario_78,163019.79707639798,582.8640789323726,-20781116.20641774,Road,access_only_integrated_proxy,20781116.20641774,20944136.003494136
791,scenario_89,101050.41514761049,361.2975737121269,-20598701.430612404,Road,access_only_integrated_proxy,20598701.430612404,20699751.845760014
791,scenario_96,107074.08343904073,382.83471173735234,-20616550.11316308,Road,access_only_integrated_proxy,20616550.11316308,20723624.19660212
809,scenario_100,111802.70666530608,399.74152103796587,-22770938.227776024,Road,access_only_integrated_proxy,22770938.227776024,22882740.93444133
809,scenario_19,168308.66046344262,601.7739815452696,-22933326.52404029,Road,access_only_integrated_proxy,22933326.52404029,23101635.18450373
809,scenario_26,76771.8668622666,274.4915910159252,-22670302.881765574,Road,access_only_integrated_proxy,22670302.881765574,22747074.74862784
809,scenario_44,128825.4451545005,460.6049435691639,-22819954.081437796,Road,access_only_integrated_proxy,22819954.081437796,22948779.526592296
809,scenario_64,158796.62869304832,567.7644824779381,-22906710.480576012,Road,access_only_integrated_proxy,22906710.480576012,23065507.10926906
809,scenario_70,105750.36580501976,378.10186656543374,-22753313.61429438,Road,access_only_integrated_proxy,22753313.61429438,22859063.9800994
809,scenario_75,129014.96624509666,461.28256087632326,-22820573.89898811,Road,access_only_integrated_proxy,22820573.89898811,22949588.865233205
809,scenario_78,174188.07423612653,622.7953492241395,-22950857.25366831,Road,access_only_integrated_proxy,22950857.25366831,23125045.327904433
809,scenario_89,107973.69418883644,386.0511970997504,-22760122.981914327,Road,access_only_integrated_proxy,22760122.981914327,22868096.676103164
809,scenario_96,114409.81705347012,409.0630330403401,-22778774.981852233,Road,access_only_integrated_proxy,22778774.981852233,22893184.798905704
810,scenario_100,-82118.46181852136,-293.6079081779535,-31922972.013341114,Road,access_only_integrated_proxy,31922972.013341114,31840853.551522594
810,scenario_19,-123992.28423049572,-443.3243681984204,-32119759.6847483,Road,access_only_integrated_proxy,32119759.6847483,31995767.400517803
810,scenario_26,-55958.309008553544,-200.0744009244372,-31800499.937475786,Road,access_only_integrated_proxy,31800499.937475786,31744541.628467232
810,scenario_44,-94949.03510720974,-339.4825836235432,-31982865.844479077,Road,access_only_integrated_proxy,31982865.844479077,31887916.809371866
810,scenario_64,-117967.06375531293,-421.7816804659233,-32089869.2419224,Road,access_only_integrated_proxy,32089869.2419224,31971902.17816709
810,scenario_70,-77281.22359859543,-276.3127547659278,-31900807.00242834,Road,access_only_integrated_proxy,31900807.00242834,31823525.778829746
810,scenario_75,-95187.80334434143,-340.33628011384644,-31983859.17683129,Road,access_only_integrated_proxy,31983859.17683129,31888671.373486947
810,scenario_78,-129226.50153758605,-462.03888817907864,-32142994.796819154,Road,access_only_integrated_proxy,32142994.796819154,32013768.295281567
810,scenario_89,-79539.14858245007,-284.3857826411622,-31910455.02042531,Road,access_only_integrated_proxy,31910455.02042531,31830915.871842857
810,scenario_96,-84559.05543672574,-302.33405295812554,-31933621.225885633,Road,access_only_integrated_proxy,31933621.225885633,31849062.170448907
811,scenario_100,-41921.581828492774,-149.88721994544903,-10366461.247663978,Road,access_only_integrated_proxy,10366461.247663978,10324539.665835485
811,scenario_19,-63250.43614220034,-226.14681078775538,-10376017.507310418,Road,access_only_integrated_proxy,10376017.507310418,10312767.071168218
811,scenario_26,-28589.38849297644,-102.21904265645207,-10360970.679938583,Road,access_only_integrated_proxy,10360970.679938583,10332381.291445605
811,scenario_44,-48444.89279744978,-173.2107898903232,-10369241.828093898,Road,access_only_integrated_proxy,10369241.828093898,10320796.935296448
811,scenario_64,-60147.00414993492,-215.05074109473935,-10374544.414148077,Road,access_only_integrated_proxy,10374544.414148077,10314397.409998143
811,scenario_70,-39466.56407867134,-141.1095028511154,-10365435.605652537,Road,access_only_integrated_proxy,10365435.605652537,10325969.041573865
811,scenario_75,-48557.38976375784,-173.61301368047498,-10369292.38958585,Road,access_only_integrated_proxy,10369292.38958585,10320734.999822093
811,scenario_78,-65878.35095284639,-235.54270731743964,-10377240.143649489,Road,access_only_integrated_proxy,10377240.143649489,10311361.792696642
811,scenario_89,-40593.51537880689,-145.13882593539893,-10365884.982083686,Road,access_only_integrated_proxy,10365884.982083686,10325291.466704879
811,scenario_96,-43135.797825064394,-154.2285508829118,-10366960.229375675,Road,access_only_integrated_proxy,10366960.229375675,10323824.43155061
813,scenario_100,393605.82283970737,1407.305735292808,-37218114.467110485,Road,access_only_integrated_proxy,37218114.467110485,37611720.28995019
813,scenario_19,593617.5828261147,2122.431581054265,-37438909.51334091,Road,access_only_integrated_proxy,37438909.51334091,38032527.09616703
813,scenario_26,268983.4588984066,961.7285681283811,-37080894.804421626,Road,access_only_integrated_proxy,37080894.804421626,37349878.263320036
813,scenario_44,454501.59535214945,1625.0336370132718,-37285105.09087992,Road,access_only_integrated_proxy,37285105.09087992,37739606.68623207
813,scenario_64,563005.4872264138,2012.9805129882952,-37404344.20547643,Road,access_only_integrated_proxy,37404344.20547643,37967349.692702845
813,scenario_70,371124.9194631348,1326.927086348638,-37193588.90587712,Road,access_only_integrated_proxy,37193588.90587712,37564713.825340256
813,scenario_75,455457.6097360451,1628.4517890003845,-37286100.38345176,Road,access_only_integrated_proxy,37286100.38345176,37741557.99318781
813,scenario_78,617048.3414575056,2206.2063605184558,-37464122.489262834,Road,access_only_integrated_proxy,37464122.489262834,38081170.83072034
813,scenario_89,380812.28023895784,1361.5634600722515,-37203819.86008143,Road,access_only_integrated_proxy,37203819.86008143,37584632.14032038
813,scenario_96,404348.9183743135,1445.7168031260371,-37229566.34620547,Road,access_only_integrated_proxy,37229566.34620547,37633915.26457979
822,scenario_100,39080.84862283613,139.73040848388337,-13560163.821559463,Road,access_only_integrated_proxy,13560163.821559463,13599244.670182299
822,scenario_19,58862.59634473586,210.4584450314578,-13623490.540917346,Road,access_only_integrated_proxy,13623490.540917346,13682353.137262082
822,scenario_26,26787.94167643303,95.77811549115722,-13521041.37439107,Road,access_only_integrated_proxy,13521041.37439107,13547829.316067502
822,scenario_44,45066.67296256333,161.13223852536612,-13579290.999378605,Road,access_only_integrated_proxy,13579290.999378605,13624357.672341168
822,scenario_64,55671.7001758207,199.0496542599176,-13613293.985906228,Road,access_only_integrated_proxy,13613293.985906228,13668965.686082048
822,scenario_70,36914.47861264535,131.98472800051968,-13553239.19768504,Road,access_only_integrated_proxy,13553239.19768504,13590153.676297685
822,scenario_75,45148.48193344143,161.42473987375706,-13579554.8412189,Road,access_only_integrated_proxy,13579554.8412189,13624703.323152341
822,scenario_78,61036.358462570955,218.23055539690176,-13630492.084743258,Road,access_only_integrated_proxy,13630492.084743258,13691528.443205828
822,scenario_89,37774.07271968027,135.05813709829818,-13555995.115526052,Road,access_only_integrated_proxy,13555995.115526052,13593769.188245732
822,scenario_96,40057.605699687636,143.22272428938595,-13563311.413273871,Road,access_only_integrated_proxy,13563311.413273871,13603369.01897356
831,scenario_100,161838.14466840116,578.6391764680266,-27458921.47427112,Road,access_only_integrated_proxy,27458921.47427112,27620759.61893952
831,scenario_19,243633.9464136228,871.0934396911653,-27535368.900391355,Road,access_only_integrated_proxy,27535368.900391355,27779002.846804976
831,scenario_26,111135.03597966275,397.3543185865037,-27411427.390157644,Road,access_only_integrated_proxy,27411427.390157644,27522562.426137306
831,scenario_44,186478.2895967237,666.7380186698501,-27482197.750453234,Road,access_only_integrated_proxy,27482197.750453234,27668676.04004996
831,scenario_64,229857.32111761853,821.8362319289154,-27523926.751009278,Road,access_only_integrated_proxy,27523926.751009278,27753784.072126895
831,scenario_70,153081.1819630648,547.329365677997,-27450250.215326432,Road,access_only_integrated_proxy,27450250.215326432,27603331.397289496
831,scenario_75,186757.21417307586,667.7352908981484,-27482581.064205337,Road,access_only_integrated_proxy,27482581.064205337,27669338.278378412
831,scenario_78,252140.84870233323,901.5091797178393,-27544538.206802472,Road,access_only_integrated_proxy,27544538.206802472,27796679.055504806
831,scenario_89,156294.42503548128,558.8180559927823,-27454096.78317136,Road,access_only_integrated_proxy,27454096.78317136,27610391.20820684
831,scenario_96,165612.5871311033,592.1343897424922,-27463122.710995317,Road,access_only_integrated_proxy,27463122.710995317,27628735.29812642
837,scenario_100,112798.74753246988,403.30278447363526,-34366435.639315695,Road,access_only_integrated_proxy,34366435.639315695,34479234.38684817
837,scenario_19,169853.3488459864,607.2968897286664,-34415392.24610962,Road,access_only_integrated_proxy,34415392.24610962,34585245.59495561
837,scenario_26,77401.37888851167,276.7423602717736,-34336198.37592788,Road,access_only_integrated_proxy,34336198.37592788,34413599.75481639
837,scenario_44,130013.73260568324,464.8535690929457,-34381172.10014587,Road,access_only_integrated_proxy,34381172.10014587,34511185.83275155
837,scenario_64,160380.56171102732,573.4277066762988,-34407265.95535997,Road,access_only_integrated_proxy,34407265.95535997,34567646.517071
837,scenario_70,106642.43075716509,381.2913725395847,-34361173.853953026,Road,access_only_integrated_proxy,34361173.853953026,34467816.28471019
837,scenario_75,130218.98101855245,465.58741816689144,-34381348.6608434,Road,access_only_integrated_proxy,34381348.6608434,34511567.64186195
837,scenario_78,175902.71466219032,628.9259071720771,-34420589.02965541,Road,access_only_integrated_proxy,34420589.02965541,34596491.7443176
837,scenario_89,108965.08937722007,389.5958502872673,-34363152.40992917,Road,access_only_integrated_proxy,34363152.40992917,34472117.49930639
837,scenario_96,115496.75499322877,412.94929159590174,-34368742.47971213,Road,access_only_integrated_proxy,34368742.47971213,34484239.23470536
858,scenario_100,-191994.90034252193,-686.4622135151621,-49969809.175007835,Road,access_only_integrated_proxy,49969809.175007835,49777814.27466531
858,scenario_19,-289646.75139419676,-1035.6084966049493,-50164595.09673335,Road,access_only_integrated_proxy,50164595.09673335,49874948.34533915
858,scenario_26,-131057.69388522473,-468.58616808125043,-49848509.59144993,Road,access_only_integrated_proxy,49848509.59144993,49717451.89756471
858,scenario_44,-221815.33529719998,-793.0827630737876,-50029133.494850926,Road,access_only_integrated_proxy,50029133.494850926,49807318.15955373
858,scenario_64,-275179.0344801185,-983.8803467445578,-50135158.18060147,Road,access_only_integrated_proxy,50135158.18060147,49859979.14612135
858,scenario_70,-180857.55036159078,-646.6415208459111,-49947811.353176124,Road,access_only_integrated_proxy,49947811.353176124,49766953.802814536
858,scenario_75,-222340.94623021584,-794.9620423873639,-50030125.79840848,Road,access_only_integrated_proxy,50030125.79840848,49807784.85217826
858,scenario_78,-301476.76967969217,-1077.9057686871674,-50187697.821973585,Road,access_only_integrated_proxy,50187697.821973585,49886221.05229389
858,scenario_89,-185868.0039358676,-664.555991726007,-49957446.889480636,Road,access_only_integrated_proxy,49957446.889480636,49771578.88554477
858,scenario_96,-197455.50689814903,-705.9861699151697,-49980412.86011032,Road,access_only_integrated_proxy,49980412.86011032,49782957.35321217
863,scenario_100,-74089.00513576165,-264.89923623959476,-26784649.698639892,Road,access_only_integrated_proxy,26784649.698639892,26710560.69350413
863,scenario_19,-111817.35325764882,-399.7938887424316,-26947551.08875179,Road,access_only_integrated_proxy,26947551.08875179,26835733.73549414
863,scenario_26,-50484.140724736324,-180.50195566386174,-26683408.362257995,Road,access_only_integrated_proxy,26683408.362257995,26632924.221533258
863,scenario_44,-85664.13583363131,-306.28517839957567,-26834117.762258492,Road,access_only_integrated_proxy,26834117.762258492,26748453.62642486
863,scenario_64,-106522.99567537788,-380.86434207956336,-26922300.706822515,Road,access_only_integrated_proxy,26922300.706822515,26815777.711147137
863,scenario_70,-69685.6656658166,-249.15545265990295,-26766470.168002047,Road,access_only_integrated_proxy,26766470.168002047,26696784.50233623
863,scenario_75,-85902.9277326756,-307.13895949113066,-26834877.150741942,Road,access_only_integrated_proxy,26834877.150741942,26748974.223009266
863,scenario_78,-116627.65294397512,-416.9927256097435,-26966370.138207138,Road,access_only_integrated_proxy,26966370.138207138,26849742.48526316
863,scenario_89,-71793.33537498838,-256.6912549720255,-26774171.228294425,Road,access_only_integrated_proxy,26774171.228294425,26702377.892919436
863,scenario_96,-76329.96405191536,-272.91160331411083,-26793218.71845278,Road,access_only_integrated_proxy,26793218.71845278,26716888.754400864
866,scenario_100,128971.2000049952,461.12607823015054,-21803968.19367315,Road,access_only_integrated_proxy,21803968.19367315,21932939.393678144
866,scenario_19,194235.83467219488,694.4744926827079,-21869682.60200622,Road,access_only_integrated_proxy,21869682.60200622,22063918.436678413
866,scenario_26,88460.17793812367,316.28220044915724,-21763221.401363898,Road,access_only_integrated_proxy,21763221.401363898,21851681.57930202
866,scenario_44,148683.08096237283,531.6043118207745,-21823819.398620456,Road,access_only_integrated_proxy,21823819.398620456,21972502.479582828
866,scenario_64,183493.16925632593,656.0649627041821,-21859015.365202755,Road,access_only_integrated_proxy,21859015.365202755,22042508.53445908
866,scenario_70,121896.68417615851,435.8317199594494,-21796802.36333248,Road,access_only_integrated_proxy,21796802.36333248,21918699.04750864
866,scenario_75,148925.6530271941,532.4716085888504,-21824078.76713279,Road,access_only_integrated_proxy,21824078.76713279,21973004.420159984
866,scenario_78,201234.6052781409,719.4980300447496,-21876859.810860448,Road,access_only_integrated_proxy,21876859.810860448,22078094.41613859
866,scenario_89,124608.52679667255,445.52769357469515,-21799614.502268434,Road,access_only_integrated_proxy,21799614.502268434,21924223.029065106
866,scenario_96,132102.78353914322,472.3228014807355,-21807191.73153704,Road,access_only_integrated_proxy,21807191.73153704,21939294.515076183
873,scenario_100,203744.3781726537,728.4715197234545,-48587193.967954025,Road,access_only_integrated_proxy,48587193.967954025,48790938.346126676
873,scenario_19,307831.6923695291,1100.6272799804392,-48977371.99557027,Road,access_only_integrated_proxy,48977371.99557027,49285203.6879398
873,scenario_26,138930.59507841754,496.735088548532,-48344313.33703965,Road,access_only_integrated_proxy,48344313.33703965,48483243.932118066
873,scenario_44,235494.76957149396,841.9924722109281,-48705811.16193674,Road,access_only_integrated_proxy,48705811.16193674,48941305.93150823
873,scenario_64,291800.5790088817,1043.3093327691859,-48917100.21470864,Road,access_only_integrated_proxy,48917100.21470864,49208900.793717526
873,scenario_70,192065.7750031727,686.7156201230755,-48543555.28844065,Road,access_only_integrated_proxy,48543555.28844065,48735621.063443825
873,scenario_75,235901.30459341125,843.4460052501854,-48707664.70989036,Road,access_only_integrated_proxy,48707664.70989036,48943566.01448377
873,scenario_78,320060.4955052652,1144.3503749908923,-49022584.56386517,Road,access_only_integrated_proxy,49022584.56386517,49342645.059370436
873,scenario_89,197081.40864646397,704.6486119203182,-48562093.508179545,Road,access_only_integrated_proxy,48562093.508179545,48759174.91682601
873,scenario_96,209433.09265493185,748.8110575371866,-48607813.29652439,Road,access_only_integrated_proxy,48607813.29652439,48817246.38917932
878,scenario_100,72190.5558990842,258.11148477884853,-34834911.28114699,Road,access_only_integrated_proxy,34834911.28114699,34907101.83704607
878,scenario_19,108726.73845275652,388.74364586460433,-34970992.78712236,Road,access_only_integrated_proxy,34970992.78712236,35079719.52557512
878,scenario_26,49509.013060762394,177.01546569211132,-34750616.01471655,Road,access_only_integrated_proxy,34750616.01471655,34800125.027777314
878,scenario_44,83228.51636781829,297.57681829834473,-34875960.14608429,Road,access_only_integrated_proxy,34875960.14608429,34959188.66245211
878,scenario_64,102729.41648313924,367.30070697882184,-34948550.613795325,Road,access_only_integrated_proxy,34948550.613795325,35051280.03027847
878,scenario_70,68224.67883851606,243.93181260698478,-34820189.978359334,Road,access_only_integrated_proxy,34820189.978359334,34888414.65719785
878,scenario_75,83367.64676593896,298.0742677664857,-34876461.79367061,Road,access_only_integrated_proxy,34876461.79367061,34959829.44043655
878,scenario_78,112661.0993402285,402.81063451254886,-34985559.595985085,Road,access_only_integrated_proxy,34985559.595985085,35098220.695325315
878,scenario_89,69752.87742768406,249.3957628699318,-34825809.86875555,Road,access_only_integrated_proxy,34825809.86875555,34895562.74618323
878,scenario_96,73952.01159030662,264.4094269150628,-34841416.43322506,Road,access_only_integrated_proxy,34841416.43322506,34915368.44481537
887,scenario_100,-70606.83049691407,-252.44900289399448,-8780713.397693386,Road,access_only_integrated_proxy,8780713.397693386,8710106.567196472
887,scenario_19,-106515.6598811882,-380.83811354167847,-8901186.942063522,Road,access_only_integrated_proxy,8901186.942063522,8794671.282182334
887,scenario_26,-48184.29763894426,-172.27905301075043,-8705645.286283493,Road,access_only_integrated_proxy,8705645.286283493,8657460.98864455
887,scenario_44,-81576.4378050204,-291.66994522465393,-8817411.044169614,Road,access_only_integrated_proxy,8817411.044169614,8735834.606364593
887,scenario_64,-101224.75922869053,-361.92092685118405,-8883135.987911213,Road,access_only_integrated_proxy,8883135.987911213,8781911.228682522
887,scenario_70,-66501.23079574679,-237.76976373898287,-8767048.454965308,Road,access_only_integrated_proxy,8767048.454965308,8700547.224169562
887,scenario_75,-81771.9130784017,-292.3688512300396,-8818041.46602144,Road,access_only_integrated_proxy,8818041.46602144,8736269.55294304
887,scenario_78,-110892.05448820756,-396.4855579466639,-8915632.005891837,Road,access_only_integrated_proxy,8915632.005891837,8804739.951403629
887,scenario_89,-68355.34532584992,-244.39900004773153,-8773096.284320267,Road,access_only_integrated_proxy,8773096.284320267,8704740.938994417
887,scenario_96,-72628.7857367654,-259.6783400644126,-8787347.612681575,Road,access_only_integrated_proxy,8787347.612681575,8714718.82694481
895,scenario_100,230704.43117479244,824.8650053176934,-72707013.08796428,Road,access_only_integrated_proxy,72707013.08796428,72937717.51913908
895,scenario_19,348025.56425158336,1244.337212966555,-73066705.65911233,Road,access_only_integrated_proxy,73066705.65911233,73414731.22336392
895,scenario_26,157476.40132843534,563.0441164815566,-72483207.45157549,Road,access_only_integrated_proxy,72483207.45157549,72640683.85290392
895,scenario_44,266521.72676490794,952.9268442991124,-72816300.54210739,Road,access_only_integrated_proxy,72816300.54210739,73082822.26887229
895,scenario_64,330598.6334607741,1182.0286336027675,-73010924.95421393,Road,access_only_integrated_proxy,73010924.95421393,73341523.5876747
895,scenario_70,217334.31306902316,777.0612310847755,-72666851.40677541,Road,access_only_integrated_proxy,72666851.40677541,72884185.71984443
895,scenario_75,267137.5221617939,955.1285708578107,-72817992.82086208,Road,access_only_integrated_proxy,72817992.82086208,73085130.34302388
895,scenario_78,362203.7741269543,1295.0302538617361,-73108212.42813507,Road,access_only_integrated_proxy,73108212.42813507,73470416.20226201
895,scenario_89,223319.2617967852,798.4599304466064,-72683817.66813388,Road,access_only_integrated_proxy,72683817.66813388,72907136.92993067
895,scenario_96,237246.49159459936,848.2556124052717,-72725912.28231841,Road,access_only_integrated_proxy,72725912.28231841,72963158.77391301
90,scenario_100,105400.4572832887,376.8507969905295,-30860836.149027728,Road,access_only_integrated_proxy,30860836.149027728,30966236.606311016
90,scenario_19,158732.09336017148,567.5337416229595,-30902382.596952416,Road,access_only_integrated_proxy,30902382.596952416,31061114.690312587
90,scenario_26,72298.36250851976,258.49693857794773,-30835222.074506417,Road,access_only_integrated_proxy,30835222.074506417,30907520.437014937
90,scenario_44,121505.27118261147,434.4322545076611,-30873338.716856442,Road,access_only_integrated_proxy,30873338.716856442,30994843.988039054
90,scenario_64,149943.11927319205,536.109476730966,-30895515.180081364,Road,access_only_integrated_proxy,30895515.180081364,31045458.299354557
90,scenario_70,99623.20999828818,356.19471731231533,-30856363.575369596,Road,access_only_integrated_proxy,30856363.575369596,30955986.785367884
90,scenario_75,121703.49370418028,435.1409830763987,-30873493.65076996,Road,access_only_integrated_proxy,30873493.65076996,30995197.14447414
90,scenario_78,164443.78067926352,587.9554169537914,-30906820.522935264,Road,access_only_integrated_proxy,30906820.522935264,31071264.303614527
90,scenario_89,101832.89242244227,364.09525782325727,-30858058.10354999,Road,access_only_integrated_proxy,30858058.10354999,30959890.995972432
90,scenario_96,107953.86915205083,385.9803142866622,-30862812.81924466,Road,access_only_integrated_proxy,30862812.81924466,30970766.68839671
935,scenario_100,79178.76395025708,283.09725658192474,-28414897.270406377,Road,access_only_integrated_proxy,28414897.270406377,28494076.034356635
935,scenario_19,119220.42888245649,426.26298594844775,-28494518.00828705,Road,access_only_integrated_proxy,28494518.00828705,28613738.437169507
935,scenario_26,54364.03943447064,194.37421920704583,-28365707.60808845,Road,access_only_integrated_proxy,28365707.60808845,28420071.64752292
935,scenario_44,91239.29119841599,326.21869478763256,-28438914.837669518,Road,access_only_integrated_proxy,28438914.837669518,28530154.128867935
935,scenario_64,112445.63690037621,402.04026601251826,-28481569.53064852,Road,access_only_integrated_proxy,28481569.53064852,28594015.167548895
935,scenario_70,74901.05299708855,267.80264758735575,-28406233.546678398,Road,access_only_integrated_proxy,28406233.546678398,28481134.599675488
935,scenario_75,91365.42803800436,326.6696868397921,-28439235.505269144,Road,access_only_integrated_proxy,28439235.505269144,28530600.93330715
935,scenario_78,123364.81418373816,441.080899874818,-28503225.847907312,Road,access_only_integrated_proxy,28503225.847907312,28626590.66209105
935,scenario_89,76458.52635282135,273.37126740673557,-28409622.86272899,Road,access_only_integrated_proxy,28409622.86272899,28486081.389081813
935,scenario_96,81017.8933789047,289.6729148742961,-28418787.903335042,Road,access_only_integrated_proxy,28418787.903335042,28499805.79671395
938,scenario_100,363171.0490180995,1298.4886668803556,-31124447.74947463,Road,access_only_integrated_proxy,31124447.74947463,31487618.79849273
938,scenario_19,547610.9834050032,1957.938711615654,-31256575.69641156,Road,access_only_integrated_proxy,31256575.69641156,31804186.679816563
938,scenario_26,248309.5920774143,887.8108320086321,-31042476.524375137,Road,access_only_integrated_proxy,31042476.524375137,31290786.116452552
938,scenario_44,419270.5534361309,1499.067900553764,-31164455.221482597,Road,access_only_integrated_proxy,31164455.221482597,31583725.774918728
938,scenario_64,519130.6213980417,1856.1094843281935,-31235661.050587505,Road,access_only_integrated_proxy,31235661.050587505,31754791.671985548
938,scenario_70,342528.6346566427,1224.683386481851,-31109859.691250425,Road,access_only_integrated_proxy,31109859.691250425,31452388.325907066
938,scenario_75,420134.5833398035,1502.1571694830964,-31165024.69496061,Road,access_only_integrated_proxy,31165024.69496061,31585159.278300412
938,scenario_78,568997.6898882599,2034.405148203834,-31271484.105391786,Road,access_only_integrated_proxy,31271484.105391786,31840481.795280047
938,scenario_89,351315.2585831645,1256.0992485655042,-31115844.17278169,Road,access_only_integrated_proxy,31115844.17278169,31467159.431364857
938,scenario_96,372946.8084726541,1333.4411029189869,-31131184.271126546,Road,access_only_integrated_proxy,31131184.271126546,31504131.0795992
94,scenario_100,-8395.98774196017,-30.01917404946653,-6184376.955934225,Road,access_only_integrated_proxy,6184376.955934225,6175980.968192264
94,scenario_19,-12674.225590678083,-45.31566691639091,-6182871.905433031,Road,access_only_integrated_proxy,6182871.905433031,6170197.679842353
94,scenario_26,-5716.2038041330925,-20.43782365723564,-6185774.882960572,Road,access_only_integrated_proxy,6185774.882960572,6180058.679156438
94,scenario_44,-9709.409343150031,-34.71520659003363,-6183781.924146686,Road,access_only_integrated_proxy,6183781.924146686,6174072.514803535
94,scenario_64,-12076.825700202766,-43.179712000724976,-6183038.839321002,Road,access_only_integrated_proxy,6183038.839321002,6170962.013620799
94,scenario_70,-7894.7724147656245,-28.22711924832402,-6184616.798275055,Road,access_only_integrated_proxy,6184616.798275055,6176722.02586029
94,scenario_75,-9734.325684050384,-34.80429294856003,-6183782.521670072,Road,access_only_integrated_proxy,6183782.521670072,6174048.195986022
94,scenario_78,-13222.288063327722,-47.27521989122761,-6182742.590549364,Road,access_only_integrated_proxy,6182742.590549364,6169520.302486036
94,scenario_89,-8135.711207849136,-29.088576385605847,-6184505.155301571,Road,access_only_integrated_proxy,6184505.155301571,6176369.444093722
94,scenario_96,-8651.226727109768,-30.931760365085207,-6184268.684172923,Road,access_only_integrated_proxy,6184268.684172923,6175617.457445813
940,scenario_100,107754.77289542583,385.26846174900857,-15567250.540456293,Road,access_only_integrated_proxy,15567250.540456293,15675005.313351719
940,scenario_19,162220.63146959714,580.006727042135,-15646857.233492903,Road,access_only_integrated_proxy,15646857.233492903,15809077.864962501
940,scenario_26,73990.47439582545,264.5469475604932,-15517860.598865045,Road,access_only_integrated_proxy,15517860.598865045,15591851.07326087
940,scenario_44,124162.95444182935,443.93458571380324,-15591299.677680582,Road,access_only_integrated_proxy,15591299.677680582,15715462.63212241
940,scenario_64,153047.14604467346,547.2076730088884,-15633969.752882935,Road,access_only_integrated_proxy,15633969.752882935,15787016.898927609
940,scenario_70,101922.60369299314,364.41601320399786,-15558546.417041045,Road,access_only_integrated_proxy,15558546.417041045,15660469.020734038
940,scenario_75,124344.23648314796,444.5827449676799,-15591621.904887907,Road,access_only_integrated_proxy,15591621.904887907,15715966.141371055
940,scenario_78,167884.85679247766,600.2587058501995,-15655590.185264722,Road,access_only_integrated_proxy,15655590.185264722,15823475.0420572
940,scenario_89,104063.18428254339,372.06948570294844,-15561982.71756458,Road,access_only_integrated_proxy,15561982.71756458,15666045.901847122
940,scenario_96,110267.12295266472,394.2511658642761,-15571174.108881649,Road,access_only_integrated_proxy,15571174.108881649,15681441.231834313
945,scenario_100,202669.14974498824,724.6271275798463,-17322417.18045958,Road,access_only_integrated_proxy,17322417.18045958,17525086.33020457
945,scenario_19,305477.4524242671,1092.2098857627425,-17710953.57113348,Road,access_only_integrated_proxy,17710953.57113348,18016431.023557745
945,scenario_26,138665.68587853306,495.78792716347016,-17080352.75215815,Road,access_only_integrated_proxy,17080352.75215815,17219018.438036684
945,scenario_44,233903.28650398186,836.3022534220581,-17440890.684678204,Road,access_only_integrated_proxy,17440890.684678204,17674793.971182186
945,scenario_64,289479.4764237217,1035.0104184982229,-17652764.676944822,Road,access_only_integrated_proxy,17652764.676944822,17942244.153368544
945,scenario_70,191206.71772858614,683.6441304262298,-17278338.43512386,Road,access_only_integrated_proxy,17278338.43512386,17469545.152852446
945,scenario_75,234383.1651618637,838.0180206904624,-17442911.97637321,Road,access_only_integrated_proxy,17442911.97637321,17677295.141535074
945,scenario_78,317278.0776083387,1134.4020651918254,-17757513.71735707,Road,access_only_integrated_proxy,17757513.71735707,18074791.79496541
945,scenario_89,196027.28115809473,700.8796644758695,-17297898.878605112,Road,access_only_integrated_proxy,17297898.878605112,17493926.159763206
945,scenario_96,208038.27423178262,743.8239972533011,-17343829.52349977,Road,access_only_integrated_proxy,17343829.52349977,17551867.797731552
952,scenario_100,-97821.76315662787,-349.753790057217,-90309262.69873855,Road,access_only_integrated_proxy,90309262.69873855,90211440.93558192
952,scenario_19,-146737.75560558512,-524.6489585898016,-90738196.67726563,Road,access_only_integrated_proxy,90738196.67726563,90591458.92166005
952,scenario_26,-67286.83115302103,-240.57861417839922,-90042209.03748101,Road,access_only_integrated_proxy,90042209.03748101,89974922.20632799
952,scenario_44,-112618.30854224652,-402.65763948065796,-90439683.4888906,Road,access_only_integrated_proxy,90439683.4888906,90327065.18034835
952,scenario_64,-139340.56082949834,-498.20088788200525,-90672095.9476149,Road,access_only_integrated_proxy,90672095.9476149,90532755.38678539
952,scenario_70,-92312.08680294265,-330.05438856918045,-90261241.3341151,Road,access_only_integrated_proxy,90261241.3341151,90168929.24731216
952,scenario_75,-112975.03968312292,-403.9331027776461,-90441736.19641213,Road,access_only_integrated_proxy,90441736.19641213,90328761.15672901
952,scenario_78,-152389.47145186245,-544.8562107776088,-90788028.55557409,Road,access_only_integrated_proxy,90788028.55557409,90635639.08412223
952,scenario_89,-94683.97299002591,-338.5348754950646,-90281704.17253283,Road,access_only_integrated_proxy,90281704.17253283,90187020.1995428
952,scenario_96,-100288.97903673054,-358.5751205782544,-90332014.59561937,Road,access_only_integrated_proxy,90332014.59561937,90231725.61658263
958,scenario_100,57377.90686732242,205.15005807310808,-20349650.33595124,Road,access_only_integrated_proxy,20349650.33595124,20407028.24281856
958,scenario_19,86292.98621187349,308.5335819865868,-20399912.102240957,Road,access_only_integrated_proxy,20399912.102240957,20486205.08845283
958,scenario_26,39519.996376771625,141.30054570465836,-20319041.8696193,Road,access_only_integrated_proxy,20319041.8696193,20358561.86599607
958,scenario_44,66030.02485288415,236.08500506059136,-20364611.200725317,Road,access_only_integrated_proxy,20364611.200725317,20430641.2255782
958,scenario_64,81135.7757541269,290.0943937577722,-20391120.296920307,Road,access_only_integrated_proxy,20391120.296920307,20472256.072674435
958,scenario_70,54382.841868128475,194.4414457854873,-20344431.69915549,Road,access_only_integrated_proxy,20344431.69915549,20398814.54102362
958,scenario_75,66104.90192247019,236.35272195743528,-20364763.957590424,Road,access_only_integrated_proxy,20364763.957590424,20430868.859512895
958,scenario_78,89057.06716999311,318.41632954634406,-20404963.983479768,Road,access_only_integrated_proxy,20404963.983479768,20494021.050649762
958,scenario_89,55349.62706054123,197.89810792595745,-20346210.220094055,Road,access_only_integrated_proxy,20346210.220094055,20401559.847154595
958,scenario_96,58575.48100954557,209.43188740843107,-20351812.495019004,Road,access_only_integrated_proxy,20351812.495019004,20410387.97602855
964,scenario_100,43511.46663174559,155.57172426992838,-21705349.201530255,Road,access_only_integrated_proxy,21705349.201530255,21748860.668162
964,scenario_19,65529.747414208665,234.29630360387455,-21719074.747528218,Road,access_only_integrated_proxy,21719074.747528218,21784604.494942427
964,scenario_26,29843.625552504916,106.7034656625874,-21696963.678831425,Road,access_only_integrated_proxy,21696963.678831425,21726807.30438393
964,scenario_44,50161.96044322711,179.3500261657282,-21709451.836042054,Road,access_only_integrated_proxy,21709451.836042054,21759613.796485282
964,scenario_64,61907.78594371579,221.34627376524077,-21716796.684641764,Road,access_only_integrated_proxy,21716796.684641764,21778704.47058548
964,scenario_70,41123.953163494196,147.03536326612448,-21703877.657020934,Road,access_only_integrated_proxy,21703877.657020934,21745001.610184427
964,scenario_75,50244.4452191566,179.64494380033648,-21709502.53515162,Road,access_only_integrated_proxy,21709502.53515162,21759746.980370775
964,scenario_78,67893.15322390634,242.7464696273746,-21720542.49477982,Road,access_only_integrated_proxy,21720542.49477982,21788435.648003727
964,scenario_89,42040.11494988511,150.31102551914228,-21704431.56085133,Road,access_only_integrated_proxy,21704431.56085133,21746471.675801218
964,scenario_96,44569.09671657059,159.35319496427473,-21705995.443039134,Road,access_only_integrated_proxy,21705995.443039134,21750564.539755706
970,scenario_100,-97075.10410715418,-347.0841711093781,-10261428.285622368,Road,access_only_integrated_proxy,10261428.285622368,10164353.181515213
970,scenario_19,-146398.0930364998,-523.4345225886027,-10352461.744967937,Road,access_only_integrated_proxy,10352461.744967937,10206063.651931439
970,scenario_26,-66311.27576067322,-237.09059489849642,-10204636.709178861,Road,access_only_integrated_proxy,10204636.709178861,10138325.433418188
970,scenario_44,-112110.08901402423,-400.84054172612014,-10289211.314001428,Road,access_only_integrated_proxy,10289211.314001428,10177101.224987404
970,scenario_64,-138968.62530000633,-496.8710625251624,-10339152.78743311,Road,access_only_integrated_proxy,10339152.78743311,10200184.162133103
970,scenario_70,-91491.4579070745,-327.12029642752896,-10251000.099244159,Road,access_only_integrated_proxy,10251000.099244159,10159508.641337084
970,scenario_75,-112362.50443331496,-401.7430326107351,-10289721.99007526,Road,access_only_integrated_proxy,10289721.99007526,10177359.485641945
970,scenario_78,-152272.15040542625,-544.4367388797364,-10363669.546993356,Road,access_only_integrated_proxy,10363669.546993356,10211397.39658793
970,scenario_89,-93943.8411177664,-335.8885939406173,-10255760.12873795,Road,access_only_integrated_proxy,10255760.12873795,10161816.287620185
970,scenario_96,-99774.13970101195,-356.73435423825504,-10266608.048561178,Road,access_only_integrated_proxy,10266608.048561178,10166833.908860166
971,scenario_100,101508.69772961074,362.9361259606194,-23092620.85695992,Road,access_only_integrated_proxy,23092620.85695992,23194129.55468953
971,scenario_19,153146.64591278505,547.5634267272762,-23131890.849159848,Road,access_only_integrated_proxy,23131890.849159848,23285037.495072633
971,scenario_26,69243.24387173256,247.57360937379235,-23068626.25571387,Road,access_only_integrated_proxy,23068626.25571387,23137869.499585602
971,scenario_44,117294.31800817346,419.3763325431901,-23104504.255983766,Road,access_only_integrated_proxy,23104504.255983766,23221798.57399194
971,scenario_64,145593.0298739723,520.5560844655993,-23126031.180335276,Road,access_only_integrated_proxy,23126031.180335276,23271624.210209247
971,scenario_70,95580.38507763998,341.7399242999418,-23088208.682048127,Road,access_only_integrated_proxy,23088208.682048127,23183789.067125767
971,scenario_75,117568.01940260114,420.35492970762425,-23104709.07534442,Road,access_only_integrated_proxy,23104709.07534442,23222277.09474702
971,scenario_78,159481.61259431244,570.2135869293852,-23136700.450811397,Road,access_only_integrated_proxy,23136700.450811397,23296182.06340571
971,scenario_89,98285.18940676277,351.41073307445913,-23090195.10532021,Road,access_only_integrated_proxy,23090195.10532021,23188480.294726975
971,scenario_96,104432.85196500394,373.39120255643866,-23094782.837134313,Road,access_only_integrated_proxy,23094782.837134313,23199215.689099316
987,scenario_100,0.0013166637586436991,4.707624611910433e-06,-11587200.784521703,Road,access_only_integrated_proxy,11587200.784521703,11587200.785838366
987,scenario_19,-0.0011055900699830088,-3.952947736252099e-06,-11587025.997080667,Road,access_only_integrated_proxy,11587025.997080667,11587025.995975077
987,scenario_26,0.0,0.0,-11587418.221383516,Road,access_only_integrated_proxy,11587418.221383516,11587418.221383516
987,scenario_44,-0.00045259394596541824,-1.618212991161272e-06,-11587125.60986591,Road,access_only_integrated_proxy,11587125.60986591,11587125.609413315
987,scenario_64,0.0015892380304194376,5.68219184060581e-06,-11587045.06877995,Road,access_only_integrated_proxy,11587045.06877995,11587045.070369188
987,scenario_70,0.0,0.0,-11587249.96594622,Road,access_only_integrated_proxy,11587249.96594622,11587249.96594622
987,scenario_75,-0.0009811338827603322,-3.5079647204838693e-06,-11587103.712792221,Road,access_only_integrated_proxy,11587103.712792221,11587103.711811088
987,scenario_78,-0.0010929303698503647,-3.907684003934264e-06,-11587016.75055435,Road,access_only_integrated_proxy,11587016.75055435,11587016.749461418
987,scenario_89,-0.0004324607289163396,-1.5462283045053482e-06,-11587224.138665808,Road,access_only_integrated_proxy,11587224.138665808,11587224.138233347
987,scenario_96,0.0,0.0,-11587190.231354613,Road,access_only_integrated_proxy,11587190.231354613,11587190.231354613
