mode,development,scenario,tts_hours,tts_minutes,tts_chf_yearly,tts_minutes_metric
Road,0,scenario_100,84.08466940133172,5045.080164079904,1411045.858391098,weighted_peak_minutes
Road,2,scenario_100,-168.88894577856598,-10133.33674671396,-2834167.6213465612,weighted_peak_minutes
Road,12,scenario_100,-16.264290498297974,-975.8574298978784,-272935.1249245629,weighted_peak_minutes
Road,15,scenario_100,60.360705646635815,3621.642338798149,1012928.0916326072,weighted_peak_minutes
Road,17,scenario_100,-79.09582184818477,-4745.749310891086,-1327326.7603898505,weighted_peak_minutes
Road,25,scenario_100,-197.97755205363885,-11878.653123218332,-3322310.795400128,weighted_peak_minutes
Road,27,scenario_100,-186.8810310040678,-11212.86186024407,-3136097.301537013,weighted_peak_minutes
Road,28,scenario_100,-29.405735086888306,-1764.3441052132985,-493464.9919268444,weighted_peak_minutes
Road,57,scenario_100,61.706219423676764,3702.373165420606,1035507.4947035756,weighted_peak_minutes
Road,62,scenario_100,14.122964382214317,847.377862932859,237000.996039034,weighted_peak_minutes
Road,63,scenario_100,-208.87747885806598,-12532.64873148396,-3505225.1920869206,weighted_peak_minutes
Road,73,scenario_100,-89.16985687314202,-5350.191412388522,-1496381.660652415,weighted_peak_minutes
Road,90,scenario_100,1.2096839360000256,72.58103616000153,20300.00855100043,weighted_peak_minutes
Road,94,scenario_100,1.916795009886846,115.00770059321076,32166.216259663634,weighted_peak_minutes
Road,103,scenario_100,-184.27766281446966,-11056.65976886818,-3092409.529105319,weighted_peak_minutes
Road,104,scenario_100,1.683460748733099,101.00764492398594,28250.575689677316,weighted_peak_minutes
Road,109,scenario_100,-374.4488114291026,-22466.928685746156,-6283719.116794628,weighted_peak_minutes
Road,114,scenario_100,-8.347784344450337,-500.8670606670202,-140086.25603030724,weighted_peak_minutes
Road,126,scenario_100,-214.10750641239764,-12846.45038474386,-3592991.5919830487,weighted_peak_minutes
Road,140,scenario_100,-3.8653800955129554,-231.92280573077733,-64865.90972782679,weighted_peak_minutes
Road,143,scenario_100,-1.2827373843009506,-76.96424305805704,-21525.936730300327,weighted_peak_minutes
Road,144,scenario_100,-160.14774525880736,-9608.864715528442,-2687479.350124361,weighted_peak_minutes
Road,150,scenario_100,-160.55644053576106,-9633.386432145664,-2694337.7677407404,weighted_peak_minutes
Road,176,scenario_100,39.26967976996772,2356.1807861980633,658994.3136397708,weighted_peak_minutes
Road,177,scenario_100,3.4417321588795553,206.50392953277333,57756.567791197536,weighted_peak_minutes
Road,195,scenario_100,-155.0123539957994,-9300.741239747964,-2601301.065492009,weighted_peak_minutes
Road,197,scenario_100,-15.471987776565948,-928.3192665939569,-259639.29487549732,weighted_peak_minutes
Road,201,scenario_100,-203.40470121910136,-12204.282073146082,-3413385.1423330447,weighted_peak_minutes
Road,202,scenario_100,-78.22758603444575,-4693.655162066745,-1312756.6781405427,weighted_peak_minutes
Road,206,scenario_100,0.8830249978986103,52.98149987391662,14818.263245986054,weighted_peak_minutes
Road,209,scenario_100,-7.714959073261707,-462.8975443957024,-129466.65694817304,weighted_peak_minutes
Road,227,scenario_100,2.2091189634248924,132.54713780549355,37071.77760497398,weighted_peak_minutes
Road,233,scenario_100,-11.15725304496009,-669.4351826976053,-187232.6526607365,weighted_peak_minutes
Road,240,scenario_100,-0.4094391081773211,-24.566346490639265,-6870.900034100669,weighted_peak_minutes
Road,243,scenario_100,-114.92469196362363,-6895.481517817418,-1928579.987014559,weighted_peak_minutes
Road,245,scenario_100,-180.65000147696603,-10839.000088617962,-3031532.837285336,weighted_peak_minutes
Road,249,scenario_100,-197.3439286672607,-11840.635720035643,-3311677.802947469,weighted_peak_minutes
Road,250,scenario_100,12.484761148347753,749.0856689008651,209509.8980207107,weighted_peak_minutes
Road,255,scenario_100,-17.46958324376028,-1048.1749946256168,-293161.44380935223,weighted_peak_minutes
Road,261,scenario_100,-82.26518977823629,-4935.911386694177,-1380512.7159660277,weighted_peak_minutes
Road,267,scenario_100,1.1830031147537132,70.98018688522279,19852.27101946075,weighted_peak_minutes
Road,270,scenario_100,-17.921169588190967,-1075.270175291458,-300739.6271518297,weighted_peak_minutes
Road,273,scenario_100,2.0085363858786875,120.51218315272126,33705.75122552673,weighted_peak_minutes
Road,277,scenario_100,-114.69491065385519,-6881.694639231311,-1924723.9694100071,weighted_peak_minutes
Road,284,scenario_100,-10.650000761036063,-639.0000456621638,-178720.32527113642,weighted_peak_minutes
Road,285,scenario_100,-194.96712765842483,-11698.02765950549,-3271792.1110179415,weighted_peak_minutes
Road,289,scenario_100,-190.23776069099162,-11414.265641459497,-3192427.421595703,weighted_peak_minutes
Road,308,scenario_100,-32.14435814583364,-1928.6614887500184,-539422.5101347708,weighted_peak_minutes
Road,331,scenario_100,-217.5430741322887,-13052.58444793732,-3650644.712782469,weighted_peak_minutes
Road,334,scenario_100,126.63308792805182,7597.98527568311,2125061.50679262,weighted_peak_minutes
Road,348,scenario_100,-223.56953935427785,-13414.172361256671,-3751776.3322889754,weighted_peak_minutes
Road,351,scenario_100,-338.61463210553535,-20316.87792633212,-5682376.795021014,weighted_peak_minutes
Road,356,scenario_100,-149.57538205915867,-8974.52292354952,-2510061.8801802564,weighted_peak_minutes
Road,358,scenario_100,-170.2266773687006,-10213.600642122035,-2856616.429593507,weighted_peak_minutes
Road,390,scenario_100,-125.08880855865041,-7505.328513519024,-2099146.568624852,weighted_peak_minutes
Road,392,scenario_100,5.547249002139627,332.83494012837764,93089.7723171556,weighted_peak_minutes
Road,394,scenario_100,0.30236051166721156,18.141630700032692,5073.987336415394,weighted_peak_minutes
Road,423,scenario_100,82.77284533092752,4966.370719855651,1389031.810709627,weighted_peak_minutes
Road,459,scenario_100,-51.42104679921855,-3085.262807953113,-862909.4415993864,weighted_peak_minutes
Road,464,scenario_100,-0.162727662336935,-9.7636597402161,-2730.77358359169,weighted_peak_minutes
Road,469,scenario_100,-116.80438902907578,-7008.263341744547,-1960123.653394178,weighted_peak_minutes
Road,486,scenario_100,-201.64178512885118,-12098.507107731071,-3383801.206693534,weighted_peak_minutes
Road,493,scenario_100,-0.3436828684284895,-20.62097210570937,-5767.4281358155895,weighted_peak_minutes
Road,499,scenario_100,-162.65976838818557,-9759.586103291134,-2729634.238264239,weighted_peak_minutes
Road,517,scenario_100,-5.077507741958835,-304.65046451753005,-85206.92679474669,weighted_peak_minutes
Road,521,scenario_100,-331.2686824437522,-19876.12094662513,-5559102.577259216,weighted_peak_minutes
Road,531,scenario_100,-177.15214011427307,-10629.128406856384,-2972834.3512926446,weighted_peak_minutes
Road,533,scenario_100,-17.99220915652307,-1079.5325493913842,-301931.7599079028,weighted_peak_minutes
Road,538,scenario_100,4.211992885327588,252.71957311965525,70682.50560690358,weighted_peak_minutes
Road,540,scenario_100,27.29930994257253,1637.958596554352,458116.5449737953,weighted_peak_minutes
Road,546,scenario_100,-27.96165360273347,-1677.6992161640082,-469231.49952087103,weighted_peak_minutes
Road,550,scenario_100,2.00250971619486,120.15058297169162,33604.616174894996,weighted_peak_minutes
Road,552,scenario_100,-68.061877461517,-4083.71264769102,-1142163.381151082,weighted_peak_minutes
Road,556,scenario_100,-22.099931784600873,-1325.9959070760524,-370864.4802603334,weighted_peak_minutes
Road,558,scenario_100,-168.02936094897058,-10081.761656938235,-2819742.713424913,weighted_peak_minutes
Road,564,scenario_100,-182.71694632163855,-10963.016779298312,-3066218.755459997,weighted_peak_minutes
Road,565,scenario_100,-21.312644813752073,-1278.7586888251244,-357652.82078077696,weighted_peak_minutes
Road,569,scenario_100,17.57483770584222,1054.4902623505332,294927.7452511648,weighted_peak_minutes
Road,594,scenario_100,-30.778186595367153,-1846.691195722029,-516496.443803505,weighted_peak_minutes
Road,602,scenario_100,-24.739397745555227,-1484.3638647333137,-415158.0184175987,weighted_peak_minutes
Road,612,scenario_100,-374.36825413993694,-22462.095248396217,-6282367.264785817,weighted_peak_minutes
Road,614,scenario_100,-29.551456127913358,-1773.0873676748015,-495910.3731465461,weighted_peak_minutes
Road,625,scenario_100,-29.881043519625866,-1792.862611177552,-501441.2615637216,weighted_peak_minutes
Road,627,scenario_100,9.26521612770739,555.9129676624434,155481.90814308965,weighted_peak_minutes
Road,628,scenario_100,-46.2137910785755,-2772.82746471453,-775525.181537345,weighted_peak_minutes
Road,629,scenario_100,-21.242121698409512,-1274.5273019045708,-356469.35475143464,weighted_peak_minutes
Road,648,scenario_100,-25.722296758239583,-1543.337805494375,-431652.2924742081,weighted_peak_minutes
Road,662,scenario_100,-312.3904901462646,-18743.429408775875,-5242302.912767002,weighted_peak_minutes
Road,669,scenario_100,75.85179259714205,4551.107555828523,1272887.89452079,weighted_peak_minutes
Road,670,scenario_100,5.993234217683979,359.5940530610387,100573.96171550929,weighted_peak_minutes
Road,673,scenario_100,38.859693155375616,2331.581589322537,652114.2257636471,weighted_peak_minutes
Road,678,scenario_100,-177.28427806958013,-10637.056684174808,-2975051.7913551414,weighted_peak_minutes
Road,680,scenario_100,-17.506501064815286,-1050.3900638889172,-293780.9709939315,weighted_peak_minutes
Road,682,scenario_100,-168.177399301364,-10090.64395808184,-2822226.982026015,weighted_peak_minutes
Road,689,scenario_100,-204.32716963814164,-12259.630178288498,-3428865.315490064,weighted_peak_minutes
Road,694,scenario_100,16.492043898143066,989.522633888584,276757.11166571337,weighted_peak_minutes
Road,726,scenario_100,-44.126099455700995,-2647.5659673420596,-740491.1064909823,weighted_peak_minutes
Road,736,scenario_100,-1.679558265847542,-100.77349595085252,-28185.087148754064,weighted_peak_minutes
Road,750,scenario_100,-206.18254873276263,-12370.952923965757,-3460000.8959216727,weighted_peak_minutes
Road,755,scenario_100,12.920678903211956,775.2407341927174,216825.14284452563,weighted_peak_minutes
Road,759,scenario_100,-363.5733961363663,-21814.403768181975,-6101216.053913396,weighted_peak_minutes
Road,761,scenario_100,43.230900523297414,2593.8540313978447,725468.5494065847,weighted_peak_minutes
Road,764,scenario_100,-37.773050982428444,-2266.3830589457066,-633879.0117988773,weighted_peak_minutes
Road,767,scenario_100,34.31223475559576,2058.7340853357455,575802.1894923414,weighted_peak_minutes
Road,770,scenario_100,19.817079355942163,1189.0247613565298,332555.3629419044,weighted_peak_minutes
Road,775,scenario_100,-222.69515363077517,-13361.70921784651,-3737103.046866446,weighted_peak_minutes
Road,776,scenario_100,-70.30754291203242,-4218.452574721945,-1179848.454492544,weighted_peak_minutes
Road,780,scenario_100,4.118088222737424,247.08529336424544,69106.6679878124,weighted_peak_minutes
Road,789,scenario_100,-176.11789494844075,-10567.073696906446,-2955478.424603522,weighted_peak_minutes
Road,791,scenario_100,-45.537529941735556,-2732.2517965041334,-764176.6743347498,weighted_peak_minutes
Road,809,scenario_100,-47.87495801254311,-2872.497480752587,-803401.6391479891,weighted_peak_minutes
Road,810,scenario_100,-34.095945220720026,-2045.7567132432016,-572172.5807352079,weighted_peak_minutes
Road,811,scenario_100,-4.6573144052235875,-279.43886431341525,-78155.55736265832,weighted_peak_minutes
Road,813,scenario_100,61.00973759617093,3660.584255770256,1023819.6590357436,weighted_peak_minutes
Road,822,scenario_100,-24.950069957889113,-1497.0041974733467,-418693.3614808267,weighted_peak_minutes
Road,831,scenario_100,-48.4216383661192,-2905.298301967152,-812575.6188314378,weighted_peak_minutes
Road,837,scenario_100,1.3993171094519008,83.95902656711405,23482.29024298971,weighted_peak_minutes
Road,858,scenario_100,-37.6991920420803,-2261.951522524818,-632639.56645616,weighted_peak_minutes
Road,863,scenario_100,-16.33778483372201,-980.2670900233206,-274168.4517408975,weighted_peak_minutes
Road,866,scenario_100,-17.37101021980731,-1042.2606131884386,-291507.2652511414,weighted_peak_minutes
Road,873,scenario_100,-191.61443225023783,-11496.86593501427,-3215529.6911993036,weighted_peak_minutes
Road,878,scenario_100,-47.04232232913297,-2822.5393397479784,-789428.9715857627,weighted_peak_minutes
Road,887,scenario_100,-97.96466812660316,-5877.88008759619,-1643969.5869995593,weighted_peak_minutes
Road,895,scenario_100,-172.85942136896287,-10371.565282137772,-2900797.1648479085,weighted_peak_minutes
Road,935,scenario_100,-33.75989015824162,-2025.5934094944969,-566533.1567179922,weighted_peak_minutes
Road,938,scenario_100,62.45482550922607,3747.289530553564,1048070.0405767,weighted_peak_minutes
Road,940,scenario_100,-28.94986318339555,-1736.991791003733,-485814.89154635655,weighted_peak_minutes
Road,945,scenario_100,-252.65836440733304,-15159.501864439982,-4239923.177710557,weighted_peak_minutes
Road,952,scenario_100,-187.00823485133685,-11220.49409108021,-3138231.9410989964,weighted_peak_minutes
Road,958,scenario_100,5.878428334008398,352.70570004050387,98647.37548007842,weighted_peak_minutes
Road,964,scenario_100,1.2608041740294236,75.64825044176541,21157.870045431264,weighted_peak_minutes
Road,970,scenario_100,-59.97603320188258,-3598.5619921129546,-1006472.807169092,weighted_peak_minutes
Road,971,scenario_100,-3.292918756614866,-197.57512539689196,-55259.29288444322,weighted_peak_minutes
Road,987,scenario_100,-1.4230017034385432,-85.38010220631259,-23879.74733582805,weighted_peak_minutes
Road,0,scenario_19,302.8212681267294,18169.276087603765,5081719.405751678,weighted_peak_minutes
Road,2,scenario_19,-539.6228979027093,-32377.373874162557,-9055546.75542984,weighted_peak_minutes
Road,12,scenario_19,3.7308408636192327,223.85045181715395,62608.173242610246,weighted_peak_minutes
Road,15,scenario_19,215.91544814300917,12954.92688858055,3623331.1141498727,weighted_peak_minutes
Road,17,scenario_19,-84.94698498864697,-5096.819099318818,-1425516.591840732,weighted_peak_minutes
Road,25,scenario_19,-613.2952139347752,-36797.71283608652,-10291860.308842948,weighted_peak_minutes
Road,27,scenario_19,-573.9853919911199,-34439.12351946719,-9632192.35935098,weighted_peak_minutes
Road,28,scenario_19,105.85267840401114,6351.160704240669,1776340.259467312,weighted_peak_minutes
Road,57,scenario_19,156.8828481531702,9412.970889190212,2632690.2955703875,weighted_peak_minutes
Road,62,scenario_19,56.463753435958644,3387.8252061575186,947532.362347181,weighted_peak_minutes
Road,63,scenario_19,-635.6555712373113,-38139.334274238674,-10667095.05482613,weighted_peak_minutes
Road,73,scenario_19,-292.6215345368158,-17557.292072208948,-4910555.12644594,weighted_peak_minutes
Road,90,scenario_19,8.770899588333366,526.2539753000019,147186.65871671928,weighted_peak_minutes
Road,94,scenario_19,9.89959462963743,593.9756777782459,166127.57237860316,weighted_peak_minutes
Road,103,scenario_19,-569.0220367597067,-34141.3222055824,-9548901.054373829,weighted_peak_minutes
Road,104,scenario_19,6.5968098374083635,395.80859024450183,110702.7150840091,weighted_peak_minutes
Road,109,scenario_19,-1187.0791198290924,-71224.74718974554,-19920671.479631957,weighted_peak_minutes
Road,114,scenario_19,-29.063305614477333,-1743.79833686864,-487718.5973429478,weighted_peak_minutes
Road,126,scenario_19,-654.4207572895646,-39265.24543737387,-10981998.333265506,weighted_peak_minutes
Road,140,scenario_19,-13.645419846251995,-818.7251907751197,-228987.2017949163,weighted_peak_minutes
Road,143,scenario_19,-1.4278846698871348,-85.67308019322809,-23961.68961654348,weighted_peak_minutes
Road,144,scenario_19,-481.3140577410794,-28878.843464464764,-8077051.531467489,weighted_peak_minutes
Road,150,scenario_19,-516.0587182461555,-30963.523094769334,-8660110.365568299,weighted_peak_minutes
Road,176,scenario_19,193.93148277064708,11635.888966238825,3254412.6952449214,weighted_peak_minutes
Road,177,scenario_19,18.817400741499537,1129.0440444899723,315779.5061932891,weighted_peak_minutes
Road,195,scenario_19,-497.120029896878,-29827.20179381268,-8342295.501706984,weighted_peak_minutes
Road,197,scenario_19,-49.24964361987077,-2954.978617192246,-826470.5819959564,weighted_peak_minutes
Road,201,scenario_19,-630.8065664787194,-37848.39398872317,-10585722.693721011,weighted_peak_minutes
Road,202,scenario_19,-234.95729856916392,-14097.437914149836,-3942877.1666137823,weighted_peak_minutes
Road,206,scenario_19,13.028618733251157,781.7171239950694,218636.50811737095,weighted_peak_minutes
Road,209,scenario_19,49.86956098683295,2992.173659209977,836873.5703102904,weighted_peak_minutes
Road,227,scenario_19,4.923615570684585,295.41693424107507,82624.42379555068,weighted_peak_minutes
Road,233,scenario_19,-25.928664664454605,-1555.7198798672762,-435115.4039003788,weighted_peak_minutes
Road,240,scenario_19,0.6948938470353218,41.6936308221193,11661.187370561493,weighted_peak_minutes
Road,243,scenario_19,-282.13769251808407,-16928.261551085045,-4734623.152569098,weighted_peak_minutes
Road,245,scenario_19,-546.4866862283554,-32789.20117370132,-9170729.70326959,weighted_peak_minutes
Road,249,scenario_19,-602.6635510170366,-36159.8130610222,-10113447.715504646,weighted_peak_minutes
Road,250,scenario_19,25.296134772475735,1517.768086348544,424500.7616506084,weighted_peak_minutes
Road,255,scenario_19,-57.98664769150783,-3479.1988614904694,-973088.4315731156,weighted_peak_minutes
Road,261,scenario_19,-262.71665141031065,-15762.99908461864,-4408713.806479276,weighted_peak_minutes
Road,267,scenario_19,1.6930712735823665,101.584276414942,28411.85230980409,weighted_peak_minutes
Road,270,scenario_19,-51.66062664723723,-3099.637598834234,-866929.8909239497,weighted_peak_minutes
Road,273,scenario_19,5.686631644499721,341.19789866998326,95428.78728426094,weighted_peak_minutes
Road,277,scenario_19,-379.4829400620229,-22768.976403721375,-6368198.087915822,weighted_peak_minutes
Road,284,scenario_19,-31.560200050125907,-1893.6120030075544,-529619.6070911754,weighted_peak_minutes
Road,285,scenario_19,-591.4175715039406,-35485.05429023644,-9924726.121800505,weighted_peak_minutes
Road,289,scenario_19,-577.1290753503679,-34627.744521022076,-9684947.295723362,weighted_peak_minutes
Road,308,scenario_19,-39.45480637539877,-2367.288382523926,-662100.9694871606,weighted_peak_minutes
Road,331,scenario_19,-672.2073190648458,-40332.43914389075,-11280479.073056944,weighted_peak_minutes
Road,334,scenario_19,442.8788656809677,26572.731940858062,7432060.96470874,weighted_peak_minutes
Road,348,scenario_19,-644.561068946612,-38673.66413679672,-10816540.438260334,weighted_peak_minutes
Road,351,scenario_19,-1087.5093397033904,-65250.56038220343,-18249766.10689752,weighted_peak_minutes
Road,356,scenario_19,-448.9937123877831,-26939.622743266984,-7534675.736007485,weighted_peak_minutes
Road,358,scenario_19,-541.5049914836981,-32490.299489021883,-9087130.638335807,weighted_peak_minutes
Road,390,scenario_19,-418.6754446107448,-25120.526676644688,-7025897.304874061,weighted_peak_minutes
Road,392,scenario_19,19.845251914767626,1190.7151148860576,333028.1336946942,weighted_peak_minutes
Road,394,scenario_19,-4.911096286857113,-294.66577721142676,-82414.33456382091,weighted_peak_minutes
Road,423,scenario_19,306.8709982845215,18412.25989707129,5149678.939962125,weighted_peak_minutes
Road,459,scenario_19,-95.5316496331264,-5731.898977987585,-1603140.4954059026,weighted_peak_minutes
Road,464,scenario_19,0.47018118864895464,28.21087131893728,7890.22807201527,weighted_peak_minutes
Road,469,scenario_19,-380.12995596568607,-22807.797357941163,-6379055.823549169,weighted_peak_minutes
Road,486,scenario_19,-615.4913482796052,-36929.48089677631,-10328714.188317124,weighted_peak_minutes
Road,493,scenario_19,1.7883526735842072,107.30116041505244,30010.79330358498,weighted_peak_minutes
Road,499,scenario_19,-486.1837764634848,-29171.026587809087,-8158771.498777854,weighted_peak_minutes
Road,517,scenario_19,-16.311619100248205,-978.6971460148924,-273729.35802604025,weighted_peak_minutes
Road,521,scenario_19,-1040.1408719882254,-62408.45231929352,-17454864.008052405,weighted_peak_minutes
Road,531,scenario_19,-572.3964310952191,-34343.785865713144,-9605527.609316643,weighted_peak_minutes
Road,533,scenario_19,-27.96843182175265,-1678.105909305159,-469345.2465087867,weighted_peak_minutes
Road,538,scenario_19,41.12852187692576,2467.7113126155455,690188.0077471604,weighted_peak_minutes
Road,540,scenario_19,116.87798764356218,7012.679258613731,1961358.7301435275,weighted_peak_minutes
Road,546,scenario_19,-95.89467821547102,-5753.680692928261,-1609232.568803373,weighted_peak_minutes
Road,550,scenario_19,37.53063724730746,2251.8382348384475,629811.0063063783,weighted_peak_minutes
Road,552,scenario_19,-229.68707254956635,-13781.22435297398,-3854436.18622241,weighted_peak_minutes
Road,556,scenario_19,-87.4051806435804,-5244.310838614823,-1466768.1876750833,weighted_peak_minutes
Road,558,scenario_19,-439.69660259207984,-26381.79615552479,-7378658.61224834,weighted_peak_minutes
Road,564,scenario_19,-560.9379475564987,-33656.27685338992,-9413239.932432491,weighted_peak_minutes
Road,565,scenario_19,9.97516237172531,598.5097423035186,167395.69355051534,weighted_peak_minutes
Road,569,scenario_19,74.5838000194189,4475.028001165134,1251609.3940758733,weighted_peak_minutes
Road,594,scenario_19,-21.125329146763153,-1267.5197488057893,-354509.4297441192,weighted_peak_minutes
Road,602,scenario_19,0.011690228218988826,0.7014136931393296,196.17664229990623,weighted_peak_minutes
Road,612,scenario_19,-1187.3009613843597,-71238.05768306158,-19924394.25823129,weighted_peak_minutes
Road,614,scenario_19,-92.02226136263343,-5521.335681758006,-1544248.5734916923,weighted_peak_minutes
Road,625,scenario_19,-83.5212973178112,-5011.277839068673,-1401591.7706145197,weighted_peak_minutes
Road,627,scenario_19,17.746161167797013,1064.7696700678207,297802.76709709363,weighted_peak_minutes
Road,628,scenario_19,-174.04568440875738,-10442.741064525442,-2920704.1414844594,weighted_peak_minutes
Road,629,scenario_19,-41.527279274185034,-2491.636756451102,-696879.6553199176,weighted_peak_minutes
Road,648,scenario_19,-33.596631287108174,-2015.7978772264903,-563793.4687867841,weighted_peak_minutes
Road,662,scenario_19,-978.8067079343562,-58728.40247606137,-16425600.067523414,weighted_peak_minutes
Road,669,scenario_19,279.16397792744294,16749.838675646577,4684720.504594902,weighted_peak_minutes
Road,670,scenario_19,7.240519948195045,434.4311968917027,121504.9753806481,weighted_peak_minutes
Road,673,scenario_19,139.4158308548329,8364.949851289974,2339571.9115326647,weighted_peak_minutes
Road,678,scenario_19,-512.5316322950355,-30751.89793770213,-8600921.454451066,weighted_peak_minutes
Road,680,scenario_19,6.07824863740049,364.6949182440294,102000.60994637696,weighted_peak_minutes
Road,682,scenario_19,-439.92025315428225,-26395.215189256935,-7382411.7482453,weighted_peak_minutes
Road,689,scenario_19,-607.0311106631882,-36421.86663979129,-10186740.825816626,weighted_peak_minutes
Road,694,scenario_19,103.5062181749284,6210.373090495705,1736963.723748017,weighted_peak_minutes
Road,726,scenario_19,-165.99791104865145,-9959.874662919086,-2785652.444785182,weighted_peak_minutes
Road,736,scenario_19,-3.3572700941236695,-201.43620564742017,-56339.18876701282,weighted_peak_minutes
Road,750,scenario_19,-622.643413104408,-37358.60478626448,-10448734.776158346,weighted_peak_minutes
Road,755,scenario_19,25.9146130516155,1554.87678309693,434879.6002724226,weighted_peak_minutes
Road,759,scenario_19,-1153.0949269019416,-69185.6956141165,-19350374.242073208,weighted_peak_minutes
Road,761,scenario_19,169.199816709363,10151.98900256178,2839384.4241539976,weighted_peak_minutes
Road,764,scenario_19,-54.04423442719271,-3242.654065631563,-906929.8089813276,weighted_peak_minutes
Road,767,scenario_19,130.61477909232684,7836.88674553961,2191879.26164311,weighted_peak_minutes
Road,770,scenario_19,75.12077974815814,4507.2467848894885,1260620.5851487787,weighted_peak_minutes
Road,775,scenario_19,-689.5376436869731,-41372.25862121838,-11571303.583122017,weighted_peak_minutes
Road,776,scenario_19,-258.43382196619444,-15506.029317971668,-4336842.574870201,weighted_peak_minutes
Road,780,scenario_19,40.637662011460634,2438.259720687638,681950.7656298238,weighted_peak_minutes
Road,789,scenario_19,-504.3524478940002,-30261.146873640013,-8463664.516221192,weighted_peak_minutes
Road,791,scenario_19,-115.15283132912009,-6909.169879747205,-1932408.4507417963,weighted_peak_minutes
Road,809,scenario_19,-121.7396625046269,-7304.379750277614,-2042943.7114057704,weighted_peak_minutes
Road,810,scenario_19,-30.45660181118874,-1827.3961086713243,-511099.84914401104,weighted_peak_minutes
Road,811,scenario_19,-5.851967129283973,-351.11802775703836,-98203.32338829667,weighted_peak_minutes
Road,813,scenario_19,286.7755719869456,17206.534319216735,4812452.567405931,weighted_peak_minutes
Road,822,scenario_19,-72.28238503225536,-4336.9431019353215,-1212988.7738225353,weighted_peak_minutes
Road,831,scenario_19,-182.07338849696873,-10924.403309818124,-3055419.050714757,weighted_peak_minutes
Road,837,scenario_19,12.137102938262979,728.2261762957787,203675.7586827256,weighted_peak_minutes
Road,858,scenario_19,-26.65940458700061,-1599.5642752200365,-447378.133225604,weighted_peak_minutes
Road,863,scenario_19,22.98201656582727,1378.920993949636,385666.9654952888,weighted_peak_minutes
Road,866,scenario_19,-54.25380810671098,-3255.2284864026587,-910446.7172907436,weighted_peak_minutes
Road,873,scenario_19,-585.9139700550256,-35154.83820330154,-9832368.809985898,weighted_peak_minutes
Road,878,scenario_19,-128.94752994294396,-7736.851796576637,-2163900.736855028,weighted_peak_minutes
Road,887,scenario_19,-315.4237852986863,-18925.42711792118,-5293205.39704358,weighted_peak_minutes
Road,895,scenario_19,-530.9899536220473,-31859.39721732284,-8910675.159219982,weighted_peak_minutes
Road,935,scenario_19,-103.92561346764948,-6235.536808058969,-1744001.701003993,weighted_peak_minutes
Road,938,scenario_19,253.0111514132276,15180.669084793655,4245843.384653226,weighted_peak_minutes
Road,940,scenario_19,-89.39773283133788,-5363.863969880273,-1500205.7040758887,weighted_peak_minutes
Road,945,scenario_19,-830.4533337773057,-49827.20002663834,-13936045.007450411,weighted_peak_minutes
Road,952,scenario_19,-503.8562797319028,-30231.37678391417,-8455338.194250993,weighted_peak_minutes
Road,958,scenario_19,45.15390350940094,2709.2342105640564,757738.9432671345,weighted_peak_minutes
Road,964,scenario_19,4.68393224942071,281.03593496524263,78602.2380605913,weighted_peak_minutes
Road,970,scenario_19,-177.42572091118782,-10645.54325467127,-2977425.3790408703,weighted_peak_minutes
Road,971,scenario_19,-5.791324687221398,-347.4794812332839,-97185.66740743408,weighted_peak_minutes
Road,987,scenario_19,-3.364867844203643,-201.89207065221856,-56466.68851054237,weighted_peak_minutes
Road,0,scenario_26,28.965591686672997,1737.9355012003798,486078.8354919813,weighted_peak_minutes
Road,2,scenario_26,-69.54121860511562,-4172.473116306937,-1166988.5747170963,weighted_peak_minutes
Road,12,scenario_26,-15.677851432493968,-940.671085949638,-263093.94435153937,weighted_peak_minutes
Road,15,scenario_26,21.001595102129794,1260.0957061277877,352433.01780761563,weighted_peak_minutes
Road,17,scenario_26,-59.68530296680692,-3581.1181780084153,-1001593.9904117286,weighted_peak_minutes
Road,25,scenario_26,-84.62346077579375,-5077.407646547625,-1420087.4511437889,weighted_peak_minutes
Road,27,scenario_26,-80.68618361194822,-4841.171016716893,-1354015.018738006,weighted_peak_minutes
Road,28,scenario_26,-44.39824690009264,-2663.894814005558,-745058.0807921796,weighted_peak_minutes
Road,57,scenario_26,31.72797669348025,1903.6786016088151,532435.1088874656,weighted_peak_minutes
Road,62,scenario_26,3.8636025225476867,231.8161513528612,64836.07983150337,weighted_peak_minutes
Road,63,scenario_26,-91.08694567535082,-5465.216740521049,-1528552.807114481,weighted_peak_minutes
Road,73,scenario_26,-35.46489497630876,-2127.893698578526,-595145.2688211814,weighted_peak_minutes
Road,90,scenario_26,-0.360434083515914,-21.62604501095484,-6048.534464001432,weighted_peak_minutes
Road,94,scenario_26,0.08394541015053013,5.036724609031808,1408.7089140885837,weighted_peak_minutes
Road,103,scenario_26,-79.0629067817926,-4743.774406907556,-1326774.404431957,weighted_peak_minutes
Road,104,scenario_26,0.4247431969076085,25.484591814456508,7127.7217731058045,weighted_peak_minutes
Road,109,scenario_26,-155.5715288335147,-9334.291730010882,-2610684.7182374187,weighted_peak_minutes
Road,114,scenario_26,-3.124355181089292,-187.46131086535752,-52430.58538265468,weighted_peak_minutes
Road,126,scenario_26,-92.8911555386716,-5573.4693323202955,-1558829.703883333,weighted_peak_minutes
Road,140,scenario_26,-1.424007666085284,-85.44045996511704,-23896.62864649367,weighted_peak_minutes
Road,143,scenario_26,-1.0605400256463327,-63.63240153877996,-17797.18730537752,weighted_peak_minutes
Road,144,scenario_26,-70.84471529340809,-4250.682917604485,-1188862.8785175043,weighted_peak_minutes
Road,150,scenario_26,-65.57710258982745,-3934.626155389647,-1100465.752835542,weighted_peak_minutes
Road,176,scenario_26,5.103288528192691,306.1973116915615,85639.5606137336,weighted_peak_minutes
Road,177,scenario_26,0.05868381794765203,3.521029076859122,984.7878199340356,weighted_peak_minutes
Road,195,scenario_26,-63.48105985209307,-3808.863591125584,-1065291.5356429368,weighted_peak_minutes
Road,197,scenario_26,-6.406023680769431,-384.36142084616586,-107501.084892912,weighted_peak_minutes
Road,201,scenario_26,-86.78931533895181,-5207.358920337108,-1456433.198031785,weighted_peak_minutes
Road,202,scenario_26,-34.642792048673435,-2078.567522920406,-581349.3540668011,weighted_peak_minutes
Road,206,scenario_26,-1.3472286964024534,-80.8337217841472,-22608.18156150367,weighted_peak_minutes
Road,209,scenario_26,-15.246643047212274,-914.7985828327364,-255857.72863603095,weighted_peak_minutes
Road,227,scenario_26,1.154059623926393,69.24357743558357,19366.56306401478,weighted_peak_minutes
Road,233,scenario_26,-6.231525545188925,-373.89153271133546,-104572.78805520164,weighted_peak_minutes
Road,240,scenario_26,-0.5903335856608465,-35.420015139650786,-9906.53548437108,weighted_peak_minutes
Road,243,scenario_26,-61.01172274738056,-3660.7033648428337,-1023852.97235448,weighted_peak_minutes
Road,245,scenario_26,-79.33814010225711,-4760.288406135427,-1331393.1635910023,weighted_peak_minutes
Road,249,scenario_26,-85.72911574328269,-5143.746944596962,-1438641.7235669629,weighted_peak_minutes
Road,250,scenario_26,7.396710477056816,443.80262862340896,124126.0476931097,weighted_peak_minutes
Road,255,scenario_26,-6.867137203799212,-412.0282322279527,-115239.14620125551,weighted_peak_minutes
Road,261,scenario_26,-33.92047497236587,-2035.228498341952,-569227.9706300148,weighted_peak_minutes
Road,267,scenario_26,0.8115852025754672,48.69511215452803,13619.41418071956,weighted_peak_minutes
Road,270,scenario_26,-8.311997972763978,-498.71987836583867,-139485.7159804455,weighted_peak_minutes
Road,273,scenario_26,0.843810466149201,50.62862796895206,14160.19438506628,weighted_peak_minutes
Road,277,scenario_26,-45.14484843893588,-2708.6909063361527,-757586.9878658927,weighted_peak_minutes
Road,284,scenario_26,-4.808707418921888,-288.5224451353133,-80696.12137378294,weighted_peak_minutes
Road,285,scenario_26,-85.34732702072506,-5120.839621243504,-1432234.8315665424,weighted_peak_minutes
Road,289,scenario_26,-83.27411766952476,-4996.447060171486,-1397443.7871417124,weighted_peak_minutes
Road,308,scenario_26,-23.44270868186286,-1406.5625209117716,-393397.9550675111,weighted_peak_minutes
Road,331,scenario_26,-93.20477782906624,-5592.286669743975,-1564092.677944018,weighted_peak_minutes
Road,334,scenario_26,45.806935392028144,2748.416123521689,768697.6345474723,weighted_peak_minutes
Road,348,scenario_26,-103.25186188139827,-6195.111712883896,-1732695.3071972146,weighted_peak_minutes
Road,351,scenario_26,-138.3364705500736,-8300.188233004417,-2321458.896418423,weighted_peak_minutes
Road,356,scenario_26,-66.23101567391521,-3973.860940434912,-1111439.2317778894,weighted_peak_minutes
Road,358,scenario_26,-70.47742541207214,-4228.645524724328,-1182699.2951963355,weighted_peak_minutes
Road,390,scenario_26,-48.42239510287812,-2905.3437061726872,-812588.3178201735,weighted_peak_minutes
Road,392,scenario_26,1.8454324451832993,110.72594671099796,30968.66322073224,weighted_peak_minutes
Road,394,scenario_26,0.9873696155880073,59.24217693528044,16569.296361586246,weighted_peak_minutes
Road,423,scenario_26,27.109303058143027,1626.5581834885816,454927.99194446264,weighted_peak_minutes
Road,459,scenario_26,-32.273601603913995,-1936.4160962348396,-541591.3769156818,weighted_peak_minutes
Road,464,scenario_26,-0.33629187753491957,-20.177512652095174,-5643.398069882869,weighted_peak_minutes
Road,469,scenario_26,-46.995445347693746,-2819.726720861625,-788642.3172409857,weighted_peak_minutes
Road,486,scenario_26,-87.63142771117418,-5257.885662670451,-1470564.8962781418,weighted_peak_minutes
Road,493,scenario_26,-0.7119224046148399,-42.71534427689039,-11946.94785244278,weighted_peak_minutes
Road,499,scenario_26,-72.4042450943763,-4344.254705662577,-1215033.737990002,weighted_peak_minutes
Road,517,scenario_26,-2.159861329914323,-129.59167979485937,-36245.17294262473,weighted_peak_minutes
Road,521,scenario_26,-139.26069648249396,-8355.641788949637,-2336968.5628468515,weighted_peak_minutes
Road,531,scenario_26,-71.84366880872986,-4310.620128523791,-1205626.567196498,weighted_peak_minutes
Road,533,scenario_26,-12.20640199182817,-732.3841195096902,-204838.68342536647,weighted_peak_minutes
Road,538,scenario_26,-2.8508964951028855,-171.05378970617312,-47841.60680844529,weighted_peak_minutes
Road,540,scenario_26,6.4227066629144245,385.3623997748655,107781.04618703268,weighted_peak_minutes
Road,546,scenario_26,-10.450551898598981,-627.0331139159389,-175373.32404836416,weighted_peak_minutes
Road,550,scenario_26,-4.319159610489927,-259.1495766293956,-72480.89721353407,weighted_peak_minutes
Road,552,scenario_26,-26.0735241698756,-1564.411450192536,-437546.3274757249,weighted_peak_minutes
Road,556,scenario_26,-6.418384028630196,-385.1030417178117,-107708.50698045046,weighted_peak_minutes
Road,558,scenario_26,-84.86411652330183,-5091.84699139811,-1424125.9554066588,weighted_peak_minutes
Road,564,scenario_26,-78.92170833696825,-4735.302500218095,-1324404.9180297484,weighted_peak_minutes
Road,565,scenario_26,-21.359154681201225,-1281.5492808720735,-358433.31449390814,weighted_peak_minutes
Road,569,scenario_26,4.23715088477135,254.22905308628103,71104.68828506923,weighted_peak_minutes
Road,594,scenario_26,-25.138315443627654,-1508.2989266176592,-421852.3560383766,weighted_peak_minutes
Road,602,scenario_26,-22.935373374699946,-1376.1224024819967,-384884.2344441835,weighted_peak_minutes
Road,612,scenario_26,-155.46397920264232,-9327.83875215854,-2608879.900994342,weighted_peak_minutes
Road,614,scenario_26,-12.623523513131174,-757.4114107878704,-211838.5039547325,weighted_peak_minutes
Road,625,scenario_26,-14.269760032673851,-856.1856019604311,-239464.41054830808,weighted_peak_minutes
Road,627,scenario_26,5.6264216646008816,337.5852998760529,94418.38855908354,weighted_peak_minutes
Road,628,scenario_26,-14.771626364850574,-886.2975818910345,-247886.3549351487,weighted_peak_minutes
Road,629,scenario_26,-13.077937949515277,-784.6762769709167,-219464.14621530325,weighted_peak_minutes
Road,648,scenario_26,-18.420366119893153,-1105.221967193589,-309116.7689494569,weighted_peak_minutes
Road,662,scenario_26,-131.66225282026377,-7899.735169215826,-2209457.1801400515,weighted_peak_minutes
Road,669,scenario_26,25.196419498023655,1511.7851698814193,422827.41470120946,weighted_peak_minutes
Road,670,scenario_26,4.2982262506823945,257.8935750409437,72129.60926926394,weighted_peak_minutes
Road,673,scenario_26,13.42521979157124,805.5131874942745,225291.96962730488,weighted_peak_minutes
Road,678,scenario_26,-81.72395588730627,-4903.437353238376,-1371430.1347338583,weighted_peak_minutes
Road,680,scenario_26,-17.21217042866871,-1032.7302257201227,-288841.73500609683,weighted_peak_minutes
Road,682,scenario_26,-84.96330956388071,-5097.7985738328425,-1425790.538618873,weighted_peak_minutes
Road,689,scenario_26,-91.50430796963725,-5490.258478178235,-1535556.6681154752,weighted_peak_minutes
Road,694,scenario_26,-1.471530033244926,-88.29180199469556,-24694.113370391417,weighted_peak_minutes
Road,726,scenario_26,-14.083068607833411,-844.9841164700047,-236331.49507520444,weighted_peak_minutes
Road,736,scenario_26,-1.0198351653515905,-61.19010992109543,-17114.108868556377,weighted_peak_minutes
Road,750,scenario_26,-90.7143395930063,-5442.860375580378,-1522300.011295137,weighted_peak_minutes
Road,755,scenario_26,7.703528797444596,462.2117278466758,129274.84263211711,weighted_peak_minutes
Road,759,scenario_26,-150.96747088264968,-9058.04825295898,-2533422.8707494643,weighted_peak_minutes
Road,761,scenario_26,12.674092181802553,760.4455309081532,212687.10942587408,weighted_peak_minutes
Road,764,scenario_26,-26.313438939702852,-1578.8063363821711,-441572.3972068885,weighted_peak_minutes
Road,767,scenario_26,10.628078219978972,637.6846931987384,178352.43762902214,weighted_peak_minutes
Road,770,scenario_26,6.142728042519108,368.5636825511465,103082.6549635238,weighted_peak_minutes
Road,775,scenario_26,-95.18391760573577,-5711.035056344146,-1597305.1173212533,weighted_peak_minutes
Road,776,scenario_26,-23.43805320593286,-1406.2831923559716,-393319.8303620608,weighted_peak_minutes
Road,780,scenario_26,-2.8582914254894907,-171.49748552936944,-47965.702983995514,weighted_peak_minutes
Road,789,scenario_26,-81.93565247052562,-4916.139148231538,-1374982.668021008,weighted_peak_minutes
Road,791,scenario_26,-23.708007832156238,-1422.4804699293743,-397850.0064333719,weighted_peak_minutes
Road,809,scenario_26,-24.816087024276687,-1488.9652214566013,-416444.9603761432,weighted_peak_minutes
Road,810,scenario_26,-26.703167035410296,-1602.1900221246178,-448112.5218129791,weighted_peak_minutes
Road,811,scenario_26,-3.4756436219026607,-208.53861731415964,-58325.64453005402,weighted_peak_minutes
Road,813,scenario_26,10.189499371209726,611.3699622725835,170992.5363231132,weighted_peak_minutes
Road,822,scenario_26,-11.519420619528683,-691.165237171721,-193310.2772714657,weighted_peak_minutes
Road,831,scenario_26,-15.516901254009765,-931.014075240586,-260392.99916885135,weighted_peak_minutes
Road,837,scenario_26,-0.7230830224672293,-43.38498134803376,-12134.236970778193,weighted_peak_minutes
Road,858,scenario_26,-30.63340742057626,-1838.0044452345755,-514066.86827654537,weighted_peak_minutes
Road,863,scenario_26,-18.897273271636127,-1133.8363962981675,-317119.8670896437,weighted_peak_minutes
Road,866,scenario_26,-7.364247937248729,-441.8548762349237,-123581.28569695522,weighted_peak_minutes
Road,873,scenario_26,-83.11605783231693,-4986.963469939015,-1394791.3454985684,weighted_peak_minutes
Road,878,scenario_26,-22.901574166812257,-1374.0944500087353,-384317.04148681817,weighted_peak_minutes
Road,887,scenario_26,-39.88875778058039,-2393.3254668348236,-669383.2165053647,weighted_peak_minutes
Road,895,scenario_26,-74.6066380157441,-4476.398280944646,-1251992.6442017057,weighted_peak_minutes
Road,935,scenario_26,-14.59169111516191,-875.5014669097145,-244866.8165263108,weighted_peak_minutes
Road,938,scenario_26,16.98625247532958,1019.1751485197748,285050.5493516245,weighted_peak_minutes
Road,940,scenario_26,-12.435406792696934,-746.124407561816,-208681.67023994544,weighted_peak_minutes
Road,945,scenario_26,-100.1546902787731,-6009.281416726386,-1680720.8962406612,weighted_peak_minutes
Road,952,scenario_26,-92.0845137371182,-5525.070824227092,-1545293.246151015,weighted_peak_minutes
Road,958,scenario_26,-1.954390206070578,-117.26341236423468,-32797.110645621884,weighted_peak_minutes
Road,964,scenario_26,0.37419654229694665,22.4517925378168,6279.485725420636,weighted_peak_minutes
Road,970,scenario_26,-26.933728158153826,-1616.0236894892296,-451981.6256540189,weighted_peak_minutes
Road,971,scenario_26,-2.229159413732608,-133.74956482395646,-37408.081411700325,weighted_peak_minutes
Road,987,scenario_26,-0.7162463599830516,-42.9747815989831,-12019.509228465586,weighted_peak_minutes
Road,0,scenario_44,130.1006508843915,7806.03905306349,2183251.547653695,weighted_peak_minutes
Road,2,scenario_44,-248.25853773473645,-14895.512264084187,-4166088.586361046,weighted_peak_minutes
Road,12,scenario_44,-13.455483676446601,-807.3290205867961,-225799.8354453695,weighted_peak_minutes
Road,15,scenario_44,93.13410772677162,5588.046463606297,1562906.745289886,weighted_peak_minutes
Road,17,scenario_44,-84.71182839023919,-5082.709703414352,-1421570.3701737016,weighted_peak_minutes
Road,25,scenario_44,-287.49041946498716,-17249.42516789923,-4824448.601646815,weighted_peak_minutes
Road,27,scenario_44,-270.44621741878024,-16226.773045126814,-4538425.586058906,weighted_peak_minutes
Road,28,scenario_44,-5.683149711223086,-340.9889826733852,-95370.35609146242,weighted_peak_minutes
Road,57,scenario_44,83.29154904841174,4997.492942904704,1397736.3074686597,weighted_peak_minutes
Road,62,scenario_44,22.948157703975447,1376.889462238527,385098.771469838,weighted_peak_minutes
Road,63,scenario_44,-301.1196820883507,-18067.180925301043,-5053164.665045136,weighted_peak_minutes
Road,73,scenario_44,-132.56871825568572,-7954.123095341143,-2224668.803228226,weighted_peak_minutes
Road,90,scenario_44,2.742624941000637,164.55749646003824,46024.674791166944,weighted_peak_minutes
Road,94,scenario_44,3.582750199729344,214.96501198376063,60123.02678920805,weighted_peak_minutes
Road,103,scenario_44,-267.1868721685838,-16031.212330115028,-4483729.698579047,weighted_peak_minutes
Road,104,scenario_44,2.752183165603007,165.1309899361804,46185.07374777546,weighted_peak_minutes
Road,109,scenario_44,-548.8290473405892,-32929.742840435356,-9210037.450684264,weighted_peak_minutes
Road,114,scenario_44,-12.69841459869834,-761.9048759219004,-213095.2699844065,weighted_peak_minutes
Road,126,scenario_44,-309.2091211388353,-18552.54726833012,-5188915.56411108,weighted_peak_minutes
Road,140,scenario_44,-5.888351966690971,-353.30111800145824,-98813.90644103286,weighted_peak_minutes
Road,143,scenario_44,-1.3387650162602465,-80.32590097561479,-22466.15042911726,weighted_peak_minutes
Road,144,scenario_44,-229.7697796849728,-13786.186781098368,-3855824.11533845,weighted_peak_minutes
Road,150,scenario_44,-236.64251427643467,-14198.55085658608,-3971157.1927014193,weighted_peak_minutes
Road,176,scenario_44,70.5980659589152,4235.883957534912,1184723.7943730457,weighted_peak_minutes
Road,177,scenario_44,6.557174981738596,393.43049890431575,110037.5926623008,weighted_peak_minutes
Road,195,scenario_44,-228.2619302261,-13695.715813566,-3830520.5166067407,weighted_peak_minutes
Road,197,scenario_44,-22.683462294142615,-1361.007737648557,-380656.8516235808,weighted_peak_minutes
Road,201,scenario_44,-295.4409228197163,-17726.45536918298,-4957867.986068364,weighted_peak_minutes
Road,202,scenario_44,-112.16368091474287,-6729.820854884572,-1882246.7703505289,weighted_peak_minutes
Road,206,scenario_44,3.2585662010804906,195.51397206482943,54682.81406188198,weighted_peak_minutes
Road,209,scenario_44,2.705560410932715,162.33362465596292,45402.68564596463,weighted_peak_minutes
Road,227,scenario_44,2.899906734272372,173.99440405634232,48664.05988450824,weighted_peak_minutes
Road,233,scenario_44,-14.535205012216466,-872.1123007329879,-243918.90911125756,weighted_peak_minutes
Road,240,scenario_44,-0.1740480603223356,-10.442883619340137,-2920.7440122841945,weighted_peak_minutes
Road,243,scenario_44,-153.0753880997402,-9184.52328598441,-2568796.3565487647,weighted_peak_minutes
Road,245,scenario_44,-259.8590445729807,-15591.54267437884,-4360759.591740333,weighted_peak_minutes
Road,249,scenario_44,-284.88043977550115,-17092.82638653007,-4780649.879982629,weighted_peak_minutes
Road,250,scenario_44,15.670681256490449,940.240875389427,262973.61983548035,weighted_peak_minutes
Road,255,scenario_44,-26.06169738227812,-1563.7018429366872,-437347.8591963547,weighted_peak_minutes
Road,261,scenario_44,-120.8824451381457,-7252.946708288742,-2028558.5324745076,weighted_peak_minutes
Road,267,scenario_44,1.3250314657537576,79.50188794522546,22235.684284680246,weighted_peak_minutes
Road,270,scenario_44,-25.276960867169933,-1516.617652030196,-424178.9995521954,weighted_peak_minutes
Road,273,scenario_44,2.855920340233327,171.35522041399963,47925.91320954052,weighted_peak_minutes
Road,277,scenario_44,-171.02151563825706,-10261.290938295424,-2869954.8093045014,weighted_peak_minutes
Road,284,scenario_44,-15.173688469644793,-910.4213081786876,-254633.45963122667,weighted_peak_minutes
Road,285,scenario_44,-280.7014907234795,-16842.089443408768,-4710521.8912033895,weighted_peak_minutes
Road,289,scenario_44,-273.90784290935454,-16434.470574561274,-4596515.988822606,weighted_peak_minutes
Road,308,scenario_44,-35.37667766457113,-2122.600659874268,-593664.8720585844,weighted_peak_minutes
Road,331,scenario_44,-315.52703614083583,-18931.62216845015,-5294938.075238401,weighted_peak_minutes
Road,334,scenario_44,193.431570834552,11605.89425007312,3246023.548067326,weighted_peak_minutes
Road,348,scenario_44,-315.65974055203645,-18939.58443312219,-5297165.021138862,weighted_peak_minutes
Road,351,scenario_44,-499.083688349919,-29945.02130099514,-8375248.145122078,weighted_peak_minutes
Road,356,scenario_44,-214.464355137432,-12867.86130824592,-3598979.959650031,weighted_peak_minutes
Road,358,scenario_44,-249.77611811192085,-14986.567086715251,-4191555.482065672,weighted_peak_minutes
Road,390,scenario_44,-187.4488231878553,-11246.929391271318,-3145625.564121197,weighted_peak_minutes
Road,392,scenario_44,8.60270537045241,516.1623222271446,144364.14949790452,weighted_peak_minutes
Road,394,scenario_44,-0.6135666774857479,-36.81400064914487,-10296.415806557708,weighted_peak_minutes
Road,423,scenario_44,129.6981739497724,7781.890436986345,2176497.4815946184,weighted_peak_minutes
Road,459,scenario_44,-62.68254805385562,-3760.952883231337,-1051891.5095287643,weighted_peak_minutes
Road,464,scenario_44,-0.009364183235447854,-0.5618509941268712,-157.1426999198593,weighted_peak_minutes
Road,469,scenario_44,-172.98362358170172,-10379.017414902104,-2902881.433230432,weighted_peak_minutes
Road,486,scenario_44,-291.04081063438207,-17462.448638062924,-4884028.603458224,weighted_peak_minutes
Road,493,scenario_44,0.08916974530438893,5.3501847182633355,1496.3797883892769,weighted_peak_minutes
Road,499,scenario_44,-232.87121393868193,-13972.272836320915,-3907870.0589085063,weighted_peak_minutes
Road,517,scenario_44,-7.451014834366893,-447.0608900620136,-125037.34268921944,weighted_peak_minutes
Road,521,scenario_44,-483.650459543212,-29019.02757259272,-8116259.274209526,weighted_peak_minutes
Road,531,scenario_44,-261.68758437193657,-15701.255062316195,-4391444.775241561,weighted_peak_minutes
Road,533,scenario_44,-20.88791376130151,-1253.2748256780906,-350525.302806841,weighted_peak_minutes
Road,538,scenario_44,11.456525303031473,687.3915181818884,192254.8152414969,weighted_peak_minutes
Road,540,scenario_44,45.70248274940338,2742.1489649642026,766944.7886384254,weighted_peak_minutes
Road,546,scenario_44,-42.35506248918634,-2541.30374935118,-710770.8923966582,weighted_peak_minutes
Road,550,scenario_44,8.849301927969403,530.9581156781642,148502.34797873654,weighted_peak_minutes
Road,552,scenario_44,-102.32990623665391,-6139.794374199235,-1717223.7390338485,weighted_peak_minutes
Road,556,scenario_44,-35.62733220131485,-2137.639932078891,-597871.168503315,weighted_peak_minutes
Road,558,scenario_44,-228.75232669618364,-13725.13960177102,-3838749.982370332,weighted_peak_minutes
Road,564,scenario_44,-264.3089880437202,-15858.539282623213,-4435435.20560868,weighted_peak_minutes
Road,565,scenario_44,-16.710426451056268,-1002.625587063376,-280421.84388178797,weighted_peak_minutes
Road,569,scenario_44,29.299846280053803,1757.990776803228,491688.0453871529,weighted_peak_minutes
Road,594,scenario_44,-30.763803696182247,-1845.8282217709348,-516255.0807765583,weighted_peak_minutes
Road,602,scenario_44,-21.563793114037253,-1293.8275868422352,-361867.4031949376,weighted_peak_minutes
Road,612,scenario_44,-548.8010485520722,-32928.06291312433,-9209567.596014462,weighted_peak_minutes
Road,614,scenario_44,-42.94938511417907,-2576.963106850744,-720744.3689473175,weighted_peak_minutes
Road,625,scenario_44,-41.68030132437513,-2500.8180794625077,-699447.5565996701,weighted_peak_minutes
Road,627,scenario_44,11.454901458365688,687.2940875019412,192227.5650981992,weighted_peak_minutes
Road,628,scenario_44,-72.90158091934863,-4374.094855160918,-1223379.6548028192,weighted_peak_minutes
Road,629,scenario_44,-26.25815875080686,-1575.4895250484117,-440644.7265369776,weighted_peak_minutes
Road,648,scenario_44,-28.72745772098812,-1723.6474632592872,-482082.6498803319,weighted_peak_minutes
Road,662,scenario_44,-455.6831490109461,-27340.988940656767,-7646932.84433994,weighted_peak_minutes
Road,669,scenario_44,118.36814149285007,7102.088489571004,1986365.3744268904,weighted_peak_minutes
Road,670,scenario_44,6.621400834672385,397.2840500803431,111115.38275684595,weighted_peak_minutes
Road,673,scenario_44,60.05693692349596,3603.4162154097576,1007830.4727474166,weighted_peak_minutes
Road,678,scenario_44,-250.5360273188756,-15032.161639132535,-4204307.708444881,weighted_peak_minutes
Road,680,scenario_44,-14.10049250520339,-846.0295503122034,-236623.8898529444,weighted_peak_minutes
Road,682,scenario_44,-228.92194347334052,-13735.316608400432,-3841596.363911996,weighted_peak_minutes
Road,689,scenario_44,-291.7901580007708,-17507.409480046248,-4896603.588950435,weighted_peak_minutes
Road,694,scenario_44,33.871608041554765,2032.296482493286,568407.9224473409,weighted_peak_minutes
Road,726,scenario_44,-69.64349940941707,-4178.609964565025,-1168704.9744642803,weighted_peak_minutes
Road,736,scenario_44,-2.0791086723290695,-124.74652033974417,-34890.042407522196,weighted_peak_minutes
Road,750,scenario_44,-296.32829272237143,-17779.697563342284,-4972759.1622472955,weighted_peak_minutes
Road,755,scenario_44,16.16829906506852,970.0979439041112,271324.2686856811,weighted_peak_minutes
Road,759,scenario_44,-532.9899372687777,-31979.39623612666,-8944237.384791676,weighted_peak_minutes
Road,761,scenario_44,69.4445077219784,4166.670463318704,1165365.64520945,weighted_peak_minutes
Road,764,scenario_44,-43.01733807836038,-2581.040284701623,-721884.7046274852,weighted_peak_minutes
Road,767,scenario_44,54.42503001541093,3265.501800924656,913320.0349461148,weighted_peak_minutes
Road,770,scenario_44,31.405482404727568,1884.328944283654,527023.2516043345,weighted_peak_minutes
Road,775,scenario_44,-323.2658559373735,-19395.95135624241,-5424805.14494905,weighted_peak_minutes
Road,776,scenario_44,-109.7696653539703,-6586.1799212382175,-1842072.196721314,weighted_peak_minutes
Road,780,scenario_44,11.280855322747568,676.8513193648541,189306.85338485765,weighted_peak_minutes
Road,789,scenario_44,-247.96120329430175,-14877.672197658105,-4161098.9427825008,weighted_peak_minutes
Road,791,scenario_44,-61.197829786721066,-3671.869787203264,-1026976.081108413,weighted_peak_minutes
Road,809,scenario_44,-64.46595192595463,-3867.9571155572776,-1081819.255757426,weighted_peak_minutes
Road,810,scenario_44,-35.41052217534743,-2124.631330520846,-594232.8252550492,weighted_peak_minutes
Road,811,scenario_44,-5.101044844191832,-306.0626906515099,-85601.90879159418,weighted_peak_minutes
Road,813,scenario_44,107.05846718372582,6423.50803102355,1796574.9024268992,weighted_peak_minutes
Road,822,scenario_44,-35.254965022483766,-2115.297901349026,-591622.3817835556,weighted_peak_minutes
Road,831,scenario_44,-76.33457261461105,-4580.074356876663,-1280989.5466889418,weighted_peak_minutes
Road,837,scenario_44,3.5392678354323532,212.3560701259412,59393.338363349176,weighted_peak_minutes
Road,858,scenario_44,-37.859728089956725,-2271.5836853974033,-635333.5620095863,weighted_peak_minutes
Road,863,scenario_44,-9.863342840888071,-591.8005704532843,-165519.22204865294,weighted_peak_minutes
Road,866,scenario_44,-25.283267639596794,-1516.9960583758077,-424284.83507698367,weighted_peak_minutes
Road,873,scenario_44,-276.74669702908915,-16604.80182174535,-4644155.509519403,weighted_peak_minutes
Road,878,scenario_44,-65.07432162971236,-3904.4592977827415,-1092028.4598486105,weighted_peak_minutes
Road,887,scenario_44,-144.53777460193766,-8672.26647611626,-2425524.5300387666,weighted_peak_minutes
Road,895,scenario_44,-250.09284184628441,-15005.570510777065,-4196870.5022329595,weighted_peak_minutes
Road,935,scenario_44,-48.83985750305971,-2930.3914501835825,-819593.8587232208,weighted_peak_minutes
Road,938,scenario_44,101.98657524420996,6119.194514652598,1711462.2158168985,weighted_peak_minutes
Road,940,scenario_44,-41.954701003674806,-2517.2820602204883,-704052.3262179178,weighted_peak_minutes
Road,945,scenario_44,-375.9965291189204,-22559.791747135227,-6309691.754276884,weighted_peak_minutes
Road,952,scenario_44,-257.34015898098784,-15440.409538859269,-4318489.542899702,weighted_peak_minutes
Road,958,scenario_44,13.657552281941753,819.4531369165052,229190.79923133503,weighted_peak_minutes
Road,964,scenario_44,2.0019072079720597,120.11443247832358,33594.505333781126,weighted_peak_minutes
Road,970,scenario_44,-85.59540501608086,-5135.724300964852,-1436397.890426107,weighted_peak_minutes
Road,971,scenario_44,-3.9174899764261983,-235.0493985855719,-65740.37866690214,weighted_peak_minutes
Road,987,scenario_44,-1.89927946832031,-113.9567680992186,-31872.283577750204,weighted_peak_minutes
Road,0,scenario_64,254.79872014849485,15287.923208909691,4275841.022491929,weighted_peak_minutes
Road,2,scenario_64,-458.6457388398276,-27518.744330389654,-7696648.804905858,weighted_peak_minutes
Road,12,scenario_64,-1.559633787178124,-93.57802723068744,-26172.604491082893,weighted_peak_minutes
Road,15,scenario_64,181.7857477285938,10907.144863715628,3050592.0790704647,weighted_peak_minutes
Road,17,scenario_64,-85.64760628587683,-5138.85637715261,-1437273.8929848706,weighted_peak_minutes
Road,25,scenario_64,-523.7387143657892,-31424.322861947352,-8788990.3004509,weighted_peak_minutes
Road,27,scenario_64,-490.5952514090828,-29435.715084544965,-8232801.56270867,weighted_peak_minutes
Road,28,scenario_64,73.58877026820362,4415.326216092217,1234911.551063292,weighted_peak_minutes
Road,57,scenario_64,137.3329302657221,8239.975815943326,2304618.236021649,weighted_peak_minutes
Road,62,scenario_64,47.11177666808362,2826.7066000850173,790594.5022112783,weighted_peak_minutes
Road,63,scenario_64,-543.1764768460455,-32590.58861076273,-9115180.2520727,weighted_peak_minutes
Road,73,scenario_64,-248.54774537126067,-14912.86472227564,-4170941.852011468,weighted_peak_minutes
Road,90,scenario_64,7.093260901520262,425.5956540912157,119033.78450363688,weighted_peak_minutes
Road,94,scenario_64,8.132422087929445,487.94532527576666,136472.20816306598,weighted_peak_minutes
Road,103,scenario_64,-485.4191121389449,-29125.146728336695,-8145939.475581669,weighted_peak_minutes
Road,104,scenario_64,5.55214771721124,333.1288630326744,93171.97887945113,weighted_peak_minutes
Road,109,scenario_64,-1010.8824490402748,-60652.946942416485,-16963871.097957112,weighted_peak_minutes
Road,114,scenario_64,-24.606731858917435,-1476.403911535046,-412931.7190074582,weighted_peak_minutes
Road,126,scenario_64,-558.9634930784853,-33537.80958470912,-9380106.118223332,weighted_peak_minutes
Road,140,scenario_64,-11.391218457194434,-683.473107431666,-191158.8847347941,weighted_peak_minutes
Road,143,scenario_64,-1.4110293406857333,-84.661760441144,-23678.83612338246,weighted_peak_minutes
Road,144,scenario_64,-412.3579453561067,-24741.4767213664,-6919881.770507165,weighted_peak_minutes
Road,150,scenario_64,-438.8620319847716,-26331.721919086296,-7364653.474244448,weighted_peak_minutes
Road,176,scenario_64,159.2864847817497,9557.189086904982,2673026.322743737,weighted_peak_minutes
Road,177,scenario_64,15.348904407843174,920.9342644705904,257573.8020941182,weighted_peak_minutes
Road,195,scenario_64,-422.90692964329304,-25374.415778597584,-7096906.913076512,weighted_peak_minutes
Road,197,scenario_64,-41.85237542309527,-2511.142525385716,-702335.1750688175,weighted_peak_minutes
Road,201,scenario_64,-537.904334599224,-32274.26007595344,-9026707.114993228,weighted_peak_minutes
Road,202,scenario_64,-200.9026587760949,-12054.159526565694,-3371397.7425863426,weighted_peak_minutes
Road,206,scenario_64,10.294770310308861,617.6862186185317,172759.1142698706,weighted_peak_minutes
Road,209,scenario_64,36.47745792289886,2188.6474753739312,612137.3407686464,weighted_peak_minutes
Road,227,scenario_64,4.4148503210609,264.891019263654,74086.70695030323,weighted_peak_minutes
Road,233,scenario_64,-22.86419539504762,-1371.8517237028573,-383689.7789731429,weighted_peak_minutes
Road,240,scenario_64,0.4590092138852924,27.540552833117545,7702.748370512563,weighted_peak_minutes
Road,243,scenario_64,-247.75968774518304,-14865.581264710983,-4157717.259973854,weighted_peak_minutes
Road,245,scenario_64,-467.8347802122492,-28070.086812734953,-7850852.405436807,weighted_peak_minutes
Road,249,scenario_64,-514.7137627421355,-30882.825764528126,-8637540.33101646,weighted_peak_minutes
Road,250,scenario_64,22.86048934542341,1371.6293607254047,383627.58682788664,weighted_peak_minutes
Road,255,scenario_64,-49.09244100770835,-2945.5464604625013,-823832.5256606059,weighted_peak_minutes
Road,261,scenario_64,-223.26643625445044,-13395.986175267026,-3746689.883394996,weighted_peak_minutes
Road,267,scenario_64,1.1533162319547652,69.19897391728591,19354.088017490903,weighted_peak_minutes
Road,270,scenario_64,-44.39544051634536,-2663.7264309807215,-745010.9861649205,weighted_peak_minutes
Road,273,scenario_64,4.926583823218243,295.5950293930946,82674.23478338114,weighted_peak_minutes
Road,277,scenario_64,-321.35857711048254,-19281.514626628952,-5392798.622135285,weighted_peak_minutes
Road,284,scenario_64,-27.13190412109252,-1627.9142472655512,-455307.2660320839,weighted_peak_minutes
Road,285,scenario_64,-505.4829383036277,-30328.97629821766,-8482635.558407752,weighted_peak_minutes
Road,289,scenario_64,-493.292392730676,-29597.54356384056,-8278062.965511657,weighted_peak_minutes
Road,308,scenario_64,-38.89750474724181,-2333.850284834509,-652748.7515396517,weighted_peak_minutes
Road,331,scenario_64,-573.4494035987572,-34406.96421592543,-9623197.804141644,weighted_peak_minutes
Road,334,scenario_64,373.53243379106084,22411.94602746365,6268341.15455624,weighted_peak_minutes
Road,348,scenario_64,-554.5161356971522,-33270.96814182913,-9305473.902167834,weighted_peak_minutes
Road,351,scenario_64,-926.0761695919869,-55564.57017551921,-15540715.72096553,weighted_peak_minutes
Road,356,scenario_64,-384.2233710877985,-23053.402265267912,-6447748.446067119,weighted_peak_minutes
Road,358,scenario_64,-460.45830435034196,-27627.49826102052,-7727065.919879177,weighted_peak_minutes
Road,390,scenario_64,-354.41751896111526,-21265.051137666916,-5947568.990066215,weighted_peak_minutes
Road,392,scenario_64,16.671818647935286,1000.3091188761172,279773.9566856641,weighted_peak_minutes
Road,394,scenario_64,-3.6796955799548106,-220.78173479728864,-61749.89145111667,weighted_peak_minutes
Road,423,scenario_64,257.33665366652616,15440.19921999157,4318430.719341392,weighted_peak_minutes
Road,459,scenario_64,-87.03511457455654,-5222.106874473393,-1460558.016454277,weighted_peak_minutes
Road,464,scenario_64,0.3408190485788509,20.449142914731055,5719.369658963842,weighted_peak_minutes
Road,469,scenario_64,-322.4569450540837,-19347.41670324502,-5411230.609188842,weighted_peak_minutes
Road,486,scenario_64,-525.7578099989041,-31545.468599934247,-8822873.24904411,weighted_peak_minutes
Road,493,scenario_64,1.3025694750831462,78.15416850498877,21858.744003739048,weighted_peak_minutes
Road,499,scenario_64,-416.7441109692581,-25004.646658155485,-6993487.112202862,weighted_peak_minutes
Road,517,scenario_64,-13.913190642488189,-834.7914385492913,-233480.73046925492,weighted_peak_minutes
Road,521,scenario_64,-886.5602157314831,-53193.61294388899,-14877588.620243952,weighted_peak_minutes
Road,531,scenario_64,-486.7194643942426,-29203.167863654555,-8167761.011865883,weighted_peak_minutes
Road,533,scenario_64,-26.229325950013784,-1573.759557000827,-440160.8760986688,weighted_peak_minutes
Road,538,scenario_64,32.822193080353706,1969.3315848212224,550797.4276296856,weighted_peak_minutes
Road,540,scenario_64,96.72348463287538,5803.409077972523,1623140.97649544,weighted_peak_minutes
Road,546,scenario_64,-81.33279129459989,-4879.967477675993,-1364865.9039125042,weighted_peak_minutes
Road,550,scenario_64,29.460695715006054,1767.6417429003632,494387.2999674453,weighted_peak_minutes
Road,552,scenario_64,-194.27635103834135,-11656.58106230048,-3260200.0158621655,weighted_peak_minutes
Road,556,scenario_64,-73.02302513875766,-4381.381508325459,-1225417.6406097768,weighted_peak_minutes
Road,558,scenario_64,-381.73758340409455,-22904.25500424567,-6406033.821499961,weighted_peak_minutes
Road,564,scenario_64,-478.7910344658458,-28727.46206795075,-8034712.047129976,weighted_peak_minutes
Road,565,scenario_64,1.7503095961699726,105.01857577019835,29372.382910727356,weighted_peak_minutes
Road,569,scenario_64,61.73315012783472,3703.989007670083,1035959.4255827264,weighted_peak_minutes
Road,594,scenario_64,-24.581851518530552,-1474.9110911118332,-412514.1957953409,weighted_peak_minutes
Road,602,scenario_64,-6.818365056997089,-409.1019034198253,-114420.68861273237,weighted_peak_minutes
Road,612,scenario_64,-1011.0306495622383,-60661.838973734295,-16966358.08796631,weighted_peak_minutes
Road,614,scenario_64,-78.32743132587832,-4699.6458795527,-1314432.2069373955,weighted_peak_minutes
Road,625,scenario_64,-72.24506996306785,-4334.704197784071,-1212362.5803177324,weighted_peak_minutes
Road,627,scenario_64,16.17113926143308,970.2683556859848,271371.93073092384,weighted_peak_minutes
Road,628,scenario_64,-146.00943265545067,-8760.56595932704,-2450220.7917492813,weighted_peak_minutes
Road,629,scenario_64,-37.6238984648895,-2257.43390789337,-631376.0461139269,weighted_peak_minutes
Road,648,scenario_64,-32.83827136726662,-1970.2962820359971,-551067.241381943,weighted_peak_minutes
Road,662,scenario_64,-834.3267080435452,-50059.60248261271,-14001045.069355745,weighted_peak_minutes
Road,669,scenario_64,233.47619731836406,14008.571839101844,3918022.4362487975,weighted_peak_minutes
Road,670,scenario_64,7.223670536376691,433.42023218260147,121222.22118857136,weighted_peak_minutes
Road,673,scenario_64,117.35213515773066,7041.12810946384,1969315.5181156676,weighted_peak_minutes
Road,678,scenario_64,-440.7900195451977,-26447.401172711863,-7397007.515492849,weighted_peak_minutes
Road,680,scenario_64,-0.10422009368388292,-6.253205621032976,-1748.9434471326604,weighted_peak_minutes
Road,682,scenario_64,-381.94929102967336,-22916.957461780403,-6409586.540091706,weighted_peak_minutes
Road,689,scenario_64,-519.9989112168938,-31199.93467301363,-8726231.7288585,weighted_peak_minutes
Road,694,scenario_64,84.2484492620104,5054.906955720624,1413794.289178112,weighted_peak_minutes
Road,726,scenario_64,-139.84766878752464,-8390.860127251479,-2346818.691840648,weighted_peak_minutes
Road,736,scenario_64,-3.0300108463445214,-181.80065078067128,-50847.369515219,weighted_peak_minutes
Road,750,scenario_64,-532.4074764267153,-31944.44858560292,-8934462.963785816,weighted_peak_minutes
Road,755,scenario_64,23.456299772658774,1407.3779863595264,393626.03055993,weighted_peak_minutes
Road,759,scenario_64,-981.8865834946861,-58913.19500968116,-16477284.2292702,weighted_peak_minutes
Road,761,scenario_64,141.3395762374392,8480.37457424635,2371854.763734526,weighted_peak_minutes
Road,764,scenario_64,-51.580938115609264,-3094.856286936556,-865592.617752568,weighted_peak_minutes
Road,767,scenario_64,109.25503407966656,6555.302044779994,1833436.0406494043,weighted_peak_minutes
Road,770,scenario_64,62.9226235282782,3775.357411696692,1055920.2760839183,weighted_peak_minutes
Road,775,scenario_64,-588.1176355533806,-35287.05813320284,-9869349.071630169,weighted_peak_minutes
Road,776,scenario_64,-217.59379427168363,-13055.627656301018,-3651495.860121691,weighted_peak_minutes
Road,780,scenario_64,32.4116474885998,1944.698849315988,543907.9594180654,weighted_peak_minutes
Road,789,scenario_64,-433.7479623071461,-26024.877738428768,-7278832.992466796,weighted_peak_minutes
Road,791,scenario_64,-100.28726422222486,-6017.235853333492,-1682945.652729211,weighted_peak_minutes
Road,809,scenario_64,-105.95227172168282,-6357.136303300969,-1778011.5598294898,weighted_peak_minutes
Road,810,scenario_64,-32.65731153095839,-1959.4386918575035,-548030.5091288956,weighted_peak_minutes
Road,811,scenario_64,-5.740206089456721,-344.41236536740325,-96327.8334386956,weighted_peak_minutes
Road,813,scenario_64,236.94107622649753,14216.464573589852,3976167.435425912,weighted_peak_minutes
Road,822,scenario_64,-62.032661837011496,-3721.95971022069,-1040985.6064523492,weighted_peak_minutes
Road,831,scenario_64,-152.79078127836303,-9167.446876701782,-2564020.29832753,weighted_peak_minutes
Road,837,scenario_64,9.742519646231084,584.5511787738651,163491.6578133154,weighted_peak_minutes
Road,858,scenario_64,-30.81928628933383,-1849.15717736003,-517186.1480428834,weighted_peak_minutes
Road,863,scenario_64,13.48357970197685,809.014782118611,226271.32187379905,weighted_peak_minutes
Road,866,scenario_64,-46.20465079188968,-2772.2790475133806,-775371.7961013986,weighted_peak_minutes
Road,873,scenario_64,-500.3379864337505,-30020.27918602503,-8396296.834841376,weighted_peak_minutes
Road,878,scenario_64,-111.11789045860836,-6667.073427516501,-1864697.0992585216,weighted_peak_minutes
Road,887,scenario_64,-268.62755952267133,-16117.65357136028,-4507906.233239828,weighted_peak_minutes
Road,895,scenario_64,-453.0986813979592,-27185.920883877552,-7603562.247209503,weighted_peak_minutes
Road,935,scenario_64,-88.52987761706463,-5311.792657023878,-1485642.008761366,weighted_peak_minutes
Road,938,scenario_64,211.45961808503293,12687.577085101975,3548556.7159894593,weighted_peak_minutes
Road,940,scenario_64,-76.22746307986866,-4573.64778479212,-1279192.114809046,weighted_peak_minutes
Road,945,scenario_64,-705.7458907036014,-42344.75344221608,-11843298.22836981,weighted_peak_minutes
Road,952,scenario_64,-436.21988997658093,-26173.193398594856,-7320315.028669499,weighted_peak_minutes
Road,958,scenario_64,36.34464975965869,2180.6789855795214,609908.6537792723,weighted_peak_minutes
Road,964,scenario_64,3.9232038169982837,235.39222901989703,65836.26405400246,weighted_peak_minutes
Road,970,scenario_64,-152.91123833727326,-9174.674300236396,-2566041.7183473664,weighted_peak_minutes
Road,971,scenario_64,-5.33114261640391,-319.8685569842346,-89463.23703152812,weighted_peak_minutes
Road,987,scenario_64,-2.9897831915683732,-179.3869914941024,-50172.299183506766,weighted_peak_minutes
Road,0,scenario_70,70.72798460110401,4243.679076066241,1186903.9915872766,weighted_peak_minutes
Road,2,scenario_70,-145.5554709488749,-8733.328256932495,-2442602.7468608073,weighted_peak_minutes
Road,12,scenario_70,-16.716849930563086,-1003.0109958337852,-280529.6378972618,weighted_peak_minutes
Road,15,scenario_70,50.83957805366663,3050.3746832199977,853151.6692130931,weighted_peak_minutes
Road,17,scenario_70,-76.44397659865209,-4586.638595919125,-1282825.4822961302,weighted_peak_minutes
Road,25,scenario_70,-171.42211544083256,-10285.326926449954,-2876677.3747414714,weighted_peak_minutes
Road,27,scenario_70,-162.05442162256807,-9723.265297354084,-2719475.76285372,weighted_peak_minutes
Road,28,scenario_70,-35.147095175875194,-2108.8257105525117,-589812.1909201556,weighted_peak_minutes
Road,57,scenario_70,55.00692594519157,3300.415556711494,923084.976017746,weighted_peak_minutes
Road,62,scenario_70,11.585523696003172,695.1314217601903,194419.5695235532,weighted_peak_minutes
Road,63,scenario_70,-181.5027003351434,-10890.162020108604,-3045842.1899991254,weighted_peak_minutes
Road,73,scenario_70,-76.39421308539362,-4583.652785123617,-1281990.3883392615,weighted_peak_minutes
Road,90,scenario_70,0.7803946053812979,46.82367632287787,13095.996971554903,weighted_peak_minutes
Road,94,scenario_70,1.4473395441202834,86.84037264721701,24288.166724768507,weighted_peak_minutes
Road,103,scenario_70,-159.7579723906024,-9585.478343436143,-2680938.474179797,weighted_peak_minutes
Road,104,scenario_70,1.369535794927894,82.17214769567363,22982.52255863372,weighted_peak_minutes
Road,109,scenario_70,-322.94535311537516,-19376.72118692251,-5419426.70696739,weighted_peak_minutes
Road,114,scenario_70,-7.076927789656717,-424.615667379403,-118759.69447017678,weighted_peak_minutes
Road,126,scenario_70,-185.90354881391784,-11154.21292883507,-3119693.9285335587,weighted_peak_minutes
Road,140,scenario_70,-3.2850826759677147,-197.10496055806288,-55127.79365608322,weighted_peak_minutes
Road,143,scenario_70,-1.2597321989528913,-75.58393193717347,-21139.88096367821,weighted_peak_minutes
Road,144,scenario_70,-139.37855595047196,-8362.713357028319,-2338946.392043858,weighted_peak_minutes
Road,150,scenario_70,-138.1345731768437,-8288.074390610622,-2318070.806123908,weighted_peak_minutes
Road,176,scenario_70,30.477131442408428,1828.6278865445056,511444.3620179164,weighted_peak_minutes
Road,177,scenario_70,2.5695384529642373,154.17230717785424,43120.0671638061,weighted_peak_minutes
Road,195,scenario_70,-133.40605947044776,-8004.363568226865,-2238720.4354884513,weighted_peak_minutes
Road,197,scenario_70,-13.352310836194858,-801.1386501716916,-224068.466219895,weighted_peak_minutes
Road,201,scenario_70,-176.18612339169582,-10571.16740350175,-2956623.3831668957,weighted_peak_minutes
Road,202,scenario_70,-68.16104935887755,-4089.662961532653,-1143827.6095536638,weighted_peak_minutes
Road,206,scenario_70,0.23488440534177546,14.093064320506528,3941.6539271416696,weighted_peak_minutes
Road,209,scenario_70,-10.32925753891274,-619.7554523347644,-173337.8530748794,weighted_peak_minutes
Road,227,scenario_70,1.984740111520902,119.08440669125412,33306.419996460136,weighted_peak_minutes
Road,233,scenario_70,-10.10493830803122,-606.2962984818732,-169573.4959816489,weighted_peak_minutes
Road,240,scenario_70,-0.4733639348502038,-28.40183609101223,-7943.638531704983,weighted_peak_minutes
Road,243,scenario_70,-103.05695805446206,-6183.417483267724,-1729424.5773514414,weighted_peak_minutes
Road,245,scenario_70,-157.06081891436673,-9423.649134862004,-2635676.8674067166,weighted_peak_minutes
Road,249,scenario_70,-171.3973308425542,-10283.839850553251,-2876261.458201613,weighted_peak_minutes
Road,250,scenario_70,11.431706993020876,685.9024195812526,191838.3329766316,weighted_peak_minutes
Road,255,scenario_70,-14.955487219110363,-897.3292331466218,-250971.7698956958,weighted_peak_minutes
Road,261,scenario_70,-70.91746512459164,-4255.0479074754985,-1190083.7116220535,weighted_peak_minutes
Road,267,scenario_70,1.194061420087625,71.6436852052575,20037.843205845456,weighted_peak_minutes
Road,270,scenario_70,-15.728257921831876,-943.6954753099126,-263939.8282507412,weighted_peak_minutes
Road,273,scenario_70,1.750032088458344,105.00192530750064,29367.725984441586,weighted_peak_minutes
Road,277,scenario_70,-98.23785724521828,-5894.271434713097,-1648554.0418963192,weighted_peak_minutes
Road,284,scenario_70,-9.290366708642493,-557.4220025185496,-155903.96632940683,weighted_peak_minutes
Road,285,scenario_70,-169.5306021579328,-10171.836129475969,-2844935.4174628095,weighted_peak_minutes
Road,289,scenario_70,-165.41306578352524,-9924.783947011514,-2775838.0101797828,weighted_peak_minutes
Road,308,scenario_70,-30.76754496733775,-1846.0526980402649,-516317.86398313654,weighted_peak_minutes
Road,331,scenario_70,-188.5434229254674,-11312.605375528045,-3163994.315968,weighted_peak_minutes
Road,334,scenario_70,107.19107130675015,6431.464278405008,1798800.1653664007,weighted_peak_minutes
Road,348,scenario_70,-195.93607212149462,-11756.164327289676,-3288052.2102888315,weighted_peak_minutes
Road,351,scenario_70,-291.16526650494296,-17469.915990296577,-4886117.1285360735,weighted_peak_minutes
Road,356,scenario_70,-130.2808848526348,-7816.853091158089,-2186276.098933278,weighted_peak_minutes
Road,358,scenario_70,-146.81648484671703,-8808.989090803021,-2463764.13633397,weighted_peak_minutes
Road,390,scenario_70,-106.83714982326686,-6410.2289893960115,-1792860.9204716969,weighted_peak_minutes
Road,392,scenario_70,4.662511333521494,279.75068001128966,78242.76831565758,weighted_peak_minutes
Road,394,scenario_70,0.5296292459689236,31.777754758135416,8887.840783915999,weighted_peak_minutes
Road,423,scenario_70,69.23351637259378,4154.010982355627,1161824.9466275894,weighted_peak_minutes
Road,459,scenario_70,-47.64834124319798,-2858.900474591879,-799598.7264874162,weighted_peak_minutes
Road,464,scenario_70,-0.21922484817429602,-13.15349089045776,-3678.866983424905,weighted_peak_minutes
Road,469,scenario_70,-100.34814674485727,-6020.888804691436,-1683967.337562136,weighted_peak_minutes
Road,486,scenario_70,-175.128164223243,-10507.68985339458,-2938869.5058712964,weighted_peak_minutes
Road,493,scenario_70,-0.45727243850900173,-27.436346310540102,-7673.603108729185,weighted_peak_minutes
Road,499,scenario_70,-141.70397767836013,-8502.238660701609,-2377969.875414981,weighted_peak_minutes
Road,517,scenario_70,-4.375896142426063,-262.5537685455638,-73433.00714008737,weighted_peak_minutes
Road,521,scenario_70,-286.20907698606703,-17172.544619164022,-4802946.073172437,weighted_peak_minutes
Road,531,scenario_70,-152.23119813573626,-9133.871888144176,-2554629.793715324,weighted_peak_minutes
Road,533,scenario_70,-16.970976306977295,-1018.2585784186376,-284794.19615146273,weighted_peak_minutes
Road,538,scenario_70,2.2245786661379197,133.47471996827517,37331.21074112696,weighted_peak_minutes
Road,540,scenario_70,22.084275658720678,1325.0565395232406,370601.7508979064,weighted_peak_minutes
Road,546,scenario_70,-23.722829786966518,-1423.369787217991,-398098.7373625318,weighted_peak_minutes
Road,550,scenario_70,0.15279803511026938,9.167882106616162,2564.1420266942077,weighted_peak_minutes
Road,552,scenario_70,-58.04257641176712,-3482.5545847060275,-974026.985409967,weighted_peak_minutes
Road,556,scenario_70,-18.201649709237973,-1092.0989825542783,-305446.4341831497,weighted_peak_minutes
Road,558,scenario_70,-149.55483798033092,-8973.290278819855,-2509717.1248574285,weighted_peak_minutes
Road,564,scenario_70,-158.56641068755417,-9513.98464125325,-2660942.579350518,weighted_peak_minutes
Road,565,scenario_70,-22.1387157986901,-1328.322947921406,-371515.32449676824,weighted_peak_minutes
Road,569,scenario_70,14.251636304871257,855.0981782922754,239160.2717411208,weighted_peak_minutes
Road,594,scenario_70,-30.260243664854595,-1815.6146198912757,-507804.71400084114,weighted_peak_minutes
Road,602,scenario_70,-25.138155046031656,-1508.2893027618993,-421849.6643662187,weighted_peak_minutes
Road,612,scenario_70,-322.8558671711915,-19371.35203027149,-5417925.020966557,weighted_peak_minutes
Road,614,scenario_70,-25.60911079565218,-1536.546647739131,-429752.89053953823,weighted_peak_minutes
Road,625,scenario_70,-26.304485353686808,-1578.2691212212085,-441422.1448415567,weighted_peak_minutes
Road,627,scenario_70,8.53751277390693,512.2507664344157,143270.13623712564,weighted_peak_minutes
Road,628,scenario_70,-38.47598519587191,-2308.5591117523145,-645675.1265682254,weighted_peak_minutes
Road,629,scenario_70,-19.575602753035493,-1174.5361651821297,-328503.08369937685,weighted_peak_minutes
Road,648,scenario_70,-24.498428809603986,-1469.9057285762392,-411114.2584611669,weighted_peak_minutes
Road,662,scenario_70,-270.01675956986827,-16201.005574192097,-4531218.746531852,weighted_peak_minutes
Road,669,scenario_70,63.647181459201,3818.83088755206,1068079.2638622166,weighted_peak_minutes
Road,670,scenario_70,5.7176408508326855,343.05845104996115,95949.160528036,weighted_peak_minutes
Road,673,scenario_70,32.70731434276773,1962.438860566064,548869.6188145711,weighted_peak_minutes
Road,678,scenario_70,-155.33102455927485,-9319.861473556492,-2606648.7558853314,weighted_peak_minutes
Road,680,scenario_70,-18.08774147411071,-1085.2644884466426,-303534.91161242034,weighted_peak_minutes
Road,682,scenario_70,-149.69309562561685,-8981.58573753701,-2512037.2609673827,weighted_peak_minutes
Road,689,scenario_70,-178.29343005875026,-10697.605803525015,-2991986.623173403,weighted_peak_minutes
Road,694,scenario_70,11.651518894823191,699.0911336893914,195527.0514537517,weighted_peak_minutes
Road,726,scenario_70,-36.653553520027586,-2199.213211201655,-615092.445007963,weighted_peak_minutes
Road,736,scenario_70,-1.5472355057349583,-92.8341303440975,-25964.54583061477,weighted_peak_minutes
Road,750,scenario_70,-179.42398694011985,-10765.43921640719,-3010958.7808388863,weighted_peak_minutes
Road,755,scenario_70,11.843690779414223,710.6214467648533,198751.93589204492,weighted_peak_minutes
Road,759,scenario_70,-313.54547153715197,-18812.72829222912,-5261684.944232832,weighted_peak_minutes
Road,761,scenario_70,35.705219202537165,2142.31315215223,599178.2097425768,weighted_peak_minutes
Road,764,scenario_70,-35.78736856253915,-2147.242113752349,-600556.7786901101,weighted_peak_minutes
Road,767,scenario_70,28.524553477091835,1711.47320862551,478677.6630374473,weighted_peak_minutes
Road,770,scenario_70,16.47694812551199,988.6168875307194,276503.7857312481,weighted_peak_minutes
Road,775,scenario_70,-192.9379152634094,-11576.274915804564,-3237739.390514089,weighted_peak_minutes
Road,776,scenario_70,-58.79028919665337,-3527.417351799202,-986574.5405813394,weighted_peak_minutes
Road,780,scenario_70,2.154663595101253,129.27981570607517,36157.9484552929,weighted_peak_minutes
Road,789,scenario_70,-154.5976407168472,-9275.858443010831,-2594341.6582795917,weighted_peak_minutes
Road,791,scenario_70,-40.76706085548018,-2446.023651328811,-684122.2399810269,weighted_peak_minutes
Road,809,scenario_70,-42.82776716615384,-2569.6660299692303,-718703.4677570191,weighted_peak_minutes
Road,810,scenario_70,-33.17599980352873,-1990.559988211724,-556734.7467029665,weighted_peak_minutes
Road,811,scenario_70,-4.464929399647129,-267.89576397882774,-74927.09648782838,weighted_peak_minutes
Road,813,scenario_70,47.948408796459745,2876.904527787585,804634.2351155902,weighted_peak_minutes
Road,822,scenario_70,-21.878793265908218,-1312.7275959544932,-367153.4994935223,weighted_peak_minutes
Road,831,scenario_70,-40.32366880667105,-2419.420128400263,-676681.5671619485,weighted_peak_minutes
Road,837,scenario_70,0.8054360630650383,48.3261637839023,13516.223933310175,weighted_peak_minutes
Road,858,scenario_70,-37.005566770399064,-2220.334006223944,-620999.6673657594,weighted_peak_minutes
Road,863,scenario_70,-17.78093035427931,-1066.8558212567586,-298386.2375077497,weighted_peak_minutes
Road,866,scenario_70,-15.037299587080875,-902.2379752248526,-252344.68369570095,weighted_peak_minutes
Road,873,scenario_70,-166.38292379942723,-9982.975427965634,-2792113.440009138,weighted_peak_minutes
Road,878,scenario_70,-41.64921964900762,-2498.9531789404573,-698925.9672349092,weighted_peak_minutes
Road,887,scenario_70,-84.18510316067841,-5051.1061896407045,-1412731.2624151346,weighted_peak_minutes
Road,895,scenario_70,-150.00349103288028,-9000.209461972816,-2517246.083895522,weighted_peak_minutes
Road,935,scenario_70,-29.315123435424177,-1758.9074061254505,-491944.4151507119,weighted_peak_minutes
Road,938,scenario_70,51.06972921686247,3064.183753011748,857013.8934204733,weighted_peak_minutes
Road,940,scenario_70,-25.10388265400252,-1506.232959240151,-421274.5307874798,weighted_peak_minutes
Road,945,scenario_70,-216.29734186235873,-12977.840511741524,-3629739.7681277073,weighted_peak_minutes
Road,952,scenario_70,-165.69952820000762,-9941.971692000458,-2780645.207606378,weighted_peak_minutes
Road,958,scenario_70,3.7238572225352984,223.4314333521179,62490.97901567047,weighted_peak_minutes
Road,964,scenario_70,1.0482427296510044,62.89456377906026,17590.823306955917,weighted_peak_minutes
Road,970,scenario_70,-52.23984603175001,-3134.3907619050005,-876649.9162203048,weighted_peak_minutes
Road,971,scenario_70,-3.084781796659809,-185.08690779958852,-51766.49452519741,weighted_peak_minutes
Road,987,scenario_70,-1.27713540562836,-76.62812433770159,-21431.92852570091,weighted_peak_minutes
Road,0,scenario_75,130.9182947353848,7855.097684123088,2196972.633528176,weighted_peak_minutes
Road,2,scenario_75,-249.6355574917378,-14978.133449504268,-4189196.699158225,weighted_peak_minutes
Road,12,scenario_75,-13.398197892932997,-803.8918735759798,-224838.50839078188,weighted_peak_minutes
Road,15,scenario_75,93.71083154194444,5622.649892516667,1572584.8918132554,weighted_peak_minutes
Road,17,scenario_75,-84.71682782429271,-5083.009669457562,-1421654.266926412,weighted_peak_minutes
Road,25,scenario_75,-289.08806826597623,-17345.284095958574,-4851259.145588414,weighted_peak_minutes
Road,27,scenario_75,-271.93455158317033,-16316.07309499022,-4563401.693755077,weighted_peak_minutes
Road,28,scenario_75,-5.1771513724233955,-310.62908234540373,-86879.0714684801,weighted_peak_minutes
Road,57,scenario_75,83.67341610434232,5020.404966260539,1404144.5140009946,weighted_peak_minutes
Road,62,scenario_75,23.10189087173591,1386.1134523041546,387678.60619131825,weighted_peak_minutes
Road,63,scenario_75,-302.7378082974484,-18164.268497846904,-5080318.845491556,weighted_peak_minutes
Road,73,scenario_75,-133.35498525185395,-8001.2991151112365,-2237863.346257674,weighted_peak_minutes
Road,90,scenario_75,2.7717698702724496,166.30619221634697,46513.763135509544,weighted_peak_minutes
Road,94,scenario_75,3.6077237003773917,216.4634220226435,60542.113346958104,weighted_peak_minutes
Road,103,scenario_75,-268.6279946754706,-16117.679680528236,-4507913.535647741,weighted_peak_minutes
Road,104,scenario_75,2.7707454345441267,166.2447260726476,46496.57182344363,weighted_peak_minutes
Road,109,scenario_75,-551.9288122527282,-33115.72873516369,-9262055.380616097,weighted_peak_minutes
Road,114,scenario_75,-12.781180637143553,-766.8708382286131,-214484.18756706524,weighted_peak_minutes
Road,126,scenario_75,-310.8684960205671,-18652.109761234024,-5216761.948845141,weighted_peak_minutes
Road,140,scenario_75,-5.919483029522235,-355.1689817713341,-99336.32458917,weighted_peak_minutes
Road,143,scenario_75,-1.338050826602072,-80.28304959612433,-22454.165433916023,weighted_peak_minutes
Road,144,scenario_75,-231.01526957697544,-13860.916174618527,-3876724.9925886192,weighted_peak_minutes
Road,150,scenario_75,-237.99549310115398,-14279.72958606924,-3993861.868603741,weighted_peak_minutes
Road,176,scenario_75,71.17933119202887,4270.759871521732,1194478.1515662344,weighted_peak_minutes
Road,177,scenario_75,6.610254795694103,396.61528774164617,110928.33829024166,weighted_peak_minutes
Road,195,scenario_75,-229.5684042719212,-13774.104256315271,-3852444.784188178,weighted_peak_minutes
Road,197,scenario_75,-22.805801714741392,-1368.3481028844835,-382709.860025504,weighted_peak_minutes
Road,201,scenario_75,-297.0467639771038,-17822.805838626227,-4984816.007990773,weighted_peak_minutes
Road,202,scenario_75,-112.74295853034515,-6764.577511820709,-1891967.7728373543,weighted_peak_minutes
Road,206,scenario_75,3.3048973428783937,198.29384057270363,55460.30853517805,weighted_peak_minutes
Road,209,scenario_75,2.9383831987312683,176.3029919238761,49309.7430537091,weighted_peak_minutes
Road,227,scenario_75,2.909639744650728,174.5783846790437,48827.391964920025,weighted_peak_minutes
Road,233,scenario_75,-14.596935771789868,-875.816146307392,-244954.8284203487,weighted_peak_minutes
Road,240,scenario_75,-0.17256351903585407,-10.353811142151244,-2895.831553820426,weighted_peak_minutes
Road,243,scenario_75,-153.75820529618258,-9225.492317770955,-2580254.8826265647,weighted_peak_minutes
Road,245,scenario_75,-261.2693626059452,-15676.161756356712,-4384426.491231018,weighted_peak_minutes
Road,249,scenario_75,-286.405381491173,-17184.32288947038,-4806240.308148746,weighted_peak_minutes
Road,250,scenario_75,15.723039614253986,943.3823768552392,263852.25852669973,weighted_peak_minutes
Road,255,scenario_75,-26.214861946393896,-1572.8917167836337,-439918.15203792247,weighted_peak_minutes
Road,261,scenario_75,-121.55293071913378,-7293.175843148027,-2039810.1186304635,weighted_peak_minutes
Road,267,scenario_75,1.2949322479000935,77.69593487400562,21730.58178507345,weighted_peak_minutes
Road,270,scenario_75,-25.406683719614133,-1524.401023176848,-426355.91116977466,weighted_peak_minutes
Road,273,scenario_75,2.8657712469013252,171.94627481407952,48091.223737062865,weighted_peak_minutes
Road,277,scenario_75,-172.00057581262465,-10320.03454875748,-2886384.662855608,weighted_peak_minutes
Road,284,scenario_75,-15.258816624013708,-915.5289974408224,-256062.01647173,weighted_peak_minutes
Road,285,scenario_75,-282.19114489723967,-16931.46869383438,-4735520.150306803,weighted_peak_minutes
Road,289,scenario_75,-275.3625417735719,-16521.752506414312,-4620927.654137753,weighted_peak_minutes
Road,308,scenario_75,-35.42424023162069,-2125.4544138972415,-594463.0313868847,weighted_peak_minutes
Road,331,scenario_75,-317.23140398142664,-19033.8842388856,-5323539.498063316,weighted_peak_minutes
Road,334,scenario_75,194.6046189371089,11676.277136226534,3265708.761538359,weighted_peak_minutes
Road,348,scenario_75,-317.2876262263317,-19037.257573579904,-5324482.977610629,weighted_peak_minutes
Road,351,scenario_75,-501.98720321026826,-30119.232192616095,-8423972.753872314,weighted_peak_minutes
Road,356,scenario_75,-215.5914486251675,-12935.486917510048,-3617893.997241091,weighted_peak_minutes
Road,358,scenario_75,-251.1583260275152,-15069.499561650911,-4214750.65864924,weighted_peak_minutes
Road,390,scenario_75,-188.5435546885128,-11312.613281310769,-3163996.5271166055,weighted_peak_minutes
Road,392,scenario_75,8.64947477921572,518.9684867529431,145148.9986387138,weighted_peak_minutes
Road,394,scenario_75,-0.635697905375855,-38.1418743225513,-10667.805474588567,weighted_peak_minutes
Road,423,scenario_75,130.5161205354845,7830.967232129071,2190223.6477360995,weighted_peak_minutes
Road,459,scenario_75,-62.863425305072454,-3771.805518304347,-1054926.855900747,weighted_peak_minutes
Road,464,scenario_75,-0.011776367016136647,-0.7065820209681988,-197.6221589895431,weighted_peak_minutes
Road,469,scenario_75,-173.96101543607074,-10437.660926164244,-2919283.290286562,weighted_peak_minutes
Road,486,scenario_75,-292.60276805614706,-17556.166083368822,-4910240.201442217,weighted_peak_minutes
Road,493,scenario_75,0.09413237441525174,5.647942464915104,1579.6589081559432,weighted_peak_minutes
Road,499,scenario_75,-234.1215385778419,-14047.292314670514,-3928852.06925941,weighted_peak_minutes
Road,517,scenario_75,-7.49680113104405,-449.808067862643,-125805.69398033294,weighted_peak_minutes
Road,521,scenario_75,-486.3551414994775,-29181.30848996865,-8161647.218288107,weighted_peak_minutes
Road,531,scenario_75,-263.20587704827386,-15792.352622896433,-4416923.624216346,weighted_peak_minutes
Road,533,scenario_75,-20.925013075157768,-1255.500784509466,-351147.8756674913,weighted_peak_minutes
Road,538,scenario_75,11.599414078970828,695.9648447382497,194652.6675127292,weighted_peak_minutes
Road,540,scenario_75,46.02320374496436,2761.392224697862,772326.8878451833,weighted_peak_minutes
Road,546,scenario_75,-42.63579594275409,-2558.147756565246,-715481.9506643421,weighted_peak_minutes
Road,550,scenario_75,8.987745372143884,539.2647223286331,150825.60202628956,weighted_peak_minutes
Road,552,scenario_75,-102.93621700832931,-6176.173020499758,-1727398.391671026,weighted_peak_minutes
Road,556,scenario_75,-35.8778496176082,-2152.670977056492,-602075.1638954877,weighted_peak_minutes
Road,558,scenario_75,-229.7686390681794,-13786.118344090764,-3855804.974362885,weighted_peak_minutes
Road,564,scenario_75,-265.72206740649807,-15943.324044389885,-4459148.443665296,weighted_peak_minutes
Road,565,scenario_75,-16.615989533088094,-996.9593719852857,-278837.07435213454,weighted_peak_minutes
Road,569,scenario_75,29.502527737572866,1770.151664254372,495089.29359614465,weighted_peak_minutes
Road,594,scenario_75,-30.74760257704765,-1844.856154622859,-515983.20574608096,weighted_peak_minutes
Road,602,scenario_75,-21.49816533168972,-1289.889919901383,-360766.08697241807,weighted_peak_minutes
Road,612,scenario_75,-551.9048827972904,-33114.29296783742,-9261653.81444203,weighted_peak_minutes
Road,614,scenario_75,-43.1768425446838,-2590.610552681028,-724561.388952975,weighted_peak_minutes
Road,625,scenario_75,-41.898413328145395,-2513.904799688724,-703107.74866294,weighted_peak_minutes
Road,627,scenario_75,11.486603691139802,689.1962214683881,192759.5681919398,weighted_peak_minutes
Road,628,scenario_75,-73.39021618361973,-4403.412971017184,-1231579.5653313685,weighted_peak_minutes
Road,629,scenario_75,-26.352292341843714,-1581.1375405106228,-442224.4058615648,weighted_peak_minutes
Road,648,scenario_75,-28.78035107329294,-1726.8210643975765,-482970.26644869713,weighted_peak_minutes
Road,662,scenario_75,-458.2158029198007,-27492.94817518804,-7689433.942747904,weighted_peak_minutes
Road,669,scenario_75,119.06801728817712,7144.081037290627,1998110.1651172224,weighted_peak_minutes
Road,670,scenario_75,6.630688891990576,397.84133351943456,111271.24796871684,weighted_peak_minutes
Road,673,scenario_75,60.42542663203203,3625.525597921922,1014014.1906687876,weighted_peak_minutes
Road,678,scenario_75,-251.82567066260188,-15109.540239756112,-4225949.535806787,weighted_peak_minutes
Road,680,scenario_75,-14.02405222185965,-841.443133311579,-235341.12634808227,weighted_peak_minutes
Road,682,scenario_75,-229.93855301015816,-13796.31318060949,-3858656.342701717,weighted_peak_minutes
Road,689,scenario_75,-293.3025247842132,-17598.15148705279,-4921982.994035077,weighted_peak_minutes
Road,694,scenario_75,34.22402367483398,2053.4414204900386,574321.8972933077,weighted_peak_minutes
Road,726,scenario_75,-70.1513145534341,-4209.078873206046,-1177226.747349816,weighted_peak_minutes
Road,736,scenario_75,-2.0873386368679347,-125.24031821207608,-35028.15149994003,weighted_peak_minutes
Road,750,scenario_75,-297.89038634955455,-17873.423180973274,-4998973.045928462,weighted_peak_minutes
Road,755,scenario_75,16.218766393277715,973.125983596663,272171.1735371917,weighted_peak_minutes
Road,759,scenario_75,-535.9985456849352,-32159.91274109611,-8994725.594775317,weighted_peak_minutes
Road,761,scenario_75,69.91424246366175,4194.854547819705,1173248.3813433235,weighted_peak_minutes
Road,764,scenario_75,-43.09293171435517,-2585.57590286131,-723153.2603315227,weighted_peak_minutes
Road,767,scenario_75,54.77493744594006,3286.4962467564037,919191.9190146816,weighted_peak_minutes
Road,770,scenario_75,31.607571001612815,1896.4542600967688,530414.5508708151,weighted_peak_minutes
Road,775,scenario_75,-325.01637239142633,-19500.98234348558,-5454180.999193623,weighted_peak_minutes
Road,776,scenario_75,-110.51108602429159,-6630.665161457495,-1854514.162345143,weighted_peak_minutes
Road,780,scenario_75,11.418022765999194,685.0813659599517,191608.694541924,weighted_peak_minutes
Road,789,scenario_75,-249.19718009518309,-14951.830805710984,-4181840.1784722903,weighted_peak_minutes
Road,791,scenario_75,-61.44679242550628,-3686.807545530377,-1031153.9853905272,weighted_peak_minutes
Road,809,scenario_75,-64.73101860858345,-3883.861116515007,-1086267.406025291,weighted_peak_minutes
Road,810,scenario_75,-35.42315535072509,-2125.3893210435053,-594444.8257293554,weighted_peak_minutes
Road,811,scenario_75,-5.109868796212443,-306.5921277727466,-85749.98573644007,weighted_peak_minutes
Road,813,scenario_75,107.9483061468248,6476.898368809489,1811507.512526404,weighted_peak_minutes
Road,822,scenario_75,-35.43063035404193,-2125.837821242516,-594570.2656287662,weighted_peak_minutes
Road,831,scenario_75,-76.84747294961902,-4610.848376977141,-1289596.655435794,weighted_peak_minutes
Road,837,scenario_75,3.582464010732171,214.94784064393025,60118.22418009924,weighted_peak_minutes
Road,858,scenario_75,-37.85069715869225,-2271.041829521535,-635182.0116943043,weighted_peak_minutes
Road,863,scenario_75,-9.706201522632425,-582.3720913579455,-162882.19430167536,weighted_peak_minutes
Road,866,scenario_75,-25.41862429419028,-1525.1174576514168,-426556.28893688065,weighted_peak_minutes
Road,873,scenario_75,-278.2287117547317,-16693.7227052839,-4669025.569134091,weighted_peak_minutes
Road,878,scenario_75,-65.35889688807075,-3921.533813284245,-1096803.988402937,weighted_peak_minutes
Road,887,scenario_75,-145.3942915627209,-8723.657493763254,-2439897.9552869103,weighted_peak_minutes
Road,895,scenario_75,-251.426901693485,-15085.6141016091,-4219257.694043795,weighted_peak_minutes
Road,935,scenario_75,-49.095580347578895,-2945.7348208547337,-823885.2077078084,weighted_peak_minutes
Road,938,scenario_75,102.74981120864202,6164.988672518521,1724270.2693450237,weighted_peak_minutes
Road,940,scenario_75,-42.1795476790731,-2530.772860744386,-707825.5344894455,weighted_peak_minutes
Road,945,scenario_75,-378.25721142937545,-22695.432685762527,-6347628.829299207,weighted_peak_minutes
Road,952,scenario_75,-258.5400362392713,-15512.402174356275,-4338624.983140271,weighted_peak_minutes
Road,958,scenario_75,13.808022181714962,828.4813309028978,231715.87223690425,weighted_peak_minutes
Road,964,scenario_75,2.013521503641581,120.81129021849485,33789.40773298527,weighted_peak_minutes
Road,970,scenario_75,-86.09437119980382,-5165.662271988229,-1444771.1666967075,weighted_peak_minutes
Road,971,scenario_75,-3.930868054080444,-235.85208324482664,-65964.87953253745,weighted_peak_minutes
Road,987,scenario_75,-1.8986059419888381,-113.9163565193303,-31860.98096400019,weighted_peak_minutes
Road,0,scenario_78,342.4293838680916,20545.763032085495,5746393.098036412,weighted_peak_minutes
Road,2,scenario_78,-605.1264150574144,-36307.58490344486,-10154777.652682235,weighted_peak_minutes
Road,12,scenario_78,8.43875209495891,506.3251256975346,141612.8085935292,weighted_peak_minutes
Road,15,scenario_78,244.03625878921014,14642.175527352609,4095233.467806432,weighted_peak_minutes
Road,17,scenario_78,-81.62591378221599,-4897.554826932959,-1369784.865657812,weighted_peak_minutes
Road,25,scenario_78,-687.2186332207796,-41233.11799324677,-11532387.688736204,weighted_peak_minutes
Road,27,scenario_78,-642.7809030610719,-38566.85418366431,-10786667.029493611,weighted_peak_minutes
Road,28,scenario_78,134.54896638577728,8072.937983146636,2257899.842161325,weighted_peak_minutes
Road,57,scenario_78,173.3295280180406,10399.771681082437,2908686.1420527436,weighted_peak_minutes
Road,62,scenario_78,64.20194565377896,3852.116739226738,1077388.9005024782,weighted_peak_minutes
Road,63,scenario_78,-710.586297273403,-42635.17783640418,-11924526.301119294,weighted_peak_minutes
Road,73,scenario_78,-329.24270537497165,-19754.5623224983,-5525104.149573743,weighted_peak_minutes
Road,90,scenario_78,10.221327245045298,613.2796347027179,171526.6478309164,weighted_peak_minutes
Road,94,scenario_78,11.36050022164903,681.6300132989418,190643.39434454776,weighted_peak_minutes
Road,103,scenario_78,-636.6948408360632,-38201.69045016379,-10684535.297780186,weighted_peak_minutes
Road,104,scenario_78,7.476982384272075,448.6189430563245,125473.11063606576,weighted_peak_minutes
Road,109,scenario_78,-1331.5838512401097,-79895.03107440658,-22345641.50362309,weighted_peak_minutes
Road,114,scenario_78,-32.94739996651964,-1976.8439979911784,-552898.5556881577,weighted_peak_minutes
Road,126,scenario_78,-731.7994878959493,-43907.96927375696,-12280510.1562539,weighted_peak_minutes
Road,140,scenario_78,-15.325342427896492,-919.5205456737896,-257178.402618138,weighted_peak_minutes
Road,143,scenario_78,-1.4411019619748306,-86.46611771848984,-24183.492299390127,weighted_peak_minutes
Road,144,scenario_78,-538.2104834431395,-32292.62900658837,-9031844.675280184,weighted_peak_minutes
Road,150,scenario_78,-579.4608493817854,-34767.65096290712,-9724077.378688086,weighted_peak_minutes
Road,176,scenario_78,222.97812505293408,13378.687503176045,3741851.6610445497,weighted_peak_minutes
Road,177,scenario_78,21.653115281823556,1299.1869169094134,363366.3408231016,weighted_peak_minutes
Road,195,scenario_78,-558.1703889373147,-33490.22333623888,-9366796.839354312,weighted_peak_minutes
Road,197,scenario_78,-55.20270688793777,-3312.1624132762663,-926370.4249632056,weighted_peak_minutes
Road,201,scenario_78,-706.0473970151506,-42362.84382090904,-11848357.881160496,weighted_peak_minutes
Road,202,scenario_78,-262.280795247748,-15736.847714864882,-4401399.5952512715,weighted_peak_minutes
Road,206,scenario_78,15.433481543076534,926.008892584592,258993.1121447531,weighted_peak_minutes
Road,209,scenario_78,62.03010382923919,3721.806229754351,1040942.67988442,weighted_peak_minutes
Road,227,scenario_78,5.343873084809942,320.6323850885965,89676.87020446683,weighted_peak_minutes
Road,233,scenario_78,-28.39587728670255,-1703.752637202153,-476518.3157174772,weighted_peak_minutes
Road,240,scenario_78,0.9056538461474701,54.33923076884821,15198.003605662234,weighted_peak_minutes
Road,243,scenario_78,-310.65601565801774,-18639.360939481063,-5213196.2627611095,weighted_peak_minutes
Road,245,scenario_78,-611.3271845553342,-36679.63107332005,-10258834.315819202,weighted_peak_minutes
Road,249,scenario_78,-673.8046819562675,-40428.28091737605,-11307284.819078611,weighted_peak_minutes
Road,250,scenario_78,27.31718083649175,1639.0308501895051,458416.4409123772,weighted_peak_minutes
Road,255,scenario_78,-65.19879439870904,-3911.9276639225423,-1094117.2685033362,weighted_peak_minutes
Road,261,scenario_78,-294.5760000298731,-17674.560001792386,-4943353.500501308,weighted_peak_minutes
Road,267,scenario_78,1.2006738822247522,72.04043293348514,20148.808586084124,weighted_peak_minutes
Road,270,scenario_78,-57.531840196275155,-3451.910411776509,-965456.1932937424,weighted_peak_minutes
Road,273,scenario_78,6.292081783316098,377.5249069989659,105588.99742627329,weighted_peak_minutes
Road,277,scenario_78,-426.4736820270346,-25588.420921622077,-7156761.476516175,weighted_peak_minutes
Road,284,scenario_78,-35.34090400991651,-2120.4542405949906,-593064.5454164115,weighted_peak_minutes
Road,285,scenario_78,-660.9349083315581,-39656.09449989349,-11091313.93043896,weighted_peak_minutes
Road,289,scenario_78,-645.0058224818747,-38700.34934891248,-10824003.95852396,weighted_peak_minutes
Road,308,scenario_78,-39.403889413022746,-2364.233364781365,-661246.519212288,weighted_peak_minutes
Road,331,scenario_78,-752.217939520375,-45133.0763712225,-12623157.297576291,weighted_peak_minutes
Road,334,scenario_78,499.81418574029044,29988.851144417426,8387506.804454248,weighted_peak_minutes
Road,348,scenario_78,-718.2426847555248,-43094.56108533149,-12053010.05355365,weighted_peak_minutes
Road,351,scenario_78,-1222.3109915902721,-73338.65949541633,-20511906.327624258,weighted_peak_minutes
Road,356,scenario_78,-501.4435789708242,-30086.614738249453,-8414850.059604144,weighted_peak_minutes
Road,358,scenario_78,-607.065306965739,-36423.91841794434,-10187314.682518808,weighted_peak_minutes
Road,390,scenario_78,-471.11361424168183,-28266.81685450091,-7905875.338993223,weighted_peak_minutes
Road,392,scenario_78,22.33077601642581,1339.8465609855484,374738.3350256456,weighted_peak_minutes
Road,394,scenario_78,-6.018981590964056,-361.1388954578433,-101006.03482336555,weighted_peak_minutes
Road,423,scenario_78,347.3741473698678,20842.44884219207,5829372.410550594,weighted_peak_minutes
Road,459,scenario_78,-101.87016318724103,-6112.209791234462,-1709508.6759858886,weighted_peak_minutes
Road,464,scenario_78,0.565873098509231,33.95238591055386,9496.057934358032,weighted_peak_minutes
Road,469,scenario_78,-426.7626158972426,-25605.756953834556,-7161610.148025602,weighted_peak_minutes
Road,486,scenario_78,-688.1757746437526,-41290.546478625154,-11548449.718240472,weighted_peak_minutes
Road,493,scenario_78,2.1753257591898243,130.51954555138946,36504.68539640424,weighted_peak_minutes
Road,499,scenario_78,-543.4162470442864,-32604.974822657183,-9119203.89571193,weighted_peak_minutes
Road,517,scenario_78,-18.403364837138604,-1104.2018902283162,-308831.4661732322,weighted_peak_minutes
Road,521,scenario_78,-1165.9265641649913,-69955.59384989948,-19565705.15489376,weighted_peak_minutes
Road,531,scenario_78,-643.1429999319837,-38588.57999591902,-10792743.4676086,weighted_peak_minutes
Road,533,scenario_78,-29.099143424121817,-1745.948605447309,-488320.0005860443,weighted_peak_minutes
Road,538,scenario_78,48.37848361622697,2902.7090169736184,811851.4281848089,weighted_peak_minutes
Road,540,scenario_78,133.19211842499985,7991.52710549999,2235130.2373195286,weighted_peak_minutes
Road,546,scenario_78,-108.46988772490683,-6508.19326349441,-1820260.3033835927,weighted_peak_minutes
Road,550,scenario_78,44.5993048817579,2675.958292905474,748432.0850469997,weighted_peak_minutes
Road,552,scenario_78,-258.60218925275456,-15516.131355165273,-4339667.988397786,weighted_peak_minutes
Road,556,scenario_78,-99.48091657646388,-5968.854994587833,-1669414.1312987846,weighted_peak_minutes
Road,558,scenario_78,-485.38867168657794,-29123.320301194675,-8145428.646740385,weighted_peak_minutes
Road,564,scenario_78,-627.3722893606289,-37642.337361637736,-10528091.230833054,weighted_peak_minutes
Road,565,scenario_78,17.079748439971198,1024.784906398272,286619.5285082667,weighted_peak_minutes
Road,569,scenario_78,84.92600259432025,5095.5601556592155,1425164.4810359369,weighted_peak_minutes
Road,594,scenario_78,-17.881180809705985,-1072.870848582359,-300068.56546287856,weighted_peak_minutes
Road,602,scenario_78,5.964661544177216,357.87969265063293,100094.4765382239,weighted_peak_minutes
Road,612,scenario_78,-1331.867021704376,-79912.02130226255,-22350393.457976557,weighted_peak_minutes
Road,614,scenario_78,-102.94570877276904,-6176.742526366143,-1727557.6753430306,weighted_peak_minutes
Road,625,scenario_78,-93.03849471612678,-5582.309682967607,-1561302.2394550026,weighted_peak_minutes
Road,627,scenario_78,19.012421607532694,1140.7452964519616,319052.200101408,weighted_peak_minutes
Road,628,scenario_78,-197.52862459082002,-11851.7174754492,-3314777.2314146985,weighted_peak_minutes
Road,629,scenario_78,-44.725563938826475,-2683.5338363295887,-750550.8698484318,weighted_peak_minutes
Road,648,scenario_78,-34.11419409397835,-2046.8516456387008,-572478.819639574,weighted_peak_minutes
Road,662,scenario_78,-1096.8924685143245,-65813.54811085947,-18407226.73725601,weighted_peak_minutes
Road,669,scenario_78,315.06863379521917,18904.11802771315,5287245.510876021,weighted_peak_minutes
Road,670,scenario_78,7.212283345870674,432.7370007522404,121031.12989789224,weighted_peak_minutes
Road,673,scenario_78,157.57711433245953,9454.626859947572,2644340.949891587,weighted_peak_minutes
Road,678,scenario_78,-571.3469064906006,-34280.81438943604,-9587915.274545392,weighted_peak_minutes
Road,680,scenario_78,11.54509613813522,692.7057682881132,193741.14456808165,weighted_peak_minutes
Road,682,scenario_78,-485.6224056706376,-29137.344340238255,-8149350.995160387,weighted_peak_minutes
Road,689,scenario_78,-677.3931629351379,-40643.589776108274,-11367504.015505282,weighted_peak_minutes
Road,694,scenario_78,120.5360490643885,7232.16294386331,2022745.5733617696,weighted_peak_minutes
Road,726,scenario_78,-188.99123165321072,-11339.473899192642,-3171509.106180442,weighted_peak_minutes
Road,736,scenario_78,-3.6180864146755387,-217.08518488053232,-60716.012646273884,weighted_peak_minutes
Road,750,scenario_78,-695.5996317942783,-41735.97790765669,-11673031.32104773,weighted_peak_minutes
Road,755,scenario_78,27.954167737187042,1677.2500642312225,469105.87733967,weighted_peak_minutes
Road,759,scenario_78,-1293.4832282190482,-77608.9936931429,-21706265.423550904,weighted_peak_minutes
Road,761,scenario_78,192.20567984654332,11532.3407907926,3225451.5649248054,weighted_peak_minutes
Road,764,scenario_78,-55.50108343114456,-3330.0650058686733,-931377.5563288946,weighted_peak_minutes
Road,767,scenario_78,148.00385379901078,8880.231227940647,2483689.67156465,weighted_peak_minutes
Road,770,scenario_78,85.14523247533556,5108.713948520133,1428843.4324767247,weighted_peak_minutes
Road,775,scenario_78,-771.7248971669197,-46303.493830015184,-12950508.430582372,weighted_peak_minutes
Road,776,scenario_78,-293.2271305027379,-17593.627830164274,-4920717.78374907,weighted_peak_minutes
Road,780,scenario_78,47.803061140848634,2868.183668450918,802195.1197698661,weighted_peak_minutes
Road,789,scenario_78,-561.2409038557283,-33674.4542313437,-9418323.91782894,weighted_peak_minutes
Road,791,scenario_78,-126.68011904905627,-7600.807142943377,-2125850.7477919757,weighted_peak_minutes
Road,809,scenario_78,-133.99086025988993,-8039.451615593396,-2248534.123736278,weighted_peak_minutes
Road,810,scenario_78,-28.278634068579414,-1696.7180441147648,-474550.82796334825,weighted_peak_minutes
Road,811,scenario_78,-5.95271848499154,-357.16310909949243,-99894.05707626427,weighted_peak_minutes
Road,813,scenario_78,329.5876182854292,19775.257097125752,5530892.219352359,weighted_peak_minutes
Road,822,scenario_78,-80.47296296138083,-4828.37777768285,-1350436.909695672,weighted_peak_minutes
Road,831,scenario_78,-206.64182574805645,-12398.509544883387,-3467708.138334573,weighted_peak_minutes
Road,837,scenario_78,14.232194798362132,853.9316879017279,238834.0189600145,weighted_peak_minutes
Road,858,scenario_78,-22.908854792596927,-1374.5312875558157,-384439.2194882672,weighted_peak_minutes
Road,863,scenario_78,31.84259403799273,1910.5556422795637,534358.5312000654,weighted_peak_minutes
Road,866,scenario_78,-60.740016027947426,-3644.400961676846,-1019293.3939689926,weighted_peak_minutes
Road,873,scenario_78,-655.1325653519287,-39307.953921115724,-10993943.362312054,weighted_peak_minutes
Road,878,scenario_78,-142.71709778044607,-8563.025866826763,-2394971.29712811,weighted_peak_minutes
Road,887,scenario_78,-354.6643373679098,-21279.86024207459,-5951710.911455236,weighted_peak_minutes
Road,895,scenario_78,-593.8045356933338,-35628.27214160003,-9964782.364603758,weighted_peak_minutes
Road,935,scenario_78,-116.1342420707806,-6968.054524246836,-1948877.749750287,weighted_peak_minutes
Road,938,scenario_78,288.75068169460087,17325.040901676053,4845597.377187521,weighted_peak_minutes
Road,940,scenario_78,-100.00322391824254,-6000.193435094552,-1678179.1013780076,weighted_peak_minutes
Road,945,scenario_78,-934.9291028706434,-56095.74617223861,-15689279.007547986,weighted_peak_minutes
Road,952,scenario_78,-557.8633009795992,-33471.79805877595,-9361643.519563898,weighted_peak_minutes
Road,958,scenario_78,52.785741934044445,3167.1445160426665,885810.7318306833,weighted_peak_minutes
Road,964,scenario_78,5.272150522280329,316.32903133681975,88473.27595201677,weighted_peak_minutes
Road,970,scenario_78,-198.83618871762107,-11930.171323057264,-3336719.7919175783,weighted_peak_minutes
Road,971,scenario_78,-6.196638503985013,-371.7983102391008,-103987.33989499851,weighted_peak_minutes
Road,987,scenario_78,-3.6583991535784053,-219.5039492147043,-61392.51079598762,weighted_peak_minutes
Road,0,scenario_89,76.14816434357199,4568.889860614319,1277861.3828905674,weighted_peak_minutes
Road,2,scenario_89,-154.92867467771381,-9295.720480662829,-2599896.821935385,weighted_peak_minutes
Road,12,scenario_89,-16.56588623727536,-993.9531742365216,-277996.2784192771,weighted_peak_minutes
Road,15,scenario_89,54.70486389019352,3282.291833411611,918015.99715731,weighted_peak_minutes
Road,17,scenario_89,-77.3899659704417,-4643.397958226502,-1298700.3664414748,weighted_peak_minutes
Road,25,scenario_89,-182.2880410956772,-10937.28246574063,-3059021.1896368326,weighted_peak_minutes
Road,27,scenario_89,-172.21418185470972,-10332.850911282583,-2889969.239249348,weighted_peak_minutes
Road,28,scenario_89,-32.77774395822004,-1966.6646374932025,-550051.51579888,weighted_peak_minutes
Road,57,scenario_89,57.84518539363247,3470.711123617948,970714.5173868948,weighted_peak_minutes
Road,62,scenario_89,12.616056109904699,756.963366594282,211713.19159433825,weighted_peak_minutes
Road,63,scenario_89,-192.57174731700604,-11554.304839020362,-3231594.6346635073,weighted_peak_minutes
Road,73,scenario_89,-81.63724975388128,-4898.234985232877,-1369975.0974323202,weighted_peak_minutes
Road,90,scenario_89,0.9646626939230676,57.87976163538406,16188.245832396478,weighted_peak_minutes
Road,94,scenario_89,1.6380996968451653,98.28598181070991,27489.360537682933,weighted_peak_minutes
Road,103,scenario_89,-169.63845109304918,-10178.30706558295,-2846745.2574052317,weighted_peak_minutes
Road,104,scenario_89,1.505558942090526,90.33353652543155,25265.16099695664,weighted_peak_minutes
Road,109,scenario_89,-343.9076434404541,-20634.458606427244,-5771200.14148512,weighted_peak_minutes
Road,114,scenario_89,-7.61008348367468,-456.6050090204808,-127706.71346041572,weighted_peak_minutes
Road,126,scenario_89,-197.31265819839322,-11838.759491903593,-3311153.0453917854,weighted_peak_minutes
Road,140,scenario_89,-3.500913414821844,-210.05480488931065,-58749.70324247907,weighted_peak_minutes
Road,143,scenario_89,-1.2665542165816683,-75.9932529949001,-21254.362947011123,weighted_peak_minutes
Road,144,scenario_89,-147.89662488624649,-8873.797493174789,-2481890.2363723237,weighted_peak_minutes
Road,150,scenario_89,-147.25258900586243,-8835.155340351746,-2471082.5092546293,weighted_peak_minutes
Road,176,scenario_89,34.046250623516,2042.77503741096,571338.6432758779,weighted_peak_minutes
Road,177,scenario_89,2.9161440503317864,174.96864301990718,48936.54234463029,weighted_peak_minutes
Road,195,scenario_89,-142.20938537490147,-8532.563122494088,-2386451.248322565,weighted_peak_minutes
Road,197,scenario_89,-14.196788631226324,-851.8073178735794,-238239.85921776676,weighted_peak_minutes
Road,201,scenario_89,-187.17732936964313,-11230.639762178587,-3141069.558484324,weighted_peak_minutes
Road,202,scenario_89,-72.19400152966652,-4331.640091779991,-1211505.5881697163,weighted_peak_minutes
Road,206,scenario_89,0.5151694624655647,30.910167747933883,8645.187542000258,weighted_peak_minutes
Road,209,scenario_89,-9.226282018239726,-553.5769210943836,-154828.5451185854,weighted_peak_minutes
Road,227,scenario_89,2.0852684990114843,125.11610994068906,34993.41199903647,weighted_peak_minutes
Road,233,scenario_89,-10.527988214997459,-631.6792928998475,-176672.8022329261,weighted_peak_minutes
Road,240,scenario_89,-0.4402069672330981,-26.412418033985887,-7387.223168880428,weighted_peak_minutes
Road,243,scenario_89,-108.01930867070817,-6481.15852024249,-1812699.0236303215,weighted_peak_minutes
Road,245,scenario_89,-166.7088549527233,-10002.531297163398,-2797582.9721753877,weighted_peak_minutes
Road,249,scenario_89,-181.8699339335086,-10912.196036010517,-3052004.8288216908,weighted_peak_minutes
Road,250,scenario_89,11.885355011755019,713.1213007053011,199451.1137910139,weighted_peak_minutes
Road,255,scenario_89,-15.961102660618293,-957.6661596370976,-267847.2540235008,weighted_peak_minutes
Road,261,scenario_89,-75.48060145643927,-4528.836087386357,-1266658.8431908716,weighted_peak_minutes
Road,267,scenario_89,1.0818986752070487,64.91392051242292,18155.612143318285,weighted_peak_minutes
Road,270,scenario_89,-16.611438794950182,-996.6863276970108,-278760.7072777577,weighted_peak_minutes
Road,273,scenario_89,1.854338950596866,111.26033703581196,31118.12551470366,weighted_peak_minutes
Road,277,scenario_89,-104.83398513193825,-6290.039107916295,-1759245.3129953386,weighted_peak_minutes
Road,284,scenario_89,-9.857974348948725,-591.4784609369235,-165429.1320432958,weighted_peak_minutes
Road,285,scenario_89,-179.7953959473894,-10787.723756843365,-3017191.488242128,weighted_peak_minutes
Road,289,scenario_89,-175.43326687225297,-10525.996012335178,-2943989.509699995,weighted_peak_minutes
Road,308,scenario_89,-31.3502972977168,-1881.017837863008,-526097.17652731,weighted_peak_minutes
Road,331,scenario_89,-200.25654951203325,-12015.392970721994,-3360555.221498808,weighted_peak_minutes
Road,334,scenario_89,115.06339401189082,6903.80364071345,1930907.580762043,weighted_peak_minutes
Road,348,scenario_89,-207.2361241757666,-12434.167450545996,-3477681.2088245833,weighted_peak_minutes
Road,351,scenario_89,-310.72034907907556,-18643.220944744535,-5214275.857983237,weighted_peak_minutes
Road,356,scenario_89,-138.081334231725,-8284.8800539035,-2317177.3900761353,weighted_peak_minutes
Road,358,scenario_89,-156.2258236921567,-9373.549421529402,-2621664.6038340046,weighted_peak_minutes
Road,390,scenario_89,-114.21545368175526,-6852.927220905316,-1916678.0820969555,weighted_peak_minutes
Road,392,scenario_89,5.014933663230234,300.89601979381405,84156.85553608237,weighted_peak_minutes
Road,394,scenario_89,0.43697441191082664,26.2184647146496,7332.97684987856,weighted_peak_minutes
Road,423,scenario_89,74.67961169143673,4480.776701486204,1253217.233696923,weighted_peak_minutes
Road,459,scenario_89,-49.19986081653527,-2951.991648992116,-825635.1643274825,weighted_peak_minutes
Road,464,scenario_89,-0.1911970316248092,-11.471821897488551,-3208.5251869538297,weighted_peak_minutes
Road,469,scenario_89,-106.9520734483153,-6417.124406898918,-1794789.4825545412,weighted_peak_minutes
Road,486,scenario_89,-185.8468348114984,-11150.810088689905,-3118742.196680458,weighted_peak_minutes
Road,493,scenario_89,-0.4109325122224012,-24.65595073334407,-6895.96122073217,weighted_peak_minutes
Road,499,scenario_89,-150.28860672438944,-9017.316403463366,-2522030.6815936603,weighted_peak_minutes
Road,517,scenario_89,-4.669092778877045,-280.1455667326227,-78353.2131955304,weighted_peak_minutes
Road,521,scenario_89,-304.53498652572455,-18272.09919154347,-5110477.742634814,weighted_peak_minutes
Road,531,scenario_89,-162.40864208381973,-9744.518525029183,-2725420.0249690996,weighted_peak_minutes
Road,533,scenario_89,-17.352873684174845,-1041.1724210504908,-291202.91151255916,weighted_peak_minutes
Road,538,scenario_89,3.0728415982399984,184.3704958943999,51566.12307046498,weighted_peak_minutes
Road,540,scenario_89,24.167463897376244,1450.0478338425746,405560.2535278451,weighted_peak_minutes
Road,546,scenario_89,-25.508828768657015,-1530.529726119421,-428070.0327740256,weighted_peak_minutes
Road,550,scenario_89,0.9397755346561705,56.38653207937023,15770.60819094886,weighted_peak_minutes
Road,552,scenario_89,-62.09229499947784,-3725.5376999686705,-1041986.3254599876,weighted_peak_minutes
Road,556,scenario_89,-19.814373473918142,-1188.8624084350886,-332509.9548591888,weighted_peak_minutes
Road,558,scenario_89,-156.96725282254434,-9418.03516935266,-2634106.7114283224,weighted_peak_minutes
Road,564,scenario_89,-168.29258127257248,-10097.554876354348,-2824159.879480357,weighted_peak_minutes
Road,565,scenario_89,-21.866541151511285,-1311.992469090677,-366947.8936987989,weighted_peak_minutes
Road,569,scenario_89,15.575653050331555,934.5391830198932,261378.9277508764,weighted_peak_minutes
Road,594,scenario_89,-30.522578923305268,-1831.354735398316,-512207.02755671646,weighted_peak_minutes
Road,602,scenario_89,-25.043607311695816,-1502.6164387017488,-420263.0351993954,weighted_peak_minutes
Road,612,scenario_89,-343.8203313525339,-20629.219881152036,-5769734.93550971,weighted_peak_minutes
Road,614,scenario_89,-27.175397606617967,-1630.523856397078,-456037.1410860577,weighted_peak_minutes
Road,625,scenario_89,-27.79465948882862,-1667.6795693297172,-466429.1295469053,weighted_peak_minutes
Road,627,scenario_89,8.84609705162875,530.7658230977249,148448.56614764495,weighted_peak_minutes
Road,628,scenario_89,-41.676294841318544,-2500.577690479113,-699380.3228058768,weighted_peak_minutes
Road,629,scenario_89,-20.28373007144546,-1217.0238042867277,-340386.34526144416,weighted_peak_minutes
Road,648,scenario_89,-25.053924946355984,-1503.235496781359,-420436.1780060363,weighted_peak_minutes
Road,662,scenario_89,-287.2251119345388,-17233.506716072327,-4819996.409651479,weighted_peak_minutes
Road,669,scenario_89,68.41739091649264,4105.043454989558,1148129.341317392,weighted_peak_minutes
Road,670,scenario_89,5.844733540319916,350.6840124191949,98081.93472349358,weighted_peak_minutes
Road,673,scenario_89,35.20319951121249,2112.1919706727494,590753.6917975346,weighted_peak_minutes
Road,678,scenario_89,-164.28037790486124,-9856.822674291674,-2756830.0917159524,weighted_peak_minutes
Road,680,scenario_89,-17.893636234714844,-1073.6181740828906,-300277.58306380844,weighted_peak_minutes
Road,682,scenario_89,-157.10928805574852,-9426.557283344911,-2636490.24018553,weighted_peak_minutes
Road,689,scenario_89,-188.80361900630132,-11328.21714037808,-3168360.7314494946,weighted_peak_minutes
Road,694,scenario_89,13.69851861705441,821.9111170232645,229878.2655424443,weighted_peak_minutes
Road,726,scenario_89,-39.86840746554565,-2392.1044479327393,-669041.712781188,weighted_peak_minutes
Road,736,scenario_89,-1.5985358710672395,-95.91215226403438,-26825.43008634711,weighted_peak_minutes
Road,750,scenario_89,-190.21465445308033,-11412.87926718482,-3192039.6700407546,weighted_peak_minutes
Road,755,scenario_89,12.308475864413776,738.5085518648266,206551.6105996937,weighted_peak_minutes
Road,759,scenario_89,-333.9023903954871,-20034.143423729227,-5603299.488824268,weighted_peak_minutes
Road,761,scenario_89,38.75183525904625,2325.110115542775,650304.2354408699,weighted_peak_minutes
Road,764,scenario_89,-36.61518852977412,-2196.911311786447,-614448.6325152719,weighted_peak_minutes
Road,767,scenario_89,30.849666900606827,1850.9800140364096,517695.9726758083,weighted_peak_minutes
Road,770,scenario_89,17.826442169668734,1069.586530180124,299149.98265975347,weighted_peak_minutes
Road,775,scenario_89,-204.95432085797265,-12297.25925147836,-3439389.696897854,weighted_peak_minutes
Road,776,scenario_89,-63.617629070184186,-3817.057744211051,-1067583.3378340283,weighted_peak_minutes
Road,780,scenario_89,2.9907735394381842,179.44641236629104,50188.91845869702,weighted_peak_minutes
Road,789,scenario_89,-163.28839691747854,-9797.303815048712,-2740183.4107714365,weighted_peak_minutes
Road,791,scenario_89,-42.63424390147072,-2558.054634088243,-715455.9054715554,weighted_peak_minutes
Road,809,scenario_89,-44.80702300208407,-2688.4213801250444,-751917.8547537234,weighted_peak_minutes
Road,810,scenario_89,-33.60955157348556,-2016.5730944091335,-564010.2873425547,weighted_peak_minutes
Road,811,scenario_89,-4.550310111441649,-273.01860668649897,-76359.89155763018,weighted_peak_minutes
Road,813,scenario_89,53.37649960795922,3202.589976477553,895724.3840460656,weighted_peak_minutes
Road,822,scenario_89,-23.10078981645153,-1386.0473889870918,-387660.12910732726,weighted_peak_minutes
Road,831,scenario_89,-43.67796413120329,-2620.677847872197,-732970.8355767551,weighted_peak_minutes
Road,837,scenario_89,1.0608261579676763,63.649569478060585,17801.98896339507,weighted_peak_minutes
Road,858,scenario_89,-37.372204726851,-2242.33228361106,-627152.3105724683,weighted_peak_minutes
Road,863,scenario_89,-17.170557570386638,-1030.2334542231984,-288143.4192280508,weighted_peak_minutes
Road,866,scenario_89,-15.970333909017308,-958.2200345410384,-268002.16591069667,weighted_peak_minutes
Road,873,scenario_89,-176.56881506751722,-10594.128904051033,-2963045.427851773,weighted_peak_minutes
Road,878,scenario_89,-43.74186953935229,-2624.5121723611373,-734043.2482072556,weighted_peak_minutes
Road,887,scenario_89,-89.8833176844734,-5392.9990610684035,-1508354.4248925692,weighted_peak_minutes
Road,895,scenario_89,-159.192554504923,-9551.55327029538,-2671450.055285739,weighted_peak_minutes
Road,935,scenario_89,-31.071471203293186,-1864.2882721975911,-521418.1261302638,weighted_peak_minutes
Road,938,scenario_89,55.8236924630842,3349.421547785052,936791.3391461318,weighted_peak_minutes
Road,940,scenario_89,-26.64544409917338,-1598.7266459504026,-447143.8587892532,weighted_peak_minutes
Road,945,scenario_89,-231.32989246565754,-13879.793547939453,-3882004.7579393154,weighted_peak_minutes
Road,952,scenario_89,-174.30937982675965,-10458.56278960558,-2925129.280217811,weighted_peak_minutes
Road,958,scenario_89,4.638270449930375,278.2962269958225,77835.97598789411,weighted_peak_minutes
Road,964,scenario_89,1.1328832888102625,67.97299732861575,19011.197690347217,weighted_peak_minutes
Road,970,scenario_89,-55.54379323130609,-3332.6275938783656,-932094.2801628554,weighted_peak_minutes
Road,971,scenario_89,-3.176194541295991,-190.57167247775945,-53300.51464612334,weighted_peak_minutes
Road,987,scenario_89,-1.3346050767499642,-80.07630460499786,-22396.34144421034,weighted_peak_minutes
Road,0,scenario_96,90.97657574141049,5458.594544484629,1526700.6616605448,weighted_peak_minutes
Road,2,scenario_96,-180.75316057224506,-10845.189634334703,-3033263.9758529873,weighted_peak_minutes
Road,12,scenario_96,-15.950181653549466,-957.010899212968,-267663.985873627,weighted_peak_minutes
Road,15,scenario_96,65.26810671415491,3916.0864028492942,1095280.415796912,weighted_peak_minutes
Road,17,scenario_96,-80.02724258903763,-4801.634555342258,-1342957.1646972878,weighted_peak_minutes
Road,25,scenario_96,-211.609874049384,-12696.59244296304,-3551078.1988912253,weighted_peak_minutes
Road,27,scenario_96,-199.61430967494186,-11976.858580496511,-3349777.634232618,weighted_peak_minutes
Road,28,scenario_96,-26.061062046187963,-1563.663722771278,-437337.19746259187,weighted_peak_minutes
Road,57,scenario_96,65.14472786610229,3908.683671966137,1093209.964503029,weighted_peak_minutes
Road,62,scenario_96,15.43639893734265,926.183936240559,259042.06966728135,weighted_peak_minutes
Road,63,scenario_96,-222.7752175569709,-13366.513053418254,-3738446.6196279177,weighted_peak_minutes
Road,73,scenario_96,-95.77059254250295,-5746.235552550177,-1607150.2561038777,weighted_peak_minutes
Road,90,scenario_96,1.441180356233963,86.47082137403777,24184.80785305119,weighted_peak_minutes
Road,94,scenario_96,2.1607013253708525,129.64207952225115,36259.26911637962,weighted_peak_minutes
Road,103,scenario_96,-196.73258464196306,-11803.955078517783,-3301418.686022943,weighted_peak_minutes
Road,104,scenario_96,1.8489545012203352,110.93727007322012,31027.767723603756,weighted_peak_minutes
Road,109,scenario_96,-400.8209518142394,-24049.257108854363,-6726276.597632704,weighted_peak_minutes
Road,114,scenario_96,-9.020945566450246,-541.2567339870147,-151382.7427869932,weighted_peak_minutes
Road,126,scenario_96,-228.44446298452195,-13706.667779071317,-3833583.644459008,weighted_peak_minutes
Road,140,scenario_96,-4.146438917067523,-248.78633502405137,-69582.42807703937,weighted_peak_minutes
Road,143,scenario_96,-1.294807308850189,-77.68843853101134,-21728.485151642235,weighted_peak_minutes
Road,144,scenario_96,-170.79416327647633,-10247.64979658858,-2866139.552483368,weighted_peak_minutes
Road,150,scenario_96,-172.0509820408731,-10323.058922452386,-2887230.542373402,weighted_peak_minutes
Road,176,scenario_96,43.896237918713204,2633.7742751227925,736633.742573406,weighted_peak_minutes
Road,177,scenario_96,3.8930170308827656,233.58102185296593,65329.692049501406,weighted_peak_minutes
Road,195,scenario_96,-166.09617248145514,-9965.770348887309,-2787301.394454419,weighted_peak_minutes
Road,197,scenario_96,-16.545746656765306,-992.7447994059185,-277658.3110838428,weighted_peak_minutes
Road,201,scenario_96,-217.24762739751506,-13034.857643850904,-3645686.7472645496,weighted_peak_minutes
Road,202,scenario_96,-83.30911486232168,-4998.546891739301,-1398031.0837833358,weighted_peak_minutes
Road,206,scenario_96,1.2411263843261016,74.4675830595661,20827.652136972392,weighted_peak_minutes
Road,209,scenario_96,-6.1924904517518975,-371.54942710511386,-103917.73039346152,weighted_peak_minutes
Road,227,scenario_96,2.323270431936059,139.39622591616353,38987.381935926984,weighted_peak_minutes
Road,233,scenario_96,-11.679602596115243,-700.7761557669146,-195998.33106605892,weighted_peak_minutes
Road,240,scenario_96,-0.3741525045780387,-22.449150274682324,-6278.746717450213,weighted_peak_minutes
Road,243,scenario_96,-120.94853678501774,-7256.912207101064,-2029667.6329235788,weighted_peak_minutes
Road,245,scenario_96,-192.7284257933478,-11563.705547600868,-3234223.895344618,weighted_peak_minutes
Road,249,scenario_96,-210.515590642544,-12630.93543855264,-3532714.755470191,weighted_peak_minutes
Road,250,scenario_96,13.012736604533469,780.7641962720081,218369.98614482727,weighted_peak_minutes
Road,255,scenario_96,-18.748974697221033,-1124.938481833262,-314631.23163774045,weighted_peak_minutes
Road,261,scenario_96,-88.03711065407552,-5282.226639244531,-1477372.763163705,weighted_peak_minutes
Road,267,scenario_96,1.0936829410134428,65.62097646080656,18353.366853881835,weighted_peak_minutes
Road,270,scenario_96,-19.031139396550135,-1141.868363793008,-319366.30799835693,weighted_peak_minutes
Road,273,scenario_96,2.1362748861914347,128.17649317148607,35849.36293390001,weighted_peak_minutes
Road,277,scenario_96,-123.07867429888769,-7384.720457933261,-2065414.003078209,weighted_peak_minutes
Road,284,scenario_96,-11.355573300122826,-681.3343980073696,-190560.71444268615,weighted_peak_minutes
Road,285,scenario_96,-207.87442165425745,-12472.465299255447,-3488392.6383855077,weighted_peak_minutes
Road,289,scenario_96,-202.84011838929828,-12170.407103357897,-3403910.736720411,weighted_peak_minutes
Road,308,scenario_96,-32.743331880911136,-1964.599912854668,-549474.03812654,weighted_peak_minutes
Road,331,scenario_96,-232.2874028352526,-13937.244170115157,-3898072.978829082,weighted_peak_minutes
Road,334,scenario_96,136.63438839784843,8198.063303870906,2292895.8303013938,weighted_peak_minutes
Road,348,scenario_96,-237.64528651276487,-14258.717190765892,-3987984.9642923353,weighted_peak_minutes
Road,351,scenario_96,-363.1429008159583,-21788.574048957496,-6093991.804317799,weighted_peak_minutes
Road,356,scenario_96,-159.37078298592726,-9562.246979155636,-2674440.951982592,weighted_peak_minutes
Road,358,scenario_96,-182.12708077995532,-10927.62484679732,-3056320.0743386257,weighted_peak_minutes
Road,390,scenario_96,-134.43401384609072,-8066.040830765443,-2255970.79485471,weighted_peak_minutes
Road,392,scenario_96,5.992983361668303,359.57900170009816,100569.7520379962,weighted_peak_minutes
Road,394,scenario_96,0.16696608834317886,10.017965300590731,2801.89967000897,weighted_peak_minutes
Road,423,scenario_96,89.73571832807404,5384.143099684443,1505877.523192993,weighted_peak_minutes
Road,459,scenario_96,-53.22900153477579,-3193.7400920865475,-893249.1820054563,weighted_peak_minutes
Road,464,scenario_96,-0.1429758145803741,-8.578548874822445,-2399.312888426902,weighted_peak_minutes
Road,469,scenario_96,-125.18297277734382,-7510.978366640629,-2100726.761919801,weighted_peak_minutes
Road,486,scenario_96,-215.1056999514675,-12906.34199708805,-3609742.527310564,weighted_peak_minutes
Road,493,scenario_96,-0.28124138367614554,-16.874483020568732,-4719.581969815317,weighted_peak_minutes
Road,499,scenario_96,-173.38729614636202,-10403.23776878172,-2909655.5634561377,weighted_peak_minutes
Road,517,scenario_96,-5.443106152575153,-326.58636915450916,-91342.12512290178,weighted_peak_minutes
Road,521,scenario_96,-354.31677253114856,-21259.006351868913,-5945878.339038337,weighted_peak_minutes
Road,531,scenario_96,-189.9706713366846,-11398.240280201077,-3187945.3283687388,weighted_peak_minutes
Road,533,scenario_96,-18.442838835627967,-1106.570330137678,-309493.8892103818,weighted_peak_minutes
Road,538,scenario_96,5.307701395396725,318.4620837238035,89069.86404150129,weighted_peak_minutes
Road,540,scenario_96,29.99427315716554,1799.6563894299325,503341.3964186842,weighted_peak_minutes
Road,546,scenario_96,-30.197663248958026,-1811.8597949374816,-506754.5363965769,weighted_peak_minutes
Road,550,scenario_96,3.029605108310352,181.77630649862112,50840.5607238331,weighted_peak_minutes
Road,552,scenario_96,-73.19216538322216,-4391.52992299333,-1228256.025337197,weighted_peak_minutes
Road,556,scenario_96,-24.148662409364867,-1448.919744561892,-405244.74105715414,weighted_peak_minutes
Road,558,scenario_96,-177.2225727730382,-10633.354366382291,-2974016.2993475473,weighted_peak_minutes
Road,564,scenario_96,-194.96581011974874,-11697.948607184924,-3271770.0010720333,weighted_peak_minutes
Road,565,scenario_96,-20.79650006727703,-1247.790004036622,-348991.26675399276,weighted_peak_minutes
Road,569,scenario_96,19.28959794039838,1157.3758764239028,323703.5654373103,weighted_peak_minutes
Road,594,scenario_96,-30.937574236862318,-1856.2544542117391,-519171.16766234586,weighted_peak_minutes
Road,602,scenario_96,-24.44051354311911,-1466.4308125871466,-410142.3678954675,weighted_peak_minutes
Road,612,scenario_96,-400.7475581461641,-24044.853488769848,-6725044.960140317,weighted_peak_minutes
Road,614,scenario_96,-31.539593532214834,-1892.37561193289,-529273.8039624802,weighted_peak_minutes
Road,625,scenario_96,-31.72323116805346,-1903.3938700832075,-532355.4730388972,weighted_peak_minutes
Road,627,scenario_96,9.630565054718561,577.8339032831136,161612.91982449585,weighted_peak_minutes
Road,628,scenario_96,-50.26356418635987,-3015.8138511815923,-843485.4365023517,weighted_peak_minutes
Road,629,scenario_96,-22.0693472962322,-1324.160837773932,-370351.23431489663,weighted_peak_minutes
Road,648,scenario_96,-26.301265168309328,-1578.0759100985597,-441368.10610569094,weighted_peak_minutes
Road,662,scenario_96,-334.03414540607287,-20042.048724364373,-5605510.50259566,weighted_peak_minutes
Road,669,scenario_96,82.0041841000076,4920.251046000456,1376132.7144282523,weighted_peak_minutes
Road,670,scenario_96,6.118594035071632,367.1156421042979,102677.6561510458,weighted_peak_minutes
Road,673,scenario_96,42.03331188446124,2521.9987130676745,705371.5150611153,weighted_peak_minutes
Road,678,scenario_96,-188.45721975910516,-11307.43318554631,-3162547.7190824836,weighted_peak_minutes
Road,680,scenario_96,-17.12015225829964,-1027.2091354979784,-287297.55508459086,weighted_peak_minutes
Road,682,scenario_96,-177.3724379437898,-10642.346276627388,-2976531.2242442225,weighted_peak_minutes
Road,689,scenario_96,-217.51992580732718,-13051.195548439631,-3650256.2549542096,weighted_peak_minutes
Road,694,scenario_96,19.131362402797095,1147.8817441678257,321048.17532193876,weighted_peak_minutes
Road,726,scenario_96,-48.13210662798956,-2887.9263976793736,-807716.9143509498,weighted_peak_minutes
Road,736,scenario_96,-1.7413048968892932,-104.4782938133576,-29221.272800923452,weighted_peak_minutes
Road,750,scenario_96,-219.7496930043475,-13184.98158026085,-3687674.5357292066,weighted_peak_minutes
Road,755,scenario_96,13.46210268040207,807.7261608241242,225910.91060549725,weighted_peak_minutes
Road,759,scenario_96,-389.1881741208383,-23351.2904472503,-6531064.046965318,weighted_peak_minutes
Road,761,scenario_96,47.130350623981215,2827.8210374388727,790906.1964086847,weighted_peak_minutes
Road,764,scenario_96,-38.679602269384,-2320.77613616304,-649092.0755831003,weighted_peak_minutes
Road,767,scenario_96,37.28911350997029,2237.3468105982174,625757.9360891889,weighted_peak_minutes
Road,770,scenario_96,21.542436181908123,1292.5461709144874,361509.0071776457,weighted_peak_minutes
Road,775,scenario_96,-237.82476165169405,-14269.485699101642,-3990996.7814674904,weighted_peak_minutes
Road,776,scenario_96,-76.36952304451357,-4582.171382670815,-1281576.0585907437,weighted_peak_minutes
Road,780,scenario_96,5.19691532922152,311.8149197532912,87210.73536849863,weighted_peak_minutes
Road,789,scenario_96,-186.9874941892272,-11219.249651353632,-3137883.886862969,weighted_peak_minutes
Road,791,scenario_96,-47.87230158768652,-2872.3380952611915,-803357.0610183645,weighted_peak_minutes
Road,809,scenario_96,-50.34686595221186,-3020.8119571327115,-844883.3442605552,weighted_peak_minutes
Road,810,scenario_96,-34.469443996916134,-2068.166639814968,-578440.357073249,weighted_peak_minutes
Road,811,scenario_96,-4.745411657522587,-284.72469945135526,-79633.93937780093,weighted_peak_minutes
Road,813,scenario_96,67.97260033039201,4078.356019823521,1140665.199294391,weighted_peak_minutes
Road,822,scenario_96,-26.492810369863097,-1589.5686221917858,-444582.4740192651,weighted_peak_minutes
Road,831,scenario_96,-52.65995570359907,-3159.597342215944,-883699.8816510219,weighted_peak_minutes
Road,837,scenario_96,1.725961933772002,103.55771602632012,28963.79870111141,weighted_peak_minutes
Road,858,scenario_96,-37.944056183672124,-2276.6433710203273,-636748.6928322478,weighted_peak_minutes
Road,863,scenario_96,-15.431733876485184,-925.904032589111,-258963.78411476695,weighted_peak_minutes
Road,866,scenario_96,-18.552977491428223,-1113.1786494856933,-311342.15352802986,weighted_peak_minutes
Road,873,scenario_96,-204.41967463892462,-12265.180478335476,-3430417.665034453,weighted_peak_minutes
Road,878,scenario_96,-49.69106975007647,-2981.464185004588,-833878.2642434707,weighted_peak_minutes
Road,887,scenario_96,-105.10745513095269,-6306.447307857161,-1763834.4814162997,weighted_peak_minutes
Road,895,scenario_96,-184.43819101578268,-11066.29146094696,-3095103.3929836024,weighted_peak_minutes
Road,935,scenario_96,-35.99025180024716,-2159.4151080148295,-603961.4130228977,weighted_peak_minutes
Road,938,scenario_96,68.49463863171113,4109.678317902668,1149425.6545384023,weighted_peak_minutes
Road,940,scenario_96,-30.89644985018143,-1853.7869910108857,-518481.04904835706,weighted_peak_minutes
Road,945,scenario_96,-271.52451511594506,-16291.470906956703,-4556520.769289453,weighted_peak_minutes
Road,952,scenario_96,-197.6983042895144,-11861.898257370864,-3317624.6688584136,weighted_peak_minutes
Road,958,scenario_96,7.055307651520707,423.3184590912424,118396.88152708186,weighted_peak_minutes
Road,964,scenario_96,1.36856413379622,82.1138480277732,22966.216870267817,weighted_peak_minutes
Road,970,scenario_96,-64.05018011995125,-3843.0108071970753,-1074842.085137932,weighted_peak_minutes
Road,971,scenario_96,-3.397310839574978,-203.83865037449868,-57011.1225266176,weighted_peak_minutes
Road,987,scenario_96,-1.4993879187221562,-89.96327512332937,-25161.603511056182,weighted_peak_minutes
Rail,100000,scenario_1,686.8637410720694,41211.82446432416,6327800.901000546,daily_minutes
Rail,100001,scenario_1,2175.17859903966,130510.71594237961,20039050.361512773,daily_minutes
Rail,100002,scenario_1,806.3382635732705,48380.29581439623,7428471.886995111,daily_minutes
Rail,100003,scenario_1,251.18673712413872,15071.204227448323,2314082.9344298407,daily_minutes
Rail,100004,scenario_1,277.605022064934,16656.30132389604,2557464.026275411,daily_minutes
Rail,100005,scenario_1,825.16049571037,49509.6297426222,7601873.582781355,daily_minutes
Rail,101000,scenario_1,891.8557216585614,53511.34329951368,8216310.021351662,daily_minutes
Rail,101001,scenario_1,2001.966897040664,120118.01382243984,18443320.235676818,daily_minutes
Rail,101002,scenario_1,866.7927316944406,52007.563901666435,7985414.720008202,daily_minutes
Rail,101003,scenario_1,830.3225912114285,49819.35547268571,7649429.903794405,daily_minutes
Rail,101004,scenario_1,203.9578488032421,12237.470928194525,1878982.077884748,daily_minutes
Rail,101005,scenario_1,21.27922166188364,1276.7532997130184,196036.9574822692,daily_minutes
Rail,101006,scenario_1,579.6362331092823,34778.17398655694,5339956.761142574,daily_minutes
Rail,101007,scenario_1,1683.4721434395178,101008.32860637107,15509155.468650902,daily_minutes
Rail,101008,scenario_1,922.452007331478,55347.12043988868,8498181.362741973,daily_minutes
Rail,101009,scenario_1,27.9200115364074,1675.200692184444,257215.8982803068,daily_minutes
Rail,101010,scenario_1,1014.5125462472644,60870.75277483586,9346298.283557547,daily_minutes
Rail,101011,scenario_1,1432.216792502033,85933.00755012198,13194440.42260423,daily_minutes
Rail,101012,scenario_1,1668.6844062010205,100121.06437206123,15372921.96056752,daily_minutes
Rail,101013,scenario_1,720.2322698712524,43213.93619227514,6635211.8094159,daily_minutes
Rail,101014,scenario_1,742.5500419259333,44553.002515556,6840816.516246852,daily_minutes
Rail,101015,scenario_1,484.1110936383484,29046.665618300904,4459921.861252648,daily_minutes
Rail,101016,scenario_1,1229.712927287852,73782.77563727112,11328853.313932065,daily_minutes
Rail,101017,scenario_1,427.21212931672926,25632.727759003756,3935734.4625433,daily_minutes
Rail,101018,scenario_1,40.85383946100774,2451.2303676604643,376370.08141847985,daily_minutes
Rail,101019,scenario_1,25.102922312406008,1506.1753387443605,231263.18209527156,daily_minutes
Rail,101020,scenario_1,432.9132939736446,25974.797638418677,3988257.0120615982,daily_minutes
Rail,101021,scenario_1,378.7009685993107,22722.058115958644,3488820.5433180095,daily_minutes
Rail,101022,scenario_1,311.90061392786447,18714.036835671868,2873415.595871844,daily_minutes
Rail,101023,scenario_1,1783.8741293529747,107032.44776117848,16434118.804077214,daily_minutes
Rail,101024,scenario_1,895.0081811348646,53700.490868091874,8245352.369523053,daily_minutes
Rail,101025,scenario_1,283.2482592265442,16994.89555359265,2609452.912950461,daily_minutes
Rail,101026,scenario_1,1030.1103512486152,61806.62107491691,9489994.621912992,daily_minutes
Rail,101027,scenario_1,1469.9535500665952,88197.21300399571,13542094.075343514,daily_minutes
Rail,101028,scenario_1,619.3222738225886,37159.33642935532,5705568.379817979,daily_minutes
Rail,101029,scenario_1,841.7242044608138,50503.45226764883,7754468.406015692,daily_minutes
Rail,101030,scenario_1,833.4891433796438,50009.34860277863,7678602.082299305,daily_minutes
Rail,101031,scenario_1,1269.730493410476,76183.82960462855,11697519.14359335,daily_minutes
Rail,101032,scenario_1,102.7927223265142,6167.563339590852,946988.2337052446,daily_minutes
Rail,100000,scenario_2,336.977421037358,20218.64526224148,3104438.1890487643,daily_minutes
Rail,100001,scenario_2,1067.3419386228052,64040.51631736831,9832994.343756454,daily_minutes
Rail,100002,scenario_2,396.7955642104207,23807.733852625242,3655518.8148449217,daily_minutes
Rail,100003,scenario_2,123.42264842988516,7405.358905793109,1137043.49092516,daily_minutes
Rail,100004,scenario_2,136.11832230089203,8167.099338053522,1254003.656029198,daily_minutes
Rail,100005,scenario_2,405.95373057522374,24357.223834513425,3739889.3382973056,daily_minutes
Rail,101000,scenario_2,439.51369196174346,26370.821517704608,4049063.8385667577,daily_minutes
Rail,101001,scenario_2,988.5530519276872,59313.18311566123,9107143.84618901,daily_minutes
Rail,101002,scenario_2,426.24780289729824,25574.868173837895,3926850.5089716497,daily_minutes
Rail,101003,scenario_2,408.5105974972248,24510.63584983349,3763444.730502933,daily_minutes
Rail,101004,scenario_2,108.45280033742164,6507.168020245298,999132.2683885306,daily_minutes
Rail,101005,scenario_2,10.433780320483493,626.0268192290096,96122.24458048622,daily_minutes
Rail,101006,scenario_2,302.2487459570257,18134.92475742154,2784496.7970036943,daily_minutes
Rail,101007,scenario_2,828.2052956481784,49692.317738890706,7629924.106688408,daily_minutes
Rail,101008,scenario_2,455.0234549741071,27301.407298446426,4191949.0812944593,daily_minutes
Rail,101009,scenario_2,13.69326824341988,821.5960946051928,126150.60301932998,daily_minutes
Rail,101010,scenario_2,499.2046516090704,29952.279096544225,4598972.7734137215,daily_minutes
Rail,101011,scenario_2,760.7674369106608,45646.046214639646,7008646.089283153,daily_minutes
Rail,101012,scenario_2,822.6626377820867,49359.7582669252,7578861.816831251,daily_minutes
Rail,101013,scenario_2,354.7439031293252,21284.63418775951,3268113.681969221,daily_minutes
Rail,101014,scenario_2,365.4624308943967,21927.7458536638,3366859.1908577187,daily_minutes
Rail,101015,scenario_2,250.21465633411572,15012.879380046943,2305127.542943674,daily_minutes
Rail,101016,scenario_2,604.9735259612426,36298.41155767455,5573379.105270543,daily_minutes
Rail,101017,scenario_2,211.43120725553308,12685.872435331985,1947831.139962324,daily_minutes
Rail,101018,scenario_2,20.075566538173007,1204.5339922903804,184948.16428957265,daily_minutes
Rail,101019,scenario_2,12.777907371520996,766.6744422912598,117717.74945087433,daily_minutes
Rail,101020,scenario_2,213.4139586230376,12804.837517382255,1966097.4352105963,daily_minutes
Rail,101021,scenario_2,186.06947703363403,11164.168622018042,1714183.664120057,daily_minutes
Rail,101022,scenario_2,152.93421617351123,9176.052970410674,1408921.7599200895,daily_minutes
Rail,101023,scenario_2,880.0955384373301,52805.732306239806,8107968.157407747,daily_minutes
Rail,101024,scenario_2,442.1966332226948,26531.797993361688,4073780.7032273975,daily_minutes
Rail,101025,scenario_2,139.21470771630266,8352.88246297816,1282529.4163072098,daily_minutes
Rail,101026,scenario_2,506.9192087620541,30415.152525723246,4670043.902641299,daily_minutes
Rail,101027,scenario_2,779.6926895548168,46781.561373289005,7182996.871792704,daily_minutes
Rail,101028,scenario_2,304.6893975039784,18281.363850238704,2806981.543445151,daily_minutes
Rail,101029,scenario_2,415.8272918204457,24949.63750922674,3830850.508625037,daily_minutes
Rail,101030,scenario_2,411.63353981376713,24698.012388826028,3792215.148888311,daily_minutes
Rail,101031,scenario_2,624.648079609884,37478.88477659304,5754632.898214017,daily_minutes
Rail,101032,scenario_2,53.45248882470332,3207.1493294821994,492436.39854646183,daily_minutes
Rail,100000,scenario_3,577.3136731386476,34638.820388318854,5318559.945157104,daily_minutes
Rail,100001,scenario_3,1827.3373952229667,109640.243713378,16834528.4872311,daily_minutes
Rail,100002,scenario_3,675.9149917681716,40554.899506090296,6226934.453163457,daily_minutes
Rail,100003,scenario_3,210.78763497665204,12647.258098599123,1941902.1659859044,daily_minutes
Rail,100004,scenario_3,233.33447117807373,14000.068270684424,2149617.149175122,daily_minutes
Rail,100005,scenario_3,691.8003584702965,41508.02150821779,6373279.982443453,daily_minutes
Rail,101000,scenario_3,748.0649294575051,44883.8957674503,6891622.969120211,daily_minutes
Rail,101001,scenario_3,1679.059314821185,100743.5588892711,15468501.843721643,daily_minutes
Rail,101002,scenario_3,727.811288813733,43668.67732882398,6705034.279325396,daily_minutes
Rail,101003,scenario_3,696.1426083803453,41768.55650282072,6413283.393964769,daily_minutes
Rail,101004,scenario_3,175.3847747802356,10523.086486814136,1615749.7761403983,daily_minutes
Rail,101005,scenario_3,17.88583755493164,1073.1502532958984,164775.06705856323,daily_minutes
Rail,101006,scenario_3,495.6408927738303,29738.453566429816,4566141.288768189,daily_minutes
Rail,101007,scenario_3,1411.4084189613131,84684.50513767879,13002741.200522993,daily_minutes
Rail,101008,scenario_3,773.9695008635317,46438.1700518119,7130271.423655371,daily_minutes
Rail,101009,scenario_3,23.463707001967123,1407.8224201180274,216161.7471263223,daily_minutes
Rail,101010,scenario_3,850.4876499633174,51029.25899779904,7835202.524052057,daily_minutes
Rail,101011,scenario_3,1231.199095123986,73871.94570743915,11342544.783739232,daily_minutes
Rail,101012,scenario_3,1399.6678400635356,83980.07040381213,12894579.943369327,daily_minutes
Rail,101013,scenario_3,603.3700437307707,36202.20262384624,5558606.8648740975,daily_minutes
Rail,101014,scenario_3,622.9583234866222,37377.499409197335,5739065.850952855,daily_minutes
Rail,101015,scenario_3,412.9189018507677,24775.134111046063,3804056.675190382,daily_minutes
Rail,101016,scenario_3,1032.480249780434,61948.81498682604,9511827.549127229,daily_minutes
Rail,101017,scenario_3,358.69274658957875,21521.564795374725,3304492.7972311527,daily_minutes
Rail,101018,scenario_3,34.281476577118156,2056.8885946270893,315821.5311143587,daily_minutes
Rail,101019,scenario_3,21.319329198202468,1279.159751892148,196406.45217136003,daily_minutes
Rail,101020,scenario_3,362.9810118714813,21778.86071228888,3343998.8699672087,daily_minutes
Rail,101021,scenario_3,317.80581334432645,19068.348800659587,2927817.8360159416,daily_minutes
Rail,101022,scenario_3,262.16189325648156,15729.713595388894,2415192.6578146615,daily_minutes
Rail,101023,scenario_3,1496.5778517723083,89794.6711063385,13787373.117237568,daily_minutes
Rail,101024,scenario_3,751.1067680895721,45066.40608537433,6919646.211701991,daily_minutes
Rail,101025,scenario_3,237.6448209762821,14258.689258576926,2189326.677726096,daily_minutes
Rail,101026,scenario_3,863.6014899193833,51816.089395163,7956015.086031309,daily_minutes
Rail,101027,scenario_3,1263.1165682811989,75786.99409687193,11636587.696947372,daily_minutes
Rail,101028,scenario_3,519.2503510733222,31155.021064399334,4783645.784298088,daily_minutes
Rail,101029,scenario_3,706.8880771775293,42413.28463065176,6512277.099805706,daily_minutes
Rail,101030,scenario_3,699.0814886510198,41944.889319061185,6440358.122346384,daily_minutes
Rail,101031,scenario_3,1064.5691403368692,63874.14842021215,9807449.66226744,daily_minutes
Rail,101032,scenario_3,87.82725732525432,5269.635439515259,809117.3908346379,daily_minutes
Rail,100000,scenario_4,415.5917099823127,24935.50259893876,3828680.1873830543,daily_minutes
Rail,100001,scenario_4,1316.3540541967086,78981.24325180252,12127043.359692598,daily_minutes
Rail,100002,scenario_4,489.1113828738453,29346.682972430717,4505987.525863587,daily_minutes
Rail,100003,scenario_4,152.18453865047195,9131.072319028317,1402015.280771338,daily_minutes
Rail,100004,scenario_4,167.90998241103807,10074.598944662284,1546887.503959929,daily_minutes
Rail,100005,scenario_4,500.42552763615095,30025.531658169057,4610220.215900804,daily_minutes
Rail,101000,scenario_4,541.4016397247979,32484.09838348787,4987716.746128673,daily_minutes
Rail,101001,scenario_4,1216.820293683806,73009.21762102837,11210078.63759143,daily_minutes
Rail,101002,scenario_4,525.3490637182986,31520.943823097914,4839830.784411197,daily_minutes
Rail,101003,scenario_4,503.5672815283033,30214.036891698197,4639163.937807647,daily_minutes
Rail,101004,scenario_4,129.30872694647405,7758.523616788443,1191269.5778670867,daily_minutes
Rail,101005,scenario_4,12.8707415898607,772.244495391642,118572.99397075069,daily_minutes
Rail,101006,scenario_4,363.2874103228314,21797.244619369885,3346821.5963401166,daily_minutes
Rail,101007,scenario_4,1020.9429083108262,61256.57449864957,9405538.637104316,daily_minutes
Rail,101008,scenario_4,560.2695910771436,33616.17546462861,5161539.634757292,daily_minutes
Rail,101009,scenario_4,16.890094248425157,1013.4056549055094,155601.6822730416,daily_minutes
Rail,101010,scenario_4,615.3495265364618,36920.97159218771,5668969.0481698075,daily_minutes
Rail,101011,scenario_4,907.4556253750998,54447.337522505986,8360025.694330644,daily_minutes
Rail,101012,scenario_4,1013.199780051873,60791.98680311238,9334204.293705884,daily_minutes
Rail,101013,scenario_4,437.1994599997997,26231.967599987984,4027743.745194155,daily_minutes
Rail,101014,scenario_4,450.3785355647269,27022.712133883615,4149157.296743603,daily_minutes
Rail,101015,scenario_4,301.85079711279104,18111.047826767463,2780830.6534812986,daily_minutes
Rail,101016,scenario_4,745.5119648357213,44730.71789014328,6868103.527245565,daily_minutes
Rail,101017,scenario_4,259.987514659726,15599.25087958356,2395160.977554192,daily_minutes
Rail,101018,scenario_4,24.75247910022881,1485.1487460137287,228034.68895876792,daily_minutes
Rail,101019,scenario_4,15.513774363200357,930.8264617920214,142922.1976984196,daily_minutes
Rail,101020,scenario_4,262.88739046252886,15773.243427751731,2421876.3733750936,daily_minutes
Rail,101021,scenario_4,229.428998057032,13765.73988342192,2113637.5875002127,daily_minutes
Rail,101022,scenario_4,188.65221473373825,11319.132884024295,1737977.3934560367,daily_minutes
Rail,101023,scenario_4,1083.579839238511,65014.790354310666,9982587.62696871,daily_minutes
Rail,101024,scenario_4,544.1349632938363,32648.09779763018,5012897.762840796,daily_minutes
Rail,101025,scenario_4,171.63941355542192,10298.364813325315,1581245.26132068,daily_minutes
Rail,101026,scenario_4,624.8349598128916,37490.0975887735,5756354.550772245,daily_minutes
Rail,101027,scenario_4,930.5745985984396,55834.475915906376,8573011.547047982,daily_minutes
Rail,101028,scenario_4,375.5929973384046,22535.579840304275,3460188.047279785,daily_minutes
Rail,101029,scenario_4,511.6202016830066,30697.212100980396,4713352.270024867,daily_minutes
Rail,101030,scenario_4,506.6699676115968,30400.19805669581,4667747.743618596,daily_minutes
Rail,101031,scenario_4,770.0157820244567,46200.9469214674,7093847.393478509,daily_minutes
Rail,101032,scenario_4,64.32110439932876,3859.2662639597256,592564.6063892561,daily_minutes
Rail,100000,scenario_5,608.2794977764061,36496.76986658436,5603835.701214918,daily_minutes
Rail,100001,scenario_5,1924.9191755294596,115495.15053176758,17733510.3964827,daily_minutes
Rail,100002,scenario_5,711.3769101917424,42682.61461150454,6553630.922832445,daily_minutes
Rail,100003,scenario_5,221.9481217702778,13316.887306216668,2044719.2666208616,daily_minutes
Rail,100004,scenario_5,245.85245598151232,14751.14735889074,2264940.3359752805,daily_minutes
Rail,100005,scenario_5,728.1279355684965,43687.67613410979,6707951.419218331,daily_minutes
Rail,101000,scenario_5,787.6759338914635,47260.55603348781,7256543.308568496,daily_minutes
Rail,101001,scenario_5,1768.1969597478237,106091.81758486942,16289691.3113728,daily_minutes
Rail,101002,scenario_5,766.627958432764,45997.67750596584,7062636.72985768,daily_minutes
Rail,101003,scenario_5,732.7089511314771,43962.537067888625,6750154.4831938455,daily_minutes
Rail,101004,scenario_5,188.41198056541907,11304.718833925144,1735764.2121569796,daily_minutes
Rail,101005,scenario_5,18.845413843788265,1130.724830627296,173615.25957728375,daily_minutes
Rail,101006,scenario_5,529.9575035393282,31797.45021235969,4882286.497106414,daily_minutes
Rail,101007,scenario_5,1485.5322939316466,89131.9376358988,13685614.811074683,daily_minutes
Rail,101008,scenario_5,815.149364427707,48908.96186566242,7509645.034726694,daily_minutes
Rail,101009,scenario_5,24.720735692957533,1483.244141577452,227742.24964494057,daily_minutes
Rail,101010,scenario_5,895.1214093128801,53707.28455877281,8246395.495435839,daily_minutes
Rail,101011,scenario_5,1322.315063764661,79338.90382587966,12181959.75643832,daily_minutes
Rail,101012,scenario_5,1473.8345862587084,88430.0751755225,13577848.509366976,daily_minutes
Rail,101013,scenario_5,634.8646419008801,38091.878514052805,5848753.999976047,daily_minutes
Rail,101014,scenario_5,655.9229518135617,39355.3771088137,6042755.785877618,daily_minutes
Rail,101015,scenario_5,440.572744760917,26434.36468565502,4058820.468384424,daily_minutes
Rail,101016,scenario_5,1087.562302150327,65253.73812901962,10019276.464790102,daily_minutes
Rail,101017,scenario_5,378.0325573165828,22681.95343899497,3482662.7375347507,daily_minutes
Rail,101018,scenario_5,36.096029663101945,2165.7617797861167,332538.2828742929,daily_minutes
Rail,101019,scenario_5,22.664101409922296,1359.8460845953377,208795.30064905013,daily_minutes
Rail,101020,scenario_5,382.1335255464219,22928.011532785313,3520443.3174489657,daily_minutes
Rail,101021,scenario_5,334.63911225002084,20078.34673500125,3082896.285514542,daily_minutes
Rail,101022,scenario_5,276.2271298249325,16573.62778949595,2544770.0562251727,daily_minutes
Rail,101023,scenario_5,1576.1452926794882,94568.71756076929,14520396.123339051,daily_minutes
Rail,101024,scenario_5,791.2730008522631,47476.380051135784,7289681.647651559,daily_minutes
Rail,101025,scenario_5,250.20944995879836,15012.566997527902,2305079.5786904255,daily_minutes
Rail,101026,scenario_5,908.950715663028,54537.04293978168,8373799.363117211,daily_minutes
Rail,101027,scenario_5,1356.1266442637134,81367.5986558228,12493452.322943889,daily_minutes
Rail,101028,scenario_5,546.5287900189433,32791.727401136595,5034951.130928516,daily_minutes
Rail,101029,scenario_5,744.9612388651149,44697.67433190689,6863029.909168757,daily_minutes
Rail,101030,scenario_5,736.2214292247809,44173.28575348685,6782513.538876216,daily_minutes
Rail,101031,scenario_5,1120.4983180344134,67229.8990820648,10322702.804723836,daily_minutes
Rail,101032,scenario_5,93.84551448227285,5630.730868936371,864561.1867193867,daily_minutes
Rail,100000,scenario_6,525.2932684321786,31517.596105930716,4839316.764758288,daily_minutes
Rail,100001,scenario_6,1665.0733661015838,99904.40196609503,15339654.89254745,daily_minutes
Rail,100002,scenario_6,621.0986070394574,37265.916422367445,5721933.027211705,daily_minutes
Rail,100003,scenario_6,192.86918608350243,11572.151165010146,1776826.663712874,daily_minutes
Rail,100004,scenario_6,212.1844600518816,12731.067603112895,1954770.5566739645,daily_minutes
Rail,100005,scenario_6,635.2794954776691,38116.76972866015,5852575.880037574,daily_minutes
Rail,101000,scenario_6,687.2083841144922,41232.50304686953,6330975.9594931705,daily_minutes
Rail,101001,scenario_6,1545.6171888212775,92737.03132927665,14239152.9137349,daily_minutes
Rail,101002,scenario_6,665.4191213806844,39925.14728284106,6130240.1976316925,daily_minutes
Rail,101003,scenario_6,639.2576186100123,38355.45711660074,5889224.737206599,daily_minutes
Rail,101004,scenario_6,162.40002148945496,9744.001289367297,1496126.4379737526,daily_minutes
Rail,101005,scenario_6,16.264345041912748,975.8607025147649,149836.90513312537,daily_minutes
Rail,101006,scenario_6,456.93268991508376,27415.961394905025,4209538.0991117,daily_minutes
Rail,101007,scenario_6,1296.041596369003,77762.49578214018,11939912.810709076,daily_minutes
Rail,101008,scenario_6,711.0539917787028,42663.239506722166,6550656.004660477,daily_minutes
Rail,101009,scenario_6,21.35024476055696,1281.0146856334177,196691.26488110705,daily_minutes
Rail,101010,scenario_6,781.2976873457592,46877.86124074555,7197783.07444154,daily_minutes
Rail,101011,scenario_6,1139.7723287006374,68386.33972203825,10500266.555387491,daily_minutes
Rail,101012,scenario_6,1286.1899010538546,77171.39406323127,11849153.08244874,daily_minutes
Rail,101013,scenario_6,555.793711592778,33347.62269556668,5120305.147419627,daily_minutes
Rail,101014,scenario_6,571.2850152234096,34277.100913404574,5263020.331247183,daily_minutes
Rail,101015,scenario_6,379.91395609975734,22794.83736598544,3499995.311964625,daily_minutes
Rail,101016,scenario_6,944.4811206658488,56668.86723995093,8701126.772246197,daily_minutes
Rail,101017,scenario_6,329.97174080608966,19798.30444836538,3039897.6593501815,daily_minutes
Rail,101018,scenario_6,31.373057556163985,1882.3834533698391,289027.4300419163,daily_minutes
Rail,101019,scenario_6,19.54852263132489,1172.9113578794934,180092.71959334365,daily_minutes
Rail,101020,scenario_6,333.8896359503342,20033.37815702005,3075991.6601560484,daily_minutes
Rail,101021,scenario_6,290.7450778404891,17444.704670429346,2678518.1041132896,daily_minutes
Rail,101022,scenario_6,238.39485370320472,14303.691222192283,2196236.429226144,daily_minutes
Rail,101023,scenario_6,1375.453814039669,82527.22884238014,12671505.807221854,daily_minutes
Rail,101024,scenario_6,690.7041484752772,41442.24890851663,6363181.0382433385,daily_minutes
Rail,101025,scenario_6,217.6056454578429,13056.338727470575,2004713.769344923,daily_minutes
Rail,101026,scenario_6,793.3114379783947,47598.68627870368,7308460.953519759,daily_minutes
Rail,101027,scenario_6,1168.936268367339,70136.17610204034,10768942.265960949,daily_minutes
Rail,101028,scenario_6,476.7801978806529,28606.811872839175,4392385.250995302,daily_minutes
Rail,101029,scenario_6,648.7748770495673,38926.49262297404,5976903.432306843,daily_minutes
Rail,101030,scenario_6,643.5730575224225,38614.38345134535,5928981.149731069,daily_minutes
Rail,101031,scenario_6,977.4449905335714,58646.699432014284,9004809.71978958,daily_minutes
Rail,101032,scenario_6,80.91868347923446,4855.121008754068,745471.4634207954,daily_minutes
Rail,100000,scenario_7,719.8403005242435,43190.41803145461,6631600.752609646,daily_minutes
Rail,100001,scenario_7,2277.3450936000154,136640.70561600092,20980269.4092995,daily_minutes
Rail,100002,scenario_7,839.9368514320231,50396.211085921386,7738002.237502656,daily_minutes
Rail,100003,scenario_7,262.32318045310967,15739.39082718658,2416678.532242318,daily_minutes
Rail,100004,scenario_7,290.99930529603444,17459.958317762066,2680860.1999702468,daily_minutes
Rail,100005,scenario_7,859.8636852741183,51591.8211164471,7921580.186956342,daily_minutes
Rail,101000,scenario_7,929.6864173393552,55781.18504036131,8564829.088380544,daily_minutes
Rail,101001,scenario_7,2085.2071412246296,125112.42847347778,19210179.30924602,daily_minutes
Rail,101002,scenario_7,905.998612507261,54359.91675043566,8346602.817584392,daily_minutes
Rail,101003,scenario_7,865.2651573797048,51915.909442782286,7971341.788876267,daily_minutes
Rail,101004,scenario_7,217.41207599644255,13044.724559786553,2002930.4913248268,daily_minutes
Rail,101005,scenario_7,22.306154441830586,1338.3692665098351,205497.67841080844,daily_minutes
Rail,101006,scenario_7,615.3206729631638,36919.24037778983,5668703.231740443,daily_minutes
Rail,101007,scenario_7,1754.3166550518072,105258.99930310843,16161817.616330275,daily_minutes
Rail,101008,scenario_7,961.8543201864376,57711.259211186254,8861179.110149575,daily_minutes
Rail,101009,scenario_7,29.25614220308489,1755.3685321850935,269525.13566013984,daily_minutes
Rail,101010,scenario_7,1056.9614272653853,63417.68563592312,9737362.844825087,daily_minutes
Rail,101011,scenario_7,1526.3545674423658,91581.27404654195,14061694.08801954,daily_minutes
Rail,101012,scenario_7,1739.2884217341634,104357.3053040498,16023368.514068153,daily_minutes
Rail,101013,scenario_7,749.1481002430228,44948.88601458137,6901601.78829887,daily_minutes
Rail,101014,scenario_7,774.6578000525769,46479.468003154616,7136612.448764369,daily_minutes
Rail,101015,scenario_7,512.9667898197804,30778.007389186823,4725757.847893708,daily_minutes
Rail,101016,scenario_7,1285.020672520055,77101.2403512033,11838381.447658258,daily_minutes
Rail,101017,scenario_7,445.5669142742845,26734.01485645707,4104829.7544432734,daily_minutes
Rail,101018,scenario_7,42.66055916150799,2559.6335496904794,393014.6673313085,daily_minutes
Rail,101019,scenario_7,26.51501210530114,1590.9007263180683,244272.2005212973,daily_minutes
Rail,101020,scenario_7,450.90071094238374,27054.042656543024,4153967.889627805,daily_minutes
Rail,101021,scenario_7,395.5283450762509,23731.700704575054,3643844.431849469,daily_minutes
Rail,101022,scenario_7,326.9531464418251,19617.188786509505,3012088.5569099574,daily_minutes
Rail,101023,scenario_7,1859.5889242094272,111575.33545256563,17131648.923171766,daily_minutes
Rail,101024,scenario_7,933.1371227860363,55988.22736716218,8596619.057378637,daily_minutes
Rail,101025,scenario_7,295.67278591795184,17740.36715507711,2723915.1075477228,daily_minutes
Rail,101026,scenario_7,1073.2742391070933,64396.4543464256,9887646.255198007,daily_minutes
Rail,101027,scenario_7,1566.0975891531125,93965.85534918675,14427830.649831964,daily_minutes
Rail,101028,scenario_7,645.4165247679484,38724.991486076906,5945964.276077201,daily_minutes
Rail,101029,scenario_7,878.7899682681455,52727.39809608873,8095940.461667116,daily_minutes
Rail,101030,scenario_7,868.1715598802984,52090.29359281791,7998117.312553237,daily_minutes
Rail,101031,scenario_7,1323.261544462148,79395.69266772889,12190679.304511985,daily_minutes
Rail,101032,scenario_7,109.05678626893496,6543.407176136097,1004696.54918119,daily_minutes
Rail,100000,scenario_8,471.4841890354801,28289.051342128805,4343595.239908264,daily_minutes
Rail,100001,scenario_8,1493.1399463017442,89588.39677810465,13755701.069299448,daily_minutes
Rail,100002,scenario_8,554.3545128245823,33261.27076947494,5107046.384847747,daily_minutes
Rail,100003,scenario_8,172.5449644088876,10352.697864533257,1589587.7391133178,daily_minutes
Rail,100004,scenario_8,190.47378722830763,11428.427233698458,1754758.8122195068,daily_minutes
Rail,100005,scenario_8,567.2152149676913,34032.91289806148,5225526.889411353,daily_minutes
Rail,101000,scenario_8,613.8831038574208,36832.98623144525,5655459.482596874,daily_minutes
Rail,101001,scenario_8,1379.975041393489,82798.50248360934,12713158.066341655,daily_minutes
Rail,101002,scenario_8,595.8551082928898,35751.30649757339,5489374.770659076,daily_minutes
Rail,101003,scenario_8,570.7839134931855,34247.03480959113,5258403.881447321,daily_minutes
Rail,101004,scenario_8,149.2644879658692,8955.869277952152,1375114.0218343665,daily_minutes
Rail,101005,scenario_8,14.600270334878587,876.0162200927152,134506.45048710247,daily_minutes
Rail,101006,scenario_8,417.6140545149683,25056.843270898098,3847311.238624597,daily_minutes
Rail,101007,scenario_8,1157.2101532976158,69432.60919785695,10660914.258269614,daily_minutes
Rail,101008,scenario_8,635.4300849636566,38125.80509781939,5853963.200736182,daily_minutes
Rail,101009,scenario_8,19.159794537226844,1149.5876722336106,176511.52315365602,daily_minutes
Rail,101010,scenario_8,697.459381486995,41847.5628892197,6425414.29788709,daily_minutes
Rail,101011,scenario_8,1047.2704083025235,62836.22449815141,9648083.363527829,daily_minutes
Rail,101012,scenario_8,1148.9319377223728,68935.91626334237,10584650.36946113,daily_minutes
Rail,101013,scenario_8,495.40688821273943,29724.413292764366,4563985.498348683,daily_minutes
Rail,101014,scenario_8,510.6611801743493,30639.670810460957,4704517.18847421,daily_minutes
Rail,101015,scenario_8,346.3381523271164,20780.289139626984,3190674.8621287923,daily_minutes
Rail,101016,scenario_8,845.5892161806114,50735.352970836684,7790075.2129855,daily_minutes
Rail,101017,scenario_8,295.03393382825743,17702.036029695446,2718029.6187862046,daily_minutes
Rail,101018,scenario_8,28.065332055099137,1683.9199233059483,258554.67809080624,daily_minutes
Rail,101019,scenario_8,17.741779073083308,1064.5067443849985,163447.91388868727,daily_minutes
Rail,101020,scenario_8,298.02323238056124,17881.393942833674,2745568.8306291583,daily_minutes
Rail,101021,scenario_8,260.1329727172779,15607.978363036673,2396501.0244551944,daily_minutes
Rail,101022,scenario_8,214.00583348274083,12840.35000896445,1971550.1415430985,daily_minutes
Rail,101023,scenario_8,1228.9586381991685,73737.51829195011,11321904.350273658,daily_minutes
Rail,101024,scenario_8,617.2733577569743,37036.40146541846,5686692.535671901,daily_minutes
Rail,101025,scenario_8,194.60344417094169,11676.206650256501,1792803.6897692168,daily_minutes
Rail,101026,scenario_8,708.2298799535129,42493.79279721077,6524638.592059732,daily_minutes
Rail,101027,scenario_8,1073.630691120983,64417.841467258986,9890930.105021168,daily_minutes
Rail,101028,scenario_8,425.7268338282447,25543.610029694682,3922051.0293260873,daily_minutes
Rail,101029,scenario_8,580.5801058570505,34834.80635142303,5348652.283218663,daily_minutes
Rail,101030,scenario_8,574.5947994530143,34475.68796718086,5293512.049440839,daily_minutes
Rail,101031,scenario_8,872.7999994714992,52367.99996828995,8040757.275131132,daily_minutes
Rail,101032,scenario_8,73.89590589003637,4433.7543534021825,680773.4226025491,daily_minutes
Rail,100000,scenario_9,774.7610931237723,46485.66558742634,7137564.046512064,daily_minutes
Rail,100001,scenario_9,2451.7914093018917,147107.4845581135,22587373.53733461,daily_minutes
Rail,100002,scenario_9,905.2265067319532,54313.590403917195,8339489.715918791,daily_minutes
Rail,100003,scenario_9,282.5669719696598,16954.018318179587,2603176.485967688,daily_minutes
Rail,100004,scenario_9,313.2096500397456,18792.579002384737,2885475.2219561604,daily_minutes
Rail,100005,scenario_9,926.6335321109073,55598.011926654435,8536704.077924943,daily_minutes
Rail,101000,scenario_9,1001.5044460396456,60090.266762378735,9226459.85958484,daily_minutes
Rail,101001,scenario_9,2246.109716006089,134766.58296036534,20692510.369677693,daily_minutes
Rail,101002,scenario_9,975.5382718483888,58532.29631090333,8987243.883230466,daily_minutes
Rail,101003,scenario_9,932.4408136626153,55946.448819756915,8590204.239948208,daily_minutes
Rail,101004,scenario_9,229.73835957849224,13784.301574709534,2116487.6114528175,daily_minutes
Rail,101005,scenario_9,24.008595530191087,1440.5157318114652,221181.5871814384,daily_minutes
Rail,101006,scenario_9,653.1714870731812,39190.28922439087,6017407.641810388,daily_minutes
Rail,101007,scenario_9,1890.5341770251837,113432.05062151102,17416735.159262203,daily_minutes
Rail,101008,scenario_9,1035.9083223284688,62154.49933970813,9543409.01028325,daily_minutes
Rail,101009,scenario_9,31.49168405540695,1889.501043324417,290120.28852884204,daily_minutes
Rail,101010,scenario_9,1139.065741145605,68343.9444687363,10493757.046878,daily_minutes
Rail,101011,scenario_9,1613.2902435024007,96797.41461014404,14862597.697290216,daily_minutes
Rail,101012,scenario_9,1873.5914859552868,112415.4891573172,17260648.923511673,daily_minutes
Rail,101013,scenario_9,807.6062260687322,48456.37356412393,7440153.118280802,daily_minutes
Rail,101014,scenario_9,834.4679159561201,50068.07495736721,7687619.122537351,daily_minutes
Rail,101015,scenario_9,545.630534859476,32737.83209156856,5026675.865446409,daily_minutes
Rail,101016,scenario_9,1383.6647563836011,83019.88538301607,12747149.934659565,daily_minutes
Rail,101017,scenario_9,479.577159621258,28774.62957727548,4418152.540726801,daily_minutes
Rail,101018,scenario_9,45.95418367386446,2757.251020431868,423357.5125138437,daily_minutes
Rail,101019,scenario_9,28.301626968357596,1698.0976181014557,260731.56860869116,daily_minutes
Rail,101020,scenario_9,485.820410033004,29149.22460198024,4475669.109470052,daily_minutes
Rail,101021,scenario_9,426.04503208799,25562.7019252794,3924982.462613816,daily_minutes
Rail,101022,scenario_9,351.9074039460247,21114.444236761483,3241982.149593147,daily_minutes
Rail,101023,scenario_9,2002.8718443712132,120172.3106622728,18451657.15345424,daily_minutes
Rail,101024,scenario_9,1004.7462763388758,60284.776580332546,9256325.545399526,daily_minutes
Rail,101025,scenario_9,318.52470324837486,19111.48219490249,2934440.681145978,daily_minutes
Rail,101026,scenario_9,1156.6108512699866,69396.6510761992,10655393.128409876,daily_minutes
Rail,101027,scenario_9,1655.8536823313043,99351.22093987826,15254717.633845372,daily_minutes
Rail,101028,scenario_9,695.5171564818447,41731.02938891068,6407521.355804643,daily_minutes
Rail,101029,scenario_9,945.857859152602,56751.47154915612,8713810.113229262,daily_minutes
Rail,101030,scenario_9,935.1216947079374,56107.301682476245,8614902.124666344,daily_minutes
Rail,101031,scenario_9,1425.981484842414,85558.88909054484,13136997.02725922,daily_minutes
Rail,101032,scenario_9,115.83951748613616,6950.3710491681695,1067183.138792778,daily_minutes
Rail,100000,scenario_10,683.5169830659725,41011.01898395835,6296968.558193577,daily_minutes
Rail,100001,scenario_10,2162.4459908802673,129746.75945281604,19921749.93558355,daily_minutes
Rail,100002,scenario_10,796.3286786436365,47779.72071861819,7336257.584872365,daily_minutes
Rail,100003,scenario_10,248.89487902322435,14933.69274139346,2292968.9624893563,daily_minutes
Rail,100004,scenario_10,276.39709132503776,16583.825479502266,2546335.843541043,daily_minutes
Rail,100005,scenario_10,815.3426495075255,48920.55897045153,7511425.692853029,daily_minutes
Rail,101000,scenario_10,880.5311095952784,52831.866575716704,8111980.900257461,daily_minutes
Rail,101001,scenario_10,1972.5094406484711,118350.56643890827,18171940.472918104,daily_minutes
Rail,101002,scenario_10,859.1271788834565,51547.63073300739,7914795.048181731,daily_minutes
Rail,101003,scenario_10,820.439813719131,49226.38882314786,7558383.827868866,daily_minutes
Rail,101004,scenario_10,194.9583844501758,11697.503067010548,1796073.6125856894,daily_minutes
Rail,101005,scenario_10,21.186834971114877,1271.2100982668926,195185.8358548929,daily_minutes
Rail,101006,scenario_10,559.7935583868675,33587.61350321205,5157154.135994855,daily_minutes
Rail,101007,scenario_10,1663.49864817856,99809.9188907136,15325147.6462098,daily_minutes
Rail,101008,scenario_10,910.411886018468,54624.71316110808,8387260.541133738,daily_minutes
Rail,101009,scenario_10,27.786049715577978,1667.1629829346787,255981.76160973363,daily_minutes
Rail,101010,scenario_10,1002.1157185693592,60126.94311416155,9232091.268892078,daily_minutes
Rail,101011,scenario_10,1369.79826790886,82187.8960745316,12619403.522937164,daily_minutes
Rail,101012,scenario_10,1646.9530580818246,98817.18348490947,15172719.742884615,daily_minutes
Rail,101013,scenario_10,709.8869155644934,42593.2149338696,6539904.1983294515,daily_minutes
Rail,101014,scenario_10,734.2774503390392,44056.64702034235,6764604.438993433,daily_minutes
Rail,101015,scenario_10,469.6800677021092,28180.804062126554,4326974.591712452,daily_minutes
Rail,101016,scenario_10,1218.2353775024822,73094.12265014893,11223115.238779368,daily_minutes
Rail,101017,scenario_10,420.78309773009096,25246.985863805457,3876506.3661482353,daily_minutes
Rail,101018,scenario_10,40.47728791239206,2428.6372747435234,372901.062621703,daily_minutes
Rail,101019,scenario_10,24.543160756424182,1472.589645385451,226106.32278463343,daily_minutes
Rail,101020,scenario_10,426.97218253614847,25618.330952168908,3933523.928832521,daily_minutes
Rail,101021,scenario_10,375.2975104967773,22517.85062980664,3457465.84520261,daily_minutes
Rail,101022,scenario_10,310.54993308380654,18632.995985028392,2860972.313527876,daily_minutes
Rail,101023,scenario_10,1760.008463811857,105600.50782871142,16214253.973713111,daily_minutes
Rail,101024,scenario_10,882.2824462333956,52936.946774003736,8128115.26416978,daily_minutes
Rail,101025,scenario_10,280.51500134464004,16830.900080678402,2584272.5013876306,daily_minutes
Rail,101026,scenario_10,1017.5249082862574,61051.494497175445,9374049.970077977,daily_minutes
Rail,101027,scenario_10,1406.977031520917,84418.62189125502,12961916.6005896,daily_minutes
Rail,101028,scenario_10,611.9890962858335,36719.34577715001,5638010.74844287,daily_minutes
Rail,101029,scenario_10,830.8745969434531,49852.475816607184,7654515.311801255,daily_minutes
Rail,101030,scenario_10,821.1268295684131,49267.609774104785,7564713.030081962,daily_minutes
Rail,101031,scenario_10,1254.7620483297942,75285.72289978765,11559620.84644306,daily_minutes
Rail,101032,scenario_10,99.41552893719928,5964.931736231957,915875.501886842,daily_minutes
Rail,100000,scenario_11,519.8297222574765,31189.783335448592,4788983.299269228,daily_minutes
Rail,100001,scenario_11,1646.591081301347,98795.46487808082,15169384.995596789,daily_minutes
Rail,100002,scenario_11,611.6104851365235,36696.62910819141,5634522.755368736,daily_minutes
Rail,100003,scenario_11,190.33709316255408,11420.225589753245,1753499.5044693456,daily_minutes
Rail,100004,scenario_11,210.05953397753183,12603.57203865191,1935194.4627214095,daily_minutes
Rail,100005,scenario_11,625.7843477726638,37547.060866359825,5765100.882290442,daily_minutes
Rail,101000,scenario_11,676.6084306776611,40596.505840659665,6233322.82846102,daily_minutes
Rail,101001,scenario_11,1519.8246224403556,91189.47734642134,14001536.31669402,daily_minutes
Rail,101002,scenario_11,656.8064663768309,39408.38798260986,6050895.252143192,daily_minutes
Rail,101003,scenario_11,629.7022861421065,37782.13716852639,5801195.281312769,daily_minutes
Rail,101004,scenario_11,157.0737937927479,9424.427627564874,1447058.0326950692,daily_minutes
Rail,101005,scenario_11,16.101658248902822,966.0994949341693,148338.13678384214,daily_minutes
Rail,101006,scenario_11,444.45663007899566,26667.39780473974,4094601.150265755,daily_minutes
Rail,101007,scenario_11,1276.6947676301716,76601.6860578103,11761678.216269718,daily_minutes
Rail,101008,scenario_11,699.9416224658198,41996.49734794919,6448282.191128612,daily_minutes
Rail,101009,scenario_11,21.128934240419767,1267.736054425186,194652.4195832911,daily_minutes
Rail,101010,scenario_11,769.4697483559576,46168.184901357454,7088817.003704094,daily_minutes
Rail,101011,scenario_11,1102.7273512443498,66163.64107466099,10158985.996073697,daily_minutes
Rail,101012,scenario_11,1266.0739728053304,75964.43836831982,11663833.081866387,daily_minutes
Rail,101013,scenario_11,546.6322116732408,32797.93270039445,5035903.913260899,daily_minutes
Rail,101014,scenario_11,563.0475080331016,33782.8504819861,5187131.472505752,daily_minutes
Rail,101015,scenario_11,370.4844804048698,22229.06882429219,3413125.3241779036,daily_minutes
Rail,101016,scenario_11,931.9488036990006,55916.928221940034,8585671.548957413,daily_minutes
Rail,101017,scenario_11,324.4335386991661,19466.012321949966,2988876.4186199377,daily_minutes
Rail,101018,scenario_11,30.95687369505322,1857.412421703193,285193.29460304725,daily_minutes
Rail,101019,scenario_11,19.147330411280564,1148.8398246768338,176396.6961469633,daily_minutes
Rail,101020,scenario_11,328.54026575486205,19712.415945291723,3026710.052293242,daily_minutes
Rail,101021,scenario_11,286.945787986122,17216.74727916732,2643516.7664009477,daily_minutes
Rail,101022,scenario_11,236.00772765478905,14160.463659287343,2174244.7917925096,daily_minutes
Rail,101023,scenario_11,1353.6593033572644,81219.55820143587,12470721.698109131,daily_minutes
Rail,101024,scenario_11,679.4298839330731,40765.79303598439,6259315.74872183,daily_minutes
Rail,101025,scenario_11,214.65628092292172,12879.376855375303,1977542.4536305089,daily_minutes
Rail,101026,scenario_11,781.3051404715443,46878.30842829266,7197851.737108148,daily_minutes
Rail,101027,scenario_11,1131.4132949114137,67884.79769468482,10423258.120700888,daily_minutes
Rail,101028,scenario_11,469.6761305232503,28180.56783139502,4326938.320058496,daily_minutes
Rail,101029,scenario_11,638.7446991602847,38324.68194961708,5884499.415484038,daily_minutes
Rail,101030,scenario_11,632.8093024512418,37968.55814707451,5829818.97976231,daily_minutes
Rail,101031,scenario_11,962.9067009310384,57774.4020558623,8870874.272997282,daily_minutes
Rail,101032,scenario_11,78.77200233944313,4726.320140366588,725694.9487523538,daily_minutes
Rail,100000,scenario_12,845.547330272253,50732.83981633518,7789689.334866158,daily_minutes
Rail,100001,scenario_12,2676.6659073512565,160599.9544410754,24659052.338064183,daily_minutes
Rail,100002,scenario_12,989.225277249032,59353.51663494192,9113336.78918443,daily_minutes
Rail,100003,scenario_12,308.6457396189362,18518.744377136172,2843429.7408134113,daily_minutes
Rail,100004,scenario_12,341.87539167403884,20512.52350044233,3149561.23333625,daily_minutes
Rail,100005,scenario_12,1012.568284384368,60754.09706306208,9328386.576719427,daily_minutes
Rail,101000,scenario_12,1093.3387416084006,65600.32449650404,10072492.49094155,daily_minutes
Rail,101001,scenario_12,2450.6298285762023,147037.78971457214,22576672.35874112,daily_minutes
Rail,101002,scenario_12,1064.761525972688,63885.691558361286,9809222.034175986,daily_minutes
Rail,101003,scenario_12,1018.882284394771,61132.93706368626,9386554.933215266,daily_minutes
Rail,101004,scenario_12,238.98042666098627,14338.825599659176,2201631.078657002,daily_minutes
Rail,101005,scenario_12,26.205944951376296,1572.3566970825777,241424.88845904925,daily_minutes
Rail,101006,scenario_12,687.7869539300009,41267.21723580005,6336306.091775525,daily_minutes
Rail,101007,scenario_12,2065.8470204352343,123950.82122611406,19031822.26046164,daily_minutes
Rail,101008,scenario_12,1130.2518042086158,67815.10825251695,10412557.771452293,daily_minutes
Rail,101009,scenario_12,34.37531987832335,2062.519192699401,316686.0719110417,daily_minutes
Rail,101010,scenario_12,1244.7162727991235,74682.97636794741,11467073.134789204,daily_minutes
Rail,101011,scenario_12,1679.3064919908793,100758.38951945276,15470778.988115173,daily_minutes
Rail,101012,scenario_12,2045.0836819012477,122705.02091407486,18840537.92788343,daily_minutes
Rail,101013,scenario_12,882.7705967465154,52966.23580479092,8132612.399586948,daily_minutes
Rail,101014,scenario_12,911.2159768819548,54672.95861291729,8394668.308622696,daily_minutes
Rail,101015,scenario_12,577.6485605040798,34658.91363024479,5321645.128499885,daily_minutes
Rail,101016,scenario_12,1510.0633989532362,90603.80393719417,13911610.069196584,daily_minutes
Rail,101017,scenario_12,522.3897218227357,31343.383309364144,4812567.551264135,daily_minutes
Rail,101018,scenario_12,50.19456451732549,3011.6738710395293,462422.4450723128,daily_minutes
Rail,101019,scenario_12,30.237202580770827,1814.2321548462496,278563.2524956093,daily_minutes
Rail,101020,scenario_12,530.4965960026166,31829.795760156994,4887252.940333704,daily_minutes
Rail,101021,scenario_12,465.3509408632672,27921.056451796034,4287092.077796934,daily_minutes
Rail,101022,scenario_12,384.1117340405035,23046.70404243021,3538667.761021542,daily_minutes
Rail,101023,scenario_12,2185.285365557662,131117.1219334597,20132159.958736517,daily_minutes
Rail,101024,scenario_12,1095.4897423385555,65729.38454031333,10092308.800268175,daily_minutes
Rail,101025,scenario_12,347.937050390261,20876.22302341566,3205404.8704253184,daily_minutes
Rail,101026,scenario_12,1263.809689891263,75828.58139347578,11642973.149092246,daily_minutes
Rail,101027,scenario_12,1725.1705797312752,103510.23478387651,15893306.482832346,daily_minutes
Rail,101028,scenario_12,759.9928872227756,45599.57323336654,7001510.472828543,daily_minutes
Rail,101029,scenario_12,1030.6799804329785,61840.79882597871,9495242.387736855,daily_minutes
Rail,101030,scenario_12,1020.2094246486084,61212.565478916506,9398781.345517771,daily_minutes
Rail,101031,scenario_12,1558.1786081433384,93490.7164886003,14354876.245381316,daily_minutes
Rail,101032,scenario_12,122.18618038097338,7331.170822858403,1125652.4053777554,daily_minutes
Rail,100000,scenario_13,533.9311848500874,32035.871091005247,4918894.433549915,daily_minutes
Rail,100001,scenario_13,1691.043933741239,101462.63602447434,15578911.343984537,daily_minutes
Rail,100002,scenario_13,628.1838148554089,37691.02889132453,5787206.212736939,daily_minutes
Rail,100003,scenario_13,195.47802956897797,11728.681774138679,1800860.895207166,daily_minutes
Rail,100004,scenario_13,215.711565526326,12942.69393157956,1987264.3685678309,daily_minutes
Rail,100005,scenario_13,642.716051451338,38562.96308708028,5921085.895600596,daily_minutes
Rail,101000,scenario_13,695.5662040412644,41733.972242475866,6407973.211350553,daily_minutes
Rail,101001,scenario_13,1563.6250125725635,93817.50075435381,14405051.790826,daily_minutes
Rail,101002,scenario_13,674.960431027408,40497.62586164448,6218140.466883099,daily_minutes
Rail,101003,scenario_13,646.7574339985658,38805.44603991395,5958317.536455187,daily_minutes
Rail,101004,scenario_13,168.5722567875855,10114.33540725513,1552988.7728813102,daily_minutes
Rail,101005,scenario_13,16.53483702342055,992.090221405233,152328.83956196415,daily_minutes
Rail,101006,scenario_13,471.94456292586983,28316.67377555219,4347836.480410868,daily_minutes
Rail,101007,scenario_13,1311.2406354507038,78674.43812704223,12079935.478153154,daily_minutes
Rail,101008,scenario_13,719.9361560940961,43196.169365645765,6632483.831632469,daily_minutes
Rail,101009,scenario_13,21.698435656217043,1301.9061393730226,199899.00832646512,daily_minutes
Rail,101010,scenario_13,790.3130857348369,47418.785144090216,7280838.333640758,daily_minutes
Rail,101011,scenario_13,1182.7769763807592,70966.61858284555,10896451.17260538,daily_minutes
Rail,101012,scenario_13,1301.7706535041143,78106.23921024686,11992692.322472002,daily_minutes
Rail,101013,scenario_13,561.4713947276105,33688.28368365663,5172611.371067584,daily_minutes
Rail,101014,scenario_13,578.5567357718755,34713.40414631253,5330011.78397198,daily_minutes
Rail,101015,scenario_13,391.51152044337505,23490.691226602503,3606839.033236637,daily_minutes
Rail,101016,scenario_13,957.8632838964186,57471.797033785115,8824411.289224146,daily_minutes
Rail,101017,scenario_13,334.25858599740604,20055.515159844363,3079390.6493597026,daily_minutes
Rail,101018,scenario_13,31.794758081436157,1907.6854848861694,292912.3883010387,daily_minutes
Rail,101019,scenario_13,20.066486485797213,1203.9891891478328,184864.5133990554,daily_minutes
Rail,101020,scenario_13,337.7167490343054,20263.004942058324,3111249.3221534416,daily_minutes
Rail,101021,scenario_13,294.70138537089224,17682.083122253534,2714965.9828678817,daily_minutes
Rail,101022,scenario_13,242.35998363497492,14541.599018098495,2232765.5852355696,daily_minutes
Rail,101023,scenario_13,1392.379988396162,83542.79930376972,12827439.88109848,daily_minutes
Rail,101024,scenario_13,699.3615890085421,41961.695340512524,6442938.574900094,daily_minutes
Rail,101025,scenario_13,220.47054859792843,13228.232915875706,2031106.976013275,daily_minutes
Rail,101026,scenario_13,802.5110100249658,48150.66060149795,7393212.930956,daily_minutes
Rail,101027,scenario_13,1212.6026663640805,72756.15998184483,11171223.324145729,daily_minutes
Rail,101028,scenario_13,482.39289042751625,28943.573425650975,4444092.742352536,daily_minutes
Rail,101029,scenario_13,657.6819963693415,39460.91978216049,6058961.159752195,daily_minutes
Rail,101030,scenario_13,651.0871482669754,39065.228896018525,5998205.462124337,daily_minutes
Rail,101031,scenario_13,988.9709474225236,59338.25684535142,9110993.750224745,daily_minutes
Rail,101032,scenario_13,83.51753045121586,5011.051827072952,769413.6010348712,daily_minutes
Rail,100000,scenario_14,588.5345555265521,35312.07333159313,5421933.446243914,daily_minutes
Rail,100001,scenario_14,1863.2839272816416,111797.0356368985,17165689.50847485,daily_minutes
Rail,100002,scenario_14,690.1495741725157,41408.97445035094,6358071.967021718,daily_minutes
Rail,100003,scenario_14,215.0843700408805,12905.06220245283,1981486.2674386152,daily_minutes
Rail,100004,scenario_14,237.8605924288786,14271.635545732715,2191314.4938102867,daily_minutes
Rail,100005,scenario_14,706.2931491374839,42377.58894824903,6506796.265743984,daily_minutes
Rail,101000,scenario_14,763.7147216001686,45822.88329601011,7035798.2442137115,daily_minutes
Rail,101001,scenario_14,1714.6009688338236,102876.05813002941,15795932.885478482,daily_minutes
Rail,101002,scenario_14,742.4976079066691,44549.85647440015,6840333.462600981,daily_minutes
Rail,101003,scenario_14,710.7228176116987,42643.36905670192,6547605.029529535,daily_minutes
Rail,101004,scenario_14,178.51299972528795,10710.779983517277,1644568.8612691876,daily_minutes
Rail,101005,scenario_14,18.232771301270983,1093.966278076259,167971.22889008909,daily_minutes
Rail,101006,scenario_14,504.6700105110649,30280.200630663894,4649322.938834236,daily_minutes
Rail,101007,scenario_14,1440.9660367210672,86457.96220326403,13275043.709896505,daily_minutes
Rail,101008,scenario_14,790.1250843445087,47407.50506067052,7279106.35203222,daily_minutes
Rail,101009,scenario_14,23.920578153964016,1435.234689237841,220370.7183012089,daily_minutes
Rail,101010,scenario_14,868.3567379732849,52101.404278397094,7999823.284252684,daily_minutes
Rail,101011,scenario_14,1253.1818762381954,75190.91257429172,11545063.353032,daily_minutes
Rail,101012,scenario_14,1428.9803756694382,85738.8225401663,13164624.608892266,daily_minutes
Rail,101013,scenario_14,616.321791801849,36979.30750811094,5677926.139153713,daily_minutes
Rail,101014,scenario_14,635.8416557908058,38150.49934744835,5857754.838138377,daily_minutes
Rail,101015,scenario_14,420.50962008637725,25230.577205182635,3873986.926007759,daily_minutes
Rail,101016,scenario_14,1053.384452062899,63203.067123773944,9704409.603074664,daily_minutes
Rail,101017,scenario_14,366.2033088982207,21972.198533893243,3373684.603555748,daily_minutes
Rail,101018,scenario_14,34.9802623748983,2098.815742493898,322259.16515498806,daily_minutes
Rail,101019,scenario_14,21.717655309053953,1303.0593185432372,200076.07130019044,daily_minutes
Rail,101020,scenario_14,370.66311555305583,22239.78693318335,3414771.018344082,daily_minutes
Rail,101021,scenario_14,324.272769800853,19456.36618805118,2987395.319067338,daily_minutes
Rail,101022,scenario_14,267.2452133496554,16034.712800979323,2462023.252505035,daily_minutes
Rail,101023,scenario_14,1527.8916196644495,91673.49717986697,14075854.335320706,daily_minutes
Rail,101024,scenario_14,766.8487282792994,46010.92369675796,7064670.594145874,daily_minutes
Rail,101025,scenario_14,242.509825833622,14550.58955001732,2234146.021474826,daily_minutes
Rail,101026,scenario_14,881.7356294016281,52904.137764097686,8123077.659425438,daily_minutes
Rail,101027,scenario_14,1285.7006805975907,77142.04083585544,11844646.090073364,daily_minutes
Rail,101028,scenario_14,530.1205578386216,31807.233470317296,4883788.6511440845,daily_minutes
Rail,101029,scenario_14,721.4525293906263,43287.15176343758,6646453.572264083,daily_minutes
Rail,101030,scenario_14,713.8942668517266,42833.656011103594,6576822.322798216,daily_minutes
Rail,101031,scenario_14,1086.8454354862042,65210.72612917225,10012672.258960204,daily_minutes
Rail,101032,scenario_14,89.4321302334647,5365.927814007882,823902.4429888169,daily_minutes
Rail,100000,scenario_15,406.8112851271581,24408.677107629486,3747789.645362456,daily_minutes
Rail,100001,scenario_15,1288.9601145743943,77337.60687446366,11874673.951528069,daily_minutes
Rail,100002,scenario_15,480.0749204068925,28804.49522441355,4422738.211740538,daily_minutes
Rail,100003,scenario_15,149.18123467759142,8950.874080655485,1374347.0425907786,daily_minutes
Rail,100004,scenario_15,164.2968121846061,9857.808731076366,1513600.811931902,daily_minutes
Rail,100005,scenario_15,491.0898855209307,29465.39313125584,4524214.679350126,daily_minutes
Rail,101000,scenario_15,531.7646375546465,31905.878253278788,4898934.899935936,daily_minutes
Rail,101001,scenario_15,1196.6862151930327,71801.17291158196,11024591.426087333,daily_minutes
Rail,101002,scenario_15,515.1486164271628,30908.916985629767,4745858.143696879,daily_minutes
Rail,101003,scenario_15,494.18246827519033,29650.94809651142,4552705.407232018,daily_minutes
Rail,101004,scenario_15,131.83286533353385,7909.971920012031,1214523.4551717138,daily_minutes
Rail,101005,scenario_15,12.59365024566796,755.6190147400777,116020.26225324064,daily_minutes
Rail,101006,scenario_15,366.8016922572642,22008.101535435853,3379197.270089272,daily_minutes
Rail,101007,scenario_15,1001.886354962975,60113.1812977785,9229978.233731903,daily_minutes
Rail,101008,scenario_15,550.5664700011184,33033.988200067106,5072148.661532303,daily_minutes
Rail,101009,scenario_15,16.530752078637306,991.8451247182384,152291.20659965405,daily_minutes
Rail,101010,scenario_15,603.9497970839438,36236.98782503663,5563947.90061554,daily_minutes
Rail,101011,scenario_15,924.6916693190724,55481.50015914434,8518814.472768886,daily_minutes
Rail,101012,scenario_15,995.4341997732844,59726.05198639706,9170537.10883136,daily_minutes
Rail,101013,scenario_15,429.4318742752148,25765.912456512888,3956184.084947843,daily_minutes
Rail,101014,scenario_15,441.9907458365197,26519.44475019118,4071883.945093521,daily_minutes
Rail,101015,scenario_15,303.4249211927381,18205.495271564287,2795332.428980219,daily_minutes
Rail,101016,scenario_15,731.2502756078975,43875.01653647385,6736716.289065315,daily_minutes
Rail,101017,scenario_15,255.9284096111951,15355.704576671706,2357766.0663840957,daily_minutes
Rail,101018,scenario_15,24.26698657671659,1456.0191946029954,223562.04053665925,daily_minutes
Rail,101019,scenario_15,15.474670728050114,928.4802436830068,142561.95154923448,daily_minutes
Rail,101020,scenario_15,258.2785180409919,15496.711082459515,2379416.6753044417,daily_minutes
Rail,101021,scenario_15,224.8965662082337,13493.793972494022,2071882.1058499736,daily_minutes
Rail,101022,scenario_15,184.59388526279508,11075.633115767705,1700589.6273720255,daily_minutes
Rail,101023,scenario_15,1065.0084784954306,63900.50870972584,9811497.108987004,daily_minutes
Rail,101024,scenario_15,535.1885400543033,32111.312403258198,4930477.944104275,daily_minutes
Rail,101025,scenario_15,168.3015227555734,10098.091365334403,1550494.6085379953,daily_minutes
Rail,101026,scenario_15,613.2800533493137,36796.80320095882,5649903.819485887,daily_minutes
Rail,101027,scenario_15,947.5819779216909,56854.91867530145,8729693.729801368,daily_minutes
Rail,101028,scenario_15,368.5800468325324,22114.802809951943,3395580.5394493877,daily_minutes
Rail,101029,scenario_15,503.07051033273456,30184.230619964073,4634587.38349135,daily_minutes
Rail,101030,scenario_15,498.2990384648074,29897.942307888443,4590629.721760884,daily_minutes
Rail,101031,scenario_15,755.6216545223797,45337.29927134278,6961240.054452876,daily_minutes
Rail,101032,scenario_15,64.85339884556015,3891.203930733609,597468.4222046074,daily_minutes
Rail,100000,scenario_16,636.2645204226865,38175.87122536119,5861650.520846041,daily_minutes
Rail,100001,scenario_16,2013.5919421514263,120815.51652908558,18550417.12626423,daily_minutes
Rail,100002,scenario_16,744.1794366340328,44650.766198041965,6855827.47793469,daily_minutes
Rail,100003,scenario_16,232.17892812093487,13930.735687256092,2138971.5932069244,daily_minutes
Rail,100004,scenario_16,257.1783652146696,15430.701912880177,2369281.407376665,daily_minutes
Rail,100005,scenario_16,761.715401411042,45702.92408466252,7017379.307039365,daily_minutes
Rail,101000,scenario_16,823.6844526590139,49421.067159540835,7588275.388566431,daily_minutes
Rail,101001,scenario_16,1848.470219697636,110908.21318185815,17029216.74598644,daily_minutes
Rail,101002,scenario_16,801.7598042647442,48105.58825588465,7386292.372769382,daily_minutes
Rail,101003,scenario_16,766.4989789705287,45989.93873823172,7061448.493663892,daily_minutes
Rail,101004,scenario_16,193.4902531307016,11609.415187842096,1782548.3059919016,daily_minutes
Rail,101005,scenario_16,19.71360658010235,1182.816394806141,181613.5719798509,daily_minutes
Rail,101006,scenario_16,546.6808309694461,32800.849858166766,5036351.823389119,daily_minutes
Rail,101007,scenario_16,1554.0548811158224,93243.29286694934,14316885.997767624,daily_minutes
Rail,101008,scenario_16,852.2282308439899,51133.69385063939,7851237.799473342,daily_minutes
Rail,101009,scenario_16,25.85937800411193,1551.562680246716,238232.10580068157,daily_minutes
Rail,101010,scenario_16,936.4072186450504,56184.433118703026,8626745.14248939,daily_minutes
Rail,101011,scenario_16,1358.281616101718,81496.89696610309,12513305.216498688,daily_minutes
Rail,101012,scenario_16,1541.109454993406,92466.56729960436,14197624.965072252,daily_minutes
Rail,101013,scenario_16,664.1464776634966,39848.7886598098,6118515.840122729,daily_minutes
Rail,101014,scenario_16,686.0344258427795,41162.06555056677,6320160.751519189,daily_minutes
Rail,101015,scenario_16,455.3924048045883,27323.544288275298,4195348.06850275,daily_minutes
Rail,101016,scenario_16,1137.327591524525,68239.6554914715,10477744.16967884,daily_minutes
Rail,101017,scenario_16,394.9538369277725,23697.23021566635,3638551.7180807968,daily_minutes
Rail,101018,scenario_16,37.75918351810833,2265.5510110865,347860.2540789248,daily_minutes
Rail,101019,scenario_16,23.50812225343543,1410.4873352061259,216570.92707199923,daily_minutes
Rail,101020,scenario_16,399.62288260464265,23977.37295627856,3681565.768283531,daily_minutes
Rail,101021,scenario_16,350.0613583246741,21003.681499480444,3224975.269701892,daily_minutes
Rail,101022,scenario_16,288.9513843695313,17337.083062171878,2661993.523642744,daily_minutes
Rail,101023,scenario_16,1647.8151134749787,98868.90680849872,15180661.51439959,daily_minutes
Rail,101024,scenario_16,827.015685371618,49620.94112229708,7618964.703054567,daily_minutes
Rail,101025,scenario_16,261.73714632993506,15704.228779796103,2411279.6342791594,daily_minutes
Rail,101026,scenario_16,950.8531507453008,57051.18904471805,8759829.736556157,daily_minutes
Rail,101027,scenario_16,1393.468783746226,83608.12702477357,12837470.517140482,daily_minutes
Rail,101028,scenario_16,571.7347048998199,34304.082293989195,5267163.142360081,daily_minutes
Rail,101029,scenario_16,778.4961698870175,46709.77019322105,7171973.814701136,daily_minutes
Rail,101030,scenario_16,769.6252297599858,46177.51378559915,7090249.391686844,daily_minutes
Rail,101031,scenario_16,1172.1772922794844,70330.63753676906,10798800.522853976,daily_minutes
Rail,101032,scenario_16,96.86825915375084,5812.0955492250505,892408.524279845,daily_minutes
Rail,100000,scenario_17,643.8908485612337,38633.45091367402,5931908.831455221,daily_minutes
Rail,100001,scenario_17,2037.9289870580903,122275.73922348542,18774624.586171366,daily_minutes
Rail,100002,scenario_17,752.8050228099746,45168.30136859848,6935291.5531391725,daily_minutes
Rail,100003,scenario_17,234.9306789398106,14095.840736388636,2164322.372800899,daily_minutes
Rail,100004,scenario_17,260.3158051809587,15618.948310857522,2398185.3868101,daily_minutes
Rail,100005,scenario_17,770.5936203161837,46235.61721897102,7099170.786524873,daily_minutes
Rail,101000,scenario_17,832.4443932036374,49946.66359221825,7668977.21682783,daily_minutes
Rail,101001,scenario_17,1866.3880320927492,111983.28192556495,17194286.38445766,daily_minutes
Rail,101002,scenario_17,810.7697769363731,48646.186616182385,7469297.647004031,daily_minutes
Rail,101003,scenario_17,775.4107998629479,46524.647991776874,7143549.534817393,daily_minutes
Rail,101004,scenario_17,186.35537433628633,11181.32246017718,1716817.5216104714,daily_minutes
Rail,101005,scenario_17,19.954125785821816,1197.247547149309,183829.37921446204,daily_minutes
Rail,101006,scenario_17,533.0737900535896,31984.427403215377,4910995.598247699,daily_minutes
Rail,101007,scenario_17,1572.1710654140552,94330.26392484331,14483783.157233523,daily_minutes
Rail,101008,scenario_17,860.7948828915687,51647.69297349412,7930158.938126866,daily_minutes
Rail,101009,scenario_17,26.173914424682152,1570.4348654809291,241129.8040288268,daily_minutes
Rail,101010,scenario_17,947.2677558878931,56836.06535327359,8726798.927892804,daily_minutes
Rail,101011,scenario_17,1309.075330372696,78544.51982236176,12059987.388591498,daily_minutes
Rail,101012,scenario_17,1557.192220997851,93431.53325987107,14345789.055164805,daily_minutes
Rail,101013,scenario_17,671.7208560268045,40303.25136160827,6188295.558232539,daily_minutes
Rail,101014,scenario_17,693.7073368509882,41622.44021105929,6390848.211473414,daily_minutes
Rail,101015,scenario_17,446.5123842596804,26790.743055580824,4113539.991230731,daily_minutes
Rail,101016,scenario_17,1149.8950988332654,68993.70592999592,10593523.58751134,daily_minutes
Rail,101017,scenario_17,398.1759175976622,23890.55505585973,3668235.4584602225,daily_minutes
Rail,101018,scenario_17,38.20616245272686,2292.3697471636115,351978.09221199143,daily_minutes
Rail,101019,scenario_17,23.267403539037332,1396.04421234224,214353.2818437353,daily_minutes
Rail,101020,scenario_17,403.87004741436976,24232.202844862186,3720693.1988096233,daily_minutes
Rail,101021,scenario_17,354.2126366615412,21252.75819969247,3263219.336508114,daily_minutes
Rail,101022,scenario_17,292.47652835848567,17548.59170150914,2694469.265155385,daily_minutes
Rail,101023,scenario_17,1664.2799600740982,99856.79760444589,15332345.560178636,daily_minutes
Rail,101024,scenario_17,834.6127196888701,50076.76318133221,7688953.141405684,daily_minutes
Rail,101025,scenario_17,264.82661981592537,15889.597188955522,2439741.7177161938,daily_minutes
Rail,101026,scenario_17,961.8283367495897,57709.70020497538,8860939.73513927,daily_minutes
Rail,101027,scenario_17,1344.2177679897068,80653.0660793824,12383740.609381972,daily_minutes
Rail,101028,scenario_17,578.3873981495999,34703.243888975994,5328451.7441930035,daily_minutes
Rail,101029,scenario_17,785.4595548093203,47127.573288559215,7236124.694636343,daily_minutes
Rail,101030,scenario_17,777.0210006991983,46621.2600419519,7158383.671041435,daily_minutes
Rail,101031,scenario_17,1185.8344261229795,71150.06556737877,10924618.23410056,daily_minutes
Rail,101032,scenario_17,94.62108599740895,5677.265159844537,871706.2168597297,daily_minutes
Rail,100000,scenario_18,335.52133560673246,20131.280136403948,3091023.856410583,daily_minutes
Rail,100001,scenario_18,1063.1025395393372,63786.15237236023,9793938.455760095,daily_minutes
Rail,100002,scenario_18,396.58644473150343,23795.186683890206,3653592.280733449,daily_minutes
Rail,100003,scenario_18,123.13824357981504,7388.294614788902,1134423.3828034038,daily_minutes
Rail,100004,scenario_18,135.46321535107563,8127.792921064538,1247968.4177433192,daily_minutes
Rail,100005,scenario_18,405.61686470507266,24337.01188230436,3736785.927781953,daily_minutes
Rail,101000,scenario_18,439.7293722589093,26383.762335534557,4051050.8148724274,daily_minutes
Rail,101001,scenario_18,990.783156912512,59446.98941475072,9127688.911372207,daily_minutes
Rail,101002,scenario_18,425.46146307381423,25527.687784428854,3919606.274713821,daily_minutes
Rail,101003,scenario_18,408.1833759238216,24491.002555429295,3760430.169035799,daily_minutes
Rail,101004,scenario_18,114.45015004472224,6867.009002683334,1054383.4523020082,daily_minutes
Rail,101005,scenario_18,10.383483759564117,623.009025573847,95658.88248336036,daily_minutes
Rail,101006,scenario_18,314.71502503351803,18882.901502011082,2899343.6396237877,daily_minutes
Rail,101007,scenario_18,827.5041767020521,49650.250602123124,7623464.978285324,daily_minutes
Rail,101008,scenario_18,455.567675444443,27334.06052666658,4196962.766799475,daily_minutes
Rail,101009,scenario_18,13.630970752194116,817.858245131647,125576.6811516635,daily_minutes
Rail,101010,scenario_18,498.8912762790933,29933.476576745597,4596085.7718487745,daily_minutes
Rail,101011,scenario_18,802.2662381430346,48135.974288582074,7390957.94551652,daily_minutes
Rail,101012,scenario_18,823.3293290267175,49399.75974160305,7585003.7765915375,daily_minutes
Rail,101013,scenario_18,354.93012112378347,21295.807267427008,3269829.2338649677,daily_minutes
Rail,101014,scenario_18,365.1904619594279,21911.427717565675,3364353.6498474255,daily_minutes
Rail,101015,scenario_18,258.92071104248316,15535.24266254899,2385332.94254998,daily_minutes
Rail,101016,scenario_18,604.0972378273655,36245.83426964193,5565306.213208387,daily_minutes
Rail,101017,scenario_18,212.24102351765032,12734.46141105902,1955291.6532587053,daily_minutes
Rail,101018,scenario_18,20.03100835481746,1201.8605012890475,184537.6675695913,daily_minutes
Rail,101019,scenario_18,13.078541755683544,784.7125053410126,120487.37377841024,daily_minutes
Rail,101020,scenario_18,213.61605879067065,12816.963527440239,1967959.3032149328,daily_minutes
Rail,101021,scenario_18,185.6296518087256,11137.779108523537,1710131.7302530657,daily_minutes
Rail,101022,scenario_18,152.19738222754677,9131.842933652806,1402133.6035094974,daily_minutes
Rail,101023,scenario_18,881.287511928851,52877.25071573106,8118949.3323957315,daily_minutes
Rail,101024,scenario_18,443.31531445383735,26598.91886723024,4084086.665937422,daily_minutes
Rail,101025,scenario_18,138.93741691903415,8336.245015142049,1279974.847108294,daily_minutes
Rail,101026,scenario_18,506.62653189296543,30397.591913577926,4667347.587717134,daily_minutes
Rail,101027,scenario_18,821.4248719155148,49285.49231493089,7567458.77500887,daily_minutes
Rail,101028,scenario_18,304.43363715508895,18266.018229305337,2804625.3256549723,daily_minutes
Rail,101029,scenario_18,416.71433755852195,25002.860253511317,3839022.5061916383,daily_minutes
Rail,101030,scenario_18,412.6219869791894,24757.319218751363,3801321.31724448,daily_minutes
Rail,101031,scenario_18,624.1006640543201,37446.039843259205,5749589.7776668295,daily_minutes
Rail,101032,scenario_18,55.54956693844724,3332.9740163068345,511755.940377139,daily_minutes
Rail,100000,scenario_19,511.0952744364695,30665.71646618817,4708516.325273418,daily_minutes
Rail,100001,scenario_19,1618.7919291177675,97127.51574706605,14913282.526190348,daily_minutes
Rail,100002,scenario_19,600.3428542533657,36020.57125520194,5530718.579094556,daily_minutes
Rail,100003,scenario_19,186.977913029943,11218.67478179658,1722552.721579653,daily_minutes
Rail,100004,scenario_19,206.5805085976899,12394.830515861395,1903143.593507078,daily_minutes
Rail,100005,scenario_19,614.3473062673802,36860.83837604281,5659735.993718866,daily_minutes
Rail,101000,scenario_19,663.6407649139219,39818.44589483531,6113856.910845997,daily_minutes
Rail,101001,scenario_19,1489.1441532809404,89348.64919685642,13718889.426515987,daily_minutes
Rail,101002,scenario_19,644.9568740645482,38697.41244387289,5941729.6980070565,daily_minutes
Rail,101003,scenario_19,618.1798901220245,37090.79340732147,5695044.055738163,daily_minutes
Rail,101004,scenario_19,147.71634470613935,8862.980682368361,1360851.5972397793,daily_minutes
Rail,101005,scenario_19,15.835001881925564,950.1001129155338,145881.53833742745,daily_minutes
Rail,101006,scenario_19,422.6691605507367,25360.149633044202,3893881.908489717,daily_minutes
Rail,101007,scenario_19,1253.3716819007386,75202.30091404432,11546811.956678744,daily_minutes
Rail,101008,scenario_19,686.1877078870602,41171.262473223615,6321572.877680331,daily_minutes
Rail,101009,scenario_19,20.777078191342294,1246.6246914805376,191410.91054556004,daily_minutes
Rail,101010,scenario_19,755.3274701257324,45319.64820754394,6958529.851280322,daily_minutes
Rail,101011,scenario_19,1037.665722511192,62259.943350671514,9559599.23520661,daily_minutes
Rail,101012,scenario_19,1241.5729804575603,74494.37882745362,11438115.23976332,daily_minutes
Rail,101013,scenario_19,536.2948586523416,32177.6915191405,4940670.014820563,daily_minutes
Rail,101014,scenario_19,552.6381177941876,33158.287067651254,5091233.923990732,daily_minutes
Rail,101015,scenario_19,354.07957509158587,21244.774505495152,3261993.493488744,daily_minutes
Rail,101016,scenario_19,914.9333409507964,54896.00045704778,8428914.896843305,daily_minutes
Rail,101017,scenario_19,317.4924287239701,19049.545723438205,2924930.7488624468,daily_minutes
Rail,101018,scenario_19,30.41023865540774,1824.6143193244643,280157.36463680933,daily_minutes
Rail,101019,scenario_19,18.454891840614437,1107.2935104368662,170017.53657084456,daily_minutes
Rail,101020,scenario_19,322.1767741958247,19330.60645174948,2968085.7499564546,daily_minutes
Rail,101021,scenario_19,281.8918173392667,16913.509040356003,2596956.5564197283,daily_minutes
Rail,101022,scenario_19,232.10054322877113,13926.032593726268,2138249.4645493766,daily_minutes
Rail,101023,scenario_19,1326.9607529202258,79617.64517521355,12224758.632352872,daily_minutes
Rail,101024,scenario_19,665.5059756676346,39930.35854005808,6131040.35143565,daily_minutes
Rail,101025,scenario_19,210.8451782226839,12650.710693361034,1942432.2888942976,daily_minutes
Rail,101026,scenario_19,766.9140094259274,46014.84056555564,7065272.003237298,daily_minutes
Rail,101027,scenario_19,1065.5426038562582,63932.55623137549,9816417.792286163,daily_minutes
Rail,101028,scenario_19,461.08923930915626,27665.354358549375,4247830.726059533,daily_minutes
Rail,101029,scenario_19,625.6970453400863,37541.82272040518,5764296.599900079,daily_minutes
Rail,101030,scenario_19,619.9678677985285,37198.07206791171,5711515.978880723,daily_minutes
Rail,101031,scenario_19,945.323341784795,56719.4005070877,8708885.818526601,daily_minutes
Rail,101032,scenario_19,75.02760688260605,4501.656412956363,691199.3311666965,daily_minutes
Rail,100000,scenario_20,723.2060605268634,43392.363631611806,6662608.153209782,daily_minutes
Rail,100001,scenario_20,2290.0587265015492,137403.52359009295,21097395.02376817,daily_minutes
Rail,100002,scenario_20,848.6418558479345,50918.51135087607,7818197.96118468,daily_minutes
Rail,100003,scenario_20,264.40561930352123,15864.337158211274,2435863.2083956194,daily_minutes
Rail,100004,scenario_20,292.28486382174015,17537.09182930441,2692703.536444163,daily_minutes
Rail,100005,scenario_20,868.4763943990692,52108.583663944155,8000925.631040865,daily_minutes
Rail,101000,scenario_20,938.6657471756916,56319.9448305415,8647552.062430777,daily_minutes
Rail,101001,scenario_20,2106.8560953359847,126411.36572015908,19409622.463892292,daily_minutes
Rail,101002,scenario_20,912.4579141974682,54747.47485184809,8406109.780335596,daily_minutes
Rail,101003,scenario_20,873.9102447788173,52434.61468672904,8050985.521049333,daily_minutes
Rail,101004,scenario_20,214.69904988619965,12881.942993171979,1977936.4669816028,daily_minutes
Rail,101005,scenario_20,22.404480997734936,1344.2688598640962,206403.52163973285,daily_minutes
Rail,101006,scenario_20,610.1933498343133,36611.600990058796,5621467.254683593,daily_minutes
Rail,101007,scenario_20,1771.845698563353,106310.74191380118,16323305.682584746,daily_minutes
Rail,101008,scenario_20,970.8734527946654,58252.40716767992,8944268.771216134,daily_minutes
Rail,101009,scenario_20,29.39589045851608,1763.753427510965,270812.5804381252,daily_minutes
Rail,101010,scenario_20,1067.759581510254,64065.574890615244,9836841.920621367,daily_minutes
Rail,101011,scenario_20,1507.647339713585,90458.8403828151,13889351.881845372,daily_minutes
Rail,101012,scenario_20,1756.230704637419,105373.84227824514,16179450.989542687,daily_minutes
Rail,101013,scenario_20,757.950321358454,45477.01928150724,6982693.130546892,daily_minutes
Rail,101014,scenario_20,781.577374366927,46894.64246201562,7200359.719092751,daily_minutes
Rail,101015,scenario_20,509.64432155687246,30578.659293412347,4695149.276774843,daily_minutes
Rail,101016,scenario_20,1294.4640657802374,77667.84394681425,11925379.652407017,daily_minutes
Rail,101017,scenario_20,449.6225084662292,26977.35050797375,4142192.3214959833,daily_minutes
Rail,101018,scenario_20,43.00357305209036,2580.2143831254216,396174.7170996876,daily_minutes
Rail,101019,scenario_20,26.42792510986328,1585.6755065917969,243469.90286712645,daily_minutes
Rail,101020,scenario_20,455.6131716648815,27336.79029989289,4197381.905279887,daily_minutes
Rail,101021,scenario_20,398.63277845381526,23917.966707228916,3672444.3347836183,daily_minutes
Rail,101022,scenario_20,328.3943554243888,19703.661325463327,3025365.838782724,daily_minutes
Rail,101023,scenario_20,1877.4378477773423,112646.27086664054,17296083.916433543,daily_minutes
Rail,101024,scenario_20,941.9656078954722,56517.93647372833,8677952.359297827,daily_minutes
Rail,101025,scenario_20,298.1454837640922,17888.729025845532,2746695.0837250757,daily_minutes
Rail,101026,scenario_20,1084.178372488488,65050.702349309286,9988101.674387444,daily_minutes
Rail,101027,scenario_20,1547.3780520957223,92842.68312574334,14255375.042737052,daily_minutes
Rail,101028,scenario_20,651.8360214810236,39110.16128886142,6005104.531496078,daily_minutes
Rail,101029,scenario_20,885.9527018587978,53157.16211152787,8161927.861144361,daily_minutes
Rail,101030,scenario_20,877.1745462001272,52630.47277200763,8081058.224323292,daily_minutes
Rail,101031,scenario_20,1336.3905627350323,80183.43376410194,12311631.698252758,daily_minutes
Rail,101032,scenario_20,108.21245294020628,6492.747176412377,996918.0439569444,daily_minutes
Rail,100000,scenario_21,650.890063536237,39053.40381217422,5996389.799333937,daily_minutes
Rail,100001,scenario_21,2060.766411463497,123645.98468780983,18985016.642248612,daily_minutes
Rail,100002,scenario_21,762.7244299710437,45763.46579826262,7026675.083551237,daily_minutes
Rail,100003,scenario_21,237.78261947637657,14266.957168582594,2190596.160188067,daily_minutes
Rail,100004,scenario_21,263.0870155812445,15785.22093487467,2423715.4397437726,daily_minutes
Rail,100005,scenario_21,780.6294420560735,46837.76652336441,7191626.797885781,daily_minutes
Rail,101000,scenario_21,843.5048191170499,50610.289147022995,7770872.496597732,daily_minutes
Rail,101001,scenario_21,1892.3965730350028,113543.79438210017,17433892.668742266,daily_minutes
Rail,101002,scenario_21,820.572116438605,49234.3269863163,7559602.679902292,daily_minutes
Rail,101003,scenario_21,785.510558623122,47130.63351738732,7236594.572371374,daily_minutes
Rail,101004,scenario_21,190.824860382083,11449.49162292498,1757993.1087559776,daily_minutes
Rail,101005,scenario_21,20.166394805914024,1209.9836883548414,185784.92878896353,daily_minutes
Rail,101006,scenario_21,544.0562332133704,32643.373992802226,5012172.454101496,daily_minutes
Rail,101007,scenario_21,1592.6331283172185,95557.98769903311,14672291.957935205,daily_minutes
Rail,101008,scenario_21,872.3363658209419,52340.18194925651,8036486.003762009,daily_minutes
Rail,101009,scenario_21,26.457525515565067,1587.451530933904,243742.5995646947,daily_minutes
Rail,101010,scenario_21,959.6906508644316,57581.4390518659,8841246.090153662,daily_minutes
Rail,101011,scenario_21,1340.2321834584145,80413.93100750487,12347023.013328988,daily_minutes
Rail,101012,scenario_21,1578.0680961946928,94684.08577168157,14538110.143003223,daily_minutes
Rail,101013,scenario_21,680.9571823596634,40857.430941579805,6273386.138206635,daily_minutes
Rail,101014,scenario_21,702.5784990469256,42154.709942815534,6472574.680319706,daily_minutes
Rail,101015,scenario_21,455.0463476598379,27302.780859590275,4192159.9824510226,daily_minutes
Rail,101016,scenario_21,1163.9896923204506,69839.38153922703,10723371.439471385,daily_minutes
Rail,101017,scenario_21,403.7582745731051,24225.496474386306,3719663.480332188,daily_minutes
Rail,101018,scenario_21,38.67345504761033,2320.40730285662,356283.0719716149,daily_minutes
Rail,101019,scenario_21,23.653089650470065,1419.185379028204,217906.45371392052,daily_minutes
Rail,101020,scenario_21,409.34367250996,24560.6203505976,3771119.5173652577,daily_minutes
Rail,101021,scenario_21,358.50557154021226,21510.334292412736,3302768.428371359,daily_minutes
Rail,101022,scenario_21,295.5912245273357,17735.473471640144,2723163.7150805327,daily_minutes
Rail,101023,scenario_21,1686.7997310400533,101207.9838624032,15539811.202179594,daily_minutes
Rail,101024,scenario_21,846.1016405463743,50766.098432782455,7794795.973697526,daily_minutes
Rail,101025,scenario_21,268.1037292004039,16086.223752024234,2469932.4156316407,daily_minutes
Rail,101026,scenario_21,974.4421049416268,58466.52629649761,8977145.335985232,daily_minutes
Rail,101027,scenario_21,1375.876599218478,82552.59595310868,12675400.75796015,daily_minutes
Rail,101028,scenario_21,585.9063068231335,35154.37840938801,5397720.442238799,daily_minutes
Rail,101029,scenario_21,795.9618687669717,47757.712126018305,7332878.312202604,daily_minutes
Rail,101030,scenario_21,787.8535762509418,47271.21457505651,7258179.856569427,daily_minutes
Rail,101031,scenario_21,1201.2365021467558,72074.19012880535,11066511.399677202,daily_minutes
Rail,101032,scenario_21,96.52609770500568,5791.565862300341,889256.3277171352,daily_minutes
Rail,100000,scenario_22,530.9830672105236,31858.984032631415,4891734.60498367,daily_minutes
Rail,100001,scenario_22,1682.0964835484629,100925.78901290777,15496482.064338569,daily_minutes
Rail,100002,scenario_22,625.4817858636452,37528.90715181871,5762313.500447418,daily_minutes
Rail,100003,scenario_22,194.53740685780213,11672.244411468128,1792195.3144181876,daily_minutes
Rail,100004,scenario_22,214.51554527291592,12870.932716374955,1976245.9123812648,daily_minutes
Rail,100005,scenario_22,639.9217349688552,38395.30409813131,5895342.975574074,daily_minutes
Rail,101000,scenario_22,692.354600181221,41541.27601087326,6378385.989629516,daily_minutes
Rail,101001,scenario_22,1556.468378919344,93388.10273516065,14339120.587632349,daily_minutes
Rail,101002,scenario_22,671.5222285827549,40291.333714965294,6186465.683041488,daily_minutes
Rail,101003,scenario_22,643.9390586395893,38636.34351837536,5932352.97162308,daily_minutes
Rail,101004,scenario_22,165.67725893652823,9940.635536191694,1526318.3156786598,daily_minutes
Rail,101005,scenario_22,16.44314053854032,986.5884323124192,151484.07652535653,daily_minutes
Rail,101006,scenario_22,465.14146167036233,27908.48770022174,4285162.22978438,daily_minutes
Rail,101007,scenario_22,1305.5307597478604,78331.84558487163,12027332.677253138,daily_minutes
Rail,101008,scenario_22,716.5068624953274,42990.41174971964,6600891.121424452,daily_minutes
Rail,101009,scenario_22,21.579699532208902,1294.7819719325341,198805.13991042777,daily_minutes
Rail,101010,scenario_22,786.9091685891399,47214.55011534839,7249479.406544309,daily_minutes
Rail,101011,scenario_22,1162.63775519131,69758.2653114786,10710916.583475463,daily_minutes
Rail,101012,scenario_22,1295.7727063775674,77746.36238265404,11937435.634773975,daily_minutes
Rail,101013,scenario_22,559.2234251638074,33553.405509828444,5151901.726664091,daily_minutes
Rail,101014,scenario_22,575.8628240167891,34551.769441007345,5305193.85253707,daily_minutes
Rail,101015,scenario_22,386.3589027126509,23181.534162759053,3559370.027130567,daily_minutes
Rail,101016,scenario_22,952.9977305312786,57179.86383187672,8779586.892292457,daily_minutes
Rail,101017,scenario_22,332.5388842145476,19952.333052872855,3063547.724714941,daily_minutes
Rail,101018,scenario_22,31.641900404298212,1898.5140242578927,291504.1716646377,daily_minutes
Rail,101019,scenario_22,19.84630839030433,1190.7785034182598,182836.10067651767,daily_minutes
Rail,101020,scenario_22,336.2222437918026,20173.334627508157,3097481.0431563603,daily_minutes
Rail,101021,scenario_22,293.27542456786614,17596.52547407197,2701829.176373923,daily_minutes
Rail,101022,scenario_22,241.0150012969898,14460.900077819388,2220374.800948648,daily_minutes
Rail,101023,scenario_22,1385.838797187767,83150.32783126603,12767178.502972024,daily_minutes
Rail,101024,scenario_22,695.9481361070866,41756.8881664252,6411491.798700145,daily_minutes
Rail,101025,scenario_22,219.42331937154813,13165.399162292888,2021459.2720423243,daily_minutes
Rail,101026,scenario_22,799.0377842168382,47942.26705301029,7361215.490876042,daily_minutes
Rail,101027,scenario_22,1192.1978155334364,71531.86893200618,10983241.595383337,daily_minutes
Rail,101028,scenario_22,480.28623241381865,28817.17394482912,4424684.944735546,daily_minutes
Rail,101029,scenario_22,654.2555648008856,39255.33388805314,6027394.816284638,daily_minutes
Rail,101030,scenario_22,648.0827947835205,38884.96768701123,5970527.55522266,daily_minutes
Rail,101031,scenario_22,984.6452772199918,59078.71663319951,9071143.080916896,daily_minutes
Rail,101032,scenario_22,82.34662895603833,4940.7977373623,758626.5539203987,daily_minutes
Rail,100000,scenario_23,361.8198464533052,21709.190787198313,3333301.5174357197,daily_minutes
Rail,100001,scenario_23,1146.7630158106913,68805.78094864148,10564668.959457574,daily_minutes
Rail,100002,scenario_23,427.831593720206,25669.89562321236,3941441.3403067696,daily_minutes
Rail,100003,scenario_23,132.84076611210185,7970.445966726111,1223808.8418843497,daily_minutes
Rail,100004,scenario_23,146.12908918067842,8767.745350840705,1346228.846985918,daily_minutes
Rail,100005,scenario_23,437.5925882260344,26255.555293562065,4031365.478291164,daily_minutes
Rail,101000,scenario_23,473.6464727422135,28418.78836453281,4363515.494784916,daily_minutes
Rail,101001,scenario_23,1065.8655620267527,63951.933721605164,9819393.076727662,daily_minutes
Rail,101002,scenario_23,458.496871829062,27509.81230974372,4223948.281412416,daily_minutes
Rail,101003,scenario_23,440.34075660317467,26420.44539619048,4056683.2542824065,daily_minutes
Rail,101004,scenario_23,115.0963669777484,6905.782018664904,1060336.7904192049,daily_minutes
Rail,101005,scenario_23,11.201078701029472,672.0647220617683,103191.05764110413,daily_minutes
Rail,101006,scenario_23,321.63143514397234,19297.88610863834,2963061.759407359,daily_minutes
Rail,101007,scenario_23,892.7360560397647,53564.16336238588,8224420.189871935,daily_minutes
Rail,101008,scenario_23,490.2599383295528,29415.59629977317,4516568.707854838,daily_minutes
Rail,101009,scenario_23,14.703797109956213,882.2278265973728,135460.2012551826,daily_minutes
Rail,101010,scenario_23,538.1934943328233,32291.6096599694,4958161.385890569,daily_minutes
Rail,101011,scenario_23,807.4841117342366,48449.0467040542,7439028.127762828,daily_minutes
Rail,101012,scenario_23,886.5891824334685,53195.35094600811,8167791.502086571,daily_minutes
Rail,101013,scenario_23,382.88268781705847,22972.961269023508,3527345.049783433,daily_minutes
Rail,101014,scenario_23,393.63707301319664,23618.2243807918,3626420.898841375,daily_minutes
Rail,101015,scenario_23,266.58787057799054,15995.272234679433,2455967.4164867955,daily_minutes
Rail,101016,scenario_23,650.8422873100062,39050.53723860037,5995949.656072162,daily_minutes
Rail,101017,scenario_23,227.7647088736339,13665.882532418034,2098305.15696924,daily_minutes
Rail,101018,scenario_23,21.60833437443216,1296.5000624659297,199068.94125789372,daily_minutes
Rail,101019,scenario_23,13.643591245017888,818.6154747010733,125692.94870385178,daily_minutes
Rail,101020,scenario_23,230.12740209796905,13807.644125878143,2120071.7045677495,daily_minutes
Rail,101021,scenario_23,200.25216072401963,12015.129643441178,1844843.055886103,daily_minutes
Rail,101022,scenario_23,164.17951293000806,9850.770775800484,1512520.1808189922,daily_minutes
Rail,101023,scenario_23,948.3679529131186,56902.07717478712,8736934.603007397,daily_minutes
Rail,101024,scenario_23,476.4762353649712,28588.574121898273,4389584.965923334,daily_minutes
Rail,101025,scenario_23,149.8773802598589,8992.642815591535,1380760.353381976,daily_minutes
Rail,101026,scenario_23,546.4882086158104,32789.292516948626,5034577.270694015,daily_minutes
Rail,101027,scenario_23,827.7304219525031,49663.825317150186,7625549.28527963,daily_minutes
Rail,101028,scenario_23,328.42031208582193,19705.218725149316,3025604.9671218432,daily_minutes
Rail,101029,scenario_23,447.6296155185337,26857.77693111202,4123832.595926043,daily_minutes
Rail,101030,scenario_23,443.8367933135014,26630.207598810084,4088890.8420799626,daily_minutes
Rail,101031,scenario_23,673.2847680141786,40397.08608085071,6202703.253807421,daily_minutes
Rail,101032,scenario_23,56.90260049110657,3414.156029466394,524220.89728436834,daily_minutes
Rail,100000,scenario_24,690.9355645697506,41456.133874185034,6365312.982155284,daily_minutes
Rail,100001,scenario_24,2187.1913981119724,131231.48388671834,20149719.474246353,daily_minutes
Rail,100002,scenario_24,808.732895656387,48523.97373938322,7450532.67452403,daily_minutes
Rail,100003,scenario_24,252.2564536412101,15135.387218472606,2323937.804815012,daily_minutes
Rail,100004,scenario_24,279.3054565747152,16758.327394482912,2573129.449240221,daily_minutes
Rail,100005,scenario_24,827.769470993604,49666.16825961624,7625909.028475676,daily_minutes
Rail,101000,scenario_24,894.4502214431268,53667.01328658761,8240212.110066949,daily_minutes
Rail,101001,scenario_24,2006.2680184841593,120376.08110904956,18482944.74708717,daily_minutes
Rail,101002,scenario_24,870.6075175086153,52236.45105051692,8020558.815799869,daily_minutes
Rail,101003,scenario_24,832.9477507511474,49976.865045068844,7673614.4485700205,daily_minutes
Rail,101004,scenario_24,202.5896679559955,12155.38007735973,1866377.5750114045,daily_minutes
Rail,101005,scenario_24,21.40965302784753,1284.5791816708518,197238.5694843481,daily_minutes
Rail,101006,scenario_24,577.5980098803702,34655.880592822214,5321179.425823898,daily_minutes
Rail,101007,scenario_24,1688.81728812457,101329.0372874742,15558398.148576412,daily_minutes
Rail,101008,scenario_24,925.0311817288166,55501.870903728995,8521942.264794895,daily_minutes
Rail,101009,scenario_24,28.08597528141399,1685.1585168848394,258744.85587755457,daily_minutes
Rail,101010,scenario_24,1017.5949955721736,61055.69973433042,9374695.656208204,daily_minutes
Rail,101011,scenario_24,1422.8601139306993,85371.60683584196,13108241.08559796,daily_minutes
Rail,101012,scenario_24,1673.321347457182,100399.28084743091,15415640.245584032,daily_minutes
Rail,101013,scenario_24,721.8233264704759,43309.39958822855,6649869.577441905,daily_minutes
Rail,101014,scenario_24,745.1379029015661,44708.27417409397,6864657.4442709675,daily_minutes
Rail,101015,scenario_24,483.0999684572016,28985.998107432097,4450606.769408815,daily_minutes
Rail,101016,scenario_24,1234.8979201793263,74093.87521075958,11376620.57944406,daily_minutes
Rail,101017,scenario_24,428.1190812368732,25687.144874212394,3944089.847802818,daily_minutes
Rail,101018,scenario_24,41.02614045141672,2461.5684270850033,377957.4215227217,daily_minutes
Rail,101019,scenario_24,25.111329269391717,1506.679756163503,231340.63202719812,daily_minutes
Rail,101020,scenario_24,433.99944985905313,26039.966991543188,3998263.331771513,daily_minutes
Rail,101021,scenario_24,380.3335562387947,22820.013374327682,3503860.92020552,daily_minutes
Rail,101022,scenario_24,313.8134291648312,18828.80574988987,2891037.5975239235,daily_minutes
Rail,101023,scenario_24,1788.6128054896544,107316.76832937927,16477774.33185399,daily_minutes
Rail,101024,scenario_24,897.1417574902443,53828.50544941466,8265008.155054624,daily_minutes
Rail,101025,scenario_24,284.39536530188343,17063.721918113006,2620020.742380131,daily_minutes
Rail,101026,scenario_24,1033.2438858847015,61994.63315308209,9518862.623101402,daily_minutes
Rail,101027,scenario_24,1460.701258206318,87642.07549237908,13456856.411351524,daily_minutes
Rail,101028,scenario_24,621.2958249787625,37277.74949872575,5723749.917199347,daily_minutes
Rail,101029,scenario_24,844.1816517253319,50650.899103519914,7777107.884684792,daily_minutes
Rail,101030,scenario_24,835.2580628454598,50115.48377072759,7694898.429770082,daily_minutes
Rail,101031,scenario_24,1273.801959357661,76428.11756145966,11735027.930778388,daily_minutes
Rail,101032,scenario_24,102.4769339163322,6148.616034979932,944079.001397602,daily_minutes
Rail,100000,scenario_25,539.2151178518543,32352.907071111258,4967573.194721993,daily_minutes
Rail,100001,scenario_25,1708.075413068138,102484.52478408828,15735815.550431527,daily_minutes
Rail,100002,scenario_25,634.6175068219527,38077.05040931716,5846477.243347921,daily_minutes
Rail,100003,scenario_25,197.45948232019143,11847.568939211485,1819115.2268229956,daily_minutes
Rail,100004,scenario_25,217.86413275400264,13071.847965240158,2007095.1094095248,daily_minutes
Rail,100005,scenario_25,649.3195263067828,38959.17157840697,5981921.068053867,daily_minutes
Rail,101000,scenario_25,702.2034664730454,42132.207988382725,6469119.655229578,daily_minutes
Rail,101001,scenario_25,1577.766331620987,94665.97989725923,14535330.106691508,daily_minutes
Rail,101002,scenario_25,681.4805393934221,40888.832363605325,6278207.61721584,daily_minutes
Rail,101003,scenario_25,653.3886387129678,39203.31832277807,6019408.173007087,daily_minutes
Rail,101004,scenario_25,164.69132289892875,9881.479373935725,1517235.2813386712,daily_minutes
Rail,101005,scenario_25,16.699825477597187,1001.9895286558312,153848.81219491185,daily_minutes
Rail,101006,scenario_25,464.7745425462999,27886.472552777996,4281781.950662043,daily_minutes
Rail,101007,scenario_25,1324.7089883923545,79482.53930354127,12204014.026463404,daily_minutes
Rail,101008,scenario_25,726.5206600328238,43591.23960196943,6693144.2326183915,daily_minutes
Rail,101009,scenario_25,21.91557473345165,1314.934484007099,201899.42378939665,daily_minutes
Rail,101010,scenario_25,798.4239333410951,47905.43600046571,7355560.328298173,daily_minutes
Rail,101011,scenario_25,1156.0426786184253,69362.56071710552,10650158.781040104,daily_minutes
Rail,101012,scenario_25,1314.0739408632653,78844.43645179592,12106037.587596918,daily_minutes
Rail,101013,scenario_25,567.244618821147,34034.67712926882,5225797.7753516985,daily_minutes
Rail,101014,scenario_25,584.2615892390604,35055.695354343625,5382568.317023768,daily_minutes
Rail,101015,scenario_25,386.96058871747664,23217.6353230486,3564913.1196186254,daily_minutes
Rail,101016,scenario_25,967.0196599205448,58021.17959523269,8908765.31898401,daily_minutes
Rail,101017,scenario_25,336.88663576644467,20213.19814598668,3103601.820661948,daily_minutes
Rail,101018,scenario_25,32.11709709961724,1927.0258259770344,295881.96873993374,daily_minutes
Rail,101019,scenario_25,19.957660802203463,1197.4596481322078,183861.9459063796,daily_minutes
Rail,101020,scenario_25,340.9679022650307,20458.074135901843,3141200.8964068214,daily_minutes
Rail,101021,scenario_25,297.68646907014045,17861.188144208427,2742466.3649555757,daily_minutes
Rail,101022,scenario_25,244.7782382329533,14686.694293977198,2255043.997544905,daily_minutes
Rail,101023,scenario_25,1405.141670809222,84308.50024855332,12945008.156497035,daily_minutes
Rail,101024,scenario_25,705.3700634122142,42322.20380473285,6498292.246191364,daily_minutes
Rail,101025,scenario_25,222.70702743526635,13362.421646115981,2051710.7609501348,daily_minutes
Rail,101026,scenario_25,810.7136486828167,48642.818920969,7468780.559855318,daily_minutes
Rail,101027,scenario_25,1185.8879728397224,71153.27837038334,10925111.538583228,daily_minutes
Rail,101028,scenario_25,487.33838838737574,29240.303303242545,4489653.636857538,daily_minutes
Rail,101029,scenario_25,663.141553662259,39788.49321973554,6109257.877268926,daily_minutes
Rail,101030,scenario_25,656.9201275467349,39415.20765280409,6051942.3670370495,daily_minutes
Rail,101031,scenario_25,999.1140457828806,59946.842746972834,9204438.058179364,daily_minutes
Rail,101032,scenario_25,82.34205186367763,4940.5231118206575,758584.3869993164,daily_minutes
Rail,100000,scenario_26,331.10288767222664,19866.1732603336,3050318.462969155,daily_minutes
Rail,100001,scenario_26,1048.9816619873236,62938.899719239416,9663848.459224418,daily_minutes
Rail,100002,scenario_26,391.0742064655497,23464.452387932983,3602810.234484523,daily_minutes
Rail,100003,scenario_26,121.46963316601614,7288.177989960968,1119051.1425052402,daily_minutes
Rail,100004,scenario_26,133.69541945460514,8021.725167276309,1231682.4212674953,daily_minutes
Rail,100005,scenario_26,399.9999868869927,23999.999213219562,3685039.879195109,daily_minutes
Rail,101000,scenario_26,433.58556726576353,26015.13403594581,3994450.3969925726,daily_minutes
Rail,101001,scenario_26,976.7138993810004,58602.83396286002,8998074.469437404,daily_minutes
Rail,101002,scenario_26,419.6868854642671,25181.213127856026,3866407.401028107,daily_minutes
Rail,101003,scenario_26,402.5303957979486,24151.823747876915,3708351.524328181,daily_minutes
Rail,101004,scenario_26,112.34898157123826,6740.938894274295,1035026.2276231896,daily_minutes
Rail,101005,scenario_26,10.248033046722412,614.8819828033447,94411.02924623487,daily_minutes
Rail,101006,scenario_26,309.31048016749264,18558.62881004956,2849553.7295910427,daily_minutes
Rail,101007,scenario_26,816.0463070750848,48962.778424505086,7517908.208559925,daily_minutes
Rail,101008,scenario_26,449.1758548537982,26950.551291227894,4138077.480426101,daily_minutes
Rail,101009,scenario_26,13.45186322931113,807.1117937586678,123926.6351863517,daily_minutes
Rail,101010,scenario_26,491.96950577697135,29518.17034661828,4532318.268920926,daily_minutes
Rail,101011,scenario_26,787.5856888989656,47255.141333937936,7255711.91755061,daily_minutes
Rail,101012,scenario_26,811.7899886638188,48707.39931982913,7478696.449564296,daily_minutes
Rail,101013,scenario_26,349.93717679779365,20996.23060786762,3223831.2349673538,daily_minutes
Rail,101014,scenario_26,360.15684379736194,21609.410627841717,3317980.9391675764,daily_minutes
Rail,101015,scenario_26,254.61648715933552,15276.989229560131,2345679.8496040944,daily_minutes
Rail,101016,scenario_26,595.8585718463,35751.514310778,5489406.678991224,daily_minutes
Rail,101017,scenario_26,209.21229225298157,12552.737535178894,1927389.163609818,daily_minutes
Rail,101018,scenario_26,19.758281183247163,1185.4968709948298,182025.1412287828,daily_minutes
Rail,101019,scenario_26,12.87414608002291,772.4487648013746,118604.35817681906,daily_minutes
Rail,101020,scenario_26,210.61955546340323,12637.173327804194,1940353.7166621485,daily_minutes
Rail,101021,scenario_26,183.1130966742785,10986.78580045671,1686947.7144214578,daily_minutes
Rail,101022,scenario_26,150.21015636128868,9012.609381677321,1383826.086494008,daily_minutes
Rail,101023,scenario_26,868.8926939458106,52133.56163674864,8004760.832245175,daily_minutes
Rail,101024,scenario_26,437.0356405010316,26222.138430061896,4026234.541679804,daily_minutes
Rail,101025,scenario_26,137.0384843429274,8222.309060575644,1262480.7408576529,daily_minutes
Rail,101026,scenario_26,499.5966405322615,29975.79843193569,4602584.010567512,daily_minutes
Rail,101027,scenario_26,806.4609681507136,48387.658089042816,7429602.315185263,daily_minutes
Rail,101028,scenario_26,300.2208233386409,18013.249400318455,2765814.357089563,daily_minutes
Rail,101029,scenario_26,410.8586990207841,24651.521941247047,3785076.850598875,daily_minutes
Rail,101030,scenario_26,406.76268270517903,24405.760962310742,3747341.890689733,daily_minutes
Rail,101031,scenario_26,615.4650133202813,36927.90079921688,5670032.981714423,daily_minutes
Rail,101032,scenario_26,54.60522542597755,3276.313525558653,503056.0997593608,daily_minutes
Rail,100000,scenario_27,477.7347894092527,28664.087364555162,4401179.5209116815,daily_minutes
Rail,100001,scenario_27,1512.4498924891668,90746.99354935001,13933595.879545698,daily_minutes
Rail,100002,scenario_27,560.85801421004,33651.4808526024,5166960.541711414,daily_minutes
Rail,100003,scenario_27,174.67910130816745,10480.746078490047,1609248.6887116234,daily_minutes
Rail,100004,scenario_27,193.0100485960429,11580.602915762574,1778124.3736959049,daily_minutes
Rail,100005,scenario_27,573.914184014,34434.85104084,5287241.811647376,daily_minutes
Rail,101000,scenario_27,621.3193331102229,37279.15998661338,5723966.48821124,daily_minutes
Rail,101001,scenario_27,1396.6434794147572,83798.60876488543,12866717.718456391,daily_minutes
Rail,101002,scenario_27,603.4248702565455,36205.49221539273,5559111.959725451,daily_minutes
Rail,101003,scenario_27,577.5324528018245,34651.94716810947,5320575.474682089,daily_minutes
Rail,101004,scenario_27,153.33024940488394,9199.814964293037,1412570.2556674338,daily_minutes
Rail,101005,scenario_27,14.794773864749004,887.6864318849402,136298.33370638668,daily_minutes
Rail,101006,scenario_27,427.61270642875024,25656.762385725015,3939424.819245504,daily_minutes
Rail,101007,scenario_27,1170.881981098617,70252.91886591702,10786867.33906912,daily_minutes
Rail,101008,scenario_27,643.2500090082467,38595.0005404948,5926005.032989373,daily_minutes
Rail,101009,scenario_27,19.41229968067637,1164.7379808405822,178837.7520381991,daily_minutes
Rail,101010,scenario_27,705.673475875461,42340.40855252766,6501087.463850272,daily_minutes
Rail,101011,scenario_27,1075.609376186134,64536.56257116805,9909158.939052377,daily_minutes
Rail,101012,scenario_27,1162.8441167036508,69770.64700221905,10712817.709544051,daily_minutes
Rail,101013,scenario_27,501.0606804966956,30063.640829801738,4616071.625143857,daily_minutes
Rail,101014,scenario_27,516.9007350206593,31014.04410123956,4761999.7114513265,daily_minutes
Rail,101015,scenario_27,354.107453364144,21246.44720184864,3262250.324862513,daily_minutes
Rail,101016,scenario_27,856.2982773760814,51377.89664256488,7888733.510154887,daily_minutes
Rail,101017,scenario_27,298.8084215124254,17928.505290745525,2752802.4640253703,daily_minutes
Rail,101018,scenario_27,28.41024047532119,1704.6144285192713,261732.18140294397,daily_minutes
Rail,101019,scenario_27,18.093538602195625,1085.6123161317375,166688.53372658737,daily_minutes
Rail,101020,scenario_27,301.58215864898375,18094.929518939025,2778355.7947696275,daily_minutes
Rail,101021,scenario_27,263.35161827404954,15801.097096442973,2426153.1185115087,daily_minutes
Rail,101022,scenario_27,216.85417764983868,13011.25065899032,1997790.7970169035,daily_minutes
Rail,101023,scenario_27,1243.9815850972882,74638.89510583729,11460304.750867276,daily_minutes
Rail,101024,scenario_27,624.9717776854741,37498.306661128445,5757614.999105198,daily_minutes
Rail,101025,scenario_27,196.97677720390493,11818.606632234296,1814668.2576686945,daily_minutes
Rail,101026,scenario_27,716.590117591586,42995.40705549516,6601658.117324245,daily_minutes
Rail,101027,scenario_27,1102.420644865415,66145.2386919249,10156160.432887122,daily_minutes
Rail,101028,scenario_27,430.7673951407923,25846.043708447538,3968487.704474063,daily_minutes
Rail,101029,scenario_27,588.0548151155017,35283.2889069301,5417513.78973307,daily_minutes
Rail,101030,scenario_27,581.5699368993155,34894.19621395893,5357771.2006786335,daily_minutes
Rail,101031,scenario_27,883.1327054877765,52987.96232926659,8135948.36257669,daily_minutes
Rail,101032,scenario_27,75.63028793533886,4537.817276120331,696751.5906331027,daily_minutes
Rail,100000,scenario_28,239.08610103329556,14345.166061997734,2202604.6143793385,daily_minutes
Rail,100001,scenario_28,758.1995297432004,45491.971784592024,6984988.987712207,daily_minutes
Rail,100002,scenario_28,284.33091691930167,17059.8550151581,2619427.0052107587,daily_minutes
Rail,100003,scenario_28,88.04655227659896,5282.7931365959375,811137.6675033955,daily_minutes
Rail,100004,scenario_28,96.48518726825203,5789.111236095122,888879.4362274987,daily_minutes
Rail,100005,scenario_28,290.6878414551247,17441.270487307484,2677990.808189482,daily_minutes
Rail,101000,scenario_28,315.3349737485187,18920.09842491112,2905054.979155603,daily_minutes
Rail,101001,scenario_28,711.6690364569295,42700.14218741577,6556322.165263108,daily_minutes
Rail,101002,scenario_28,304.14922348855544,18248.953409313326,2802005.1363106654,daily_minutes
Rail,101003,scenario_28,292.52819421291133,17551.69165277468,2694945.2420058665,daily_minutes
Rail,101004,scenario_28,83.82333618798657,5029.400171279194,772230.866965445,daily_minutes
Rail,101005,scenario_28,7.395666535696364,443.73999214178184,68133.31752675632,daily_minutes
Rail,101006,scenario_28,229.0808138469583,13744.848830817498,2110429.905646488,daily_minutes
Rail,101007,scenario_28,593.0206658939351,35581.239953636104,5463262.186614466,daily_minutes
Rail,101008,scenario_28,326.79015547036033,19607.40932822162,3010586.986286241,daily_minutes
Rail,101009,scenario_28,9.712780225290771,582.7668135174463,89479.95910351376,daily_minutes
Rail,101010,scenario_28,357.6232554306516,21457.395325839097,3294640.002980421,daily_minutes
Rail,101011,scenario_28,587.3890399118209,35243.34239470925,5411380.269091641,daily_minutes
Rail,101012,scenario_28,590.5925644675735,35435.55386805441,5440893.059413968,daily_minutes
Rail,101013,scenario_28,254.8572198808179,15291.433192849074,2347897.6238740226,daily_minutes
Rail,101014,scenario_28,261.55476323267067,15693.28579396024,2409599.411757302,daily_minutes
Rail,101015,scenario_28,187.92213150461612,11275.327890276967,1731251.4286994264,daily_minutes
Rail,101016,scenario_28,432.0249532967682,25921.497197806093,3980073.0847418066,daily_minutes
Rail,101017,scenario_28,152.47717733582613,9148.630640149568,1404711.2439240315,daily_minutes
Rail,101018,scenario_28,14.324433402227442,859.4660041336465,131965.2751613605,daily_minutes
Rail,101019,scenario_28,9.443334229788888,566.6000537873333,86997.6609253531,daily_minutes
Rail,101020,scenario_28,153.30497819682932,9198.29869180976,1412337.4421361098,daily_minutes
Rail,101021,scenario_28,132.71680440902855,7963.008264541713,1222666.8322986164,daily_minutes
Rail,101022,scenario_28,108.40330167610956,6504.198100566574,998676.2570213268,daily_minutes
Rail,101023,scenario_28,632.3418504228175,37940.51102536905,5825512.531205248,daily_minutes
Rail,101024,scenario_28,318.2946269263848,19097.67761558309,2932321.080022013,daily_minutes
Rail,101025,scenario_28,99.3900817036738,5963.404902220428,915641.0667032652,daily_minutes
Rail,101026,scenario_28,363.16763428646664,21790.058057188,3345718.1476275017,daily_minutes
Rail,101027,scenario_28,601.1486829101959,36068.920974611756,5538142.356178471,daily_minutes
Rail,101028,scenario_28,218.16254176896473,13089.752506137884,2009844.2323007644,daily_minutes
Rail,101029,scenario_28,298.8762182891114,17932.573097346685,2753427.0486102677,daily_minutes
Rail,101030,scenario_28,296.3936061650238,17783.61636990143,2730555.736155898,daily_minutes
Rail,101031,scenario_28,447.2240942875323,26833.445657251938,4120096.691033321,daily_minutes
Rail,101032,scenario_28,40.398291665307624,2423.8974999184575,372173.301795813,daily_minutes
Rail,100000,scenario_29,604.2420861621431,36254.525169728586,5566640.64297736,daily_minutes
Rail,100001,scenario_29,1914.3725376764996,114862.35226058998,17636348.440598518,daily_minutes
Rail,100002,scenario_29,712.1176680465433,42727.060082792595,6560455.228645585,daily_minutes
Rail,100003,scenario_29,221.43992436730332,13286.3954620382,2040037.4472262184,daily_minutes
Rail,100004,scenario_29,244.1086319922979,14646.517919537873,2248875.1830922435,daily_minutes
Rail,100005,scenario_29,728.5364358107036,43712.18614864221,6711714.768549688,daily_minutes
Rail,101000,scenario_29,788.0948801696577,47285.69281017946,7260402.893050987,daily_minutes
Rail,101001,scenario_29,1771.5633624016918,106293.80174410151,16320704.632461827,daily_minutes
Rail,101002,scenario_29,764.2668398459718,45856.01039075831,7040884.688765,daily_minutes
Rail,101003,scenario_29,733.1051355918171,43986.308135509025,6753804.372153174,daily_minutes
Rail,101004,scenario_29,186.96656150819035,11217.993690491421,1722448.1445503542,daily_minutes
Rail,101005,scenario_29,18.711478805547813,1122.6887283328688,172381.36964398978,daily_minutes
Rail,101006,scenario_29,525.9643403887894,31557.860423327365,4845499.082265761,daily_minutes
Rail,101007,scenario_29,1486.316100593409,89178.96603560454,13692835.708326835,daily_minutes
Rail,101008,scenario_29,815.4937836329264,48929.62701797558,7512818.031096696,daily_minutes
Rail,101009,scenario_29,24.55777580737777,1473.4665484426662,226240.9654030484,daily_minutes
Rail,101010,scenario_29,895.8841539680798,53753.049238084786,8253422.356846332,daily_minutes
Rail,101011,scenario_29,1312.1779169360816,78730.6750161649,12088570.277565343,daily_minutes
Rail,101012,scenario_29,1474.915925721296,88494.95554327776,13587810.457300013,daily_minutes
Rail,101013,scenario_29,636.738258973739,38204.29553842434,5866014.884621467,daily_minutes
Rail,101014,scenario_29,655.4904077887404,39329.424467324425,6038770.93079455,daily_minutes
Rail,101015,scenario_29,437.2781371076853,26236.68822646112,4028468.565918261,daily_minutes
Rail,101016,scenario_29,1084.616037283311,65076.96223699866,9992133.70507623,daily_minutes
Rail,101017,scenario_29,378.36586618026195,22701.951970815717,3485733.3787722816,daily_minutes
Rail,101018,scenario_29,36.01876935957989,2161.1261615747935,331826.51460206567,daily_minutes
Rail,101019,scenario_29,22.497117741913826,1349.8270645148295,207256.9469091553,daily_minutes
Rail,101020,scenario_29,382.7362313508784,22964.173881052706,3525995.8049431015,daily_minutes
Rail,101021,scenario_29,333.832887236269,20029.97323417614,3075468.8569528516,daily_minutes
Rail,101022,scenario_29,274.2645791689356,16455.874750136136,2526689.8620517356,daily_minutes
Rail,101023,scenario_29,1577.3041222174506,94638.24733304704,14531071.956340484,daily_minutes
Rail,101024,scenario_29,791.9982361118164,47519.89416670898,7296362.950003719,daily_minutes
Rail,101025,scenario_29,249.7830034255603,14986.980205533619,2301150.897358317,daily_minutes
Rail,101026,scenario_29,909.679835923518,54580.79015541108,8380516.456429002,daily_minutes
Rail,101027,scenario_29,1345.739906974646,80744.39441847875,12397763.466994625,daily_minutes
Rail,101028,scenario_29,546.789064540455,32807.3438724273,5037348.935985396,daily_minutes
Rail,101029,scenario_29,744.4339293479788,44666.03576087873,6858172.01751119,daily_minutes
Rail,101030,scenario_29,737.6357068538491,44258.14241123095,6795542.71296177,daily_minutes
Rail,101031,scenario_29,1120.9871629576082,67259.2297774565,10327206.337463262,daily_minutes
Rail,101032,scenario_29,93.1409817655658,5588.458905933948,858070.6086134516,daily_minutes
Rail,100000,scenario_30,552.8529250403735,33171.17550242241,5093212.8572269445,daily_minutes
Rail,100001,scenario_30,1750.4982713064455,105029.89627838673,16126640.37423776,daily_minutes
Rail,100002,scenario_30,648.627696059164,38917.66176354984,5975547.512714654,daily_minutes
Rail,100003,scenario_30,202.0999048869562,12125.994293217373,1861865.5837615728,daily_minutes
Rail,100004,scenario_30,223.42819496800075,13405.691698080045,2058354.5889622036,daily_minutes
Rail,100005,scenario_30,663.7754479885407,39826.52687931244,6115097.69213923,daily_minutes
Rail,101000,scenario_30,717.7096385657787,43062.578313946724,6611971.816251093,daily_minutes
Rail,101001,scenario_30,1611.3672554453442,96682.03532672065,14844881.977515778,daily_minutes
Rail,101002,scenario_30,697.6231371204703,41857.38822722822,6426922.913036045,daily_minutes
Rail,101003,scenario_30,667.9363156636755,40076.17893982053,6153430.101683177,daily_minutes
Rail,101004,scenario_30,167.2697601319087,10036.185607914522,1540989.392191222,daily_minutes
Rail,101005,scenario_30,17.12641220093792,1027.5847320562752,157778.7850423607,daily_minutes
Rail,101006,scenario_30,473.1694483281026,28390.166899686155,4359120.859667477,daily_minutes
Rail,101007,scenario_30,1354.2222917040565,81253.33750224339,12475908.284552788,daily_minutes
Rail,101008,scenario_30,742.4964924693631,44549.78954816179,6840323.186523254,daily_minutes
Rail,101009,scenario_30,22.47059422335587,1348.2356534013522,207012.5963420883,daily_minutes
Rail,101010,scenario_30,816.0894893109726,48965.369358658354,7518306.029226265,daily_minutes
Rail,101011,scenario_30,1174.2939117908463,70457.63470745078,10818300.09176435,daily_minutes
Rail,101012,scenario_30,1342.8997668981028,80573.98601388617,12371598.392525462,daily_minutes
Rail,101013,scenario_30,579.2942169427843,34757.653016567056,5336805.903007095,daily_minutes
Rail,101014,scenario_30,597.4932494580789,35849.594967484736,5504466.309957498,daily_minutes
Rail,101015,scenario_30,394.3710067272259,23662.260403633554,3633182.336575241,daily_minutes
Rail,101016,scenario_30,989.7464298546328,59384.785791277965,9118137.95967879,daily_minutes
Rail,101017,scenario_30,344.1003725071714,20646.022350430285,3170059.091759567,daily_minutes
Rail,101018,scenario_30,32.87027869225858,1972.2167215355148,302820.7294803014,daily_minutes
Rail,101019,scenario_30,20.376994450882194,1222.6196670529316,187725.0990781973,daily_minutes
Rail,101020,scenario_30,348.3460655907911,20900.763935447467,3209172.963861722,daily_minutes
Rail,101021,scenario_30,304.69938209853717,18281.96292591223,2807073.5275209835,daily_minutes
Rail,101022,scenario_30,251.03147052133863,15061.888231280318,2312652.5253248843,daily_minutes
Rail,101023,scenario_30,1435.814872326504,86148.89233959024,13227588.09279515,daily_minutes
Rail,101024,scenario_30,720.605468523514,43236.32811141084,6638649.939319724,daily_minutes
Rail,101025,scenario_30,227.89058240259328,13673.434944155597,2099464.7794421306,daily_minutes
Rail,101026,scenario_30,828.6572928846217,49719.4375730773,7634088.176428866,daily_minutes
Rail,101027,scenario_30,1204.8231155873143,72289.38693523886,11099553.434659692,daily_minutes
Rail,101028,scenario_30,498.2028192004218,29892.169152025308,4589743.292165806,daily_minutes
Rail,101029,scenario_30,677.8665662726198,40671.99397635719,6244913.528443137,daily_minutes
Rail,101030,scenario_30,670.9048692545257,40254.29215527154,6180778.198494243,daily_minutes
Rail,101031,scenario_30,1021.4113662163944,61284.681972983664,9409854.352405155,daily_minutes
Rail,101032,scenario_30,83.85705749200133,5031.42344952008,772541.5278508114,daily_minutes
Rail,100000,scenario_31,630.8492084185418,37850.95250511251,5811761.417476658,daily_minutes
Rail,100001,scenario_31,1996.673742993662,119800.42457961972,18394556.52470341,daily_minutes
Rail,100002,scenario_31,738.4819237510746,44308.91542506448,6803338.570749151,daily_minutes
Rail,100003,scenario_31,230.31611754106416,13818.96705246385,2121810.2644588077,daily_minutes
Rail,100004,scenario_31,254.9766811212321,15298.600867273926,2348998.172497463,daily_minutes
Rail,100005,scenario_31,755.8254174233007,45349.52504539804,6963117.240553899,daily_minutes
Rail,101000,scenario_31,817.4315822561621,49045.894935369724,7530670.194693118,daily_minutes
Rail,101001,scenario_31,1834.8692411403315,110092.15446841989,16903916.37092942,daily_minutes
Rail,101002,scenario_31,795.3149619778269,47718.897718669614,7326918.618716927,daily_minutes
Rail,101003,scenario_31,760.5729648471388,45634.37789082833,7006854.49595075,daily_minutes
Rail,101004,scenario_31,193.02535648345656,11581.521389007394,1778265.3991394918,daily_minutes
Rail,101005,scenario_31,19.54481029510498,1172.6886177062988,180058.51932468414,daily_minutes
Rail,101006,scenario_31,544.5450808267269,32672.704849603615,5016676.011624305,daily_minutes
Rail,101007,scenario_31,1542.0342446645736,92522.05467987442,14206144.682396851,daily_minutes
Rail,101008,scenario_31,845.8005091230298,50748.030547381786,7792021.770346823,daily_minutes
Rail,101009,scenario_31,25.639293988599093,1538.3576393159456,236204.559799368,daily_minutes
Rail,101010,scenario_31,929.196625574492,55751.79753446952,8560316.832767563,daily_minutes
Rail,101011,scenario_31,1354.9075877607463,81294.45526564478,12482221.643004652,daily_minutes
Rail,101012,scenario_31,1529.4509255886587,91767.05553531952,14090219.597078076,daily_minutes
Rail,101013,scenario_31,659.1998726428283,39551.992358569696,6072944.746709319,daily_minutes
Rail,101014,scenario_31,680.6776748935808,40840.66049361485,6270811.147724602,daily_minutes
Rail,101015,scenario_31,453.3051113467154,27198.306680802925,4176118.66879275,daily_minutes
Rail,101016,scenario_31,1128.2586182137748,67695.51709282649,10394195.34615622,daily_minutes
Rail,101017,scenario_31,392.09180488395214,23525.508293037128,3612184.9616738977,daily_minutes
Rail,101018,scenario_31,37.45698541007005,2247.419124604203,345076.2237888113,daily_minutes
Rail,101019,scenario_31,23.373048655194,1402.38291931164,215326.54804084025,daily_minutes
Rail,101020,scenario_31,396.6307957729296,23797.847746375777,3654000.869137691,daily_minutes
Rail,101021,scenario_31,347.2489713510149,20834.938281060895,3199065.87346836,daily_minutes
Rail,101022,scenario_31,286.47747165364854,17188.648299218912,2639202.355356402,daily_minutes
Rail,101023,scenario_31,1635.4234655499895,98125.40793299937,15066502.218725832,daily_minutes
Rail,101024,scenario_31,820.9063113312586,49254.37867987552,7562681.483770353,daily_minutes
Rail,101025,scenario_31,259.65658912662184,15579.39534759731,2392112.292987916,daily_minutes
Rail,101026,scenario_31,943.5324176153226,56611.94505691936,8692386.75052292,daily_minutes
Rail,101027,scenario_31,1389.8528224408728,83391.16934645237,12804158.112018785,daily_minutes
Rail,101028,scenario_31,567.3103123168185,34038.61873900911,5226402.983249921,daily_minutes
Rail,101029,scenario_31,772.635205952407,46358.11235714442,7117979.098357144,daily_minutes
Rail,101030,scenario_31,763.9844961067065,45839.06976640239,7038283.568832644,daily_minutes
Rail,101031,scenario_31,1163.1022868613727,69786.13721168236,10715196.12793908,daily_minutes
Rail,101032,scenario_31,96.469325019978,5788.15950119868,888733.3036790491,daily_minutes
Rail,100000,scenario_32,669.4794297834451,40168.765787006705,6167646.194822966,daily_minutes
Rail,100001,scenario_32,2117.9681346892903,127078.08808135742,19511993.237638555,daily_minutes
Rail,100002,scenario_32,780.6182712018053,46837.09627210832,7191523.885273751,daily_minutes
Rail,100003,scenario_32,243.88702856689633,14633.22171401378,2246833.639375389,daily_minutes
Rail,100004,scenario_32,270.68673631339334,16241.2041788036,2493728.626960767,daily_minutes
Rail,100005,scenario_32,799.1833457469329,47951.000744815974,7362556.491028194,daily_minutes
Rail,101000,scenario_32,863.6360050557851,51818.160303347104,7956333.060176926,daily_minutes
Rail,101001,scenario_32,1935.9344930767693,116156.06958460616,17834990.110919043,daily_minutes
Rail,101002,scenario_32,842.096642589473,50525.79855536838,7757899.52951978,daily_minutes
Rail,101003,scenario_32,804.1928602516273,48251.57161509764,7408707.144354141,daily_minutes
Rail,101004,scenario_32,197.1573625564488,11829.441753386927,1816331.91828754,daily_minutes
Rail,101005,scenario_32,20.74917278290377,1244.9503669742262,191153.82917977925,daily_minutes
Rail,101006,scenario_32,561.524530857816,33691.47185146896,5173100.892980715,daily_minutes
Rail,101007,scenario_32,1630.5204673806293,97831.22804283776,15021332.857790785,daily_minutes
Rail,101008,scenario_32,893.2543896971911,53595.263381831464,8229195.390524343,daily_minutes
Rail,101009,scenario_32,27.212228663702263,1632.7337198221358,250695.37778722344,daily_minutes
Rail,101010,scenario_32,982.3221778809966,58939.330672859796,9049741.29594647,daily_minutes
Rail,101011,scenario_32,1384.6284318745602,83077.70591247361,12756027.891487572,daily_minutes
Rail,101012,scenario_32,1615.5219487626891,96931.31692576135,14883157.505171148,daily_minutes
Rail,101013,scenario_32,696.0836384296272,41765.01830577763,6412740.127396783,daily_minutes
Rail,101014,scenario_32,719.8765797773667,43192.594786642,6631934.978856968,daily_minutes
Rail,101015,scenario_32,469.438779534903,28166.32677209418,4324751.700343247,daily_minutes
Rail,101016,scenario_32,1194.2406234998923,71654.43740999354,11002061.16805511,daily_minutes
Rail,101017,scenario_32,413.3790474175912,24802.742845055473,3808295.812239301,daily_minutes
Rail,101018,scenario_32,39.66130000751582,2379.678000450949,365383.69244924025,daily_minutes
Rail,101019,scenario_32,24.382070032748743,1462.9242019649246,224622.25838370103,daily_minutes
Rail,101020,scenario_32,418.8374277511757,25130.245665070543,3858581.6869004807,daily_minutes
Rail,101021,scenario_32,367.7337628841342,22064.02577304805,3387784.0639463747,daily_minutes
Rail,101022,scenario_32,304.13072714794544,18247.843628876726,2801834.736923162,daily_minutes
Rail,101023,scenario_32,1726.8650233526569,103611.90140115941,15908916.714138685,daily_minutes
Rail,101024,scenario_32,866.1731158037583,51970.386948225496,7979706.446653702,daily_minutes
Rail,101025,scenario_32,274.87234304747835,16492.3405828487,2532288.947559199,daily_minutes
Rail,101026,scenario_32,997.4579935669026,59847.479614014155,9189181.511534443,daily_minutes
Rail,101027,scenario_32,1421.342856961477,85280.57141768862,13094263.204043305,daily_minutes
Rail,101028,scenario_32,599.8678184190503,35992.06910514302,5526342.263967343,daily_minutes
Rail,101029,scenario_32,815.714555847575,48942.8733508545,7514851.917201368,daily_minutes
Rail,101030,scenario_32,805.9907587606431,48359.445525638585,7425270.4641583,daily_minutes
Rail,101031,scenario_32,1229.88864223563,73793.3185341378,11330472.105459964,daily_minutes
Rail,101032,scenario_32,99.6102810283046,5976.616861698276,917669.6750013588,daily_minutes
Rail,100000,scenario_33,477.75481737255177,28665.289042353106,4401364.03052637,daily_minutes
Rail,100001,scenario_33,1512.808688290861,90768.52129745166,13936901.321748389,daily_minutes
Rail,100002,scenario_33,560.8776488879812,33652.65893327887,5167141.428145415,daily_minutes
Rail,100003,scenario_33,174.7084311802464,10482.505870814784,1609518.893091138,daily_minutes
Rail,100004,scenario_33,193.0689466316908,11584.136797901449,1778666.977739114,daily_minutes
Rail,100005,scenario_33,573.9562983035648,34437.37789821389,5287629.79375142,daily_minutes
Rail,101000,scenario_33,620.6583219567765,37239.49931740659,5717876.856858999,daily_minutes
Rail,101001,scenario_33,1393.7910672762955,83627.46403657773,12840439.5863896,daily_minutes
Rail,101002,scenario_33,603.0752081354003,36184.51248812402,5555890.662468189,daily_minutes
Rail,101003,scenario_33,577.5554013033689,34653.32407820213,5320786.890047415,daily_minutes
Rail,101004,scenario_33,145.36362012218888,8721.817207331333,1339176.8867376773,daily_minutes
Rail,101005,scenario_33,14.799304072061204,887.9582443236723,136340.06869427103,daily_minutes
Rail,101006,scenario_33,410.6313762624268,24637.882575745607,3782982.616955233,daily_minutes
Rail,101007,scenario_33,1170.969362986027,70258.16177916162,10787672.35344507,daily_minutes
Rail,101008,scenario_33,642.1372346699427,38528.23408019656,5915753.488120314,daily_minutes
Rail,101009,scenario_33,19.417759593299703,1165.0655755979822,178888.05202923287,daily_minutes
Rail,101010,scenario_33,705.6861612578214,42341.16967546928,6501204.329203805,daily_minutes
Rail,101011,scenario_33,1020.4264301816584,61225.5858108995,9400780.530691544,daily_minutes
Rail,101012,scenario_33,1161.3596122344388,69681.57673406633,10699141.563670993,daily_minutes
Rail,101013,scenario_33,501.02050225334824,30061.230135200894,4615701.479059196,daily_minutes
Rail,101014,scenario_33,516.6298299014306,30997.78979408584,4759503.97094992,daily_minutes
Rail,101015,scenario_33,342.03256423074345,20521.953853844607,3151009.201232147,daily_minutes
Rail,101016,scenario_33,855.6433801869862,51338.60281121917,7882700.204310629,daily_minutes
Rail,101017,scenario_33,297.67031016148394,17860.218609689036,2742317.4993936867,daily_minutes
Rail,101018,scenario_33,28.414686624222668,1704.88119745336,261773.14199431377,daily_minutes
Rail,101019,scenario_33,17.65387954712787,1059.2327728276723,162638.1307158702,daily_minutes
Rail,101020,scenario_33,301.2749227145905,18076.49536287543,2775525.3530004364,daily_minutes
Rail,101021,scenario_33,263.3961783012055,15803.77069807233,2426563.6322176857,daily_minutes
Rail,101022,scenario_33,216.9201611360113,13015.209668160678,1998398.6764816176,daily_minutes
Rail,101023,scenario_33,1241.7837835669488,74507.02701401693,11440057.284488872,daily_minutes
Rail,101024,scenario_33,623.2996458510606,37397.97875106364,5742210.317367481,daily_minutes
Rail,101025,scenario_33,197.0053796927168,11820.322781563007,1814931.7609571223,daily_minutes
Rail,101026,scenario_33,716.5562504966656,42993.375029799936,6601346.113325581,daily_minutes
Rail,101027,scenario_33,1046.8453932483098,62810.72359489859,9644167.86983938,daily_minutes
Rail,101028,scenario_33,430.7875329275412,25847.25197565247,3968673.2258482655,daily_minutes
Rail,101029,scenario_33,586.2741704284417,35176.4502257065,5401109.422489062,daily_minutes
Rail,101030,scenario_33,580.3246085503924,34819.47651302355,5346298.488731345,daily_minutes
Rail,101031,scenario_33,883.1888559082363,52991.33135449418,8136465.653940218,daily_minutes
Rail,101032,scenario_33,72.75962707596045,4365.577624557627,670305.3403999932,daily_minutes
Rail,100000,scenario_34,778.1969654619315,46691.81792771589,7169217.36401459,daily_minutes
Rail,100001,scenario_34,2462.626927375648,147757.61564253888,22687196.831140894,daily_minutes
Rail,100002,scenario_34,909.041010210858,54542.46061265148,8374631.210668551,daily_minutes
Rail,100003,scenario_34,283.78939113620436,17027.36346817226,2614438.1447813963,daily_minutes
Rail,100004,scenario_34,314.6183225314453,18877.099351886718,2898452.7581531927,daily_minutes
Rail,100005,scenario_34,930.567871332154,55834.07227992924,8572949.571434602,daily_minutes
Rail,101000,scenario_34,1005.4438362437796,60326.63017462678,9262751.885779442,daily_minutes
Rail,101001,scenario_34,2254.2800476094417,135256.8028565665,20767780.366606742,daily_minutes
Rail,101002,scenario_34,979.5900884191068,58775.40530514641,9024571.648569863,daily_minutes
Rail,101003,scenario_34,936.3922711948836,56183.53627169302,8626607.437609984,daily_minutes
Rail,101004,scenario_34,227.326879564891,13639.61277389346,2094271.6106795145,daily_minutes
Rail,101005,scenario_34,24.116634686797624,1446.9980812078575,222176.9087155918,daily_minutes
Rail,101006,scenario_34,648.7530860066036,38925.18516039621,5976702.680144436,daily_minutes
Rail,101007,scenario_34,1898.5590028563456,113913.54017138074,17490664.66971437,daily_minutes
Rail,101008,scenario_34,1039.8109945554606,62388.65967332764,9579362.768441636,daily_minutes
Rail,101009,scenario_34,31.632219839157187,1897.9331903494312,291414.98849021946,daily_minutes
Rail,101010,scenario_34,1143.890070571535,68633.4042342921,10538201.664147325,daily_minutes
Rail,101011,scenario_34,1596.6809022466186,95800.85413479712,14709582.480037196,daily_minutes
Rail,101012,scenario_34,1880.84017231068,112850.4103386408,17327428.17142937,daily_minutes
Rail,101013,scenario_34,810.9662062704883,48657.9723762293,7471107.271887501,daily_minutes
Rail,101014,scenario_34,837.915201552707,50274.91209316242,7719377.585824467,daily_minutes
Rail,101015,scenario_34,542.8452372590837,32570.71423554502,5001016.032773034,daily_minutes
Rail,101016,scenario_34,1389.3135465501982,83358.8127930119,12799189.978948357,daily_minutes
Rail,101017,scenario_34,481.11689009067777,28867.013405440666,4432337.461649378,daily_minutes
Rail,101018,scenario_34,46.151333236688515,2769.079994201311,425173.7725763166,daily_minutes
Rail,101019,scenario_34,28.237579345688573,1694.2547607413144,260141.52348009055,daily_minutes
Rail,101020,scenario_34,487.7390468994999,29264.342813969994,4493344.743466333,daily_minutes
Rail,101021,scenario_34,427.8845573902072,25673.07344341243,3941929.2734130225,daily_minutes
Rail,101022,scenario_34,353.48848110830295,21209.308866498177,3256547.9810583517,daily_minutes
Rail,101023,scenario_34,2010.3485892117317,120620.9153527039,18520537.412971996,daily_minutes
Rail,101024,scenario_34,1008.2791528662055,60496.74917197233,9288872.523695204,daily_minutes
Rail,101025,scenario_34,319.8834932009195,19193.00959205517,2946958.6694627907,daily_minutes
Rail,101026,scenario_34,1161.4916464824782,69689.4987889487,10700357.94238448,daily_minutes
Rail,101027,scenario_34,1639.2598184148228,98355.58910488937,15101845.003128396,daily_minutes
Rail,101028,scenario_34,698.4690279502247,41908.14167701348,6434715.76689424,daily_minutes
Rail,101029,scenario_34,949.1282891751034,56947.697350506205,8743939.276854558,daily_minutes
Rail,101030,scenario_34,938.5152433593904,56310.914601563425,8646165.530972717,daily_minutes
Rail,101031,scenario_34,1432.034177190042,85922.05063140253,13192758.060780982,daily_minutes
Rail,101032,scenario_34,115.1165692051145,6906.99415230687,1060522.9054590375,daily_minutes
Rail,100000,scenario_35,636.4627301534638,38187.76380920783,5863476.5478118,daily_minutes
Rail,100001,scenario_35,2013.8692797343829,120832.15678406297,18552972.126480974,daily_minutes
Rail,100002,scenario_35,743.3685990493686,44602.11594296212,6848357.555602214,daily_minutes
Rail,100003,scenario_35,232.0758988699381,13924.553932196286,2138022.4259291915,daily_minutes
Rail,100004,scenario_35,257.29982207623834,15437.9893245743,2370400.3408595533,daily_minutes
Rail,100005,scenario_35,760.9568517844891,45657.41110706935,7010391.092749784,daily_minutes
Rail,101000,scenario_35,822.6171995422483,49357.031972534896,7578443.212502915,daily_minutes
Rail,101001,scenario_35,1845.1066066126805,110706.39639676083,16998229.12407998,daily_minutes
Rail,101002,scenario_35,801.353874242428,48081.23245454568,7382552.701845791,daily_minutes
Rail,101003,scenario_35,765.7315054517094,45943.89032710256,7054378.067124418,daily_minutes
Rail,101004,scenario_35,190.7274736405379,11443.648418432274,1757095.9236608197,daily_minutes
Rail,101005,scenario_35,19.72298870087252,1183.3793220523512,181700.00570565817,daily_minutes
Rail,101006,scenario_35,540.8444843452016,32450.669060712098,4982583.8964786045,daily_minutes
Rail,101007,scenario_35,1552.5169950923373,93151.01970554024,14302718.068987666,daily_minutes
Rail,101008,scenario_35,850.9859866162806,51059.159196976834,7839793.500301145,daily_minutes
Rail,101009,scenario_35,25.868786732433364,1552.1272039460018,238318.7846512156,daily_minutes
Rail,101010,scenario_35,935.412824994448,56124.76949966688,8617584.19154385,daily_minutes
Rail,101011,scenario_35,1339.1512815635433,80349.0768938126,12337065.096532298,daily_minutes
Rail,101012,scenario_35,1538.9554586788945,92337.32752073367,14177781.058625184,daily_minutes
Rail,101013,scenario_35,663.1744117439521,39790.464704637125,6109560.585632333,daily_minutes
Rail,101014,scenario_35,685.3916929364932,41123.50157618959,6314239.510346737,daily_minutes
Rail,101015,scenario_35,451.2682867845142,27076.097207070852,4157354.218831016,daily_minutes
Rail,101016,scenario_35,1136.614042570298,68196.84255421787,10471170.528583126,daily_minutes
Rail,101017,scenario_35,394.1236899554788,23647.42139732873,3630903.906083844,daily_minutes
Rail,101018,scenario_35,37.740895907089,2264.45375442534,347691.7776336481,daily_minutes
Rail,101019,scenario_35,23.360706710795057,1401.6424026477034,215212.84664387052,daily_minutes
Rail,101020,scenario_35,399.03610972169554,23942.166583301732,3676160.064422092,daily_minutes
Rail,101021,scenario_35,349.9124949137622,20994.749694825732,3223603.8506425256,daily_minutes
Rail,101022,scenario_35,289.0878995578096,17345.273973468575,2663251.183466276,daily_minutes
Rail,101023,scenario_35,1645.2784292063006,98716.70575237804,15157292.056905964,daily_minutes
Rail,101024,scenario_35,825.5261187057768,49531.567122346605,7605241.921188838,daily_minutes
Rail,101025,scenario_35,261.588415432052,15695.30492592312,2409909.436009322,daily_minutes
Rail,101026,scenario_35,949.8351285240204,56990.107711441226,8750451.10504039,daily_minutes
Rail,101027,scenario_35,1374.2119865895438,82452.71919537263,12660065.34765483,daily_minutes
Rail,101028,scenario_35,571.1706990242528,34270.24194145517,5261967.181830831,daily_minutes
Rail,101029,scenario_35,777.2447137456111,46634.682824736665,7160444.649852817,daily_minutes
Rail,101030,scenario_35,768.2107140780499,46092.642844682996,7077218.024515443,daily_minutes
Rail,101031,scenario_35,1171.034314978213,70262.05889869278,10788270.730168285,daily_minutes
Rail,101032,scenario_35,95.88325257311226,5752.9951543867355,883334.0526550539,daily_minutes
Rail,100000,scenario_36,536.0227157334739,32161.362944008433,4938162.870966202,daily_minutes
Rail,100001,scenario_36,1696.4568297704027,101787.40978622416,15628778.189942813,daily_minutes
Rail,100002,scenario_36,626.7926625410546,37607.559752463276,5774390.082925719,daily_minutes
Rail,100003,scenario_36,195.58025906880357,11734.815544128214,1801802.69469726,daily_minutes
Rail,100004,scenario_36,216.6757863998282,13000.547183989693,1996147.3497870576,daily_minutes
Rail,100005,scenario_36,641.5809915701102,38494.85949420661,5910629.042938797,daily_minutes
Rail,101000,scenario_36,693.5387995918572,41612.327975511434,6389295.545119944,daily_minutes
Rail,101001,scenario_36,1555.895117378226,93353.70704269355,14333839.358358646,daily_minutes
Rail,101002,scenario_36,675.2483231504884,40514.899389029306,6220792.701856189,daily_minutes
Rail,101003,scenario_36,645.6038661261264,38736.23196756758,5947690.177073551,daily_minutes
Rail,101004,scenario_36,160.30814526876202,9618.488716125721,1476854.819102997,daily_minutes
Rail,101005,scenario_36,16.60890986125014,996.5345916750084,153011.24298775304,daily_minutes
Rail,101006,scenario_36,454.7990203638183,27287.941221829096,4189881.455003712,daily_minutes
Rail,101007,scenario_36,1308.9598640242766,78537.5918414566,12058923.643310051,daily_minutes
Rail,101008,scenario_36,717.4304926494588,43045.829558967525,6609400.156582404,daily_minutes
Rail,101009,scenario_36,21.78702900409553,1307.2217402457318,200715.18340313048,daily_minutes
Rail,101010,scenario_36,788.6951856712622,47321.71114027573,7265933.267515069,daily_minutes
Rail,101011,scenario_36,1125.600047769149,67536.00286614893,10369703.00007806,daily_minutes
Rail,101012,scenario_36,1297.532934431256,77851.97606587537,11953651.911741387,daily_minutes
Rail,101013,scenario_36,559.3208746075688,33559.25247645413,5152799.489409688,daily_minutes
Rail,101014,scenario_36,577.7488155484098,34664.928932904586,5322568.7381212795,daily_minutes
Rail,101015,scenario_36,379.55605629085767,22773.36337745146,3496698.124185155,daily_minutes
Rail,101016,scenario_36,957.8114055235856,57468.684331415134,8823933.354526583,daily_minutes
Rail,101017,scenario_36,332.26083366276725,19935.650019766035,3060986.1562016094,daily_minutes
Rail,101018,scenario_36,31.808102162664,1908.48612975984,293035.32198375836,daily_minutes
Rail,101019,scenario_36,19.655309232068248,1179.3185539240949,181076.50183135192,daily_minutes
Rail,101020,scenario_36,336.4641496379918,20187.848978279508,3099709.624954963,daily_minutes
Rail,101021,scenario_36,294.88590501945146,17693.154301167087,2716665.888582198,daily_minutes
Rail,101022,scenario_36,243.4464401880541,14606.786411283247,2242774.6748764673,daily_minutes
Rail,101023,scenario_36,1387.1786148488318,83230.7168909299,12779521.707156347,daily_minutes
Rail,101024,scenario_36,695.9874066312987,41759.24439787792,6411853.582331501,daily_minutes
Rail,101025,scenario_36,220.48356247744232,13229.01374864654,2031226.867679685,daily_minutes
Rail,101026,scenario_36,800.847603930968,48050.85623585808,7377888.635974435,daily_minutes
Rail,101027,scenario_36,1155.113901478035,69306.8340886821,10641602.32875654,daily_minutes
Rail,101028,scenario_36,481.5584426422938,28893.50655853763,4436405.308686396,daily_minutes
Rail,101029,scenario_36,655.1223440031317,39307.340640187904,6035380.106363251,daily_minutes
Rail,101030,scenario_36,647.7722874283427,38866.33724570056,5967666.97516235,daily_minutes
Rail,101031,scenario_36,987.3063617368024,59238.38170420814,9095658.588136466,daily_minutes
Rail,101032,scenario_36,80.63412208354566,4838.04732501274,742849.9131068727,daily_minutes
Rail,100000,scenario_37,774.7354085287661,46484.12451172597,7137327.4246121105,daily_minutes
Rail,100001,scenario_37,2452.644487126832,147158.6692276099,22595232.602104653,daily_minutes
Rail,100002,scenario_37,906.8929509204172,54413.57705522503,8354841.999649434,daily_minutes
Rail,100003,scenario_37,282.8786542894086,16972.719257364515,2606047.8905066056,daily_minutes
Rail,100004,scenario_37,313.21084698052437,18792.650818831462,2885486.2488927785,daily_minutes
Rail,100005,scenario_37,928.2475536665588,55694.85321999353,8551573.41290854,daily_minutes
Rail,101000,scenario_37,1002.563421177998,60153.80527067988,9236215.773944424,daily_minutes
Rail,101001,scenario_37,2247.893903037082,134873.63418222492,20708947.37111942,daily_minutes
Rail,101002,scenario_37,975.990244237677,58559.41465426062,8991407.724064022,daily_minutes
Rail,101003,scenario_37,934.0415261865857,56042.49157119514,8604950.964146538,daily_minutes
Rail,101004,scenario_37,221.96847960163723,13318.108776098234,2044906.815178043,daily_minutes
Rail,101005,scenario_37,24.008629163115984,1440.517749786959,221181.8970281223,daily_minutes
Rail,101006,scenario_37,636.5798488638393,38194.79093183036,5864555.515643005,daily_minutes
Rail,101007,scenario_37,1893.8125493844857,113628.75296306914,17446937.49245951,daily_minutes
Rail,101008,scenario_37,1036.5603929839272,62193.62357903563,9549416.276403729,daily_minutes
Rail,101009,scenario_37,31.495047378601157,1889.7028427160694,290151.273480101,daily_minutes
Rail,101010,scenario_37,1141.0966472983564,68465.79883790138,10512466.972900838,daily_minutes
Rail,101011,scenario_37,1559.464712188652,93567.88273131911,14366724.607509172,daily_minutes
Rail,101012,scenario_37,1875.406713551376,112524.40281308256,17277371.889263406,daily_minutes
Rail,101013,scenario_37,809.4198914727021,48565.19348836213,7456861.692181415,daily_minutes
Rail,101014,scenario_37,835.372640413043,50122.35842478258,7695953.9870692,daily_minutes
Rail,101015,scenario_37,533.8168758611282,32029.012551667693,4917841.35055823,daily_minutes
Rail,101016,scenario_37,1384.2739960531762,83056.43976319057,12752762.61603949,daily_minutes
Rail,101017,scenario_37,479.3360011815821,28760.160070894926,4415930.844485443,daily_minutes
Rail,101018,scenario_37,46.005958461770206,2760.3575077062123,423834.49292490416,daily_minutes
Rail,101019,scenario_37,27.869988377889968,1672.199302673398,256755.0549301491,daily_minutes
Rail,101020,scenario_37,486.475017446297,29188.50104677782,4481699.745725756,daily_minutes
Rail,101021,scenario_37,426.5019252140919,25590.115512845514,3929191.6362273423,daily_minutes
Rail,101022,scenario_37,351.9072075050499,21114.432450302993,3241980.3398610223,daily_minutes
Rail,101023,scenario_37,2004.2090017637672,120252.54010582603,18463975.84964888,daily_minutes
Rail,101024,scenario_37,1004.9323367338802,60295.94020403281,9258039.645394543,daily_minutes
Rail,101025,scenario_37,318.91571294471214,19134.94277668273,2938042.897074455,daily_minutes
Rail,101026,scenario_37,1158.613565194697,69516.81391168182,10673843.330712665,daily_minutes
Rail,101027,scenario_37,1601.6377419293567,96098.2645157614,14755247.861298392,daily_minutes
Rail,101028,scenario_37,696.7041503073415,41802.24901844049,6418456.655121414,daily_minutes
Rail,101029,scenario_37,945.4505549372698,56727.033296236186,8710057.78241509,daily_minutes
Rail,101030,scenario_37,935.8276058456833,56149.656350740996,8621405.40161394,daily_minutes
Rail,101031,scenario_37,1428.4147311171837,85704.88386703102,13159413.551890166,daily_minutes
Rail,101032,scenario_37,113.03400167437212,6782.040100462327,1041337.0438253206,daily_minutes
Rail,100000,scenario_38,609.4883550285958,36569.30130171575,5614972.419536442,daily_minutes
Rail,100001,scenario_38,1929.315153567004,115758.90921402024,17774008.78375138,daily_minutes
Rail,100002,scenario_38,713.6954083045857,42821.72449827514,6574990.318546826,daily_minutes
Rail,100003,scenario_38,222.56215044655255,13353.729026793153,2050376.06720391,daily_minutes
Rail,100004,scenario_38,246.3537445068214,14781.224670409285,2269558.5066435426,daily_minutes
Rail,100005,scenario_38,730.4766637484863,43828.59982490918,6729589.312449305,daily_minutes
Rail,101000,scenario_38,789.5790740251832,47374.74444151099,7274076.1773644015,daily_minutes
Rail,101001,scenario_38,1771.7187362670738,106303.12417602443,16322136.029734043,daily_minutes
Rail,101002,scenario_38,768.2646998047494,46095.881988284964,7077715.373421234,daily_minutes
Rail,101003,scenario_38,735.0532088518521,44103.192531111126,6771751.191868572,daily_minutes
Rail,101004,scenario_38,181.75127786003577,10905.076671602146,1674401.8224133654,daily_minutes
Rail,101005,scenario_38,18.883821169532897,1133.0292701719738,173969.09090643874,daily_minutes
Rail,101006,scenario_38,515.9941418726885,30959.64851236131,4753647.631416329,daily_minutes
Rail,101007,scenario_38,1490.3134956042122,89418.80973625273,13729662.109603366,daily_minutes
Rail,101008,scenario_38,816.7426271994773,49004.55763196864,7524323.127337905,daily_minutes
Rail,101009,scenario_38,24.772848216707644,1486.3708930024586,228222.3414812408,daily_minutes
Rail,101010,scenario_38,898.0302375555184,53881.814253331104,8273193.366503968,daily_minutes
Rail,101011,scenario_38,1276.2079087336751,76572.47452402051,11757192.979999855,daily_minutes
Rail,101012,scenario_38,1477.2472204884325,88634.83322930595,13609287.743471734,daily_minutes
Rail,101013,scenario_38,637.1068246225987,38226.40947735592,5869410.332518152,daily_minutes
Rail,101014,scenario_38,657.6405122717333,39458.430736304,6058578.983354569,daily_minutes
Rail,101015,scenario_38,430.7589502572955,25845.53701543773,3968409.90514036,daily_minutes
Rail,101016,scenario_38,1089.8028355200731,65388.17013120439,10039917.602512226,daily_minutes
Rail,101017,scenario_38,378.2550048311823,22695.30028987094,3484712.05750775,daily_minutes
Rail,101018,scenario_38,36.195955959941784,2171.757357596507,333458.86387655966,daily_minutes
Rail,101019,scenario_38,22.31891962687223,1339.1351776123338,205615.2789545231,daily_minutes
Rail,101020,scenario_38,383.1438277085399,22988.629662512394,3529750.827147695,daily_minutes
Rail,101021,scenario_38,335.55577731133235,20133.34663867994,3091341.15405838,daily_minutes
Rail,101022,scenario_38,276.78891824083985,16607.33509445039,2549945.588185561,daily_minutes
Rail,101023,scenario_38,1579.2659595529476,94755.95757317686,14549145.578977484,daily_minutes
Rail,101024,scenario_38,792.3786092281516,47542.7165536891,7299867.17537527,daily_minutes
Rail,101025,scenario_38,250.91666644413635,15054.999986648181,2311594.88128325,daily_minutes
Rail,101026,scenario_38,911.8565635105188,54711.393810631125,8400569.776997004,daily_minutes
Rail,101027,scenario_38,1309.7339222987866,78584.0353379272,12066054.7325698,daily_minutes
Rail,101028,scenario_38,548.2746902148065,32896.48141288839,5051035.411072926,daily_minutes
Rail,101029,scenario_38,745.6125678698081,44736.75407218849,6869030.342757394,daily_minutes
Rail,101030,scenario_38,737.6409476439148,44258.45685863489,6795590.994264329,daily_minutes
Rail,101031,scenario_38,1124.0775106747897,67444.65064048738,10355676.474842569,daily_minutes
Rail,101032,scenario_38,91.49295790200269,5489.577474120161,842888.0239679897,daily_minutes
Rail,100000,scenario_39,541.5183900316406,32491.103401898436,4988792.320005492,daily_minutes
Rail,100001,scenario_39,1714.1671182632565,102850.02709579539,15791935.993712071,daily_minutes
Rail,100002,scenario_39,634.6206614613257,38077.23968767954,5846506.305778608,daily_minutes
Rail,100003,scenario_39,197.8141138077117,11868.846828462702,1822382.3048649249,daily_minutes
Rail,100004,scenario_39,218.826457945499,13129.58747672994,2015960.626468704,daily_minutes
Rail,100005,scenario_39,649.4882482528265,38969.29489516959,5983475.435853989,daily_minutes
Rail,101000,scenario_39,702.6384015143776,42158.30409086266,6473126.537791355,daily_minutes
Rail,101001,scenario_39,1578.01318031548,94680.7908189288,14537604.224974388,daily_minutes
Rail,101002,scenario_39,683.1643447796814,40989.860686780885,6293719.842717293,daily_minutes
Rail,101003,scenario_39,653.5723363737343,39214.34018242406,6021100.506076664,daily_minutes
Rail,101004,scenario_39,168.2194979350097,10093.169876100583,1549738.9466760703,daily_minutes
Rail,101005,scenario_39,16.77369359334989,1006.4216156009934,154529.32959809518,daily_minutes
Rail,101006,scenario_39,472.8088741640604,28368.532449843624,4355799.034123823,daily_minutes
Rail,101007,scenario_39,1325.077419106121,79504.64514636726,12207408.23125705,daily_minutes
Rail,101008,scenario_39,727.1617104987745,43629.70262992647,6699049.974141009,daily_minutes
Rail,101009,scenario_39,22.00673270234256,1320.4039621405536,202739.22569360107,daily_minutes
Rail,101010,scenario_39,798.5165882786168,47910.99529671701,7356413.921175585,daily_minutes
Rail,101011,scenario_39,1180.5528346359642,70833.17007815785,10875961.044367284,daily_minutes
Rail,101012,scenario_39,1314.8257781386492,78889.54668831895,12112963.963680118,daily_minutes
Rail,101013,scenario_39,566.6683292249945,34000.09975349967,5220488.649818184,daily_minutes
Rail,101014,scenario_39,584.91151483656,35094.6908901936,5388555.821583292,daily_minutes
Rail,101015,scenario_39,392.9306492388205,23575.83895432923,3619912.899177558,daily_minutes
Rail,101016,scenario_39,969.2660961389412,58155.96576833647,8929460.837289609,daily_minutes
Rail,101017,scenario_39,337.3087094088405,20238.52256453043,3107490.216299884,daily_minutes
Rail,101018,scenario_39,32.17275186378538,1930.3651118271227,296394.6938203092,daily_minutes
Rail,101019,scenario_39,20.20147705078853,1212.0886230473118,186108.12747809436,daily_minutes
Rail,101020,scenario_39,340.97480104563874,20458.488062738325,3141264.452113051,daily_minutes
Rail,101021,scenario_39,298.2423744916741,17894.542469500448,2747587.6992419967,daily_minutes
Rail,101022,scenario_39,245.86179062529845,14751.707437517907,2265026.332314624,daily_minutes
Rail,101023,scenario_39,1406.150569383317,84369.03416299901,12954302.735500744,daily_minutes
Rail,101024,scenario_39,706.0007263601001,42360.043581606005,6504102.291665058,daily_minutes
Rail,101025,scenario_39,223.04049646057683,13382.42978763461,2054782.87769271,daily_minutes
Rail,101026,scenario_39,810.8458993136665,48650.75395881999,7469998.932017083,daily_minutes
Rail,101027,scenario_39,1210.673704113564,72640.42224681385,11153452.566516615,daily_minutes
Rail,101028,scenario_39,487.4913411379166,29249.480468274996,4491062.7293671705,daily_minutes
Rail,101029,scenario_39,664.4010350466269,39864.062102797616,6120860.975470554,daily_minutes
Rail,101030,scenario_39,657.0361661355273,39422.16996813164,6053011.384140158,daily_minutes
Rail,101031,scenario_39,999.4452273130736,59966.713638784415,9207489.101144422,daily_minutes
Rail,101032,scenario_39,83.71688913301477,5023.0133479808865,771250.2128268118,daily_minutes
Rail,100000,scenario_40,625.177922886658,37510.67537319948,5759514.1323856255,daily_minutes
Rail,100001,scenario_40,1979.6909938177123,118781.45962906274,18238101.249645054,daily_minutes
Rail,100002,scenario_40,735.0135874251791,44100.81524551075,6771386.175513205,daily_minutes
Rail,100003,scenario_40,228.78435014092247,13727.061008455348,2107698.7041082624,daily_minutes
Rail,100004,scenario_40,252.56844158179592,15154.106494907755,2326812.024916453,daily_minutes
Rail,100005,scenario_40,752.0389042854731,45122.33425712839,6928233.6096203495,daily_minutes
Rail,101000,scenario_40,814.1958654721966,48851.751928331796,7500860.830249158,daily_minutes
Rail,101001,scenario_40,1830.6723333855916,109840.3400031355,16865251.9385481,daily_minutes
Rail,101002,scenario_40,790.2160056790381,47412.960340742284,7279943.973918705,daily_minutes
Rail,101003,scenario_40,756.7777253052045,45406.66351831227,6971890.472146726,daily_minutes
Rail,101004,scenario_40,200.93178437559985,12055.907062535991,1851104.1567386508,daily_minutes
Rail,101005,scenario_40,19.360036913567455,1161.6022148140473,178356.27606993154,daily_minutes
Rail,101006,scenario_40,560.1775297006607,33610.65178203964,5160691.510120306,daily_minutes
Rail,101007,scenario_40,1534.2808334589429,92056.85000753657,14134715.606323851,daily_minutes
Rail,101008,scenario_40,842.9190773587397,50575.144641524384,7765476.292075125,daily_minutes
Rail,101009,scenario_40,25.40469983420917,1524.28199005255,234043.33769263537,daily_minutes
Rail,101010,scenario_40,924.7322282633032,55483.933695798194,8519188.126098506,daily_minutes
Rail,101011,scenario_40,1409.5084395091471,84570.50637054883,12985237.44982197,daily_minutes
Rail,101012,scenario_40,1523.868136777579,91432.08820665473,14038787.596877122,daily_minutes
Rail,101013,scenario_40,656.8635378719337,39411.81227231602,6051421.028998976,daily_minutes
Rail,101014,scenario_40,677.1792344690039,40630.75406814023,6238581.4154691445,daily_minutes
Rail,101015,scenario_40,463.81368730869144,27828.821238521487,4272929.975700051,daily_minutes
Rail,101016,scenario_40,1121.4587715785165,67287.52629471099,10331551.07904424,daily_minutes
Rail,101017,scenario_40,391.6173332234685,23497.03999340811,3607813.8440545257,daily_minutes
Rail,101018,scenario_40,37.211520099648624,2232.6912059789174,342814.85007002286,daily_minutes
Rail,101019,scenario_40,23.692710494986382,1421.562629699183,218271.46470611155,daily_minutes
Rail,101020,scenario_40,395.26985688215063,23716.191412929038,3641463.083512501,daily_minutes
Rail,101021,scenario_40,344.91706493702077,20695.023896221246,3177582.9524387973,daily_minutes
Rail,101022,scenario_40,283.77023620615364,17026.21417236922,2614261.67807281,daily_minutes
Rail,101023,scenario_40,1630.2061276634777,97812.36765980866,15018436.971712552,daily_minutes
Rail,101024,scenario_40,819.0534018318431,49143.204109910585,7545611.369716037,daily_minutes
Rail,101025,scenario_40,258.0220026016468,15481.32015609881,2377053.501167931,daily_minutes
Rail,101026,scenario_40,939.0298307697594,56341.789846185566,8650906.218949486,daily_minutes
Rail,101027,scenario_40,1444.6078289032885,86676.46973419731,13308594.084554436,daily_minutes
Rail,101028,scenario_40,564.4552768608555,33867.31661165133,5200100.683608317,daily_minutes
Rail,101029,scenario_40,770.4490090231411,46226.94054138847,7097838.540526589,daily_minutes
Rail,101030,scenario_40,762.3088079353693,45738.528476122156,7022846.123985382,daily_minutes
Rail,101031,scenario_40,1157.2083577295707,69432.50146377424,10660897.716419443,daily_minutes
Rail,101032,scenario_40,99.07190817201626,5944.314490320976,912709.861225517,daily_minutes
Rail,100000,scenario_41,683.1430903057772,40988.58541834663,6293524.0337510025,daily_minutes
Rail,100001,scenario_41,2162.95459213265,129777.27552795899,19926435.47548125,daily_minutes
Rail,100002,scenario_41,801.009343284386,48060.56059706316,7379378.675941735,daily_minutes
Rail,100003,scenario_41,249.6511679331743,14979.070075990458,2299936.3497011615,daily_minutes
Rail,100004,scenario_41,276.11376261715486,16566.82575702929,2543725.6494868007,daily_minutes
Rail,100005,scenario_41,819.7724580447539,49186.34748268523,7552235.746983099,daily_minutes
Rail,101000,scenario_41,885.997914699692,53159.87488198152,8162344.388962383,daily_minutes
Rail,101001,scenario_41,1988.322174380286,119299.33046281716,18317616.86369582,daily_minutes
Rail,101002,scenario_41,861.5862828572426,51695.17697143456,7937449.789450632,daily_minutes
Rail,101003,scenario_41,824.9026418865396,49494.15851319238,7599498.078643935,daily_minutes
Rail,101004,scenario_41,202.51250756588703,12150.750453953222,1865666.7272014911,daily_minutes
Rail,101005,scenario_41,21.164975039180717,1269.898502350843,194984.44904595625,daily_minutes
Rail,101006,scenario_41,575.7758905748487,34546.553434490925,5304392.969509851,daily_minutes
Rail,101007,scenario_41,1672.4854771375976,100349.12862825586,15407939.70667783,daily_minutes
Rail,101008,scenario_41,916.3930439334072,54983.58263600443,8442362.556540906,daily_minutes
Rail,101009,scenario_41,27.767751137478623,1666.0650682487174,255813.18412913557,daily_minutes
Rail,101010,scenario_41,1007.850756696862,60471.04540181172,9284925.88114551,daily_minutes
Rail,101011,scenario_41,1422.1000350773538,85326.00210464123,13101238.783153629,daily_minutes
Rail,101012,scenario_41,1657.6498744090495,99458.99246454297,15271265.23298081,daily_minutes
Rail,101013,scenario_41,715.2735342323576,42916.41205394146,6589528.961469017,daily_minutes
Rail,101014,scenario_41,737.8302655637235,44269.81593382341,6797335.104532359,daily_minutes
Rail,101015,scenario_41,480.9785611053521,28858.713666321128,4431063.092039167,daily_minutes
Rail,101016,scenario_41,1222.2387173911266,73334.3230434676,11259996.407837491,daily_minutes
Rail,101017,scenario_41,424.3508372565557,25461.05023539334,3909374.523309744,daily_minutes
Rail,101018,scenario_41,40.60258261363197,2436.154956817918,374055.3525863458,daily_minutes
Rail,101019,scenario_41,24.94868532817054,1496.9211196902324,229842.2584543039,daily_minutes
Rail,101020,scenario_41,430.01042310993944,25800.625386596366,3961514.023942627,daily_minutes
Rail,101021,scenario_41,376.3904465993255,22583.42679595953,3467534.6283409465,daily_minutes
Rail,101022,scenario_41,310.22498672813526,18613.499203688116,2857978.712731619,daily_minutes
Rail,101023,scenario_41,1772.0348763227812,106322.09257936687,16325048.501611255,daily_minutes
Rail,101024,scenario_41,889.0434404791595,53342.60642874957,8190401.599758304,daily_minutes
Rail,101025,scenario_41,281.48551937741286,16889.13116264477,2593213.4958163537,daily_minutes
Rail,101026,scenario_41,1023.3520471970552,61401.12283182331,9427733.070007589,daily_minutes
Rail,101027,scenario_41,1459.6157132924272,87576.94279754563,13446855.720277814,daily_minutes
Rail,101028,scenario_41,615.2868652920879,36917.211917525274,5668391.775189889,daily_minutes
Rail,101029,scenario_41,836.3076427201304,50178.45856320782,7704567.789323472,daily_minutes
Rail,101030,scenario_41,827.8199153185124,49669.19491911074,7626373.751863327,daily_minutes
Rail,101031,scenario_41,1261.4611311932383,75687.6678715943,11621336.817230828,daily_minutes
Rail,101032,scenario_41,102.114168936052,6126.85013616312,940736.9927402728,daily_minutes
Rail,100000,scenario_42,790.6038633781864,47436.23180269118,7283517.151757879,daily_minutes
Rail,100001,scenario_42,2502.285690053177,150137.14140319062,23052557.148183897,daily_minutes
Rail,100002,scenario_42,923.7383845149016,55424.30307089409,8510032.241181983,daily_minutes
Rail,100003,scenario_42,288.3680009840464,17302.080059042783,2656619.0458656256,daily_minutes
Rail,100004,scenario_42,319.6658000626776,19179.948003760655,2944953.1496574236,daily_minutes
Rail,100005,scenario_42,945.6114476839576,56736.68686103746,8711540.022933226,daily_minutes
Rail,101000,scenario_42,1021.1461673555168,61268.77004133101,9407411.181379434,daily_minutes
Rail,101001,scenario_42,2288.4823625424615,137308.9417525477,21082872.61315868,daily_minutes
Rail,101002,scenario_42,995.0205751298636,59701.234507791814,9166726.55044138,daily_minutes
Rail,101003,scenario_42,951.513734600856,57090.82407605136,8765915.431383844,daily_minutes
Rail,101004,scenario_42,224.6110371270188,13476.662227621127,2069251.640636373,daily_minutes
Rail,101005,scenario_42,24.503471692398307,1470.2083015438984,225740.68331338864,daily_minutes
Rail,101006,scenario_42,645.5740855533368,38734.445133200206,5947415.8205686705,daily_minutes
Rail,101007,scenario_42,1929.254859606197,115755.29157637182,17773453.31960805,daily_minutes
Rail,101008,scenario_42,1055.7007283070852,63342.043698425114,9725748.529601851,daily_minutes
Rail,101009,scenario_42,32.14073543532868,1928.4441261197207,296099.739271509,daily_minutes
Rail,101010,scenario_42,1162.3488522171974,69740.93113303185,10708255.035936153,daily_minutes
Rail,101011,scenario_42,1578.222809600804,94693.36857604825,14539535.455728363,daily_minutes
Rail,101012,scenario_42,1910.0335817972373,114602.01490783424,17596375.37566523,daily_minutes
Rail,101013,scenario_42,824.0531711101357,49443.190266608144,7591672.244169235,daily_minutes
Rail,101014,scenario_42,851.1746090888482,51070.476545330894,7841531.203691923,daily_minutes
Rail,101015,scenario_42,541.8837865193782,32513.02719116269,4992158.571688423,daily_minutes
Rail,101016,scenario_42,1411.1036372223898,84666.21823334339,12999933.368274989,daily_minutes
Rail,101017,scenario_42,487.970418035984,29278.22508215904,4495476.273198307,daily_minutes
Rail,101018,scenario_42,46.89787443478417,2813.8724660870503,432051.35801789263,daily_minutes
Rail,101019,scenario_42,28.337060292557,1700.22361755342,261058.0016512106,daily_minutes
Rail,101020,scenario_42,495.3623450119485,29721.74070071691,4563575.139657076,daily_minutes
Rail,101021,scenario_42,434.79386110302585,26087.63166618155,4005581.924797735,daily_minutes
Rail,101022,scenario_42,359.161788908561,21549.70733451366,3308813.896499009,daily_minutes
Rail,101023,scenario_42,2041.0696550506837,122464.17930304102,18803558.30411993,daily_minutes
Rail,101024,scenario_42,1023.2161494095344,61392.968964572065,9426481.098050276,daily_minutes
Rail,101025,scenario_42,325.06376686075237,19503.826011645142,2994682.458581367,daily_minutes
Rail,101026,scenario_42,1180.1948747553542,70811.69248532125,10872663.303171176,daily_minutes
Rail,101027,scenario_42,1621.1723697025154,97270.34218215093,14935212.573121391,daily_minutes
Rail,101028,scenario_42,709.7469325759012,42584.81595455407,6538614.591048746,daily_minutes
Rail,101029,scenario_42,962.984474116427,57779.06844698562,8871590.766244994,daily_minutes
Rail,101030,scenario_42,952.6918620664364,57161.51172398619,8776769.048473252,daily_minutes
Rail,101031,scenario_42,1455.1743718523358,87310.46231114015,13405939.418126827,daily_minutes
Rail,101032,scenario_42,114.66568495426328,6879.941097255797,1056369.0892096458,daily_minutes
Rail,100000,scenario_43,558.4881480018375,33509.28888011025,5145127.912281728,daily_minutes
Rail,100001,scenario_43,1766.468259048488,105988.09554290929,16273765.4833101,daily_minutes
Rail,100002,scenario_43,651.0112011452584,39060.6720687155,5997505.791670807,daily_minutes
Rail,100003,scenario_43,203.3965778986967,12203.794673921802,1873811.3135495333,daily_minutes
Rail,100004,scenario_43,225.76005115509903,13545.603069305942,2079837.0472714656,daily_minutes
Rail,100005,scenario_43,666.4715338548413,39988.292031290475,6139935.65279111,daily_minutes
Rail,101000,scenario_43,721.0086876253481,43260.521257520886,6642364.635617281,daily_minutes
Rail,101001,scenario_43,1617.5925795217772,97055.55477130663,14902233.398102324,daily_minutes
Rail,101002,scenario_43,702.8073275129354,42168.43965077613,6474682.785445669,daily_minutes
Rail,101003,scenario_43,670.6707332035585,40240.24399221351,6178621.1967111025,daily_minutes
Rail,101004,scenario_43,173.26364377343998,10395.818626406399,1596208.644627193,daily_minutes
Rail,101005,scenario_43,17.305330530805804,1038.3198318483483,159427.08804810155,daily_minutes
Rail,101006,scenario_43,487.1804014008012,29230.824084048072,4488198.165945021,daily_minutes
Rail,101007,scenario_43,1359.7604769508034,81585.6286170482,12526929.36995697,daily_minutes
Rail,101008,scenario_43,746.1976985593865,44771.86191356319,6874420.917748204,daily_minutes
Rail,101009,scenario_43,22.696118211773864,1361.7670927064319,209090.2586377879,daily_minutes
Rail,101010,scenario_43,819.2239596426516,49153.4375785591,7547182.650603891,daily_minutes
Rail,101011,scenario_43,1215.9811284741154,72958.86770844692,11202347.744180636,daily_minutes
Rail,101012,scenario_43,1348.9635864773663,80937.81518864198,12427461.936781384,daily_minutes
Rail,101013,scenario_43,580.5154458324323,34830.92674994594,5348056.596275865,daily_minutes
Rail,101014,scenario_43,600.6961113293728,36041.76667976237,5533972.99523298,daily_minutes
Rail,101015,scenario_43,404.9495193839248,24296.971163035487,3730637.942276345,daily_minutes
Rail,101016,scenario_43,996.8730158766266,59812.380952597596,9183792.346065007,daily_minutes
Rail,101017,scenario_43,346.0028662244149,20760.171973464894,3187586.0053790445,daily_minutes
Rail,101018,scenario_43,33.07777962684486,1984.6667776106915,304732.3525902709,daily_minutes
Rail,101019,scenario_43,20.825783284497447,1249.5469970698468,191859.61108676117,daily_minutes
Rail,101020,scenario_43,349.6306873559515,20977.84124135709,3221007.6703354386,daily_minutes
Rail,101021,scenario_43,306.68682804106356,18401.209682463814,2825383.072011102,daily_minutes
Rail,101022,scenario_43,253.6547686259437,15219.286117556621,2336819.921443369,daily_minutes
Rail,101023,scenario_43,1442.597877925611,86555.87267553667,13290077.210177485,daily_minutes
Rail,101024,scenario_43,724.2009789507501,43452.05873704501,6671773.93868168,daily_minutes
Rail,101025,scenario_43,229.2458321889353,13754.749931336119,2111950.153623785,daily_minutes
Rail,101026,scenario_43,831.8989603777736,49913.93762266642,7663952.362376277,daily_minutes
Rail,101027,scenario_43,1247.0464422902005,74822.78653741203,11488540.0542427,daily_minutes
Rail,101028,scenario_43,500.2675611834056,30016.053671004334,4608764.934158242,daily_minutes
Rail,101029,scenario_43,682.2878483196328,40937.270899177965,6285645.031429448,daily_minutes
Rail,101030,scenario_43,673.5217453777877,40411.304722667264,6204886.431467407,daily_minutes
Rail,101031,scenario_43,1025.6716679553792,61540.300077322754,9449102.808205726,daily_minutes
Rail,101032,scenario_43,86.26592178745341,5175.9553072472045,794733.4310590932,daily_minutes
Rail,100000,scenario_44,655.2430012205441,39314.580073232646,6036491.673044384,daily_minutes
Rail,100001,scenario_44,2074.941782442693,124496.50694656157,19115608.66493155,daily_minutes
Rail,100002,scenario_44,769.2396351715142,46154.378110290854,7086697.0629810905,daily_minutes
Rail,100003,scenario_44,239.6178011576412,14377.068069458472,2207502.9549448853,daily_minutes
Rail,100004,scenario_44,264.80479717256094,15888.287830353656,2439540.674431935,daily_minutes
Rail,100005,scenario_44,787.1901803016954,47231.41081810172,7252068.255047398,daily_minutes
Rail,101000,scenario_44,850.9934065937705,51059.60439562623,7839861.85758577,daily_minutes
Rail,101001,scenario_44,1910.59469103624,114635.6814621744,17601544.650640465,daily_minutes
Rail,101002,scenario_44,826.9882549921167,49619.295299527,7618711.997940374,daily_minutes
Rail,101003,scenario_44,792.119586247165,47527.1751748299,7297480.900260631,daily_minutes
Rail,101004,scenario_44,196.5862115859345,11795.17269515607,1811070.13285658,daily_minutes
Rail,101005,scenario_44,20.298041343688965,1217.882480621338,186997.73568286895,daily_minutes
Rail,101006,scenario_44,557.2502196828573,33435.01318097144,5133723.373850291,daily_minutes
Rail,101007,scenario_44,1606.0045289357367,96360.2717361442,14795477.323273368,daily_minutes
Rail,101008,scenario_44,880.2979533890757,52817.87720334454,8109832.925392198,daily_minutes
Rail,101009,scenario_44,26.632882499689003,1597.9729499813402,245358.09331663488,daily_minutes
Rail,101010,scenario_44,967.844349261126,58070.66095566756,8916362.85200305,daily_minutes
Rail,101011,scenario_44,1380.2594388921862,82815.56633353117,12715778.106738154,daily_minutes
Rail,101012,scenario_44,1592.28860092361,95537.3160554166,14669117.964868847,daily_minutes
Rail,101013,scenario_44,687.1210488518409,41227.262931110454,6330171.374652469,daily_minutes
Rail,101014,scenario_44,708.4554878294584,42507.329269767506,6526717.027177668,daily_minutes
Rail,101015,scenario_44,464.8793464302871,27892.760785817227,4282747.466923663,daily_minutes
Rail,101016,scenario_44,1173.2812912801892,70396.87747681135,10808971.22404787,daily_minutes
Rail,101017,scenario_44,407.84879737495794,24470.927842497476,3757347.830696537,daily_minutes
Rail,101018,scenario_44,38.972312863654224,2338.3387718192535,359036.3294877009,daily_minutes
Rail,101019,scenario_44,24.058367284131236,1443.5020370478742,221640.11444178745,daily_minutes
Rail,101020,scenario_44,413.0789171835204,24784.735031011223,3805530.8324448992,daily_minutes
Rail,101021,scenario_44,361.2584837913746,21675.509027482476,3328129.9077764177,daily_minutes
Rail,101022,scenario_44,297.5190300623508,17851.141803741048,2740923.8163524126,daily_minutes
Rail,101023,scenario_44,1702.3514708380098,102141.08825028059,15683083.16024225,daily_minutes
Rail,101024,scenario_44,854.2634848832531,51255.80909299519,7869987.780835457,daily_minutes
Rail,101025,scenario_44,270.2041004180501,16212.246025083004,2489282.295511328,daily_minutes
Rail,101026,scenario_44,982.7361979126728,58964.171874760366,9053555.496890288,daily_minutes
Rail,101027,scenario_44,1416.3576857526496,84981.46114515897,13048336.81576486,daily_minutes
Rail,101028,scenario_44,590.8266988336836,35449.60193002102,5443050.045675193,daily_minutes
Rail,101029,scenario_44,803.4481048803136,48206.88629281882,7401846.011020376,daily_minutes
Rail,101030,scenario_44,795.4698638936388,47728.19183361833,7328345.668106536,daily_minutes
Rail,101031,scenario_44,1211.303747230777,72678.22483384662,11159256.901738254,daily_minutes
Rail,101032,scenario_44,98.7870552977547,5927.223317865282,910085.625636095,daily_minutes
Rail,100000,scenario_45,549.719016631454,32983.14099788724,5064341.412618932,daily_minutes
Rail,100001,scenario_45,1741.0122547784997,104460.73528670998,16039249.498372404,daily_minutes
Rail,100002,scenario_45,646.0921513319263,38765.52907991558,5952188.553360503,daily_minutes
Rail,100003,scenario_45,201.15636113481744,12069.381668089047,1853173.0925906184,daily_minutes
Rail,100004,scenario_45,222.14050590198167,13328.4303541189,2046491.624672596,daily_minutes
Rail,100005,scenario_45,661.1101564407654,39666.609386445925,6090543.427226195,daily_minutes
Rail,101000,scenario_45,714.8654546559701,42891.927279358206,6585769.48756359,daily_minutes
Rail,101001,scenario_45,1605.5947684367493,96335.68610620496,14791702.363700395,daily_minutes
Rail,101002,scenario_45,694.2642850916163,41655.85710549698,6395979.152835024,daily_minutes
Rail,101003,scenario_45,665.2526643732999,39915.159862397995,6128706.695805463,daily_minutes
Rail,101004,scenario_45,166.80392157242022,10008.235294345213,1536697.8078780784,daily_minutes
Rail,101005,scenario_45,17.027682050065778,1021.6609230039467,156869.22365443598,daily_minutes
Rail,101006,scenario_45,471.50588470300136,28290.35308218008,4343795.113414871,daily_minutes
Rail,101007,scenario_45,1348.7728063345712,80926.36838007427,12425704.355637869,daily_minutes
Rail,101008,scenario_45,739.5670541624713,44374.02324974828,6813335.443177183,daily_minutes
Rail,101009,scenario_45,22.34330894953746,1340.5985369722475,205839.96802850877,daily_minutes
Rail,101010,scenario_45,812.8721314986615,48772.32788991969,7488665.798644568,daily_minutes
Rail,101011,scenario_45,1170.975129596416,70258.50777578496,10787725.478919942,daily_minutes
Rail,101012,scenario_45,1337.664021519864,80259.84129119184,12323363.564653898,daily_minutes
Rail,101013,scenario_45,577.2931755999816,34637.5905359989,5318371.10953239,daily_minutes
Rail,101014,scenario_45,594.9531910379519,35697.191462277115,5481065.767756236,daily_minutes
Rail,101015,scenario_45,392.85338612399937,23571.203167439962,3619201.1050059567,daily_minutes
Rail,101016,scenario_45,985.071101411202,59104.26608467212,9075066.02886084,daily_minutes
Rail,101017,scenario_45,342.823065650482,20569.38393902892,3158291.7746116305,daily_minutes
Rail,101018,scenario_45,32.71717626253667,1963.0305757522,301410.2580362453,daily_minutes
Rail,101019,scenario_45,20.287215614313027,1217.2329368587816,186898.00256842017,daily_minutes
Rail,101020,scenario_45,347.0541445454146,20823.248672724876,3197271.0120390863,daily_minutes
Rail,101021,scenario_45,303.26578639349464,18195.947183609678,2793866.383728708,daily_minutes
Rail,101022,scenario_45,249.5830474694958,14974.982848169748,2299308.783117477,daily_minutes
Rail,101023,scenario_45,1430.266150095078,85815.96900570468,13176469.934365915,daily_minutes
Rail,101024,scenario_45,717.8875946759727,43073.25568055836,6613611.254711865,daily_minutes
Rail,101025,scenario_45,226.85064298313955,13611.038578988373,2089884.2335464712,daily_minutes
Rail,101026,scenario_45,825.3845019579312,49523.07011747587,7603937.262737636,daily_minutes
Rail,101027,scenario_45,1201.3500327984875,72081.00196790925,11067557.312159346,daily_minutes
Rail,101028,scenario_45,496.1943932751456,29771.663596508737,4571240.467486605,daily_minutes
Rail,101029,scenario_45,675.0729470511142,40504.37682306685,6219177.032003094,daily_minutes
Rail,101030,scenario_45,668.5068074445153,40110.40844667092,6158685.814263341,daily_minutes
Rail,101031,scenario_45,1017.2809131920294,61036.854791521764,9371802.14087289,daily_minutes
Rail,101032,scenario_45,83.55377684439736,5013.226610663842,769747.5245566951,daily_minutes
Rail,100000,scenario_46,613.8687684476608,36832.12610685965,5655327.41620092,daily_minutes
Rail,100001,scenario_46,1942.676815605264,116560.60893631584,17897104.431445055,daily_minutes
Rail,100002,scenario_46,717.5043031851383,43050.258191108296,6610080.143523404,daily_minutes
Rail,100003,scenario_46,223.9227973938323,13435.367843629938,2062911.1632704197,daily_minutes
Rail,100004,scenario_46,248.13847767516563,14888.308660509938,2286000.539430231,daily_minutes
Rail,100005,scenario_46,734.4593048890019,44067.55829334012,6766279.792220418,daily_minutes
Rail,101000,scenario_46,793.9515221596157,47637.09132957694,7314357.793047675,daily_minutes
Rail,101001,scenario_46,1781.078274647443,106864.69647884658,16408361.713017035,daily_minutes
Rail,101002,scenario_46,773.1586744269298,46389.52046561579,7122801.604025533,daily_minutes
Rail,101003,scenario_46,739.0659329792106,44343.95597875264,6808718.814164276,daily_minutes
Rail,101004,scenario_46,183.79630463921785,11027.778278353071,1693241.8361192583,daily_minutes
Rail,101005,scenario_46,19.020631090803363,1141.2378654482018,175229.46598713504,daily_minutes
Rail,101006,scenario_46,521.2880742470588,31277.28445482353,4802418.512808454,daily_minutes
Rail,101007,scenario_46,1498.4529532471934,89907.1771948316,13804647.677085092,daily_minutes
Rail,101008,scenario_46,821.3241594573192,49279.44956743915,7566530.951416499,daily_minutes
Rail,101009,scenario_46,24.950238347038976,1497.0143008223386,229856.56579593127,daily_minutes
Rail,101010,scenario_46,902.8605138122948,54171.63082873769,8317692.769547147,daily_minutes
Rail,101011,scenario_46,1290.5023464123517,77430.1407847411,11888881.916558428,daily_minutes
Rail,101012,scenario_46,1485.394412324829,89123.66473948974,13684344.56298372,daily_minutes
Rail,101013,scenario_46,640.2053624292166,38412.321745753,5897955.9219154,daily_minutes
Rail,101014,scenario_46,661.4402651170749,39686.41590702449,6093584.586417563,daily_minutes
Rail,101015,scenario_46,434.9904341618312,26099.426049709873,4007392.873759286,daily_minutes
Rail,101016,scenario_46,1096.672367799336,65800.34206796015,10103203.855588162,daily_minutes
Rail,101017,scenario_46,380.3793635884722,22822.76181530833,3504282.9249951583,daily_minutes
Rail,101018,scenario_46,36.41750391326059,2185.0502347956353,335499.8965513045,daily_minutes
Rail,101019,scenario_46,22.52107582091412,1351.2645492548472,207477.6631077534,daily_minutes
Rail,101020,scenario_46,385.154771262387,23109.28627574322,3548276.845731865,daily_minutes
Rail,101021,scenario_46,337.6219125747739,20257.314754486433,3110375.631786362,daily_minutes
Rail,101022,scenario_46,278.7968432426569,16727.810594559414,2568443.798057301,daily_minutes
Rail,101023,scenario_46,1588.0369043211103,95282.21425926662,14629948.78474866,daily_minutes
Rail,101024,scenario_46,796.7709273497603,47806.25564098562,7340331.845302401,daily_minutes
Rail,101025,scenario_46,252.42800962135516,15145.68057728131,2325518.2814376964,daily_minutes
Rail,101026,scenario_46,916.7758797307542,55006.552783845254,8445889.469607545,daily_minutes
Rail,101027,scenario_46,1324.3132163922564,79458.79298353539,12200367.9373353,daily_minutes
Rail,101028,scenario_46,551.2734731635283,33076.408389811695,5078661.998866321,daily_minutes
Rail,101029,scenario_46,750.0604793628372,45003.62876177023,6910007.172178073,daily_minutes
Rail,101030,scenario_46,741.521658527905,44491.2995116743,6831342.431354177,daily_minutes
Rail,101031,scenario_46,1130.2391681512015,67814.35008907209,10412441.36050976,daily_minutes
Rail,101032,scenario_46,92.4186513820896,5545.1190829253765,851416.0677226385,daily_minutes
Rail,100000,scenario_47,396.7321463584958,23803.92878150975,3654934.5715422784,daily_minutes
Rail,100001,scenario_47,1256.8139461835672,75408.83677101403,11578524.16061073,daily_minutes
Rail,100002,scenario_47,467.69961438377504,28061.976863026503,4308729.467471966,daily_minutes
Rail,100003,scenario_47,145.40090328847873,8724.054197308724,1339520.361635439,daily_minutes
Rail,100004,scenario_47,160.23674358527205,9614.204615116323,1476197.0239536772,daily_minutes
Rail,100005,scenario_47,478.45549100241624,28707.329460144974,4407819.05640886,daily_minutes
Rail,101000,scenario_47,518.0977636228126,31085.865817368758,4773027.457151524,daily_minutes
Rail,101001,scenario_47,1165.7087848553856,69942.52709132314,10739208.751358723,daily_minutes
Rail,101002,scenario_47,502.1497891744002,30128.987350464013,4626105.147748079,daily_minutes
Rail,101003,scenario_47,481.4699141810779,28888.194850864675,4435589.731384598,daily_minutes
Rail,101004,scenario_47,128.666119766247,7719.96718597482,1185349.494958527,daily_minutes
Rail,101005,scenario_47,12.282465362550283,736.947921753017,113153.44039903072,daily_minutes
Rail,101006,scenario_47,357.93199324903253,21475.91959494195,3297484.281006037,daily_minutes
Rail,101007,scenario_47,976.1154209732922,58566.92525839753,8992560.927258551,daily_minutes
Rail,101008,scenario_47,536.4241424470674,32185.448546824045,4941861.054707853,daily_minutes
Rail,101009,scenario_47,16.12107061548886,967.2642369293317,148516.97515225268,daily_minutes
Rail,101010,scenario_47,588.3885906000942,35303.31543600565,5420588.7297624275,daily_minutes
Rail,101011,scenario_47,902.4720368514464,54148.32221108679,8314113.886697633,daily_minutes
Rail,101012,scenario_47,969.8126327872014,58188.757967232086,8934495.860815372,daily_minutes
Rail,101013,scenario_47,418.2545320788995,25095.27192473397,3853211.70223007,daily_minutes
Rail,101014,scenario_47,430.69036105871055,25841.421663522633,3967778.020289477,daily_minutes
Rail,101015,scenario_47,296.065544669822,17763.93268018932,2727533.436825202,daily_minutes
Rail,101016,scenario_47,712.7646026522125,42765.87615913275,6566415.178393773,daily_minutes
Rail,101017,scenario_47,249.34756140015088,14960.853684009053,2297139.34415503,daily_minutes
Rail,101018,scenario_47,23.651554616284557,1419.0932769770734,217892.3120579831,daily_minutes
Rail,101019,scenario_47,15.097340202337364,905.8404121402418,139085.7563480532,daily_minutes
Rail,101020,scenario_47,251.60539131163387,15096.323478698032,2317939.827997558,daily_minutes
Rail,101021,scenario_47,219.20118058520168,13152.070835112101,2019412.7962592284,daily_minutes
Rail,101022,scenario_47,180.03251334030938,10801.950800418563,1658567.532398934,daily_minutes
Rail,101023,scenario_47,1037.5933294464849,62255.59976678909,9558932.306858685,daily_minutes
Rail,101024,scenario_47,521.4119803130816,31284.718818784895,4803560.009832295,daily_minutes
Rail,101025,scenario_47,164.02419753871072,9841.451852322643,1511089.3222451264,daily_minutes
Rail,101026,scenario_47,597.4825987448276,35848.95592468965,5504368.189196598,daily_minutes
Rail,101027,scenario_47,924.8015606055706,55488.09363633423,8519826.857234878,daily_minutes
Rail,101028,scenario_47,359.1019446035789,21546.116676214733,3308262.574854931,daily_minutes
Rail,101029,scenario_47,490.2268206675508,29413.609240053047,4516263.608081878,daily_minutes
Rail,101030,scenario_47,485.4069899231181,29124.419395387085,4471860.435365718,daily_minutes
Rail,101031,scenario_47,736.1953496396236,44171.720978377416,6782273.2780899955,daily_minutes
Rail,101032,scenario_47,63.28360734882153,3797.016440929292,583006.5610617532,daily_minutes
Rail,100000,scenario_48,452.88649492061086,27173.18969523665,4172262.123105619,daily_minutes
Rail,100001,scenario_48,1434.3987317402934,86063.9239044176,13214541.756030628,daily_minutes
Rail,100002,scenario_48,532.4818217873471,31948.90930724083,4905542.031398114,daily_minutes
Rail,100003,scenario_48,165.7513118743882,9945.078712463292,1527000.5357739886,daily_minutes
Rail,100004,scenario_48,182.99185183847297,10979.511110308378,1685830.734247116,daily_minutes
Rail,100005,scenario_48,544.8544422149862,32691.26653289917,5019526.034349781,daily_minutes
Rail,101000,scenario_48,589.2352687577222,35354.11612546333,5428388.836957391,daily_minutes
Rail,101001,scenario_48,1323.72939810159,79423.7638860954,12194989.452950709,daily_minutes
Rail,101002,scenario_48,572.1130940397707,34326.78564238624,5270649.090150791,daily_minutes
Rail,101003,scenario_48,548.2704688470403,32896.22813082242,5050996.521300243,daily_minutes
Rail,101004,scenario_48,138.39777863818017,8303.86671829081,1275003.375482099,daily_minutes
Rail,101005,scenario_48,14.02679258981516,841.6075553889096,129223.22941293112,daily_minutes
Rail,101006,scenario_48,390.52536574007536,23431.52194440452,3597753.9844170175,daily_minutes
Rail,101007,scenario_48,1111.5896981041003,66695.38188624602,10240631.252753835,daily_minutes
Rail,101008,scenario_48,609.654335832558,36579.26014995348,5616501.534291023,daily_minutes
Rail,101009,scenario_48,18.406648214688175,1104.3988928812905,169573.08734263628,daily_minutes
Rail,101010,scenario_48,669.9448072890518,40196.68843734311,6171933.531631119,daily_minutes
Rail,101011,scenario_48,971.471028711392,58288.26172268352,8949773.999106571,daily_minutes
Rail,101012,scenario_48,1102.6525980552033,66159.1558833122,10158297.324843366,daily_minutes
Rail,101013,scenario_48,475.8338190595532,28550.029143573192,4383666.641468039,daily_minutes
Rail,101014,scenario_48,490.3419716020581,29420.518296123486,4517324.44758112,daily_minutes
Rail,101015,scenario_48,325.1257385432691,19507.544312596146,2995253.378903721,daily_minutes
Rail,101016,scenario_48,811.7916009168184,48707.496055009105,7478711.30260628,daily_minutes
Rail,101017,scenario_48,282.6803918302685,16960.82350981611,2604221.3777755317,daily_minutes
Rail,101018,scenario_48,26.95948298771691,1617.5689792630146,248366.9329726408,daily_minutes
Rail,101019,scenario_48,16.766918309534958,1006.0150985720975,154466.91161842176,daily_minutes
Rail,101020,scenario_48,286.0722610692392,17164.33566415435,2635469.3123264723,daily_minutes
Rail,101021,scenario_48,249.88858820596943,14993.315292358166,2302123.607706314,daily_minutes
Rail,101022,scenario_48,205.59864854812625,12335.918912887575,1894098.1096144677,daily_minutes
Rail,101023,scenario_48,1179.07817894021,70744.6907364126,10862375.631304575,daily_minutes
Rail,101024,scenario_48,591.8709327698598,35512.25596619159,5452670.15523561,daily_minutes
Rail,101025,scenario_48,186.9328935304657,11215.973611827942,1722137.974938768,daily_minutes
Rail,101026,scenario_48,680.2616180857513,40815.697085145075,6266978.182776792,daily_minutes
Rail,101027,scenario_48,996.5438301582764,59792.62980949658,9180759.689716136,daily_minutes
Rail,101028,scenario_48,408.9376455426463,24536.258732558777,3767378.9533261834,daily_minutes
Rail,101029,scenario_48,556.5568153083295,33393.40891849977,5127335.316709517,daily_minutes
Rail,101030,scenario_48,551.1418770542004,33068.51262325203,5077449.656549527,daily_minutes
Rail,101031,scenario_48,838.3860285997507,50303.16171598504,7723715.127078063,daily_minutes
Rail,101032,scenario_48,69.18640841049637,4151.184504629782,637386.7061225388,daily_minutes
Rail,100000,scenario_49,568.9524258832098,34137.14555299259,5241531.118691659,daily_minutes
Rail,100001,scenario_49,1801.8398256301953,108110.38953781172,16599629.577600736,daily_minutes
Rail,100002,scenario_49,668.8302505473184,40129.815032839106,6161665.566192226,daily_minutes
Rail,100003,scenario_49,208.206352233894,12492.38113403364,1918121.8405899715,daily_minutes
Rail,100004,scenario_49,229.88717586197163,13793.230551718298,2117858.5963459997,daily_minutes
Rail,100005,scenario_49,684.3720270951599,41062.32162570959,6304845.73681687,daily_minutes
Rail,101000,scenario_49,740.2502066651941,44415.01239991165,6819629.053923767,daily_minutes
Rail,101001,scenario_49,1663.173801889017,99790.42811334103,15322154.96728276,daily_minutes
Rail,101002,scenario_49,718.7421651561817,43124.5299093709,6621484.0707178395,daily_minutes
Rail,101003,scenario_49,688.6668913384055,41320.01348030433,6344412.603144195,daily_minutes
Rail,101004,scenario_49,175.37701479595125,10522.620887757075,1615678.2865091804,daily_minutes
Rail,101005,scenario_49,17.621497472129704,1057.2898483277822,162339.80761174212,daily_minutes
Rail,101006,scenario_49,493.83395957747416,29630.03757464845,4549494.736003439,daily_minutes
Rail,101007,scenario_49,1396.2260100325002,83773.56060195001,12862871.74002541,daily_minutes
Rail,101008,scenario_49,765.9851204931547,45959.10722958928,7056714.5210552355,daily_minutes
Rail,101009,scenario_49,23.12277781171724,1387.3666687030343,213020.90286822623,daily_minutes
Rail,101010,scenario_49,841.5026345828956,50490.15807497373,7752427.171358384,daily_minutes
Rail,101011,scenario_49,1230.9014564692989,73854.08738815793,11339802.75786906,daily_minutes
Rail,101012,scenario_49,1385.271860615394,83116.31163692364,12761955.54310538,daily_minutes
Rail,101013,scenario_49,597.6763549685274,35860.58129811165,5506153.187783055,daily_minutes
Rail,101014,scenario_49,615.9812509377662,36958.87505626597,5674788.872389264,daily_minutes
Rail,101015,scenario_49,410.74208168385667,24644.5249010314,3784002.5017206976,daily_minutes
Rail,101016,scenario_49,1019.858046734349,61191.48280406094,9395544.241344864,daily_minutes
Rail,101017,scenario_49,355.2894124169834,21317.364745019004,3273139.240832701,daily_minutes
Rail,101018,scenario_49,33.86330634752085,2031.7983808512508,311969.09605717054,daily_minutes
Rail,101019,scenario_49,21.14781595866953,1268.8689575201718,194826.36930083885,daily_minutes
Rail,101020,scenario_49,359.39180654285883,21563.50839257153,3310932.9569567414,daily_minutes
Rail,101021,scenario_49,313.890153487504,18833.40920925024,2891744.4280189793,daily_minutes
Rail,101022,scenario_49,258.28572595912556,15497.143557547533,2379483.07897104,daily_minutes
Rail,101023,scenario_49,1481.3868491152898,88883.21094691739,13647424.486159518,daily_minutes
Rail,101024,scenario_49,743.7549788375691,44625.298730254144,6851917.118038989,daily_minutes
Rail,101025,scenario_49,234.7989599227658,14087.937595365947,2163108.898184472,daily_minutes
Rail,101026,scenario_49,854.4714131315413,51268.28478789248,7871903.340615638,daily_minutes
Rail,101027,scenario_49,1262.4709312300183,75748.2558738011,11630639.701049669,daily_minutes
Rail,101028,scenario_49,513.6570491174934,30819.422947049607,4732116.93069982,daily_minutes
Rail,101029,scenario_49,699.4368720154089,41966.21232092453,6443632.127129155,daily_minutes
Rail,101030,scenario_49,692.5019878367893,41550.11927020736,6379743.813145205,daily_minutes
Rail,101031,scenario_49,1053.070980658129,63184.25883948774,9701521.716411078,daily_minutes
Rail,101032,scenario_49,87.46283536952251,5247.7701221713505,805760.117125263,daily_minutes
Rail,100000,scenario_50,573.8410301764743,34430.46181058846,5286567.8746037865,daily_minutes
Rail,100001,scenario_50,1816.5845325469345,108995.07195281607,16735466.664541887,daily_minutes
Rail,100002,scenario_50,672.2291867216118,40333.751203296706,6192978.60559152,daily_minutes
Rail,100003,scenario_50,209.59830156956016,12575.89809417361,1930945.3130397296,daily_minutes
Rail,100004,scenario_50,231.94715647695557,13916.829388617334,2136836.373759601,daily_minutes
Rail,100005,scenario_50,688.0025573094463,41280.15343856678,6338292.359469005,daily_minutes
Rail,101000,scenario_50,743.7291258016994,44623.747548101965,6851678.944360735,daily_minutes
Rail,101001,scenario_50,1669.004645065463,100140.27870392778,15375872.19313008,daily_minutes
Rail,101002,scenario_50,723.5032388845357,43410.19433307214,6665345.938547673,daily_minutes
Rail,101003,scenario_50,692.3133835911285,41538.80301546771,6378006.2776716305,daily_minutes
Rail,101004,scenario_50,171.67194983159425,10300.316989895655,1581545.005018545,daily_minutes
Rail,101005,scenario_50,17.779500516262488,1066.7700309757493,163795.42645611978,daily_minutes
Rail,101006,scenario_50,486.9922372002766,29219.534232016595,4486464.684431267,daily_minutes
Rail,101007,scenario_50,1403.6579761107423,84219.47856664454,12931339.470717823,daily_minutes
Rail,101008,scenario_50,769.3285874366557,46159.71524619934,7087516.544618933,daily_minutes
Rail,101009,scenario_50,23.3245397328792,1399.472383972752,214879.65474312293,daily_minutes
Rail,101010,scenario_50,845.8217389345373,50749.30433607224,7792217.352108318,daily_minutes
Rail,101011,scenario_50,1205.3816684901612,72322.90010940967,11104699.159132458,daily_minutes
Rail,101012,scenario_50,1391.4712440073415,83488.27464044049,12819067.982542034,daily_minutes
Rail,101013,scenario_50,600.1418358961746,36008.510153770476,5528866.677377098,daily_minutes
Rail,101014,scenario_50,619.3778235435748,37162.66941261449,5706080.137177536,daily_minutes
Rail,101015,scenario_50,406.40363880196674,24384.218328118004,3744034.1628269986,daily_minutes
Rail,101016,scenario_50,1026.3427854120528,61580.567124723166,9455285.544887075,daily_minutes
Rail,101017,scenario_50,356.3506348828596,21381.038092971576,3282915.8589218324,daily_minutes
Rail,101018,scenario_50,34.08796618778433,2045.27797126706,314038.79730158194,daily_minutes
Rail,101019,scenario_50,21.04423980712454,1262.6543884274724,193872.16364711552,daily_minutes
Rail,101020,scenario_50,360.91026951871027,21654.616171122616,3324921.9489680696,daily_minutes
Rail,101021,scenario_50,316.0092247168286,18960.553483009717,2911266.5836262554,daily_minutes
Rail,101022,scenario_50,260.60247454640194,15636.148472784116,2400826.3570061824,daily_minutes
Rail,101023,scenario_50,1487.5951848804834,89255.711092829,13704619.400229942,daily_minutes
Rail,101024,scenario_50,746.4323386470205,44785.94031882123,6876582.563019541,daily_minutes
Rail,101025,scenario_50,236.3105736573707,14178.634419442242,2177034.790875893,daily_minutes
Rail,101026,scenario_50,858.8446357567518,51530.67814540511,7912192.091372652,daily_minutes
Rail,101027,scenario_50,1236.974555224122,74218.47331344732,11395751.787457746,daily_minutes
Rail,101028,scenario_50,516.3935456454274,30983.612738725642,4757327.178613064,daily_minutes
Rail,101029,scenario_50,702.3332088946918,42139.99253368151,6470314.920263237,daily_minutes
Rail,101030,scenario_50,694.8888361175341,41693.330167052045,6401732.891616394,daily_minutes
Rail,101031,scenario_50,1058.7150928914198,63522.905573485186,9753518.664771494,daily_minutes
Rail,101032,scenario_50,86.34092662530747,5180.4555975184485,795424.4206283076,daily_minutes
Rail,100000,scenario_51,591.8939787706186,35513.63872623711,5452882.4688222,daily_minutes
Rail,100001,scenario_51,1873.3373736699796,112400.24242019877,17258307.88867205,daily_minutes
Rail,100002,scenario_51,692.3852332890019,41543.113997340115,6378668.200198259,daily_minutes
Rail,100003,scenario_51,216.0110434214148,12960.662605284888,1990023.3386241256,daily_minutes
Rail,100004,scenario_51,239.25383340511328,14355.230004306797,2204149.8656279463,daily_minutes
Rail,100005,scenario_51,708.7127599398373,42522.765596390236,6529087.172221744,daily_minutes
Rail,101000,scenario_51,766.0750602026819,45964.503612160916,7057543.0996232275,daily_minutes
Rail,101001,scenario_51,1718.7179558654825,103123.07735192895,15833861.040206345,daily_minutes
Rail,101002,scenario_51,745.7443516969215,44744.66110181529,6870244.414443059,daily_minutes
Rail,101003,scenario_51,713.1554365813208,42789.32619487925,6570015.7750490755,daily_minutes
Rail,101004,scenario_51,176.7543577193719,10605.261463162315,1628367.1959254856,daily_minutes
Rail,101005,scenario_51,18.339614295960928,1100.3768577576557,168955.53066296963,daily_minutes
Rail,101006,scenario_51,501.6383633156438,30098.301798938628,4621393.5858817,daily_minutes
Rail,101007,scenario_51,1445.9174961169338,86755.04976701603,13320659.524726862,daily_minutes
Rail,101008,scenario_51,792.4556099633337,47547.33659780002,7300576.552348208,daily_minutes
Rail,101009,scenario_51,24.057457669565338,1443.4474601739203,221631.7345266376,daily_minutes
Rail,101010,scenario_51,871.2408169587288,52274.44901752373,8026393.150313985,daily_minutes
Rail,101011,scenario_51,1241.098948460829,74465.93690764974,11433748.172590232,daily_minutes
Rail,101012,scenario_51,1433.251526792883,85995.09160757298,13203973.015732111,daily_minutes
Rail,101013,scenario_51,617.9269460558571,37075.61676335143,5692713.783234188,daily_minutes
Rail,101014,scenario_51,638.158725150417,38289.52350902502,5879101.071320731,daily_minutes
Rail,101015,scenario_51,418.7119902352497,25122.71941411498,3857426.081241261,daily_minutes
Rail,101016,scenario_51,1057.811251167455,63468.675070047306,9745191.932505298,daily_minutes
Rail,101017,scenario_51,366.99938925109745,22019.963355065847,3381018.5734146605,daily_minutes
Rail,101018,scenario_51,35.130072100961115,2107.804326057667,323639.30223731435,daily_minutes
Rail,101019,scenario_51,21.6891014099092,1301.346084594552,199813.01564892943,daily_minutes
Rail,101020,scenario_51,371.6840723951246,22301.044343707475,3424176.685347324,daily_minutes
Rail,101021,scenario_51,325.6845708052424,19541.074248314544,3000401.677000376,daily_minutes
Rail,101022,scenario_51,268.81256950699026,16128.754170419415,2476462.6778400983,daily_minutes
Rail,101023,scenario_51,1532.254476791568,91935.26860749409,14116047.592889998,daily_minutes
Rail,101024,scenario_51,768.7810451348414,46126.862708090484,7082472.25640924,daily_minutes
Rail,101025,scenario_51,243.51378660205955,14610.827196123573,2243395.1104501337,daily_minutes
Rail,101026,scenario_51,884.6619287947688,53079.715727686125,8150036.485214686,daily_minutes
Rail,101027,scenario_51,1273.672002551917,76420.32015311503,11733830.69070979,daily_minutes
Rail,101028,scenario_51,531.945099888253,31916.70599329518,4900597.427230519,daily_minutes
Rail,101029,scenario_51,723.5714153110457,43414.28491866274,6665974.02069454,daily_minutes
Rail,101030,scenario_51,715.5674495020867,42934.0469701252,6592236.685282923,daily_minutes
Rail,101031,scenario_51,1090.6041690528364,65436.25014317018,10047299.96781616,daily_minutes
Rail,101032,scenario_51,88.94314752221544,5336.588851332926,819397.6408631619,daily_minutes
Rail,100000,scenario_52,834.9549556514539,50097.297339087236,7692106.024434583,daily_minutes
Rail,100001,scenario_52,2643.515702247634,158610.94213485805,24353652.758526552,daily_minutes
Rail,100002,scenario_52,978.0533706108108,58683.20223664865,9010414.482089154,daily_minutes
Rail,100003,scenario_52,304.9796693165845,18298.78015899507,2809655.701545966,daily_minutes
Rail,100004,scenario_52,337.53721644078905,20252.232986447343,3109595.360182413,daily_minutes
Rail,100005,scenario_52,1001.0486524899752,60062.91914939851,9222260.815929145,daily_minutes
Rail,101000,scenario_52,1081.2255036255665,64873.53021753399,9960898.074700894,daily_minutes
Rail,101001,scenario_52,2424.677263657184,145480.63581943105,22337581.759168178,daily_minutes
Rail,101002,scenario_52,1052.2012820163943,63132.07692098366,9693509.530704236,daily_minutes
Rail,101003,scenario_52,1007.296779243232,60437.80675459392,9279822.308456196,daily_minutes
Rail,101004,scenario_52,239.70016504914383,14382.00990294863,2208261.7405317426,daily_minutes
Rail,101005,scenario_52,25.873321278893854,1552.3992767336313,238360.5596139375,daily_minutes
Rail,101006,scenario_52,687.0716229199897,41224.297375199385,6329716.033312697,daily_minutes
Rail,101007,scenario_52,2042.3317512193607,122539.90507316164,18815185.491283484,daily_minutes
Rail,101008,scenario_52,1117.914676737928,67074.88060427568,10298900.750915837,daily_minutes
Rail,101009,scenario_52,33.942498763412004,2036.5499258047203,312698.6641078094,daily_minutes
Rail,101010,scenario_52,1230.6345190048596,73838.07114029158,11337343.569784168,daily_minutes
Rail,101011,scenario_52,1683.99024868806,101039.4149212836,15513928.56506362,daily_minutes
Rail,101012,scenario_52,2022.6154984733,121356.929908398,18633547.541235127,daily_minutes
Rail,101013,scenario_52,873.1009549935989,52386.05729961593,8043529.857974029,daily_minutes
Rail,101014,scenario_52,900.8220636566692,54049.32381940015,8298913.343643431,daily_minutes
Rail,101015,scenario_52,576.023001821799,34561.38010930794,5306669.506583505,daily_minutes
Rail,101016,scenario_52,1492.4165856024483,89544.9951361469,13749037.036521114,daily_minutes
Rail,101017,scenario_52,517.023395784694,31021.40374708164,4763129.736006072,daily_minutes
Rail,101018,scenario_52,49.600092506429064,2976.005550385744,456945.81222472835,daily_minutes
Rail,101019,scenario_52,30.061912536621097,1803.7147521972659,276948.3754348755,daily_minutes
Rail,101020,scenario_52,524.7049762408133,31482.298574448796,4833897.064116116,daily_minutes
Rail,101021,scenario_52,459.8154060681409,27588.924364088452,4236095.409943354,daily_minutes
Rail,101022,scenario_52,379.2374686560215,22754.24811936129,3493763.103740464,daily_minutes
Rail,101023,scenario_52,2161.578427511427,129694.70565068562,19913757.421291776,daily_minutes
Rail,101024,scenario_52,1083.900968668895,65034.058120133705,9985546.063959062,daily_minutes
Rail,101025,scenario_52,343.8413458825089,20630.480752950534,3167672.7830772013,daily_minutes
Rail,101026,scenario_52,1249.5242766757292,74971.45660054375,11511367.35130282,daily_minutes
Rail,101027,scenario_52,1729.46018470914,103767.6110825484,15932824.89765142,daily_minutes
Rail,101028,scenario_52,751.3417810301034,45080.50686180621,6921811.291917931,daily_minutes
Rail,101029,scenario_52,1019.61069384015,61176.641630409,9393265.478071764,daily_minutes
Rail,101030,scenario_52,1009.4337884843552,60566.02730906131,9299509.71979097,daily_minutes
Rail,101031,scenario_52,1540.422919704506,92425.37518227036,14191300.190069731,daily_minutes
Rail,101032,scenario_52,121.99079007306136,7319.447404383682,1123852.352627085,daily_minutes
Rail,100000,scenario_53,739.8695197065535,44392.17118239321,6816121.937248595,daily_minutes
Rail,100001,scenario_53,2340.727770741767,140443.66624450602,21564188.660735603,daily_minutes
Rail,100002,scenario_53,863.3379813552165,51800.27888131299,7953587.487033066,daily_minutes
Rail,100003,scenario_53,269.6354433696106,16178.126602176635,2484043.485586874,daily_minutes
Rail,100004,scenario_53,299.11580629351374,17946.948377610825,2755634.2770596244,daily_minutes
Rail,100005,scenario_53,883.8180894533871,53029.085367203224,8142262.530898273,daily_minutes
Rail,101000,scenario_53,955.3912510831724,57323.47506499034,8801637.439728834,daily_minutes
Rail,101001,scenario_53,2142.460934525734,128547.65607154404,19737635.605411775,daily_minutes
Rail,101002,scenario_53,931.114052347315,55866.8431408389,8577981.318654874,daily_minutes
Rail,101003,scenario_53,889.3646206577541,53361.87723946525,8193360.504271626,daily_minutes
Rail,101004,scenario_53,221.23870957696636,13274.322574617981,2038183.73584876,daily_minutes
Rail,101005,scenario_53,22.92837797802349,1375.7026786814095,211229.9749603392,daily_minutes
Rail,101006,scenario_53,627.7051749825332,37662.31049895199,5782796.695044085,daily_minutes
Rail,101007,scenario_53,1803.1867459456553,108191.20475673932,16612038.21569894,daily_minutes
Rail,101008,scenario_53,988.3261206905154,59299.56724143092,9105053.21947344,daily_minutes
Rail,101009,scenario_53,30.07122281390184,1804.2733688341104,277034.1472953521,daily_minutes
Rail,101010,scenario_53,1086.405063811908,65184.303828714474,10008615.290873582,daily_minutes
Rail,101011,scenario_53,1553.4253211220205,93205.51926732123,14311086.113368724,daily_minutes
Rail,101012,scenario_53,1787.2819721936685,107236.91833162011,16465513.89703139,daily_minutes
Rail,101013,scenario_53,770.0253936191584,46201.523617149505,7093935.941255858,daily_minutes
Rail,101014,scenario_53,796.1516879021947,47769.10127413168,7334627.039967758,daily_minutes
Rail,101015,scenario_53,523.8701884150796,31432.211304904777,4826206.497792762,daily_minutes
Rail,101016,scenario_53,1320.588152360884,79235.28914165303,12166050.41243988,daily_minutes
Rail,101017,scenario_53,457.6678051571216,27460.068309427297,4216310.421790498,daily_minutes
Rail,101018,scenario_53,43.84814354577975,2630.888612746785,403955.4072298505,daily_minutes
Rail,101019,scenario_53,27.130306498205755,1627.8183898923453,249940.66164537033,daily_minutes
Rail,101020,scenario_53,463.3879603644018,27803.27762186411,4269007.923653088,daily_minutes
Rail,101021,scenario_53,406.5484906673228,24392.90944003937,3745368.625121777,daily_minutes
Rail,101022,scenario_53,336.0705088615796,20164.230531694775,3096083.169938188,daily_minutes
Rail,101023,scenario_53,1910.7110773583263,114642.66464149958,17602616.871271316,daily_minutes
Rail,101024,scenario_53,958.6665862659574,57519.99517595745,8831811.792633759,daily_minutes
Rail,101025,scenario_53,303.901860825179,18234.11164951074,2799726.2830380443,daily_minutes
Rail,101026,scenario_53,1103.159085629406,66189.54513776436,10162963.392269464,daily_minutes
Rail,101027,scenario_53,1594.1604224086475,95649.62534451885,14686362.307481907,daily_minutes
Rail,101028,scenario_53,663.3960308611277,39803.76185166766,6111602.273911225,daily_minutes
Rail,101029,scenario_53,902.758733566574,54165.52401399444,8316755.108855418,daily_minutes
Rail,101030,scenario_53,892.018053807813,53521.08322846878,8217805.522509856,daily_minutes
Rail,101031,scenario_53,1360.1236013789749,81607.41608273849,12530274.690063944,daily_minutes
Rail,101032,scenario_53,111.29066164096002,6677.4396984576015,1025276.3494335082,daily_minutes
Rail,100000,scenario_54,878.8539673250052,52731.23803950031,8096530.059378343,daily_minutes
Rail,100001,scenario_54,2781.907177670917,166914.43066025502,25628598.065011088,daily_minutes
Rail,100002,scenario_54,1028.24626003101,61694.7756018606,9472821.495161682,daily_minutes
Rail,100003,scenario_54,320.80057207739446,19248.034324643668,2955407.350320204,daily_minutes
Rail,100004,scenario_54,355.316034507734,21318.96207046404,3273384.49950595,daily_minutes
Rail,100005,scenario_54,1052.4919209797515,63149.51525878509,9696187.07121806,daily_minutes
Rail,101000,scenario_54,1136.8867247502058,68213.20348501235,10473682.640433744,daily_minutes
Rail,101001,scenario_54,2549.1092956821085,152946.5577409265,23483924.29740099,daily_minutes
Rail,101002,scenario_54,1106.9614232777822,66417.68539666693,10197992.808088897,daily_minutes
Rail,101003,scenario_54,1059.0670093933295,63544.02056359977,9756760.730736988,daily_minutes
Rail,101004,scenario_54,253.37956275932083,15202.77376555925,2334284.559876519,daily_minutes
Rail,101005,scenario_54,27.2362468719366,1634.174812316196,250916.6479324031,daily_minutes
Rail,101006,scenario_54,725.5117744286836,43530.706465721014,6683849.773101689,daily_minutes
Rail,101007,scenario_54,2147.2958018223,128837.74810933799,19782177.30386812,daily_minutes
Rail,101008,scenario_54,1175.5365915457223,70532.19549274334,10829748.40327412,daily_minutes
Rail,101009,scenario_54,35.72657427779632,2143.594456667779,329134.63819162635,daily_minutes
Rail,101010,scenario_54,1293.8253233551804,77629.51940131083,11919495.173941934,daily_minutes
Rail,101011,scenario_54,1779.987877941152,106799.27267646912,16398316.324320655,daily_minutes
Rail,101012,scenario_54,2126.6866742332786,127601.20045399672,19592313.6550415,daily_minutes
Rail,101013,scenario_54,917.6509170690406,55059.055024142435,8453950.838590244,daily_minutes
Rail,101014,scenario_54,947.336111358818,56840.16668152908,8727428.659504246,daily_minutes
Rail,101015,scenario_54,607.9639112313889,36477.834673883335,5600928.328610293,daily_minutes
Rail,101016,scenario_54,1570.0071278890246,94200.42767334147,14463847.666390425,daily_minutes
Rail,101017,scenario_54,543.7202525177854,32623.215151067125,5009077.198345349,daily_minutes
Rail,101018,scenario_54,52.17041487693496,3130.224892616098,480625.16409525095,daily_minutes
Rail,101019,scenario_54,31.703965759283165,1902.2379455569899,292075.9549539721,daily_minutes
Rail,101020,scenario_54,551.6343610405747,33098.061662434484,5081986.714522398,daily_minutes
Rail,101021,scenario_54,483.672640291843,29020.35841751058,4455882.565952633,daily_minutes
Rail,101022,scenario_54,399.2115905761457,23952.69543456874,3677776.6993418,daily_minutes
Rail,101023,scenario_54,2272.863194537073,136371.79167222438,20938979.465992235,daily_minutes
Rail,101024,scenario_54,1139.7638335148513,68385.83001089108,10500188.292638918,daily_minutes
Rail,101025,scenario_54,361.6337761085015,21698.02656651009,3331587.3257771805,daily_minutes
Rail,101026,scenario_54,1313.7012306332326,78822.07383799396,12102603.95733172,daily_minutes
Rail,101027,scenario_54,1827.9019214311556,109674.11528586934,16839729.241376664,daily_minutes
Rail,101028,scenario_54,789.9669371963246,47398.016231779475,7277649.405614859,daily_minutes
Rail,101029,scenario_54,1072.4522104501084,64347.132627006504,9880073.233992668,daily_minutes
Rail,101030,scenario_54,1061.2554768303817,63675.3286098229,9776922.205847574,daily_minutes
Rail,101031,scenario_54,1619.6193837444152,97177.16302466491,14920905.534683798,daily_minutes
Rail,101032,scenario_54,128.79679497078178,7727.8076982469065,1186553.3533478242,daily_minutes
Rail,100000,scenario_55,564.3006869594465,33858.04121756679,5198676.508682596,daily_minutes
Rail,100001,scenario_55,1786.6579652786677,107199.47791672006,16459765.170926252,daily_minutes
Rail,100002,scenario_55,662.0133157452074,39720.79894471244,6098863.872634297,daily_minutes
Rail,100003,scenario_55,206.27112134305207,12376.267280583124,1900293.3324850013,daily_minutes
Rail,100004,scenario_55,228.04413582482812,13682.648149489687,2100879.4056998114,daily_minutes
Rail,100005,scenario_55,677.483078829493,40648.98472976958,6241380.612024587,daily_minutes
Rail,101000,scenario_55,732.6969895383081,43961.81937229849,6750044.285820617,daily_minutes
Rail,101001,scenario_55,1645.391089799043,98723.46538794258,15158329.95388266,daily_minutes
Rail,101002,scenario_55,712.1401204268113,42728.40722560868,6560662.073444041,daily_minutes
Rail,101003,scenario_55,681.7351251144937,40904.10750686962,6280553.013629785,daily_minutes
Rail,101004,scenario_55,172.72528584800602,10363.517150880361,1591248.96840334,daily_minutes
Rail,101005,scenario_55,17.480253855384944,1048.8152313230967,161038.58666811933,daily_minutes
Rail,101006,scenario_55,487.2152389923576,29232.914339541458,4488519.110740993,daily_minutes
Rail,101007,scenario_55,1382.1865056117458,82931.19033670475,12733531.401598768,daily_minutes
Rail,101008,scenario_55,758.1193281273445,45487.15968764067,6984250.122305973,daily_minutes
Rail,101009,scenario_55,22.93469792209362,1376.0818753256171,211288.1980770797,daily_minutes
Rail,101010,scenario_55,832.9539514024946,49977.237084149674,7673671.572690621,daily_minutes
Rail,101011,scenario_55,1212.4065179109675,72744.39107465805,11169416.28690658,daily_minutes
Rail,101012,scenario_55,1371.0314910352172,82261.88946211303,12630764.71431104,daily_minutes
Rail,101013,scenario_55,591.2628827313456,35475.772963880736,5447068.433450794,daily_minutes
Rail,101014,scenario_55,609.9234138786996,36595.40483272198,5618980.442698908,daily_minutes
Rail,101015,scenario_55,405.5579916874631,24333.479501247784,3736243.554219922,daily_minutes
Rail,101016,scenario_55,1010.375591073498,60622.53546440988,9308186.170323707,daily_minutes
Rail,101017,scenario_55,351.4939996560279,21089.639979361673,3238173.6212311224,daily_minutes
Rail,101018,scenario_55,33.54819900196162,2012.8919401176972,309066.1381254716,daily_minutes
Rail,101019,scenario_55,20.90908495584881,1254.5450973509287,192627.03606425275,daily_minutes
Rail,101020,scenario_55,355.6182377557052,21337.09426534231,3276168.5771482093,daily_minutes
Rail,101021,scenario_55,310.9862996101292,18659.177976607752,2864992.383788276,daily_minutes
Rail,101022,scenario_55,256.21707798643183,15373.02467918591,2360425.4526578016,daily_minutes
Rail,101023,scenario_55,1466.0682055652433,87964.0923339146,13506299.95059036,daily_minutes
Rail,101024,scenario_55,735.9179656008127,44155.077936048765,6779717.849894048,daily_minutes
Rail,101025,scenario_55,232.58874986968297,13955.324992180978,2142747.1170494407,daily_minutes
Rail,101026,scenario_55,845.794343038433,50747.66058230598,7791964.964675868,daily_minutes
Rail,101027,scenario_55,1243.6648235877583,74619.8894152655,11457386.553784585,daily_minutes
Rail,101028,scenario_55,508.4948548416578,30509.691290499468,4684559.699714256,daily_minutes
Rail,101029,scenario_55,692.3366473238129,41540.19883942878,6378220.5971353585,daily_minutes
Rail,101030,scenario_55,685.0724268853373,41104.34561312024,6311298.239923858,daily_minutes
Rail,101031,scenario_55,1042.505427855227,62550.32567131362,9604185.504659064,daily_minutes
Rail,101032,scenario_55,86.31166266603395,5178.699759962037,795154.8234771043,daily_minutes
Rail,100000,scenario_56,659.8605446557631,39591.632679345785,6079031.253695683,daily_minutes
Rail,100001,scenario_56,2088.604782931041,125316.28697586246,19241480.423230503,daily_minutes
Rail,100002,scenario_56,772.5402320702997,46352.41392421798,7117104.141970843,daily_minutes
Rail,100003,scenario_56,240.91904042557871,14455.142425534723,2219490.7518246863,daily_minutes
Rail,100004,scenario_56,266.6870833237772,16001.224999426631,2456881.42382863,daily_minutes
Rail,100005,scenario_56,790.6919172286434,47441.515033718606,7284328.3566606,daily_minutes
Rail,101000,scenario_56,855.0943780183152,51305.66268109891,7877642.466931529,daily_minutes
Rail,101001,scenario_56,1919.439816423197,115166.38898539182,17683031.252780344,daily_minutes
Rail,101002,scenario_56,831.9147552688373,49914.88531613024,7664097.87438969,daily_minutes
Rail,101003,scenario_56,795.6572758257098,47739.43654954259,7330072.219271935,daily_minutes
Rail,101004,scenario_56,201.48648446396692,12089.189067838015,1856214.3867727416,daily_minutes
Rail,101005,scenario_56,20.44238211313495,1226.542926788097,188327.48945546703,daily_minutes
Rail,101006,scenario_56,568.6920074801164,34121.52044880699,5239131.988111321,daily_minutes
Rail,101007,scenario_56,1613.1684396345954,96790.10637807572,14861475.566977672,daily_minutes
Rail,101008,scenario_56,884.7570836482628,53085.42501889577,8150913.108817984,daily_minutes
Rail,101009,scenario_56,26.818116378752165,1609.08698272513,247064.57895089217,daily_minutes
Rail,101010,scenario_56,972.0626605272118,58323.75963163271,8955224.466372991,daily_minutes
Rail,101011,scenario_56,1414.339134150723,84860.34804904339,13029740.70727695,daily_minutes
Rail,101012,scenario_56,1599.950917673108,95997.05506038648,14739707.824155277,daily_minutes
Rail,101013,scenario_56,689.6168859342579,41377.01315605547,6353164.523357944,daily_minutes
Rail,101014,scenario_56,712.0470734178816,42722.8244050729,6559804.868569575,daily_minutes
Rail,101015,scenario_56,473.51247741979023,28410.748645187414,4362281.0494775595,daily_minutes
Rail,101016,scenario_56,1180.1884532292606,70811.30719375564,10872604.144219888,daily_minutes
Rail,101017,scenario_56,410.1121599395846,24606.729596375077,3778199.284659418,daily_minutes
Rail,101018,scenario_56,39.18294332821097,2350.976599692658,360976.7837054763,daily_minutes
Rail,101019,scenario_56,24.424021784463548,1465.4413070678129,225008.74309154888,daily_minutes
Rail,101020,scenario_56,414.9034396986244,24894.206381917465,3822339.4285675474,daily_minutes
Rail,101021,scenario_56,363.2387652397301,21794.325914383808,3346373.4486475373,daily_minutes
Rail,101022,scenario_56,299.6363901295699,17978.183407774195,2760430.2077076756,daily_minutes
Rail,101023,scenario_56,1710.801237062653,102648.07422375918,15760927.476563394,daily_minutes
Rail,101024,scenario_56,858.68938446643,51521.3630679858,7910761.823335433,daily_minutes
Rail,101025,scenario_56,271.62405009275244,16297.443005565146,2502363.723884491,daily_minutes
Rail,101026,scenario_56,987.0568605939044,59223.411635634264,9093360.033907402,daily_minutes
Rail,101027,scenario_56,1450.8735894183192,87052.41536509915,13366318.029875206,daily_minutes
Rail,101028,scenario_56,593.4767057140853,35608.602342845115,5467463.499061581,daily_minutes
Rail,101029,scenario_56,808.1703202505887,48490.21921503532,7445349.892340573,daily_minutes
Rail,101030,scenario_56,799.1701894978032,47950.21136986819,7362435.287767461,daily_minutes
Rail,101031,scenario_56,1216.7497349699845,73004.98409819907,11209428.608384475,daily_minutes
Rail,101032,scenario_56,100.75398906662303,6045.239343997382,928206.1996751712,daily_minutes
Rail,100000,scenario_57,489.15482693708327,29349.289616224996,4506387.758640572,daily_minutes
Rail,100001,scenario_57,1548.7450347900158,92924.70208740095,14267968.5075065,daily_minutes
Rail,100002,scenario_57,574.2285470802963,34453.712824817776,5290137.912831937,daily_minutes
Rail,100003,scenario_57,178.86102403001132,10731.66144180068,1647775.069978882,daily_minutes
Rail,100004,scenario_57,197.65116068524367,11859.06964111462,1820881.0829288757,daily_minutes
Rail,100005,scenario_57,587.6018051782885,35256.10831069731,5413340.3903855,daily_minutes
Rail,101000,scenario_57,635.8301901101368,38149.811406608205,5857649.2094086455,daily_minutes
Rail,101001,scenario_57,1428.6222844461008,85717.33706676605,13161325.657688146,daily_minutes
Rail,101002,scenario_57,617.6709921836518,37060.25953101911,5690355.78259111,daily_minutes
Rail,101003,scenario_57,591.297690151092,35477.86140906552,5447389.100285949,daily_minutes
Rail,101004,scenario_57,153.4570323943335,9207.42194366001,1413738.2566360368,daily_minutes
Rail,101005,scenario_57,15.150525283810566,909.031517028634,139575.7292296332,daily_minutes
Rail,101006,scenario_57,430.29272625243175,25817.563575145905,3964114.769873153,daily_minutes
Rail,101007,scenario_57,1198.8098064978622,71928.58838987173,11044155.223342204,daily_minutes
Rail,101008,scenario_57,658.077465715025,39484.6479429015,6062604.460646239,daily_minutes
Rail,101009,scenario_57,19.87886636253097,1192.7319817518583,183136.0442514528,daily_minutes
Rail,101010,scenario_57,722.4791026353851,43348.746158123104,6655910.9809387475,daily_minutes
Rail,101011,scenario_57,1076.8118296086686,64608.70977652012,9920236.66145282,daily_minutes
Rail,101012,scenario_57,1189.8835053483708,71393.01032090225,10961920.7813724,daily_minutes
Rail,101013,scenario_57,512.9622771580907,30777.736629485444,4725716.274546627,daily_minutes
Rail,101014,scenario_57,529.0929032544227,31745.574195265363,4874321.280521695,daily_minutes
Rail,101015,scenario_57,357.21044478616386,21432.62668716983,3290836.943637013,daily_minutes
Rail,101016,scenario_57,876.4463757634003,52586.78254580402,8074349.881357902,daily_minutes
Rail,101017,scenario_57,305.41810886061285,18325.08653163677,2813694.8696892816,daily_minutes
Rail,101018,scenario_57,29.090627582852903,1745.4376549711742,268000.31566979067,daily_minutes
Rail,101019,scenario_57,18.330824788419704,1099.8494873051823,168874.55644579534,daily_minutes
Rail,101020,scenario_57,308.6239894052196,18517.439364313177,2843229.3647945262,daily_minutes
Rail,101021,scenario_57,269.65859754879784,16179.51585292787,2484256.7957780547,daily_minutes
Rail,101022,scenario_57,222.06910842262005,13324.146505357203,2045833.8682542292,daily_minutes
Rail,101023,scenario_57,1272.6346427916797,76358.07856750078,11724273.910182629,daily_minutes
Rail,101024,scenario_57,639.1069118817177,38346.41471290306,5887836.336401512,daily_minutes
Rail,101025,scenario_57,201.69356124398473,12101.613674639084,1858122.1023163337,daily_minutes
Rail,101026,scenario_57,733.6348805466841,44018.09283280105,6758684.700524382,daily_minutes
Rail,101027,scenario_57,1104.0911616106096,66245.46969663657,10171550.2354539,daily_minutes
Rail,101028,scenario_57,441.03596085308527,26462.157651185116,4063087.8929551337,daily_minutes
Rail,101029,scenario_57,601.2730679034648,36076.38407420789,5539288.26536746,daily_minutes
Rail,101030,scenario_57,594.858390760397,35691.50344562382,5480192.410719234,daily_minutes
Rail,101031,scenario_57,904.1944901108292,54251.66940664975,8329982.159595023,daily_minutes
Rail,101032,scenario_57,76.16325938102091,4569.795562861254,701661.6433735932,daily_minutes
Rail,100000,scenario_58,504.7050089179902,30282.300535079412,4649645.365157876,daily_minutes
Rail,100001,scenario_58,1598.525863202347,95911.55179214082,14726579.367337938,daily_minutes
Rail,100002,scenario_58,593.2798739154241,35596.792434925446,5465650.166433236,daily_minutes
Rail,100003,scenario_58,184.6999463398388,11081.996780390327,1701566.7256503988,daily_minutes
Rail,100004,scenario_58,203.94591609630152,12236.754965778091,1878872.1466287873,daily_minutes
Rail,100005,scenario_58,607.0745818773648,36424.47491264189,5592735.293003411,daily_minutes
Rail,101000,scenario_58,656.3273630359618,39379.641782157705,6046481.464705101,daily_minutes
Rail,101001,scenario_58,1473.9842088360892,88439.05253016535,13579226.922323354,daily_minutes
Rail,101002,scenario_58,637.4018372574719,38244.110235448316,5872128.165918185,daily_minutes
Rail,101003,scenario_58,610.8754539290458,36652.527235742746,5627751.206866726,daily_minutes
Rail,101004,scenario_58,151.9804388045959,9118.826328275754,1400134.99053122,daily_minutes
Rail,101005,scenario_58,15.632992362981897,937.9795417789138,144020.505443207,daily_minutes
Rail,101006,scenario_58,430.40703576798114,25824.42214607887,3965167.8577161026,daily_minutes
Rail,101007,scenario_58,1238.5302266358776,74311.81359815266,11410083.565905685,daily_minutes
Rail,101008,scenario_58,678.9483007947347,40736.89804768408,6254879.115901572,daily_minutes
Rail,101009,scenario_58,20.51381376577774,1230.8288259466644,188985.560698604,daily_minutes
Rail,101010,scenario_58,746.4337747335376,44786.026484012255,6876595.793110189,daily_minutes
Rail,101011,scenario_58,1067.021792407817,64021.30754446902,9830044.964736257,daily_minutes
Rail,101012,scenario_58,1228.1100082218543,73686.60049331126,11314086.261744656,daily_minutes
Rail,101013,scenario_58,530.1206537325925,31807.23922395555,4883789.534576881,daily_minutes
Rail,101014,scenario_58,546.2658040920796,32775.94824552478,5032528.346778693,daily_minutes
Rail,101015,scenario_58,358.91157304049557,21534.694382429734,3306508.7577928696,daily_minutes
Rail,101016,scenario_58,904.3754489600542,54262.52693760325,8331649.261089395,daily_minutes
Rail,101017,scenario_58,314.6322836637046,18877.937019822275,2898581.376480245,daily_minutes
Rail,101018,scenario_58,30.041111803067903,1802.4667081840742,276756.74659694335,daily_minutes
Rail,101019,scenario_58,18.56104462940857,1113.6626777645142,170995.4797528894,daily_minutes
Rail,101020,scenario_58,318.6416110276841,19118.496661661047,2935517.705753642,daily_minutes
Rail,101021,scenario_58,278.4563324530973,16707.379947185836,2565306.8083574036,daily_minutes
Rail,101022,scenario_58,229.14120427762828,13748.472256657697,2110986.2585280784,daily_minutes
Rail,101023,scenario_58,1313.0445001343323,78782.67000805994,12096553.76193755,daily_minutes
Rail,101024,scenario_58,658.9677020807576,39538.062124845455,6070805.852189187,daily_minutes
Rail,101025,scenario_58,208.2974093833691,12497.844563002145,1918960.7136852264,daily_minutes
Rail,101026,scenario_58,757.9159742593183,45474.9584555591,6982376.704461396,daily_minutes
Rail,101027,scenario_58,1094.8520441333094,65691.12264799856,10086433.941782525,daily_minutes
Rail,101028,scenario_58,455.6348576485325,27338.09145891195,4197581.68957287,daily_minutes
Rail,101029,scenario_58,619.6148649353927,37176.89189612356,5708263.904703799,daily_minutes
Rail,101030,scenario_58,613.6956503231777,36821.73901939066,5653732.548167306,daily_minutes
Rail,101031,scenario_58,934.1279007931008,56047.67404758605,8605746.698846519,daily_minutes
Rail,101032,scenario_58,76.29088638223766,4577.4531829342595,702837.4198850027,daily_minutes
Rail,100000,scenario_59,442.4431461910208,26546.588771461247,4076051.7285993975,daily_minutes
Rail,100001,scenario_59,1403.2838628450554,84197.03177070332,12927892.914846355,daily_minutes
Rail,100002,scenario_59,525.1537545581741,31509.225273490447,4838031.479242635,daily_minutes
Rail,100003,scenario_59,162.7961980819091,9767.771884914546,1499776.2544493957,daily_minutes
Rail,100004,scenario_59,178.66180712381902,10719.708427429141,1645939.764308895,daily_minutes
Rail,100005,scenario_59,537.0300044695177,32221.800268171064,4947442.619175878,daily_minutes
Rail,101000,scenario_59,580.9158833822294,34854.95300293376,5351745.667247126,daily_minutes
Rail,101001,scenario_59,1307.50216163,78450.1296978,12045494.414232535,daily_minutes
Rail,101002,scenario_59,561.4648572444421,33687.891434666526,5172551.143850148,daily_minutes
Rail,101003,scenario_59,540.3878169277887,32423.26901566732,4978376.802228946,daily_minutes
Rail,101004,scenario_59,136.80000826509058,8208.000495905435,1260283.7561429734,daily_minutes
Rail,101005,scenario_59,13.694641240435883,821.678474426153,126163.25189163962,daily_minutes
Rail,101006,scenario_59,384.8645053922592,23091.870323535553,3545602.7423767266,daily_minutes
Rail,101007,scenario_59,1095.581862143641,65734.91172861846,10093157.463184506,daily_minutes
Rail,101008,scenario_59,601.056947972349,36063.41687834094,5537297.238890062,daily_minutes
Rail,101009,scenario_59,17.98238156633306,1078.9428939799836,165664.48841799994,daily_minutes
Rail,101010,scenario_59,660.5668225149202,39634.00935089521,6085537.9091009535,daily_minutes
Rail,101011,scenario_59,960.0985963761703,57605.91578257022,8845004.328975108,daily_minutes
Rail,101012,scenario_59,1087.391743330154,65243.50459980924,10017705.174603377,daily_minutes
Rail,101013,scenario_59,470.3886604726067,28223.319628356403,4333502.573469937,daily_minutes
Rail,101014,scenario_59,482.6464272956073,28958.785637736437,4446428.476103512,daily_minutes
Rail,101015,scenario_59,319.978637792643,19198.71826755858,2947835.1985285026,daily_minutes
Rail,101016,scenario_59,797.0804924686599,47824.8295481196,7343183.744916775,daily_minutes
Rail,101017,scenario_59,278.99192517199845,16739.515510319907,2570241.009839553,daily_minutes
Rail,101018,scenario_59,26.48386708101316,1589.0320248607895,243985.2738705418,daily_minutes
Rail,101019,scenario_59,16.463184992469905,987.7910995481943,151668.73806162825,daily_minutes
Rail,101020,scenario_59,282.39067334135325,16943.440400481195,2601552.3172245505,daily_minutes
Rail,101021,scenario_59,245.3973874330477,14723.843245982862,2260747.9714656947,daily_minutes
Rail,101022,scenario_59,200.73076566059171,12043.845939635503,1849252.251724767,daily_minutes
Rail,101023,scenario_59,1162.8734085480392,69772.40451288235,10713087.563589666,daily_minutes
Rail,101024,scenario_59,584.0093216140667,35040.559296844,5380244.27630175,daily_minutes
Rail,101025,scenario_59,183.73271029789612,11023.962617873767,1692655.9668903977,daily_minutes
Rail,101026,scenario_59,670.7085097948511,40242.51058769107,6178969.217336045,daily_minutes
Rail,101027,scenario_59,984.6580831467436,59079.484988804616,9071261.056797689,daily_minutes
Rail,101028,scenario_59,403.025110765273,24181.50664591638,3712909.1354361535,daily_minutes
Rail,101029,scenario_59,548.1163140674034,32886.978844044206,5049576.35497736,daily_minutes
Rail,101030,scenario_59,544.4198197364531,32665.189184187184,5015522.031304047,daily_minutes
Rail,101031,scenario_59,826.2210828383395,49573.26497030037,7611644.347756486,daily_minutes
Rail,101032,scenario_59,68.15532679752505,4089.319607851503,627887.7636548792,daily_minutes
Rail,100000,scenario_60,510.1508267084646,30609.049602507876,4699815.506134401,daily_minutes
Rail,100001,scenario_60,1614.8298391342178,96889.79034805307,14876781.376007894,daily_minutes
Rail,100002,scenario_60,598.6243172645263,35917.45903587158,5514886.385231175,daily_minutes
Rail,100003,scenario_60,186.4724906285628,11188.349437713769,1717896.4671646978,daily_minutes
Rail,100004,scenario_60,206.09713878634648,12365.828327180789,1898690.5007830951,daily_minutes
Rail,100005,scenario_60,612.5742837110884,36754.4570226653,5643401.846116772,daily_minutes
Rail,101000,scenario_60,663.4061672290118,39804.370033740706,6111695.656213993,daily_minutes
Rail,101001,scenario_60,1491.5890990733897,89495.34594440338,13741413.734123508,daily_minutes
Rail,101002,scenario_60,644.3461480975238,38660.76888585143,5936103.323963248,daily_minutes
Rail,101003,scenario_60,616.443757144647,36986.62542867882,5679049.757070774,daily_minutes
Rail,101004,scenario_60,166.41491298670735,9984.894779202441,1533114.02738134,daily_minutes
Rail,101005,scenario_60,15.797974967950722,947.8784980770433,145540.4241897428,daily_minutes
Rail,101006,scenario_60,462.34711804192193,27740.827082515316,4259419.059673009,daily_minutes
Rail,101007,scenario_60,1249.7551713744906,74985.31028246944,11513494.491804631,daily_minutes
Rail,101008,scenario_60,686.974239063311,41218.45434379866,6328818.874794658,daily_minutes
Rail,101009,scenario_60,20.72769308881834,1243.6615853291005,190955.94535004784,daily_minutes
Rail,101010,scenario_60,753.2139498969045,45192.83699381427,6939058.834820222,daily_minutes
Rail,101011,scenario_60,1167.1607488175068,70029.64492905041,10752585.114556162,daily_minutes
Rail,101012,scenario_60,1241.6815490404624,74500.89294242774,11439115.438690163,daily_minutes
Rail,101013,scenario_60,534.766448986542,32085.986939192517,4926589.387933416,daily_minutes
Rail,101014,scenario_60,551.8720477819588,33112.32286691753,5084176.427396073,daily_minutes
Rail,101015,scenario_60,382.2032338718709,22932.194032312254,3521085.512367998,daily_minutes
Rail,101016,scenario_60,914.3930876195082,54863.58525717049,8423937.75900348,daily_minutes
Rail,101017,scenario_60,319.32312747043034,19159.38764822582,2941796.244134086,daily_minutes
Rail,101018,scenario_60,30.327344202982204,1819.6406521789322,279393.6912043938,daily_minutes
Rail,101019,scenario_60,19.46973603565857,1168.1841621395142,179366.89020210813,daily_minutes
Rail,101020,scenario_60,321.9937041123703,19319.62224674222,2966399.1985056223,daily_minutes
Rail,101021,scenario_60,281.1307219982118,16867.84331989271,2589944.889480726,daily_minutes
Rail,101022,scenario_60,231.55723393760127,13893.434036256076,2133244.1733735455,daily_minutes
Rail,101023,scenario_60,1328.5269953290626,79711.61971974376,12239187.79716852,daily_minutes
Rail,101024,scenario_60,667.6381038149339,40058.28622889603,6150682.795205459,daily_minutes
Rail,101025,scenario_60,210.26197357971975,12615.718414783185,1937059.4578005264,daily_minutes
Rail,101026,scenario_60,764.884559746577,45893.07358479462,7046575.495121314,daily_minutes
Rail,101027,scenario_60,1195.9219361165888,71755.31616699533,11017550.428667683,daily_minutes
Rail,101028,scenario_60,459.7923266351208,27587.539598107247,4235882.788358714,daily_minutes
Rail,101029,scenario_60,628.3330281515955,37699.98168909573,5788580.855149388,daily_minutes
Rail,101030,scenario_60,621.1293578843324,37267.761473059945,5722216.322445201,daily_minutes
Rail,101031,scenario_60,942.631645907939,56557.89875447634,8684088.301091477,daily_minutes
Rail,101032,scenario_60,81.72909391124267,4903.74563467456,752937.4505667142,daily_minutes
Rail,100000,scenario_61,487.8532161812109,29271.192970872653,4494396.539391023,daily_minutes
Rail,100001,scenario_61,1545.3135186513246,92718.81111907947,14236355.321927192,daily_minutes
Rail,100002,scenario_61,574.1775818507085,34450.65491104251,5289668.390557837,daily_minutes
Rail,100003,scenario_61,178.65132484439528,10719.079490663717,1645843.195261476,daily_minutes
Rail,100004,scenario_61,197.10965727170696,11826.579436302418,1815892.4285813272,daily_minutes
Rail,100005,scenario_61,587.475057268166,35248.50343608996,5412172.712588706,daily_minutes
Rail,101000,scenario_61,635.3867820798769,38123.20692479261,5853564.268589073,daily_minutes
Rail,101001,scenario_61,1427.7553861082051,85665.32316649231,13153339.27006045,daily_minutes
Rail,101002,scenario_61,616.6047568758731,36996.28541255239,5680532.983194669,daily_minutes
Rail,101003,scenario_61,591.1584013621468,35469.50408172881,5446105.888388913,daily_minutes
Rail,101004,scenario_61,149.73463694254315,8984.078216552589,1379445.316296873,daily_minutes
Rail,101005,scenario_61,15.10896962483821,906.5381774902926,139192.89356578447,daily_minutes
Rail,101006,scenario_61,422.06234048808255,25323.740429284953,3888291.517980509,daily_minutes
Rail,101007,scenario_61,1198.535595031586,71912.13570189515,11041629.02278799,daily_minutes
Rail,101008,scenario_61,657.4287866115556,39445.72719669333,6056628.439537616,daily_minutes
Rail,101009,scenario_61,19.827476612728788,1189.6485967637273,182662.6110424252,daily_minutes
Rail,101010,scenario_61,722.3860834340376,43343.165006042254,6655054.032244413,daily_minutes
Rail,101011,scenario_61,1050.9860091149749,63059.16054689849,9682313.707572618,daily_minutes
Rail,101012,scenario_61,1189.047910519468,71342.87463116807,10954222.780451652,daily_minutes
Rail,101013,scenario_61,513.2362535338107,30794.17521202864,4728240.309305584,daily_minutes
Rail,101014,scenario_61,528.6425134321471,31718.550805928826,4870172.019244998,daily_minutes
Rail,101015,scenario_61,351.20959326626325,21072.575595975795,3235553.4989247764,daily_minutes
Rail,101016,scenario_61,874.9702085812823,52498.21251487694,8060750.543575921,daily_minutes
Rail,101017,scenario_61,304.9109277248499,18294.655663490994,2809022.412757952,daily_minutes
Rail,101018,scenario_61,29.057241638511183,1743.434498310671,267692.7443189481,daily_minutes
Rail,101019,scenario_61,18.097129821770068,1085.827789306204,166721.6181960389,daily_minutes
Rail,101020,scenario_61,308.53006002311304,18511.803601386782,2842364.030968931,daily_minutes
Rail,101021,scenario_61,269.329111234365,16159.746674061898,2481221.3701577107,daily_minutes
Rail,101022,scenario_61,221.45895803766325,13287.537482259795,2040212.7968177765,daily_minutes
Rail,101023,scenario_61,1271.498555054357,76289.91330326142,11713807.588293768,daily_minutes
Rail,101024,scenario_61,638.3498088042397,38300.988528254384,5880861.448589938,daily_minutes
Rail,101025,scenario_61,201.48887066842144,12089.332240105286,1856236.3699198992,daily_minutes
Rail,101026,scenario_61,733.5096380333125,44010.57828199875,6757530.891345696,daily_minutes
Rail,101027,scenario_61,1078.0225555996367,64681.3533359782,9931390.595717212,daily_minutes
Rail,101028,scenario_61,440.92423498036806,26455.454098822083,4062058.6071801386,daily_minutes
Rail,101029,scenario_61,600.1463187575791,36008.77912545475,5528907.976186073,daily_minutes
Rail,101030,scenario_61,594.4777527452025,35668.66516471215,5476685.744940452,daily_minutes
Rail,101031,scenario_61,903.9548037509376,54237.288225056254,8327774.025035888,daily_minutes
Rail,101032,scenario_61,74.76234771611053,4485.7408629666315,688755.6045694398,daily_minutes
Rail,100000,scenario_62,553.4468356171928,33206.81013703157,5098684.317806951,daily_minutes
Rail,100001,scenario_62,1751.1883752186768,105071.30251312061,16132998.02553958,daily_minutes
Rail,100002,scenario_62,646.0418739318411,38762.51243591047,5951725.367784479,daily_minutes
Rail,100003,scenario_62,201.74135735835443,12104.481441501266,1858562.4287995757,daily_minutes
Rail,100004,scenario_62,223.75022819839796,13425.013691903878,2061321.3523005608,daily_minutes
Rail,100005,scenario_62,661.3648858388478,39681.89315033087,6092890.147278969,daily_minutes
Rail,101000,scenario_62,714.724805062986,42883.48830377916,6584473.739123264,daily_minutes
Rail,101001,scenario_62,1602.5360463143006,96152.16277885804,14763523.580275126,daily_minutes
Rail,101002,scenario_62,696.5208382606506,41791.25029563904,6416767.874560069,daily_minutes
Rail,101003,scenario_62,665.5093816101798,39930.56289661079,6131071.729021942,daily_minutes
Rail,101004,scenario_62,163.28224582670373,9796.934749602224,1504254.0179030907,daily_minutes
Rail,101005,scenario_62,17.1512552261338,1029.075313568028,158007.65389628022,daily_minutes
Rail,101006,scenario_62,464.8225044151404,27889.350264908422,4282223.804174922,daily_minutes
Rail,101007,scenario_62,1349.3322294315076,80959.93376589046,12430858.096860709,daily_minutes
Rail,101008,scenario_62,739.2459572255539,44354.75743353323,6810377.305536137,daily_minutes
Rail,101009,scenario_62,22.495676811551675,1349.7406086931005,207243.67219410095,daily_minutes
Rail,101010,scenario_62,812.9568451007217,48777.4107060433,7489446.231174909,daily_minutes
Rail,101011,scenario_62,1146.6954777657666,68801.728665946,10564046.7584649,daily_minutes
Rail,101012,scenario_62,1337.034555137121,80222.07330822726,12317564.54265624,daily_minutes
Rail,101013,scenario_62,576.2416674613924,34574.50004768354,5308683.9856548235,daily_minutes
Rail,101014,scenario_62,595.6416965921744,35738.501795530465,5487408.694025066,daily_minutes
Rail,101015,scenario_62,388.5129783491211,23310.778700947267,3579214.6643391126,daily_minutes
Rail,101016,scenario_62,987.8516363263044,59271.098179578265,9100681.98481971,daily_minutes
Rail,101017,scenario_62,342.1519150932654,20529.114905595925,3152108.732988217,daily_minutes
Rail,101018,scenario_62,32.808662319184805,1968.5197391510883,302253.08248172194,daily_minutes
Rail,101019,scenario_62,20.17154318491521,1210.2925910949125,185832.35874534983,daily_minutes
Rail,101020,scenario_62,346.6684967041001,20800.109802246006,3193718.1927361926,daily_minutes
Rail,101021,scenario_62,304.1823664347394,18250.941986084363,2802310.46901668,daily_minutes
Rail,101022,scenario_62,251.3952189286429,15083.713135718574,2316003.593902015,daily_minutes
Rail,101023,scenario_62,1429.2241978824022,85753.45187294413,13166870.845411418,daily_minutes
Rail,101024,scenario_62,716.9078196644841,43014.46917986905,6604584.979441026,daily_minutes
Rail,101025,scenario_62,227.39511001903156,13643.706601141894,2094900.19056133,daily_minutes
Rail,101026,scenario_62,825.4791269223279,49528.74761533967,7604809.004684637,daily_minutes
Rail,101027,scenario_62,1177.060039673226,70623.60238039355,10843783.321493562,daily_minutes
Rail,101028,scenario_62,496.4144982913858,29784.86989748315,4573268.206959221,daily_minutes
Rail,101029,scenario_62,674.9972191056222,40499.83314633733,6218479.380732455,daily_minutes
Rail,101030,scenario_62,667.1792235791509,40030.75341474905,6146455.315145285,daily_minutes
Rail,101031,scenario_62,1017.7757134139684,61066.54280483811,9376360.537397524,daily_minutes
Rail,101032,scenario_62,82.45062844156928,4947.037706494157,759584.6595808011,daily_minutes
Rail,100000,scenario_63,760.0889843284676,45605.33905970806,7002395.77702444,daily_minutes
Rail,100001,scenario_63,2405.960838826475,144357.6503295885,22165154.82377278,daily_minutes
Rail,100002,scenario_63,889.6166301765479,53376.997810592875,8195682.167164464,daily_minutes
Rail,100003,scenario_63,277.48488616941904,16649.093170165143,2556357.2623243895,daily_minutes
Rail,100004,scenario_63,307.2427239576209,18434.563437457255,2830504.318731978,daily_minutes
Rail,100005,scenario_63,910.5554406324808,54633.32643794885,8388583.052370794,daily_minutes
Rail,101000,scenario_63,984.160213037263,59049.61278223578,9066674.37862709,daily_minutes
Rail,101001,scenario_63,2207.9679529270215,132478.0771756213,20341125.563135475,daily_minutes
Rail,101002,scenario_63,957.849254369663,57470.95526217978,8824282.040805956,daily_minutes
Rail,101003,scenario_63,916.25890269081,54975.5341614486,8441126.766929356,daily_minutes
Rail,101004,scenario_63,225.7773217517679,13546.639305106073,2079996.1543703368,daily_minutes
Rail,101005,scenario_63,23.551138178503606,1413.0682907102164,216967.21558328232,daily_minutes
Rail,101006,scenario_63,641.6152052024554,38496.912312147324,5910944.23944814,daily_minutes
Rail,101007,scenario_63,1857.7168720125485,111463.01232075291,17114402.4551028,daily_minutes
Rail,101008,scenario_63,1017.9675603569048,61078.053621414285,9378127.94654402,daily_minutes
Rail,101009,scenario_63,30.895210345537635,1853.712620732258,284625.2148293,daily_minutes
Rail,101010,scenario_63,1119.378408334669,67162.70450008014,10312385.524623971,daily_minutes
Rail,101011,scenario_63,1585.4341285924163,95126.04771554498,14605970.453070495,daily_minutes
Rail,101012,scenario_63,1841.23941707614,110474.3650245684,16962602.253755644,daily_minutes
Rail,101013,scenario_63,794.0257922411256,47641.547534467536,7315042.013600592,daily_minutes
Rail,101014,scenario_63,819.782832223209,49186.96993339254,7552331.320139535,daily_minutes
Rail,101015,scenario_63,535.8664264500112,32151.985587000672,4936723.040313373,daily_minutes
Rail,101016,scenario_63,1358.6961674650374,81521.77004790225,12517124.312388403,daily_minutes
Rail,101017,scenario_63,471.3571819107019,28281.430914642115,4342425.174070532,daily_minutes
Rail,101018,scenario_63,45.12905999820214,2707.7435998921283,415755.978139437,daily_minutes
Rail,101019,scenario_63,27.785502497354173,1667.1301498412504,255976.72030712504,daily_minutes
Rail,101020,scenario_63,477.5203898171603,28651.22338902962,4399204.343229571,daily_minutes
Rail,101021,scenario_63,418.37063279151334,25102.2379674908,3854281.291655096,daily_minutes
Rail,101022,scenario_63,345.2021646976209,20712.129881857254,3180209.4624933023,daily_minutes
Rail,101023,scenario_63,1968.325132640079,118099.50795840473,18133392.11695999,daily_minutes
Rail,101024,scenario_63,987.4895415345673,59249.372492074035,9097346.150341354,daily_minutes
Rail,101025,scenario_63,312.836155064826,18770.16930388956,2882034.362150216,daily_minutes
Rail,101026,scenario_63,1136.6102535486134,68196.6152129168,10471135.621841954,daily_minutes
Rail,101027,scenario_63,1627.205896939733,97632.35381638398,14990797.046146983,daily_minutes
Rail,101028,scenario_63,683.4369585394743,41006.21751236846,6296231.324240761,daily_minutes
Rail,101029,scenario_63,929.2850468814432,55757.102812886595,8561131.422899982,daily_minutes
Rail,101030,scenario_63,919.2518060405127,55155.108362430765,8468699.188328827,daily_minutes
Rail,101031,scenario_63,1401.1999568700849,84071.99741220509,12908694.722661342,daily_minutes
Rail,101032,scenario_63,113.78291330135836,6826.974798081502,1048236.4670800938,daily_minutes
Rail,100000,scenario_64,691.911106292464,41514.66637754784,6374300.257829953,daily_minutes
Rail,100001,scenario_64,2189.6570261001907,131379.42156601144,20172434.318650614,daily_minutes
Rail,100002,scenario_64,808.4133676131169,48504.80205678701,7447588.9904726,daily_minutes
Rail,100003,scenario_64,252.349094518082,15140.94567108492,2324791.268157282,daily_minutes
Rail,100004,scenario_64,279.7199418227392,16783.196509364352,2576947.936036167,daily_minutes
Rail,100005,scenario_64,827.5435113907733,49652.6106834464,7623827.353038639,daily_minutes
Rail,101000,scenario_64,894.2563760399789,53655.382562398736,8238426.289905909,daily_minutes
Rail,101001,scenario_64,2005.325215552279,120319.51293313674,18474259.080796923,daily_minutes
Rail,101002,scenario_64,871.1301732103602,52267.81039262161,8025373.833717763,daily_minutes
Rail,101003,scenario_64,832.7259443560761,49963.556661364564,7671571.0349747855,daily_minutes
Rail,101004,scenario_64,203.5273094177537,12211.638565065223,1875015.6907419977,daily_minutes
Rail,101005,scenario_64,21.441491699253675,1286.4895019552205,197531.8864285444,daily_minutes
Rail,101006,scenario_64,579.8157642106817,34788.9458526409,5341610.7093673255,daily_minutes
Rail,101007,scenario_64,1688.3680525303498,101302.08315182099,15554259.5207411,daily_minutes
Rail,101008,scenario_64,924.8948107880132,55493.68864728079,8520685.93386565,daily_minutes
Rail,101009,scenario_64,28.12455387118098,1687.4732322708587,259100.26499364187,daily_minutes
Rail,101010,scenario_64,1017.2546128948306,61035.27677368984,9371559.846754916,daily_minutes
Rail,101011,scenario_64,1429.385043885326,85763.10263311956,13168352.655297954,daily_minutes
Rail,101012,scenario_64,1672.9191166022938,100375.14699613763,15411934.653610293,daily_minutes
Rail,101013,scenario_64,721.2259241720312,43273.555450321874,6644365.949027254,daily_minutes
Rail,101014,scenario_64,745.1742599268473,44710.45559561084,6864992.387002072,daily_minutes
Rail,101015,scenario_64,484.7863285720523,29087.179714323138,4466142.530602889,daily_minutes
Rail,101016,scenario_64,1235.54149867894,74132.48992073639,11382549.610729603,daily_minutes
Rail,101017,scenario_64,428.05308781458007,25683.185268874804,3943481.8768006,daily_minutes
Rail,101018,scenario_64,41.039801740669645,2462.3881044401787,378083.2775160931,daily_minutes
Rail,101019,scenario_64,25.184024683665484,1511.041481019929,232010.34580073663,daily_minutes
Rail,101020,scenario_64,433.79892380035017,26027.93542802101,3996415.9654031056,daily_minutes
Rail,101021,scenario_64,380.4834351539612,22829.00610923767,3505241.6946993824,daily_minutes
Rail,101022,scenario_64,314.27999246930995,18856.799548158597,2895335.8586227647,daily_minutes
Rail,101023,scenario_64,1788.236881569945,107294.2128941967,16474311.09515127,daily_minutes
Rail,101024,scenario_64,896.9535675426305,53817.21405255783,8263274.436343236,daily_minutes
Rail,101025,scenario_64,284.4601137956488,17067.606827738928,2620617.244353794,daily_minutes
Rail,101026,scenario_64,1032.914254947551,61974.85529685306,9515825.865129808,daily_minutes
Rail,101027,scenario_64,1467.315286264842,88038.91717589051,13517788.806243485,daily_minutes
Rail,101028,scenario_64,621.1391156753089,37268.34694051853,5722306.2170703495,daily_minutes
Rail,101029,scenario_64,844.3422524631605,50660.53514778963,7778587.435042112,daily_minutes
Rail,101030,scenario_64,834.85793076962,50091.4758461772,7691212.173008201,daily_minutes
Rail,101031,scenario_64,1273.489338151674,76409.36028910044,11732147.876656111,daily_minutes
Rail,101032,scenario_64,102.85890571484924,6171.534342890955,947597.95478862,daily_minutes
Rail,100000,scenario_65,474.2498488486235,28454.99093091741,4369074.157502828,daily_minutes
Rail,100001,scenario_65,1501.9268723170608,90115.61233902365,13836651.503908154,daily_minutes
Rail,100002,scenario_65,557.3705863973373,33442.23518384024,5134832.264244109,daily_minutes
Rail,100003,scenario_65,173.53204275778262,10411.922565466957,1598681.297110348,daily_minutes
Rail,100004,scenario_65,191.63295944543643,11497.977566726186,1765437.8021870276,daily_minutes
Rail,100005,scenario_65,570.3201545398333,34219.20927239,5254131.455713668,daily_minutes
Rail,101000,scenario_65,616.8396940291423,37010.381641748536,5682697.365212875,daily_minutes
Rail,101001,scenario_65,1385.6819500606507,83140.91700363904,12765733.53312875,daily_minutes
Rail,101002,scenario_65,599.0166945935343,35941.00167561206,5518501.200612394,daily_minutes
Rail,101003,scenario_65,573.8976708889677,34433.86025333806,5287089.682831704,daily_minutes
Rail,101004,scenario_65,145.52070433308836,8731.242259985302,1340624.04073901,daily_minutes
Rail,101005,scenario_65,14.689182599388005,881.3509559632803,135325.56361512194,daily_minutes
Rail,101006,scenario_65,410.22128462800174,24613.277077680104,3779204.6067639287,daily_minutes
Rail,101007,scenario_65,1163.5471759717984,69812.8305583079,10719294.71335779,daily_minutes
Rail,101008,scenario_65,638.2386991739259,38294.32195043555,5879837.840009709,daily_minutes
Rail,101009,scenario_65,19.2749387106378,1156.496322638268,177572.30036562178,daily_minutes
Rail,101010,scenario_65,701.245555857844,42074.73335147064,6460294.807895973,daily_minutes
Rail,101011,scenario_65,1021.4151506900888,61284.90904140533,9409889.217247512,daily_minutes
Rail,101012,scenario_65,1154.2796414515033,69256.7784870902,10633916.62483612,daily_minutes
Rail,101013,scenario_65,498.0215375801272,29881.29225480763,4588073.2171106795,daily_minutes
Rail,101014,scenario_65,513.3110547125543,30798.66328275326,4728929.422644878,daily_minutes
Rail,101015,scenario_65,341.3716213385269,20482.297280311614,3144920.1987433126,daily_minutes
Rail,101016,scenario_65,849.9596292555289,50997.57775533173,7830338.080479485,daily_minutes
Rail,101017,scenario_65,295.9769485414654,17758.616912487923,2726717.236133104,daily_minutes
Rail,101018,scenario_65,28.224528869002825,1693.4717321401695,260021.2946585754,daily_minutes
Rail,101019,scenario_65,17.591335550947406,1055.4801330568444,162061.93789665806,daily_minutes
Rail,101020,scenario_65,299.4567525129096,17967.405150774575,2758775.278200431,daily_minutes
Rail,101021,scenario_65,261.6201810042112,15697.210860252671,2410202.0795193957,daily_minutes
Rail,101022,scenario_65,215.30709039371868,12918.42542362312,1983538.1009611725,daily_minutes
Rail,101023,scenario_65,1234.3043279966732,74058.2596798004,11371152.05210215,daily_minutes
Rail,101024,scenario_65,619.6451079925464,37178.706479552784,5708542.521892132,daily_minutes
Rail,101025,scenario_65,195.7007678509326,11742.046071055956,1802912.8939035016,daily_minutes
Rail,101026,scenario_65,712.0490466516421,42722.94279909853,6559823.047182918,daily_minutes
Rail,101027,scenario_65,1047.700579754608,62862.03478527648,9652046.3610473,daily_minutes
Rail,101028,scenario_65,428.05432529457175,25683.259517674305,3943493.277208771,daily_minutes
Rail,101029,scenario_65,582.7358295342419,34964.149772054516,5368512.103167157,daily_minutes
Rail,101030,scenario_65,576.9570415855778,34617.42249513467,5315274.441311294,daily_minutes
Rail,101031,scenario_65,877.5811935028687,52654.87161017212,8084804.503264527,daily_minutes
Rail,101032,scenario_65,72.66566074697039,4359.939644818223,669439.6661975393,daily_minutes
Rail,100000,scenario_66,463.1048975209487,27786.293851256924,4266400.178901492,daily_minutes
Rail,100001,scenario_66,1466.8006019592358,88008.03611755415,13513047.225609656,daily_minutes
Rail,100002,scenario_66,544.5410994132544,32672.465964795265,5016639.332454547,daily_minutes
Rail,100003,scenario_66,169.50042552953528,10170.025531772117,1561539.6202333963,daily_minutes
Rail,100004,scenario_66,187.12357765834167,11227.4146595005,1723894.6715352386,daily_minutes
Rail,100005,scenario_66,557.1877110322457,33431.26266193474,5133147.506655667,daily_minutes
Rail,101000,scenario_66,602.50444264408,36150.2665586448,5550632.428302851,daily_minutes
Rail,101001,scenario_66,1353.3884117384368,81203.30470430621,12468226.08198152,daily_minutes
Rail,101002,scenario_66,585.0023183902522,35100.13910341513,5389392.358402036,daily_minutes
Rail,101003,scenario_66,560.6788335343081,33640.730012058484,5165309.821818166,daily_minutes
Rail,101004,scenario_66,140.69572156277718,8441.74329376663,1296173.404469241,daily_minutes
Rail,101005,scenario_66,14.3434961954772,860.609771728632,132140.89305045325,daily_minutes
Rail,101006,scenario_66,397.5771869739328,23854.631218435967,3662719.5927160536,daily_minutes
Rail,101007,scenario_66,1136.7515307943322,68205.09184765993,10472437.152595865,daily_minutes
Rail,101008,scenario_66,623.3337767143967,37400.0266028638,5742524.75135905,daily_minutes
Rail,101009,scenario_66,18.822327128989855,1129.3396277393913,173402.57090853192,daily_minutes
Rail,101010,scenario_66,685.1077980617556,41106.467883705336,6311624.100423729,daily_minutes
Rail,101011,scenario_66,987.6776429335588,59260.65857601353,9099079.053289702,daily_minutes
Rail,101012,scenario_66,1127.4428243140285,67646.56945884171,10386679.763275417,daily_minutes
Rail,101013,scenario_66,486.61265460049617,29196.75927602977,4482967.741772531,daily_minutes
Rail,101014,scenario_66,501.4007515192352,30084.045091154112,4619204.563446106,daily_minutes
Rail,101015,scenario_66,331.2096840937811,19872.581045626866,3051302.335682367,daily_minutes
Rail,101016,scenario_66,830.0669588366945,49804.01753020167,7647074.864978932,daily_minutes
Rail,101017,scenario_66,288.96244080261386,17337.74644815683,2662095.38213816,daily_minutes
Rail,101018,scenario_66,27.56939735412743,1654.163841247646,253985.83006463436,daily_minutes
Rail,101019,scenario_66,17.09955298105342,1025.9731788632052,157531.34179325274,daily_minutes
Rail,101020,scenario_66,292.5197282433728,17551.18369460237,2694867.2484148964,daily_minutes
Rail,101021,scenario_66,255.54093356135857,15332.456013681514,2354196.4045273717,daily_minutes
Rail,101022,scenario_66,210.24090356825764,12614.454214095458,1936865.34821293,daily_minutes
Rail,101023,scenario_66,1205.510501877412,72330.63011264472,11105886.049595846,daily_minutes
Rail,101024,scenario_66,605.0928294121913,36305.56976473148,5574478.200242754,daily_minutes
Rail,101025,scenario_66,191.1629344622488,11469.776067734929,1761107.6500269133,daily_minutes
Rail,101026,scenario_66,695.6525978783975,41739.15587270385,6408769.123214524,daily_minutes
Rail,101027,scenario_66,1013.275528971426,60796.53173828556,9334902.13820216,daily_minutes
Rail,101028,scenario_66,418.1929299334661,25091.575796007965,3852644.18630505,daily_minutes
Rail,101029,scenario_66,568.9556563278238,34137.33937966943,5241560.87948571,daily_minutes
Rail,101030,scenario_66,563.4947980970173,33809.68788582104,5191252.176948581,daily_minutes
Rail,101031,scenario_66,857.362477654242,51441.74865925452,7898537.561637469,daily_minutes
Rail,101032,scenario_66,70.44994938375021,4226.9969630250125,649027.2036927372,daily_minutes
Rail,100000,scenario_67,670.7447439948592,40244.68463969155,6179303.028527039,daily_minutes
Rail,100001,scenario_67,2122.8325286229374,127369.95171737624,19556806.95319167,daily_minutes
Rail,100002,scenario_67,784.0849935274018,47045.09961164411,7223461.411370541,daily_minutes
Rail,100003,scenario_67,244.70003026326592,14682.001815795955,2254323.4988033636,daily_minutes
Rail,100004,scenario_67,271.14988536840247,16268.993122104148,2497995.4339449443,daily_minutes
Rail,100005,scenario_67,802.6008270105231,48156.049620631384,7394040.378917145,daily_minutes
Rail,101000,scenario_67,867.3754741550365,52042.52844930219,7990783.293200689,daily_minutes
Rail,101001,scenario_67,1945.3024610857976,116718.14766514786,17921293.452999014,daily_minutes
Rail,101002,scenario_67,844.7200906754297,50683.20544052578,7782068.307356462,daily_minutes
Rail,101003,scenario_67,807.6273728927481,48457.642373564886,7440347.935511731,daily_minutes
Rail,101004,scenario_67,198.00020001725352,11880.012001035211,1824096.6426789495,daily_minutes
Rail,101005,scenario_67,20.78451220194984,1247.0707321169905,191479.3971116831,daily_minutes
Rail,101006,scenario_67,563.5644722898869,33813.868337393214,5191894.057417812,daily_minutes
Rail,101007,scenario_67,1637.478996495411,98248.73978972466,15085439.00311362,daily_minutes
Rail,101008,scenario_67,897.1144939502265,53826.86963701359,8264756.986965856,daily_minutes
Rail,101009,scenario_67,27.26415488724888,1635.8492932349327,251173.753314269,daily_minutes
Rail,101010,scenario_67,986.6086599409756,59196.51959645854,9089230.94057223,daily_minutes
Rail,101011,scenario_67,1390.501628037353,83430.09768224118,12810135.298456917,daily_minutes
Rail,101012,scenario_67,1622.655263725945,97359.3158235567,14948873.882601636,daily_minutes
Rail,101013,scenario_67,699.5992926101171,41975.95755660703,6445128.443099965,daily_minutes
Rail,101014,scenario_67,722.6735086619738,43360.410519718425,6657701.965899299,daily_minutes
Rail,101015,scenario_67,471.0121127963357,28260.726767780143,4339246.1903475225,daily_minutes
Rail,101016,scenario_67,1198.135543874916,71888.13263249496,11037943.511502052,daily_minutes
Rail,101017,scenario_67,415.2614169378939,24915.685016273634,3825637.3296820414,daily_minutes
Rail,101018,scenario_67,39.797238477069186,2387.834308624151,366636.0391938476,daily_minutes
Rail,101019,scenario_67,24.451765950521803,1467.1059570313082,225264.33899577716,daily_minutes
Rail,101020,scenario_67,420.7768139739783,25246.608838438697,3876448.476416672,daily_minutes
Rail,101021,scenario_67,368.9512872536725,22137.07723522035,3399000.628953183,daily_minutes
Rail,101022,scenario_67,304.6521106084547,18279.12663650728,2806638.034191449,daily_minutes
Rail,101023,scenario_67,1734.548124871697,104072.88749230182,15979698.055192996,daily_minutes
Rail,101024,scenario_67,870.0836038272391,52205.01622963435,8015732.2086188225,daily_minutes
Rail,101025,scenario_67,275.85821105637297,16551.492663382378,2541371.3551779413,daily_minutes
Rail,101026,scenario_67,1001.7964779476316,60107.7886768579,9229150.232740348,daily_minutes
Rail,101027,scenario_67,1427.307801171104,85638.46807026624,13149215.849068912,daily_minutes
Rail,101028,scenario_67,602.4141085882584,36144.8465152955,5549800.2167801885,daily_minutes
Rail,101029,scenario_67,818.9781471689494,49138.68883013696,7544918.078608662,daily_minutes
Rail,101030,scenario_67,809.8790052752884,48592.7403165173,7461091.323999122,daily_minutes
Rail,101031,scenario_67,1235.0992045144085,74105.95227086451,11378474.93150944,daily_minutes
Rail,101032,scenario_67,99.96341004775604,5997.8046028653625,920922.9114059572,daily_minutes
Rail,100000,scenario_68,369.1477491170371,22148.864947022226,3400810.553515617,daily_minutes
Rail,100001,scenario_68,1169.556710465753,70173.40262794518,10774658.150836796,daily_minutes
Rail,100002,scenario_68,435.4251524915526,26125.509149493155,4011397.759843677,daily_minutes
Rail,100003,scenario_68,135.33858528135897,8120.315116881538,1246820.2507630475,daily_minutes
Rail,100004,scenario_68,149.10008505978476,8946.005103587086,1373599.443621773,daily_minutes
Rail,100005,scenario_68,445.4246092955582,26725.47655773349,4103518.755596259,daily_minutes
Rail,101000,scenario_68,482.2351593165804,28934.109558994824,4442639.628719928,daily_minutes
Rail,101001,scenario_68,1084.9367879490385,65096.20727694231,9995088.652659308,daily_minutes
Rail,101002,scenario_68,467.3083037952456,28038.498227714736,4305124.479544079,daily_minutes
Rail,101003,scenario_68,448.2276603718492,26893.65962231095,4129342.143941698,daily_minutes
Rail,101004,scenario_68,118.64639107380935,7118.783464428561,1093041.742406576,daily_minutes
Rail,101005,scenario_68,11.428821786241317,685.729307174479,105289.16358792673,daily_minutes
Rail,101006,scenario_68,330.75477934184164,19845.2867605105,3047111.48016465,daily_minutes
Rail,101007,scenario_68,908.7256046573602,54523.536279441614,8371725.505466397,daily_minutes
Rail,101008,scenario_68,499.2303717076429,29953.822302458575,4599209.722393831,daily_minutes
Rail,101009,scenario_68,15.000921964630834,900.05531787785,138197.49369135802,daily_minutes
Rail,101010,scenario_68,547.7752938369813,32866.51763021888,5046434.6720025735,daily_minutes
Rail,101011,scenario_68,832.285767584035,49937.1460550421,7667515.862444681,daily_minutes
Rail,101012,scenario_68,902.6573031504886,54159.438189029315,8315820.67100419,daily_minutes
Rail,101013,scenario_68,389.4399468521297,23366.396811127783,3587754.4543699296,daily_minutes
Rail,101014,scenario_68,400.8804439266387,24052.82663559832,3693151.1777185514,daily_minutes
Rail,101015,scenario_68,273.85008591114456,16431.005154668674,2522871.3014650103,daily_minutes
Rail,101016,scenario_68,663.3043502142245,39798.26101285347,6110757.656783565,daily_minutes
Rail,101017,scenario_68,231.9850192288577,13919.101153731463,2137185.1881477744,daily_minutes
Rail,101018,scenario_68,22.01465641658433,1320.8793849950598,202812.2237034248,daily_minutes
Rail,101019,scenario_68,13.98820997873554,839.2925987241324,128867.78325009903,daily_minutes
Rail,101020,scenario_68,234.21112147170788,14052.667288302473,2157693.377670256,daily_minutes
Rail,101021,scenario_68,204.02886796791427,12241.732078074856,1879636.349041207,daily_minutes
Rail,101022,scenario_68,167.51946057476744,10051.167634486046,1543289.7824911023,daily_minutes
Rail,101023,scenario_68,965.6592716416052,57939.55629849631,8896232.605925454,daily_minutes
Rail,101024,scenario_68,485.19851276971895,29111.910766183137,4469939.8187423125,daily_minutes
Rail,101025,scenario_68,152.67648979028309,9160.589387416985,1406547.429841962,daily_minutes
Rail,101026,scenario_68,556.23329147599,33373.9974885594,5124354.821051705,daily_minutes
Rail,101027,scenario_68,853.0083034644194,51180.49820786517,7858424.296496309,daily_minutes
Rail,101028,scenario_68,334.30765990116197,20058.459594069718,3079842.7476054444,daily_minutes
Rail,101029,scenario_68,456.0962926934226,27365.777561605355,4201832.706067425,daily_minutes
Rail,101030,scenario_68,451.7698721021079,27106.192326126475,4161975.123727879,daily_minutes
Rail,101031,scenario_68,685.3640877892904,41121.84526735742,6313985.195167616,daily_minutes
Rail,101032,scenario_68,58.49632852180366,3509.7797113082197,538903.2761399684,daily_minutes
Rail,100000,scenario_69,346.1384701669085,20768.30821001451,3188835.2702596616,daily_minutes
Rail,100001,scenario_69,1097.061020406094,65823.66122436564,10106784.35659318,daily_minutes
Rail,100002,scenario_69,409.7218022078159,24583.308132468956,3774603.0750197247,daily_minutes
Rail,100003,scenario_69,127.1470128377332,7628.820770263992,1171354.5704689007,daily_minutes
Rail,100004,scenario_69,139.75843143463862,8385.505886078317,1287538.5254347518,daily_minutes
Rail,100005,scenario_69,419.01870264214085,25141.12215852845,3860251.6999609866,daily_minutes
Rail,101000,scenario_69,454.06687363190576,27244.012417914346,4183136.480021294,daily_minutes
Rail,101001,scenario_69,1022.9791717499538,61378.75030499723,9424297.917663625,daily_minutes
Rail,101002,scenario_69,439.1200358271744,26347.202149630462,4045437.2420614264,daily_minutes
Rail,101003,scenario_69,421.6632673025233,25299.7960381514,3884615.0163512263,daily_minutes
Rail,101004,scenario_69,115.92909542726557,6955.745725635934,1068008.3845332267,daily_minutes
Rail,101005,scenario_69,10.712717088063073,642.7630252837844,98691.97744548986,daily_minutes
Rail,101006,scenario_69,320.1025876800486,19206.155260802916,2948977.0992612154,daily_minutes
Rail,101007,scenario_69,854.840229255009,51290.41375530054,7875301.096034695,daily_minutes
Rail,101008,scenario_69,470.2960056165466,28217.760336992797,4332648.981342997,daily_minutes
Rail,101009,scenario_69,14.0640314499542,843.841886997252,129566.29613584804,daily_minutes
Rail,101010,scenario_69,515.3919865260541,30923.519191563246,4748100.215069925,daily_minutes
Rail,101011,scenario_69,812.8090943694042,48768.54566216425,7488085.062787572,daily_minutes
Rail,101012,scenario_69,850.1381361067397,51008.28816640438,7831982.59269695,daily_minutes
Rail,101013,scenario_69,366.800468700123,22008.02812200738,3379185.997946753,daily_minutes
Rail,101014,scenario_69,377.0910137871906,22625.460827231436,3473988.673615872,daily_minutes
Rail,101015,scenario_69,263.8604196429296,15831.625178575778,2430840.5020024534,daily_minutes
Rail,101016,scenario_69,623.4889802575199,37409.33881545119,5743954.579520428,daily_minutes
Rail,101017,scenario_69,218.95767431062995,13137.460458637797,2017169.4703541093,daily_minutes
Rail,101018,scenario_69,20.68308905759477,1240.9853434556862,190545.02625199757,daily_minutes
Rail,101019,scenario_69,13.373785273222891,802.4271163933735,123207.33420809322,daily_minutes
Rail,101020,scenario_69,220.63062704602635,13237.83762276158,2032581.714724222,daily_minutes
Rail,101021,scenario_69,191.6670636812778,11500.023820876668,1765751.9908701398,daily_minutes
Rail,101022,scenario_69,157.02215534844436,9421.329320906661,1446582.3083630784,daily_minutes
Rail,101023,scenario_69,909.821001281307,54589.26007687842,8381816.956404168,daily_minutes
Rail,101024,scenario_69,457.53241585097567,27451.94495105854,4215063.134268697,daily_minutes
Rail,101025,scenario_69,143.47053560415225,8608.232136249135,1321736.656306813,daily_minutes
Rail,101026,scenario_69,523.3658720960811,31401.95232576487,4821560.433272357,daily_minutes
Rail,101027,scenario_69,832.4655396184025,49947.93237710415,7669172.030288495,daily_minutes
Rail,101028,scenario_69,314.4849649528842,18869.09789717305,2897224.1881249407,daily_minutes
Rail,101029,scenario_69,429.8946124950962,25793.676749705774,3960447.107072323,daily_minutes
Rail,101030,scenario_69,426.0173471461021,25561.040828766127,3924727.41231818,daily_minutes
Rail,101031,scenario_69,644.7047521432323,38682.28512859394,5939406.9995947415,daily_minutes
Rail,101032,scenario_69,56.53458269836119,3392.0749619016715,520830.4965669223,daily_minutes
Rail,100000,scenario_70,406.1918664564728,24371.511987388367,3742083.188916901,daily_minutes
Rail,100001,scenario_70,1286.996583366381,77219.79500198286,11856584.72392112,daily_minutes
Rail,100002,scenario_70,479.20656514271104,28752.393908562663,4414738.40203374,daily_minutes
Rail,100003,scenario_70,148.9382865587977,8936.297193527862,1372108.8587515797,daily_minutes
Rail,100004,scenario_70,164.0691649437067,9844.149896622403,1511503.5889603924,daily_minutes
Rail,100005,scenario_70,490.2183022896643,29413.098137379857,4516185.131673761,daily_minutes
Rail,101000,scenario_70,530.5568592846321,31833.411557077925,4887808.121845601,daily_minutes
Rail,101001,scenario_70,1193.3905447651996,71603.43268591198,10994229.732703878,daily_minutes
Rail,101002,scenario_70,514.1539408266472,30849.23644959883,4736694.59525957,daily_minutes
Rail,101003,scenario_70,493.2985984036495,29597.91590421897,4544562.667653461,daily_minutes
Rail,101004,scenario_70,128.67981878912542,7720.789127347525,1185475.698576697,daily_minutes
Rail,101005,scenario_70,12.576248868303082,754.574932098185,115859.95032412896,daily_minutes
Rail,101006,scenario_70,359.95044552287436,21597.02673137246,3316079.474424032,daily_minutes
Rail,101007,scenario_70,1000.1081880868004,60006.49128520802,9213596.693568457,daily_minutes
Rail,101008,scenario_70,549.159528663753,32949.57171982518,5059187.073767691,daily_minutes
Rail,101009,scenario_70,16.50689833956858,990.4139003741147,152071.4516431095,daily_minutes
Rail,101010,scenario_70,602.8629701485333,36171.778208912,5553935.398790378,daily_minutes
Rail,101011,scenario_70,902.8319537341596,54169.917224049575,8317429.656971317,daily_minutes
Rail,101012,scenario_70,993.061981062121,59583.71886372726,9148682.806732897,daily_minutes
Rail,101013,scenario_70,428.6153958579016,25716.923751474096,3948662.195880504,daily_minutes
Rail,101014,scenario_70,441.1138255536571,26466.829533219425,4063805.2292956207,daily_minutes
Rail,101015,scenario_70,298.48702962599054,17909.221777559433,2749841.6091324,daily_minutes
Rail,101016,scenario_70,729.7610996335497,43785.665978012985,6722997.106484041,daily_minutes
Rail,101017,scenario_70,255.04513558148028,15302.708134888817,2349628.816057945,daily_minutes
Rail,101018,scenario_70,24.22628862063721,1453.5773172382326,223187.1065464823,daily_minutes
Rail,101019,scenario_70,15.288238525390623,917.2943115234374,140844.42623901367,daily_minutes
Rail,101020,scenario_70,257.6958801627188,15461.75280976313,2374049.0655870633,daily_minutes
Rail,101021,scenario_70,224.52818344433763,13471.691006660258,2068488.342799305,daily_minutes
Rail,101022,scenario_70,184.3369704564102,11060.218227384612,1698222.7740267245,daily_minutes
Rail,101023,scenario_70,1062.2343064457673,63734.05838674604,9785939.771562276,daily_minutes
Rail,101024,scenario_70,533.5988458622451,32015.930751734704,4915832.727390519,daily_minutes
Rail,101025,scenario_70,168.0145722150628,10080.874332903768,1547851.0479884874,daily_minutes
Rail,101026,scenario_70,612.1602795183862,36729.616771103174,5639587.791091085,daily_minutes
Rail,101027,scenario_70,925.5392628848203,55532.35577308922,8526623.013252696,daily_minutes
Rail,101028,scenario_70,367.92417838968686,22075.45070338121,3389538.285832829,daily_minutes
Rail,101029,scenario_70,501.5228948503791,30091.373691022745,4620329.821098602,daily_minutes
Rail,101030,scenario_70,496.91921490829554,29815.152894497733,4577917.959264163,daily_minutes
Rail,101031,scenario_70,754.2806752065881,45256.84051239528,6948886.148408213,daily_minutes
Rail,101032,scenario_70,63.69090260864323,3821.4541565185937,586758.8093723865,daily_minutes
Rail,100000,scenario_71,573.4726215442279,34408.35729265367,5283173.873238354,daily_minutes
Rail,100001,scenario_71,1815.644953346251,108938.69720077506,16726810.69719767,daily_minutes
Rail,100002,scenario_71,672.9932257970577,40379.59354782346,6200017.391977973,daily_minutes
Rail,100003,scenario_71,209.65518016822895,12579.310810093737,1931469.312817826,daily_minutes
Rail,100004,scenario_71,231.73107662203984,13903.86459732239,2134845.716488204,daily_minutes
Rail,100005,scenario_71,688.6920597236021,41321.52358341613,6344644.469409657,daily_minutes
Rail,101000,scenario_71,745.0736970087382,44704.421820524294,6864065.941062702,daily_minutes
Rail,101001,scenario_71,1673.737862147951,100424.27172887707,15419477.428824214,daily_minutes
Rail,101002,scenario_71,723.9546212713612,43437.277276281675,6669504.343924542,daily_minutes
Rail,101003,scenario_71,693.0207674364792,41581.24604618875,6384523.122085308,daily_minutes
Rail,101004,scenario_71,178.36701189680025,10702.020713808015,1643223.933800462,daily_minutes
Rail,101005,scenario_71,17.762878545123385,1065.7727127074031,163642.29488480368,daily_minutes
Rail,101006,scenario_71,501.17632562726067,30070.57953763564,4617137.017473701,daily_minutes
Rail,101007,scenario_71,1405.0515093764625,84303.09056258775,12944177.5352816,daily_minutes
Rail,101008,scenario_71,771.0706995626533,46264.2419737592,7103565.9267909,daily_minutes
Rail,101009,scenario_71,23.30576667789137,1398.3460006734822,214706.706096742,daily_minutes
Rail,101010,scenario_71,846.7624322831616,50805.7459369897,7800883.583651855,daily_minutes
Rail,101011,scenario_71,1251.7438579996524,75104.63147997914,11531815.466207596,daily_minutes
Rail,101012,scenario_71,1394.26882488931,83656.1294933586,12844840.976175258,daily_minutes
Rail,101013,scenario_71,601.1431806902256,36068.590841413534,5538091.666426772,daily_minutes
Rail,101014,scenario_71,620.0935750027711,37205.614500166266,5712674.069070528,daily_minutes
Rail,101015,scenario_71,416.44529730082286,24986.71783804937,3836543.94591356,daily_minutes
Rail,101016,scenario_71,1027.2047498424872,61632.28499054923,9463226.478398897,daily_minutes
Rail,101017,scenario_71,357.73326612116216,21463.99596726973,3295653.487467818,daily_minutes
Rail,101018,scenario_71,34.098277552911895,2045.8966531747137,314133.7917839561,daily_minutes
Rail,101019,scenario_71,21.405429585771344,1284.3257751462806,197199.66060187708,daily_minutes
Rail,101020,scenario_71,361.64297905568674,21698.578743341204,3331672.10884842,daily_minutes
Rail,101021,scenario_71,316.0845216592206,18965.071299553238,2911960.2642377354,daily_minutes
Rail,101022,scenario_71,260.35866196951974,15621.519718171185,2398580.209260397,daily_minutes
Rail,101023,scenario_71,1491.11849997245,89467.109998347,13737078.292846192,daily_minutes
Rail,101024,scenario_71,748.7203453183902,44923.22071910341,6897661.053280201,daily_minutes
Rail,101025,scenario_71,236.4068888187685,14184.41332912611,2177922.1039317865,daily_minutes
Rail,101026,scenario_71,859.8304219326455,51589.82531595873,7921273.74509669,daily_minutes
Rail,101027,scenario_71,1283.6478236953844,77018.86942172307,11825733.940576095,daily_minutes
Rail,101028,scenario_71,516.9113953908454,31014.683723450726,4762097.921177702,daily_minutes
Rail,101029,scenario_71,704.4019299189822,42264.11579513893,6489373.219571615,daily_minutes
Rail,101030,scenario_71,696.912147532028,41814.72885192168,6420372.850353561,daily_minutes
Rail,101031,scenario_71,1059.75231079667,63585.138647800195,9763074.1384454,daily_minutes
Rail,101032,scenario_71,88.73601661927387,5324.160997156432,817489.4267067224,daily_minutes
Rail,100000,scenario_72,310.5838692247453,18635.032153484717,2861284.9536198885,daily_minutes
Rail,100001,scenario_72,984.2693419138486,59056.16051483092,9067679.73931552,daily_minutes
Rail,100002,scenario_72,367.48643255828574,22049.185953497145,3385505.508586463,daily_minutes
Rail,100003,scenario_72,114.05507570900954,6843.304542540573,1050743.7904768214,daily_minutes
Rail,100004,scenario_72,125.393226138709,7523.59356832254,1155197.6351254703,daily_minutes
Rail,100005,scenario_72,375.8309391974981,22549.856351849885,3462380.110450871,daily_minutes
Rail,101000,scenario_72,407.41864401301063,24445.118640780638,3753384.999834262,daily_minutes
Rail,101001,scenario_72,918.1211858947864,55087.27115368719,8458283.237174308,daily_minutes
Rail,101002,scenario_72,394.0209794103903,23641.258764623417,3629957.6749161617,daily_minutes
Rail,101003,scenario_72,378.20747706887414,22692.44862413245,3484274.2032447094,daily_minutes
Rail,101004,scenario_72,105.72567596434963,6343.540557860978,974008.3623891677,daily_minutes
Rail,101005,scenario_72,9.611587905877968,576.6952743526781,88547.71474169136,daily_minutes
Rail,101006,scenario_72,290.8574163068879,17451.444978413274,2679553.033468835,daily_minutes
Rail,101007,scenario_72,766.7346656560258,46004.079939361545,7063619.780822702,daily_minutes
Rail,101008,scenario_72,422.0755231280964,25324.531387685784,3888412.964369901,daily_minutes
Rail,101009,scenario_72,12.618441832040844,757.1065099224506,116248.65722185948,daily_minutes
Rail,101010,scenario_72,462.270036421196,27736.20218527176,4258708.93753391,daily_minutes
Rail,101011,scenario_72,741.1274402031959,44467.64641219175,6827710.655615962,daily_minutes
Rail,101012,scenario_72,762.8535119284934,45771.2107157096,7027864.263992437,daily_minutes
Rail,101013,scenario_72,328.96436727840046,19737.862036704028,3030617.1299889917,daily_minutes
Rail,101014,scenario_72,338.3108691791458,20298.65215074875,3116722.7133997986,daily_minutes
Rail,101015,scenario_72,239.3436341534034,14360.618049204204,2204977.1640016437,daily_minutes
Rail,101016,scenario_72,559.4810924490012,33568.86554694007,5154275.512295667,daily_minutes
Rail,101017,scenario_72,196.6318897744131,11797.913386464787,1811490.9477357585,daily_minutes
Rail,101018,scenario_72,18.553758303329232,1113.225498199754,170928.35374525088,daily_minutes
Rail,101019,scenario_72,12.09427687326388,725.6566123958328,111419.7351226308,daily_minutes
Rail,101020,scenario_72,197.9458323577928,11876.749941467568,1823595.7751794024,daily_minutes
Rail,101021,scenario_72,171.93413883051107,10316.048329830664,1583960.447389966,daily_minutes
Rail,101022,scenario_72,140.88313003379153,8452.987802027492,1297899.923749308,daily_minutes
Rail,101023,scenario_72,816.5453274378779,48992.71964627267,7522505.483554193,daily_minutes
Rail,101024,scenario_72,410.73321213024974,24643.992727814984,3783920.790071138,daily_minutes
Rail,101025,scenario_72,128.6982860167409,7721.897161004454,1185645.829757827,daily_minutes
Rail,101026,scenario_72,469.4332480698249,28165.994884189495,4324700.741168069,daily_minutes
Rail,101027,scenario_72,758.8505616714501,45531.03370028701,6990986.684454401,daily_minutes
Rail,101028,scenario_72,282.0742091894026,16924.452551364157,2598636.8595782905,daily_minutes
Rail,101029,scenario_72,386.0021068582828,23160.126411496967,3556083.009642616,daily_minutes
Rail,101030,scenario_72,382.3531620591421,22941.189723548527,3522466.740786052,daily_minutes
Rail,101031,scenario_72,578.260997994701,34695.65987968206,5327287.270125982,daily_minutes
Rail,101032,scenario_72,51.341992649387976,3080.5195589632785,472993.2414817516,daily_minutes
Rail,100000,scenario_73,310.2289404730109,18613.736428380653,2858015.1370016597,daily_minutes
Rail,100001,scenario_73,982.8535753885844,58971.214523315066,9054636.848624872,daily_minutes
Rail,100002,scenario_73,365.86496238711334,21951.8977432268,3370567.55248752,daily_minutes
Rail,100003,scenario_73,113.72243305842858,6823.345983505715,1047679.286794079,daily_minutes
Rail,100004,scenario_73,125.2947627067624,7517.685762405744,1154290.5309123194,daily_minutes
Rail,100005,scenario_73,374.2727166255572,22456.362997533433,3448024.8291846085,daily_minutes
Rail,101000,scenario_73,405.2800173918549,24316.801043511296,3733682.6882242025,daily_minutes
Rail,101001,scenario_73,911.9491399358012,54716.94839614807,8401422.646572562,daily_minutes
Rail,101002,scenario_73,392.7329234719473,23563.975408316837,3618091.330777661,daily_minutes
Rail,101003,scenario_73,376.63038437963405,22597.823062778043,3469745.079135817,daily_minutes
Rail,101004,scenario_73,100.60164524714128,6036.098714828477,926802.7170038136,daily_minutes
Rail,101005,scenario_73,9.604076798761524,576.2446079256914,88478.51791627043,daily_minutes
Rail,101006,scenario_73,279.86484950981685,16791.89097058901,2578282.912594138,daily_minutes
Rail,101007,scenario_73,763.5670330941903,45814.021985651416,7034437.649083536,daily_minutes
Rail,101008,scenario_73,419.6152426660192,25176.91455996115,3865747.384584968,daily_minutes
Rail,101009,scenario_73,12.606114586229523,756.3668751737714,116135.0912370981,daily_minutes
Rail,101010,scenario_73,460.2739694843658,27616.43816906195,4240319.971271668,daily_minutes
Rail,101011,scenario_73,705.6271466116159,42337.628796696954,6500660.650874172,daily_minutes
Rail,101012,scenario_73,758.6505546092994,45519.033276557966,6989144.099393632,daily_minutes
Rail,101013,scenario_73,327.2157367110376,19632.944202662256,3014507.696024105,daily_minutes
Rail,101014,scenario_73,336.88780555527046,20213.268333316228,3103612.5974584846,daily_minutes
Rail,101015,scenario_73,231.49386731982668,13889.6320391896,2132660.4020706355,daily_minutes
Rail,101016,scenario_73,557.4679204354834,33448.075226129,5135728.963803934,daily_minutes
Rail,101017,scenario_73,195.0528444121337,11703.170664728023,1796943.8344312229,daily_minutes
Rail,101018,scenario_73,18.498966566727177,1109.9379940036306,170423.57939263078,daily_minutes
Rail,101019,scenario_73,11.804746945694204,708.2848167416522,108752.41171190244,daily_minutes
Rail,101020,scenario_73,196.825630623116,11809.53783738696,1813275.8046785183,daily_minutes
Rail,101021,scenario_73,171.44353590807077,10286.612154484246,1579440.7189066927,daily_minutes
Rail,101022,scenario_73,140.77397289276269,8446.438373565761,1296894.302671865,daily_minutes
Rail,101023,scenario_73,811.6805585543843,48700.83351326306,7477688.313738121,daily_minutes
Rail,101024,scenario_73,407.88072609505616,24472.84356570337,3757641.9772233143,daily_minutes
Rail,101025,scenario_73,128.293793710076,7697.627622604559,1181919.4039334462,daily_minutes
Rail,101026,scenario_73,467.3867642839832,28043.205857038993,4305847.304642623,daily_minutes
Rail,101027,scenario_73,723.0876612365282,43385.25967419169,6661517.38790764,daily_minutes
Rail,101028,scenario_73,280.90651959280876,16854.391175568526,2587879.40240071,daily_minutes
Rail,101029,scenario_73,383.4565658748252,23007.39395248951,3532631.9587784144,daily_minutes
Rail,101030,scenario_73,379.7330410778704,22783.982464672223,3498328.614233989,daily_minutes
Rail,101031,scenario_73,575.8859564215272,34553.15738529163,5305406.962128961,daily_minutes
Rail,101032,scenario_73,49.48118984105531,2968.8713904633187,455850.4095297061,daily_minutes
Rail,100000,scenario_74,620.4350680788339,37226.10408473003,5715820.1081830645,daily_minutes
Rail,100001,scenario_74,1964.8610569636369,117891.66341781821,18101478.9733832,daily_minutes
Rail,100002,scenario_74,728.6406005362151,43718.436032172904,6712674.396499935,daily_minutes
Rail,100003,scenario_74,226.93546511334716,13616.12790680083,2090665.665903222,daily_minutes
Rail,100004,scenario_74,250.72899282777507,15043.739569666504,2309865.9193251603,daily_minutes
Rail,100005,scenario_74,745.6178640206635,44737.07184123981,6869079.134076764,daily_minutes
Rail,101000,scenario_74,806.1486520787148,48368.91912472289,7426725.072140367,daily_minutes
Rail,101001,scenario_74,1810.1900077899409,108611.40046739645,16676556.465765608,daily_minutes
Rail,101002,scenario_74,783.245274817993,46994.71648907958,7215725.418788242,daily_minutes
Rail,101003,scenario_74,750.2884719590729,45017.308317544375,6912107.576770156,daily_minutes
Rail,101004,scenario_74,187.14724407200993,11228.834644320596,1724112.7007377986,daily_minutes
Rail,101005,scenario_74,19.21903018951707,1153.1418113710242,177057.23752394496,daily_minutes
Rail,101006,scenario_74,529.7876091023572,31787.256546141434,4880721.327616376,daily_minutes
Rail,101007,scenario_74,1521.1909832040328,91271.45899224197,14014124.051865472,daily_minutes
Rail,101008,scenario_74,833.9519827227268,50037.11896336361,7682866.036031392,daily_minutes
Rail,101009,scenario_74,25.218359247890476,1513.1015548734285,232326.65640711575,daily_minutes
Rail,101010,scenario_74,916.7373114089132,55004.238684534794,8445534.155085754,daily_minutes
Rail,101011,scenario_74,1313.8945735275993,78833.67441165596,12104385.14808036,daily_minutes
Rail,101012,scenario_74,1508.4276559174175,90505.65935504505,13896540.6229048,daily_minutes
Rail,101013,scenario_74,650.8999184588392,39053.995107530354,5996480.588793902,daily_minutes
Rail,101014,scenario_74,671.0350301822327,40262.101810933964,6181977.319056837,daily_minutes
Rail,101015,scenario_74,441.7070320348066,26502.421922088397,4069270.2033238593,daily_minutes
Rail,101016,scenario_74,1111.273903459296,66676.43420755776,10237721.96300911,daily_minutes
Rail,101017,scenario_74,386.45710335770127,23187.426201462076,3560274.7103931587,daily_minutes
Rail,101018,scenario_74,36.91118691763404,2214.6712150580424,340048.00059739535,daily_minutes
Rail,101019,scenario_74,22.835642751073465,1370.1385650644079,210375.6424085394,daily_minutes
Rail,101020,scenario_74,391.3141976118568,23478.851856711408,3605021.1769189914,daily_minutes
Rail,101021,scenario_74,342.1408878326474,20528.453269958845,3152007.143247047,daily_minutes
Rail,101022,scenario_74,281.70575712529535,16902.34542751772,2595242.458092496,daily_minutes
Rail,101023,scenario_74,1612.776444498697,96766.58666992182,14857864.272588696,daily_minutes
Rail,101024,scenario_74,809.368476267693,48562.10857606158,7456388.024463749,daily_minutes
Rail,101025,scenario_74,255.921716785444,15355.30300712664,2357704.408057581,daily_minutes
Rail,101026,scenario_74,930.8460379242752,55850.76227545651,8575512.208981177,daily_minutes
Rail,101027,scenario_74,1348.1281359017084,80887.6881541025,12419765.26480808,daily_minutes
Rail,101028,scenario_74,559.6217815201016,33577.3068912061,5155571.624432088,daily_minutes
Rail,101029,scenario_74,761.1997397184532,45671.98438310719,7012628.722130221,daily_minutes
Rail,101030,scenario_74,753.6608200709597,45219.649204257585,6943175.670985723,daily_minutes
Rail,101031,scenario_74,1147.3300535201995,68839.80321121197,10569892.851060191,daily_minutes
Rail,101032,scenario_74,93.90095476113493,5634.057285668096,865071.9358324315,daily_minutes
Rail,100000,scenario_75,557.180395382602,33430.82372295612,5133080.110501759,daily_minutes
Rail,100001,scenario_75,1764.1250584284137,105847.50350570482,16252178.5132776,daily_minutes
Rail,100002,scenario_75,653.6530917922792,39219.18550753675,6021844.473445551,daily_minutes
Rail,100003,scenario_75,203.6688439051577,12220.130634309462,1876319.5913606556,daily_minutes
Rail,100004,scenario_75,225.1713885148056,13510.283310888337,2074413.9338314976,daily_minutes
Rail,100005,scenario_75,668.9253276189265,40135.51965713559,6162541.4732221225,daily_minutes
Rail,101000,scenario_75,723.3604093710383,43401.624562262296,6664030.107371627,daily_minutes
Rail,101001,scenario_75,1624.2265914122472,97453.59548473483,14963349.896044469,daily_minutes
Rail,101002,scenario_75,703.1020534197596,42186.12320518558,6477397.977334877,daily_minutes
Rail,101003,scenario_75,673.1212483585259,40387.274901511555,6201196.812627755,daily_minutes
Rail,101004,scenario_75,169.58366889957688,10175.020133974613,1562306.508104242,daily_minutes
Rail,101005,scenario_75,17.260054779042548,1035.6032867425529,159009.98065740737,daily_minutes
Rail,101006,scenario_75,479.0153719087393,28740.92231452436,4412977.015246451,daily_minutes
Rail,101007,scenario_75,1364.727397545175,81883.6438527105,12572687.62262468,daily_minutes
Rail,101008,scenario_75,748.4032560686319,44904.19536411791,6894739.836857878,daily_minutes
Rail,101009,scenario_75,22.645657746048528,1358.7394647629117,208625.38655124663,daily_minutes
Rail,101010,scenario_75,822.4283510088935,49345.70106053361,7576703.426504532,daily_minutes
Rail,101011,scenario_75,1190.4433331350592,71426.59998810355,10967078.250840046,daily_minutes
Rail,101012,scenario_75,1353.5117586115812,81210.70551669487,12469362.427385053,daily_minutes
Rail,101013,scenario_75,583.7881588320088,35027.28952992053,5378206.792055763,daily_minutes
Rail,101014,scenario_75,602.1806367436948,36130.83820462169,5547649.334064962,daily_minutes
Rail,101015,scenario_75,398.9806989610079,23938.841937660472,3675649.587248181,daily_minutes
Rail,101016,scenario_75,997.53068650762,59851.8411904572,9189851.2025201,daily_minutes
Rail,101017,scenario_75,346.91628047225095,20814.976828335057,3196000.925478658,daily_minutes
Rail,101018,scenario_75,33.12485656738863,1987.491394043318,305166.0536127245,daily_minutes
Rail,101019,scenario_75,20.592037773138145,1235.5222663882887,189706.2071888125,daily_minutes
Rail,101020,scenario_75,351.08932769695093,21065.359661817056,3234445.5403409298,daily_minutes
Rail,101021,scenario_75,307.06286942165025,18423.772165299015,2828847.3908338947,daily_minutes
Rail,101022,scenario_75,252.98933641117037,15179.360184670222,2330689.560621548,daily_minutes
Rail,101023,scenario_75,1447.24510587447,86834.7063524682,13332890.262379143,daily_minutes
Rail,101024,scenario_75,726.4150819739007,43584.90491843404,6692171.584192757,daily_minutes
Rail,101025,scenario_75,229.6534385203704,13779.206311222224,2115705.2677127644,daily_minutes
Rail,101026,scenario_75,835.1005983908981,50106.035903453885,7693447.772735988,daily_minutes
Rail,101027,scenario_75,1221.259417933281,73275.56507599686,11250974.513652144,daily_minutes
Rail,101028,scenario_75,502.0705933371937,30124.235600231623,4625375.54817823,daily_minutes
Rail,101029,scenario_75,683.3687360644326,41002.124163865956,6295602.8178671915,daily_minutes
Rail,101030,scenario_75,676.2654650310651,40575.927901863906,6230163.22314519,daily_minutes
Rail,101031,scenario_75,1029.336450501287,61760.18703007721,9482864.983888157,daily_minutes
Rail,101032,scenario_75,84.87562790911034,5092.53767454662,781925.2096754698,daily_minutes
Rail,100000,scenario_76,502.37000735006586,30142.20044100395,4628133.929713216,daily_minutes
Rail,100001,scenario_76,1590.1903734843072,95411.42240905843,14649787.834761526,daily_minutes
Rail,100002,scenario_76,588.6602937379939,35319.617624279635,5423091.8220906425,daily_minutes
Rail,100003,scenario_76,183.49826323190064,11009.895793914038,1690496.0998502078,daily_minutes
Rail,100004,scenario_76,203.00704557097924,12180.422734258755,1870222.708027203,daily_minutes
Rail,100005,scenario_76,602.4579325199229,36147.475951195374,5550203.949133041,daily_minutes
Rail,101000,scenario_76,651.8069916009481,39108.419496056886,6004837.090822894,daily_minutes
Rail,101001,scenario_76,1463.9336605071949,87836.01963043169,13486635.240788585,daily_minutes
Rail,101002,scenario_76,633.7631726383916,38025.79035830349,5838606.6042484455,daily_minutes
Rail,101003,scenario_76,606.2479826867493,36374.87896120496,5585120.165299946,daily_minutes
Rail,101004,scenario_76,156.62806275687765,9397.68376541266,1442951.6909540107,daily_minutes
Rail,101005,scenario_76,15.56110273997183,933.6661643983098,143358.21510226445,daily_minutes
Rail,101006,scenario_76,439.8446441491469,26390.678648948815,4052112.768688431,daily_minutes
Rail,101007,scenario_76,1229.1268154263307,73747.60892557984,11323453.699796611,daily_minutes
Rail,101008,scenario_76,674.5906115830076,40475.43669498045,6214733.4682696145,daily_minutes
Rail,101009,scenario_76,20.415527574179578,1224.9316544507747,188080.08932988677,daily_minutes
Rail,101010,scenario_76,740.694799000019,44441.68794000114,6823724.905267575,daily_minutes
Rail,101011,scenario_76,1099.1527739206797,65949.16643524078,10126054.84502165,daily_minutes
Rail,101012,scenario_76,1219.7296483357711,73183.77890014627,11236881.358258126,daily_minutes
Rail,101013,scenario_76,525.6183030843458,31537.09818506075,4842311.178994844,daily_minutes
Rail,101014,scenario_76,542.5938493708309,32555.630962249852,4998700.096713716,daily_minutes
Rail,101015,scenario_76,365.3902284463111,21923.413706778665,3366194.018584485,daily_minutes
Rail,101016,scenario_76,899.1801463564116,53950.808781384694,8283787.016323077,daily_minutes
Rail,101017,scenario_76,312.96456707314064,18777.87402438844,2883217.3706180155,daily_minutes
Rail,101018,scenario_76,29.844034345951513,1790.6420607570908,274941.15081551287,daily_minutes
Rail,101019,scenario_76,18.77271906534588,1126.3631439207527,172945.55166140545,daily_minutes
Rail,101020,scenario_76,316.30263964927144,18978.158378956286,2913969.698032878,daily_minutes
Rail,101021,scenario_76,276.6579837799072,16599.479026794434,2548739.341370773,daily_minutes
Rail,101022,scenario_76,228.08761064211285,13685.256638526771,2101279.9218015284,daily_minutes
Rail,101023,scenario_76,1304.501712063924,78270.10272383544,12017852.472560106,daily_minutes
Rail,101024,scenario_76,654.9976202606922,39299.85721564153,6034231.076413653,daily_minutes
Rail,101025,scenario_76,206.89434309801436,12413.660585880862,1906034.825224767,daily_minutes
Rail,101026,scenario_76,752.1356049716633,45128.136298299796,6929124.474361944,daily_minutes
Rail,101027,scenario_76,1127.1237213452769,67627.42328071661,10383739.995265497,daily_minutes
Rail,101028,scenario_76,452.19317327340104,27131.590396404063,4165874.8280985346,daily_minutes
Rail,101029,scenario_76,616.4375217755223,36986.25130653134,5678992.313109176,daily_minutes
Rail,101030,scenario_76,609.5359760363644,36572.15856218187,5615411.132832611,daily_minutes
Rail,101031,scenario_76,927.076127183449,55624.56763100694,8540781.529290242,daily_minutes
Rail,101032,scenario_76,77.87047168414574,4672.2283010487445,717389.507437361,daily_minutes
Rail,100000,scenario_77,634.8641562699631,38091.84937619779,5848749.526052662,daily_minutes
Rail,100001,scenario_77,2009.8386370975784,120590.3182258547,18515839.42812515,daily_minutes
Rail,100002,scenario_77,743.7631830095343,44625.790980572056,6851992.699793635,daily_minutes
Rail,100003,scenario_77,231.89221261325292,13913.532756795175,2136330.1979208537,daily_minutes
Rail,100004,scenario_77,256.6046798069292,15396.280788415752,2363996.2731893156,daily_minutes
Rail,100005,scenario_77,761.2218580880726,45673.31148528436,7012832.489822176,daily_minutes
Rail,101000,scenario_77,822.8033652364611,49368.201914187666,7580158.282577421,daily_minutes
Rail,101001,scenario_77,1846.376083971969,110782.56503831813,17009924.31120016,daily_minutes
Rail,101002,scenario_77,800.4234231511,48025.405389066,7373980.828121823,daily_minutes
Rail,101003,scenario_77,765.98942262122,45959.3653572732,7056754.1548402505,daily_minutes
Rail,101004,scenario_77,189.13126913692395,11347.876148215437,1742390.7300508255,daily_minutes
Rail,101005,scenario_77,19.66953576404194,1180.1721458425163,181207.56517981275,daily_minutes
Rail,101006,scenario_77,537.0746925432468,32224.481552594807,4947854.312523915,daily_minutes
Rail,101007,scenario_77,1553.0392215092288,93182.35329055373,14307529.13207592,daily_minutes
Rail,101008,scenario_77,851.0872931340855,51065.23758804513,7840726.796727075,daily_minutes
Rail,101009,scenario_77,25.804874666428077,1548.2924799856846,237729.9883519353,daily_minutes
Rail,101010,scenario_77,935.8355806151447,56150.134836908685,8621478.869975083,daily_minutes
Rail,101011,scenario_77,1328.047219379696,79682.83316278175,12234767.813257389,daily_minutes
Rail,101012,scenario_77,1539.415274776933,92364.91648661598,14182017.160409972,daily_minutes
Rail,101013,scenario_77,664.0086814045353,39840.52088427212,6117246.378307422,daily_minutes
Rail,101014,scenario_77,685.2554698884196,41115.32819330518,6312984.541894054,daily_minutes
Rail,101015,scenario_77,448.40672012168216,26904.40320730093,4130991.749793009,daily_minutes
Rail,101016,scenario_77,1135.4525673369208,68127.15404021525,10460470.321848117,daily_minutes
Rail,101017,scenario_77,394.1548350771045,23649.29010462627,3631190.833631333,daily_minutes
Rail,101018,scenario_77,37.7146986007574,2262.881916045444,347450.43232933764,daily_minutes
Rail,101019,scenario_77,23.237433624250116,1394.246017455007,214077.1810067666,daily_minutes
Rail,101020,scenario_77,399.2821310341096,23956.927862046578,3678426.560364838,daily_minutes
Rail,101021,scenario_77,349.62392535206163,20977.435521123698,3220945.374698403,daily_minutes
Rail,101022,scenario_77,288.307360331135,17298.4416198681,2656060.3877866142,daily_minutes
Rail,101023,scenario_77,1645.7134577928955,98742.80746757373,15161299.80126283,daily_minutes
Rail,101024,scenario_77,825.7009602426479,49542.05761455887,7606852.666331417,daily_minutes
Rail,101025,scenario_77,261.4537583668571,15687.225502011424,2408668.894330507,daily_minutes
Rail,101026,scenario_77,950.23946391137,57014.3678346822,8754176.085229887,daily_minutes
Rail,101027,scenario_77,1362.961929774145,81777.7157864487,12556423.074237283,daily_minutes
Rail,101028,scenario_77,571.3465242881648,34280.79145728989,5263586.989657147,daily_minutes
Rail,101029,scenario_77,776.8899773218654,46613.39863931193,7157176.605075417,daily_minutes
Rail,101030,scenario_77,768.7174431441963,46123.04658865178,7081886.316710222,daily_minutes
Rail,101031,scenario_77,1171.3816485582863,70282.89891349718,10791470.57550807,daily_minutes
Rail,101032,scenario_77,95.23404756376112,5714.042853825667,877353.1865859057,daily_minutes
Rail,100000,scenario_78,869.0398880003922,52142.393280023534,8006116.872192414,daily_minutes
Rail,100001,scenario_78,2750.8867765425384,165053.2065925523,25342819.51757579,daily_minutes
Rail,100002,scenario_78,1016.4261683543735,60985.57010126241,9363927.7185815,daily_minutes
Rail,100003,scenario_78,317.15537389117526,19029.322433470516,2921825.597509841,daily_minutes
Rail,100004,scenario_78,351.3495704013767,21080.9742240826,3236843.052279723,daily_minutes
Rail,100005,scenario_78,1040.4421545664372,62426.529273986234,9585177.393158758,daily_minutes
Rail,101000,scenario_78,1123.5187570691487,67411.12542414892,10350528.901375238,daily_minutes
Rail,101001,scenario_78,2518.38515258221,151103.1091549326,23200875.05667887,daily_minutes
Rail,101002,scenario_78,1094.236429985278,65654.18579911668,10080762.53488237,daily_minutes
Rail,101003,scenario_78,1046.933518612379,62816.01111674274,9644979.733568402,daily_minutes
Rail,101004,scenario_78,246.6984060923423,14801.904365540538,2272733.7359663127,daily_minutes
Rail,101005,scenario_78,26.93213513692899,1615.9281082157395,248114.988162472,daily_minutes
Rail,101006,scenario_78,709.1861462116067,42551.1687726964,6533448.290589048,daily_minutes
Rail,101007,scenario_78,2122.7155952532485,127362.93571519491,19555729.692830075,daily_minutes
Rail,101008,scenario_78,1161.526462177484,69691.58773064904,10700678.685456287,daily_minutes
Rail,101009,scenario_78,35.32838727628405,2119.703236577043,325466.3006214944,daily_minutes
Rail,101010,scenario_78,1278.980131049946,76738.80786299676,11782732.355310732,daily_minutes
Rail,101011,scenario_78,1733.4334126631584,104006.0047597895,15969428.657500612,daily_minutes
Rail,101012,scenario_78,2101.582872668936,126094.97236013616,19361042.37274984,daily_minutes
Rail,101013,scenario_78,906.9990956981636,54419.94574188982,8355819.869028903,daily_minutes
Rail,101014,scenario_78,936.3864651520416,56183.1879091225,8626553.948859697,daily_minutes
Rail,101015,scenario_78,595.3235935687844,35719.415614127065,5484478.138111783,daily_minutes
Rail,101016,scenario_78,1551.8667457104166,93112.004742625,14296727.581531784,daily_minutes
Rail,101017,scenario_78,536.9138723770448,32214.832342622685,4946372.740660762,daily_minutes
Rail,101018,scenario_78,51.57925737697224,3094.755442618334,475179.0665110944,daily_minutes
Rail,101019,scenario_78,31.13596890767803,1868.1581344606818,286843.2271588746,daily_minutes
Rail,101020,scenario_78,545.1172713040723,32707.03627824434,5021947.373615896,daily_minutes
Rail,101021,scenario_78,478.1853824456193,28691.12294673716,4405330.654318512,daily_minutes
Rail,101022,scenario_78,394.7578153610084,23685.468921660504,3636745.849794826,daily_minutes
Rail,101023,scenario_78,2245.7546468218497,134745.27880931098,20689239.259310972,daily_minutes
Rail,101024,scenario_78,1125.867095045207,67552.02570271242,10372163.199813474,daily_minutes
Rail,101025,scenario_78,357.5296277044836,21451.777662269014,3293777.448190325,daily_minutes
Rail,101026,scenario_78,1298.60826025797,77916.4956154782,11963558.458452571,daily_minutes
Rail,101027,scenario_78,1780.6264305909426,106837.58583545656,16404199.054462116,daily_minutes
Rail,101028,scenario_78,780.9163052995282,46854.97831797169,7194269.554202432,daily_minutes
Rail,101029,scenario_78,1059.3507579365832,63561.045476194995,9759374.792566566,daily_minutes
Rail,101030,scenario_78,1048.4128338614828,62904.77003168897,9658608.073232297,daily_minutes
Rail,101031,scenario_78,1601.0741340200184,96064.4480412011,14750055.56707282,daily_minutes
Rail,101032,scenario_78,125.96771070163231,7558.062642097939,1160490.1316098578,daily_minutes
Rail,100000,scenario_79,650.0238843957486,39001.43306374492,5988410.0373842735,daily_minutes
Rail,100001,scenario_79,2058.0406039555746,123482.43623733448,18959904.86800113,daily_minutes
Rail,100002,scenario_79,761.7318350910209,45703.910105461255,7017530.703959539,daily_minutes
Rail,100003,scenario_79,237.47285251614812,14248.371150968887,2187742.401090266,daily_minutes
Rail,100004,scenario_79,262.74497960403096,15764.698776241858,2420564.3991000955,daily_minutes
Rail,100005,scenario_79,779.6233727136569,46777.40236281941,7182358.283461835,daily_minutes
Rail,101000,scenario_79,842.2897667844663,50537.38600706798,7759678.705478574,daily_minutes
Rail,101001,scenario_79,1889.4756039122583,113368.5362347355,17406982.948602073,daily_minutes
Rail,101002,scenario_79,819.4237242498784,49165.423454992706,7549023.00202443,daily_minutes
Rail,101003,scenario_79,784.4950940211129,47069.70564126677,7227239.503178904,daily_minutes
Rail,101004,scenario_79,189.22094504036068,11353.25670242164,1743216.8782788266,daily_minutes
Rail,101005,scenario_79,20.140215237945085,1208.4129142767051,185543.74690109288,daily_minutes
Rail,101006,scenario_79,540.4535191734467,32427.2111504068,4978982.090737294,daily_minutes
Rail,101007,scenario_79,1590.577714657702,95434.66287946212,14653356.254055545,daily_minutes
Rail,101008,scenario_79,871.0145354589185,52260.87212753511,8024308.509368833,daily_minutes
Rail,101009,scenario_79,26.42267814477964,1585.3606886867783,243421.56467659687,daily_minutes
Rail,101010,scenario_79,958.45620384613,57507.3722307678,8829873.623552857,daily_minutes
Rail,101011,scenario_79,1329.095511305306,79745.73067831836,12244425.30745126,daily_minutes
Rail,101012,scenario_79,1575.7633854627056,94545.80312776234,14516877.764913725,daily_minutes
Rail,101013,scenario_79,680.08255318999,40804.9531913994,6265328.529518101,daily_minutes
Rail,101014,scenario_79,701.6241325775627,42097.44795465376,6463782.4837840535,daily_minutes
Rail,101015,scenario_79,452.39158308901824,27143.494985341094,4167702.698365889,daily_minutes
Rail,101016,scenario_79,1162.3262204965283,69739.5732297917,10708046.53894632,daily_minutes
Rail,101017,scenario_79,403.0457318782428,24182.74391269457,3713099.1095015,daily_minutes
Rail,101018,scenario_79,38.62196811038302,2317.3180866229814,355808.74341371463,daily_minutes
Rail,101019,scenario_79,23.54704043069796,1412.8224258418777,216929.464671848,daily_minutes
Rail,101020,scenario_79,408.76812623739534,24526.08757424372,3765817.239774627,daily_minutes
Rail,101021,scenario_79,358.0343961238541,21482.063767431246,3298427.677730618,daily_minutes
Rail,101022,scenario_79,295.2055213292624,17712.331279755745,2719610.3857979625,daily_minutes
Rail,101023,scenario_79,1684.2380004842416,101054.2800290545,15516211.003261125,daily_minutes
Rail,101024,scenario_79,844.7311823447235,50683.87094068341,7782170.490468999,daily_minutes
Rail,101025,scenario_79,267.74478972752695,16064.687383651617,2466625.649843815,daily_minutes
Rail,101026,scenario_79,973.181217694204,58390.87306165224,8965529.286129622,daily_minutes
Rail,101027,scenario_79,1364.6226267138554,81877.35760283133,12571722.410864064,daily_minutes
Rail,101028,scenario_79,585.1501741170359,35109.010447022156,5390754.494070604,daily_minutes
Rail,101029,scenario_79,794.6290125230735,47677.74075138441,7320599.240770067,daily_minutes
Rail,101030,scenario_79,786.6313944955036,47197.88366973022,7246920.384929276,daily_minutes
Rail,101031,scenario_79,1199.6837943077117,71981.0276584627,11052206.923439223,daily_minutes
Rail,101032,scenario_79,95.91101337663711,5754.660802598227,883589.8018336071,daily_minutes
Rail,100000,scenario_80,1082.2985237399407,64937.91142439644,9970783.379806576,daily_minutes
Rail,100001,scenario_80,3424.0599983215943,205443.59989929566,31544495.14053752,daily_minutes
Rail,100002,scenario_80,1260.8227676033855,75649.36605620313,11615455.82882295,daily_minutes
Rail,100003,scenario_80,394.1230222067097,23647.381332402583,3630897.7543815337,daily_minutes
Rail,100004,scenario_80,437.73942079552216,26264.36524773133,4032718.1880208272,daily_minutes
Rail,100005,scenario_80,1290.9268751461932,77455.61250877159,11892792.92997182,daily_minutes
Rail,101000,scenario_80,1393.517777097295,83611.0666258377,12837921.87328654,daily_minutes
Rail,101001,scenario_80,3120.2538421790523,187215.23053074314,28745650.546458736,daily_minutes
Rail,101002,scenario_80,1359.9734555006726,81598.40733004035,12528891.456145495,daily_minutes
Rail,101003,scenario_80,1298.9801816781835,77938.81090069101,11966984.821728434,daily_minutes
Rail,101004,scenario_80,301.5242186229734,18091.453117378405,2777822.016486005,daily_minutes
Rail,101005,scenario_80,33.55454953512526,2013.2729721075157,309124.643047295,daily_minutes
Rail,101006,scenario_80,871.1075276614429,52266.45165968657,8025165.209333808,daily_minutes
Rail,101007,scenario_80,2633.8030736527144,158028.18441916286,24264174.196332995,daily_minutes
Rail,101008,scenario_80,1440.4077451945632,86424.46471167379,13269900.393379431,daily_minutes
Rail,101009,scenario_80,44.001616414418095,2640.0969848650857,405369.2913794681,daily_minutes
Rail,101010,scenario_80,1586.6217184185807,95197.30310511484,14616911.243103014,daily_minutes
Rail,101011,scenario_80,2119.246421249743,127154.78527498458,19523769.580405384,daily_minutes
Rail,101012,scenario_80,2606.1116953810415,156366.7017228625,24009064.60486738,daily_minutes
Rail,101013,scenario_80,1123.9241468589316,67435.4488115359,10354263.595352592,daily_minutes
Rail,101014,scenario_80,1162.3244980812017,69739.4698848721,10708030.671022875,daily_minutes
Rail,101015,scenario_80,732.8351596593857,43970.10957956314,6751317.191878056,daily_minutes
Rail,101016,scenario_80,1928.239375690595,115694.3625414357,17764098.072487175,daily_minutes
Rail,101017,scenario_80,665.2119526704919,39912.71716022951,6128331.635172172,daily_minutes
Rail,101018,scenario_80,64.08957932790508,3845.374759674305,590431.6585162584,daily_minutes
Rail,101019,scenario_80,38.46788215637207,2308.072929382324,354389.2111537933,daily_minutes
Rail,101020,scenario_80,675.7696531772672,40546.17919063603,6225595.506860891,daily_minutes
Rail,101021,scenario_80,594.2640593369724,35655.843560218345,5474717.073047792,daily_minutes
Rail,101022,scenario_80,491.8215104104165,29509.29062462499,4530954.846807003,daily_minutes
Rail,101023,scenario_80,2784.3792563636525,167062.75538181915,25651372.337175783,daily_minutes
Rail,101024,scenario_80,1395.3913675507065,83723.48205304239,12855182.512697635,daily_minutes
Rail,101025,scenario_80,444.14264203699713,26648.558522219828,4091708.50403004,daily_minutes
Rail,101026,scenario_80,1610.9775259217422,96658.65155530453,14841291.55530664,daily_minutes
Rail,101027,scenario_80,2177.7501367013465,130665.00820208079,20062740.909374826,daily_minutes
Rail,101028,scenario_80,968.9583820462432,58137.50292277459,8926625.99043922,daily_minutes
Rail,101029,scenario_80,1313.8940177321929,78833.64106393157,12104380.0277596,daily_minutes
Rail,101030,scenario_80,1298.948726840812,77936.92361044872,11966695.040893665,daily_minutes
Rail,101031,scenario_80,1986.6598194480612,119199.58916688367,18302302.252647206,daily_minutes
Rail,101032,scenario_80,154.8341059764207,9290.046358585241,1426424.6847183732,daily_minutes
Rail,100000,scenario_81,579.2840303341582,34757.04182004949,5336712.057856465,daily_minutes
Rail,100001,scenario_81,1835.5022766749244,110130.13660049546,16909748.27409541,daily_minutes
Rail,100002,scenario_81,683.1928048073969,40991.568288443814,6293982.033568624,daily_minutes
Rail,100003,scenario_81,212.3792576472042,12742.755458832253,1956565.1490006335,daily_minutes
Rail,100004,scenario_81,234.0162897586488,14040.977385518929,2155898.4710305273,daily_minutes
Rail,100005,scenario_81,698.9225314776413,41935.35188865848,6438893.713490918,daily_minutes
Rail,101000,scenario_81,756.0852213620674,45365.11328172404,6965510.710320181,daily_minutes
Rail,101001,scenario_81,1699.9439156036387,101996.63493621832,15660903.31689008,daily_minutes
Rail,101002,scenario_81,732.9637398680206,43977.82439208124,6752501.749908127,daily_minutes
Rail,101003,scenario_81,703.305437111856,42198.32622671136,6479271.669936684,daily_minutes
Rail,101004,scenario_81,179.63075567876513,10777.845340725908,1654866.2997661915,daily_minutes
Rail,101005,scenario_81,17.937867673237633,1076.272060394258,165254.399726469,daily_minutes
Rail,101006,scenario_81,505.06036228537414,30303.62173712245,4652919.093590238,daily_minutes
Rail,101007,scenario_81,1425.8937134027583,85553.6228041655,13136188.42409425,daily_minutes
Rail,101008,scenario_81,782.3934241929819,46943.605451578915,7207877.659720264,daily_minutes
Rail,101009,scenario_81,23.54346830843133,1412.6080985058798,216896.55613825444,daily_minutes
Rail,101010,scenario_81,859.4947939515114,51569.68763709068,7918181.738757693,daily_minutes
Rail,101011,scenario_81,1260.6564288516963,75639.38573110178,11613923.416439138,daily_minutes
Rail,101012,scenario_81,1415.0780610422516,84904.6836625351,13036548.145157846,daily_minutes
Rail,101013,scenario_81,610.991936937935,36659.5162162761,5628824.318234419,daily_minutes
Rail,101014,scenario_81,628.7970155656294,37727.820933937764,5792855.385599917,daily_minutes
Rail,101015,scenario_81,419.79742839930987,25187.845703958592,3867425.788871482,daily_minutes
Rail,101016,scenario_81,1040.2343886375456,62414.06331825274,9583263.328762252,daily_minutes
Rail,101017,scenario_81,363.05429740548425,21783.257844329055,3344674.0202777637,daily_minutes
Rail,101018,scenario_81,34.545034774149826,2072.7020864489896,318249.58736033266,daily_minutes
Rail,101019,scenario_81,21.588890965773317,1295.333457946399,198889.81691128324,daily_minutes
Rail,101020,scenario_81,367.2287468691793,22033.72481215076,3383131.5534070013,daily_minutes
Rail,101021,scenario_81,320.16810228033137,19210.086136819882,2949580.65906778,daily_minutes
Rail,101022,scenario_81,262.9246219475317,15775.477316851902,2422219.3721538302,daily_minutes
Rail,101023,scenario_81,1513.3666213075048,90801.99727845029,13942041.33545752,daily_minutes
Rail,101024,scenario_81,759.9201832353647,45595.21099412188,7000840.68007412,daily_minutes
Rail,101025,scenario_81,239.5713305950412,14374.279835702471,2207074.8402398764,daily_minutes
Rail,101026,scenario_81,872.7292284468858,52363.75370681315,8040105.289989781,daily_minutes
Rail,101027,scenario_81,1292.8487708468674,77570.92625081204,11910498.58630385,daily_minutes
Rail,101028,scenario_81,524.5593977630124,31473.563865780743,4832555.907831528,daily_minutes
Rail,101029,scenario_81,714.190435276425,42851.4261165855,6579550.804027593,daily_minutes
Rail,101030,scenario_81,707.8044674774137,42468.26804864482,6520719.437082422,daily_minutes
Rail,101031,scenario_81,1075.4063239673924,64524.37943804354,9907288.300182,daily_minutes
Rail,101032,scenario_81,89.4325425128336,5365.952550770016,823906.2411537308,daily_minutes
Rail,100000,scenario_82,705.7691102682875,42346.14661609725,6501968.505257624,daily_minutes
Rail,100001,scenario_82,2233.8619212467456,134031.71527480474,20579676.33567777,daily_minutes
Rail,100002,scenario_82,825.7788623789529,49546.731742737174,7607570.347552341,daily_minutes
Rail,100003,scenario_82,257.608715248105,15456.5229148863,2373246.050094692,daily_minutes
Rail,100004,scenario_82,285.2965173244738,17117.79103946843,2628322.695503447,daily_minutes
Rail,100005,scenario_82,845.2355911096238,50714.13546657743,7786817.40665652,daily_minutes
Rail,101000,scenario_82,913.4596223552944,54807.577341317665,8415338.116910385,daily_minutes
Rail,101001,scenario_82,2049.0287299314805,122941.72379588883,18876882.07736675,daily_minutes
Rail,101002,scenario_82,889.2029678066465,53352.17806839879,8191871.261215512,daily_minutes
Rail,101003,scenario_82,850.5281166135392,51031.68699681235,7835575.32711389,daily_minutes
Rail,101004,scenario_82,208.55225944514677,12513.135566708806,1921308.5453643592,daily_minutes
Rail,101005,scenario_82,21.868960189807694,1312.1376113884617,201469.98264462236,daily_minutes
Rail,101006,scenario_82,593.4403493225254,35606.420959351526,5467128.562168697,daily_minutes
Rail,101007,scenario_82,1724.4499364891965,103466.99618935179,15886667.484900368,daily_minutes
Rail,101008,scenario_82,944.7865916073206,56687.195496439235,8703940.9538416,daily_minutes
Rail,101009,scenario_82,28.687050533349975,1721.2230320009985,264282.32174353994,daily_minutes
Rail,101010,scenario_82,1039.0730482279905,62344.38289367943,9572564.364105184,daily_minutes
Rail,101011,scenario_82,1464.5791510283452,87874.74906170071,13492581.886763733,daily_minutes
Rail,101012,scenario_82,1708.8978877841582,102533.8732670495,15743392.681000331,daily_minutes
Rail,101013,scenario_82,737.0041836857854,44220.25102114712,6789724.742623665,daily_minutes
Rail,101014,scenario_82,760.9766666531941,45658.59999919165,7010573.6392092155,daily_minutes
Rail,101015,scenario_82,495.9181967834593,29755.091807007557,4568695.979687297,daily_minutes
Rail,101016,scenario_82,1261.2656985004578,75675.94191002747,11619536.374005316,daily_minutes
Rail,101017,scenario_82,437.3876573741727,26243.259442450362,4029477.532325303,daily_minutes
Rail,101018,scenario_82,41.89467892648827,2513.680735589296,385958.9190781658,daily_minutes
Rail,101019,scenario_82,25.73984692893282,1544.3908157359692,237130.9138174865,daily_minutes
Rail,101020,scenario_82,443.21593348588794,26592.956009153277,4083171.108832091,daily_minutes
Rail,101021,scenario_82,388.39933104514785,23303.95986270887,3578167.677186529,daily_minutes
Rail,101022,scenario_82,320.5427847067331,19232.567082403984,2953032.4583892487,daily_minutes
Rail,101023,scenario_82,1826.745106931499,109604.70641588994,16829071.97211713,daily_minutes
Rail,101024,scenario_82,916.4142333268246,54984.85399960948,8442557.765946703,daily_minutes
Rail,101025,scenario_82,290.4072735944501,17424.436415667005,2675406.048716231,daily_minutes
Rail,101026,scenario_82,1055.0647209286544,63303.883255719265,9719889.24802732,daily_minutes
Rail,101027,scenario_82,1503.308068468119,90198.48410808714,13849375.911569392,daily_minutes
Rail,101028,scenario_82,634.4129304745875,38064.77582847525,5844592.563290184,daily_minutes
Rail,101029,scenario_82,862.4170218308864,51745.02130985318,7945103.055319224,daily_minutes
Rail,101030,scenario_82,853.097697361256,51185.86184167536,7859247.846710307,daily_minutes
Rail,101031,scenario_82,1300.6874341705843,78041.24605023506,11982713.056039924,daily_minutes
Rail,101032,scenario_82,105.25898659430096,6315.539195658058,969708.9398986568,daily_minutes
Rail,100000,scenario_83,510.49305324751185,30629.58319485071,4702968.302348027,daily_minutes
Rail,100001,scenario_83,1615.9332751591646,96955.99650954988,14886946.890731318,daily_minutes
Rail,100002,scenario_83,598.135047175434,35888.10283052604,5510378.935608403,daily_minutes
Rail,100003,scenario_83,186.46227467858265,11187.736480714959,1717802.35170391,daily_minutes
Rail,100004,scenario_83,206.3011405308789,12378.068431852735,1900569.887254775,daily_minutes
Rail,100005,scenario_83,612.1614200115291,36729.68520069175,5639598.297998213,daily_minutes
Rail,101000,scenario_83,662.0940936207771,39725.64561724663,6099608.046890771,daily_minutes
Rail,101001,scenario_83,1486.586230232322,89195.17381393931,13695324.30463829,daily_minutes
Rail,101002,scenario_83,643.871296644269,38632.27779865614,5931728.707464992,daily_minutes
Rail,101003,scenario_83,616.0067159513419,36960.402957080514,5675023.471373332,daily_minutes
Rail,101004,scenario_83,156.760034370418,9405.60206222508,1444167.4926409128,daily_minutes
Rail,101005,scenario_83,15.813618659973145,948.8171195983887,145684.54326686857,daily_minutes
Rail,101006,scenario_83,441.83644412754074,26510.186647652445,4070462.425169382,daily_minutes
Rail,101007,scenario_83,1248.9239498178797,74935.43698907278,11505836.780092197,daily_minutes
Rail,101008,scenario_83,685.1077805658279,41106.46683394967,6311623.939240745,daily_minutes
Rail,101009,scenario_83,20.74650613466656,1244.7903680799936,191129.26241622915,daily_minutes
Rail,101010,scenario_83,752.6147068242135,45156.88240945281,6933538.248088748,daily_minutes
Rail,101011,scenario_83,1100.2962683479343,66017.77610087606,10136589.40178218,daily_minutes
Rail,101012,scenario_83,1238.887218155447,74333.23308932682,11413372.38597887,daily_minutes
Rail,101013,scenario_83,534.0567522167694,32043.405133006163,4920051.23547221,daily_minutes
Rail,101014,scenario_83,551.2443713823741,33074.662282942445,5078393.895797259,daily_minutes
Rail,101015,scenario_83,367.65569824775594,22059.341894865356,3387064.8856772757,daily_minutes
Rail,101016,scenario_83,913.4665759900964,54807.994559405786,8415402.17796636,daily_minutes
Rail,101017,scenario_83,317.65745499928744,19059.447299957246,2926451.069926435,daily_minutes
Rail,101018,scenario_83,30.325805823020342,1819.5483493812205,279379.51872515725,daily_minutes
Rail,101019,scenario_83,18.94347922007728,1136.6087532046367,174518.69666288394,daily_minutes
Rail,101020,scenario_83,321.2984241723534,19277.905450341204,2959993.862530223,daily_minutes
Rail,101021,scenario_83,281.1265359083918,16867.59215450351,2589906.32470965,daily_minutes
Rail,101022,scenario_83,231.78844156268315,13907.306493760989,2135374.1967403744,daily_minutes
Rail,101023,scenario_83,1324.79087664681,79487.4525988086,12204768.4301964,daily_minutes
Rail,101024,scenario_83,665.031410499374,39901.88462996244,6126668.372366533,daily_minutes
Rail,101025,scenario_83,210.2326937198377,12613.961623190262,1936789.7141633767,daily_minutes
Rail,101026,scenario_83,764.2256296555788,45853.53777933473,7040505.035764985,daily_minutes
Rail,101027,scenario_83,1128.6001734216989,67716.01040530193,10397341.95766474,daily_minutes
Rail,101028,scenario_83,459.47381332312216,27568.42879938733,4232948.452620595,daily_minutes
Rail,101029,scenario_83,625.8208098371979,37549.24859023187,5765436.792706169,daily_minutes
Rail,101030,scenario_83,618.9634858807185,37137.80915284311,5702263.010024707,daily_minutes
Rail,101031,scenario_83,942.0066676775314,56520.40006065188,8678330.626646025,daily_minutes
Rail,101032,scenario_83,78.26392006478272,4695.835203886963,721014.1899888173,daily_minutes
Rail,100000,scenario_84,519.8830824156612,31192.98494493967,4789474.88506252,daily_minutes
Rail,100001,scenario_84,1646.0202511469545,98761.21506881727,15164126.16571643,daily_minutes
Rail,100002,scenario_84,609.2319227992775,36553.91536795665,5612610.011980624,daily_minutes
Rail,100003,scenario_84,189.93486111957463,11396.091667174478,1749793.901550193,daily_minutes
Rail,100004,scenario_84,210.15162370997132,12609.097422598279,1936042.8485904816,daily_minutes
Rail,100005,scenario_84,623.54102773661,37412.4616641966,5744434.072126293,daily_minutes
Rail,101000,scenario_84,673.6072346071378,40416.43407642827,6205674.009541717,daily_minutes
Rail,101001,scenario_84,1510.9682918866383,90658.0975131983,13919946.485834844,daily_minutes
Rail,101002,scenario_84,655.3455921372006,39320.735528232035,6037436.802123173,daily_minutes
Rail,101003,scenario_84,627.4358992815178,37646.15395689107,5780315.965720911,daily_minutes
Rail,101004,scenario_84,150.71292851761973,9042.775711057184,1388457.9252614237,daily_minutes
Rail,101005,scenario_84,16.10879427591135,966.527656554681,148403.8781462609,daily_minutes
Rail,101006,scenario_84,430.9222039063534,25855.332234381203,3969913.8957076706,daily_minutes
Rail,101007,scenario_84,1272.1405454476044,76328.43272685626,11719721.9889906,daily_minutes
Rail,101008,scenario_84,696.5442690173368,41792.65614104021,6416983.732749117,daily_minutes
Rail,101009,scenario_84,21.133299207664095,1267.9979524598457,194692.63228052625,daily_minutes
Rail,101010,scenario_84,766.5678436755916,45994.070620535495,7062082.916645754,daily_minutes
Rail,101011,scenario_84,1058.6738718668712,63520.43231201227,9753138.911960736,daily_minutes
Rail,101012,scenario_84,1260.1681888560488,75610.09133136293,11609425.456655234,daily_minutes
Rail,101013,scenario_84,543.9265077073796,32635.59046244278,5010977.344905006,daily_minutes
Rail,101014,scenario_84,561.13326585092,33667.9959510552,5169496.324978185,daily_minutes
Rail,101015,scenario_84,360.87541785238864,21652.52507114332,3324600.8745069155,daily_minutes
Rail,101016,scenario_84,929.572812159866,55774.36872959196,8563782.48930398,daily_minutes
Rail,101017,scenario_84,322.26620872021886,19335.97252321313,2968909.674455888,daily_minutes
Rail,101018,scenario_84,30.89000733692228,1853.4004402153369,284577.2815921302,daily_minutes
Rail,101019,scenario_84,18.79856637318153,1127.9139823908918,173183.67256957214,daily_minutes
Rail,101020,scenario_84,326.9091905136811,19614.551430820866,3011683.6085263384,daily_minutes
Rail,101021,scenario_84,286.3606324593129,17181.637947558775,2638125.962594666,daily_minutes
Rail,101022,scenario_84,236.11396317479375,14166.837790487625,2175223.497144105,daily_minutes
Rail,101023,scenario_84,1346.8687860806383,80812.1271648383,12408163.37864649,daily_minutes
Rail,101024,scenario_84,675.4803873817291,40528.823242903745,6222930.616792917,daily_minutes
Rail,101025,scenario_84,214.14298652808793,12848.579191685276,1972813.677688663,daily_minutes
Rail,101026,scenario_84,778.3411602357446,46700.46961414468,7170545.77278782,daily_minutes
Rail,101027,scenario_84,1087.0565605163065,65223.39363097839,10014617.269412523,daily_minutes
Rail,101028,scenario_84,468.0016141394517,28080.096848367102,4311511.670421112,daily_minutes
Rail,101029,scenario_84,635.3990565597778,38123.94339358667,5853677.348462609,daily_minutes
Rail,101030,scenario_84,629.0475642264064,37742.85385358438,5795163.590192191,daily_minutes
Rail,101031,scenario_84,959.5049374401206,57570.29624640723,8839535.186660854,daily_minutes
Rail,101032,scenario_84,76.48444876667782,4589.066926000669,704620.632707896,daily_minutes
Rail,100000,scenario_85,491.6967712163969,29501.806272983813,4529805.674508178,daily_minutes
Rail,100001,scenario_85,1557.8494712829197,93470.96827697518,14351844.039141024,daily_minutes
Rail,100002,scenario_85,579.949714942748,34796.98289656488,5342844.74388156,daily_minutes
Rail,100003,scenario_85,180.2673861185467,10816.043167112803,1660731.3213557233,daily_minutes
Rail,100004,scenario_85,198.60728658040895,11916.437194824537,1829689.4883506752,daily_minutes
Rail,100005,scenario_85,593.2721303621729,35596.327821730374,5465578.828174554,daily_minutes
Rail,101000,scenario_85,642.1808398883004,38530.850393298024,5916155.205554956,daily_minutes
Rail,101001,scenario_85,1444.5311825930405,86671.87095558243,13307887.97275664,daily_minutes
Rail,101002,scenario_85,622.3670910557194,37342.02546334316,5733619.0630599195,daily_minutes
Rail,101003,scenario_85,597.0022825717679,35820.13695430607,5499943.228420668,daily_minutes
Rail,101004,scenario_85,156.67061398823716,9400.23683929423,1443343.6984280336,daily_minutes
Rail,101005,scenario_85,15.223657862348771,913.4194717409263,140249.4704226743,daily_minutes
Rail,101006,scenario_85,437.6506839891372,26259.04103934823,4031900.6913183248,daily_minutes
Rail,101007,scenario_85,1210.3547059376506,72621.28235625903,11150513.7639212,daily_minutes
Rail,101008,scenario_85,664.7386430422557,39884.31858253534,6123971.222891085,daily_minutes
Rail,101009,scenario_85,19.981604289969255,1198.8962573981553,184082.52768177073,daily_minutes
Rail,101010,scenario_85,729.588279994321,43775.29679965926,6721404.988275682,daily_minutes
Rail,101011,scenario_85,1099.1394734561327,65948.36840736796,10125932.313161967,daily_minutes
Rail,101012,scenario_85,1201.9977098505117,72119.8625910307,11073524.10176882,daily_minutes
Rail,101013,scenario_85,518.6866992056384,31121.201952338306,4778453.085101864,daily_minutes
Rail,101014,scenario_85,533.8926227609263,32033.55736565558,4918539.17644731,daily_minutes
Rail,101015,scenario_85,362.69452924130746,21761.671754478448,3341359.620088469,daily_minutes
Rail,101016,scenario_85,883.366838516813,53002.01031100878,8138105.33651999,daily_minutes
Rail,101017,scenario_85,308.78799304767017,18527.27958286021,2844740.2647509663,daily_minutes
Rail,101018,scenario_85,29.32274192969635,1759.364515781781,270138.69230152055,daily_minutes
Rail,101019,scenario_85,18.556687672935368,1113.401260376122,170955.34085568436,daily_minutes
Rail,101020,scenario_85,311.8945149302235,18713.67089581341,2873359.4082461772,daily_minutes
Rail,101021,scenario_85,271.7609129190241,16305.654775141447,2503624.5863578017,daily_minutes
Rail,101022,scenario_85,223.14247484206865,13388.54849052412,2055722.3637300413,daily_minutes
Rail,101023,scenario_85,1285.783869461171,77147.03216767026,11845412.475797985,daily_minutes
Rail,101024,scenario_85,645.9521562873633,38757.1293772418,5950898.835012963,daily_minutes
Rail,101025,scenario_85,203.3588273048299,12201.529638289794,1873463.5324284756,daily_minutes
Rail,101026,scenario_85,740.8456541338892,44450.73924803335,6825114.673273868,daily_minutes
Rail,101027,scenario_85,1126.6738424479772,67600.43054687863,10379595.440936234,daily_minutes
Rail,101028,scenario_85,445.27122254170536,26716.27335250232,4102105.6647877144,daily_minutes
Rail,101029,scenario_85,607.1762244045458,36430.57346427275,5593671.684949318,daily_minutes
Rail,101030,scenario_85,601.4995233475929,36089.971400855575,5541374.508792034,daily_minutes
Rail,101031,scenario_85,912.8531770527624,54771.19062316574,8409751.17891628,daily_minutes
Rail,101032,scenario_85,77.4243223289377,4645.459339736262,713279.3118875715,daily_minutes
Rail,100000,scenario_86,709.7892115454597,42587.35269272758,6539004.090283701,daily_minutes
Rail,100001,scenario_86,2247.9391763050808,134876.35057830485,20709364.455628183,daily_minutes
Rail,100002,scenario_86,833.7617360850127,50025.70416510076,7681113.369856787,daily_minutes
Rail,100003,scenario_86,259.65693791708327,15579.416275024996,2392115.506254921,daily_minutes
Rail,100004,scenario_86,286.85248281169333,17211.1489687016,2642657.183151006,daily_minutes
Rail,100005,scenario_86,853.1851078828768,51191.106472972606,7860053.12488179,daily_minutes
Rail,101000,scenario_86,922.1359751384008,55328.15850830405,8495269.88456003,daily_minutes
Rail,101001,scenario_86,2070.0942455549957,124205.65473329974,19070950.246599954,daily_minutes
Rail,101002,scenario_86,895.9626011014916,53757.756066089496,8254145.058907601,daily_minutes
Rail,101003,scenario_86,858.5206346134364,51511.238076806185,7909207.198439744,daily_minutes
Rail,101004,scenario_86,210.6089113871567,12636.534683229402,1940255.6570453197,daily_minutes
Rail,101005,scenario_86,21.98803532916645,1319.282119749987,202566.9742734788,daily_minutes
Rail,101006,scenario_86,598.6391404172318,35918.34842503391,5515022.945007789,daily_minutes
Rail,101007,scenario_86,1740.6421975811536,104438.53185486922,16035840.309436131,daily_minutes
Rail,101008,scenario_86,953.750700328761,57225.04201972566,8786523.701848742,daily_minutes
Rail,101009,scenario_86,28.85130252840463,1731.0781517042778,265795.50967318047,daily_minutes
Rail,101010,scenario_86,1048.9962360044156,62939.77416026493,9663982.723814275,daily_minutes
Rail,101011,scenario_86,1478.9348950683925,88736.09370410355,13624835.61430707,daily_minutes
Rail,101012,scenario_86,1725.3319328566286,103519.91597139771,15894792.964634975,daily_minutes
Rail,101013,scenario_86,744.8437332252215,44690.62399351329,6861947.376710676,daily_minutes
Rail,101014,scenario_86,767.685294532741,46061.11767196446,7072377.544412329,daily_minutes
Rail,101015,scenario_86,500.0198807616689,30001.192845700134,4606483.153504951,daily_minutes
Rail,101016,scenario_86,1271.1270821055225,76267.62492633135,11710385.356605332,daily_minutes
Rail,101017,scenario_86,441.7170656064991,26503.023936389945,4069362.6386064338,daily_minutes
Rail,101018,scenario_86,42.23207494417147,2533.9244966502883,389067.21363067406,daily_minutes
Rail,101019,scenario_86,25.93117243448796,1555.8703460692775,238893.51916996375,daily_minutes
Rail,101020,scenario_86,447.65221676819783,26859.13300609187,4124040.8121986985,daily_minutes
Rail,101021,scenario_86,391.4675462722662,23488.05277633597,3606433.916787879,daily_minutes
Rail,101022,scenario_86,322.2903506120638,19337.421036723827,2969132.0840486987,daily_minutes
Rail,101023,scenario_86,1844.3945740460913,110663.67444276548,16991669.452857018,daily_minutes
Rail,101024,scenario_86,925.4049213508696,55524.295281052175,8525385.378437022,daily_minutes
Rail,101025,scenario_86,292.81445600200095,17568.867360120057,2697582.457364034,daily_minutes
Rail,101026,scenario_86,1065.1185972432286,63907.115834593715,9812511.588962968,daily_minutes
Rail,101027,scenario_86,1517.921532088556,91075.29192531336,13984003.906519031,daily_minutes
Rail,101028,scenario_86,640.3523356138612,38421.14013683167,5899309.927076258,daily_minutes
Rail,101029,scenario_86,870.1857976953033,52211.1478617182,8016673.679847751,daily_minutes
Rail,101030,scenario_86,861.8756849110796,51712.541094664775,7940115.934811812,daily_minutes
Rail,101031,scenario_86,1312.8417399625175,78770.50439775105,12094685.81357869,daily_minutes
Rail,101032,scenario_86,106.1652801256132,6369.916807536792,978058.2596852242,daily_minutes
Rail,100000,scenario_87,648.6867519379448,38921.20511627669,5976091.57090351,daily_minutes
Rail,100001,scenario_87,2052.0250681559846,123121.50408935908,18904486.14289382,daily_minutes
Rail,100002,scenario_87,755.9538583319227,45357.23149991536,6964300.515268669,daily_minutes
Rail,100003,scenario_87,236.22955029812871,14173.773017887723,2176288.3550765407,daily_minutes
Rail,100004,scenario_87,262.26801220591005,15736.080732354603,2416170.2892481666,daily_minutes
Rail,100005,scenario_87,773.9587119579955,46437.52271747973,7130172.0297842305,daily_minutes
Rail,101000,scenario_87,836.5019194921624,50190.115169529745,7706357.583513495,daily_minutes
Rail,101001,scenario_87,1875.1792518835427,112510.75511301256,17275276.375902325,daily_minutes
Rail,101002,scenario_87,815.7970212182117,48947.821273092704,7515611.637674897,daily_minutes
Rail,101003,scenario_87,778.8144980550278,46728.86988330167,7174906.444781749,daily_minutes
Rail,101004,scenario_87,192.44221687319805,11546.533012391883,1772893.1671660242,daily_minutes
Rail,101005,scenario_87,20.103793716451037,1206.2276229870622,185208.2099921768,daily_minutes
Rail,101006,scenario_87,547.08591736565,32825.155041939,5040083.722322786,daily_minutes
Rail,101007,scenario_87,1579.062066304774,94743.72397828643,14547267.19203936,daily_minutes
Rail,101008,scenario_87,865.2723236124148,51916.339416744886,7971407.808511732,daily_minutes
Rail,101009,scenario_87,26.36603689995536,1581.9622139973217,242899.75154452876,daily_minutes
Rail,101010,scenario_87,951.2982506612898,57077.89503967739,8763930.264042199,daily_minutes
Rail,101011,scenario_87,1351.382152791819,81082.92916750914,12449743.22080991,daily_minutes
Rail,101012,scenario_87,1564.8028321445454,93888.16992867272,14415902.571414838,daily_minutes
Rail,101013,scenario_87,673.9935754179605,40439.61452507763,6209233.212895502,daily_minutes
Rail,101014,scenario_87,697.265256671104,41835.91540026624,6423625.903608212,daily_minutes
Rail,101015,scenario_87,456.9957095424761,27419.742572548566,4210118.673731015,daily_minutes
Rail,101016,scenario_87,1156.9517075578624,69417.10245347174,10658533.301047564,daily_minutes
Rail,101017,scenario_87,400.515505711257,24030.93034267542,3689789.147915526,daily_minutes
Rail,101018,scenario_87,38.41740600268531,2305.0443601611187,353924.19454033865,daily_minutes
Rail,101019,scenario_87,23.702427037569574,1422.1456222541744,218360.97932631348,daily_minutes
Rail,101020,scenario_87,405.6317262291995,24337.90357375197,3736922.841059124,daily_minutes
Rail,101021,scenario_87,356.1964742978744,21371.788457872462,3281495.639116598,daily_minutes
Rail,101022,scenario_87,294.67428992595524,17680.457395557314,2714716.363371855,daily_minutes
Rail,101023,scenario_87,1672.7664385895478,100365.98631537287,15410528.092150066,daily_minutes
Rail,101024,scenario_87,839.1033487658133,50346.2009259488,7730323.510839931,daily_minutes
Rail,101025,scenario_87,266.24554584827274,15974.732750896364,2452813.715681798,daily_minutes
Rail,101026,scenario_87,965.9673686048192,57958.04211628915,8899070.980008757,daily_minutes
Rail,101027,scenario_87,1387.031019000235,83221.8611400141,12778161.96564156,daily_minutes
Rail,101028,scenario_87,580.9372455041012,34856.23473024607,5351942.4679310825,daily_minutes
Rail,101029,scenario_87,790.3563586593518,47421.38151956111,7281236.989785144,daily_minutes
Rail,101030,scenario_87,780.6881660560321,46841.28996336192,7192167.798607801,daily_minutes
Rail,101031,scenario_87,1191.0806991538266,71464.8419492296,10972950.049024545,daily_minutes
Rail,101032,scenario_87,97.0237938206119,5821.427629236714,893841.4029517692,daily_minutes
Rail,100000,scenario_88,494.3709402263339,29662.256413580035,4554441.723929124,daily_minutes
Rail,100001,scenario_88,1565.55053513842,93933.0321083052,14422790.860016206,daily_minutes
Rail,100002,scenario_88,580.9905926386709,34859.435558320256,5352433.93374302,daily_minutes
Rail,100003,scenario_88,180.8780634562572,10852.683807375432,1666357.2473971152,daily_minutes
Rail,100004,scenario_88,199.73709570570645,11984.225742342387,1840097.967898391,daily_minutes
Rail,100005,scenario_88,594.4767337163721,35668.60402298233,5476676.35703545,daily_minutes
Rail,101000,scenario_88,643.3517806986638,38601.10684191983,5926942.61486451,daily_minutes
Rail,101001,scenario_88,1445.9643160502674,86757.85896301604,13321090.858044691,daily_minutes
Rail,101002,scenario_88,624.6231455008383,37477.3887300503,5754403.190241022,daily_minutes
Rail,101003,scenario_88,598.2162174105688,35892.97304463413,5511126.724516606,daily_minutes
Rail,101004,scenario_88,155.98750934606505,9359.250560763903,1437050.5286015589,daily_minutes
Rail,101005,scenario_88,15.310335731512168,918.6201438907301,141047.998960129,daily_minutes
Rail,101006,scenario_88,436.77910748722934,26206.74644923376,4023871.205636849,daily_minutes
Rail,101007,scenario_88,1212.8325721422807,72769.95432853684,11173341.354117977,daily_minutes
Rail,101008,scenario_88,665.8985684792497,39953.91410875498,6134657.151971935,daily_minutes
Rail,101009,scenario_88,20.09081072808476,1205.4486436850857,185088.60291355365,daily_minutes
Rail,101010,scenario_88,730.9588240822122,43857.529444932734,6734031.262739788,daily_minutes
Rail,101011,scenario_88,1094.488786907983,65669.32721447898,10083087.398268484,daily_minutes
Rail,101012,scenario_88,1204.0317919155495,72241.90751493297,11092263.28620119,daily_minutes
Rail,101013,scenario_88,519.1346014916344,31148.076089498063,4782579.42970183,daily_minutes
Rail,101014,scenario_88,535.2204341789111,32113.226050734665,4930771.771916636,daily_minutes
Rail,101015,scenario_88,362.3670629223052,21742.02377533831,3338342.8038780284,daily_minutes
Rail,101016,scenario_88,886.387513017653,53183.25078105918,8165933.602426429,daily_minutes
Rail,101017,scenario_88,309.13235540788446,18547.941324473068,2847912.7374306764,daily_minutes
Rail,101018,scenario_88,29.420649687453988,1765.2389812472393,271040.6773106386,daily_minutes
Rail,101019,scenario_88,18.574835904444623,1114.4901542666773,171122.53325328656,daily_minutes
Rail,101020,scenario_88,312.3075221637846,18738.451329827076,2877164.278686082,daily_minutes
Rail,101021,scenario_88,272.6994208653705,16361.965251922229,2512270.684664312,daily_minutes
Rail,101022,scenario_88,224.41399583819293,13464.839750291576,2067436.378058936,daily_minutes
Rail,101023,scenario_88,1287.844762341243,77270.68574047458,11864398.657544935,daily_minutes
Rail,101024,scenario_88,646.8057303468231,38808.34382080939,5958762.471393142,daily_minutes
Rail,101025,scenario_88,203.9965428988362,12239.792573930172,1879338.5511098185,daily_minutes
Rail,101026,scenario_88,742.2453118463309,44534.71871077985,6838009.159915507,daily_minutes
Rail,101027,scenario_88,1122.105073185805,67326.3043911483,10337505.197231546,daily_minutes
Rail,101028,scenario_88,446.18991581792943,26771.394949075766,4110569.218464256,daily_minutes
Rail,101029,scenario_88,608.4054693341895,36504.32816005137,5604996.226788154,daily_minutes
Rail,101030,scenario_88,602.0728882074618,36124.37329244771,5546656.689900062,daily_minutes
Rail,101031,scenario_88,914.7585144698824,54885.51086819294,8427304.290405238,daily_minutes
Rail,101032,scenario_88,77.29604823195405,4637.762893917243,712097.5739416998,daily_minutes
Rail,100000,scenario_89,530.7168824613109,31843.012947678653,4889282.351363072,daily_minutes
Rail,100001,scenario_89,1680.3464307149188,100820.78584289513,15480359.52760426,daily_minutes
Rail,100002,scenario_89,623.0552156845515,37383.31294107309,5739958.480015499,daily_minutes
Rail,100003,scenario_89,194.06101983384724,11643.661190030834,1787806.551321301,daily_minutes
Rail,100004,scenario_89,214.43774371148177,12866.264622688906,1975529.1577163967,daily_minutes
Rail,100005,scenario_89,637.5725148677739,38254.35089206643,5873700.550470852,daily_minutes
Rail,101000,scenario_89,689.9369466622884,41396.2167997373,6356113.114820997,daily_minutes
Rail,101001,scenario_89,1550.3390297233857,93020.34178340314,14282653.34522966,daily_minutes
Rail,101002,scenario_89,670.1916445692186,40211.49867415312,6174207.544758383,daily_minutes
Rail,101003,scenario_89,641.5840167104761,38495.04100262857,5910656.912346932,daily_minutes
Rail,101004,scenario_89,166.98677501673956,10019.206501004373,1538382.3635192148,daily_minutes
Rail,101005,scenario_89,16.437260627746582,986.2356376647949,151429.90725917814,daily_minutes
Rail,101006,scenario_89,467.8979725519312,28073.878353115873,4310556.861931921,daily_minutes
Rail,101007,scenario_89,1300.7569526950174,78045.41716170104,11983353.502398117,daily_minutes
Rail,101008,scenario_89,714.1121406574675,42846.72843944805,6578829.507020985,daily_minutes
Rail,101009,scenario_89,21.567435264565574,1294.0461158739345,198692.1541183368,daily_minutes
Rail,101010,scenario_89,783.9270009418542,47035.62005651125,7222005.888876925,daily_minutes
Rail,101011,scenario_89,1171.7055644353386,70302.33386612032,10794454.682917,daily_minutes
Rail,101012,scenario_89,1291.1819582105309,77470.91749263185,11895142.908210335,daily_minutes
Rail,101013,scenario_89,556.597320886438,33395.83925318628,5127708.4783983985,daily_minutes
Rail,101014,scenario_89,574.1068015992496,34446.408095954976,5289016.320413247,daily_minutes
Rail,101015,scenario_89,388.3031996727077,23298.191980362462,3577282.057304787,daily_minutes
Rail,101016,scenario_89,950.9823855519136,57058.943133114815,8761020.325135559,daily_minutes
Rail,101017,scenario_89,331.46160122154834,19887.6960732929,3053623.147413636,daily_minutes
Rail,101018,scenario_89,31.5627811590748,1893.766869544488,290775.2777060925,daily_minutes
Rail,101019,scenario_89,19.915252812708783,1194.915168762527,183471.25806236095,daily_minutes
Rail,101020,scenario_89,334.8901412943669,20093.408477662015,3085208.9156884844,daily_minutes
Rail,101021,scenario_89,292.5737741390767,17554.426448344602,2695365.151633658,daily_minutes
Rail,101022,scenario_89,240.92937820750376,14455.762692450226,2219585.989674449,daily_minutes
Rail,101023,scenario_89,1381.035009304629,82862.10055827774,12722923.126719823,daily_minutes
Rail,101024,scenario_89,693.5689793983402,41614.13876390041,6389573.579605148,daily_minutes
Rail,101025,scenario_89,218.83355893292173,13130.013535975304,2016026.0450254343,daily_minutes
Rail,101026,scenario_89,796.0348136961256,47762.08882176754,7333550.324656926,daily_minutes
Rail,101027,scenario_89,1201.3262728372792,72079.57637023675,11067338.42114072,daily_minutes
Rail,101028,scenario_89,478.5423876523564,28712.543259141385,4408619.600486099,daily_minutes
Rail,101029,scenario_89,652.5192670087054,39151.15602052232,6011398.999244398,daily_minutes
Rail,101030,scenario_89,645.5307474811634,38731.844848869805,5947016.564244965,daily_minutes
Rail,101031,scenario_89,981.0852262854314,58865.113577125885,9038345.755677164,daily_minutes
Rail,101032,scenario_89,82.81115194955782,4968.6691169734695,762906.0184504964,daily_minutes
Rail,100000,scenario_90,539.510064637645,32370.6038782587,4970290.421480767,daily_minutes
Rail,100001,scenario_90,1707.9397645313877,102476.38587188326,15734565.87472186,daily_minutes
Rail,100002,scenario_90,631.8624595502988,37911.74757301793,5821096.094853083,daily_minutes
Rail,100003,scenario_90,197.03457024890668,11822.0742149344,1815200.6818750775,daily_minutes
Rail,100004,scenario_90,218.0807936032288,13084.847616193729,2009091.119149106,daily_minutes
Rail,100005,scenario_90,646.7174007097929,38803.04404258757,5957948.725779038,daily_minutes
Rail,101000,scenario_90,698.8579644381607,41931.47786628964,6438298.883182999,daily_minutes
Rail,101001,scenario_90,1567.841430944245,94070.4858566547,14443895.966716953,daily_minutes
Rail,101002,scenario_90,680.0145498672136,40800.87299203282,6264702.042106693,daily_minutes
Rail,101003,scenario_90,650.7637610415186,39045.825662491116,5995226.224971093,daily_minutes
Rail,101004,scenario_90,158.7814717611036,9526.888305666216,1462790.186746343,daily_minutes
Rail,101005,scenario_90,16.716599527986546,1002.9959716791927,154003.34481152883,daily_minutes
Rail,101006,scenario_90,452.26790730759967,27136.07443845598,4166563.322861992,daily_minutes
Rail,101007,scenario_90,1319.428291320808,79165.69747924848,12155365.076622076,daily_minutes
Rail,101008,scenario_90,722.7850422283009,43367.10253369805,6658729.480032445,daily_minutes
Rail,101009,scenario_90,21.929980405162496,1315.7988243097498,202032.1374806,daily_minutes
Rail,101010,scenario_90,795.0518357634719,47703.110145808314,7324494.542154562,daily_minutes
Rail,101011,scenario_90,1115.1198364833836,66907.19018900301,10273153.005586818,daily_minutes
Rail,101012,scenario_90,1307.456934879243,78447.41609275457,12045077.758268513,daily_minutes
Rail,101013,scenario_90,564.0616035123749,33843.69621074249,5196473.928518104,daily_minutes
Rail,101014,scenario_90,582.1351877311754,34928.11126387052,5362978.630492226,daily_minutes
Rail,101015,scenario_90,378.11345685522974,22686.807411313785,3483408.0326244896,daily_minutes
Rail,101016,scenario_90,964.5861824273452,57875.17094564071,8886346.66423016,daily_minutes
Rail,101017,scenario_90,334.5797494272192,20074.784965633153,3082349.3995731995,daily_minutes
Rail,101018,scenario_90,32.04453016915795,1922.671810149477,295213.43863638456,daily_minutes
Rail,101019,scenario_90,19.64019165039645,1178.411499023787,180937.2295984423,daily_minutes
Rail,101020,scenario_90,339.1312384466146,20347.874306796875,3124280.4473132812,daily_minutes
Rail,101021,scenario_90,297.0679479678438,17824.076878070628,2736768.1774485577,daily_minutes
Rail,101022,scenario_90,245.0231691042427,14701.390146254562,2257300.447689746,daily_minutes
Rail,101023,scenario_90,1397.592029720552,83855.52178323313,12875456.333003558,daily_minutes
Rail,101024,scenario_90,701.0741643149959,42064.44985889975,6458715.846168331,daily_minutes
Rail,101025,scenario_90,222.1401404300923,13328.408425805537,2046488.2577262684,daily_minutes
Rail,101026,scenario_90,807.279454421965,48436.7672653179,7437142.701807794,daily_minutes
Rail,101027,scenario_90,1144.693161958494,68681.58971750965,10545600.22385882,daily_minutes
Rail,101028,scenario_90,485.4032193660314,29124.193161961884,4471825.698731501,daily_minutes
Rail,101029,scenario_90,659.6197058220714,39577.182349324285,6076812.501856415,daily_minutes
Rail,101030,scenario_90,652.7401063441648,39164.40638064989,6013433.503706252,daily_minutes
Rail,101031,scenario_90,995.181661860188,59710.89971161128,9168210.578053167,daily_minutes
Rail,101032,scenario_90,80.23040871822013,4813.824523093208,739130.6633574747,daily_minutes
Rail,100000,scenario_91,729.3854151487321,43763.12490892393,6719536.075599209,daily_minutes
Rail,100001,scenario_91,2307.414396603868,138444.8637962321,21257285.870152794,daily_minutes
Rail,100002,scenario_91,849.3102756501321,50958.616539007926,7824355.845454406,daily_minutes
Rail,100003,scenario_91,265.5343242009694,15932.059452058165,2446261.5151338507,daily_minutes
Rail,100004,scenario_91,294.99644808769517,17699.78688526171,2717684.2776527004,daily_minutes
Rail,100005,scenario_91,869.6109229723806,52176.65537834284,8011377.588975353,daily_minutes
Rail,101000,scenario_91,938.7856272698556,56327.137636191335,8648656.469786271,daily_minutes
Rail,101001,scenario_91,2101.9995651423815,126119.97390854289,19364881.193830702,daily_minutes
Rail,101002,scenario_91,916.3550313909656,54981.301883457934,8442012.362192407,daily_minutes
Rail,101003,scenario_91,875.0384380816977,52502.30628490186,8061379.114671447,daily_minutes
Rail,101004,scenario_91,203.91539802550687,12234.923881530412,1878590.9958497845,daily_minutes
Rail,101005,scenario_91,22.612662887593615,1356.759773255617,208321.4181182449,daily_minutes
Rail,101006,scenario_91,588.5753189941606,35314.51913964964,5422308.983765604,daily_minutes
Rail,101007,scenario_91,1774.2224573929998,106453.34744357999,16345201.81097875,daily_minutes
Rail,101008,scenario_91,970.4161960523488,58224.97176314093,8940056.247751867,daily_minutes
Rail,101009,scenario_91,29.65309225715464,1779.1855354292784,273182.0777282628,daily_minutes
Rail,101010,scenario_91,1068.7795546293346,64126.773277760076,9846238.524978207,daily_minutes
Rail,101011,scenario_91,1433.1386959333468,85988.3217560008,13202933.550155548,daily_minutes
Rail,101012,scenario_91,1755.6933607658284,105341.6016459497,16174500.65539127,daily_minutes
Rail,101013,scenario_91,756.998100153578,45419.88600921468,6973920.697474852,daily_minutes
Rail,101014,scenario_91,783.0564271529438,46983.38562917663,7213985.64078921,daily_minutes
Rail,101015,scenario_91,494.954743975366,29697.28463852196,4559820.074347457,daily_minutes
Rail,101016,scenario_91,1299.250221101509,77955.01326609054,11969472.58691976,daily_minutes
Rail,101017,scenario_91,448.1930621227075,26891.58372736245,4129023.404111655,daily_minutes
Rail,101018,scenario_91,43.180555295955855,2590.8333177573513,397805.1837195229,daily_minutes
Rail,101019,scenario_91,25.96356938678946,1557.8141632073675,239191.97933273655,daily_minutes
Rail,101020,scenario_91,455.2101391236065,27312.60834741639,4193668.9276901367,daily_minutes
Rail,101021,scenario_91,400.3842043081968,24023.052258491807,3688579.520609694,daily_minutes
Rail,101022,scenario_91,331.44499920214,19886.6999521284,3053470.1996496352,daily_minutes
Rail,101023,scenario_91,1875.8425345699943,112550.55207419966,17281386.93397953,daily_minutes
Rail,101024,scenario_91,940.1026025572792,56406.15615343675,8660789.23631919,daily_minutes
Rail,101025,scenario_91,299.23696904179815,17954.21814250789,2756750.5009944695,daily_minutes
Rail,101026,scenario_91,1085.1928668936016,65111.572013616096,9997447.805543993,daily_minutes
Rail,101027,scenario_91,1472.6052642444993,88356.31585466996,13566523.257378874,daily_minutes
Rail,101028,scenario_91,652.7241222421144,39163.44733452686,6013286.248567703,daily_minutes
Rail,101029,scenario_91,885.3026869297028,53118.161215782166,8155939.533608579,daily_minutes
Rail,101030,scenario_91,875.0467317799776,52502.803906798654,8061455.521196221,daily_minutes
Rail,101031,scenario_91,1338.2894926905865,80297.36956143519,12329125.780361297,daily_minutes
Rail,101032,scenario_91,104.6024103184318,6276.144619105908,963660.1652995849,daily_minutes
Rail,100000,scenario_92,523.1563713967698,31389.38228380619,4819630.387129881,daily_minutes
Rail,100001,scenario_92,1655.9561595916966,99357.3695755018,15255661.715854462,daily_minutes
Rail,100002,scenario_92,613.1472382108623,36788.834292651736,5648680.24674139,daily_minutes
Rail,100003,scenario_92,191.11523164116807,11466.913898470084,1760668.1830174243,daily_minutes
Rail,100004,scenario_92,211.4066988467675,12684.40193080605,1947605.3537957305,daily_minutes
Rail,100005,scenario_92,627.4985187848797,37649.91112709278,5780892.854157583,daily_minutes
Rail,101000,scenario_92,678.9832007885052,40738.99204731031,6255200.635584182,daily_minutes
Rail,101001,scenario_92,1525.1345351318596,91508.07210791158,14050454.418355769,daily_minutes
Rail,101002,scenario_92,660.0942394574522,39605.65436744713,6081184.190425724,daily_minutes
Rail,101003,scenario_92,631.4478234906928,37886.86940944157,5817276.218690356,daily_minutes
Rail,101004,scenario_92,163.99480857846356,9839.688514707814,1510818.5735099532,daily_minutes
Rail,101005,scenario_92,16.20499610900879,972.2997665405273,149290.14715385437,daily_minutes
Rail,101006,scenario_92,459.93571049172897,27596.142629503738,4237203.726476102,daily_minutes
Rail,101007,scenario_92,1280.212664453153,76812.75986718918,11794087.192541111,daily_minutes
Rail,101008,scenario_92,702.7552879353825,42165.31727612295,6474203.365633504,daily_minutes
Rail,101009,scenario_92,21.259893035887217,1275.593582153233,195858.89058241455,daily_minutes
Rail,101010,scenario_92,771.493176885444,46289.59061312664,7107458.04137484,daily_minutes
Rail,101011,scenario_92,1150.767554650658,69046.05327903948,10601561.17397465,daily_minutes
Rail,101012,scenario_92,1270.588033660271,76235.28201961626,11705419.318898614,daily_minutes
Rail,101013,scenario_92,547.5216761549382,32851.30056929629,5044098.193744983,daily_minutes
Rail,101014,scenario_92,565.1604610860159,33909.62766516095,5206597.26380103,daily_minutes
Rail,101015,scenario_92,381.8540282666436,22911.241695998615,3517868.4208092806,daily_minutes
Rail,101016,scenario_92,936.5588728964576,56193.53237378746,8628142.272445904,daily_minutes
Rail,101017,scenario_92,326.1112719396551,19566.676316379308,3004332.7038712665,daily_minutes
Rail,101018,scenario_92,31.082054909064027,1864.9232945438416,286346.53905524325,daily_minutes
Rail,101019,scenario_92,19.598710378006217,1175.922622680373,180555.07922842007,daily_minutes
Rail,101020,scenario_92,329.5048703451539,19770.292220709234,3035596.5685417643,daily_minutes
Rail,101021,scenario_92,288.13813641866,17288.2881851196,2654501.395570547,daily_minutes
Rail,101022,scenario_92,237.523759190306,14251.42555141836,2188211.383916613,daily_minutes
Rail,101023,scenario_92,1358.940233314053,81536.41399884319,12519372.793429049,daily_minutes
Rail,101024,scenario_92,682.4223570148024,40945.341420888144,6286884.206234568,daily_minutes
Rail,101025,scenario_92,215.47929820219724,12928.757892131835,1985124.5826175625,daily_minutes
Rail,101026,scenario_92,783.4134953697285,47004.80972218371,7217275.167443161,daily_minutes
Rail,101027,scenario_92,1179.937029284236,70796.22175705415,10870287.875983952,daily_minutes
Rail,101028,scenario_92,470.9900149683526,28259.400898101158,4339042.611897445,daily_minutes
Rail,101029,scenario_92,642.2355044642973,38534.130267857836,5916658.808427785,daily_minutes
Rail,101030,scenario_92,635.0455177188123,38102.73106312874,5850420.33653633,daily_minutes
Rail,101031,scenario_92,965.6096009513058,57936.576057078346,8895775.009723999,daily_minutes
Rail,101032,scenario_92,81.4124583184821,4884.747499108926,750020.4135048481,daily_minutes
Rail,100000,scenario_93,564.3440814912683,33860.6448894761,5199076.285146458,daily_minutes
Rail,100001,scenario_93,1786.7628751118682,107205.77250671209,16460731.663255597,daily_minutes
Rail,100002,scenario_93,662.1831461131442,39730.98876678865,6100428.451881952,daily_minutes
Rail,100003,scenario_93,206.30058841705613,12378.035305023368,1900564.8008509711,daily_minutes
Rail,100004,scenario_93,228.04236966767348,13682.542180060409,2100863.1348004085,daily_minutes
Rail,100005,scenario_93,677.6399879772944,40658.39927863766,6242826.153239622,daily_minutes
Rail,101000,scenario_93,733.0791187186842,43984.74712312105,6753564.68910775,daily_minutes
Rail,101001,scenario_93,1646.6941089570682,98801.6465374241,15170334.148177885,daily_minutes
Rail,101002,scenario_93,712.3645172118922,42741.871032713534,6562729.351266278,daily_minutes
Rail,101003,scenario_93,681.8983857989515,40913.90314793709,6282057.069011421,daily_minutes
Rail,101004,scenario_93,175.10470472968154,10506.282283780893,1613169.6027926642,daily_minutes
Rail,101005,scenario_93,17.48009446461947,1048.8056678771682,161037.1182647533,daily_minutes
Rail,101006,scenario_93,492.2953351080796,29537.720106484776,4535320.004216693,daily_minutes
Rail,101007,scenario_93,1382.5058803717548,82950.35282230529,12736473.673512828,daily_minutes
Rail,101008,scenario_93,758.6376157680716,45518.25694608429,6989024.899024936,daily_minutes
Rail,101009,scenario_93,22.9350980758536,1376.105884551216,211291.88453360889,daily_minutes
Rail,101010,scenario_93,833.1623237967506,49989.739427805034,7675591.224209944,daily_minutes
Rail,101011,scenario_93,1228.889982424189,73733.39894545134,11321271.852081085,daily_minutes
Rail,101012,scenario_93,1371.8200187702896,82309.20112621738,12638029.10492317,daily_minutes
Rail,101013,scenario_93,591.4534464458557,35487.20678675134,5448824.02072709,daily_minutes
Rail,101014,scenario_93,610.1367744863164,36608.206469178986,5620946.0486326385,daily_minutes
Rail,101015,scenario_93,409.1749190032424,24550.495140194544,3769564.8588092704,daily_minutes
Rail,101016,scenario_93,1010.752164934107,60645.12989604642,9311655.394671954,daily_minutes
Rail,101017,scenario_93,351.9221158286309,21115.326949717855,3242117.684282846,daily_minutes
Rail,101018,scenario_93,33.55357038180955,2013.214222908573,309115.62249945867,daily_minutes
Rail,101019,scenario_93,21.04117317199416,1262.4703903196496,193843.9119643134,daily_minutes
Rail,101020,scenario_93,355.80544446908607,21348.326668145164,3277893.2377159023,daily_minutes
Rail,101021,scenario_93,311.031063381859,18661.86380291154,2865404.774511714,daily_minutes
Rail,101022,scenario_93,256.2155410925043,15372.932465550257,2360411.293868805,daily_minutes
Rail,101023,scenario_93,1467.087816592022,88025.26899552131,13515693.21913566,daily_minutes
Rail,101024,scenario_93,736.6026851356219,44196.16110813731,6786025.89708043,daily_minutes
Rail,101025,scenario_93,232.6296530247273,13957.779181483638,2143123.941455602,daily_minutes
Rail,101026,scenario_93,846.0186022599664,50761.116135597986,7794030.975180167,daily_minutes
Rail,101027,scenario_93,1260.268085553209,75616.08513319254,11610345.764967492,daily_minutes
Rail,101028,scenario_93,508.61461221377976,30516.876732826786,4685662.976480667,daily_minutes
Rail,101029,scenario_93,693.0164208174101,41580.98524904461,6384483.078422472,daily_minutes
Rail,101030,scenario_93,685.6342149376796,41138.05289626078,6316473.768534867,daily_minutes
Rail,101031,scenario_93,1042.7468973478244,62564.813840869465,9606410.066506566,daily_minutes
Rail,101032,scenario_93,87.17071868771018,5230.243121262611,803068.9629823987,daily_minutes
Rail,100000,scenario_94,1030.1312860249454,61807.877161496726,9490187.48563341,daily_minutes
Rail,100001,scenario_94,3260.51373825068,195630.8242950408,30037808.865008213,daily_minutes
Rail,100002,scenario_94,1203.6405661582248,72218.43396949349,11088659.079789262,daily_minutes
Rail,100003,scenario_94,375.7610847472388,22545.665084834327,3461736.5693424116,daily_minutes
Rail,100004,scenario_94,416.56684029892494,24994.010417935497,3837663.672937876,daily_minutes
Rail,100005,scenario_94,1232.171569569895,73930.2941741937,11351503.801819611,daily_minutes
Rail,101000,scenario_94,1329.872313964268,79792.33883785608,12251581.679627215,daily_minutes
Rail,101001,scenario_94,2979.0295415599685,178741.7724935981,27444607.55457536,daily_minutes
Rail,101002,scenario_94,1296.1062832672178,77766.37699603307,11940508.74522757,daily_minutes
Rail,101003,scenario_94,1239.843582165151,74390.61492990906,11422182.98505467,daily_minutes
Rail,101004,scenario_94,284.66890538536245,17080.134323121747,2622540.75775319,daily_minutes
Rail,101005,scenario_94,31.93142801921931,1915.8856811531587,294171.4737698598,daily_minutes
Rail,101006,scenario_94,824.1228240012424,49447.369440074544,7592313.928393845,daily_minutes
Rail,101007,scenario_94,2513.891880337338,150833.51282024028,23159480.33679576,daily_minutes
Rail,101008,scenario_94,1374.459669800446,82467.58018802675,12662347.15400359,daily_minutes
Rail,101009,scenario_94,41.8814369837346,2512.886219024076,385836.9263563534,daily_minutes
Rail,101010,scenario_94,1514.5811522881122,90874.86913728673,13953230.32356946,daily_minutes
Rail,101011,scenario_94,2001.0066751957056,120060.40051174234,18434474.095907956,daily_minutes
Rail,101012,scenario_94,2487.237346259746,149234.24077558477,22913922.776152536,daily_minutes
Rail,101013,scenario_94,1073.7571781516745,64425.43068910047,9892095.379440116,daily_minutes
Rail,101014,scenario_94,1108.819864304809,66529.19185828854,10215113.881894482,daily_minutes
Rail,101015,scenario_94,693.932866255418,41635.97197532508,6392925.923664664,daily_minutes
Rail,101016,scenario_94,1837.9002334991965,110274.01400995179,16931839.691134695,daily_minutes
Rail,101017,scenario_94,634.7059687534784,38082.3581252087,5847292.207738295,daily_minutes
Rail,101018,scenario_94,61.10648703572224,3666.3892221433343,562949.6224652947,daily_minutes
Rail,101019,scenario_94,36.4809869130404,2188.859214782424,336084.7400350759,daily_minutes
Rail,101020,scenario_94,645.182728958127,38710.96373748762,5943810.408799641,daily_minutes
Rail,101021,scenario_94,566.548345629315,33992.9007377589,5219383.288944627,daily_minutes
Rail,101022,scenario_94,468.0300624210795,28081.80374526477,4311773.753060437,daily_minutes
Rail,101023,scenario_94,2657.2393869915977,159434.36321949586,24480083.576598793,daily_minutes
Rail,101024,scenario_94,1331.612974607895,79896.7784764737,12267617.689872691,daily_minutes
Rail,101025,scenario_94,423.53995935111016,25412.39756106661,3901904.2295180378,daily_minutes
Rail,101026,scenario_94,1537.7894492745254,92267.36695647152,14167039.080386491,daily_minutes
Rail,101027,scenario_94,2056.562818447768,123393.7691068661,18946290.62123191,daily_minutes
Rail,101028,scenario_94,924.8240300773614,55489.44180464168,8520033.8594907,daily_minutes
Rail,101029,scenario_94,1252.9887792030931,75179.32675218559,11543284.427286414,daily_minutes
Rail,101030,scenario_94,1240.1493658323598,74408.96194994159,11425000.047667196,daily_minutes
Rail,101031,scenario_94,1896.139439117862,113768.36634707171,17468374.19681721,daily_minutes
Rail,101032,scenario_94,146.52525262832933,8791.51515769976,1349878.5423637466,daily_minutes
Rail,100000,scenario_95,810.9856497764413,48659.13898658648,7471286.397130442,daily_minutes
Rail,100001,scenario_95,2566.766685930852,154006.00115585112,23646594.77080657,daily_minutes
Rail,100002,scenario_95,947.9606555382052,56877.63933229231,8733182.335211268,daily_minutes
Rail,100003,scenario_95,295.86230710340897,17751.738426204538,2725661.0904208655,daily_minutes
Rail,100004,scenario_95,327.8778129735874,19672.668778415245,3020607.1398004713,daily_minutes
Rail,100005,scenario_95,970.3801770845604,58222.810625073624,8939724.419409221,daily_minutes
Rail,101000,scenario_95,1048.110353322816,62886.621199368965,9655821.441021774,daily_minutes
Rail,101001,scenario_95,2349.5345133125084,140972.0707987505,21645321.657342818,daily_minutes
Rail,101002,scenario_95,1020.9815772929142,61258.89463757485,9405894.8789687,daily_minutes
Rail,101003,scenario_95,976.442523725811,58586.55142354866,8995574.394076405,daily_minutes
Rail,101004,scenario_95,232.9616701761261,13977.700210567566,2146182.682664579,daily_minutes
Rail,101005,scenario_95,25.132987721764948,1507.979263305897,231540.16268553177,daily_minutes
Rail,101006,scenario_95,667.6685274024057,40060.111644144345,6150963.075547403,daily_minutes
Rail,101007,scenario_95,1979.779079842454,118786.74479054724,18238912.75095659,daily_minutes
Rail,101008,scenario_95,1083.716331644915,65022.9798986949,9983845.076911945,daily_minutes
Rail,101009,scenario_95,32.96680560114328,1978.0083360685967,303709.99328109255,daily_minutes
Rail,101010,scenario_95,1192.8427063862327,71570.56238317396,10989182.716853809,daily_minutes
Rail,101011,scenario_95,1636.6388444046024,98198.33066427615,15077699.01796184,daily_minutes
Rail,101012,scenario_95,1960.5586429456744,117633.51857674046,18061842.554001316,daily_minutes
Rail,101013,scenario_95,845.7997886280064,50747.98731768038,7792015.132714371,daily_minutes
Rail,101014,scenario_95,873.5202601293422,52411.21560776053,8047392.748467578,daily_minutes
Rail,101015,scenario_95,559.7243847707723,33583.46308624634,5156516.8671392165,daily_minutes
Rail,101016,scenario_95,1447.9838219542726,86879.02931725635,13339695.758135932,daily_minutes
Rail,101017,scenario_95,501.1462858359155,30068.77715015493,4616860.2728919545,daily_minutes
Rail,101018,scenario_95,48.115428813311155,2886.9257287986693,443268.1994855103,daily_minutes
Rail,101019,scenario_95,29.208407338446705,1752.5044403068023,269085.3734461741,daily_minutes
Rail,101020,scenario_95,508.4895686845121,30509.374121070727,4684511.000462935,daily_minutes
Rail,101021,scenario_95,446.0838142236316,26765.028853417894,4109591.746916629,daily_minutes
Rail,101022,scenario_95,368.386026525608,22103.16159153648,3393793.1079698163,daily_minutes
Rail,101023,scenario_95,2095.2481774727203,125714.89064836322,19302683.35978518,daily_minutes
Rail,101024,scenario_95,1050.609013714362,63036.540822861716,9678840.59974493,daily_minutes
Rail,101025,scenario_95,333.50850219721906,20010.510131833144,3072480.4273421,daily_minutes
Rail,101026,scenario_95,1211.169338687163,72670.16032122978,11158018.649589356,daily_minutes
Rail,101027,scenario_95,1680.8153832534151,100848.9229952049,15484679.799760412,daily_minutes
Rail,101028,scenario_95,728.3404914259154,43700.42948555492,6709909.611310388,daily_minutes
Rail,101029,scenario_95,988.7319919387228,59323.91951632337,9108792.348934676,daily_minutes
Rail,101030,scenario_95,978.1528982081508,58689.173892489045,9011331.390032409,daily_minutes
Rail,101031,scenario_95,1493.2794077515136,89596.76446509082,13756985.871851591,daily_minutes
Rail,101032,scenario_95,118.54328514929512,7112.597108957707,1092091.868766396,daily_minutes
Rail,100000,scenario_96,789.450335717207,47367.02014303242,7272890.16282834,daily_minutes
Rail,100001,scenario_96,2499.189081509816,149951.34489058895,23024029.332317326,daily_minutes
Rail,100002,scenario_96,925.1129789134576,55506.778734807456,8522695.829538118,daily_minutes
Rail,100003,scenario_96,288.3854068755754,17303.124412534526,2656779.399381926,daily_minutes
Rail,100004,scenario_96,319.04775298434834,19142.8651790609,2939259.3291436075,daily_minutes
Rail,100005,scenario_96,946.7985605557624,56807.91363334574,8722476.418976016,daily_minutes
Rail,101000,scenario_96,1023.8305028835748,61429.83017301449,9432140.890865222,daily_minutes
Rail,101001,scenario_96,2298.4343461374665,137906.060768248,21174556.257226024,daily_minutes
Rail,101002,scenario_96,995.677264424201,59740.63586545206,9172776.366234394,daily_minutes
Rail,101003,scenario_96,952.7396581769136,57164.37949061482,8777209.374920633,daily_minutes
Rail,101004,scenario_96,240.10118509922177,14406.071105953306,2211956.17784509,daily_minutes
Rail,101005,scenario_96,24.45593083697895,1467.355850218737,225302.70842875223,daily_minutes
Rail,101006,scenario_96,678.3301530360623,40699.809182163735,6249184.367860027,daily_minutes
Rail,101007,scenario_96,1931.6497421820384,115898.9845309223,17795516.414826248,daily_minutes
Rail,101008,scenario_96,1059.2835578839586,63557.013473037514,9758755.705361756,daily_minutes
Rail,101009,scenario_96,32.0856537977088,1925.139227862528,295592.29417677206,daily_minutes
Rail,101010,scenario_96,1164.0121790726698,69840.73074436019,10723578.600924876,daily_minutes
Rail,101011,scenario_96,1685.4833425521792,101129.00055313075,15527683.841596209,daily_minutes
Rail,101012,scenario_96,1915.6952220837263,114941.71332502358,17648533.80296854,daily_minutes
Rail,101013,scenario_96,825.9921952505683,49559.5317150341,7609535.697965385,daily_minutes
Rail,101014,scenario_96,852.4659549276257,51147.95729565754,7853427.856366244,daily_minutes
Rail,101015,scenario_96,565.0446066697186,33902.67640018312,5205529.943405449,daily_minutes
Rail,101016,scenario_96,1412.5564784228627,84753.38870537176,13013317.813118463,daily_minutes
Rail,101017,scenario_96,490.9639251014014,29457.835506084084,4523054.25638917,daily_minutes
Rail,101018,scenario_96,46.904045406961814,2814.242724417709,432108.2087161764,daily_minutes
Rail,101019,scenario_96,29.16685549418617,1750.0113296511702,268702.57292573946,daily_minutes
Rail,101020,scenario_96,496.8379629175324,29810.277775051945,4577169.417174059,daily_minutes
Rail,101021,scenario_96,434.79988911947294,26087.993347168376,4005637.458502056,daily_minutes
Rail,101022,scenario_96,358.46620670959237,21507.972402575542,3302405.7759327902,daily_minutes
Rail,101023,scenario_96,2048.3594380737195,122901.56628442317,18870716.15919795,daily_minutes
Rail,101024,scenario_96,1028.0642513037164,61683.85507822299,9471144.721560618,daily_minutes
Rail,101025,scenario_96,325.16546737351746,19509.928042411047,2995619.3847252666,daily_minutes
Rail,101026,scenario_96,1181.954759347369,70917.28556084214,10888876.415963572,daily_minutes
Rail,101027,scenario_96,1729.1442147890048,103748.65288734029,15929913.993165186,daily_minutes
Rail,101028,scenario_96,710.6379317660176,42638.275905961054,6546823.010187613,daily_minutes
Rail,101029,scenario_96,967.3704468527576,58042.226811165456,8911996.978675714,daily_minutes
Rail,101030,scenario_96,956.9553492625128,57417.320955750765,8816046.850615824,daily_minutes
Rail,101031,scenario_96,1456.9498365382606,87416.99019229563,13422296.06409238,daily_minutes
Rail,101032,scenario_96,120.19471573828196,7211.682944296917,1107305.8382104964,daily_minutes
Rail,100000,scenario_97,902.958875727636,54177.53254365816,8318598.938528419,daily_minutes
Rail,100001,scenario_97,2857.534783617564,171452.08701705383,26325324.947555173,daily_minutes
Rail,100002,scenario_97,1054.4977119802788,63269.86271881673,9714665.621389516,daily_minutes
Rail,100003,scenario_97,329.25712610899063,19755.427566539438,3033314.1999916867,daily_minutes
Rail,100004,scenario_97,365.1118436495744,21906.710618974463,3363629.3708060696,daily_minutes
Rail,100005,scenario_97,1079.5043940225878,64770.26364135527,9945042.180372491,daily_minutes
Rail,101000,scenario_97,1165.7006612023397,69942.03967214038,10739133.911392674,daily_minutes
Rail,101001,scenario_97,2612.1490434727893,156728.94260836736,24064684.277897418,daily_minutes
Rail,101002,scenario_97,1136.1388453166585,68168.33071899951,10466792.726364246,daily_minutes
Rail,101003,scenario_97,1086.2435288230336,65174.61172938201,10007127.133635078,daily_minutes
Rail,101004,scenario_97,256.2620578765345,15375.723472592072,2360839.834393362,daily_minutes
Rail,101005,scenario_97,27.987214279171894,1679.2328567503137,257835.01026829897,daily_minutes
Rail,101006,scenario_97,736.7525702755229,44205.15421653137,6787406.728920281,daily_minutes
Rail,101007,scenario_97,2202.4232781252795,132145.39668751677,20290044.69205695,daily_minutes
Rail,101008,scenario_97,1205.1468800902803,72308.81280541682,11102536.147519715,daily_minutes
Rail,101009,scenario_97,36.70734472286131,2202.4406833716785,338170.08399383206,daily_minutes
Rail,101010,scenario_97,1326.9263398408657,79615.58039045194,12224441.598417958,daily_minutes
Rail,101011,scenario_97,1800.6398071488366,108038.3884289302,16588574.28733937,daily_minutes
Rail,101012,scenario_97,2180.354615672448,130821.27694034687,20086734.93234399,daily_minutes
Rail,101013,scenario_97,940.6270185073516,56437.6211104411,8665620.470700828,daily_minutes
Rail,101014,scenario_97,971.7746960997464,58306.48176598478,8952571.565288523,daily_minutes
Rail,101015,scenario_97,618.4891052444727,37109.346314668364,5697892.730975229,daily_minutes
Rail,101016,scenario_97,1611.15913852847,96669.5483117082,14842964.679607382,daily_minutes
Rail,101017,scenario_97,557.027712428564,33421.66274571384,5131673.503519388,daily_minutes
Rail,101018,scenario_97,53.54396246276155,3212.637747765693,493279.10858443705,daily_minutes
Rail,101019,scenario_97,32.35013224283466,1941.0079345700797,298028.8283003386,daily_minutes
Rail,101020,scenario_97,565.4820069511916,33928.920417071495,5209559.537238547,daily_minutes
Rail,101021,scenario_97,496.43754170738976,29786.252502443385,4573480.496733499,daily_minutes
Rail,101022,scenario_97,410.2190676054306,24613.144056325837,3779184.1822217903,daily_minutes
Rail,101023,scenario_97,2329.887727713547,139793.26366281282,21464323.680333823,daily_minutes
Rail,101024,scenario_97,1168.033125337024,70081.98752022145,10760621.970479868,daily_minutes
Rail,101025,scenario_97,371.11406286558486,22266.84377193509,3418925.415555487,daily_minutes
Rail,101026,scenario_97,1347.3027009369398,80838.16205621639,12412160.86265165,daily_minutes
Rail,101027,scenario_97,1849.6722972432472,110980.33783459483,17040291.005583137,daily_minutes
Rail,101028,scenario_97,810.2517548560427,48615.10529136256,7464525.316786778,daily_minutes
Rail,101029,scenario_97,1099.3660378020722,65961.96226812433,10128019.55985537,daily_minutes
Rail,101030,scenario_97,1087.4715511143586,65248.293066861515,10018440.41179614,daily_minutes
Rail,101031,scenario_97,1661.229026810397,99673.74160862382,15304238.532393465,daily_minutes
Rail,101032,scenario_97,130.86580911076453,7851.948546645872,1205614.353013829,daily_minutes
Rail,100000,scenario_98,772.5279420674342,46351.67652404605,7116990.919090443,daily_minutes
Rail,100001,scenario_98,2445.634109815015,146738.0465889009,22530648.800081808,daily_minutes
Rail,100002,scenario_98,904.4242291749832,54265.45375049899,8332098.653697451,daily_minutes
Rail,100003,scenario_98,282.08618240362557,16925.170944217534,2598747.164011641,daily_minutes
Rail,100004,scenario_98,312.3067485810461,18738.404914862767,2877157.151977746,daily_minutes
Rail,100005,scenario_98,925.735000101762,55544.10000610572,8528426.261937492,daily_minutes
Rail,101000,scenario_98,999.8840726852504,59993.044361115026,9211532.008020138,daily_minutes
Rail,101001,scenario_98,2242.1406291168387,134528.43774701032,20655944.759801783,daily_minutes
Rail,101002,scenario_98,973.287306745915,58397.2384047549,8966506.642127415,daily_minutes
Rail,101003,scenario_98,931.5151534220932,55890.909205325595,8581676.502416374,daily_minutes
Rail,101004,scenario_98,221.97981929796515,13318.789157877909,2045011.2832644335,daily_minutes
Rail,101005,scenario_98,23.93937168123375,1436.362300874025,220543.85555053403,daily_minutes
Rail,101006,scenario_98,636.1344571670634,38168.0674300238,5860452.300097288,daily_minutes
Rail,101007,scenario_98,1888.67935955523,113320.7615733138,17399647.467838507,daily_minutes
Rail,101008,scenario_98,1033.8444890002577,62030.66934001546,9524395.739363773,daily_minutes
Rail,101009,scenario_98,31.4040555319516,1884.243331917096,289313.00199365726,daily_minutes
Rail,101010,scenario_98,1138.0319580117648,68281.91748070589,10484233.216379184,daily_minutes
Rail,101011,scenario_98,1559.4772922436389,93568.63753461833,14366840.502523746,daily_minutes
Rail,101012,scenario_98,1870.4650863012064,112227.90517807238,17231846.654058494,daily_minutes
Rail,101013,scenario_98,807.2779831985827,48436.67899191496,7437129.148015263,daily_minutes
Rail,101014,scenario_98,833.1361702641007,49988.17021584604,7675350.282175053,daily_minutes
Rail,101015,scenario_98,533.2645786682697,31995.87472009618,4912753.257439301,daily_minutes
Rail,101016,scenario_98,1380.447814099025,82826.8688459415,12717513.532168675,daily_minutes
Rail,101017,scenario_98,478.1384913463844,28688.309480783064,4404898.665377701,daily_minutes
Rail,101018,scenario_98,45.87565476099553,2752.539285659732,422634.0570511474,daily_minutes
Rail,101019,scenario_98,27.82579485574388,1669.5476913446328,256347.91768802603,daily_minutes
Rail,101020,scenario_98,485.199579970038,29111.974798202278,4469949.650431972,daily_minutes
Rail,101021,scenario_98,425.299853086457,25517.99118518742,3918117.4265442938,daily_minutes
Rail,101022,scenario_98,350.8893696467421,21053.362178804528,3232603.4068075763,daily_minutes
Rail,101023,scenario_98,1999.0093414764851,119940.56048858911,18416073.459286265,daily_minutes
Rail,101024,scenario_98,1002.3750652254968,60142.50391352981,9234480.525896411,daily_minutes
Rail,101025,scenario_98,318.01076321603614,19080.64579296217,2929705.9572040546,daily_minutes
Rail,101026,scenario_98,1155.5063381870714,69330.38029122428,10645217.691182213,daily_minutes
Rail,101027,scenario_98,1601.556595158705,96093.3957095223,14754500.288559088,daily_minutes
Rail,101028,scenario_98,694.8195985973871,41689.175915843225,6401095.034038288,daily_minutes
Rail,101029,scenario_98,943.03581062163,56582.1486372978,8687811.708932828,daily_minutes
Rail,101030,scenario_98,933.4285382072994,56005.712292437966,8599303.751088567,daily_minutes
Rail,101031,scenario_98,1424.5389731507166,85472.338389043,13123707.744048292,daily_minutes
Rail,101032,scenario_98,112.9432140429708,6776.592842578248,1040500.6536922728,daily_minutes
Rail,100000,scenario_99,924.780350756526,55486.82104539156,8519631.45937957,daily_minutes
Rail,100001,scenario_99,2927.8635931649624,175671.81558989774,26973236.13839153,daily_minutes
Rail,100002,scenario_99,1082.591220044953,64955.473202697176,9973479.873786133,daily_minutes
Rail,100003,scenario_99,337.683119964684,20260.98719788104,3110939.5109866476,daily_minutes
Rail,100004,scenario_99,373.8907309213828,22433.443855282967,3444505.7476863307,daily_minutes
Rail,100005,scenario_99,1108.1064114252513,66486.38468551508,10208541.12589627,daily_minutes
Rail,101000,scenario_99,1196.3584429142938,71781.50657485763,11021571.791192224,daily_minutes
Rail,101001,scenario_99,2681.609431560835,160896.5658936501,24704595.04919735,daily_minutes
Rail,101002,scenario_99,1164.7949756462767,69887.6985387766,10730790.192638887,daily_minutes
Rail,101003,scenario_99,1115.0106437959912,66900.63862775947,10272147.057034949,daily_minutes
Rail,101004,scenario_99,259.8458071389905,15590.74842833943,2393855.482848664,daily_minutes
Rail,101005,scenario_99,28.659933980292408,1719.5960388175445,264032.50778684183,daily_minutes
Rail,101006,scenario_99,748.9621378301963,44937.72826981178,6899888.590974466,daily_minutes
Rail,101007,scenario_99,2260.75948653229,135645.5691919374,20827472.84562737,daily_minutes
Rail,101008,scenario_99,1236.6634941537632,74199.80964922579,11392886.106240958,daily_minutes
Rail,101009,scenario_99,37.59697949081601,2255.8187694489607,346365.93325709156,daily_minutes
Rail,101010,scenario_99,1362.181026411039,81730.86158466234,12549228.923914338,daily_minutes
Rail,101011,scenario_99,1826.0804693340904,109564.82816004542,16822948.93178724,daily_minutes
Rail,101012,scenario_99,2237.7936089873547,134267.61653924128,20615897.4021569,daily_minutes
Rail,101013,scenario_99,966.2203791539068,57973.22274923441,8901401.864993282,daily_minutes
Rail,101014,scenario_99,997.0328230261512,59821.96938156907,9185264.58541072,daily_minutes
Rail,101015,scenario_99,629.443321843908,37766.59931063448,5798809.546819188,daily_minutes
Rail,101016,scenario_99,1651.961907692763,99117.71446156577,15218864.270810349,daily_minutes
Rail,101017,scenario_99,571.4683723290946,34288.102339745674,5264709.526919016,daily_minutes
Rail,101018,scenario_99,54.91911452611384,3295.14687156683,505947.8344832763,daily_minutes
Rail,101019,scenario_99,32.9846134185791,1979.076805114746,303874.0495800018,daily_minutes
Rail,101020,scenario_99,580.5241812984459,34831.450877906755,5348137.072630063,daily_minutes
Rail,101021,scenario_99,509.1313658555737,30547.88195133442,4690423.621081058,daily_minutes
Rail,101022,scenario_99,420.0839565275819,25205.037391654914,3870065.457906001,daily_minutes
Rail,101023,scenario_99,2391.1065783856757,143466.39470314054,22028308.464035872,daily_minutes
Rail,101024,scenario_99,1198.5601095992895,71913.60657595737,11041854.865694417,daily_minutes
Rail,101025,scenario_99,380.70112849860743,22842.067709916446,3507247.2164062704,daily_minutes
Rail,101026,scenario_99,1383.0619366209285,82983.71619725571,12741596.397313964,daily_minutes
Rail,101027,scenario_99,1876.168123924639,112570.08743547834,17284386.458468128,daily_minutes
Rail,101028,scenario_99,831.68994005899,49901.3964035394,7662026.74178745,daily_minutes
Rail,101029,scenario_99,1127.4703138153272,67648.21882891963,10386933.013055084,daily_minutes
Rail,101030,scenario_99,1116.3423406579968,66980.54043947981,10284415.447545862,daily_minutes
Rail,101031,scenario_99,1705.1750126242114,102310.50075745268,15709095.321301809,daily_minutes
Rail,101032,scenario_99,133.0816760181624,7984.900561089744,1226028.2484849228,daily_minutes
Rail,100000,scenario_100,414.17732188014634,24850.63931280878,3815649.995553036,daily_minutes
Rail,100001,scenario_100,1311.7654606183714,78705.92763710229,12084770.482492808,daily_minutes
Rail,100002,scenario_100,487.1311488091742,29227.86892855045,4487744.421519398,daily_minutes
Rail,100003,scenario_100,151.60523866019503,9096.314319611702,1396678.4216809126,daily_minutes
Rail,100004,scenario_100,167.33164448736352,10039.898669241811,1541559.5080042852,daily_minutes
Rail,100005,scenario_100,498.4277239640651,29905.663437843905,4591815.249791346,daily_minutes
Rail,101000,scenario_100,539.3073225726912,32358.43935436147,4968422.6399331745,daily_minutes
Rail,101001,scenario_100,1212.163681788268,72729.82090729607,11167179.1348426,daily_minutes
Rail,101002,scenario_100,523.4423442701664,31406.54065620998,4822264.940823334,daily_minutes
Rail,101003,scenario_100,501.55985553468054,30093.591332080832,4620670.325098798,daily_minutes
Rail,101004,scenario_100,129.69574979158642,7781.744987495185,1194835.064529969,daily_minutes
Rail,101005,scenario_100,12.826382700601243,769.5829620360746,118164.333267559,daily_minutes
Rail,101006,scenario_100,363.8138354302064,21828.830125812383,3351671.3402843187,daily_minutes
Rail,101007,scenario_100,1016.8704151034544,61012.224906207266,9368020.386182085,daily_minutes
Rail,101008,scenario_100,558.1591471771826,33489.548830630956,5142096.959284512,daily_minutes
Rail,101009,scenario_100,16.831949615487247,1009.9169769292348,155066.0190276378,daily_minutes
Rail,101010,scenario_100,612.8795202672482,36772.77121603489,5646213.86841405,daily_minutes
Rail,101011,scenario_100,910.098558306694,54605.91349840164,8384373.978256249,daily_minutes
Rail,101012,scenario_100,1009.322877809398,60559.37266856388,9298487.94410686,daily_minutes
Rail,101013,scenario_100,435.36098410291015,26121.65904617461,4010806.60214647,daily_minutes
Rail,101014,scenario_100,448.6581903418046,26919.491420508275,4133308.444342909,daily_minutes
Rail,101015,scenario_100,302.0785887718084,18124.715326308506,2782929.206919162,daily_minutes
Rail,101016,scenario_100,742.8068517705105,44568.41110623063,6843182.402621005,daily_minutes
Rail,101017,scenario_100,259.0536005566246,15543.216033397475,2386557.2004879597,daily_minutes
Rail,101018,scenario_100,24.658977723142016,1479.538663388521,227173.2981722181,daily_minutes
Rail,101019,scenario_100,15.506565666204551,930.3939399722731,142855.78685647604,daily_minutes
Rail,101020,scenario_100,261.83767235678533,15710.26034140712,2412205.7403541203,daily_minutes
Rail,101021,scenario_100,228.56094933349232,13713.656960009539,2105640.6018297314,daily_minutes
Rail,101022,scenario_100,188.0038618882827,11280.231713296962,1732004.378031993,daily_minutes
Rail,101023,scenario_100,1079.5196834633607,64771.18100780164,9945183.035874557,daily_minutes
Rail,101024,scenario_100,542.1195582568907,32527.173495413444,4994330.642397431,daily_minutes
Rail,101025,scenario_100,170.98573757813574,10259.144254688144,1575223.2060123333,daily_minutes
Rail,101026,scenario_100,622.3345722615923,37340.074335695535,5733319.4804171445,daily_minutes
Rail,101027,scenario_100,933.1828247786834,55990.969486721006,8597040.091556098,daily_minutes
Rail,101028,scenario_100,374.09539598826814,22445.72375929609,3446391.245081519,daily_minutes
Rail,101029,scenario_100,509.822703273101,30589.36219638606,4696792.636173771,daily_minutes
Rail,101030,scenario_100,504.7132869849884,30282.797219099302,4649721.6276779035,daily_minutes
Rail,101031,scenario_100,766.9477825940485,46016.86695564291,7065583.14192593,daily_minutes
Rail,101032,scenario_100,64.40010598501976,3864.006359101186,593292.416397593,daily_minutes
