development,scenario,tts_raw,net_benefit_raw,building_costs,externalities_raw,maintenance,maintenance_annual,maintenance_derived,construction_raw,construction_integrated,maintenance_raw,maintenance_integrated,tts_integrated,operation_raw,operation_integrated,cost_base_raw,cost_base_integrated,bcr_raw,bcr_integrated,net_benefit_integrated,mode,year,status_quo_tt,development_tt,tt_savings_daily,monetized_savings_yearly,net_benefit_reported,bcr_reported,TotalConstructionCost,YearlyMaintenanceCost,uncoveredOperatingCost
0,scenario_19,550665471.2926103,-53708190.97613782,152678141.04011753,345276872.71142757,106418648.51720302,2128372.97034406,106418648.517203,152678141.04011753,4392239.543789739,2128372.97034406,2513203.435361913,613355994.1770366,0.0,0.0,154806514.0104616,6905442.979151651,3.5571208021349614,88.82210685524895,261173678.48645747,Road,,,,,,,,,,
2,scenario_19,-704125392.9002198,-1516050890.3596232,194912878.2946077,472959994.5310824,144052624.63371336,2881052.492674267,144052624.63371325,194912878.2946077,5607247.021788821,2881052.492674267,3401974.7116392325,-784286563.9892654,0.0,0.0,197793930.78728196,9009221.733428054,-3.5598938253442842,-87.05375305385458,-1266255780.2537758,Road,,,,,,,,,,
9,scenario_19,3718461673.8386526,398224269.2394645,1345794052.1316106,1102132191.6912076,872311160.7763699,17446223.215527397,872311160.7763696,1345794052.1316106,38715757.300295584,17446223.215527397,20600669.49274701,4141790026.189211,0.0,0.0,1363240275.347138,59316426.79304259,2.7276641844313008,69.82534603171705,2980341407.704961,Road,,,,,,,,,,
12,scenario_19,81872332.74592377,-1363821329.45979,312373893.82249105,884678952.4299979,248640815.95322484,4972816.319064497,248640815.9532249,312373893.82249105,8986361.502359474,4972816.319064497,5871949.71493947,91193090.29689495,0.0,0.0,317346710.14155555,14858311.217298944,0.25799017330100515,6.137513810501051,-808344173.3504019,Road,,,,,,,,,,
15,scenario_19,391029615.1027556,-175423187.89156774,195150622.90997052,244570297.75985953,126731882.32449329,2534637.646489866,126731882.32449329,195150622.90997052,5614086.450758847,2534637.646489866,2992924.703195333,435546390.37204003,0.0,0.0,197685260.55646038,8607011.15395418,1.978041326915593,50.60367444417032,182369081.4582263,Road,,,,,,,,,,
17,scenario_19,251618700.63981616,-4772863133.319474,2357229443.5123625,1162145992.8589256,1505106397.588002,30102127.951760042,1505106397.5880022,2357229443.5123625,67812696.0745481,30102127.951760042,35544884.488848604,280264237.23680395,0.0,0.0,2387331571.4641223,103357580.56339669,0.1053974670495818,2.71159827570555,-985239336.1855183,Road,,,,,,,,,,
25,scenario_19,-411397611.5469201,-1761210709.8805723,153682014.62583685,1088808551.5272884,107322532.18052682,2146450.6436105366,107322532.18052697,153682014.62583685,4421118.9447971415,2146450.6436105366,2534549.7271959586,-458233181.82653177,0.0,0.0,155828465.2694474,6955668.6719931,-2.64006714585529,-65.8790985360762,-1553997402.0258133,Road,,,,,,,,,,
27,scenario_19,-381561913.1365888,-1644225193.0070486,150350312.53158265,1007966102.4209636,104346864.91791353,2086937.2983582704,104346864.91791344,150350312.53158265,4325272.652807869,2086937.2983582704,2464275.7922127983,-425000837.6639706,0.0,0.0,152437249.82994092,6789548.445020667,-2.5030752887647836,-62.596333335784436,-1439756488.529955,Road,,,,,,,,,,
28,scenario_19,467090712.2637149,-4715521329.41921,2450896121.356007,1183821553.6060135,1547894366.7209044,30957887.33441809,1547894366.7209044,2450896121.356007,70507295.86177087,30957887.33441809,36555373.46343454,520266664.8389429,0.0,0.0,2481854008.6904254,107062669.32520542,0.1882023320582744,4.859459119766765,-770617558.0922761,Road,,,,,,,,,,
57,scenario_19,217184170.46986473,-329330026.1511307,141144892.03203666,309258717.1956397,96110587.39331904,1922211.7478663805,96110587.39331901,141144892.03203666,4060451.4304647534,1922211.7478663805,2269766.2653787034,241909507.21018362,0.0,0.0,143067103.77990305,6330217.695843456,1.5180580631868013,38.21503759168126,-73679427.68129957,Road,,,,,,,,,,
62,scenario_19,107343294.42539243,-228962702.10747892,140830295.48902065,99638804.77865678,95836896.26519392,1916737.9253038785,95836896.26519394,140830295.48902065,4051401.1278663515,1916737.9253038785,2263302.7226348687,119563794.17793445,0.0,0.0,142747033.41432452,6314703.850501221,0.7519826637225278,18.934188682252177,13610285.548776448,Road,,,,,,,,,,
63,scenario_19,-1099665607.282933,-3549179264.675541,1122072298.9151125,602119297.8778179,725322060.5996771,14506441.211993542,725322060.5996771,1122072298.9151125,32279737.54927389,14506441.211993542,17129346.405373808,-1224857062.9170833,0.0,0.0,1136578740.127106,49409083.9546477,-0.967522590788523,-24.79011883809407,-1876385444.749549,Road,,,,,,,,,,
73,scenario_19,-491441754.8444389,-1130067976.951346,166819302.03902298,352816567.9526391,118990352.11524504,2379807.042304901,118990352.11524498,166819302.03902298,4799051.980143475,2379807.042304901,2810099.2248798893,-547389952.4064156,0.0,0.0,169199109.0813279,7609151.205023365,-2.90451739085825,-71.93837231740682,-907815671.5640781,Road,,,,,,,,,,
90,scenario_19,57521103.27692353,-1214515963.2369344,137847332.70199814,1041038893.0358596,93150840.7760003,1863016.815520006,93150840.77600026,137847332.70199814,3965587.3563496363,1863016.815520006,2199868.3154414445,64069594.56484608,0.0,0.0,139710349.51751816,6165455.67179108,0.4117168375540497,10.391704680967027,-983134754.1428046,Road,,,,,,,,,,
94,scenario_19,20773613.89442342,-256314264.4639734,121470946.13406222,77063305.33401044,78553626.89032419,1571072.537806484,78553626.89032418,121470946.13406222,3494472.027213062,1571072.537806484,1855137.6822736738,23138586.43243929,0.0,0.0,123042018.6718687,5349609.709486736,0.16883349378250187,4.32528496264063,-59274328.611057885,Road,,,,,,,,,,
103,scenario_19,-723869871.599849,-1674244965.0374238,259656718.26383355,489146659.15574867,201571716.01799256,4031434.3203598512,201571716.01799273,259656718.26383355,7469795.597454983,4031434.3203598512,4760356.725318894,-806278853.3076622,0.0,0.0,263688152.5841934,12230152.322773878,-2.745174041783024,-65.92549561351603,-1307655664.7861848,Road,,,,,,,,,,
104,scenario_19,48920093.38687271,-1085670537.162446,126249993.90891679,925540524.4335165,82800112.20688549,1656002.2441377097,82800112.20688546,126249993.90891679,3631955.510279974,1656002.2441377097,1955423.5027994865,54489402.51166506,0.0,0.0,127905996.15305449,5587379.013079461,0.3824691168374475,9.752229512999056,-876638500.9349309,Road,,,,,,,,,,
109,scenario_19,-2054720148.7957752,-5385955724.367524,1719139270.9049108,512234634.77039987,1099861669.8964376,21997233.397928752,1099861669.8964381,1719139270.9049108,49456139.79519407,21997233.397928752,25974546.43261869,-2288639810.0500145,0.0,0.0,1741136504.3028395,75430686.22781275,-1.1801028487530885,-30.3409649905339,-2876305131.0482273,Road,,,,,,,,,,
114,scenario_19,-330651701.4483838,-904949719.6333592,153451414.61605844,313737315.6128099,107109287.95610711,2142185.759122142,107109287.95610714,153451414.61605844,4414485.051596405,2142185.759122142,2529513.7102492102,-368294751.788487,0.0,0.0,155593600.37518057,6943998.761845615,-2.1250983372779357,-53.037848136165216,-688976066.1631424,Road,,,,,,,,,,
126,scenario_19,-1166689085.5726178,-2545667689.8579817,481418563.00908685,521938378.627965,375621662.6483119,7512433.252966238,375621662.6483121,481418563.00908685,13849432.768554196,7512433.252966238,8870754.008978862,-1299510830.5903575,0.0,0.0,488930996.2620531,22720186.777533058,-2.3862039725280697,-57.19630931359172,-1844169395.9958556,Road,,,,,,,,,,
140,scenario_19,-12603951.617450414,-789138380.2861325,141422827.4711255,538745492.5444238,96366108.65313269,1927322.1730626537,96366108.65313268,141422827.4711255,4068447.067678242,1927322.1730626537,2275800.704989801,-14038848.77098578,0.0,0.0,143350149.64418817,6344247.772668043,-0.0879242306250457,-2.212846861288617,-559128589.0880777,Road,,,,,,,,,,
143,scenario_19,-1204901.177981228,-836979572.2561568,429374947.4540389,140991893.1039116,265407830.52022496,5308156.610404499,265407830.52022505,429374947.4540389,12352243.814815175,5308156.610404499,6267922.781668804,-1342073.17951311,0.0,0.0,434683104.0644434,18620166.59648398,-0.002771907089820075,-0.07207632501883908,-160954132.8799087,Road,,,,,,,,,,
144,scenario_19,-327334363.5507221,-1865107111.2644064,161237634.02609128,1262464376.336839,114070737.35075407,2281414.7470150813,114070737.35075402,161237634.02609128,4638478.74549646,2281414.7470150813,2693916.6488083913,-364599751.4837372,0.0,0.0,163519048.77310637,7332395.394304851,-2.001811813404813,-49.72450773275615,-1634396523.214881,Road,,,,,,,,,,
150,scenario_19,-822299330.8068345,-1853415580.6462696,521617136.85194135,182264836.83835977,327234276.1491341,6544685.522982683,327234276.14913416,521617136.85194135,15005863.967111586,6544685.522982683,7728028.108280548,-915914016.4975624,0.0,0.0,528161822.374924,22733892.075392134,-1.5569079323251658,-40.28848265225012,-1120912745.4113142,Road,,,,,,,,,,
152,scenario_19,3815207699.051131,-835783962.7774224,2268314320.0625086,939546000.5141373,1443131341.251907,28862626.825038143,1443131341.2519073,2268314320.0625086,65254788.84174534,28862626.825038143,34081269.54296397,4249550104.803881,0.0,0.0,2297176946.8875465,99336058.3847093,1.6608244759814301,42.77953216490831,3210668045.9050345,Road,,,,,,,,,,
176,scenario_19,423993909.6091123,-2149682826.1699667,749620226.0889233,1308078050.4087737,515978459.2813816,10319569.185627632,515978459.2813816,749620226.0889233,21565049.046459354,10319569.185627632,12185447.330024013,472263505.72308993,0.0,0.0,759939795.2745509,33750496.376483366,0.5579309206408014,13.992786963931978,-869565041.0621672,Road,,,,,,,,,,
177,scenario_19,35067349.143484145,-508129273.35496426,134517491.09974346,318473149.1517772,90205982.24692774,1804119.6449385548,90205982.24692774,134517491.09974346,3869794.586930625,1804119.6449385548,2130321.965482644,39059592.290335804,0.0,0.0,136321610.744682,6000116.552413269,0.2572398385840826,6.509805592797342,-285413673.41385466,Road,,,,,,,,,,
195,scenario_19,-829420368.9702305,-1634310191.8821344,365521611.4676312,201610492.77074566,237757718.673527,4755154.37347054,237757718.673527,365521611.4676312,10515313.22729447,4755154.37347054,5614932.379615079,-923845749.4097964,0.0,0.0,370276765.84110177,16130245.606909547,-2.2400011166948635,-57.274127866599756,-1141586487.7874515,Road,,,,,,,,,,
197,scenario_19,-72501540.92923008,-681364553.3984859,148324872.0083149,358007558.6966519,102530581.76428911,2050611.6352857822,102530581.76428914,148324872.0083149,4267004.8490523,2050611.6352857822,2421382.0971238124,-80755480.47643092,0.0,0.0,150375483.6436007,6688386.946176112,-0.48213670987129303,-12.073984523667622,-445451426.1192589,Road,,,,,,,,,,
201,scenario_19,-1121225215.6253505,-2522913704.7021255,352625123.7916697,794637036.6727514,254426328.61235362,5088526.572247073,254426328.6123538,352625123.7916697,10144307.510559477,5088526.572247073,6008581.503567211,-1248871125.3530123,0.0,0.0,357713650.3639168,16152889.014126688,-3.134421106056987,-77.31565073348787,-2059661051.0398905,Road,,,,,,,,,,
202,scenario_19,-315954653.8301601,-921409107.094848,191211564.68119022,285153189.6378463,129089698.94565128,2581793.9789130255,129089698.9456513,191211564.68119022,5500767.758247435,2581793.9789130255,3048607.357643719,-351924518.4557478,0.0,0.0,193793358.66010326,8549375.115891155,-1.6303688424344671,-41.16377088210903,-645627083.2094853,Road,,,,,,,,,,
206,scenario_19,72446118.09389663,-1285264945.7069178,142935970.24447098,1117086687.7791736,97688405.77716967,1953768.1155433934,97688405.7771697,142935970.24447098,4111977.10727141,1953768.1155433934,2307028.330232211,80693748.02717046,0.0,0.0,144889738.36001438,6419005.437503621,0.5000086197539148,12.571067093308557,-1042811945.1895068,Road,,,,,,,,,,
209,scenario_19,167498093.42374042,-974262462.264569,253701155.7129953,709055715.8041978,179003684.17111638,3580073.6834223275,179003684.17111635,253701155.7129953,7298466.177519016,3580073.6834223275,4227385.709832285,186566917.61246288,0.0,0.0,257281229.39641762,11525851.8873513,0.6510311452440248,16.186822408954008,-534014650.0790862,Road,,,,,,,,,,
227,scenario_19,9247713.03264184,-423360264.8063904,160838770.7169813,158244165.33462933,113525041.78742157,2270500.8357484313,113525041.78742158,160838770.7169813,4627004.259450816,2270500.8357484313,2681029.3965876745,10300519.12949148,0.0,0.0,163109271.55272973,7308033.65603849,0.05669642776653718,1.4094788850596434,-155251679.86117634,Road,,,,,,,,,,
233,scenario_19,16182756.17592175,-1102827720.9648364,138027096.7062853,887671985.7291533,93311394.70531952,1866227.8941063904,93311394.7053194,138027096.7062853,3970758.8010816793,1866227.8941063904,2203659.988163737,18025082.414387915,0.0,0.0,139893324.6003917,6174418.789245416,0.11567925933669919,2.9193164619452032,-875821322.1040108,Road,,,,,,,,,,
240,scenario_19,5135532.794702836,-588039748.0600111,180428309.50240535,281827797.3751602,130919173.97714832,2618383.4795429665,130919173.97714841,180428309.50240535,5190555.441773202,2618383.4795429665,3091812.594678128,5720187.640473916,0.0,0.0,183046692.98194832,8282368.03645133,0.028055862201287033,0.6906463966946332,-284389977.77113765,Road,,,,,,,,,,
243,scenario_19,-308732947.6795315,-1763843784.6267982,474497528.1196527,651408362.144277,329204946.68333685,6584098.933666738,329204946.683337,474497528.1196527,13650328.67337574,6584098.933666738,7774567.845681218,-343880657.00702536,0.0,0.0,481081627.05331945,21424896.51905696,-0.6417475337201225,-16.050516589480434,-1016713915.6703594,Road,,,,,,,,,,
245,scenario_19,-367807213.65900195,-1882663989.1917531,226783942.1590449,1115824584.543422,172248248.83028424,3444964.9766056845,172248248.83028436,226783942.1590449,6524112.69787304,3444964.9766056845,4067848.039109092,-409680234.1169966,0.0,0.0,230228907.13565058,10591960.736982133,-1.5975718176965954,-38.678413212634595,-1536096779.3974006,Road,,,,,,,,,,
249,scenario_19,-1084332015.1322756,-2235478814.2401285,238071104.51270106,730447703.211749,182627991.38340265,3652559.827668053,182627991.3834026,238071104.51270106,6848821.398733349,3652559.827668053,4312978.051622383,-1207777817.6253912,0.0,0.0,241723664.3403691,11161799.450355731,-4.485833102403398,-108.20637147237929,-1949387320.287496,Road,,,,,,,,,,
250,scenario_19,-14746921.773794722,-2923838377.889201,1561329695.3764071,385747424.9665401,962014335.7724594,19240286.715449188,962014335.7724593,1561329695.3764071,44916279.31940507,19240286.715449188,22719117.0647118,-16425785.412665715,0.0,0.0,1580569982.0918562,67635396.38411687,-0.00933012896668924,-0.2428578272740493,-469808606.7633227,Road,,,,,,,,,,
254,scenario_19,4318077144.925266,1754640780.1762218,1323823495.5568194,395701901.59197915,843910967.6002458,16878219.352004915,843910967.600246,1323823495.5568194,38083709.07957804,16878219.352004915,19929965.02459509,4809668733.980631,0.0,0.0,1340701714.9088244,58013674.10417313,3.220759022612961,82.90577709910384,4355953158.284479,Road,,,,,,,,,,
255,scenario_19,-45603360.58450962,-580213338.4929081,141104681.34951812,297503490.4712225,96001806.08765785,1920036.1217531571,96001806.08765787,141104681.34951812,4059294.6509242277,1920036.1217531571,2267197.264974168,-50795076.18930154,0.0,0.0,143024717.47127128,6326491.915898396,-0.31884950651043764,-8.028948248816086,-354625058.57642245,Road,,,,,,,,,,
261,scenario_19,-372319130.7560085,-792511997.2263155,128951399.92581557,206006767.6891796,85234698.85531175,1704693.977106235,85234698.85531181,128951399.92581557,3709669.466255746,1704693.977106235,2012919.1730956757,-414705810.5167348,0.0,0.0,130656093.9029218,5722588.639351422,-2.849611676227239,-72.46821965587519,-626435166.8452659,Road,,,,,,,,,,
267,scenario_19,28591581.54836472,-673407241.8464136,143075132.13023564,461074560.99920475,97849130.26533791,1956982.6053067583,97849130.26533794,143075132.13023564,4115980.5116453427,1956982.6053067583,2310824.030905349,31846590.78864311,0.0,0.0,145032114.7355424,6426804.542550692,0.19713965834739294,4.955276075037397,-435654774.7531123,Road,,,,,,,,,,
270,scenario_19,-19391956.210889112,-1050866882.5307432,443045218.6099368,313743130.1082861,274686577.60163116,5493731.5520326225,274686577.60163116,443045218.6099368,12745509.70825755,5493731.5520326225,6487051.471665977,-21599633.899048623,0.0,0.0,448538950.1619694,19232561.179923527,-0.043233605919589795,-1.1230763129767674,-354575325.18725824,Road,,,,,,,,,,
273,scenario_19,7669281.4171632435,-652068821.1726444,142458879.86503434,420002350.610022,97276872.11475126,1945537.4422950253,97276872.11475122,142458879.86503434,4098252.1875399556,1945537.4422950253,2297309.471474201,8542390.931477237,0.0,0.0,144404417.30732936,6395561.659014156,0.05310974248690094,1.3356748612433837,-417855521.3375589,Road,,,,,,,,,,
277,scenario_19,-502182396.959999,-2505062104.9244018,1001643662.0882915,386294667.2854791,614941378.590632,12298827.571812637,614941378.590632,1001643662.0882915,28815250.64059146,12298827.571812637,14522574.81892692,-559353363.163631,0.0,0.0,1013942489.6601042,43337825.45951838,-0.49527700247411627,-12.906816556500274,-988985855.9086285,Road,,,,,,,,,,
284,scenario_19,-22599144.499763496,-1357521136.041646,165840820.01590046,1050913730.8058985,118167440.72008365,2363348.814401673,118167440.72008348,165840820.01590046,4770903.042741121,2363348.814401673,2790665.189829315,-25171944.61033744,0.0,0.0,168204168.83030215,7561568.232570436,-0.13435543635403785,-3.3289317554409785,-1083647243.6488063,Road,,,,,,,,,,
285,scenario_19,-1056152690.7985992,-3355488060.978993,1081651927.7502804,534236242.74331635,683447199.686797,13668943.993735941,683447199.6867969,1081651927.7502804,31116925.69293759,13668943.993735941,16140421.571541326,-1176390417.483255,0.0,0.0,1095320871.7440164,47257347.264478914,-0.9642404504873061,-24.893280845822915,-1757884007.4910502,Road,,,,,,,,,,
289,scenario_19,-725989982.1966032,-4138722395.594567,1806910338.443409,489555048.98384964,1116267025.9707053,22325340.519414105,1116267025.970705,1806910338.443409,51981134.86663612,22325340.519414105,26361978.502266895,-808640327.9426796,0.0,0.0,1829235678.9628232,78343113.36890301,-0.3968815995368293,-10.321779326473077,-1376538490.2954323,Road,,,,,,,,,,
308,scenario_19,41429239.60741044,-3025043119.076754,1272109016.5535288,981965235.1892271,812398106.9414086,16247962.138828171,812398106.9414086,1272109016.5535288,36595988.714912,16247962.138828171,19185751.197701126,46145752.31628999,0.0,0.0,1288356978.692357,55781739.91261312,0.03215664624990804,0.8272555210465157,-991601222.7855502,Road,,,,,,,,,,
331,scenario_19,-1208511422.861917,-4697068443.710911,1809319030.8791187,482407924.1553338,1196830065.8145416,23936601.31629083,1196830065.8145413,1809319030.8791187,52050428.048311494,23936601.31629083,28264570.870426856,-1346094432.802915,0.0,0.0,1833255632.1954095,80314998.91873835,-0.6592159880150855,-16.76018739868098,-1908817355.8769872,Road,,,,,,,,,,
334,scenario_19,786320238.3894304,124188614.21433878,154144214.2024022,400252070.1311321,107735339.84155726,2154706.796831145,107735339.84155726,154144214.2024022,4434415.486420476,2154706.796831145,2544298.6729521872,875838883.4999136,0.0,0.0,156298920.99923334,6978714.159372663,5.030874387119328,125.50146968315511,468608099.20940876,Road,,,,,,,,,,
348,scenario_19,-804941005.5568478,-2277131079.4900737,511767627.3162046,609682058.3963946,350740388.22062665,7014807.764412533,350740388.22062683,511767627.3162046,14722513.613386558,7014807.764412533,8283153.008222566,-896579532.3216035,0.0,0.0,518782435.08061713,23005666.621609125,-1.55159649040886,-38.972117046999635,-1529267257.3396072,Road,,,,,,,,,,
351,scenario_19,-934457726.0453396,-2500377267.9771247,215490664.74718246,1188206788.4624584,162222088.7221443,3244441.774442886,162222088.72214437,215490664.74718246,6199228.079227231,3244441.774442886,3831068.2981674233,-1040841086.7482762,0.0,0.0,218735106.52162534,10030296.377394654,-4.27209761114846,-103.76972400277491,-2239078171.588129,Road,,,,,,,,,,
356,scenario_19,-581426067.069738,-1636339631.3690248,291513841.5784751,544762757.3502324,218636965.37057927,4372739.307411585,218636965.37057924,291513841.5784751,8386260.232279089,4372739.307411585,5163372.96256509,-647618530.6677848,0.0,0.0,295886580.8858867,13549633.194844179,-1.9650301995073378,-47.79601937225965,-1205930921.2128613,Road,,,,,,,,,,
358,scenario_19,-703426895.2591426,-3691618912.24983,1557411441.409194,463626756.34251267,967153819.23898,19343076.384779602,967153819.2389803,1557411441.409194,44803559.12317945,19343076.384779602,22840492.10267761,-783508545.8686314,0.0,0.0,1576754517.7939737,67644051.22585706,-0.44612327874811,-11.582815216855813,-1314779353.437001,Road,,,,,,,,,,
390,scenario_19,-707607519.9387789,-1540852712.3095913,385392973.1395786,198244443.7114787,249607775.51975513,4992155.510395102,249607775.51975513,385392973.1395786,11086971.880785288,4992155.510395102,5894785.619532518,-788165113.8583406,0.0,0.0,390385128.6499737,16981757.500317805,-1.8125883083349532,-46.41245841860541,-1003391315.0701371,Road,,,,,,,,,,
392,scenario_19,37465638.00825298,-365834831.38841575,126427411.9691598,193892626.24721032,82980431.18029861,1659608.6236059722,82980431.18029863,126427411.9691598,3637059.466973926,1659608.6236059722,1959681.9506350604,41730914.40450618,0.0,0.0,128087020.59276576,5596741.417608987,0.2925014403088474,7.456287737934168,-157758453.26031312,Road,,,,,,,,,,
394,scenario_19,-232741514.707926,-861992536.9144228,223218285.19308734,254239866.6105637,151792870.40284565,3035857.408056913,151792870.40284562,223218285.19308734,6421536.000129825,3035857.408056913,3584769.8563678763,-259237977.65066996,0.0,0.0,226254142.60114425,10006305.856497701,-1.0286729428783017,-25.907460892006515,-523484150.11773133,Road,,,,,,,,,,
423,scenario_19,557501800.1396784,-445616385.3672172,221136245.255448,632055904.0478072,149926036.20364034,2998520.7240728065,149926036.20364022,221136245.255448,6361639.946355853,2998520.7240728065,3540682.337985838,620970605.034463,0.0,0.0,224134765.97952083,9902322.284341691,2.487350847617354,62.709593487619486,-20987621.29768586,Road,,,,,,,,,,
459,scenario_19,-23265080.60980891,-3195078994.5953145,1288511994.7396402,1056260988.1597748,827040931.0860904,16540818.621721808,827040931.0860906,1288511994.7396402,37067869.0308115,16540818.621721808,19531558.971588295,-25913694.23171192,0.0,0.0,1305052813.361362,56599428.0023998,-0.01782692652099355,-0.4578437476543612,-1138774110.3938866,Road,,,,,,,,,,
464,scenario_19,-1126313.121587518,-382371489.36198574,131288839.33600885,162641270.5954638,87315066.30892555,1746301.326178511,87315066.30892557,131288839.33600885,3776912.8433280787,1746301.326178511,2062049.5342127134,-1254538.2640831366,0.0,0.0,133035140.66218735,5838962.377540792,-0.008466282788000618,-0.21485637052717454,-169734771.23708773,Road,,,,,,,,,,
469,scenario_19,-490385689.44312006,-1208012438.4415357,157735155.08297828,448949050.9932869,110942542.92215021,2218850.858443004,110942542.92215025,157735155.08297828,4537719.550955379,2218850.858443004,2620040.6027019015,-546213659.2158848,0.0,0.0,159954005.94142127,7157760.153657281,-3.0657918603345906,-76.3106960124663,-1002320470.362829,Road,,,,,,,,,,
486,scenario_19,-1083263835.5342002,-4578062711.71952,1776737974.7240279,601931146.5852047,1116129754.8760872,22322595.097521745,1116129754.8760867,1776737974.7240279,51113137.33827317,22322595.097521745,26358736.681482878,-1206588031.0971036,0.0,0.0,1799060569.8215497,77471874.01975605,-0.6021274957083018,-15.574530064800193,-1885991051.7020645,Road,,,,,,,,,,
493,scenario_19,5247500.780910511,-299095110.61781156,127574143.01461123,92763848.98576695,84004619.39834395,1680092.3879668792,84004619.39834392,127574143.01461123,3670048.5865008635,1680092.3879668792,1983869.378157528,5844902.624573429,0.0,0.0,129254235.40257812,5653917.964658392,0.04059828882640888,1.033779170675777,-92572864.32585192,Road,,,,,,,,,,
499,scenario_19,-314753623.45375687,-1544502266.8954897,149721588.62910992,976241726.6350548,103785328.17756777,2075706.5635513556,103785328.17756772,149721588.62910992,4307185.545067666,2075706.5635513556,2451014.431684519,-350586756.74930483,0.0,0.0,151797295.1926613,6758199.976752185,-2.0735127266547884,-51.87575951515239,-1333586683.3611119,Road,,,,,,,,,,
517,scenario_19,-559019941.1373928,-1035306757.7674904,135901440.20503777,249008918.55565852,91376457.86940138,1827529.1573880275,91376457.8694014,135901440.20503777,3909607.9874963877,1827529.1573880275,2157964.144709648,-622661578.8279865,0.0,0.0,137728969.3624258,6067572.132206036,-4.058840661664752,-102.62120750455757,-877738069.515851,Road,,,,,,,,,,
521,scenario_19,-1814145139.8321867,-4382827641.594588,1340309963.014307,361258179.62453145,867114359.123563,17342287.18247126,867114359.1235628,1340309963.014307,38557991.211983316,17342287.18247126,20477940.81738127,-2020676533.8150995,0.0,0.0,1357652250.1967783,59035932.029364586,-1.3362369778927146,-34.22790941642136,-2440970645.4689956,Road,,,,,,,,,,
531,scenario_19,-1071491252.301492,-1812802535.132224,183125203.2839687,424574025.43725795,133612054.10950537,2672241.0821901076,133612054.10950541,183125203.2839687,5268139.589917046,2672241.0821901076,3155408.1739676315,-1193475197.8631985,0.0,0.0,185797444.36615878,8423547.763884678,-5.766985955898615,-141.68319944479128,-1626472771.0643413,Road,,,,,,,,,,
533,scenario_19,-6186972.971558255,-1717579183.1359646,270883968.7693062,1228522851.1511414,211985390.24395877,4239707.8048791755,211985390.2439587,270883968.7693062,7792780.756314186,4239707.8048791755,5006288.074796681,-6891329.047758824,0.0,0.0,275123676.5741854,12799068.831110869,-0.022487969950815836,-0.5384242509117522,-1248213249.0300112,Road,,,,,,,,,,
538,scenario_19,79216147.22806135,-1326420422.8619556,520403221.32182837,556145297.6660459,329088051.1021428,6581761.022042856,329088051.1021427,520403221.32182837,14970942.086625881,6581761.022042856,7771807.216972536,88234511.27939661,0.0,0.0,526984982.34387124,22742749.30359842,0.150319553463804,3.879676555438964,-490653535.6902477,Road,,,,,,,,,,
540,scenario_19,254242061.17245695,-2100341800.8781376,182656476.46843788,2038748542.3833852,133178843.19877148,2663576.86397543,133178843.19877172,182656476.46843788,5254655.272906217,2663576.86397543,3145177.381110714,283186254.3079046,0.0,0.0,185320053.33241332,8399832.65401693,1.371907986214619,33.71332096389808,-1763962120.7294974,Road,,,,,,,,,,
546,scenario_19,-214351354.00467125,-775885099.5622041,139232704.69704866,327883725.68498296,94417315.17550132,1888346.303510026,94417315.17550135,139232704.69704866,4005441.6905592787,1888346.303510026,2229777.620398548,-238754188.69120833,0.0,0.0,141121051.0005587,6235219.310957827,-1.5189183504863681,-38.29122550214388,-572873133.687149,Road,,,,,,,,,,
550,scenario_19,83141382.37684177,-1351371292.1581204,241897366.88950434,1024139453.4921709,168475854.15328696,3369517.08306574,168475854.15328693,241897366.88950434,6958895.184029794,3369517.08306574,3978758.435041833,92606614.91140287,0.0,0.0,245266883.9725701,10937653.619071627,0.338983319028671,8.466771588919928,-942470492.1998397,Road,,,,,,,,,,
552,scenario_19,-386817620.0397253,-797183818.3182938,143780849.82948923,168127775.70921195,98457572.73986734,1969151.4547973468,98457572.73986733,143780849.82948923,4136282.5743001364,1969151.4547973468,2325193.1263459874,-430854880.63693815,0.0,0.0,145750001.2842866,6461475.700646124,-2.653980217024042,-66.68056967139167,-605444132.0467962,Road,,,,,,,,,,
556,scenario_19,-121546876.462411,-1029977974.0779728,156767661.50513065,641592284.5112411,110071151.59919022,2201423.0319838044,110071151.59919012,156767661.50513065,4509886.7287711715,2201423.0319838044,2599461.6562773604,-135384383.3293493,0.0,0.0,158969084.53711444,7109348.385048532,-0.7645944292648519,-19.043149385402515,-784086016.2256389,Road,,,,,,,,,,
557,scenario_19,4329290481.573522,1143099298.396232,1295171144.4890049,1058031572.875066,832988465.813219,16659769.316264382,832988465.8132188,1295171144.4890049,37259439.223230146,16659769.316264382,19672017.104786046,4822158653.190179,0.0,0.0,1311830913.8052692,56931456.32801619,3.300189403995224,84.70112946710579,3707195623.987097,Road,,,,,,,,,,
558,scenario_19,-407783496.74636453,-4992335802.426899,2082142906.5445366,1169419957.6045449,1332989441.5314527,26659788.83062905,1332989441.5314531,2082142906.5445366,59899015.97991827,26659788.83062905,31480137.085338492,-454207618.04574627,0.0,0.0,2108802695.3751657,91379153.06525676,-0.19337204833846156,-4.970582488561501,-1715006728.715548,Road,,,,,,,,,,
564,scenario_19,-711958307.7510924,-4483134326.701305,2039196649.1737866,477965089.07430273,1254014280.7021234,25080285.614042465,1254014280.7021232,2039196649.1737866,58663539.51553025,25080285.614042465,29615044.375836127,-793011217.2063693,0.0,0.0,2064276934.7878292,88278583.89136638,-0.34489476472509684,-8.98305321913898,-1359254890.1720383,Road,,,,,,,,,,
565,scenario_19,76599099.8723233,-1908678189.952592,651838660.2994602,892902208.4148588,440536421.1105963,8810728.422211926,440536421.1105962,651838660.2994602,18752072.303434245,8810728.422211926,10403793.53021211,85319526.10896426,0.0,0.0,660649388.721672,29155865.833646357,0.11594516120046557,2.9263245549204067,-836738548.1395409,Road,,,,,,,,,,
569,scenario_19,168437703.90317115,-1889719858.8686993,184817747.65013394,1738230660.1126463,135109155.00909021,2702183.1001818045,135109155.00909042,184817747.65013394,5316830.648401549,2702183.1001818045,3190763.999063567,187613498.06792083,0.0,0.0,187519930.75031576,8507594.647465115,0.8982389404113382,22.052472625011738,-1559124756.6921906,Road,,,,,,,,,,
594,scenario_19,28158208.544669807,-3153704624.603873,1471261542.2696161,779237741.8519298,931363549.0269967,18627270.980539933,931363549.0269966,1471261542.2696161,42325201.76883542,18627270.980539933,21995262.14249119,31363880.425658435,0.0,0.0,1489888813.2501562,64320463.91132661,0.018899536860903975,0.4876190020783629,-812194325.337598,Road,,,,,,,,,,
602,scenario_19,83155729.10419144,-1961818888.875894,692114198.1232255,888133435.062489,464726984.794371,9294539.69588742,464726984.7943711,692114198.1232255,19910717.599164292,9294539.69588742,10975082.572128253,92622594.94224826,0.0,0.0,701408737.8191129,30885800.171292543,0.11855530822548231,2.998873088233546,-826396640.2915334,Road,,,,,,,,,,
612,scenario_19,-2055185759.036525,-5113366310.495446,1560568518.3662302,492382893.15971184,1005229139.9329787,20104582.798659574,1005229139.9329786,1560568518.3662302,44894381.80518891,20104582.798659574,23739686.25806284,-2289158427.699027,0.0,0.0,1580673101.1648898,68634068.06325175,-1.3001965792433232,-33.353092601029935,-2850175388.921991,Road,,,,,,,,,,
614,scenario_19,-147858788.75647867,-758420697.8262218,133434475.53122531,387903306.3728843,89224127.16563359,1784482.5433126716,89224127.16563356,133434475.53122531,3838638.432066679,1784482.5433126716,2107134.285525055,-164691775.86649865,0.0,0.0,135218958.074538,5945772.717591735,-1.0934767643674128,-27.698969282701597,-558540854.9569746,Road,,,,,,,,,,
625,scenario_19,-105077582.27171735,-1150403094.4595833,175602227.86178,742844853.3632607,126878430.96282506,2537568.619256501,126878430.96282506,175602227.86178,5051718.890063141,2537568.619256501,2996385.6242503813,-117040141.97349484,0.0,0.0,178139796.48103648,8048104.514313522,-0.5898602353175091,-14.54257232437022,-867933099.8510691,Road,,,,,,,,,,
627,scenario_19,15103862.393218052,-651415205.7781019,167400540.7378984,379558042.029279,119560485.40414262,2391209.708082852,119560485.40414262,167400540.7378984,4815773.03516936,2391209.708082852,2823563.603165429,16823361.94488346,0.0,0.0,169791750.44598126,7639336.638334789,0.08895521928212466,2.2022019373334736,-370374016.72273034,Road,,,,,,,,,,
628,scenario_19,-258509719.94448268,-1404773119.0841773,175686226.4489187,843623719.4604181,126953453.23035777,2539069.0646071555,126953453.23035789,175686226.4489187,5054135.358547363,2539069.0646071555,2998157.3646654217,-287939764.7881963,0.0,0.0,178225295.51352584,8052292.723212785,-1.4504659352626177,-35.75873042445869,-1139615776.9718273,Road,,,,,,,,,,
629,scenario_19,-359534890.96664715,-1679447221.2860112,402931427.64072055,663431605.5407053,253549297.1379382,5070985.942758763,253549297.13793802,402931427.64072055,11591517.5405116,5070985.942758763,5987869.358232409,-400466148.6628781,0.0,0.0,408002413.5834793,17579386.89874401,-0.8812077551425674,-22.78043887250073,-1081477141.1023273,Road,,,,,,,,,,
648,scenario_19,-4657464.596007849,-2668468689.6426105,1071396212.4812833,903459593.8688072,688955418.6965123,13779108.373930246,688955418.6965122,1071396212.4812833,30821889.626559883,13779108.373930246,16270504.739584044,-5187693.757015631,0.0,0.0,1085175320.8552136,47092394.36614393,-0.00429190058647607,-0.11015990643162567,-955739681.9919667,Road,,,,,,,,,,
662,scenario_19,-1707894106.8271744,-2979127509.834586,530762211.27003866,378649255.98540705,361821935.75196594,7236438.715039318,361821935.751966,530762211.27003866,15268949.155445866,7236438.715039318,8544856.983164383,-1902329349.583356,0.0,0.0,537998649.985078,23813806.13861025,-3.1745323280542523,-79.88346501649877,-2304792411.707373,Road,,,,,,,,,,
669,scenario_19,525426936.49796,71432353.57553607,146397842.0088156,206801834.96259755,100794905.9510108,2015898.119020216,100794905.9510108,146397842.0088156,4211568.115881399,2015898.119020216,2380392.040612237,585244177.8247114,0.0,0.0,148413740.1278358,6591960.156493636,3.540284990091785,88.78151019286678,371850382.7056202,Road,,,,,,,,,,
670,scenario_19,-141743149.70058894,-688186735.2283417,163731572.53603578,266421133.01100266,116290879.9807143,2325817.599614286,116290879.98071432,163731572.53603578,4710224.283322206,2325817.599614286,2746347.967589023,-157879901.74563166,0.0,0.0,166057390.13565007,7456572.250911228,-0.8535792931877398,-21.173254470422116,-431757607.0075456,Road,,,,,,,,,,
673,scenario_19,253660468.28136384,-60365527.63881765,123156084.40216218,110811224.86079405,80058686.65722525,1601173.7331445047,80058686.65722525,123156084.40216218,3542950.0273215203,1601173.7331445047,1890681.4655231787,282538449.96112883,0.0,0.0,124757258.13530669,5433631.492844699,2.03323215075995,51.99808826439386,166293593.60749006,Road,,,,,,,,,,
678,scenario_19,-291852656.1568819,-1559209280.4338164,183630858.38641328,949720386.4885384,134005379.40198286,2680107.588039657,134005379.40198278,183630858.38641328,5282686.258623817,2680107.588039657,3164697.020330958,-325078628.3187743,0.0,0.0,186310965.97445294,8447383.278954774,-1.5664813642633408,-38.48276058796251,-1283246398.0862675,Road,,,,,,,,,,
680,scenario_19,88289978.01366769,-1443188782.6002584,379273129.26478386,844171667.368536,308033963.980606,6160679.27961212,308033963.9806061,379273129.26478386,10910916.421335924,6160679.27961212,7274589.813636489,98341352.53355327,0.0,0.0,385433808.544396,18185506.234972414,0.2290665116978135,5.407677480236087,-764015821.0699551,Road,,,,,,,,,,
682,scenario_19,-407959518.72087646,-4881821187.071072,2012529101.0006804,1169952032.0440044,1291380535.3055098,25827610.706110194,1291380535.3055105,2012529101.0006804,57896368.40102829,25827610.706110194,30497493.088954844,-454403679.2458799,0.0,0.0,2038356711.7067907,88393861.48998314,-0.20014137681489372,-5.140670082586824,-1712749572.7798674,Road,,,,,,,,,,
689,scenario_19,-847994567.2646672,-1845193885.357181,248009031.861101,569401800.4221355,179788485.80927745,3595769.7161855493,179788485.80927753,248009031.861101,7134715.353071464,3595769.7161855493,4245919.737472988,-944534527.7241205,0.0,0.0,251604801.57728654,11380635.090544451,-3.370343339827658,-82.99488738628328,-1525316963.2368004,Road,,,,,,,,,,
694,scenario_19,238690109.7096941,-879440856.1174088,244000087.32599494,703791579.9187732,170339298.5823347,3406785.971646694,170339298.58233464,244000087.32599494,7019386.17368798,3406785.971646694,4022765.899954636,265863790.58334106,0.0,0.0,247406873.29764163,11042152.073642615,0.9647674962632874,24.077171624719092,-448969941.4090747,Road,,,,,,,,,,
726,scenario_19,-241884669.5360874,-1145986774.4820373,163141107.3825319,625204770.7737253,115756226.78969271,2315124.5357938544,115756226.78969276,163141107.3825319,4693237.801964877,2315124.5357938544,2733721.494173648,-269422035.14455545,0.0,0.0,165456231.91832575,7426959.296138525,-1.4619254091045,-36.27622347205204,-902053765.2144192,Road,,,,,,,,,,
736,scenario_19,-16755185.54900482,-1010980836.0319016,160242608.0847507,720808286.5499029,113174755.84824304,2263495.116964861,113174755.84824312,160242608.0847507,4609853.873220184,2263495.116964861,2672756.975936137,-18662680.022241082,0.0,0.0,162506103.20171556,7282610.849156321,-0.10310496171461908,-2.5626359019860474,-746753577.4213003,Road,,,,,,,,,,
750,scenario_19,-1116876970.1406565,-2464627511.337125,405667555.44615126,639672688.6802733,302410297.0700435,6048205.94140087,302410297.07004356,405667555.44615126,11670230.37171327,6048205.94140087,7141780.205584832,-1244027853.7639477,0.0,0.0,411715761.38755214,18812010.5772981,-2.7127379490563857,-66.12944685802015,-1902512553.0215192,Road,,,,,,,,,,
755,scenario_19,-29794172.1434647,-3011716895.4735937,1595495248.5975742,402705228.19100696,983722246.5415475,19674444.93083095,983722246.5415483,1595495248.5975742,45899152.78689137,19674444.93083095,23231775.294068877,-33186090.33691522,0.0,0.0,1615169693.5284052,69130928.08096024,-0.018446465571291207,-0.48004693786333236,-505022246.6088824,Road,,,,,,,,,,
759,scenario_19,-2021172470.034356,-6062184488.115365,2243886982.086268,398826192.1902575,1398298843.8044841,27965976.87608968,1398298843.8044834,2243886982.086268,64552064.01762943,27965976.87608968,33022496.59131815,-2251272895.0503483,0.0,0.0,2271852958.9623575,97574560.60894758,-0.8896581365712608,-23.072334438407985,-2747673647.8495536,Road,,,,,,,,,,
761,scenario_19,319960827.4376093,-265541588.8588907,194510161.53526613,258963742.84101096,132028511.92022297,2640570.23840446,132028511.92022294,194510161.53526613,5595661.679818603,2640570.23840446,3118010.934615342,356386774.98705864,0.0,0.0,197150731.77367058,8713672.614433944,1.6229248786401917,40.89972056061807,88709359.53161374,Road,,,,,,,,,,
764,scenario_19,26996763.32030336,-2978240498.939005,1237553924.4870203,974395798.3529985,793287539.4192897,15865750.788385794,793287539.4192901,1237553924.4870203,35601909.007235095,15865750.788385794,18734432.330025967,30070210.443770442,0.0,0.0,1253419675.2754061,54336341.337261066,0.021538486951205332,0.5534088181816879,-998661929.2464892,Road,,,,,,,,,,
767,scenario_19,246022686.9048379,-195650366.84507516,150623175.04687318,186473883.63666594,104575995.066374,2091519.9013274799,104575995.066374,150623175.04687318,4333122.35232289,2091519.9013274799,2469686.9742215862,274031145.1931191,0.0,0.0,152714694.94820067,6802809.326544477,1.6109955036631307,40.28205584476005,80754452.2299087,Road,,,,,,,,,,
770,scenario_19,139158368.21739382,-328355594.45185757,143492675.31249598,225813807.2492222,98207480.10753317,1964149.6021506635,98207480.10753322,143492675.31249598,4127992.3796434063,1964149.6021506635,2319286.890253924,155000855.7567229,0.0,0.0,145456824.91464663,6447279.269897331,0.956698788792147,24.041281487592705,-77260230.76239663,Road,,,,,,,,,,
775,scenario_19,-1236505989.046538,-2432701002.040575,382970892.88338715,501858398.6236246,311365721.48702526,6227314.429740505,311365721.48702526,382970892.88338715,11017293.558747813,6227314.429740505,7353273.244854582,-1377276041.0003884,0.0,0.0,389198207.31312764,18370566.803602394,-3.1770598266186587,-74.9718860460152,-1897505006.4276154,Road,,,,,,,,,,
776,scenario_19,-393587360.22783816,-1500408588.4065485,209077719.4171044,741178185.3410351,156565323.4205707,3131306.468411414,156565323.42057085,209077719.4171044,6014740.687128781,3131306.468411414,3697477.0320966775,-438395322.0480427,0.0,0.0,212209025.8855158,9712217.719225459,-1.8547154560719474,-45.13853938634773,-1189285725.1083033,Road,,,,,,,,,,
780,scenario_19,88063954.93524808,-800044319.6278805,173941505.44616896,588815311.8018028,125351457.31515682,2507029.1463031364,125351457.31515682,173941505.44616896,5003943.284364692,2507029.1463031364,2960324.3185441117,98089597.85272029,0.0,0.0,176448534.5924721,7964267.602908803,0.49909144974562564,12.316210698005031,-498689981.5519913,Road,,,,,,,,,,
789,scenario_19,-596406157.0555923,-1914196226.5688584,240556252.56542307,892335239.9016662,184898577.04617688,3697971.5409235377,184898577.0461769,240556252.56542307,6920314.0529861245,3697971.5409235377,4366600.642845624,-664304029.3328224,0.0,0.0,244254224.1063466,11286914.69583175,-2.4417434713265025,-58.85612208783234,-1567926183.9303203,Road,,,,,,,,,,
791,scenario_19,-163827638.86072466,-1079559847.3514411,218905443.42968664,531374633.72333914,165452131.3376907,3309042.6267538145,165452131.3376906,218905443.42968664,6297464.315668204,3309042.6267538145,3907349.6108026276,-182478600.06770095,0.0,0.0,222214486.05644044,10204813.926470831,-0.7372500405716752,-17.881619535889783,-724058047.7175109,Road,,,,,,,,,,
809,scenario_19,-174581552.355021,-1177215500.191967,219932541.20594823,616331936.0049007,166369470.62609696,3327389.412521939,166369470.62609708,219932541.20594823,6327011.829395459,3327389.412521939,3929013.6732873362,-194456793.0840614,0.0,0.0,223259930.61847016,10256025.502682796,-0.7819654510838496,-18.960248590762077,-821044754.5916449,Road,,,,,,,,,,
810,scenario_19,15097310.221888958,-1393692932.331452,335471943.9859319,804186202.0270324,269132096.5403764,5382641.930807529,269132096.54037666,335471943.9859319,9650845.4201041,5382641.930807529,6355875.770045022,16816063.84146299,0.0,0.0,340854585.9167394,16006721.190149121,0.044292524864479245,1.050562675622285,-803376859.3757185,Road,,,,,,,,,,
811,scenario_19,-850312.9707240683,-454445140.1462244,133189653.18864092,231392420.01151437,89012753.97534499,1780255.0795068997,89012753.97534502,133189653.18864092,3831595.3912818176,1780255.0795068997,2102142.4552830947,-947116.869877164,0.0,0.0,134969908.26814783,5933737.846564912,-0.00630001888298488,-0.15961555673132027,-238273274.72795644,Road,,,,,,,,,,
813,scenario_19,628614780.9670798,-997370430.3578202,361895853.9050882,1000306844.7653654,263782512.65444642,5275650.253088929,263782512.65444636,361895853.9050882,10411007.557642573,5275650.253088929,6229538.959841097,700179444.753244,0.0,0.0,367171504.15817714,16640546.51748367,1.712046751580899,42.07670968123485,-316767946.52960503,Road,,,,,,,,,,
822,scenario_19,-108133298.70976956,-723015394.485787,223972069.77134562,232662714.17949516,158247311.82517675,3164946.236503535,158247311.82517672,223972069.77134562,6443220.849117179,3164946.236503535,3737199.19635637,-120443736.51771985,0.0,0.0,227137016.00784916,10180420.04547355,-0.47607079026710825,-11.830920136863304,-363286870.74268854,Road,,,,,,,,,,
831,scenario_19,-271341974.3205575,-1441915208.129211,175544162.2241604,868202501.2058557,126826570.37863737,2536531.407572747,126826570.37863731,175544162.2241604,5050048.459784447,2536531.407572747,2995160.874639703,-302232907.4504637,0.0,0.0,178080693.63173315,8045209.33442415,-1.523702366533267,-37.566817081720664,-1178480617.9907436,Road,,,,,,,,,,
837,scenario_19,68146439.6485526,-1346370476.1103024,140808329.995619,1177913167.992639,95795417.77059698,1915908.3554119393,95795417.77059698,140808329.995619,4050769.225302826,1915908.3554119393,2262323.1584647987,75904572.59313603,0.0,0.0,142724238.35103095,6313092.383767625,0.4774692822738777,12.023358439724989,-1108321687.7832706,Road,,,,,,,,,,
858,scenario_19,49176308.67546577,-2145074370.841808,695861081.2461154,1024505777.1777866,473883821.0933717,9477676.421867434,473883821.0933714,695861081.2461154,20018507.804796882,9477676.421867434,11191332.193452612,54774786.635513365,0.0,0.0,705338757.6679829,31209839.998249494,0.06972012829417498,1.755048620517939,-1000940830.5405227,Road,,,,,,,,,,
863,scenario_19,117592420.34299068,-1047164387.1042984,259828758.63152117,720458860.959576,184469187.85619193,3689383.757123839,184469187.85619187,259828758.63152117,7474744.848873279,3689383.757123839,4356460.104486852,130979732.06464767,0.0,0.0,263518142.388645,11831204.953360131,0.44624032059835034,11.070700962495682,-601310333.8482884,Road,,,,,,,,,,
866,scenario_19,-79932603.31374685,-1008043017.1353582,157773330.63999507,659382304.5413854,110954778.64023088,2219095.5728046177,110954778.6402309,157773330.63999507,4538817.784075019,2219095.5728046177,2620329.5637923023,-89032532.32416683,0.0,0.0,159992426.2127997,7159147.347867321,-0.4996024199760032,-12.436192188541732,-755573984.2134196,Road,,,,,,,,,,
873,scenario_19,-1065339504.5505742,-3187894726.1932607,937904892.4755925,576800263.4364141,607850065.7306795,12157001.31461359,607850065.73068,937904892.4755925,26981615.894594394,12157001.31461359,14355104.999593727,-1186623104.2521112,0.0,0.0,950061893.7902061,41336720.89418812,-1.1213369481650044,-28.70627080676224,-1804760088.5827136,Road,,,,,,,,,,
878,scenario_19,-183091307.44058433,-1724285460.850346,258005630.69715536,1082705255.9821079,200483266.73049858,4009665.3346099714,200483266.73049855,258005630.69715536,7422297.166761371,4009665.3346099714,4734651.695921674,-203935341.42749888,0.0,0.0,262015296.03176534,12156948.862683047,-0.6987809880320396,-16.775207638941257,-1298797546.2722898,Road,,,,,,,,,,
887,scenario_19,-591995976.3413372,-967356172.392033,125479383.29471019,167747101.30355325,82133711.45243233,1642674.2290486468,82133711.4524324,125479383.29471019,3609786.610465475,1642674.2290486468,1939685.653383473,-659391771.4966035,0.0,0.0,127122057.52375883,5549472.263848947,-4.656909964116137,-118.82062656517705,-832688345.0640056,Road,,,,,,,,,,
895,scenario_19,-794361945.6681699,-3910339305.977712,1590635580.0951273,541745534.6279615,983596245.5864528,19671924.911729056,983596245.586453,1590635580.0951273,45759350.00948823,19671924.911729056,23228799.63108485,-884796099.1235003,0.0,0.0,1610307505.0068564,68988149.64057308,-0.493298294393025,-12.825334549966492,-1495529783.392035,Road,,,,,,,,,,
935,scenario_19,-168567358.93099877,-1342710983.525097,138564866.10173878,941772488.3760023,93806270.1163569,1876125.402327138,93806270.11635685,138564866.10173878,3986229.3326722495,1876125.402327138,2215347.0618150644,-187757913.67528877,0.0,0.0,140440991.50406593,6201576.394487314,-1.200271780522986,-30.27583661505645,-1135731978.4457784,Road,,,,,,,,,,
938,scenario_19,494006666.17382455,-843590340.3906885,201434501.61455643,986212307.9197009,149950197.03025582,2999003.940605116,149950197.0302558,201434501.61455643,5794860.858585888,2999003.940605116,3541252.9247513837,550246866.1234103,0.0,0.0,204433505.55516154,9336113.78333727,2.4164662481930024,58.93746358420238,-445301555.57962775,Road,,,,,,,,,,
940,scenario_19,-139367798.05931935,-800804329.3857718,139805361.10945883,426716967.79472196,94914202.42227158,1898284.0484454313,94914202.42227161,139805361.10945883,4021915.8506614235,1898284.0484454313,2241512.205952589,-155234128.14368233,0.0,0.0,141703645.15790427,6263428.056614012,-0.9835159702773911,-24.784211894915796,-588214523.9950182,Road,,,,,,,,,,
945,scenario_19,-1436937373.3960264,-2174765534.985667,171511011.49686155,443085450.11862135,123231699.97415772,2464633.999483154,123231699.97415769,171511011.49686155,4934022.917491187,2464633.999483154,2910263.718209844,-1600525540.7799652,0.0,0.0,173975645.49634472,7844286.635701031,-8.259416824099192,-204.03710561718003,-2051455277.5342875,Road,,,,,,,,,,
952,scenario_19,-515413105.36074376,-4454303658.044872,1724097680.4831092,1113309468.3577666,1101483403.843252,22029668.07686504,1101483403.8432527,1724097680.4831092,49598783.15249003,22029668.07686504,26012845.615921304,-574090321.8579106,0.0,0.0,1746127348.5599742,75611628.76841134,-0.2951749800985612,-7.592619431810882,-1763011418.9840887,Road,,,,,,,,,,
958,scenario_19,84977882.59874956,-787793705.1832247,157194165.85115075,605125343.4108251,110452078.51999837,2209041.5703999675,110452078.51999831,157194165.85115075,4522156.3912220355,2209041.5703999675,2608457.7002916024,94652191.54211202,0.0,0.0,159403207.42155072,7130614.091513637,0.5331002052801911,13.274058913770205,-517603765.9602268,Road,,,,,,,,,,
964,scenario_19,22821993.28183257,-899572025.8565624,150458890.59717762,667505862.0372676,104429266.50394982,2088585.3300789965,104429266.50394964,150458890.59717762,4328396.222888337,2088585.3300789965,2466221.8040442886,25420163.616980925,0.0,0.0,152547475.9272566,6794618.026932626,0.1496058400383852,3.7412204065364727,-648880316.4472193,Road,,,,,,,,,,
970,scenario_19,-329360001.6856474,-775988714.8108244,135600277.14398867,219855377.17905724,91173058.80213107,1823461.1760426213,91173058.80213106,135600277.14398867,3900944.1388481315,1823461.1760426213,2153160.6329028755,-366855998.4373977,0.0,0.0,137423738.3200313,6054104.771751007,-2.396674735471368,-60.596242098283554,-592765480.388206,Road,,,,,,,,,,
971,scenario_19,-512704216.8911598,-1506305778.4468555,374480090.2625369,382176505.8723929,236944965.42076606,4738899.308415321,236944965.42076612,374480090.2625369,10773030.439117527,4738899.308415321,5595738.241224849,-571073039.9199743,0.0,0.0,379218989.5709522,16368768.680342376,-1.3520003770677007,-34.88796567855399,-969618314.4727097,Road,,,,,,,,,,
987,scenario_19,-18744339.52712653,-549055859.1814852,162757318.6235116,252140750.27984798,115413450.7509991,2308269.015019982,115413450.7509991,162757318.6235116,4682196.980061052,2308269.015019982,2725626.4287879486,-20878289.279451504,0.0,0.0,165065587.6385316,7407823.408849001,-0.11355691876960912,-2.8184107702285917,-280426862.96814847,Road,,,,,,,,,,
0,scenario_29,128960325.7307193,-475413336.5380288,152678141.04011753,345276872.71142757,106418648.51720302,2128372.97034406,106418648.517203,152678141.04011753,4392239.543789739,2128372.97034406,2513203.435361913,143641816.8952684,0.0,0.0,154806514.0104616,6905442.979151651,0.833041985054998,20.801245818543435,-208540498.7953108,Road,,,,,,,,,,
2,scenario_29,-147026412.4102201,-958951909.8696235,194912878.2946077,472959994.5310824,144052624.63371336,2881052.492674267,144052624.63371325,194912878.2946077,5607247.021788821,2881052.492674267,3401974.7116392325,-163764637.61650005,0.0,0.0,197793930.78728196,9009221.733428054,-0.7433312631232354,-18.1774455621248,-645733853.8810105,Road,,,,,,,,,,
9,scenario_29,960522640.3062038,-2359714764.292984,1345794052.1316106,1102132191.6912076,872311160.7763699,17446223.215527397,872311160.7763696,1345794052.1316106,38715757.300295584,17446223.215527397,20600669.49274701,1069873361.7556126,0.0,0.0,1363240275.347138,59316426.79304259,0.7045879275108818,18.036712924203,-91575256.72863758,Road,,,,,,,,,,
12,scenario_29,-9286630.918648647,-1454980293.1243625,312373893.82249105,884678952.4299979,248640815.95322484,4972816.319064497,248640815.9532249,312373893.82249105,8986361.502359474,4972816.319064497,5871949.71493947,-10343867.623100389,0.0,0.0,317346710.14155555,14858311.217298944,-0.029263359669007616,-0.6961671129258239,-909881131.2703973,Road,,,,,,,,,,
15,scenario_29,91561153.66215412,-474891649.3321692,195150622.90997052,244570297.75985953,126731882.32449329,2534637.646489866,126731882.32449329,195150622.90997052,5614086.450758847,2534637.646489866,2992924.703195333,101984935.24683903,0.0,0.0,197685260.55646038,8607011.15395418,0.4631663150020412,11.849053454518383,-151192373.66697466,Road,,,,,,,,,,
17,scenario_29,16550832.63112169,-5007931001.328169,2357229443.5123625,1162145992.8589256,1505106397.588002,30102127.951760042,1505106397.5880022,2357229443.5123625,67812696.0745481,30102127.951760042,35544884.488848604,18435062.541855097,0.0,0.0,2387331571.4641223,103357580.56339669,0.0069327749982258475,0.17836197830257391,-1247068510.8804672,Road,,,,,,,,,,
25,scenario_29,-90917946.83595872,-1440731045.169611,153682014.62583685,1088808551.5272884,107322532.18052682,2146450.6436105366,107322532.18052697,153682014.62583685,4421118.9447971415,2146450.6436105366,2534549.7271959586,-101268502.52514237,0.0,0.0,155828465.2694474,6955668.6719931,-0.5834489011924101,-14.559132601139922,-1197032722.724424,Road,,,,,,,,,,
27,scenario_29,-86068108.24634963,-1348731388.1168094,150350312.53158265,1007966102.4209636,104346864.91791353,2086937.2983582704,104346864.91791344,150350312.53158265,4325272.652807869,2086937.2983582704,2464275.7922127983,-95866533.9529252,0.0,0.0,152437249.82994092,6789548.445020667,-0.5646133628254726,-14.119721617603597,-1110622184.8189094,Road,,,,,,,,,,
28,scenario_29,35101172.40271462,-5147510869.2802105,2450896121.356007,1183821553.6060135,1547894366.7209044,30957887.33441809,1547894366.7209044,2450896121.356007,70507295.86177087,30957887.33441809,36555373.46343454,39097266.15926918,0.0,0.0,2481854008.6904254,107062669.32520542,0.014143125373130266,0.36518112621039084,-1251786956.7719498,Road,,,,,,,,,,
57,scenario_29,74229680.8954886,-472284515.7255069,141144892.03203666,309258717.1956397,96110587.39331904,1922211.7478663805,96110587.39331901,141144892.03203666,4060451.4304647534,1922211.7478663805,2269766.2653787034,82680360.57576501,0.0,0.0,143067103.77990305,6330217.695843456,0.5188452057412503,13.061219147337468,-232908574.31571817,Road,,,,,,,,,,
62,scenario_29,23258036.115675468,-313047960.4171959,140830295.48902065,99638804.77865678,95836896.26519392,1916737.9253038785,95836896.26519394,140830295.48902065,4051401.1278663515,1916737.9253038785,2263302.7226348687,25905847.75698644,0.0,0.0,142747033.41432452,6314703.850501221,0.16293183514482443,4.102464402179399,-80047660.87217157,Road,,,,,,,,,,
63,scenario_29,-314775451.45231825,-2764289108.844926,1122072298.9151125,602119297.8778179,725322060.5996771,14506441.211993542,725322060.5996771,1122072298.9151125,32279737.54927389,14506441.211993542,17129346.405373808,-350611069.7568502,0.0,0.0,1136578740.127106,49409083.9546477,-0.2769499730543229,-7.096085207300625,-1002139451.5893158,Road,,,,,,,,,,
73,scenario_29,-128381832.27323774,-767008054.3801448,166819302.03902298,352816567.9526391,118990352.11524504,2379807.042304901,118990352.11524498,166819302.03902298,4799051.980143475,2379807.042304901,2810099.2248798893,-142997464.8371929,0.0,0.0,169199109.0813279,7609151.205023365,-0.7587618691983138,-18.792827344893563,-503423183.9948554,Road,,,,,,,,,,
90,scenario_29,3053580.253294143,-1268983486.260564,137847332.70199814,1041038893.0358596,93150840.7760003,1863016.815520006,93150840.77600026,137847332.70199814,3965587.3563496363,1863016.815520006,2199868.3154414445,3401215.165465433,0.0,0.0,139710349.51751816,6165455.67179108,0.02185650715096992,0.5516567382078625,-1043803133.5421852,Road,,,,,,,,,,
94,scenario_29,4466309.233059401,-272621569.1253374,121470946.13406222,77063305.33401044,78553626.89032419,1571072.537806484,78553626.89032418,121470946.13406222,3494472.027213062,1571072.537806484,1855137.6822736738,4974776.307500777,0.0,0.0,123042018.6718687,5349609.709486736,0.03629905686910305,0.9299325703478428,-77438138.7359964,Road,,,,,,,,,,
103,scenario_29,-159421489.7015419,-1109796583.1391168,259656718.26383355,489146659.15574867,201571716.01799256,4031434.3203598512,201571716.01799273,259656718.26383355,7469795.597454983,4031434.3203598512,4760356.725318894,-177570832.75903162,0.0,0.0,263688152.5841934,12230152.322773878,-0.6045834374399508,-14.519102303278379,-678947644.2375542,Road,,,,,,,,,,
104,scenario_29,1964705.8393368328,-1132625924.709982,126249993.90891679,925540524.4335165,82800112.20688549,1656002.2441377097,82800112.20688546,126249993.90891679,3631955.510279974,1656002.2441377097,1955423.5027994865,2188377.8195192674,0.0,0.0,127905996.15305449,5587379.013079461,0.015360545231873511,0.39166446636186797,-928939525.6270767,Road,,,,,,,,,,
109,scenario_29,-552591822.6503239,-3883827398.2220726,1719139270.9049108,512234634.77039987,1099861669.8964376,21997233.397928752,1099861669.8964381,1719139270.9049108,49456139.79519407,21997233.397928752,25974546.43261869,-615501651.0481151,0.0,0.0,1741136504.3028395,75430686.22781275,-0.31737421005459,-8.159830989594893,-1203166972.0463278,Road,,,,,,,,,,
114,scenario_29,-72078445.41495152,-646376463.599927,153451414.61605844,313737315.6128099,107109287.95610711,2142185.759122142,107109287.95610714,153451414.61605844,4414485.051596405,2142185.759122142,2529513.7102492102,-80284217.64387487,0.0,0.0,155593600.37518057,6943998.761845615,-0.4632481364345951,-11.561669348935265,-400965532.01853037,Road,,,,,,,,,,
126,scenario_29,-334696141.069695,-1713674745.355059,481418563.00908685,521938378.627965,375621662.6483119,7512433.252966238,375621662.6483121,481418563.00908685,13849432.768554196,7512433.252966238,8870754.008978862,-372799630.72886306,0.0,0.0,488930996.2620531,22720186.777533058,-0.6845467839603022,-16.40829956105411,-917458196.134361,Road,,,,,,,,,,
140,scenario_29,-7256346.450458259,-783790775.1191403,141422827.4711255,538745492.5444238,96366108.65313269,1927322.1730626537,96366108.65313268,141422827.4711255,4068447.067678242,1927322.1730626537,2275800.704989801,-8082445.374260318,0.0,0.0,143350149.64418817,6344247.772668043,-0.0506197340461057,-1.2739800940752484,-553172185.6913521,Road,,,,,,,,,,
143,scenario_29,-282441.49352860404,-836057112.5717041,429374947.4540389,140991893.1039116,265407830.52022496,5308156.610404499,265407830.52022505,429374947.4540389,12352243.814815175,5308156.610404499,6267922.781668804,-314596.0516707792,0.0,0.0,434683104.0644434,18620166.59648398,-0.0006497641405605013,-0.0168954477415999,-159926655.75206637,Road,,,,,,,,,,
144,scenario_29,-86239416.14213845,-1624012163.8558228,161237634.02609128,1262464376.336839,114070737.35075407,2281414.7470150813,114070737.35075402,161237634.02609128,4638478.74549646,2281414.7470150813,2693916.6488083913,-96057344.39993812,0.0,0.0,163519048.77310637,7332395.394304851,-0.5273967576817391,-13.100404333697945,-1365854116.131082,Road,,,,,,,,,,
150,scenario_29,-202951941.8953888,-1234068191.7348242,521617136.85194135,182264836.83835977,327234276.1491341,6544685.522982683,327234276.14913416,521617136.85194135,15005863.967111586,6544685.522982683,7728028.108280548,-226057010.25561446,0.0,0.0,528161822.374924,22733892.075392134,-0.38426090886841907,-9.943612361048618,-431055739.16936636,Road,,,,,,,,,,
152,scenario_29,977474374.6616776,-3673517287.166876,2268314320.0625086,939546000.5141373,1443131341.251907,28862626.825038143,1443131341.2519073,2268314320.0625086,65254788.84174534,28862626.825038143,34081269.54296397,1088754966.6875873,0.0,0.0,2297176946.8875465,99336058.3847093,0.4255111370441277,10.960319791138183,49872907.788740635,Road,,,,,,,,,,
176,scenario_29,78920368.38627736,-2494756367.3928013,749620226.0889233,1308078050.4087737,515978459.2813816,10319569.185627632,515978459.2813816,749620226.0889233,21565049.046459354,10319569.185627632,12185447.330024013,87905059.48876028,0.0,0.0,759939795.2745509,33750496.376483366,0.10385081670550629,2.604556048841127,-1253923487.2964969,Road,,,,,,,,,,
177,scenario_29,5061390.718732073,-538135231.7797164,134517491.09974346,318473149.1517772,90205982.24692774,1804119.6449385548,90205982.24692774,134517491.09974346,3869794.586930625,1804119.6449385548,2130321.965482644,5637604.858207489,0.0,0.0,136321610.744682,6000116.552413269,0.03712830776487521,0.9395825579321495,-318835660.84598297,Road,,,,,,,,,,
195,scenario_29,-213519925.65310472,-1018409748.5650084,365521611.4676312,201610492.77074566,237757718.673527,4755154.37347054,237757718.673527,365521611.4676312,10515313.22729447,4755154.37347054,5614932.379615079,-237828106.3603787,0.0,0.0,370276765.84110177,16130245.606909547,-0.5766495371862822,-14.74423342063079,-455568844.7380339,Road,,,,,,,,,,
197,scenario_29,-23616145.952378307,-632479158.4216342,148324872.0083149,358007558.6966519,102530581.76428911,2050611.6352857822,102530581.76428914,148324872.0083149,4267004.8490523,2050611.6352857822,2421382.0971238124,-26304726.616051003,0.0,0.0,150375483.6436007,6688386.946176112,-0.1570478470303713,-3.9328954541258945,-391000672.258879,Road,,,,,,,,,,
201,scenario_29,-314105024.99221236,-1715793514.0689874,352625123.7916697,794637036.6727514,254426328.61235362,5088526.572247073,254426328.6123538,352625123.7916697,10144307.510559477,5088526.572247073,6008581.503567211,-349864318.58141226,0.0,0.0,357713650.3639168,16152889.014126688,-0.8780906869856948,-21.65955070176205,-1160654244.2682905,Road,,,,,,,,,,
202,scenario_29,-78434509.76369336,-683888963.0283811,191211564.68119022,285153189.6378463,129089698.94565128,2581793.9789130255,129089698.9456513,191211564.68119022,5500767.758247435,2581793.9789130255,3048607.357643719,-87363888.28043126,0.0,0.0,193793358.66010326,8549375.115891155,-0.4047327024310502,-10.21874547509836,-381066453.0341687,Road,,,,,,,,,,
206,scenario_29,6134278.517888088,-1351576785.282926,142935970.24447098,1117086687.7791736,97688405.77716967,1953768.1155433934,97688405.7771697,142935970.24447098,4111977.10727141,1953768.1155433934,2307028.330232211,6832635.592833071,0.0,0.0,144889738.36001438,6419005.437503621,0.042337563635086124,1.06443835565441,-1116673057.6238441,Road,,,,,,,,,,
209,scenario_29,5665818.184494419,-1136094737.503815,253701155.7129953,709055715.8041978,179003684.17111638,3580073.6834223275,179003684.17111635,253701155.7129953,7298466.177519016,3580073.6834223275,4227385.709832285,6310843.38231603,0.0,0.0,257281229.39641762,11525851.8873513,0.02202188709136085,0.5475381294151173,-714270724.3092331,Road,,,,,,,,,,
227,scenario_29,3712546.7063398175,-428895431.13269234,160838770.7169813,158244165.33462933,113525041.78742157,2270500.8357484313,113525041.78742158,160838770.7169813,4627004.259450816,2270500.8357484313,2681029.3965876745,4135201.6690832954,0.0,0.0,163109271.55272973,7308033.65603849,0.022761101628362253,0.565843271078323,-161416997.32158452,Road,,,,,,,,,,
233,scenario_29,-7923089.173068049,-1126933566.313826,138027096.7062853,887671985.7291533,93311394.70531952,1866227.8941063904,93311394.7053194,138027096.7062853,3970758.8010816793,1866227.8941063904,2203659.988163737,-8825093.437024591,0.0,0.0,139893324.6003917,6174418.789245416,-0.05663664935907789,-1.4292994593104231,-902671497.9554232,Road,,,,,,,,,,
240,scenario_29,67218.61976559012,-593108062.2349484,180428309.50240535,281827797.3751602,130919173.97714832,2618383.4795429665,130919173.97714841,180428309.50240535,5190555.441773202,2618383.4795429665,3091812.594678128,74871.12503486472,0.0,0.0,183046692.98194832,8282368.03645133,0.00036722116455946614,0.009039821063897573,-290035294.2865767,Road,,,,,,,,,,
243,scenario_29,-114853253.81490944,-1569964090.762176,474497528.1196527,651408362.144277,329204946.68333685,6584098.933666738,329204946.683337,474497528.1196527,13650328.67337574,6584098.933666738,7774567.845681218,-127928725.06196786,0.0,0.0,481081627.05331945,21424896.51905696,-0.23873963867296052,-5.971031176191594,-800761983.7253017,Road,,,,,,,,,,
245,scenario_29,-92863321.10628691,-1607720096.639038,226783942.1590449,1115824584.543422,172248248.83028424,3444964.9766056845,172248248.83028436,226783942.1590449,6524112.69787304,3444964.9766056845,4067848.039109092,-103435347.97274724,0.0,0.0,230228907.13565058,10591960.736982133,-0.40335213445448,-9.765458024367458,-1229851893.2531514,Road,,,,,,,,,,
249,scenario_29,-309775449.0674671,-1460922248.1753197,238071104.51270106,730447703.211749,182627991.38340265,3652559.827668053,182627991.3834026,238071104.51270106,6848821.398733349,3652559.827668053,4312978.051622383,-345041841.9887661,0.0,0.0,241723664.3403691,11161799.450355731,-1.2815271930979617,-30.912743372912818,-1086651344.6508708,Road,,,,,,,,,,
250,scenario_29,1541960.0008799292,-2907549496.1145267,1561329695.3764071,385747424.9665401,962014335.7724594,19240286.715449188,962014335.7724593,1561329695.3764071,44916279.31940507,19240286.715449188,22719117.0647118,1717504.4716365987,0.0,0.0,1580569982.0918562,67635396.38411687,0.0009755721153448533,0.02539357442192692,-451665316.8790204,Road,,,,,,,,,,
254,scenario_29,1107007217.3592236,-1456429147.389821,1323823495.5568194,395701901.59197915,843910967.6002458,16878219.352004915,843910967.600246,1323823495.5568194,38083709.07957804,16878219.352004915,19929965.02459509,1233034478.7565641,0.0,0.0,1340701714.9088244,58013674.10417313,0.8256924005161779,21.254204250922758,779318903.0604118,Road,,,,,,,,,,
255,scenario_29,-5199325.8446974745,-539809303.753096,141104681.34951812,297503490.4712225,96001806.08765785,1920036.1217531571,96001806.08765787,141104681.34951812,4059294.6509242277,1920036.1217531571,2267197.264974168,-5791243.211670707,0.0,0.0,143024717.47127128,6326491.915898396,-0.03635263845734804,-0.9153956550734514,-309621225.5987916,Road,,,,,,,,,,
261,scenario_29,-87477028.55090794,-507669895.0212149,128951399.92581557,206006767.6891796,85234698.85531175,1704693.977106235,85234698.85531181,128951399.92581557,3709669.466255746,1704693.977106235,2012919.1730956757,-97435852.82103954,0.0,0.0,130656093.9029218,5722588.639351422,-0.6695212288827788,-17.02653448668688,-309165209.1495706,Road,,,,,,,,,,
267,scenario_29,-3255928.339240721,-705254751.734019,143075132.13023564,461074560.99920475,97849130.26533791,1956982.6053067583,97849130.26533794,143075132.13023564,4115980.5116453427,1956982.6053067583,2310824.030905349,-3626599.5737782507,0.0,0.0,145032114.7355424,6426804.542550692,-0.022449706019785458,-0.5642928067544611,-471127965.1155337,Road,,,,,,,,,,
270,scenario_29,-186950.97926794307,-1031661877.299122,443045218.6099368,313743130.1082861,274686577.60163116,5493731.5520326225,274686577.60163116,443045218.6099368,12745509.70825755,5493731.5520326225,6487051.471665977,-208234.41768029114,0.0,0.0,448538950.1619694,19232561.179923527,-0.00041679987702391115,-0.010827180827983677,-333183925.7058899,Road,,,,,,,,,,
273,scenario_29,834048.5395753178,-658904054.0502323,142458879.86503434,420002350.610022,97276872.11475126,1945537.4422950253,97276872.11475122,142458879.86503434,4098252.1875399556,1945537.4422950253,2297309.471474201,929000.8142008404,0.0,0.0,144404417.30732936,6395561.659014156,0.005775782729694827,0.14525711168642555,-425468911.4548353,Road,,,,,,,,,,
277,scenario_29,-96928916.77996545,-2099808624.744368,1001643662.0882915,386294667.2854791,614941378.590632,12298827.571812637,614941378.590632,1001643662.0882915,28815250.64059146,12298827.571812637,14522574.81892692,-107963791.47674511,0.0,0.0,1013942489.6601042,43337825.45951838,-0.09559606956846059,-2.491213860686053,-537596284.2217426,Road,,,,,,,,,,
284,scenario_29,-18335098.717242263,-1353257090.2591248,165840820.01590046,1050913730.8058985,118167440.72008365,2363348.814401673,118167440.72008348,165840820.01590046,4770903.042741121,2363348.814401673,2790665.189829315,-20422458.44042111,0.0,0.0,168204168.83030215,7561568.232570436,-0.10900501958272021,-2.700823137779029,-1078897757.4788902,Road,,,,,,,,,,
285,scenario_29,-305998832.6288363,-2605334202.80923,1081651927.7502804,534236242.74331635,683447199.686797,13668943.993735941,683447199.6867969,1081651927.7502804,31116925.69293759,13668943.993735941,16140421.571541326,-340835276.56728745,0.0,0.0,1095320871.7440164,47257347.264478914,-0.27936912417419013,-7.21232350727983,-922328866.5750828,Road,,,,,,,,,,
289,scenario_29,-167145062.9985848,-3579877476.3965483,1806910338.443409,489555048.98384964,1116267025.9707053,22325340.519414105,1116267025.970705,1806910338.443409,51981134.86663612,22325340.519414105,26361978.502266895,-186173696.43066663,0.0,0.0,1829235678.9628232,78343113.36890301,-0.09137426353577144,-2.376388790601283,-754071858.7834193,Road,,,,,,,,,,
308,scenario_29,-19305429.621044844,-3085777788.305209,1272109016.5535288,981965235.1892271,812398106.9414086,16247962.138828171,812398106.9414086,1272109016.5535288,36595988.714912,16247962.138828171,19185751.197701126,-21503256.687650017,0.0,0.0,1288356978.692357,55781739.91261312,-0.014984534519803095,-0.38548917121152393,-1059250231.7894902,Road,,,,,,,,,,
331,scenario_29,-341090174.69399625,-3829647195.54299,1809319030.8791187,482407924.1553338,1196830065.8145416,23936601.31629083,1196830065.8145413,1809319030.8791187,52050428.048311494,23936601.31629083,28264570.870426856,-379921593.2540034,0.0,0.0,1833255632.1954095,80314998.91873835,-0.1860570717491945,-4.730394053026173,-942644516.3280756,Road,,,,,,,,,,
334,scenario_29,186654745.33104092,-475476878.8440507,154144214.2024022,400252070.1311321,107735339.84155726,2154706.796831145,107735339.84155726,154144214.2024022,4434415.486420476,2154706.796831145,2544298.6729521872,207904458.98422274,0.0,0.0,156298920.99923334,6978714.159372663,1.1942164676361169,29.791227185455018,-199326325.30628204,Road,,,,,,,,,,
348,scenario_29,-214127055.05923215,-1686317128.992458,511767627.3162046,609682058.3963946,350740388.22062665,7014807.764412533,350740388.22062683,511767627.3162046,14722513.613386558,7014807.764412533,8283153.008222566,-238504354.42731357,0.0,0.0,518782435.08061713,23005666.621609125,-0.41274923856270784,-10.367200322866864,-871192079.4453173,Road,,,,,,,,,,
351,scenario_29,-219095481.59947863,-1785015023.5312638,215490664.74718246,1188206788.4624584,162222088.7221443,3244441.774442886,162222088.72214437,215490664.74718246,6199228.079227231,3244441.774442886,3831068.2981674233,-244038411.5980584,0.0,0.0,218735106.52162534,10030296.377394654,-1.0016475410992962,-24.330129680719047,-1442275496.4379115,Road,,,,,,,,,,
356,scenario_29,-151495331.0270838,-1206408895.3263705,291513841.5784751,544762757.3502324,218636965.37057927,4372739.307411585,218636965.37057924,291513841.5784751,8386260.232279089,4372739.307411585,5163372.96256509,-168742320.37316266,0.0,0.0,295886580.8858867,13549633.194844179,-0.5120047369958638,-12.453644902901978,-727054710.9182392,Road,,,,,,,,,,
358,scenario_29,-147810056.5907522,-3136002073.581439,1557411441.409194,463626756.34251267,967153819.23898,19343076.384779602,967153819.2389803,1557411441.409194,44803559.12317945,19343076.384779602,22840492.10267761,-164637495.7862761,0.0,0.0,1576754517.7939737,67644051.22585706,-0.09374322694033073,-2.433879887479937,-695908303.3546458,Road,,,,,,,,,,
390,scenario_29,-179443134.9382624,-1012688327.3090748,385392973.1395786,198244443.7114787,249607775.51975513,4992155.510395102,249607775.51975513,385392973.1395786,11086971.880785288,4992155.510395102,5894785.619532518,-199871842.6451284,0.0,0.0,390385128.6499737,16981757.500317805,-0.4596566871253806,-11.76979724515486,-415098043.8569249,Road,,,,,,,,,,
392,scenario_29,10730151.590592504,-392570317.8060762,126427411.9691598,193892626.24721032,82980431.18029861,1659608.6236059722,82980431.18029863,126427411.9691598,3637059.466973926,1659608.6236059722,1959681.9506350604,11951725.938198471,0.0,0.0,128087020.59276576,5596741.417608987,0.08377235680036212,2.1354793881659146,-187537641.72662085,Road,,,,,,,,,,
394,scenario_29,-47895892.063186154,-677146914.2696829,223218285.19308734,254239866.6105637,151792870.40284565,3035857.408056913,151792870.40284562,223218285.19308734,6421536.000129825,3035857.408056913,3584769.8563678763,-53348600.9653967,0.0,0.0,226254142.60114425,10006305.856497701,-0.21169067453328444,-5.33149813032691,-317594773.4324581,Road,,,,,,,,,,
423,scenario_29,124548918.17351076,-878569267.3333848,221136245.255448,632055904.0478072,149926036.20364034,2998520.7240728065,149926036.20364022,221136245.255448,6361639.946355853,2998520.7240728065,3540682.337985838,138728192.54613256,0.0,0.0,224134765.97952083,9902322.284341691,0.5556876356472551,14.009662437012395,-503230033.78601635,Road,,,,,,,,,,
459,scenario_29,-34824127.131909944,-3206638041.1174154,1288511994.7396402,1056260988.1597748,827040931.0860904,16540818.621721808,827040931.0860906,1288511994.7396402,37067869.0308115,16540818.621721808,19531558.971588295,-38788680.66341892,0.0,0.0,1305052813.361362,56599428.0023998,-0.026684074985605457,-0.6853193050250311,-1151649096.8255935,Road,,,,,,,,,,
464,scenario_29,759717.9826470043,-380485458.2577512,131288839.33600885,162641270.5954638,87315066.30892555,1746301.326178511,87315066.30892557,131288839.33600885,3776912.8433280787,1746301.326178511,2062049.5342127134,846208.0933580395,0.0,0.0,133035140.66218735,5838962.377540792,0.005710656439084289,0.1449243955763316,-167634024.87964657,Road,,,,,,,,,,
469,scenario_29,-97739153.9335814,-815365902.9319968,157735155.08297828,448949050.9932869,110942542.92215021,2218850.858443004,110942542.92215025,157735155.08297828,4537719.550955379,2218850.858443004,2620040.6027019015,-108866270.09721996,0.0,0.0,159954005.94142127,7157760.153657281,-0.611045364936816,-15.209544293209431,-564973081.2441641,Road,,,,,,,,,,
486,scenario_29,-311457525.0876226,-3806256401.272942,1776737974.7240279,601931146.5852047,1116129754.8760872,22322595.097521745,1116129754.8760867,1776737974.7240279,51113137.33827317,22322595.097521745,26358736.681482878,-346915413.99102366,0.0,0.0,1799060569.8215497,77471874.01975605,-0.17312231189554464,-4.477953042707564,-1026318434.5959845,Road,,,,,,,,,,
493,scenario_29,715727.1246303328,-303626884.2740918,127574143.01461123,92763848.98576695,84004619.39834395,1680092.3879668792,84004619.39834392,127574143.01461123,3670048.5865008635,1680092.3879668792,1983869.378157528,797209.0951274444,0.0,0.0,129254235.40257812,5653917.964658392,0.005537359161973402,0.14100117831752296,-97620557.8552979,Road,,,,,,,,,,
499,scenario_29,-78151259.63574165,-1307899903.077474,149721588.62910992,976241726.6350548,103785328.17756777,2075706.5635513556,103785328.17756772,149721588.62910992,4307185.545067666,2075706.5635513556,2451014.431684519,-87048391.5353334,0.0,0.0,151797295.1926613,6758199.976752185,-0.5148396059136099,-12.8804107358135,-1070048318.1471404,Road,,,,,,,,,,
517,scenario_29,-118712522.78417449,-594999339.4142722,135901440.20503777,249008918.55565852,91376457.86940138,1827529.1573880275,91376457.8694014,135901440.20503777,3909607.9874963877,1827529.1573880275,2157964.144709648,-132227352.59327775,0.0,0.0,137728969.3624258,6067572.132206036,-0.8619284913966746,-21.792464879227204,-387303843.2811423,Road,,,,,,,,,,
521,scenario_29,-499061466.5751822,-3067743968.337583,1340309963.014307,361258179.62453145,867114359.123563,17342287.18247126,867114359.1235628,1340309963.014307,38557991.211983316,17342287.18247126,20477940.81738127,-555877130.3894147,0.0,0.0,1357652250.1967783,59035932.029364586,-0.3675915290552851,-9.415911823208285,-976171242.0433106,Road,,,,,,,,,,
531,scenario_29,-289682030.4201145,-1030993313.2508466,183125203.2839687,424574025.43725795,133612054.10950537,2672241.0821901076,133612054.10950541,183125203.2839687,5268139.589917046,2672241.0821901076,3155408.1739676315,-322660887.6465,0.0,0.0,185797444.36615878,8423547.763884678,-1.5591281753543715,-38.30463086229344,-755658460.8476427,Road,,,,,,,,,,
533,scenario_29,-23196993.35713853,-1734589203.521545,270883968.7693062,1228522851.1511414,211985390.24395877,4239707.8048791755,211985390.2439587,270883968.7693062,7792780.756314186,4239707.8048791755,5006288.074796681,-25837855.584239807,0.0,0.0,275123676.5741854,12799068.831110869,-0.0843147839763751,-2.0187293251705456,-1267159775.566492,Road,,,,,,,,,,
538,scenario_29,6534496.091507001,-1399102073.99851,520403221.32182837,556145297.6660459,329088051.1021428,6581761.022042856,329088051.1021427,520403221.32182837,14970942.086625881,6581761.022042856,7771807.216972536,7278415.945063854,0.0,0.0,526984982.34387124,22742749.30359842,0.012399776673793475,0.3200323693456113,-571609631.0245805,Road,,,,,,,,,,
540,scenario_29,50596590.13096665,-2303987271.919628,182656476.46843788,2038748542.3833852,133178843.19877148,2663576.86397543,133178843.19877172,182656476.46843788,5254655.272906217,2663576.86397543,3145177.381110714,56356760.06505322,0.0,0.0,185320053.33241332,8399832.65401693,0.27302274751783207,6.709271766039594,-1990791614.972349,Road,,,,,,,,,,
546,scenario_29,-64857807.49230458,-626391553.0498376,139232704.69704866,327883725.68498296,94417315.17550132,1888346.303510026,94417315.17550135,139232704.69704866,4005441.6905592787,1888346.303510026,2229777.620398548,-72241546.03557248,0.0,0.0,141121051.0005587,6235219.310957827,-0.4595898842338398,-11.586047327736265,-406360491.0315133,Road,,,,,,,,,,
550,scenario_29,4899833.791452971,-1429612840.7435093,241897366.88950434,1024139453.4921709,168475854.15328696,3369517.08306574,168475854.15328693,241897366.88950434,6958895.184029794,3369517.08306574,3978758.435041833,5457655.478932162,0.0,0.0,245266883.9725701,10937653.619071627,0.019977559595860294,0.4989786355471915,-1029619451.6323104,Road,,,,,,,,,,
552,scenario_29,-98409977.6183312,-508776175.8968997,143780849.82948923,168127775.70921195,98457572.73986734,1969151.4547973468,98457572.73986733,143780849.82948923,4136282.5743001364,1969151.4547973468,2325193.1263459874,-109613463.71935026,0.0,0.0,145750001.2842866,6461475.700646124,-0.6751970960630163,-16.964153205495972,-284202715.1292083,Road,,,,,,,,,,
556,scenario_29,-36343925.41667092,-944775023.0322328,156767661.50513065,641592284.5112411,110071151.59919022,2201423.0319838044,110071151.59919012,156767661.50513065,4509886.7287711715,2201423.0319838044,2599461.6562773604,-40481500.41786978,0.0,0.0,158969084.53711444,7109348.385048532,-0.22862259993820194,-5.6941224744317305,-689183133.3141594,Road,,,,,,,,,,
557,scenario_29,1086488491.05749,-2099702692.1197996,1295171144.4890049,1058031572.875066,832988465.813219,16659769.316264382,832988465.8132188,1295171144.4890049,37259439.223230146,16659769.316264382,19672017.104786046,1210179797.6005003,0.0,0.0,1311830913.8052692,56931456.32801619,0.8282229665604378,21.25678624182614,95216768.39741802,Road,,,,,,,,,,
558,scenario_29,-120037432.64609244,-4704589738.326627,2082142906.5445366,1169419957.6045449,1332989441.5314527,26659788.83062905,1332989441.5314531,2082142906.5445366,59899015.97991827,26659788.83062905,31480137.085338492,-133703096.84803207,0.0,0.0,2108802695.3751657,91379153.06525676,-0.05692207853743151,-1.4631684838723602,-1394502207.5178337,Road,,,,,,,,,,
564,scenario_29,-157906873.96754327,-3929082892.917755,2039196649.1737866,477965089.07430273,1254014280.7021234,25080285.614042465,1254014280.7021232,2039196649.1737866,58663539.51553025,25080285.614042465,29615044.375836127,-175883785.56295046,0.0,0.0,2064276934.7878292,88278583.89136638,-0.07649500476726166,-1.9923720772343727,-742127458.5286195,Road,,,,,,,,,,
565,scenario_29,-26968341.214402378,-2012245631.0393176,651838660.2994602,892902208.4148588,440536421.1105963,8810728.422211926,440536421.1105962,651838660.2994602,18752072.303434245,8810728.422211926,10403793.53021211,-30038552.622588046,0.0,0.0,660649388.721672,29155865.833646357,-0.04082095840061996,-1.0302747582245715,-952096626.8710933,Road,,,,,,,,,,
569,scenario_29,31361197.70795108,-2026796365.0639195,184817747.65013394,1738230660.1126463,135109155.00909021,2702183.1001818045,135109155.00909042,184817747.65013394,5316830.648401549,2702183.1001818045,3190763.999063567,34931513.96180716,0.0,0.0,187519930.75031576,8507594.647465115,0.16724194373615014,4.105921286719414,-1711806740.7983043,Road,,,,,,,,,,
594,scenario_29,-38425322.61737259,-3220288155.765915,1471261542.2696161,779237741.8519298,931363549.0269967,18627270.980539933,931363549.0269966,1471261542.2696161,42325201.76883542,18627270.980539933,21995262.14249119,-42799854.32939603,0.0,0.0,1489888813.2501562,64320463.91132661,-0.02579073168121095,-0.6654158214468214,-886358060.0926524,Road,,,,,,,,,,
602,scenario_29,-16344554.475817155,-2061319172.4559023,692114198.1232255,888133435.062489,464726984.794371,9294539.69588742,464726984.7943711,692114198.1232255,19910717.599164292,9294539.69588742,10975082.572128253,-18205300.645350445,0.0,0.0,701408737.8191129,30885800.171292543,-0.02330246772607539,-0.5894391773690145,-937224535.879132,Road,,,,,,,,,,
612,scenario_29,-551771567.6789775,-3609952119.1378984,1560568518.3662302,492382893.15971184,1005229139.9329787,20104582.798659574,1005229139.9329786,1560568518.3662302,44894381.80518891,20104582.798659574,23739686.25806284,-614588014.1312265,0.0,0.0,1580673101.1648898,68634068.06325175,-0.3490738010739507,-8.95456194677015,-1175604975.35419,Road,,,,,,,,,,
614,scenario_29,-42613421.15241766,-653175330.2221608,133434475.53122531,387903306.3728843,89224127.16563359,1784482.5433126716,89224127.16563356,133434475.53122531,3838638.432066679,1784482.5433126716,2107134.285525055,-47464747.03575017,0.0,0.0,135218958.074538,5945772.717591735,-0.3151438360361235,-7.98294002986633,-441313826.1262262,Road,,,,,,,,,,
625,scenario_29,-46306238.21392596,-1091631750.4017918,175602227.86178,742844853.3632607,126878430.96282506,2537568.619256501,126878430.96282506,175602227.86178,5051718.890063141,2537568.619256501,2996385.6242503813,-51577972.93814523,0.0,0.0,178139796.48103648,8048104.514313522,-0.2599432531565477,-6.408710628249671,-802470930.8157195,Road,,,,,,,,,,
627,scenario_29,4808386.584043279,-661710681.5872767,167400540.7378984,379558042.029279,119560485.40414262,2391209.708082852,119560485.40414262,167400540.7378984,4815773.03516936,2391209.708082852,2823563.603165429,5355797.462151443,0.0,0.0,169791750.44598126,7639336.638334789,0.02831931805528475,0.7010814833418431,-381841581.20546234,Road,,,,,,,,,,
628,scenario_29,-67788650.24712975,-1214052049.3868244,175686226.4489187,843623719.4604181,126953453.23035777,2539069.0646071555,126953453.23035789,175686226.4489187,5054135.358547363,2539069.0646071555,2998157.3646654217,-75506050.64931308,0.0,0.0,178225295.51352584,8052292.723212785,-0.38035369812017034,-9.376962965050643,-927182062.8329439,Road,,,,,,,,,,
629,scenario_29,-89089828.83492845,-1409002159.1542926,402931427.64072055,663431605.5407053,253549297.1379382,5070985.942758763,253549297.13793802,402931427.64072055,11591517.5405116,5070985.942758763,5987869.358232409,-99232262.38943386,0.0,0.0,408002413.5834793,17579386.89874401,-0.21835613189748995,-5.644807919696203,-780243254.8288832,Road,,,,,,,,,,
648,scenario_29,-26745013.87622287,-2690556238.922826,1071396212.4812833,903459593.8688072,688955418.6965123,13779108.373930246,688955418.6965122,1071396212.4812833,30821889.626559883,13779108.373930246,16270504.739584044,-29789800.57860304,0.0,0.0,1085175320.8552136,47092394.36614393,-0.024645799957140058,-0.6325819907772577,-980341788.8135542,Road,,,,,,,,,,
662,scenario_29,-469811751.1970196,-1741045154.2044313,530762211.27003866,378649255.98540705,361821935.75196594,7236438.715039318,361821935.751966,530762211.27003866,15268949.155445866,7236438.715039318,8544856.983164383,-523297480.5104137,0.0,0.0,537998649.985078,23813806.13861025,-0.8732582344027264,-21.974541888202033,-925760542.6344311,Road,,,,,,,,,,
669,scenario_29,120447260.55952737,-333547322.36289656,146397842.0088156,206801834.96259755,100794905.9510108,2015898.119020216,100794905.9510108,146397842.0088156,4211568.115881399,2015898.119020216,2380392.040612237,134159581.62942998,0.0,0.0,148413740.1278358,6591960.156493636,0.8115640806287909,20.352001293161866,-79234213.4896612,Road,,,,,,,,,,
670,scenario_29,-27461397.23773005,-573904982.7654828,163731572.53603578,266421133.01100266,116290879.9807143,2325817.599614286,116290879.98071432,163731572.53603578,4710224.283322206,2325817.599614286,2746347.967589023,-30587740.619909238,0.0,0.0,166057390.13565007,7456572.250911228,-0.16537293049889076,-4.102118183884193,-304465445.8818231,Road,,,,,,,,,,
673,scenario_29,59186650.17065733,-254839345.74952415,123156084.40216218,110811224.86079405,80058686.65722525,1601173.7331445047,80058686.65722525,123156084.40216218,3542950.0273215203,1601173.7331445047,1890681.4655231787,65924755.68191516,0.0,0.0,124757258.13530669,5433631.492844699,0.47441448341599396,12.132724821094042,-50320100.6717236,Road,,,,,,,,,,
678,scenario_29,-78660829.06955029,-1346017453.346485,183630858.38641328,949720386.4885384,134005379.40198286,2680107.588039657,134005379.40198278,183630858.38641328,5282686.258623817,2680107.588039657,3164697.020330958,-87615972.91272077,0.0,0.0,186310965.97445294,8447383.278954774,-0.4222018208006946,-10.371966089309709,-1045783742.6802139,Road,,,,,,,,,,
680,scenario_29,-12631298.080473132,-1544110058.694399,379273129.26478386,844171667.368536,308033963.980606,6160679.27961212,308033963.9806061,379273129.26478386,10910916.421335924,6160679.27961212,7274589.813636489,-14069308.4927024,0.0,0.0,385433808.544396,18185506.234972414,-0.03277164016352292,-0.773655036649231,-876426482.0962108,Road,,,,,,,,,,
682,scenario_29,-120370114.75509906,-4594231783.105294,2012529101.0006804,1169952032.0440044,1291380535.3055098,25827610.706110194,1291380535.3055105,2012529101.0006804,57896368.40102829,25827610.706110194,30497493.088954844,-134073653.15917264,0.0,0.0,2038356711.7067907,88393861.48998314,-0.059052527000688096,-1.5167756097448686,-1392419546.6931603,Road,,,,,,,,,,
689,scenario_29,-215543531.29366663,-1212742849.3861804,248009031.861101,569401800.4221355,179788485.80927745,3595769.7161855493,179788485.80927753,248009031.861101,7134715.353071464,3595769.7161855493,4245919.737472988,-240082089.43030968,0.0,0.0,251604801.57728654,11380635.090544451,-0.8566749519184242,-21.09566711525447,-820864524.9429896,Road,,,,,,,,,,
694,scenario_29,33922282.30062759,-1084208683.5264752,244000087.32599494,703791579.9187732,170339298.5823347,3406785.971646694,170339298.58233464,244000087.32599494,7019386.17368798,3406785.971646694,4022765.899954636,37784165.287166685,0.0,0.0,247406873.29764163,11042152.073642615,0.13711131727459144,3.4218117116279076,-677049566.7052491,Road,,,,,,,,,,
726,scenario_29,-65871807.93577875,-969973912.8817286,163141107.3825319,625204770.7737253,115756226.78969271,2315124.5357938544,115756226.78969276,163141107.3825319,4693237.801964877,2315124.5357938544,2733721.494173648,-73370985.38219275,0.0,0.0,165456231.91832575,7426959.296138525,-0.3981222536742834,-9.879007337543952,-706002715.4520565,Road,,,,,,,,,,
736,scenario_29,-2541623.7011735453,-996767274.1840702,160242608.0847507,720808286.5499029,113174755.84824304,2263495.116964861,113174755.84824312,160242608.0847507,4609853.873220184,2263495.116964861,2672756.975936137,-2830974.908228533,0.0,0.0,162506103.20171556,7282610.849156321,-0.015640173821771353,-0.3887307679712828,-730921872.3072878,Road,,,,,,,,,,
750,scenario_29,-318620980.5079056,-1666371521.7043738,405667555.44615126,639672688.6802733,302410297.0700435,6048205.94140087,302410297.07004356,405667555.44615126,11670230.37171327,6048205.94140087,7141780.205584832,-354894393.15370274,0.0,0.0,411715761.38755214,18812010.5772981,-0.7738857978963417,-18.86530903730094,-1013379092.4112742,Road,,,,,,,,,,
755,scenario_29,-988370.8544171046,-2982911094.1845465,1595495248.5975742,402705228.19100696,983722246.5415475,19674444.93083095,983722246.5415483,1595495248.5975742,45899152.78689137,19674444.93083095,23231775.294068877,-1100891.9564242626,0.0,0.0,1615169693.5284052,69130928.08096024,-0.0006119300395353305,-0.01592473856469845,-472937048.22839147,Road,,,,,,,,,,
759,scenario_29,-544318363.3143615,-4585330381.3953705,2243886982.086268,398826192.1902575,1398298843.8044841,27965976.87608968,1398298843.8044834,2243886982.086268,64552064.01762943,27965976.87608968,33022496.59131815,-606286299.5491722,0.0,0.0,2271852958.9623575,97574560.60894758,-0.239592250531466,-6.213569354198822,-1102687052.3483772,Road,,,,,,,,,,
761,scenario_29,68765852.77737868,-516736563.5191214,194510161.53526613,258963742.84101096,132028511.92022297,2640570.23840446,132028511.92022294,194510161.53526613,5595661.679818603,2640570.23840446,3118010.934615342,76594502.82345466,0.0,0.0,197150731.77367058,8713672.614433944,0.348798364371896,8.79015154833544,-191082912.63199025,Road,,,,,,,,,,
764,scenario_29,-23311750.06043144,-3028549012.3197403,1237553924.4870203,974395798.3529985,793287539.4192897,15865750.788385794,793287539.4192901,1237553924.4870203,35601909.007235095,15865750.788385794,18734432.330025967,-25965676.766983442,0.0,0.0,1253419675.2754061,54336341.337261066,-0.01859851933097292,-0.4778694355922252,-1054697816.457243,Road,,,,,,,,,,
767,scenario_29,56625663.09218221,-385047390.65773094,150623175.04687318,186473883.63666594,104575995.066374,2091519.9013274799,104575995.066374,150623175.04687318,4333122.35232289,2091519.9013274799,2469686.9742215862,63072212.97226346,0.0,0.0,152714694.94820067,6802809.326544477,0.3707938067871535,9.271495046341586,-130204479.99094695,Road,,,,,,,,,,
770,scenario_29,29771676.163372125,-437742286.5058792,143492675.31249598,225813807.2492222,98207480.10753317,1964149.6021506635,98207480.10753322,143492675.31249598,4127992.3796434063,1964149.6021506635,2319286.890253924,33161033.301466316,0.0,0.0,145456824.91464663,6447279.269897331,0.20467706606989397,5.1434150613417415,-199100053.21765321,Road,,,,,,,,,,
775,scenario_29,-348133379.1164483,-1544328392.1104853,382970892.88338715,501858398.6236246,311365721.48702526,6227314.429740505,311365721.48702526,382970892.88338715,11017293.558747813,6227314.429740505,7353273.244854582,-387766631.44131625,0.0,0.0,389198207.31312764,18370566.803602394,-0.8944886501914413,-21.108038504575525,-907995596.8685433,Road,,,,,,,,,,
776,scenario_29,-102082579.6442584,-1208903807.8229685,209077719.4171044,741178185.3410351,156565323.4205707,3131306.468411414,156565323.42057085,209077719.4171044,6014740.687128781,3131306.468411414,3697477.0320966775,-113704173.20498677,0.0,0.0,212209025.8855158,9712217.719225459,-0.48104730332879764,-11.707333638115207,-864594576.2652473,Road,,,,,,,,,,
780,scenario_29,9499994.655545464,-878608279.907583,173941505.44616896,588815311.8018028,125351457.31515682,2507029.1463031364,125351457.31515682,173941505.44616896,5003943.284364692,2507029.1463031364,2960324.3185441117,10581521.759392029,0.0,0.0,176448534.5924721,7964267.602908803,0.053840031471424674,1.328624587592627,-586198057.6453196,Road,,,,,,,,,,
789,scenario_29,-150191859.82717305,-1467981929.340439,240556252.56542307,892335239.9016662,184898577.04617688,3697971.5409235377,184898577.0461769,240556252.56542307,6920314.0529861245,3697971.5409235377,4366600.642845624,-167290455.4653708,0.0,0.0,244254224.1063466,11286914.69583175,-0.6148997438086498,-14.821628405426955,-1070912610.0628687,Road,,,,,,,,,,
791,scenario_29,-59872488.73135683,-975604697.2220732,218905443.42968664,531374633.72333914,165452131.3376907,3309042.6267538145,165452131.3376906,218905443.42968664,6297464.315668204,3309042.6267538145,3907349.6108026276,-66688673.54888318,0.0,0.0,222214486.05644044,10204813.926470831,-0.2694355790834886,-6.5350210233521,-608268121.1986932,Road,,,,,,,,,,
809,scenario_29,-63041382.48121469,-1065675330.3181604,219932541.20594823,616331936.0049007,166369470.62609696,3327389.412521939,166369470.62609708,219932541.20594823,6327011.829395459,3327389.412521939,3929013.6732873362,-70218330.07850541,0.0,0.0,223259930.61847016,10256025.502682796,-0.2823676523887592,-6.8465440204041546,-696806291.5860889,Road,,,,,,,,,,
810,scenario_29,-41938561.901994035,-1450728804.455335,335471943.9859319,804186202.0270324,269132096.5403764,5382641.930807529,269132096.54037666,335471943.9859319,9650845.4201041,5382641.930807529,6355875.770045022,-46713058.41888173,0.0,0.0,340854585.9167394,16006721.190149121,-0.12303945328826638,-2.9183402312042483,-866905981.6360632,Road,,,,,,,,,,
811,scenario_29,-3714815.0781120057,-457309642.2536123,133189653.18864092,231392420.01151437,89012753.97534499,1780255.0795068997,89012753.97534502,133189653.18864092,3831595.3912818176,1780255.0795068997,2102142.4552830947,-4137728.2836905774,0.0,0.0,134969908.26814783,5933737.846564912,-0.027523283713964574,-0.6973223945317943,-241463886.14176986,Road,,,,,,,,,,
813,scenario_29,123150475.37978238,-1502834735.9451177,361895853.9050882,1000306844.7653654,263782512.65444642,5275650.253088929,263782512.65444636,361895853.9050882,10411007.557642573,5275650.253088929,6229538.959841097,137170544.0013027,0.0,0.0,367171504.15817714,16640546.51748367,0.3354031399090526,8.243151380706285,-879776847.2815464,Road,,,,,,,,,,
822,scenario_29,-35219159.45576775,-650101255.2317853,223972069.77134562,232662714.17949516,158247311.82517675,3164946.236503535,158247311.82517672,223972069.77134562,6443220.849117179,3164946.236503535,3737199.19635637,-39228685.45101367,0.0,0.0,227137016.00784916,10180420.04547355,-0.15505689065911954,-3.853346450911488,-282071819.67598236,Road,,,,,,,,,,
831,scenario_29,-71259366.1958157,-1241832600.0044692,175544162.2241604,868202501.2058557,126826570.37863737,2536531.407572747,126826570.37863731,175544162.2241604,5050048.459784447,2536531.407572747,2995160.874639703,-79371890.33273347,0.0,0.0,178080693.63173315,8045209.33442415,-0.4001521149910751,-9.865733386589952,-955619600.8730134,Road,,,,,,,,,,
837,scenario_29,5530415.075179371,-1408986500.6836758,140808329.995619,1177913167.992639,95795417.77059698,1915908.3554119393,95795417.77059698,140808329.995619,4050769.225302826,1915908.3554119393,2262323.1584647987,6160025.302995305,0.0,0.0,142724238.35103095,6313092.383767625,0.03874895490125012,0.9757540248950117,-1178066235.0734115,Road,,,,,,,,,,
858,scenario_29,-31045904.876522448,-2225296584.393796,695861081.2461154,1024505777.1777866,473883821.0933717,9477676.421867434,473883821.0933714,695861081.2461154,20018507.804796882,9477676.421867434,11191332.193452612,-34580326.61093903,0.0,0.0,705338757.6679829,31209839.998249494,-0.044015594689802054,-1.1079943573205946,-1090295943.7869751,Road,,,,,,,,,,
863,scenario_29,-8001143.5418515,-1172757950.9891405,259828758.63152117,720458860.959576,184469187.85619193,3689383.757123839,184469187.85619187,259828758.63152117,7474744.848873279,3689383.757123839,4356460.104486852,-8912033.90716639,0.0,0.0,263518142.388645,11831204.953360131,-0.030362780601462944,-0.7532651105528622,-741202099.8201026,Road,,,,,,,,,,
866,scenario_29,-25698874.356083974,-953809288.1776952,157773330.63999507,659382304.5413854,110954778.64023088,2219095.5728046177,110954778.6402309,157773330.63999507,4538817.784075019,2219095.5728046177,2620329.5637923023,-28624563.281416997,0.0,0.0,159992426.2127997,7159147.347867321,-0.16062556812472423,-3.9983201756483098,-695166015.1706698,Road,,,,,,,,,,
873,scenario_29,-307491221.9624728,-2430046443.6051593,937904892.4755925,576800263.4364141,607850065.7306795,12157001.31461359,607850065.73068,937904892.4755925,26981615.894594394,12157001.31461359,14355104.999593727,-342497566.99796057,0.0,0.0,950061893.7902061,41336720.89418812,-0.32365388399671297,-8.285552399636886,-960634551.3285627,Road,,,,,,,,,,
878,scenario_29,-69796716.72912666,-1610990870.1388884,258005630.69715536,1082705255.9821079,200483266.73049858,4009665.3346099714,200483266.73049855,258005630.69715536,7422297.166761371,4009665.3346099714,4734651.695921674,-77742725.50482498,0.0,0.0,262015296.03176534,12156948.862683047,-0.2663841301870593,-6.3949208294742395,-1172604930.3496158,Road,,,,,,,,,,
887,scenario_29,-164860612.192833,-540220808.2435287,125479383.29471019,167747101.30355325,82133711.45243233,1642674.2290486468,82133711.4524324,125479383.29471019,3609786.610465475,1642674.2290486468,1939685.653383473,-183629172.2718859,0.0,0.0,127122057.52375883,5549472.263848947,-1.2968686583917266,-33.08948374570778,-356925745.8392881,Road,,,,,,,,,,
895,scenario_29,-195822960.81958857,-3311800321.1291304,1590635580.0951273,541745534.6279615,983596245.5864528,19671924.911729056,983596245.586453,1590635580.0951273,45759350.00948823,19671924.911729056,23228799.63108485,-218116430.16993618,0.0,0.0,1610307505.0068564,68988149.64057308,-0.12160594185317095,-3.1616506792299623,-828850114.4384708,Road,,,,,,,,,,
935,scenario_29,-48569935.4980174,-1222713560.0921154,138564866.10173878,941772488.3760023,93806270.1163569,1876125.402327138,93806270.11635685,138564866.10173878,3986229.3326722495,1876125.402327138,2215347.0618150644,-54099380.890128426,0.0,0.0,140440991.50406593,6201576.394487314,-0.3458387396575112,-8.723488585614826,-1002073445.6606181,Road,,,,,,,,,,
938,scenario_29,98512848.01595224,-1239084158.5485609,201434501.61455643,986212307.9197009,149950197.03025582,2999003.940605116,149950197.0302558,201434501.61455643,5794860.858585888,2999003.940605116,3541252.9247513837,109728045.39968722,0.0,0.0,204433505.55516154,9336113.78333727,0.48188210512963536,11.753074988816602,-885820376.3033509,Road,,,,,,,,,,
940,scenario_29,-40090035.3362343,-701526566.6626867,139805361.10945883,426716967.79472196,94914202.42227158,1898284.0484454313,94914202.42227161,139805361.10945883,4021915.8506614235,1898284.0484454313,2241512.205952589,-44654086.30493607,0.0,0.0,141703645.15790427,6263428.056614012,-0.2829146370339371,-7.129336507311288,-477634482.15627205,Road,,,,,,,,,,
945,scenario_29,-370615845.7981134,-1108444007.387754,171511011.49686155,443085450.11862135,123231699.97415772,2464633.999483154,123231699.97415769,171511011.49686155,4934022.917491187,2464633.999483154,2910263.718209844,-412808615.04474664,0.0,0.0,173975645.49634472,7844286.635701031,-2.130274296386503,-52.625386375603114,-863738351.799069,Road,,,,,,,,,,
952,scenario_29,-145207431.60702443,-4084097984.291153,1724097680.4831092,1113309468.3577666,1101483403.843252,22029668.07686504,1101483403.8432527,1724097680.4831092,49598783.15249003,22029668.07686504,26012845.615921304,-161738574.9031178,0.0,0.0,1746127348.5599742,75611628.76841134,-0.08315970294307375,-2.139070107833574,-1350659672.0292957,Road,,,,,,,,,,
958,scenario_29,9199069.693810573,-863572518.0881636,157194165.85115075,605125343.4108251,110452078.51999837,2209041.5703999675,110452078.51999831,157194165.85115075,4522156.3912220355,2209041.5703999675,2608457.7002916024,10246337.988663988,0.0,0.0,159403207.42155072,7130614.091513637,0.057709439117389384,1.4369502902784306,-602009619.5136747,Road,,,,,,,,,,
964,scenario_29,689419.5682185333,-921704599.5701764,150458890.59717762,667505862.0372676,104429266.50394982,2088585.3300789965,104429266.50394964,150458890.59717762,4328396.222888337,2088585.3300789965,2466221.8040442886,767906.5543680774,0.0,0.0,152547475.9272566,6794618.026932626,0.004519377092461943,0.11301688355757983,-673532573.5098321,Road,,,,,,,,,,
970,scenario_29,-105302343.86558864,-551931056.9907656,135600277.14398867,219855377.17905724,91173058.80213107,1823461.1760426213,91173058.80213106,135600277.14398867,3900944.1388481315,1823461.1760426213,2153160.6329028755,-117290491.5560429,0.0,0.0,137423738.3200313,6054104.771751007,-0.766260219325146,-19.373713534547797,-343199973.50685114,Road,,,,,,,,,,
971,scenario_29,-108671261.11354026,-1102272822.6692362,374480090.2625369,382176505.8723929,236944965.42076606,4738899.308415321,236944965.42076612,374480090.2625369,10773030.439117527,4738899.308415321,5595738.241224849,-121042943.26336908,0.0,0.0,379218989.5709522,16368768.680342376,-0.28656597929468347,-7.394749454107216,-519588217.81610435,Road,,,,,,,,,,
987,scenario_29,-2459686.135902399,-532771205.7902611,162757318.6235116,252140750.27984798,115413450.7509991,2308269.015019982,115413450.7509991,162757318.6235116,4682196.980061052,2308269.015019982,2725626.4287879486,-2739709.159008124,0.0,0.0,165065587.6385316,7407823.408849001,-0.014901265436916724,-0.3698399661816195,-262288282.8477051,Road,,,,,,,,,,
0,scenario_30,238685027.9068715,-365688634.3618766,152678141.04011753,345276872.71142757,106418648.51720302,2128372.97034406,106418648.517203,152678141.04011753,4392239.543789739,2128372.97034406,2513203.435361913,265858130.2425626,0.0,0.0,154806514.0104616,6905442.979151651,1.5418280647463034,38.499793720000255,-86324185.44801664,Road,,,,,,,,,,
2,scenario_30,-289144981.84379923,-1101070479.3032026,194912878.2946077,472959994.5310824,144052624.63371336,2881052.492674267,144052624.63371325,194912878.2946077,5607247.021788821,2881052.492674267,3401974.7116392325,-322062698.76301324,0.0,0.0,197793930.78728196,9009221.733428054,-1.4618496163806007,-35.748115463517045,-804031915.0275238,Road,,,,,,,,,,
9,scenario_30,1688696422.5737703,-1631540982.0254178,1345794052.1316106,1102132191.6912076,872311160.7763699,17446223.215527397,872311160.7763696,1345794052.1316106,38715757.300295584,17446223.215527397,20600669.49274701,1880946104.5371335,0.0,0.0,1363240275.347138,59316426.79304259,1.2387371860354974,31.710374448208594,719497486.0528831,Road,,,,,,,,,,
12,scenario_30,18745041.87264846,-1426948620.3330653,312373893.82249105,884678952.4299979,248640815.95322484,4972816.319064497,248640815.9532249,312373893.82249105,8986361.502359474,4972816.319064497,5871949.71493947,20879071.583515074,0.0,0.0,317346710.14155555,14858311.217298944,0.05906802016093708,1.405211620497382,-878658192.0637817,Road,,,,,,,,,,
15,scenario_30,169065758.06692192,-397387044.9274014,195150622.90997052,244570297.75985953,126731882.32449329,2534637.646489866,126731882.32449329,195150622.90997052,5614086.450758847,2534637.646489866,2992924.703195333,188313053.07197827,0.0,0.0,197685260.55646038,8607011.15395418,0.8552269278499672,21.8790297472154,-64864255.84183544,Road,,,,,,,,,,
17,scenario_30,83557442.26744401,-4940924391.691846,2357229443.5123625,1162145992.8589256,1505106397.588002,30102127.951760042,1505106397.5880022,2357229443.5123625,67812696.0745481,30102127.951760042,35544884.488848604,93070041.14954796,0.0,0.0,2387331571.4641223,103357580.56339669,0.035000350712154835,0.9004665225543023,-1172433532.2727742,Road,,,,,,,,,,
25,scenario_30,-180013501.97408086,-1529826600.307733,153682014.62583685,1088808551.5272884,107322532.18052682,2146450.6436105366,107322532.18052697,153682014.62583685,4421118.9447971415,2146450.6436105366,2534549.7271959586,-200507143.12888497,0.0,0.0,155828465.2694474,6955668.6719931,-1.1552029448715577,-28.826436764623953,-1296271363.3281665,Road,,,,,,,,,,
27,scenario_30,-168613873.25814214,-1431277153.128602,150350312.53158265,1007966102.4209636,104346864.91791353,2086937.2983582704,104346864.91791344,150350312.53158265,4325272.652807869,2086937.2983582704,2464275.7922127983,-187809723.42704517,0.0,0.0,152437249.82994092,6789548.445020667,-1.106119885042848,-27.661592659344148,-1202565374.2930295,Road,,,,,,,,,,
28,scenario_30,154193818.36833596,-5028418223.314589,2450896121.356007,1183821553.6060135,1547894366.7209044,30957887.33441809,1547894366.7209044,2450896121.356007,70507295.86177087,30957887.33441809,36555373.46343454,171748017.0660798,0.0,0.0,2481854008.6904254,107062669.32520542,0.0621284804941842,1.6041820939882518,-1119136205.8651392,Road,,,,,,,,,,
57,scenario_30,109698512.9679456,-436815683.6530498,141144892.03203666,309258717.1956397,96110587.39331904,1922211.7478663805,96110587.39331901,141144892.03203666,4060451.4304647534,1922211.7478663805,2269766.2653787034,122187142.62809408,0.0,0.0,143067103.77990305,6330217.695843456,0.766762659407069,19.302202309459993,-193401792.2633891,Road,,,,,,,,,,
62,scenario_30,42923186.55962659,-293382809.9732448,140830295.48902065,99638804.77865678,95836896.26519392,1916737.9253038785,95836896.26519394,140830295.48902065,4051401.1278663515,1916737.9253038785,2263302.7226348687,47809777.69266479,0.0,0.0,142747033.41432452,6314703.850501221,0.30069407071348137,7.571182881184516,-58143730.93649322,Road,,,,,,,,,,
63,scenario_30,-514150439.3618832,-2963664096.754491,1122072298.9151125,602119297.8778179,725322060.5996771,14506441.211993542,725322060.5996771,1122072298.9151125,32279737.54927389,14506441.211993542,17129346.405373808,-572683907.6201944,0.0,0.0,1136578740.127106,49409083.9546477,-0.4523667575414834,-11.590660295298282,-1224212289.45266,Road,,,,,,,,,,
73,scenario_30,-220119501.1855559,-858745723.2924631,166819302.03902298,352816567.9526391,118990352.11524504,2379807.042304901,118990352.11524498,166819302.03902298,4799051.980143475,2379807.042304901,2810099.2248798893,-245179010.7167953,0.0,0.0,169199109.0813279,7609151.205023365,-1.3009495285211723,-32.2215979299944,-605604729.8744578,Road,,,,,,,,,,
90,scenario_30,30744787.962863024,-1241292278.5509949,137847332.70199814,1041038893.0358596,93150840.7760003,1863016.815520006,93150840.77600026,137847332.70199814,3965587.3563496363,1863016.815520006,2199868.3154414445,34244929.03551532,0.0,0.0,139710349.51751816,6165455.67179108,0.2200609193881371,5.554322479714964,-1012959419.6721354,Road,,,,,,,,,,
94,scenario_30,5694965.395354302,-271392912.96304256,121470946.13406222,77063305.33401044,78553626.89032419,1571072.537806484,78553626.89032418,121470946.13406222,3494472.027213062,1571072.537806484,1855137.6822736738,6343308.858047576,0.0,0.0,123042018.6718687,5349609.709486736,0.046284720104777924,1.185751709474929,-76069606.1854496,Road,,,,,,,,,,
103,scenario_30,-303174425.245444,-1253549518.6830187,259656718.26383355,489146659.15574867,201571716.01799256,4031434.3203598512,201571716.01799273,259656718.26383355,7469795.597454983,4031434.3203598512,4760356.725318894,-337689324.46221894,0.0,0.0,263688152.5841934,12230152.322773878,-1.1497461007416439,-27.61121166360329,-839066135.9407415,Road,,,,,,,,,,
104,scenario_30,27871122.4434347,-1106719508.105884,126249993.90891679,925540524.4335165,82800112.20688549,1656002.2441377097,82800112.20688546,126249993.90891679,3631955.510279974,1656002.2441377097,1955423.5027994865,31044111.00081302,0.0,0.0,127905996.15305449,5587379.013079461,0.21790317328113093,5.556113327580258,-900083792.4457829,Road,,,,,,,,,,
109,scenario_30,-941663324.7074536,-4272898900.2792025,1719139270.9049108,512234634.77039987,1099861669.8964376,21997233.397928752,1099861669.8964381,1719139270.9049108,49456139.79519407,21997233.397928752,25974546.43261869,-1048867006.9510942,0.0,0.0,1741136504.3028395,75430686.22781275,-0.5408325667633398,-13.905043947013127,-1636532327.9493067,Road,,,,,,,,,,
114,scenario_30,-144800264.14015543,-719098282.3251309,153451414.61605844,313737315.6128099,107109287.95610711,2142185.759122142,107109287.95610714,153451414.61605844,4414485.051596405,2142185.759122142,2529513.7102492102,-161285053.44688457,0.0,0.0,155593600.37518057,6943998.761845615,-0.9306312328463425,-23.226538335962683,-481966367.8215401,Road,,,,,,,,,,
126,scenario_30,-546713181.968848,-1925691786.2542117,481418563.00908685,521938378.627965,375621662.6483119,7512433.252966238,375621662.6483121,481418563.00908685,13849432.768554196,7512433.252966238,8870754.008978862,-608953756.3868932,0.0,0.0,488930996.2620531,22720186.777533058,-1.118180655651918,-26.802321756837816,-1153612321.7923913,Road,,,,,,,,,,
140,scenario_30,-3860768.047923945,-780395196.716606,141422827.4711255,538745492.5444238,96366108.65313269,1927322.1730626537,96366108.65313268,141422827.4711255,4068447.067678242,1927322.1730626537,2275800.704989801,-4300297.272612208,0.0,0.0,143350149.64418817,6344247.772668043,-0.026932431235731687,-0.6778261862877619,-549390037.589704,Road,,,,,,,,,,
143,scenario_30,-4042674.4032896264,-839817345.4814652,429374947.4540389,140991893.1039116,265407830.52022496,5308156.610404499,265407830.52022505,429374947.4540389,12352243.814815175,5308156.610404499,6267922.781668804,-4502912.761069357,0.0,0.0,434683104.0644434,18620166.59648398,-0.009300279595616131,-0.24182988577124956,-164114972.46146494,Road,,,,,,,,,,
144,scenario_30,-154075870.136907,-1691848617.8505912,161237634.02609128,1262464376.336839,114070737.35075407,2281414.7470150813,114070737.35075402,161237634.02609128,4638478.74549646,2281414.7470150813,2693916.6488083913,-171616641.01560816,0.0,0.0,163519048.77310637,7332395.394304851,-0.9422502839451911,-23.405262780687554,-1441413412.746752,Road,,,,,,,,,,
150,scenario_30,-360784680.0790683,-1391900929.9185038,521617136.85194135,182264836.83835977,327234276.1491341,6544685.522982683,327234276.14913416,521617136.85194135,15005863.967111586,6544685.522982683,7728028.108280548,-401858220.04473054,0.0,0.0,528161822.374924,22733892.075392134,-0.6830949621780115,-17.67661334504681,-606856948.9584825,Road,,,,,,,,,,
152,scenario_30,1726806901.3814774,-2924184760.447076,2268314320.0625086,939546000.5141373,1443131341.251907,28862626.825038143,1443131341.2519073,2268314320.0625086,65254788.84174534,28862626.825038143,34081269.54296397,1923395271.656317,0.0,0.0,2297176946.8875465,99336058.3847093,0.7517082668451529,19.36250846804672,884513212.7574704,Road,,,,,,,,,,
176,scenario_30,171319761.1972827,-2402356974.5817957,749620226.0889233,1308078050.4087737,515978459.2813816,10319569.185627632,515978459.2813816,749620226.0889233,21565049.046459354,10319569.185627632,12185447.330024013,190823663.2390827,0.0,0.0,759939795.2745509,33750496.376483366,0.2254385969291006,5.653951311129297,-1151004883.5461743,Road,,,,,,,,,,
177,scenario_30,12026455.773654684,-531170166.72479373,134517491.09974346,318473149.1517772,90205982.24692774,1804119.6449385548,90205982.24692774,134517491.09974346,3869794.586930625,1804119.6449385548,2130321.965482644,13395607.899948457,0.0,0.0,136321610.744682,6000116.552413269,0.08822119771001784,2.2325579483219697,-311077657.804242,Road,,,,,,,,,,
195,scenario_30,-369427876.27905065,-1174317699.1909547,365521611.4676312,201610492.77074566,237757718.673527,4755154.37347054,237757718.673527,365521611.4676312,10515313.22729447,4755154.37347054,5614932.379615079,-411485401.10923994,0.0,0.0,370276765.84110177,16130245.606909547,-0.9977074187732984,-25.510175798747674,-629226139.4868952,Road,,,,,,,,,,
197,scenario_30,-32413737.712064076,-641276750.18132,148324872.0083149,358007558.6966519,102530581.76428911,2050611.6352857822,102530581.76428914,148324872.0083149,4267004.8490523,2050611.6352857822,2421382.0971238124,-36103880.40620836,0.0,0.0,150375483.6436007,6688386.946176112,-0.21555200972045857,-5.397995166360656,-400799826.0490363,Road,,,,,,,,,,
201,scenario_30,-519499335.3479482,-1921187824.4247231,352625123.7916697,794637036.6727514,254426328.61235362,5088526.572247073,254426328.6123538,352625123.7916697,10144307.510559477,5088526.572247073,6008581.503567211,-578641748.7893189,0.0,0.0,357713650.3639168,16152889.014126688,-1.4522770792208801,-35.822802241955685,-1389431674.476197,Road,,,,,,,,,,
202,scenario_30,-136168472.61625493,-741622925.8809427,191211564.68119022,285153189.6378463,129089698.94565128,2581793.9789130255,129089698.9456513,191211564.68119022,5500767.758247435,2581793.9789130255,3048607.357643719,-151670575.4240604,0.0,0.0,193793358.66010326,8549375.115891155,-0.7026477767748616,-17.740545170622195,-445373140.17779785,Road,,,,,,,,,,
206,scenario_30,36790043.848111145,-1320921019.952703,142935970.24447098,1117086687.7791736,97688405.77716967,1953768.1155433934,97688405.7771697,142935970.24447098,4111977.10727141,1953768.1155433934,2307028.330232211,40978407.212106235,0.0,0.0,144889738.36001438,6419005.437503621,0.2539175255924418,6.3839184451669375,-1082527286.004571,Road,,,,,,,,,,
209,scenario_30,53181002.78885687,-1088579552.8994527,253701155.7129953,709055715.8041978,179003684.17111638,3580073.6834223275,179003684.17111635,253701155.7129953,7298466.177519016,3580073.6834223275,4227385.709832285,59235395.239732,0.0,0.0,257281229.39641762,11525851.8873513,0.20670378058134917,5.139350723805335,-661346172.451817,Road,,,,,,,,,,
227,scenario_30,3240180.147708767,-429367797.6913234,160838770.7169813,158244165.33462933,113525041.78742157,2270500.8357484313,113525041.78742158,160838770.7169813,4627004.259450816,2270500.8357484313,2681029.3965876745,3609058.529029434,0.0,0.0,163109271.55272973,7308033.65603849,0.019865088703196657,0.4938480990775593,-161943140.4616384,Road,,,,,,,,,,
233,scenario_30,11537422.756204115,-1107473054.384554,138027096.7062853,887671985.7291533,93311394.70531952,1866227.8941063904,93311394.7053194,138027096.7062853,3970758.8010816793,1866227.8941063904,2203659.988163737,12850900.907698343,0.0,0.0,139893324.6003917,6174418.789245416,0.08247300426350587,2.0813134557834014,-880995503.6107004,Road,,,,,,,,,,
240,scenario_30,-414467.3872742957,-593589748.2419882,180428309.50240535,281827797.3751602,130919173.97714832,2618383.4795429665,130919173.97714841,180428309.50240535,5190555.441773202,2618383.4795429665,3091812.594678128,-461652.4362401873,0.0,0.0,183046692.98194832,8282368.03645133,-0.002264271375365244,-0.055739184036306996,-290571817.84785175,Road,,,,,,,,,,
243,scenario_30,-160493202.3650308,-1615604039.312297,474497528.1196527,651408362.144277,329204946.68333685,6584098.933666738,329204946.683337,474497528.1196527,13650328.67337574,6584098.933666738,7774567.845681218,-178764554.57464382,0.0,0.0,481081627.05331945,21424896.51905696,-0.3336090869819124,-8.34377680263878,-851597813.2379777,Road,,,,,,,,,,
245,scenario_30,-170308265.281656,-1685165040.814407,226783942.1590449,1115824584.543422,172248248.83028424,3444964.9766056845,172248248.83028436,226783942.1590449,6524112.69787304,3444964.9766056845,4067848.039109092,-189697013.54833868,0.0,0.0,230228907.13565058,10591960.736982133,-0.7397344990275725,-17.909527636937526,-1316113558.8287427,Road,,,,,,,,,,
249,scenario_30,-506628065.796789,-1657774864.9046416,238071104.51270106,730447703.211749,182627991.38340265,3652559.827668053,182627991.3834026,238071104.51270106,6848821.398733349,3652559.827668053,4312978.051622383,-564305149.2684878,0.0,0.0,241723664.3403691,11161799.450355731,-2.0958976738140547,-50.55682569628172,-1305914651.9305925,Road,,,,,,,,,,
250,scenario_30,-5842748.5402943175,-2914934204.6557007,1561329695.3764071,385747424.9665401,962014335.7724594,19240286.715449188,962014335.7724593,1561329695.3764071,44916279.31940507,19240286.715449188,22719117.0647118,-6507916.378425636,0.0,0.0,1580569982.0918562,67635396.38411687,-0.003696608569372894,-0.09622056979552085,-459890737.7290826,Road,,,,,,,,,,
254,scenario_30,1954509316.735618,-608927048.0134264,1323823495.5568194,395701901.59197915,843910967.6002458,16878219.352004915,843910967.600246,1323823495.5568194,38083709.07957804,16878219.352004915,19929965.02459509,2177020473.574667,0.0,0.0,1340701714.9088244,58013674.10417313,1.457825625939873,37.525988608572995,1723304897.8785148,Road,,,,,,,,,,
255,scenario_30,-11235441.040961023,-545845418.9493595,141104681.34951812,297503490.4712225,96001806.08765785,1920036.1217531571,96001806.08765787,141104681.34951812,4059294.6509242277,1920036.1217531571,2267197.264974168,-12514540.077335345,0.0,0.0,143024717.47127128,6326491.915898396,-0.0785559394180788,-1.9781168210910791,-316344522.46445626,Road,,,,,,,,,,
261,scenario_30,-156717396.95504186,-576910263.4253488,128951399.92581557,206006767.6891796,85234698.85531175,1704693.977106235,85234698.85531181,128951399.92581557,3709669.466255746,1704693.977106235,2012919.1730956757,-174558892.5133809,0.0,0.0,130656093.9029218,5722588.639351422,-1.1994648873513987,-30.503484264625524,-386288248.8419119,Road,,,,,,,,,,
267,scenario_30,14971685.52341861,-687027137.8713597,143075132.13023564,461074560.99920475,97849130.26533791,1956982.6053067583,97849130.26533794,143075132.13023564,4115980.5116453427,1956982.6053067583,2310824.030905349,16676137.396388087,0.0,0.0,145032114.7355424,6426804.542550692,0.1032301401018568,2.594778989461784,-450825228.1453674,Road,,,,,,,,,,
270,scenario_30,-492466.88831893454,-1031967393.2081728,443045218.6099368,313743130.1082861,274686577.60163116,5493731.5520326225,274686577.60163116,443045218.6099368,12745509.70825755,5493731.5520326225,6487051.471665977,-548531.7922242227,0.0,0.0,448538950.1619694,19232561.179923527,-0.0010979356154935988,-0.028520995570617172,-333524223.08043385,Road,,,,,,,,,,
273,scenario_30,493358.5776367302,-659244744.0121709,142458879.86503434,420002350.610022,97276872.11475126,1945537.4422950253,97276872.11475122,142458879.86503434,4098252.1875399556,1945537.4422950253,2297309.471474201,549524.9959323284,0.0,0.0,144404417.30732936,6395561.659014156,0.0034165061348970897,0.08592286733062862,-425848387.27310383,Road,,,,,,,,,,
277,scenario_30,-199446464.64994675,-2202326172.6143494,1001643662.0882915,386294667.2854791,614941378.590632,12298827.571812637,614941378.590632,1001643662.0882915,28815250.64059146,12298827.571812637,14522574.81892692,-222152451.87483197,0.0,0.0,1013942489.6601042,43337825.45951838,-0.19670392224790342,-5.126063652693958,-651784944.6198294,Road,,,,,,,,,,
284,scenario_30,-10184462.823736636,-1345106454.3656192,165840820.01590046,1050913730.8058985,118167440.72008365,2363348.814401673,118167440.72008348,165840820.01590046,4770903.042741121,2363348.814401673,2790665.189829315,-11343913.221485987,0.0,0.0,168204168.83030215,7561568.232570436,-0.06054821883761715,-1.5002064218138786,-1069819212.2599549,Road,,,,,,,,,,
285,scenario_30,-496289361.3380357,-2795624731.5184293,1081651927.7502804,534236242.74331635,683447199.686797,13668943.993735941,683447199.6867969,1081651927.7502804,31116925.69293759,13668943.993735941,16140421.571541326,-552789434.7696,0.0,0.0,1095320871.7440164,47257347.264478914,-0.4530995200957165,-11.697428373960072,-1134283024.7773952,Road,,,,,,,,,,
289,scenario_30,-308881049.76749766,-3721613463.165461,1806910338.443409,489555048.98384964,1116267025.9707053,22325340.519414105,1116267025.970705,1806910338.443409,51981134.86663612,22325340.519414105,26361978.502266895,-344045619.7805055,0.0,0.0,1829235678.9628232,78343113.36890301,-0.16885798441381444,-4.391523453509682,-911943782.1332581,Road,,,,,,,,,,
308,scenario_30,1329182.1590392282,-3065143176.5251255,1272109016.5535288,981965235.1892271,812398106.9414086,16247962.138828171,812398106.9414086,1272109016.5535288,36595988.714912,16247962.138828171,19185751.197701126,1480502.9316368294,0.0,0.0,1288356978.692357,55781739.91261312,0.0010316877860888428,0.02654099592368693,-1036266472.1702034,Road,,,,,,,,,,
331,scenario_30,-562336216.1241937,-4050893236.973188,1809319030.8791187,482407924.1553338,1196830065.8145416,23936601.31629083,1196830065.8145413,1809319030.8791187,52050428.048311494,23936601.31629083,28264570.870426856,-626355395.214765,0.0,0.0,1833255632.1954095,80314998.91873835,-0.30674184562617146,-7.798735026423931,-1189078318.2888372,Road,,,,,,,,,,
334,scenario_30,343491954.7525436,-318639669.42254794,154144214.2024022,400252070.1311321,107735339.84155726,2154706.796831145,107735339.84155726,154144214.2024022,4434415.486420476,2154706.796831145,2544298.6729521872,382596804.016986,0.0,0.0,156298920.99923334,6978714.159372663,2.1976604352516835,54.82339515269368,-24633980.2735188,Road,,,,,,,,,,
348,scenario_30,-363937430.3090923,-1836127504.2423184,511767627.3162046,609682058.3963946,350740388.22062665,7014807.764412533,350740388.22062683,511767627.3162046,14722513.613386558,7014807.764412533,8283153.008222566,-405369895.1951427,0.0,0.0,518782435.08061713,23005666.621609125,-0.7015222677162105,-17.620436819439107,-1038057620.2131464,Road,,,,,,,,,,
351,scenario_30,-397435039.8695477,-1963354581.801333,215490664.74718246,1188206788.4624584,162222088.7221443,3244441.774442886,162222088.72214437,215490664.74718246,6199228.079227231,3244441.774442886,3831068.2981674233,-442681040.8645426,0.0,0.0,218735106.52162534,10030296.377394654,-1.8169696039636651,-44.13439286422442,-1640918125.7043958,Road,,,,,,,,,,
356,scenario_30,-258313454.733543,-1313227019.0328298,291513841.5784751,544762757.3502324,218636965.37057927,4372739.307411585,218636965.37057924,291513841.5784751,8386260.232279089,4372739.307411585,5163372.96256509,-287721155.7599315,0.0,0.0,295886580.8858867,13549633.194844179,-0.8730151058562727,-21.23460846670103,-846033546.305008,Road,,,,,,,,,,
358,scenario_30,-289621766.6221427,-3277813783.6128297,1557411441.409194,463626756.34251267,967153819.23898,19343076.384779602,967153819.2389803,1557411441.409194,44803559.12317945,19343076.384779602,22840492.10267761,-322593763.1151014,0.0,0.0,1576754517.7939737,67644051.22585706,-0.18368221771601484,-4.768989397722373,-853864570.6834712,Road,,,,,,,,,,
390,scenario_30,-314898729.9810002,-1148143922.3518126,385392973.1395786,198244443.7114787,249607775.51975513,4992155.510395102,249607775.51975513,385392973.1395786,11086971.880785288,4992155.510395102,5894785.619532518,-350748382.9323847,0.0,0.0,390385128.6499737,16981757.500317805,-0.806636080298397,-20.6544218362452,-565974584.1441813,Road,,,,,,,,,,
392,scenario_30,14372402.320572644,-388928067.07609606,126427411.9691598,193892626.24721032,82980431.18029861,1659608.6236059722,82980431.18029863,126427411.9691598,3637059.466973926,1659608.6236059722,1959681.9506350604,16008628.783922594,0.0,0.0,128087020.59276576,5596741.417608987,0.1122081086284896,2.8603481185596253,-183480738.88089672,Road,,,,,,,,,,
394,scenario_30,-100770938.48414963,-730021960.6906463,223218285.19308734,254239866.6105637,151792870.40284565,3035857.408056913,151792870.40284562,223218285.19308734,6421536.000129825,3035857.408056913,3584769.8563678763,-112243208.22769561,0.0,0.0,226254142.60114425,10006305.856497701,-0.4453882582021727,-11.217247387537059,-376489380.694757,Road,,,,,,,,,,
423,scenario_30,237447533.0125601,-765670652.4943354,221136245.255448,632055904.0478072,149926036.20364034,2998520.7240728065,149926036.20364022,221136245.255448,6361639.946355853,2998520.7240728065,3540682.337985838,264479752.71435535,0.0,0.0,224134765.97952083,9902322.284341691,1.059396260882864,26.70886132766765,-377478473.61779356,Road,,,,,,,,,,
459,scenario_30,-26926427.75211238,-3198740341.737618,1288511994.7396402,1056260988.1597748,827040931.0860904,16540818.621721808,827040931.0860906,1288511994.7396402,37067869.0308115,16540818.621721808,19531558.971588295,-29991867.52124705,0.0,0.0,1305052813.361362,56599428.0023998,-0.020632442975820474,-0.5298970074392872,-1142852283.6834216,Road,,,,,,,,,,
464,scenario_30,-4497047.924079743,-385742224.16447794,131288839.33600885,162641270.5954638,87315066.30892555,1746301.326178511,87315066.30892557,131288839.33600885,3776912.8433280787,1746301.326178511,2062049.5342127134,-5009014.445487213,0.0,0.0,133035140.66218735,5838962.377540792,-0.03380345900861622,-0.8578603734036852,-173489247.4184918,Road,,,,,,,,,,
469,scenario_30,-195829527.9064158,-913456276.9048312,157735155.08297828,448949050.9932869,110942542.92215021,2218850.858443004,110942542.92215025,157735155.08297828,4537719.550955379,2218850.858443004,2620040.6027019015,-218123744.88691,0.0,0.0,159954005.94142127,7157760.153657281,-1.2242864863174039,-30.473743210780672,-674230556.0338542,Road,,,,,,,,,,
486,scenario_30,-507438894.9186833,-4002237771.1040025,1776737974.7240279,601931146.5852047,1116129754.8760872,22322595.097521745,1116129754.8760867,1776737974.7240279,51113137.33827317,22322595.097521745,26358736.681482878,-565208287.2498828,0.0,0.0,1799060569.8215497,77471874.01975605,-0.2820577046880732,-7.295657868115459,-1244611307.8548436,Road,,,,,,,,,,
493,scenario_30,-1169357.7108819226,-305511969.109604,127574143.01461123,92763848.98576695,84004619.39834395,1680092.3879668792,84004619.39834392,127574143.01461123,3670048.5865008635,1680092.3879668792,1983869.378157528,-1302483.2656076332,0.0,0.0,129254235.40257812,5653917.964658392,-0.009046958556056714,-0.23036826387457654,-99720250.21603297,Road,,,,,,,,,,
499,scenario_30,-144447666.56524342,-1374196310.006976,149721588.62910992,976241726.6350548,103785328.17756777,2075706.5635513556,103785328.17756772,149721588.62910992,4307185.545067666,2075706.5635513556,2451014.431684519,-160892314.3931776,0.0,0.0,151797295.1926613,6758199.976752185,-0.9515826114155084,-23.806977441720843,-1143892241.0049846,Road,,,,,,,,,,
517,scenario_30,-239741769.47432655,-716028586.1044242,135901440.20503777,249008918.55565852,91376457.86940138,1827529.1573880275,91376457.8694014,135901440.20503777,3909607.9874963877,1827529.1573880275,2157964.144709648,-267035176.5773784,0.0,0.0,137728969.3624258,6067572.132206036,-1.7406778732472759,-44.01021871004775,-522111667.26524293,Road,,,,,,,,,,
521,scenario_30,-840133357.0442662,-3408815858.8066673,1340309963.014307,361258179.62453145,867114359.123563,17342287.18247126,867114359.1235628,1340309963.014307,38557991.211983316,17342287.18247126,20477940.81738127,-935778357.8505121,0.0,0.0,1357652250.1967783,59035932.029364586,-0.6188133647055033,-15.850996599580306,-1356072469.5044081,Road,,,,,,,,,,
531,scenario_30,-488835962.5751312,-1230147245.4058633,183125203.2839687,424574025.43725795,133612054.10950537,2672241.0821901076,133612054.10950541,183125203.2839687,5268139.589917046,2672241.0821901076,3155408.1739676315,-544487503.6579797,0.0,0.0,185797444.36615878,8423547.763884678,-2.6310155354546305,-64.63873879749677,-977485076.8591223,Road,,,,,,,,,,
533,scenario_30,-12371038.405143265,-1723763248.5695496,270883968.7693062,1228522851.1511414,211985390.24395877,4239707.8048791755,211985390.2439587,270883968.7693062,7792780.756314186,4239707.8048791755,5006288.074796681,-13779419.548818866,0.0,0.0,275123676.5741854,12799068.831110869,-0.044965371789103335,-1.0765954719553539,-1255101339.5310712,Road,,,,,,,,,,
538,scenario_30,24535451.30080333,-1381101118.7892137,520403221.32182837,556145297.6660459,329088051.1021428,6581761.022042856,329088051.1021427,520403221.32182837,14970942.086625881,6581761.022042856,7771807.216972536,27328690.302410185,0.0,0.0,526984982.34387124,22742749.30359842,0.04655816033253357,1.2016440905007983,-551559356.6672342,Road,,,,,,,,,,
540,scenario_30,108251269.24587008,-2246332592.8047247,182656476.46843788,2038748542.3833852,133178843.19877148,2663576.86397543,133178843.19877172,182656476.46843788,5254655.272906217,2663576.86397543,3145177.381110714,120575137.4121389,0.0,0.0,185320053.33241332,8399832.65401693,0.5841314380138722,14.354468997007695,-1926573237.6252632,Road,,,,,,,,,,
546,scenario_30,-96749575.50661498,-658283321.064148,139232704.69704866,327883725.68498296,94417315.17550132,1888346.303510026,94417315.17550135,139232704.69704866,4005441.6905592787,1888346.303510026,2229777.620398548,-107764033.09212252,0.0,0.0,141121051.0005587,6235219.310957827,-0.6855786207702772,-17.283118318346414,-441882978.0880633,Road,,,,,,,,,,
550,scenario_30,24995000.155485056,-1409517674.3794773,241897366.88950434,1024139453.4921709,168475854.15328696,3369517.08306574,168475854.15328693,241897366.88950434,6958895.184029794,3369517.08306574,3978758.435041833,27840556.506722186,0.0,0.0,245266883.9725701,10937653.619071627,0.10190939661581228,2.545386558793334,-1007236550.6045203,Road,,,,,,,,,,
552,scenario_30,-170765720.4456922,-581131918.7242607,143780849.82948923,168127775.70921195,98457572.73986734,1969151.4547973468,98457572.73986733,143780849.82948923,4136282.5743001364,1969151.4547973468,2325193.1263459874,-190206547.70574686,0.0,0.0,145750001.2842866,6461475.700646124,-1.1716344352725752,-29.43701354269999,-364795799.11560494,Road,,,,,,,,,,
556,scenario_30,-48816216.98566978,-957247314.6012318,156767661.50513065,641592284.5112411,110071151.59919022,2201423.0319838044,110071151.59919012,156767661.50513065,4509886.7287711715,2201423.0319838044,2599461.6562773604,-54373700.29924597,0.0,0.0,158969084.53711444,7109348.385048532,-0.3070799402777757,-7.648197465410156,-703075333.1955355,Road,,,,,,,,,,
557,scenario_30,1942933350.7496147,-1243257832.427675,1295171144.4890049,1058031572.875066,832988465.813219,16659769.316264382,832988465.8132188,1295171144.4890049,37259439.223230146,16659769.316264382,19672017.104786046,2164126641.4823112,0.0,0.0,1311830913.8052692,56931456.32801619,1.4810851995503649,38.012845289140024,1049163612.2792289,Road,,,,,,,,,,
558,scenario_30,-191748743.20839,-4776301048.888924,2082142906.5445366,1169419957.6045449,1332989441.5314527,26659788.83062905,1332989441.5314531,2082142906.5445366,59899015.97991827,26659788.83062905,31480137.085338492,-213578383.16374862,0.0,0.0,2108802695.3751657,91379153.06525676,-0.09092777794191742,-2.337276895215099,-1474377493.8335502,Road,,,,,,,,,,
564,scenario_30,-299290765.26032114,-4070466784.2105336,2039196649.1737866,477965089.07430273,1254014280.7021234,25080285.614042465,1254014280.7021232,2039196649.1737866,58663539.51553025,25080285.614042465,29615044.375836127,-333363529.11930585,0.0,0.0,2064276934.7878292,88278583.89136638,-0.14498576243166855,-3.776267294109922,-899607202.084975,Road,,,,,,,,,,
565,scenario_30,2842678.553477356,-1982434611.271438,651838660.2994602,892902208.4148588,440536421.1105963,8810728.422211926,440536421.1105962,651838660.2994602,18752072.303434245,8810728.422211926,10403793.53021211,3166303.356920215,0.0,0.0,660649388.721672,29155865.833646357,0.004302855042336171,0.10859918806685713,-918891770.891585,Road,,,,,,,,,,
569,scenario_30,71187302.38641381,-1986970260.3854568,184817747.65013394,1738230660.1126463,135109155.00909021,2702183.1001818045,135109155.00909042,184817747.65013394,5316830.648401549,2702183.1001818045,3190763.999063567,79291622.41733989,0.0,0.0,187519930.75031576,8507594.647465115,0.37962525957414234,9.320098770921728,-1667446632.3427715,Road,,,,,,,,,,
594,scenario_30,-15779435.285973074,-3197642268.4345155,1471261542.2696161,779237741.8519298,931363549.0269967,18627270.980539933,931363549.0269966,1471261542.2696161,42325201.76883542,18627270.980539933,21995262.14249119,-17575845.448710464,0.0,0.0,1489888813.2501562,64320463.91132661,-0.01059101534667585,-0.2732543327570033,-861134051.2119669,Road,,,,,,,,,,
602,scenario_30,12059853.252599789,-2032914764.7274857,692114198.1232255,888133435.062489,464726984.794371,9294539.69588742,464726984.7943711,692114198.1232255,19910717.599164292,9294539.69588742,10975082.572128253,13432807.515630364,0.0,0.0,701408737.8191129,30885800.171292543,0.017193759647331223,0.43491855289913356,-905586427.7181512,Road,,,,,,,,,,
612,scenario_30,-941629014.2004068,-3999809565.659327,1560568518.3662302,492382893.15971184,1005229139.9329787,20104582.798659574,1005229139.9329786,1560568518.3662302,44894381.80518891,20104582.798659574,23739686.25806284,-1048828790.363606,0.0,0.0,1580673101.1648898,68634068.06325175,-0.5957139483846886,-15.281460358681157,-1609845751.5865695,Road,,,,,,,,,,
614,scenario_30,-65994858.57505121,-676556767.6447943,133434475.53122531,387903306.3728843,89224127.16563359,1784482.5433126716,89224127.16563356,133434475.53122531,3838638.432066679,1784482.5433126716,2107134.285525055,-73508044.72424285,0.0,0.0,135218958.074538,5945772.717591735,-0.48805921532594754,-12.363076796856847,-467357123.81471884,Road,,,,,,,,,,
625,scenario_30,-49282282.60345786,-1094607794.7913237,175602227.86178,742844853.3632607,126878430.96282506,2537568.619256501,126878430.96282506,175602227.86178,5051718.890063141,2537568.619256501,2996385.6242503813,-54892825.1677058,0.0,0.0,178139796.48103648,8048104.514313522,-0.2766494830294931,-6.820590496815632,-805785783.0452801,Road,,,,,,,,,,
627,scenario_30,5781624.159388181,-660737444.0119319,167400540.7378984,379558042.029279,119560485.40414262,2391209.708082852,119560485.40414262,167400540.7378984,4815773.03516936,2391209.708082852,2823563.603165429,6439833.291009361,0.0,0.0,169791750.44598126,7639336.638334789,0.03405126659099723,0.8429833107096987,-380757545.37660444,Road,,,,,,,,,,
628,scenario_30,-107444793.00392924,-1253708192.1436238,175686226.4489187,843623719.4604181,126953453.23035777,2539069.0646071555,126953453.23035789,175686226.4489187,5054135.358547363,2539069.0646071555,2998157.3646654217,-119676847.86441286,0.0,0.0,178225295.51352584,8052292.723212785,-0.6028593903819621,-14.862456194546164,-971352860.0480437,Road,,,,,,,,,,
629,scenario_30,-162287636.3287278,-1482199966.6480918,402931427.64072055,663431605.5407053,253549297.1379382,5070985.942758763,253549297.13793802,402931427.64072055,11591517.5405116,5070985.942758763,5987869.358232409,-180763275.91303617,0.0,0.0,408002413.5834793,17579386.89874401,-0.39776146151528335,-10.282683745128285,-861774268.3524855,Road,,,,,,,,,,
648,scenario_30,-18428750.59512151,-2682239975.6417246,1071396212.4812833,903459593.8688072,688955418.6965123,13779108.373930246,688955418.6965122,1071396212.4812833,30821889.626559883,13779108.373930246,16270504.739584044,-20526772.118430257,0.0,0.0,1085175320.8552136,47092394.36614393,-0.01698227949065229,-0.4358829572103376,-971078760.3533814,Road,,,,,,,,,,
662,scenario_30,-790372402.0314238,-2061605805.0388355,530762211.27003866,378649255.98540705,361821935.75196594,7236438.715039318,361821935.751966,530762211.27003866,15268949.155445866,7236438.715039318,8544856.983164383,-880352365.802279,0.0,0.0,537998649.985078,23813806.13861025,-1.469097370510773,-36.96815035270357,-1282815427.9262962,Road,,,,,,,,,,
669,scenario_30,224029752.3906779,-229964830.53174603,146397842.0088156,206801834.96259755,100794905.9510108,2015898.119020216,100794905.9510108,146397842.0088156,4211568.115881399,2015898.119020216,2380392.040612237,249534424.5577425,0.0,0.0,148413740.1278358,6591960.156493636,1.5094946882796054,37.85435873909676,36140629.43865132,Road,,,,,,,,,,
670,scenario_30,-61142330.98951181,-607585916.5172646,163731572.53603578,266421133.01100266,116290879.9807143,2325817.599614286,116290879.98071432,163731572.53603578,4710224.283322206,2325817.599614286,2746347.967589023,-68103081.0272936,0.0,0.0,166057390.13565007,7456572.250911228,-0.36819999964810635,-9.133295934867535,-341980786.28920746,Road,,,,,,,,,,
673,scenario_30,108892686.71996696,-205133309.2002145,123156084.40216218,110811224.86079405,80058686.65722525,1601173.7331445047,80058686.65722525,123156084.40216218,3542950.0273215203,1601173.7331445047,1890681.4655231787,121289577.07290739,0.0,0.0,124757258.13530669,5433631.492844699,0.8728364854080581,22.322010101831175,5044720.719268635,Road,,,,,,,,,,
678,scenario_30,-140149362.08211347,-1407505986.359048,183630858.38641328,949720386.4885384,134005379.40198286,2680107.588039657,134005379.40198278,183630858.38641328,5282686.258623817,2680107.588039657,3164697.020330958,-156104669.3401162,0.0,0.0,186310965.97445294,8447383.278954774,-0.7522335647238866,-18.479647979158774,-1114272439.1076093,Road,,,,,,,,,,
680,scenario_30,18628998.293915305,-1512849762.320011,379273129.26478386,844171667.368536,308033963.980606,6160679.27961212,308033963.9806061,379273129.26478386,10910916.421335924,6160679.27961212,7274589.813636489,20749817.020967945,0.0,0.0,385433808.544396,18185506.234972414,0.0483325486268793,1.1410084906552738,-841607356.5825405,Road,,,,,,,,,,
682,scenario_30,-191909822.7914878,-4665771491.141683,2012529101.0006804,1169952032.0440044,1291380535.3055098,25827610.706110194,1291380535.3055105,2012529101.0006804,57896368.40102829,25827610.706110194,30497493.088954844,-213757800.8555837,0.0,0.0,2038356711.7067907,88393861.48998314,-0.09414928294409995,-2.4182425934611635,-1472103694.3895712,Road,,,,,,,,,,
689,scenario_30,-377199696.50715584,-1374399014.59967,248009031.861101,569401800.4221355,179788485.80927745,3595769.7161855493,179788485.80927753,248009031.861101,7134715.353071464,3595769.7161855493,4245919.737472988,-420142004.3848821,0.0,0.0,251604801.57728654,11380635.090544451,-1.4991752706726058,-36.91727228245418,-1000924439.897562,Road,,,,,,,,,,
694,scenario_30,92811360.9813635,-1025319604.8457392,244000087.32599494,703791579.9187732,170339298.5823347,3406785.971646694,170339298.58233464,244000087.32599494,7019386.17368798,3406785.971646694,4022765.899954636,103377472.44624083,0.0,0.0,247406873.29764163,11042152.073642615,0.37513655034841026,9.362076500739441,-611456259.546175,Road,,,,,,,,,,
726,scenario_30,-100439163.82075804,-1004541268.766708,163141107.3825319,625204770.7737253,115756226.78969271,2315124.5357938544,115756226.78969276,163141107.3825319,4693237.801964877,2315124.5357938544,2733721.494173648,-111873662.6703364,0.0,0.0,165456231.91832575,7426959.296138525,-0.6070437036807286,-15.063185108406682,-744505392.7402002,Road,,,,,,,,,,
736,scenario_30,-13373529.2868764,-1007599179.769773,160242608.0847507,720808286.5499029,113174755.84824304,2263495.116964861,113174755.84824312,160242608.0847507,4609853.873220184,2263495.116964861,2672756.975936137,-14896039.027384477,0.0,0.0,162506103.20171556,7282610.849156321,-0.08229555089556302,-2.045425649663837,-742986936.4264437,Road,,,,,,,,,,
750,scenario_30,-523226956.57009023,-1870977497.7665584,405667555.44615126,639672688.6802733,302410297.0700435,6048205.94140087,302410297.07004356,405667555.44615126,11670230.37171327,6048205.94140087,7141780.205584832,-582793741.1327928,0.0,0.0,411715761.38755214,18812010.5772981,-1.2708450966431948,-30.97987526309893,-1241278440.3903642,Road,,,,,,,,,,
755,scenario_30,-11743764.913610296,-2993666488.2437396,1595495248.5975742,402705228.19100696,983722246.5415475,19674444.93083095,983722246.5415483,1595495248.5975742,45899152.78689137,19674444.93083095,23231775.294068877,-13080734.092625333,0.0,0.0,1615169693.5284052,69130928.08096024,-0.007270917081136878,-0.18921681591351258,-484916890.36459255,Road,,,,,,,,,,
759,scenario_30,-927675451.316926,-4968687469.397935,2243886982.086268,398826192.1902575,1398298843.8044841,27965976.87608968,1398298843.8044834,2243886982.086268,64552064.01762943,27965976.87608968,33022496.59131815,-1033286683.8018503,0.0,0.0,2271852958.9623575,97574560.60894758,-0.4083342839849244,-10.589713931103248,-1529687436.6010554,Road,,,,,,,,,,
761,scenario_30,133534559.3600748,-451967856.9364252,194510161.53526613,258963742.84101096,132028511.92022297,2640570.23840446,132028511.92022294,194510161.53526613,5595661.679818603,2640570.23840446,3118010.934615342,148736804.25437328,0.0,0.0,197150731.77367058,8713672.614433944,0.6773221593383317,17.06935879229558,-118940611.20107162,Road,,,,,,,,,,
764,scenario_30,-5414135.487222568,-3010651397.7465315,1237553924.4870203,974395798.3529985,793287539.4192897,15865750.788385794,793287539.4192901,1237553924.4870203,35601909.007235095,15865750.788385794,18734432.330025967,-6030507.862749186,0.0,0.0,1253419675.2754061,54336341.337261066,-0.004319491383468952,-0.11098479791486761,-1034762647.5530088,Road,,,,,,,,,,
767,scenario_30,103338001.94048873,-338335051.8094244,150623175.04687318,186473883.63666594,104575995.066374,2091519.9013274799,104575995.066374,150623175.04687318,4333122.35232289,2091519.9013274799,2469686.9742215862,115102519.08058499,0.0,0.0,152714694.94820067,6802809.326544477,0.6766735969681239,16.919850837426296,-78174173.88262543,Road,,,,,,,,,,
770,scenario_30,56762763.74516479,-410751198.9240866,143492675.31249598,225813807.2492222,98207480.10753317,1964149.6021506635,98207480.10753322,143492675.31249598,4127992.3796434063,1964149.6021506635,2319286.890253924,63224921.85214848,0.0,0.0,145456824.91464663,6447279.269897331,0.39023788521764385,9.80645000866471,-169036164.66697103,Road,,,,,,,,,,
775,scenario_30,-574714806.4444668,-1770909819.4385035,382970892.88338715,501858398.6236246,311365721.48702526,6227314.429740505,311365721.48702526,382970892.88338715,11017293.558747813,6227314.429740505,7353273.244854582,-640143226.4266604,0.0,0.0,389198207.31312764,18370566.803602394,-1.47666354994817,-34.84613366970969,-1160372191.8538873,Road,,,,,,,,,,
776,scenario_30,-166241316.3713567,-1273062544.550067,209077719.4171044,741178185.3410351,156565323.4205707,3131306.468411414,156565323.42057085,209077719.4171044,6014740.687128781,3131306.468411414,3697477.0320966775,-185167062.7484667,0.0,0.0,212209025.8855158,9712217.719225459,-0.7833847579180815,-19.065373954902817,-936057465.8087273,Road,,,,,,,,,,
780,scenario_30,29921552.060750615,-858186722.502378,173941505.44616896,588815311.8018028,125351457.31515682,2507029.1463031364,125351457.31515682,173941505.44616896,5003943.284364692,2507029.1463031364,2960324.3185441117,33327971.82373097,0.0,0.0,176448534.5924721,7964267.602908803,0.16957665378098963,4.1846875928124945,-563451607.5809805,Road,,,,,,,,,,
789,scenario_30,-263871016.21694705,-1581661085.7302132,240556252.56542307,892335239.9016662,184898577.04617688,3697971.5409235377,184898577.0461769,240556252.56542307,6920314.0529861245,3697971.5409235377,4366600.642845624,-293911417.9546024,0.0,0.0,244254224.1063466,11286914.69583175,-1.0803130106853727,-26.04001411148644,-1197533572.5521004,Road,,,,,,,,,,
791,scenario_30,-82768587.88831975,-998500796.3790362,218905443.42968664,531374633.72333914,165452131.3376907,3309042.6267538145,165452131.3376906,218905443.42968664,6297464.315668204,3309042.6267538145,3907349.6108026276,-92191379.62600462,0.0,0.0,222214486.05644044,10204813.926470831,-0.37247161225707526,-9.034106872528493,-633770827.2758145,Road,,,,,,,,,,
809,scenario_30,-87864615.78619148,-1090498563.6231377,219932541.20594823,616331936.0049007,166369470.62609696,3327389.412521939,166369470.62609708,219932541.20594823,6327011.829395459,3327389.412521939,3929013.6732873362,-97867564.93378493,0.0,0.0,223259930.61847016,10256025.502682796,-0.3935530013952378,-9.542445551464795,-724455526.4413685,Road,,,,,,,,,,
810,scenario_30,-21581633.479675267,-1430371876.033016,335471943.9859319,804186202.0270324,269132096.5403764,5382641.930807529,269132096.54037666,335471943.9859319,9650845.4201041,5382641.930807529,6355875.770045022,-24038595.02543006,0.0,0.0,340854585.9167394,16006721.190149121,-0.06331624795843883,-1.5017813292221225,-844231518.2426115,Road,,,,,,,,,,
811,scenario_30,-5875702.237555366,-459470529.41305566,133189653.18864092,231392420.01151437,89012753.97534499,1780255.0795068997,89012753.97534502,133189653.18864092,3831595.3912818176,1780255.0795068997,2102142.4552830947,-6544621.690087749,0.0,0.0,134969908.26814783,5933737.846564912,-0.04353342395315238,-1.102950932332894,-243870779.54816702,Road,,,,,,,,,,
813,scenario_30,261308404.2587879,-1364676807.066112,361895853.9050882,1000306844.7653654,263782512.65444642,5275650.253088929,263782512.65444636,361895853.9050882,10411007.557642573,5275650.253088929,6229538.959841097,291057065.38080275,0.0,0.0,367171504.15817714,16640546.51748367,0.7116794231020076,17.49083571714419,-725890325.9020462,Road,,,,,,,,,,
822,scenario_30,-50667751.19917867,-665549846.9751961,223972069.77134562,232662714.17949516,158247311.82517675,3164946.236503535,158247311.82517672,223972069.77134562,6443220.849117179,3164946.236503535,3737199.19635637,-56436022.466666,0.0,0.0,227137016.00784916,10180420.04547355,-0.22307130774945003,-5.543584863353331,-299279156.6916347,Road,,,,,,,,,,
831,scenario_30,-113080415.9876158,-1283653649.7962694,175544162.2241604,868202501.2058557,126826570.37863737,2536531.407572747,126826570.37863731,175544162.2241604,5050048.459784447,2536531.407572747,2995160.874639703,-125954058.47261031,0.0,0.0,178080693.63173315,8045209.33442415,-0.6349953702531255,-15.655783863034273,-1002201769.0128902,Road,,,,,,,,,,
837,scenario_30,35212306.48572944,-1379304609.2731256,140808329.995619,1177913167.992639,95795417.77059698,1915908.3554119393,95795417.77059698,140808329.995619,4050769.225302826,1915908.3554119393,2262323.1584647987,39221052.30444822,0.0,0.0,142724238.35103095,6313092.383767625,0.24671567277258544,6.212652994797657,-1145005208.0719585,Road,,,,,,,,,,
858,scenario_30,-7642630.901387771,-2201893310.418661,695861081.2461154,1024505777.1777866,473883821.0933717,9477676.421867434,473883821.0933714,695861081.2461154,20018507.804796882,9477676.421867434,11191332.193452612,-8512706.387137776,0.0,0.0,705338757.6679829,31209839.998249494,-0.010835404716247438,-0.2727571300466532,-1064228323.5631739,Road,,,,,,,,,,
863,scenario_30,30228047.17229667,-1134528760.2749925,259828758.63152117,720458860.959576,184469187.85619193,3689383.757123839,184469187.85619187,259828758.63152117,7474744.848873279,3689383.757123839,4356460.104486852,33669359.878099896,0.0,0.0,263518142.388645,11831204.953360131,0.1147095486416847,2.8458098740431,-698620706.0348363,Road,,,,,,,,,,
866,scenario_30,-35960745.737991475,-964071159.5596029,157773330.63999507,659382304.5413854,110954778.64023088,2219095.5728046177,110954778.6402309,157773330.63999507,4538817.784075019,2219095.5728046177,2620329.5637923023,-40054697.64010857,0.0,0.0,159992426.2127997,7159147.347867321,-0.22476530039091655,-5.59489778514486,-706596149.5293612,Road,,,,,,,,,,
873,scenario_30,-500058442.8323103,-2622613664.4749966,937904892.4755925,576800263.4364141,607850065.7306795,12157001.31461359,607850065.73068,937904892.4755925,26981615.894594394,12157001.31461359,14355104.999593727,-556987607.4308139,0.0,0.0,950061893.7902061,41336720.89418812,-0.5263430162821938,-13.474402308218055,-1175124591.7614162,Road,,,,,,,,,,
878,scenario_30,-89914105.78980695,-1631108259.1995687,258005630.69715536,1082705255.9821079,200483266.73049858,4009665.3346099714,200483266.73049855,258005630.69715536,7422297.166761371,4009665.3346099714,4734651.695921674,-100150379.17265971,0.0,0.0,262015296.03176534,12156948.862683047,-0.34316357537731784,-8.238117993576594,-1195012584.0174506,Road,,,,,,,,,,
887,scenario_30,-272779278.22600716,-648139474.276703,125479383.29471019,167747101.30355325,82133711.45243233,1642674.2290486468,82133711.4524324,125479383.29471019,3609786.610465475,1642674.2290486468,1939685.653383473,-303833841.25114715,0.0,0.0,127122057.52375883,5549472.263848947,-2.145806035077943,-54.75004231130568,-477130414.8185494,Road,,,,,,,,,,
895,scenario_30,-348879199.14552474,-3464856559.455066,1590635580.0951273,541745534.6279615,983596245.5864528,19671924.911729056,983596245.586453,1590635580.0951273,45759350.00948823,19671924.911729056,23228799.63108485,-388597359.36826897,0.0,0.0,1610307505.0068564,68988149.64057308,-0.2166537745497493,-5.632813191727183,-999331043.6368036,Road,,,,,,,,,,
935,scenario_30,-75837828.67797084,-1249981453.2720687,138564866.10173878,941772488.3760023,93806270.1163569,1876125.402327138,93806270.11635685,138564866.10173878,3986229.3326722495,1876125.402327138,2215347.0618150644,-84471587.97847946,0.0,0.0,140440991.50406593,6201576.394487314,-0.5399978159209681,-13.620986440410164,-1032445652.7489691,Road,,,,,,,,,,
938,scenario_30,207406158.00738084,-1130190848.5571322,201434501.61455643,986212307.9197009,149950197.03025582,2999003.940605116,149950197.0302558,201434501.61455643,5794860.858585888,2999003.940605116,3541252.9247513837,231018316.7004097,0.0,0.0,204433505.55516154,9336113.78333727,1.0145409258827056,24.74459095739837,-764530105.0026284,Road,,,,,,,,,,
940,scenario_30,-61908426.235733405,-723344957.5621858,139805361.10945883,426716967.79472196,94914202.42227158,1898284.0484454313,94914202.42227161,139805361.10945883,4021915.8506614235,1898284.0484454313,2241512.205952589,-68956392.40394038,0.0,0.0,141703645.15790427,6263428.056614012,-0.43688661760780495,-11.009369275204538,-501936788.2552763,Road,,,,,,,,,,
945,scenario_30,-647543788.1559722,-1385371949.7456129,171511011.49686155,443085450.11862135,123231699.97415772,2464633.999483154,123231699.97415769,171511011.49686155,4934022.917491187,2464633.999483154,2910263.718209844,-721263425.1885418,0.0,0.0,173975645.49634472,7844286.635701031,-3.7220369914913025,-91.94761215199827,-1172193161.9428642,Road,,,,,,,,,,
952,scenario_30,-238447252.06452724,-4177337804.748655,1724097680.4831092,1113309468.3577666,1101483403.843252,22029668.07686504,1101483403.8432527,1724097680.4831092,49598783.15249003,22029668.07686504,26012845.615921304,-265593284.80413333,0.0,0.0,1746127348.5599742,75611628.76841134,-0.13655776725630805,-3.5125983810983796,-1454514381.9303112,Road,,,,,,,,,,
958,scenario_30,28417233.581431594,-844354354.2005427,157194165.85115075,605125343.4108251,110452078.51999837,2209041.5703999675,110452078.51999831,157194165.85115075,4522156.3912220355,2209041.5703999675,2608457.7002916024,31652394.173518516,0.0,0.0,159403207.42155072,7130614.091513637,0.17827265863152067,4.4389436544026415,-580603563.3288202,Road,,,,,,,,,,
964,scenario_30,11638720.532942085,-910755298.6054528,150458890.59717762,667505862.0372676,104429266.50394982,2088585.3300789965,104429266.50394964,150458890.59717762,4328396.222888337,2088585.3300789965,2466221.8040442886,12963730.932092637,0.0,0.0,152547475.9272566,6794618.026932626,0.0762957267053838,1.9079410911263552,-661336749.1321075,Road,,,,,,,,,,
970,scenario_30,-158875452.15508714,-605504165.2802641,135600277.14398867,219855377.17905724,91173058.80213107,1823461.1760426213,91173058.80213106,135600277.14398867,3900944.1388481315,1823461.1760426213,2153160.6329028755,-176962631.55589902,0.0,0.0,137423738.3200313,6054104.771751007,-1.1560990415287589,-29.230189801409193,-402872113.5067073,Road,,,,,,,,,,
971,scenario_30,-218115107.18391863,-1211716668.7396145,374480090.2625369,382176505.8723929,236944965.42076606,4738899.308415321,236944965.42076612,374480090.2625369,10773030.439117527,4738899.308415321,5595738.241224849,-242946426.43525162,0.0,0.0,379218989.5709522,16368768.680342376,-0.575169264151813,-14.842070969394996,-641491700.9879869,Road,,,,,,,,,,
987,scenario_30,-12637342.28823546,-542948861.9425942,162757318.6235116,252140750.27984798,115413450.7509991,2308269.015019982,115413450.7509991,162757318.6235116,4682196.980061052,2308269.015019982,2725626.4287879486,-14076040.803432494,0.0,0.0,165065587.6385316,7407823.408849001,-0.0765595207882415,-1.90015879517565,-273624614.49212945,Road,,,,,,,,,,
100000,scenario_19,2835556.582573896,,,,,,,0.0,0.0,0.0,0.0,3158370.585080103,1132535.0372548352,1194824.4643038511,1132535.0372548352,1194824.4643038511,2.5037252617340955,2.643376227586942,1963546.120776252,Rail,2050.0,53134.54225118156,52623.44697674503,511.09527443653496,2835556.582573896,63150000.0,3.1,0.0,0.0,1132535.0372548352
100001,scenario_19,8981057.622745698,,,,,,,0.0,0.0,0.0,0.0,10003506.328497056,1470832.908922622,1551728.718913366,1470832.908922622,1551728.718913366,6.106103261807134,6.446685046534579,8451777.60958369,Rail,2050.0,53134.54225118156,51515.75032206374,1618.791929117826,8981057.622745698,256220000.00000003,7.57,0.0,0.0,1470832.908922622
100002,scenario_19,3330702.1553979954,,,,,,,18300000.0,668970.1846914588,549000.0,579195.0,3709886.0167068387,1491223.5000004936,1573240.7925005206,20340223.50000049,2821405.9771919795,0.16374953576089835,1.3149068396031132,888480.0395148592,Rail,2050.0,53134.54225118156,52534.19939692814,600.3428542534239,3330702.1553979954,36800000.0,1.5,18300000.0,549000.0,1491223.5000004936
100003,scenario_19,1037353.4614900833,,,,,,,18300000.0,668970.1846914588,549000.0,579195.0,1155450.9894940252,1249186.448497714,1317891.7031650883,20098186.448497713,2566056.8878565473,0.05161428192281611,0.45028268662398396,-1410605.898362522,Rail,2050.0,53134.54225118156,52947.56433815163,186.9779130299357,1037353.4614900833,-32369999.999999996,0.51,18300000.0,549000.0,1249186.448497714
100004,scenario_19,1146108.6616998625,,,,,,,18300000.0,668970.1846914588,549000.0,579195.0,1276587.4279019202,1366327.1115340572,1441475.1026684302,20215327.11153406,2689640.287359889,0.0566950341874972,0.4746312857898925,-1413052.859457969,Rail,2050.0,53134.54225118156,52927.961742583895,206.58050859766809,1146108.6616998625,-31960000.0,0.54,18300000.0,549000.0,1366327.1115340572
100005,scenario_19,3408398.855171506,,,,,,,18300000.0,668970.1846914588,549000.0,579195.0,3796428.0990022677,1772511.8780511147,1870000.031343926,20621511.878051113,3118165.2160353847,0.16528365501655085,1.2175198669649923,678262.882966883,Rail,2050.0,53134.54225118156,52520.19494491417,614.3473062673947,3408398.855171506,31880000.0,1.4,18300000.0,549000.0,1772511.8780511147
101000,scenario_19,3681878.9637426,,,,,,,63332000.0,2315148.6195016108,1234974.0,1302897.5699999998,4101042.5566447987,6764695.075241824,7136753.3043801235,71331669.07524182,10754799.493881734,0.05161632990613038,0.3813220840591058,-6653756.937236935,Rail,2050.0,53134.54225118156,52470.90148626761,663.640764913951,3681878.9637426,-155980000.0,0.44,63332000.0,1234974.0,6764695.075241824
101001,scenario_19,8261771.762403021,,,,,,,63332000.0,2315148.6195016108,1234974.0,1302897.5699999998,9202333.353310572,9194709.592311688,9700418.61988883,73761683.59231168,13318464.80939044,0.1120062796839979,0.6909455019787483,-4116131.4560798686,Rail,2050.0,53134.54225118156,51645.39809790056,1489.144153281006,8261771.762403021,-69420000.0,0.8,63332000.0,1234974.0,9194709.592311688
101002,scenario_19,3578220.737310476,,,,,,,63332000.0,2315148.6195016108,1234974.0,1302897.5699999998,3985583.357108173,8754960.406377172,9236483.228727916,73321934.40637717,12854529.418229528,0.0488015048468124,0.31005284032070873,-8868946.061121356,Rail,2050.0,53134.54225118156,52489.58537711695,644.9568740646137,3578220.737310476,-212280000.0,0.36,63332000.0,1234974.0,8754960.406377172
101003,scenario_19,3429662.030396911,,,,,,,63332000.0,2315148.6195016108,1234974.0,1302897.5699999998,3820111.980886354,8286864.190406665,8742641.720879031,72853838.19040667,12360687.910380643,0.04707592785205551,0.30905334788674516,-8540575.929494288,Rail,2050.0,53134.54225118156,52516.36236105955,618.17989012201,3429662.030396911,-204620000.0,0.36,63332000.0,1234974.0,8286864.190406665
101004,scenario_19,819530.2804301052,,,,,,,63332000.0,2315148.6195016108,1234974.0,1302897.5699999998,912829.7235188175,7895035.997189831,8329262.977035271,72462009.99718983,11947309.166536883,0.011309792268554069,0.07640462892477534,-11034479.443018066,Rail,2050.0,53134.54225118156,52986.825906475344,147.7163447062194,819530.2804301052,-280320000.0,0.09,63332000.0,1234974.0,7895035.997189831
101005,scenario_19,87852.59044092303,,,,,,,64910000.0,2372833.589525825,1457895.0,1538079.2249999999,97854.17056281568,3806954.046847058,4016336.519423646,70174849.04684706,7927249.333949471,0.0012519099311816791,0.012344025832988818,-7829395.163386655,Rail,2050.0,53134.54225118156,53118.70724929964,15.835001881925564,87852.59044092303,-203500000.0,0.01,64910000.0,1457895.0,3806954.046847058
101006,scenario_19,2344968.5027359715,,,,,,,64910000.0,2372833.589525825,1457895.0,1538079.2249999999,2611931.494330395,2758437.9295488927,2910152.0156740816,69126332.92954889,6821064.830199907,0.03392294084406127,0.3829213706877855,-4209133.335869512,Rail,2050.0,53134.54225118156,52711.87309063074,422.669160550824,2344968.5027359715,-101680000.0,0.43,64910000.0,1457895.0,2758437.9295488927
101007,scenario_19,6953706.091185742,,,,,,,64910000.0,2372833.589525825,1457895.0,1538079.2249999999,7745350.916523648,2864178.3156979834,3021708.1230613724,69232073.31569798,6932620.937587198,0.10044052934074167,1.1172327156285151,812729.9789364506,Rail,2050.0,53134.54225118156,51881.170569280745,1253.3716819008189,6953706.091185742,47620000.0,1.26,64910000.0,1457895.0,2864178.3156979834
101008,scenario_19,3806969.403357571,,,,,,,64910000.0,2372833.589525825,1457895.0,1538079.2249999999,4240373.920152996,2348724.399368907,2477904.2413341966,68716619.39936891,6388817.055860022,0.05540099959272056,0.6637181630147936,-2148443.1357070263,Rail,2050.0,53134.54225118156,52448.354543294474,686.1877078870893,3806969.403357571,-42370000.0,0.75,64910000.0,1457895.0,2348724.399368907
101009,scenario_19,115271.2298061322,,,,,,,18300000.0,668970.1846914588,549000.0,579195.0,128394.28553925145,6029353.94372662,6360968.410631583,24878353.94372662,7609133.595323042,0.004633394559256974,0.01687370630713713,-7480739.30978379,Rail,2050.0,53134.54225118156,53113.76517299012,20.77707819144416,115271.2298061322,-189400000.0,0.02,18300000.0,549000.0,6029353.94372662
101010,scenario_19,4190556.804257644,,,,,,,18300000.0,668970.1846914588,549000.0,579195.0,4667630.837280146,3678039.6755888616,3880331.8577462486,22527039.67558886,5128497.042437708,0.18602341295641642,0.9101362053358033,-460866.20515756216,Rail,2050.0,53134.54225118156,52379.214781055816,755.3274701257469,4190556.804257644,7160000.0,1.05,18300000.0,549000.0,3678039.6755888616
101011,scenario_19,5756969.4284921335,,,,,,,18300000.0,668970.1846914588,549000.0,579195.0,6412371.741723521,6382115.932128592,6733132.308395664,25231115.932128593,7981297.493087123,0.22816943348753635,0.803424724774073,-1568925.7513636025,Rail,2050.0,53134.54225118156,52096.87652867037,1037.6657225111994,5756969.4284921335,-13790000.0,0.93,18300000.0,549000.0,6382115.932128592
101012,scenario_19,6888246.895578302,,,,,,,18300000.0,668970.1846914588,549000.0,579195.0,7672439.5173295345,4781397.43325049,5044374.292079266,23630397.43325049,6292539.476770725,0.29149940939570507,1.2192914395933137,1379900.0405588094,Rail,2050.0,53134.54225118156,51892.96927072405,1241.572980457517,6888246.895578302,66760000.00000001,1.42,18300000.0,549000.0,4781397.43325049
101013,scenario_19,2975363.875803272,,,,,,,40721000.0,1488586.6060557866,794059.5,837732.7725,3314094.242731298,2672944.478542223,2819956.4248620453,44188003.97854222,5146275.803417832,0.06733419950917253,0.6439791354614701,-1832181.5606865338,Rail,2050.0,53134.54225118156,52598.24739252921,536.2948586523562,2975363.875803272,-35750000.0,0.73,40721000.0,794059.5,2672944.478542223
101014,scenario_19,3066036.277522314,,,,,,,40721000.0,1488586.6060557866,794059.5,837732.7725,3415089.2460502014,3637776.376419882,3837854.077122975,45152835.87641988,6164173.455678762,0.067903515205863,0.5540222497963683,-2749084.2096285606,Rail,2050.0,53134.54225118156,52581.90413338735,552.6381177942167,3066036.277522314,-58460000.0,0.63,40721000.0,794059.5,3637776.376419882
101015,scenario_19,1964433.4826081991,,,,,,,18300000.0,668970.1846914588,549000.0,579195.0,2188074.456332776,3141343.089817573,3314116.959757539,21990343.089817572,4562282.144448997,0.08933164319377136,0.47960086357110593,-2374207.688116221,Rail,2050.0,53134.54225118156,52780.46267608996,354.0795750916004,1964433.4826081991,-52200000.0,0.55,18300000.0,549000.0,3141343.089817573
101016,scenario_19,5076050.175595018,,,,,,,18300000.0,668970.1846914588,549000.0,579195.0,5653933.221264576,1845066.0495133616,1946544.6822365965,20694066.049513362,3194709.8669280554,0.24529013116368137,1.769779872593326,2459223.35433652,Rail,2050.0,53134.54225118156,52219.60891023077,914.9333409507964,5076050.175595018,84700000.0,2.03,18300000.0,549000.0,1845066.0495133616
101017,scenario_19,1761447.9945609493,,,,,,,63332000.0,2315148.6195016108,1234974.0,1302897.5699999998,1961980.0808628926,9328074.887254942,9841119.006053964,73895048.88725494,13459165.195555575,0.023837158525308932,0.14577279142920163,-11497185.114692682,Rail,2050.0,53134.54225118156,52817.04982245753,317.49242872403556,1761447.9945609493,-287160000.0,0.17,63332000.0,1234974.0,9328074.887254942
101018,scenario_19,168716.0040601214,,,,,,,63332000.0,2315148.6195016108,1234974.0,1302897.5699999998,187923.48131245797,8422318.666801453,8885546.193475531,72989292.66680145,12503592.382977143,0.002311517181435304,0.015029559150400969,-12315668.901664685,Rail,2050.0,53134.54225118156,53104.13201252617,30.410238655393183,168716.0040601214,-315610000.0,0.02,63332000.0,1234974.0,8422318.666801453
101019,scenario_19,102387.73993156744,,,,,,,63332000.0,2315148.6195016108,1234974.0,1302897.5699999998,114044.0744720236,12379848.634120692,13060740.30899733,76946822.63412069,16678786.498498939,0.0013306298613318627,0.006837672182103138,-16564742.424026916,Rail,2050.0,53134.54225118156,53116.08735934098,18.454891840585333,102387.73993156744,-422690000.0,0.01,63332000.0,1234974.0,12379848.634120692
101020,scenario_19,1787436.7432384354,,,,,,,63332000.0,2315148.6195016108,1234974.0,1302897.5699999998,1990927.5192143093,12074664.945059828,12738771.517038118,76641638.94505984,16356817.706539728,0.023322005737895952,0.12171851242300655,-14365890.187325418,Rail,2050.0,53134.54225118156,52812.36547698574,322.1767741958247,1787436.7432384354,-359070000.0,0.14,63332000.0,1234974.0,12074664.945059828
101021,scenario_19,1563935.8025982112,,,,,,,63332000.0,2315148.6195016108,1234974.0,1302897.5699999998,1741982.1089925678,14349670.091337211,15138901.946360758,78916644.0913372,18756948.13586237,0.019817565997714375,0.09287129741868737,-17014966.0268698,Rail,2050.0,53134.54225118156,52852.650433842304,281.89181733925943,1563935.8025982112,-426790000.0,0.11,63332000.0,1234974.0,14349670.091337211
101022,scenario_19,1287693.8138331417,,,,,,,63332000.0,2315148.6195016108,1234974.0,1302897.5699999998,1434291.3448436612,14714211.47990382,15523493.11129853,79281185.47990382,19141539.30080014,0.016242110988105067,0.07493082569298416,-17707247.95595648,Rail,2050.0,53134.54225118156,52902.44170795281,232.10054322875655,1287693.8138331417,-445610000.0,0.09,63332000.0,1234974.0,14714211.47990382
101023,scenario_19,7361978.257201655,,,,,,,63332000.0,2315148.6195016108,1234974.0,1302897.5699999998,8200102.836402855,15720251.003409136,16584864.808596637,80287225.00340913,20202910.998098247,0.09169551266579525,0.4058871930473164,-12002808.161695391,Rail,2050.0,53134.54225118156,51807.581498261294,1326.9607529202694,7361978.257201655,-272100000.0,0.47,63332000.0,1234974.0,15720251.003409136
101024,scenario_19,3692227.1530037136,,,,,,,63332000.0,2315148.6195016108,1234974.0,1302897.5699999998,4112568.8357435837,15838427.061850354,16709540.550252123,80405401.06185035,20327586.739753734,0.04592013850118771,0.20231466176458715,-16215017.90401015,Rail,2050.0,53134.54225118156,52469.03627551399,665.5059756675764,3692227.1530037136,-396100000.0,0.23,63332000.0,1234974.0,15838427.061850354
101025,scenario_19,1169769.0487791677,,,,,,,63332000.0,2315148.6195016108,1234974.0,1302897.5699999998,1302941.4322769816,9194299.763564669,9699986.250560725,73761273.76356468,13318032.440062337,0.01585885098091934,0.09783287720170797,-12015091.007785356,Rail,2050.0,53134.54225118156,52923.69707295893,210.84517822263297,1169769.0487791677,-303130000.0,0.11,63332000.0,1234974.0,9194299.763564669
101026,scenario_19,4254838.924295691,,,,,,,63332000.0,2315148.6195016108,1234974.0,1302897.5699999998,4739231.156710367,8716102.867589945,9195488.52530739,73283076.86758995,12813534.714809,0.05806032041999902,0.36986134288402794,-8074303.558098634,Rail,2050.0,53134.54225118156,52367.62824175552,766.9140094260438,4254838.924295691,-188810000.0,0.43,63332000.0,1234974.0,8716102.867589945
101027,scenario_19,5911630.366194883,,,,,,,63332000.0,2315148.6195016108,1234974.0,1302897.5699999998,6584640.057335079,7133884.724548768,7526248.38439895,71700858.72454877,11144294.573900562,0.08244852950653538,0.5908530157445775,-4559654.516565483,Rail,2050.0,53134.54225118156,52068.99964732524,1065.5426038563237,5911630.366194883,-93190000.0,0.68,63332000.0,1234974.0,7133884.724548768
101028,scenario_19,2558123.0996874813,,,,,,,63332000.0,2315148.6195016108,1234974.0,1302897.5699999998,2849352.681134982,11059719.811672827,11668004.401314832,75626693.81167282,15286050.590816442,0.03382566354226423,0.18640214908400324,-12436697.90968146,Rail,2050.0,53134.54225118156,52673.45301187235,461.0892393092072,2558123.0996874813,-306810000.0,0.22,63332000.0,1234974.0,11059719.811672827
101029,scenario_19,3471367.207546839,,,,,,,63332000.0,2315148.6195016108,1234974.0,1302897.5699999998,3866565.0848608557,12898231.613368692,13607634.35210397,77465205.61336869,17225680.54160558,0.04481195370309276,0.224465156864012,-13359115.456744725,Rail,2050.0,53134.54225118156,52508.84520584147,625.6970453400936,3471367.207546839,-325510000.0,0.26,63332000.0,1234974.0,12898231.613368692
101030,scenario_19,3439581.73054668,,,,,,,63332000.0,2315148.6195016108,1234974.0,1302897.5699999998,3831160.989521338,14397753.92824565,15189630.39429916,78964727.92824565,18807676.58380077,0.043558457311119826,0.2037019816058063,-14976515.594279433,Rail,2050.0,53134.54225118156,52514.574383382955,619.9678677986085,3439581.73054668,-366200000.0,0.24,63332000.0,1234974.0,14397753.92824565
101031,scenario_19,5244653.900222406,,,,,,,63332000.0,2315148.6195016108,1234974.0,1302897.5699999998,5841731.640689771,7843392.589073221,8274779.1814722475,72410366.58907323,11892825.370973859,0.07242960017017547,0.49119796671254856,-6051093.730284088,Rail,2050.0,53134.54225118156,52189.2189093967,945.3233417848604,5244653.900222406,-133100000.0,0.56,63332000.0,1234974.0,7843392.589073221
101032,scenario_19,416253.1629846984,,,,,,,52197000.0,1908100.3677781464,1017841.5,1073822.7825,463641.51362624567,6209265.796334621,6550775.415133025,59424107.296334624,9532698.565411171,0.007004786136860883,0.048636963651461855,-9069057.051784925,Rail,2050.0,53134.54225118156,53059.51464429896,75.02760688260605,416253.1629846984,-231640000.0,0.06,52197000.0,1017841.5,6209265.796334621
100000,scenario_29,3352335.094028256,,,,,,,0.0,0.0,0.0,0.0,3733981.757718869,1132535.0372548352,1194824.4643038511,1132535.0372548352,1194824.4643038511,2.960027711066688,3.1251299829171346,2539157.293415018,Rail,2050.0,63411.87955455191,62807.63746838964,604.2420861622668,3352335.094028256,64190000.0,3.14,0.0,0.0,1132535.0372548352
100001,scenario_29,10620938.839029584,,,,,,,0.0,0.0,0.0,0.0,11830079.858493412,1470832.908922622,1551728.718913366,1470832.908922622,1551728.718913366,7.221036988361493,7.623806735224762,10278351.139580045,Rail,2050.0,63411.87955455191,61497.507016875345,1914.3725376765651,10620938.839029584,259560000.0,7.66,0.0,0.0,1470832.908922622
100002,scenario_29,3950828.822322464,,,,,,,18300000.0,668970.1846914588,549000.0,579195.0,4400611.017884616,1491223.5000004936,1573240.7925005206,20340223.50000049,2821405.9771919795,0.1942372374778659,1.559722724577322,1579205.0406926363,Rail,2050.0,63411.87955455191,62699.76188650532,712.1176680465869,3950828.822322464,38220000.0,1.52,18300000.0,549000.0,1491223.5000004936
100003,scenario_29,1228548.7003902025,,,,,,,18300000.0,668970.1846914588,549000.0,579195.0,1368412.8546391593,1249186.448497714,1317891.7031650883,20098186.448497713,2566056.8878565473,0.06112734119261956,0.5332745587656118,-1197644.033217388,Rail,2050.0,63411.87955455191,63190.43963018453,221.43992436737608,1228548.7003902025,-31960000.0,0.52,18300000.0,549000.0,1249186.448497714
100004,scenario_29,1354314.690293874,,,,,,,18300000.0,668970.1846914588,549000.0,579195.0,1508496.6764737694,1366327.1115340572,1441475.1026684302,20215327.11153406,2689640.287359889,0.06699444846089857,0.5608544323056996,-1181143.6108861198,Rail,2050.0,63411.87955455191,63167.7709225595,244.10863199240703,1354314.690293874,-31550000.0,0.55,18300000.0,549000.0,1366327.1115340572
100005,scenario_29,4041920.1458784295,,,,,,,18300000.0,668970.1846914588,549000.0,579195.0,4502072.635206329,1772511.8780511147,1870000.031343926,20621511.878051113,3118165.2160353847,0.19600503444078327,1.4438210688946507,1383907.419170944,Rail,2050.0,63411.87955455191,62683.34311874109,728.53643581082,4041920.1458784295,33320000.0,1.41,18300000.0,549000.0,1772511.8780511147
101000,scenario_29,4372350.39518118,,,,,,,63332000.0,2315148.6195016108,1234974.0,1302897.5699999998,4870120.723624715,6764695.075241824,7136753.3043801235,71331669.07524182,10754799.493881734,0.06129606178945782,0.4528323123453174,-5884678.770257019,Rail,2050.0,63411.87955455191,62623.78467438227,788.0948801696431,4372350.39518118,-154330000.0,0.44,63332000.0,1234974.0,6764695.075241824
101001,scenario_29,9828633.534605311,,,,,,,63332000.0,2315148.6195016108,1234974.0,1302897.5699999998,10947574.538982179,9194709.592311688,9700418.61988883,73761683.59231168,13318464.80939044,0.13324849780990855,0.8219847178830536,-2370890.2704082616,Rail,2050.0,63411.87955455191,61640.31619215009,1771.5633624018228,9828633.534605311,-65470000.0,0.81,63332000.0,1234974.0,9194709.592311688
101002,scenario_29,4240152.427465492,,,,,,,63332000.0,2315148.6195016108,1234974.0,1302897.5699999998,4722872.675320351,8754960.406377172,9236483.228727916,73321934.40637717,12854529.418229528,0.05782924934801918,0.3674092237575538,-8131656.742909177,Rail,2050.0,63411.87955455191,62647.61271470593,764.2668398459791,4240152.427465492,-210820000.0,0.36,63332000.0,1234974.0,8754960.406377172
101003,scenario_29,4067267.2922634417,,,,,,,63332000.0,2315148.6195016108,1234974.0,1302897.5699999998,4530305.428037948,8286864.190406665,8742641.720879031,72853838.19040667,12360687.910380643,0.05582776959030576,0.3665091668751985,-7830382.482342695,Rail,2050.0,63411.87955455191,62678.774418960085,733.1051355918244,4067267.2922634417,-203170000.0,0.36,63332000.0,1234974.0,8286864.190406665
101004,scenario_29,1037290.4832473998,,,,,,,63332000.0,2315148.6195016108,1234974.0,1302897.5699999998,1155380.8414918962,7895035.997189831,8329262.977035271,72462009.99718983,11947309.166536883,0.014314955978831213,0.09670636503891543,-10791928.325044986,Rail,2050.0,63411.87955455191,63224.91299304373,186.96656150818308,1037290.4832473998,-279020000.0,0.09,63332000.0,1234974.0,7895035.997189831
101005,scenario_29,103811.2844131389,,,,,,,64910000.0,2372833.589525825,1457895.0,1538079.2249999999,115629.68240690994,3806954.046847058,4016336.519423646,70174849.04684706,7927249.333949471,0.001479323230803631,0.014586356191890025,-7811619.651542561,Rail,2050.0,63411.87955455191,63393.16807574637,18.711478805540537,103811.2844131389,-203470000.0,0.01,64910000.0,1457895.0,3806954.046847058
101006,scenario_29,2918050.160477044,,,,,,,64910000.0,2372833.589525825,1457895.0,1538079.2249999999,3250255.646203029,2758437.9295488927,2910152.0156740816,69126332.92954889,6821064.830199907,0.04221329320985416,0.47650267621159276,-3570809.1839968776,Rail,2050.0,63411.87955455191,62885.91521416311,525.9643403887967,2918050.160477044,-98680000.0,0.45,64910000.0,1457895.0,2758437.9295488927
101007,scenario_29,8246081.726092394,,,,,,,64910000.0,2372833.589525825,1457895.0,1538079.2249999999,9184857.084465554,2864178.3156979834,3021708.1230613724,69232073.31569798,6932620.937587198,0.1191078257687054,1.3248751326741681,2252236.146878356,Rail,2050.0,63411.87955455191,61925.56345395847,1486.316100593438,8246081.726092394,50560000.0,1.28,64910000.0,1457895.0,2864178.3156979834
101008,scenario_29,4524359.5115953535,,,,,,,64910000.0,2372833.589525825,1457895.0,1538079.2249999999,5039435.321293841,2348724.399368907,2477904.2413341966,68716619.39936891,6388817.055860022,0.06584083371885004,0.7887900494304363,-1349381.734566181,Rail,2050.0,63411.87955455191,62596.385770919005,815.4937836329045,4524359.5115953535,-40620000.0,0.76,64910000.0,1457895.0,2348724.399368907
101009,scenario_29,136246.54017933185,,,,,,,18300000.0,668970.1846914588,549000.0,579195.0,151757.5305906003,6029353.94372662,6360968.410631583,24878353.94372662,7609133.595323042,0.005476509438185241,0.01994412750012408,-7457376.064732442,Rail,2050.0,63411.87955455191,63387.32177874453,24.55777580737777,136246.54017933185,-189360000.0,0.02,18300000.0,549000.0,6029353.94372662
101010,scenario_29,4970365.286214907,,,,,,,18300000.0,668970.1846914588,549000.0,579195.0,5536216.63329136,3678039.6755888616,3880331.8577462486,22527039.67558886,5128497.042437708,0.22063996680402617,1.0795007947708306,407719.590853652,Rail,2050.0,63411.87955455191,62515.99540058383,895.8841539680798,4970365.286214907,8940000.0,1.07,18300000.0,549000.0,3678039.6755888616
101011,scenario_29,7279963.083161542,,,,,,,18300000.0,668970.1846914588,549000.0,579195.0,8108750.643041442,6382115.932128592,6733132.308395664,25231115.932128593,7981297.493087123,0.2885311574305535,1.0159689762303323,127453.149954319,Rail,2050.0,63411.87955455191,62099.7016376158,1312.1779169361107,7279963.083161542,-4710000.0,0.98,18300000.0,549000.0,6382115.932128592
101012,scenario_29,8182833.55590187,,,,,,,18300000.0,668970.1846914588,549000.0,579195.0,9114408.424926352,4781397.43325049,5044374.292079266,23630397.43325049,6292539.476770725,0.34628421206271165,1.4484467612118637,2821868.9481556267,Rail,2050.0,63411.87955455191,61936.96362883059,1474.9159257213178,8182833.55590187,69880000.0,1.44,18300000.0,549000.0,4781397.43325049
101013,scenario_29,3532623.8607863444,,,,,,,40721000.0,1488586.6060557866,794059.5,837732.7725,3934795.503157248,2672944.478542223,2819956.4248620453,44188003.97854222,5146275.803417832,0.07994531417399603,0.764590871819191,-1211480.3002605839,Rail,2050.0,63411.87955455191,62775.14129557816,636.7382589737463,3532623.8607863444,-34430000.0,0.74,40721000.0,794059.5,2672944.478542223
101014,scenario_29,3636660.782412456,,,,,,,40721000.0,1488586.6060557866,794059.5,837732.7725,4050676.5104506835,3637776.376419882,3837854.077122975,45152835.87641988,6164173.455678762,0.08054113793352292,0.6571321426263543,-2113496.9452280784,Rail,2050.0,63411.87955455191,62756.389146763075,655.490407788835,3636660.782412456,-57150000.0,0.64,40721000.0,794059.5,3637776.376419882
101015,scenario_29,2426019.1046736,,,,,,,18300000.0,668970.1846914588,549000.0,579195.0,2702209.3038567617,3141343.089817573,3314116.959757539,21990343.089817572,4562282.144448997,0.11032202156941089,0.5922933344104077,-1860072.8405922358,Rail,2050.0,63411.87955455191,62974.601417444195,437.2781371077144,2426019.1046736,-49960000.0,0.57,18300000.0,549000.0,3141343.089817573
101016,scenario_29,6017449.7748482935,,,,,,,18300000.0,668970.1846914588,549000.0,579195.0,6702506.478931267,1845066.0495133616,1946544.6822365965,20694066.049513362,3194709.8669280554,0.2907814133989293,2.0980016208408343,3507796.6120032114,Rail,2050.0,63411.87955455191,62327.26351726851,1084.6160372833983,6017449.7748482935,86810000.0,2.05,18300000.0,549000.0,1845066.0495133616
101017,scenario_29,2099173.8255684567,,,,,,,63332000.0,2315148.6195016108,1234974.0,1302897.5699999998,2338154.3166482397,9328074.887254942,9841119.006053964,73895048.88725494,13459165.195555575,0.028407503035436953,0.1737220906851143,-11121010.878907336,Rail,2050.0,63411.87955455191,63033.51368837158,378.36586618032743,2099173.8255684567,-286260000.0,0.17,63332000.0,1234974.0,9328074.887254942
101018,scenario_29,199832.13240731257,,,,,,,63332000.0,2315148.6195016108,1234974.0,1302897.5699999998,222582.0259866532,8422318.666801453,8885546.193475531,72989292.66680145,12503592.382977143,0.0027378280444441748,0.017801446109974337,-12281010.35699049,Rail,2050.0,63411.87955455191,63375.860785192264,36.018769359645376,199832.13240731257,-315550000.0,0.02,63332000.0,1234974.0,8422318.666801453
101019,scenario_29,124814.00923262232,,,,,,,63332000.0,2315148.6195016108,1234974.0,1302897.5699999998,139023.46290279238,12379848.634120692,13060740.30899733,76946822.63412069,16678786.498498939,0.0016220813928355215,0.00833534639437373,-16539763.035596147,Rail,2050.0,63411.87955455191,63389.38243680991,22.497117742001137,124814.00923262232,-422590000.0,0.01,63332000.0,1234974.0,12379848.634120692
101020,scenario_29,2123420.611534794,,,,,,,63332000.0,2315148.6195016108,1234974.0,1302897.5699999998,2365161.478504731,12074664.945059828,12738771.517038118,76641638.94505984,16356817.706539728,0.027705835114733873,0.14459789923311916,-13991656.228034997,Rail,2050.0,63411.87955455191,63029.14332320101,382.7362313509002,2123420.611534794,-358260000.0,0.14,63332000.0,1234974.0,12074664.945059828
101021,scenario_29,1852104.8583872644,,,,,,,63332000.0,2315148.6195016108,1234974.0,1302897.5699999998,2062957.7773773244,14349670.091337211,15138901.946360758,78916644.0913372,18756948.13586237,0.02346912846729341,0.10998365845204049,-16693990.358485045,Rail,2050.0,63411.87955455191,63078.04666731556,333.83288723634905,1852104.8583872644,-426170000.0,0.11,63332000.0,1234974.0,14349670.091337211
101022,scenario_29,1521619.8852298602,,,,,,,63332000.0,2315148.6195016108,1234974.0,1302897.5699999998,1694848.7350658292,14714211.47990382,15523493.11129853,79281185.47990382,19141539.30080014,0.019192698444393974,0.08854296973885388,-17446690.565734312,Rail,2050.0,63411.87955455191,63137.614975382865,274.26457916904474,1521619.8852298602,-445150000.0,0.09,63332000.0,1234974.0,14714211.47990382
101023,scenario_29,8750883.270062698,,,,,,,63332000.0,2315148.6195016108,1234974.0,1302897.5699999998,9747127.771489404,15720251.003409136,16584864.808596637,80287225.00340913,20202910.998098247,0.10899471578063784,0.4824615508332897,-10455783.226608843,Rail,2050.0,63411.87955455191,61834.57543233441,1577.3041222175016,8750883.270062698,-268690000.0,0.48,63332000.0,1234974.0,15720251.003409136
101024,scenario_29,4394006.213949003,,,,,,,63332000.0,2315148.6195016108,1234974.0,1302897.5699999998,4894241.949564079,15838427.061850354,16709540.550252123,80405401.06185035,20327586.739753734,0.054648147461748196,0.24076846957896056,-15433344.790189655,Rail,2050.0,63411.87955455191,62619.88131843998,791.9982361119328,4394006.213949003,-394310000.0,0.24,63332000.0,1234974.0,15838427.061850354
101025,scenario_29,1385796.1030054523,,,,,,,63332000.0,2315148.6195016108,1234974.0,1302897.5699999998,1543562.091318978,9194299.763564669,9699986.250560725,73761273.76356468,13318032.440062337,0.018787583677682962,0.11590016004734655,-11774470.348743359,Rail,2050.0,63411.87955455191,63162.09655112627,249.78300342564037,1385796.1030054523,-302650000.0,0.11,63332000.0,1234974.0,9194299.763564669
101026,scenario_29,5046903.729703921,,,,,,,63332000.0,2315148.6195016108,1234974.0,1302897.5699999998,5621468.597589702,8716102.867589945,9195488.52530739,73283076.86758995,12813534.714809,0.06886861121869674,0.4387133388800825,-7192066.117219298,Rail,2050.0,63411.87955455191,62502.19971862835,909.6798359235618,5046903.729703921,-186990000.0,0.43,63332000.0,1234974.0,8716102.867589945
101027,scenario_29,7466165.003895619,,,,,,,63332000.0,2315148.6195016108,1234974.0,1302897.5699999998,8316150.72560234,7133884.724548768,7526248.38439895,71700858.72454877,11144294.573900562,0.10412936660323945,0.7462249557794706,-2828143.848298222,Rail,2050.0,63411.87955455191,62066.13964757721,1345.739906974697,7466165.003895619,-84010000.0,0.71,63332000.0,1234974.0,7133884.724548768
101028,scenario_29,3033585.730070969,,,,,,,63332000.0,2315148.6195016108,1234974.0,1302897.5699999998,3378944.3652991215,11059719.811672827,11668004.401314832,75626693.81167282,15286050.590816442,0.040112631891925196,0.22104757178607826,-11907106.225517321,Rail,2050.0,63411.87955455191,62865.09049001136,546.7890645405496,3033585.730070969,-305730000.0,0.22,63332000.0,1234974.0,11059719.811672827
101029,scenario_29,4130119.4400230306,,,,,,,63332000.0,2315148.6195016108,1234974.0,1302897.5699999998,4600312.979963715,12898231.613368692,13607634.35210397,77465205.61336869,17225680.54160558,0.05331580039478096,0.267061319804026,-12625367.561641864,Rail,2050.0,63411.87955455191,62667.44562520385,744.4339293480589,4130119.4400230306,-323850000.0,0.26,63332000.0,1234974.0,12898231.613368692
101030,scenario_29,4092402.901625195,,,,,,,63332000.0,2315148.6195016108,1234974.0,1302897.5699999998,4558302.601409168,14397753.92824565,15189630.39429916,78964727.92824565,18807676.58380077,0.051825707616493216,0.24236394012300685,-14249373.982391603,Rail,2050.0,63411.87955455191,62674.24384769805,737.6357068538564,4092402.901625195,-364540000.0,0.24,63332000.0,1234974.0,14397753.92824565
101031,scenario_29,6219236.78008881,,,,,,,63332000.0,2315148.6195016108,1234974.0,1302897.5699999998,6927265.930292504,7843392.589073221,8274779.1814722475,72410366.58907323,11892825.370973859,0.08588876252184721,0.5824743670414506,-4965559.440681355,Rail,2050.0,63411.87955455191,62290.8923915943,1120.9871629576082,6219236.78008881,-130889999.99999999,0.57,63332000.0,1234974.0,7843392.589073221
101032,scenario_29,516746.16683612607,,,,,,,52197000.0,1908100.3677781464,1017841.5,1073822.7825,575575.1457467463,6209265.796334621,6550775.415133025,59424107.296334624,9532698.565411171,0.008695901214960276,0.06037903556870942,-8957123.419664424,Rail,2050.0,63411.87955455191,63318.738572786206,93.14098176570404,516746.16683612607,-231120000.0,0.06,52197000.0,1017841.5,6209265.796334621
100000,scenario_30,3067228.0281241536,,,,,,,0.0,0.0,0.0,0.0,3416416.6715259384,1132535.0372548352,1194824.4643038511,1132535.0372548352,1194824.4643038511,2.7082853308969965,2.859346099442707,2221592.2072220873,Rail,2050.0,57758.83794962566,57205.98502458526,552.8529250404026,3067228.0281241536,76040000.0,3.53,0.0,0.0,1132535.0372548352
100001,scenario_30,9711764.409207836,,,,,,,0.0,0.0,0.0,0.0,10817400.44539228,1470832.908922622,1551728.718913366,1470832.908922622,1551728.718913366,6.602901220317172,6.971193040087197,9265671.726478916,Rail,2050.0,57758.83794962566,56008.33967831927,1750.498271306387,9711764.409207836,296770000.0,8.61,0.0,0.0,1470832.908922622
100002,scenario_30,3598586.45773604,,,,,,,18300000.0,668970.1846914588,549000.0,579195.0,4008267.6134306756,1491223.5000004936,1573240.7925005206,20340223.50000049,2821405.9771919795,0.17691971072667678,1.4206631891451251,1186861.636238696,Rail,2050.0,57758.83794962566,57110.21025356653,648.6276960591276,3598586.45773604,51230000.0,1.7,18300000.0,549000.0,1491223.5000004936
100003,scenario_30,1121250.2723125506,,,,,,,18300000.0,668970.1846914588,549000.0,579195.0,1248899.0346193265,1249186.448497714,1317891.7031650883,20098186.448497713,2566056.8878565473,0.05578862924701154,0.4866996677000969,-1317157.8532372208,Rail,2050.0,57758.83794962566,57556.738044738755,202.09990488690528,1121250.2723125506,-27780000.0,0.58,18300000.0,549000.0,1249186.448497714
100004,scenario_30,1239579.6256818222,,,,,,,18300000.0,668970.1846914588,549000.0,579195.0,1380699.5958670995,1366327.1115340572,1441475.1026684302,20215327.11153406,2689640.287359889,0.061318801266122845,0.5133398701513255,-1308940.6914927897,Rail,2050.0,57758.83794962566,57535.409754657776,223.4281949678843,1239579.6256818222,-26730000.0,0.62,18300000.0,549000.0,1366327.1115340572
100005,scenario_30,3682626.185440464,,,,,,,18300000.0,668970.1846914588,549000.0,579195.0,4101874.845813554,1772511.8780511147,1870000.031343926,20621511.878051113,3118165.2160353847,0.1785817745671759,1.3154770711697292,983709.6297781691,Rail,2050.0,57758.83794962566,57095.06250163711,663.775447988548,3682626.185440464,46700000.0,1.58,18300000.0,549000.0,1772511.8780511147
101000,scenario_30,3981853.074762981,,,,,,,63332000.0,2315148.6195016108,1234974.0,1302897.5699999998,4435167.2270374885,6764695.075241824,7136753.3043801235,71331669.07524182,10754799.493881734,0.05582167256682101,0.4123895782120901,-6319632.266844246,Rail,2050.0,57758.83794962566,57041.128311059874,717.709638565786,3981853.074762981,-140010000.0,0.49,63332000.0,1234974.0,6764695.075241824
101001,scenario_30,8939865.533211092,,,,,,,63332000.0,2315148.6195016108,1234974.0,1302897.5699999998,9957624.724608907,9194709.592311688,9700418.61988883,73761683.59231168,13318464.80939044,0.12119931511626872,0.7476555944787339,-3360840.084781533,Rail,2050.0,57758.83794962566,56147.47069418026,1611.3672554454024,8939865.533211092,-33990000.0,0.9,63332000.0,1234974.0,9194709.592311688
101002,scenario_30,3870413.1647440465,,,,,,,63332000.0,2315148.6195016108,1234974.0,1302897.5699999998,4311040.437972223,8754960.406377172,9236483.228727916,73321934.40637717,12854529.418229528,0.052786566476721565,0.33537131525472746,-8543488.980257304,Rail,2050.0,57758.83794962566,57061.21481250525,697.6231371204121,3870413.1647440465,-196390000.0,0.4,63332000.0,1234974.0,8754960.406377172
101003,scenario_30,3705710.67930195,,,,,,,63332000.0,2315148.6195016108,1234974.0,1302897.5699999998,4127587.394394545,8286864.190406665,8742641.720879031,72853838.19040667,12360687.910380643,0.05086500274174868,0.33392861500274196,-8233100.515986098,Rail,2050.0,57758.83794962566,57090.90163396201,667.9363156636537,3705710.67930195,-189720000.0,0.4,63332000.0,1234974.0,8286864.190406665
101004,scenario_30,928012.6292113854,,,,,,,63332000.0,2315148.6195016108,1234974.0,1302897.5699999998,1033662.2477212389,7895035.997189831,8329262.977035271,72462009.99718983,11947309.166536883,0.012806885004257746,0.0865184145913303,-10913646.918815644,Rail,2050.0,57758.83794962566,57591.56818949383,167.26976013182866,928012.6292113854,-276980000.0,0.1,63332000.0,1234974.0,7895035.997189831
101005,scenario_30,95017.33489076322,,,,,,,64910000.0,2372833.589525825,1457895.0,1538079.2249999999,105834.58550465063,3806954.046847058,4016336.519423646,70174849.04684706,7927249.333949471,0.001354008397329532,0.013350732523499713,-7821414.74844482,Rail,2050.0,57758.83794962566,57741.71153742473,17.126412200930645,95017.33489076322,-203100000.0,0.02,64910000.0,1457895.0,3806954.046847058
101006,scenario_30,2625144.099323869,,,,,,,64910000.0,2372833.589525825,1457895.0,1538079.2249999999,2924003.6879726197,2758437.9295488927,2910152.0156740816,69126332.92954889,6821064.830199907,0.037976035876217,0.42867261355246866,-3897061.142227287,Rail,2050.0,57758.83794962566,57285.66850129764,473.16944832802255,2625144.099323869,-91830000.0,0.49,64910000.0,1457895.0,2758437.9295488927
101007,scenario_30,7513225.274373942,,,,,,,64910000.0,2372833.589525825,1457895.0,1538079.2249999999,8368568.573624873,2864178.3156979834,3021708.1230613724,69232073.31569798,6932620.937587198,0.10852232086295703,1.2071291145102527,1435947.6360376747,Rail,2050.0,57758.83794962566,56404.61565792163,1354.2222917040272,7513225.274373942,77850000.0,1.43,64910000.0,1457895.0,2864178.3156979834
101008,scenario_30,4119370.540219663,,,,,,,64910000.0,2372833.589525825,1457895.0,1538079.2249999999,4588340.371422039,2348724.399368907,2477904.2413341966,68716619.39936891,6388817.055860022,0.05994722348430161,0.7181830894990913,-1800476.6844379827,Rail,2050.0,57758.83794962566,57016.34145715636,742.4964924692977,4119370.540219663,-25870000.0,0.85,64910000.0,1457895.0,2348724.399368907
101009,scenario_30,124666.85675109766,,,,,,,18300000.0,668970.1846914588,549000.0,579195.0,138859.55784372028,6029353.94372662,6360968.410631583,24878353.94372662,7609133.595323042,0.005011057284299708,0.01824906293261435,-7470274.0374793215,Rail,2050.0,57758.83794962566,57736.36735540232,22.470594223341323,124666.85675109766,-188870000.0,0.02,18300000.0,549000.0,6029353.94372662
101010,scenario_30,4527664.486697275,,,,,,,18300000.0,668970.1846914588,549000.0,579195.0,5043116.551360093,3678039.6755888616,3880331.8577462486,22527039.67558886,5128497.042437708,0.20098799273672968,0.9833517519126751,-85380.49107761495,Rail,2050.0,57758.83794962566,56942.74846031469,816.0894893109726,4527664.486697275,25330000.0,1.19,18300000.0,549000.0,3678039.6755888616
101011,scenario_30,6514982.622615494,,,,,,,18300000.0,668970.1846914588,549000.0,579195.0,7256680.964870347,6382115.932128592,6733132.308395664,25231115.932128593,7981297.493087123,0.25821222652778103,0.9092106855001468,-724616.5282167764,Rail,2050.0,57758.83794962566,56584.54403783483,1174.2939117908245,6514982.622615494,9720000.0,1.05,18300000.0,549000.0,6382115.932128592
101012,scenario_30,7450407.9067508355,,,,,,,18300000.0,668970.1846914588,549000.0,579195.0,8298599.761381002,4781397.43325049,5044374.292079266,23630397.43325049,6292539.476770725,0.31528914940158037,1.3187997933132982,2006060.284610277,Rail,2050.0,57758.83794962566,56415.93818272753,1342.899766898132,7450407.9067508355,96580000.0,1.6,18300000.0,549000.0,4781397.43325049
101013,scenario_30,3213924.315598688,,,,,,,40721000.0,1488586.6060557866,794059.5,837732.7725,3579813.601126073,2672944.478542223,2819956.4248620453,44188003.97854222,5146275.803417832,0.07273295976798082,0.6956124657657459,-1566462.2022917587,Rail,2050.0,57758.83794962566,57179.543732682854,579.2942169428061,3213924.315598688,-23020000.0,0.83,40721000.0,794059.5,2672944.478542223
101014,scenario_30,3314892.547993422,,,,,,,40721000.0,1488586.6060557866,794059.5,837732.7725,3692276.564194012,3637776.376419882,3837854.077122975,45152835.87641988,6164173.455678762,0.07341493582077654,0.5989897251824561,-2471896.89148475,Rail,2050.0,57758.83794962566,57161.34470016758,597.4932494580789,3314892.547993422,-45050000.0,0.72,40721000.0,794059.5,3637776.376419882
101015,scenario_30,2187970.3453226895,,,,,,,18300000.0,668970.1846914588,549000.0,579195.0,2437059.8781781318,3141343.089817573,3314116.959757539,21990343.089817572,4562282.144448997,0.09949687171255683,0.5341756167236045,-2125222.2662708657,Rail,2050.0,57758.83794962566,57364.46694289843,394.3710067272332,2187970.3453226895,-43840000.0,0.62,18300000.0,549000.0,3141343.089817573
101016,scenario_30,5491113.192833463,,,,,,,18300000.0,668970.1846914588,549000.0,579195.0,6116249.0969754895,1845066.0495133616,1946544.6822365965,20694066.049513362,3194709.8669280554,0.2653472343083872,1.9144928183593415,2921539.230047434,Rail,2050.0,57758.83794962566,56769.091519771035,989.7464298546256,5491113.192833463,107180000.0,2.3,18300000.0,549000.0,1845066.0495133616
101017,scenario_30,1909068.8666701904,,,,,,,63332000.0,2315148.6195016108,1234974.0,1302897.5699999998,2126406.8544561323,9328074.887254942,9841119.006053964,73895048.88725494,13459165.195555575,0.025834868444067804,0.15798950555702404,-11332758.341099443,Rail,2050.0,57758.83794962566,57414.737577118416,344.1003725072442,1909068.8666701904,-279580000.0,0.19,63332000.0,1234974.0,9328074.887254942
101018,scenario_30,182364.3061845295,,,,,,,63332000.0,2315148.6195016108,1234974.0,1302897.5699999998,203125.57469720297,8422318.666801453,8885546.193475531,72989292.66680145,12503592.382977143,0.002498507651211646,0.01624537720645354,-12300466.80827994,Rail,2050.0,57758.83794962566,57725.96767093342,32.87027869223675,182364.3061845295,-314870000.0,0.02,63332000.0,1234974.0,8422318.666801453
101019,scenario_30,113051.56521381736,,,,,,,63332000.0,2315148.6195016108,1234974.0,1302897.5699999998,125921.9231818241,12379848.634120692,13060740.30899733,76946822.63412069,16678786.498498939,0.0014692168090081302,0.007549825234177369,-16552864.575317115,Rail,2050.0,57758.83794962566,57738.46095517472,20.3769944509404,113051.56521381736,-422240000.0,0.01,63332000.0,1234974.0,12379848.634120692
101020,scenario_30,1932623.9718977895,,,,,,,63332000.0,2315148.6195016108,1234974.0,1302897.5699999998,2152643.5911647277,12074664.945059828,12738771.517038118,76641638.94505984,16356817.706539728,0.025216370611322404,0.1316052810385033,-14204174.115375001,Rail,2050.0,57758.83794962566,57410.491884034855,348.34606559080567,1932623.9718977895,-351370000.0,0.16,63332000.0,1234974.0,12074664.945059828
101021,scenario_30,1690472.1718827244,,,,,,,63332000.0,2315148.6195016108,1234974.0,1302897.5699999998,1882924.014065846,14349670.091337211,15138901.946360758,78916644.0913372,18756948.13586237,0.021420984018608185,0.10038541453690898,-16874024.121796522,Rail,2050.0,57758.83794962566,57454.13856752712,304.69938209854445,1690472.1718827244,-419870000.0,0.12,63332000.0,1234974.0,14349670.091337211
101022,scenario_30,1392722.5984521848,,,,,,,63332000.0,2315148.6195016108,1234974.0,1302897.5699999998,1551277.1337946227,14714211.47990382,15523493.11129853,79281185.47990382,19141539.30080014,0.01756687403224075,0.08104244436233911,-17590262.167005517,Rail,2050.0,57758.83794962566,57507.80647910436,251.03147052130225,1392722.5984521848,-439740000.0,0.1,63332000.0,1234974.0,14714211.47990382
101023,scenario_30,7965900.91166708,,,,,,,63332000.0,2315148.6195016108,1234974.0,1302897.5699999998,8872779.078961095,15720251.003409136,16584864.808596637,80287225.00340913,20202910.998098247,0.09921753941961295,0.4391831988863542,-11330131.919137152,Rail,2050.0,57758.83794962566,56323.02307729922,1435.8148723264385,7965900.91166708,-240270000.0,0.53,63332000.0,1234974.0,15720251.003409136
101024,scenario_30,3997919.139368415,,,,,,,63332000.0,2315148.6195016108,1234974.0,1302897.5699999998,4453062.333126939,15838427.061850354,16709540.550252123,80405401.06185035,20327586.739753734,0.049722022234465195,0.21906497756658383,-15874524.406626794,Rail,2050.0,57758.83794962566,57038.23248110215,720.6054685235067,3997919.139368415,-380180000.0,0.27,63332000.0,1234974.0,15838427.061850354
101025,scenario_30,1264336.9511692242,,,,,,,63332000.0,2315148.6195016108,1234974.0,1302897.5699999998,1408275.4196278397,9194299.763564669,9699986.250560725,73761273.76356468,13318032.440062337,0.017140931638761365,0.10574200250418132,-11909757.020434497,Rail,2050.0,57758.83794962566,57530.94736722313,227.8905824025278,1264336.9511692242,-297970000.0,0.13,63332000.0,1234974.0,9194299.763564669
101026,scenario_30,4597390.6609238405,,,,,,,63332000.0,2315148.6195016108,1234974.0,1302897.5699999998,5120780.703449577,8716102.867589945,9195488.52530739,73283076.86758995,12813534.714809,0.06273468387838768,0.3996384149590926,-7692754.011359423,Rail,2050.0,57758.83794962566,56930.180656741046,828.6572928846144,4597390.6609238405,-170350000.0,0.48,63332000.0,1234974.0,8716102.867589945
101027,scenario_30,6684358.645278219,,,,,,,63332000.0,2315148.6195016108,1234974.0,1302897.5699999998,7445339.604617971,7133884.724548768,7526248.38439895,71700858.72454877,11144294.573900562,0.09322564281910956,0.6680853198240669,-3698954.969282591,Rail,2050.0,57758.83794962566,56554.01483403838,1204.8231155872782,6684358.645278219,-69000000.0,0.76,63332000.0,1234974.0,7133884.724548768
101028,scenario_30,2764029.240923819,,,,,,,63332000.0,2315148.6195016108,1234974.0,1302897.5699999998,3078700.21162153,11059719.811672827,11668004.401314832,75626693.81167282,15286050.590816442,0.036548328395881784,0.20140586303378796,-12207350.379194912,Rail,2050.0,57758.83794962566,57260.63513042526,498.2028192004,2764029.240923819,-295690000.0,0.24,63332000.0,1234974.0,11059719.811672827
101029,scenario_30,3760803.7096802928,,,,,,,63332000.0,2315148.6195016108,1234974.0,1302897.5699999998,4188952.4920474137,12898231.613368692,13607634.35210397,77465205.61336869,17225680.54160558,0.048548295714215026,0.24318066748827374,-13036728.049558166,Rail,2050.0,57758.83794962566,57080.97138335308,677.8665662725834,3760803.7096802928,-310400000.0,0.29,63332000.0,1234974.0,12898231.613368692
101030,scenario_30,3722180.214623584,,,,,,,63332000.0,2315148.6195016108,1234974.0,1302897.5699999998,4145931.9043328967,14397753.92824565,15189630.39429916,78964727.92824565,18807676.58380077,0.04713725117885402,0.22043828145704222,-14661744.679467874,Rail,2050.0,57758.83794962566,57087.93308037123,670.9048692544311,3722180.214623584,-351450000.0,0.27,63332000.0,1234974.0,14397753.92824565
101031,scenario_30,5666790.259768315,,,,,,,63332000.0,2315148.6195016108,1234974.0,1302897.5699999998,6311926.123521203,7843392.589073221,8274779.1814722475,72410366.58907323,11892825.370973859,0.07825937813472467,0.5307339447635683,-5580899.247452656,Rail,2050.0,57758.83794962566,56737.42658340931,1021.4113662163508,5666790.259768315,-110290000.0,0.64,63332000.0,1234974.0,7843392.589073221
101032,scenario_30,465238.9549654215,,,,,,,52197000.0,1908100.3677781464,1017841.5,1073822.7825,518204.0941896461,6209265.796334621,6550775.415133025,59424107.296334624,9532698.565411171,0.007829128212989044,0.054360692372033954,-9014494.471221525,Rail,2050.0,57758.83794962566,57674.980892133695,83.85705749196495,465238.9549654215,-229880000.0,0.06,52197000.0,1017841.5,6209265.796334621
