mode,development,scenario,score_id,standalone_value,integrated_value
Road,0,scenario_19,construction,152678141.04011753,4392239.543789739
Road,2,scenario_19,construction,194912878.2946077,5607247.021788821
Road,9,scenario_19,construction,1345794052.1316106,38715757.300295584
Road,12,scenario_19,construction,312373893.82249105,8986361.502359474
Road,15,scenario_19,construction,195150622.90997052,5614086.450758847
Road,17,scenario_19,construction,2357229443.5123625,67812696.0745481
Road,25,scenario_19,construction,153682014.62583685,4421118.9447971415
Road,27,scenario_19,construction,150350312.53158265,4325272.652807869
Road,28,scenario_19,construction,2450896121.356007,70507295.86177087
Road,57,scenario_19,construction,141144892.03203666,4060451.4304647534
Road,62,scenario_19,construction,140830295.48902065,4051401.1278663515
Road,63,scenario_19,construction,1122072298.9151125,32279737.54927389
Road,73,scenario_19,construction,166819302.03902298,4799051.980143475
Road,90,scenario_19,construction,137847332.70199814,3965587.3563496363
Road,94,scenario_19,construction,121470946.13406222,3494472.027213062
Road,103,scenario_19,construction,259656718.26383355,7469795.597454983
Road,104,scenario_19,construction,126249993.90891679,3631955.510279974
Road,109,scenario_19,construction,1719139270.9049108,49456139.79519407
Road,114,scenario_19,construction,153451414.61605844,4414485.051596405
Road,126,scenario_19,construction,481418563.00908685,13849432.768554196
Road,140,scenario_19,construction,141422827.4711255,4068447.067678242
Road,143,scenario_19,construction,429374947.4540389,12352243.814815175
Road,144,scenario_19,construction,161237634.02609128,4638478.74549646
Road,150,scenario_19,construction,521617136.85194135,15005863.967111586
Road,152,scenario_19,construction,2268314320.0625086,65254788.84174534
Road,176,scenario_19,construction,749620226.0889233,21565049.046459354
Road,177,scenario_19,construction,134517491.09974346,3869794.586930625
Road,195,scenario_19,construction,365521611.4676312,10515313.22729447
Road,197,scenario_19,construction,148324872.0083149,4267004.8490523
Road,201,scenario_19,construction,352625123.7916697,10144307.510559477
Road,202,scenario_19,construction,191211564.68119022,5500767.758247435
Road,206,scenario_19,construction,142935970.24447098,4111977.10727141
Road,209,scenario_19,construction,253701155.7129953,7298466.177519016
Road,227,scenario_19,construction,160838770.7169813,4627004.259450816
Road,233,scenario_19,construction,138027096.7062853,3970758.8010816793
Road,240,scenario_19,construction,180428309.50240535,5190555.441773202
Road,243,scenario_19,construction,474497528.1196527,13650328.67337574
Road,245,scenario_19,construction,226783942.1590449,6524112.69787304
Road,249,scenario_19,construction,238071104.51270106,6848821.398733349
Road,250,scenario_19,construction,1561329695.3764071,44916279.31940507
Road,254,scenario_19,construction,1323823495.5568194,38083709.07957804
Road,255,scenario_19,construction,141104681.34951812,4059294.6509242277
Road,261,scenario_19,construction,128951399.92581557,3709669.466255746
Road,267,scenario_19,construction,143075132.13023564,4115980.5116453427
Road,270,scenario_19,construction,443045218.6099368,12745509.70825755
Road,273,scenario_19,construction,142458879.86503434,4098252.1875399556
Road,277,scenario_19,construction,1001643662.0882915,28815250.64059146
Road,284,scenario_19,construction,165840820.01590046,4770903.042741121
Road,285,scenario_19,construction,1081651927.7502804,31116925.69293759
Road,289,scenario_19,construction,1806910338.443409,51981134.86663612
Road,308,scenario_19,construction,1272109016.5535288,36595988.714912
Road,331,scenario_19,construction,1809319030.8791187,52050428.048311494
Road,334,scenario_19,construction,154144214.2024022,4434415.486420476
Road,348,scenario_19,construction,511767627.3162046,14722513.613386558
Road,351,scenario_19,construction,215490664.74718246,6199228.079227231
Road,356,scenario_19,construction,291513841.5784751,8386260.232279089
Road,358,scenario_19,construction,1557411441.409194,44803559.12317945
Road,390,scenario_19,construction,385392973.1395786,11086971.880785288
Road,392,scenario_19,construction,126427411.9691598,3637059.466973926
Road,394,scenario_19,construction,223218285.19308734,6421536.000129825
Road,423,scenario_19,construction,221136245.255448,6361639.946355853
Road,459,scenario_19,construction,1288511994.7396402,37067869.0308115
Road,464,scenario_19,construction,131288839.33600885,3776912.8433280787
Road,469,scenario_19,construction,157735155.08297828,4537719.550955379
Road,486,scenario_19,construction,1776737974.7240279,51113137.33827317
Road,493,scenario_19,construction,127574143.01461123,3670048.5865008635
Road,499,scenario_19,construction,149721588.62910992,4307185.545067666
Road,517,scenario_19,construction,135901440.20503777,3909607.9874963877
Road,521,scenario_19,construction,1340309963.014307,38557991.211983316
Road,531,scenario_19,construction,183125203.2839687,5268139.589917046
Road,533,scenario_19,construction,270883968.7693062,7792780.756314186
Road,538,scenario_19,construction,520403221.32182837,14970942.086625881
Road,540,scenario_19,construction,182656476.46843788,5254655.272906217
Road,546,scenario_19,construction,139232704.69704866,4005441.6905592787
Road,550,scenario_19,construction,241897366.88950434,6958895.184029794
Road,552,scenario_19,construction,143780849.82948923,4136282.5743001364
Road,556,scenario_19,construction,156767661.50513065,4509886.7287711715
Road,557,scenario_19,construction,1295171144.4890049,37259439.223230146
Road,558,scenario_19,construction,2082142906.5445366,59899015.97991827
Road,564,scenario_19,construction,2039196649.1737866,58663539.51553025
Road,565,scenario_19,construction,651838660.2994602,18752072.303434245
Road,569,scenario_19,construction,184817747.65013394,5316830.648401549
Road,594,scenario_19,construction,1471261542.2696161,42325201.76883542
Road,602,scenario_19,construction,692114198.1232255,19910717.599164292
Road,612,scenario_19,construction,1560568518.3662302,44894381.80518891
Road,614,scenario_19,construction,133434475.53122531,3838638.432066679
Road,625,scenario_19,construction,175602227.86178,5051718.890063141
Road,627,scenario_19,construction,167400540.7378984,4815773.03516936
Road,628,scenario_19,construction,175686226.4489187,5054135.358547363
Road,629,scenario_19,construction,402931427.64072055,11591517.5405116
Road,648,scenario_19,construction,1071396212.4812833,30821889.626559883
Road,662,scenario_19,construction,530762211.27003866,15268949.155445866
Road,669,scenario_19,construction,146397842.0088156,4211568.115881399
Road,670,scenario_19,construction,163731572.53603578,4710224.283322206
Road,673,scenario_19,construction,123156084.40216218,3542950.0273215203
Road,678,scenario_19,construction,183630858.38641328,5282686.258623817
Road,680,scenario_19,construction,379273129.26478386,10910916.421335924
Road,682,scenario_19,construction,2012529101.0006804,57896368.40102829
Road,689,scenario_19,construction,248009031.861101,7134715.353071464
Road,694,scenario_19,construction,244000087.32599494,7019386.17368798
Road,726,scenario_19,construction,163141107.3825319,4693237.801964877
Road,736,scenario_19,construction,160242608.0847507,4609853.873220184
Road,750,scenario_19,construction,405667555.44615126,11670230.37171327
Road,755,scenario_19,construction,1595495248.5975742,45899152.78689137
Road,759,scenario_19,construction,2243886982.086268,64552064.01762943
Road,761,scenario_19,construction,194510161.53526613,5595661.679818603
Road,764,scenario_19,construction,1237553924.4870203,35601909.007235095
Road,767,scenario_19,construction,150623175.04687318,4333122.35232289
Road,770,scenario_19,construction,143492675.31249598,4127992.3796434063
Road,775,scenario_19,construction,382970892.88338715,11017293.558747813
Road,776,scenario_19,construction,209077719.4171044,6014740.687128781
Road,780,scenario_19,construction,173941505.44616896,5003943.284364692
Road,789,scenario_19,construction,240556252.56542307,6920314.0529861245
Road,791,scenario_19,construction,218905443.42968664,6297464.315668204
Road,809,scenario_19,construction,219932541.20594823,6327011.829395459
Road,810,scenario_19,construction,335471943.9859319,9650845.4201041
Road,811,scenario_19,construction,133189653.18864092,3831595.3912818176
Road,813,scenario_19,construction,361895853.9050882,10411007.557642573
Road,822,scenario_19,construction,223972069.77134562,6443220.849117179
Road,831,scenario_19,construction,175544162.2241604,5050048.459784447
Road,837,scenario_19,construction,140808329.995619,4050769.225302826
Road,858,scenario_19,construction,695861081.2461154,20018507.804796882
Road,863,scenario_19,construction,259828758.63152117,7474744.848873279
Road,866,scenario_19,construction,157773330.63999507,4538817.784075019
Road,873,scenario_19,construction,937904892.4755925,26981615.894594394
Road,878,scenario_19,construction,258005630.69715536,7422297.166761371
Road,887,scenario_19,construction,125479383.29471019,3609786.610465475
Road,895,scenario_19,construction,1590635580.0951273,45759350.00948823
Road,935,scenario_19,construction,138564866.10173878,3986229.3326722495
Road,938,scenario_19,construction,201434501.61455643,5794860.858585888
Road,940,scenario_19,construction,139805361.10945883,4021915.8506614235
Road,945,scenario_19,construction,171511011.49686155,4934022.917491187
Road,952,scenario_19,construction,1724097680.4831092,49598783.15249003
Road,958,scenario_19,construction,157194165.85115075,4522156.3912220355
Road,964,scenario_19,construction,150458890.59717762,4328396.222888337
Road,970,scenario_19,construction,135600277.14398867,3900944.1388481315
Road,971,scenario_19,construction,374480090.2625369,10773030.439117527
Road,987,scenario_19,construction,162757318.6235116,4682196.980061052
Road,0,scenario_29,construction,152678141.04011753,4392239.543789739
Road,2,scenario_29,construction,194912878.2946077,5607247.021788821
Road,9,scenario_29,construction,1345794052.1316106,38715757.300295584
Road,12,scenario_29,construction,312373893.82249105,8986361.502359474
Road,15,scenario_29,construction,195150622.90997052,5614086.450758847
Road,17,scenario_29,construction,2357229443.5123625,67812696.0745481
Road,25,scenario_29,construction,153682014.62583685,4421118.9447971415
Road,27,scenario_29,construction,150350312.53158265,4325272.652807869
Road,28,scenario_29,construction,2450896121.356007,70507295.86177087
Road,57,scenario_29,construction,141144892.03203666,4060451.4304647534
Road,62,scenario_29,construction,140830295.48902065,4051401.1278663515
Road,63,scenario_29,construction,1122072298.9151125,32279737.54927389
Road,73,scenario_29,construction,166819302.03902298,4799051.980143475
Road,90,scenario_29,construction,137847332.70199814,3965587.3563496363
Road,94,scenario_29,construction,121470946.13406222,3494472.027213062
Road,103,scenario_29,construction,259656718.26383355,7469795.597454983
Road,104,scenario_29,construction,126249993.90891679,3631955.510279974
Road,109,scenario_29,construction,1719139270.9049108,49456139.79519407
Road,114,scenario_29,construction,153451414.61605844,4414485.051596405
Road,126,scenario_29,construction,481418563.00908685,13849432.768554196
Road,140,scenario_29,construction,141422827.4711255,4068447.067678242
Road,143,scenario_29,construction,429374947.4540389,12352243.814815175
Road,144,scenario_29,construction,161237634.02609128,4638478.74549646
Road,150,scenario_29,construction,521617136.85194135,15005863.967111586
Road,152,scenario_29,construction,2268314320.0625086,65254788.84174534
Road,176,scenario_29,construction,749620226.0889233,21565049.046459354
Road,177,scenario_29,construction,134517491.09974346,3869794.586930625
Road,195,scenario_29,construction,365521611.4676312,10515313.22729447
Road,197,scenario_29,construction,148324872.0083149,4267004.8490523
Road,201,scenario_29,construction,352625123.7916697,10144307.510559477
Road,202,scenario_29,construction,191211564.68119022,5500767.758247435
Road,206,scenario_29,construction,142935970.24447098,4111977.10727141
Road,209,scenario_29,construction,253701155.7129953,7298466.177519016
Road,227,scenario_29,construction,160838770.7169813,4627004.259450816
Road,233,scenario_29,construction,138027096.7062853,3970758.8010816793
Road,240,scenario_29,construction,180428309.50240535,5190555.441773202
Road,243,scenario_29,construction,474497528.1196527,13650328.67337574
Road,245,scenario_29,construction,226783942.1590449,6524112.69787304
Road,249,scenario_29,construction,238071104.51270106,6848821.398733349
Road,250,scenario_29,construction,1561329695.3764071,44916279.31940507
Road,254,scenario_29,construction,1323823495.5568194,38083709.07957804
Road,255,scenario_29,construction,141104681.34951812,4059294.6509242277
Road,261,scenario_29,construction,128951399.92581557,3709669.466255746
Road,267,scenario_29,construction,143075132.13023564,4115980.5116453427
Road,270,scenario_29,construction,443045218.6099368,12745509.70825755
Road,273,scenario_29,construction,142458879.86503434,4098252.1875399556
Road,277,scenario_29,construction,1001643662.0882915,28815250.64059146
Road,284,scenario_29,construction,165840820.01590046,4770903.042741121
Road,285,scenario_29,construction,1081651927.7502804,31116925.69293759
Road,289,scenario_29,construction,1806910338.443409,51981134.86663612
Road,308,scenario_29,construction,1272109016.5535288,36595988.714912
Road,331,scenario_29,construction,1809319030.8791187,52050428.048311494
Road,334,scenario_29,construction,154144214.2024022,4434415.486420476
Road,348,scenario_29,construction,511767627.3162046,14722513.613386558
Road,351,scenario_29,construction,215490664.74718246,6199228.079227231
Road,356,scenario_29,construction,291513841.5784751,8386260.232279089
Road,358,scenario_29,construction,1557411441.409194,44803559.12317945
Road,390,scenario_29,construction,385392973.1395786,11086971.880785288
Road,392,scenario_29,construction,126427411.9691598,3637059.466973926
Road,394,scenario_29,construction,223218285.19308734,6421536.000129825
Road,423,scenario_29,construction,221136245.255448,6361639.946355853
Road,459,scenario_29,construction,1288511994.7396402,37067869.0308115
Road,464,scenario_29,construction,131288839.33600885,3776912.8433280787
Road,469,scenario_29,construction,157735155.08297828,4537719.550955379
Road,486,scenario_29,construction,1776737974.7240279,51113137.33827317
Road,493,scenario_29,construction,127574143.01461123,3670048.5865008635
Road,499,scenario_29,construction,149721588.62910992,4307185.545067666
Road,517,scenario_29,construction,135901440.20503777,3909607.9874963877
Road,521,scenario_29,construction,1340309963.014307,38557991.211983316
Road,531,scenario_29,construction,183125203.2839687,5268139.589917046
Road,533,scenario_29,construction,270883968.7693062,7792780.756314186
Road,538,scenario_29,construction,520403221.32182837,14970942.086625881
Road,540,scenario_29,construction,182656476.46843788,5254655.272906217
Road,546,scenario_29,construction,139232704.69704866,4005441.6905592787
Road,550,scenario_29,construction,241897366.88950434,6958895.184029794
Road,552,scenario_29,construction,143780849.82948923,4136282.5743001364
Road,556,scenario_29,construction,156767661.50513065,4509886.7287711715
Road,557,scenario_29,construction,1295171144.4890049,37259439.223230146
Road,558,scenario_29,construction,2082142906.5445366,59899015.97991827
Road,564,scenario_29,construction,2039196649.1737866,58663539.51553025
Road,565,scenario_29,construction,651838660.2994602,18752072.303434245
Road,569,scenario_29,construction,184817747.65013394,5316830.648401549
Road,594,scenario_29,construction,1471261542.2696161,42325201.76883542
Road,602,scenario_29,construction,692114198.1232255,19910717.599164292
Road,612,scenario_29,construction,1560568518.3662302,44894381.80518891
Road,614,scenario_29,construction,133434475.53122531,3838638.432066679
Road,625,scenario_29,construction,175602227.86178,5051718.890063141
Road,627,scenario_29,construction,167400540.7378984,4815773.03516936
Road,628,scenario_29,construction,175686226.4489187,5054135.358547363
Road,629,scenario_29,construction,402931427.64072055,11591517.5405116
Road,648,scenario_29,construction,1071396212.4812833,30821889.626559883
Road,662,scenario_29,construction,530762211.27003866,15268949.155445866
Road,669,scenario_29,construction,146397842.0088156,4211568.115881399
Road,670,scenario_29,construction,163731572.53603578,4710224.283322206
Road,673,scenario_29,construction,123156084.40216218,3542950.0273215203
Road,678,scenario_29,construction,183630858.38641328,5282686.258623817
Road,680,scenario_29,construction,379273129.26478386,10910916.421335924
Road,682,scenario_29,construction,2012529101.0006804,57896368.40102829
Road,689,scenario_29,construction,248009031.861101,7134715.353071464
Road,694,scenario_29,construction,244000087.32599494,7019386.17368798
Road,726,scenario_29,construction,163141107.3825319,4693237.801964877
Road,736,scenario_29,construction,160242608.0847507,4609853.873220184
Road,750,scenario_29,construction,405667555.44615126,11670230.37171327
Road,755,scenario_29,construction,1595495248.5975742,45899152.78689137
Road,759,scenario_29,construction,2243886982.086268,64552064.01762943
Road,761,scenario_29,construction,194510161.53526613,5595661.679818603
Road,764,scenario_29,construction,1237553924.4870203,35601909.007235095
Road,767,scenario_29,construction,150623175.04687318,4333122.35232289
Road,770,scenario_29,construction,143492675.31249598,4127992.3796434063
Road,775,scenario_29,construction,382970892.88338715,11017293.558747813
Road,776,scenario_29,construction,209077719.4171044,6014740.687128781
Road,780,scenario_29,construction,173941505.44616896,5003943.284364692
Road,789,scenario_29,construction,240556252.56542307,6920314.0529861245
Road,791,scenario_29,construction,218905443.42968664,6297464.315668204
Road,809,scenario_29,construction,219932541.20594823,6327011.829395459
Road,810,scenario_29,construction,335471943.9859319,9650845.4201041
Road,811,scenario_29,construction,133189653.18864092,3831595.3912818176
Road,813,scenario_29,construction,361895853.9050882,10411007.557642573
Road,822,scenario_29,construction,223972069.77134562,6443220.849117179
Road,831,scenario_29,construction,175544162.2241604,5050048.459784447
Road,837,scenario_29,construction,140808329.995619,4050769.225302826
Road,858,scenario_29,construction,695861081.2461154,20018507.804796882
Road,863,scenario_29,construction,259828758.63152117,7474744.848873279
Road,866,scenario_29,construction,157773330.63999507,4538817.784075019
Road,873,scenario_29,construction,937904892.4755925,26981615.894594394
Road,878,scenario_29,construction,258005630.69715536,7422297.166761371
Road,887,scenario_29,construction,125479383.29471019,3609786.610465475
Road,895,scenario_29,construction,1590635580.0951273,45759350.00948823
Road,935,scenario_29,construction,138564866.10173878,3986229.3326722495
Road,938,scenario_29,construction,201434501.61455643,5794860.858585888
Road,940,scenario_29,construction,139805361.10945883,4021915.8506614235
Road,945,scenario_29,construction,171511011.49686155,4934022.917491187
Road,952,scenario_29,construction,1724097680.4831092,49598783.15249003
Road,958,scenario_29,construction,157194165.85115075,4522156.3912220355
Road,964,scenario_29,construction,150458890.59717762,4328396.222888337
Road,970,scenario_29,construction,135600277.14398867,3900944.1388481315
Road,971,scenario_29,construction,374480090.2625369,10773030.439117527
Road,987,scenario_29,construction,162757318.6235116,4682196.980061052
Road,0,scenario_30,construction,152678141.04011753,4392239.543789739
Road,2,scenario_30,construction,194912878.2946077,5607247.021788821
Road,9,scenario_30,construction,1345794052.1316106,38715757.300295584
Road,12,scenario_30,construction,312373893.82249105,8986361.502359474
Road,15,scenario_30,construction,195150622.90997052,5614086.450758847
Road,17,scenario_30,construction,2357229443.5123625,67812696.0745481
Road,25,scenario_30,construction,153682014.62583685,4421118.9447971415
Road,27,scenario_30,construction,150350312.53158265,4325272.652807869
Road,28,scenario_30,construction,2450896121.356007,70507295.86177087
Road,57,scenario_30,construction,141144892.03203666,4060451.4304647534
Road,62,scenario_30,construction,140830295.48902065,4051401.1278663515
Road,63,scenario_30,construction,1122072298.9151125,32279737.54927389
Road,73,scenario_30,construction,166819302.03902298,4799051.980143475
Road,90,scenario_30,construction,137847332.70199814,3965587.3563496363
Road,94,scenario_30,construction,121470946.13406222,3494472.027213062
Road,103,scenario_30,construction,259656718.26383355,7469795.597454983
Road,104,scenario_30,construction,126249993.90891679,3631955.510279974
Road,109,scenario_30,construction,1719139270.9049108,49456139.79519407
Road,114,scenario_30,construction,153451414.61605844,4414485.051596405
Road,126,scenario_30,construction,481418563.00908685,13849432.768554196
Road,140,scenario_30,construction,141422827.4711255,4068447.067678242
Road,143,scenario_30,construction,429374947.4540389,12352243.814815175
Road,144,scenario_30,construction,161237634.02609128,4638478.74549646
Road,150,scenario_30,construction,521617136.85194135,15005863.967111586
Road,152,scenario_30,construction,2268314320.0625086,65254788.84174534
Road,176,scenario_30,construction,749620226.0889233,21565049.046459354
Road,177,scenario_30,construction,134517491.09974346,3869794.586930625
Road,195,scenario_30,construction,365521611.4676312,10515313.22729447
Road,197,scenario_30,construction,148324872.0083149,4267004.8490523
Road,201,scenario_30,construction,352625123.7916697,10144307.510559477
Road,202,scenario_30,construction,191211564.68119022,5500767.758247435
Road,206,scenario_30,construction,142935970.24447098,4111977.10727141
Road,209,scenario_30,construction,253701155.7129953,7298466.177519016
Road,227,scenario_30,construction,160838770.7169813,4627004.259450816
Road,233,scenario_30,construction,138027096.7062853,3970758.8010816793
Road,240,scenario_30,construction,180428309.50240535,5190555.441773202
Road,243,scenario_30,construction,474497528.1196527,13650328.67337574
Road,245,scenario_30,construction,226783942.1590449,6524112.69787304
Road,249,scenario_30,construction,238071104.51270106,6848821.398733349
Road,250,scenario_30,construction,1561329695.3764071,44916279.31940507
Road,254,scenario_30,construction,1323823495.5568194,38083709.07957804
Road,255,scenario_30,construction,141104681.34951812,4059294.6509242277
Road,261,scenario_30,construction,128951399.92581557,3709669.466255746
Road,267,scenario_30,construction,143075132.13023564,4115980.5116453427
Road,270,scenario_30,construction,443045218.6099368,12745509.70825755
Road,273,scenario_30,construction,142458879.86503434,4098252.1875399556
Road,277,scenario_30,construction,1001643662.0882915,28815250.64059146
Road,284,scenario_30,construction,165840820.01590046,4770903.042741121
Road,285,scenario_30,construction,1081651927.7502804,31116925.69293759
Road,289,scenario_30,construction,1806910338.443409,51981134.86663612
Road,308,scenario_30,construction,1272109016.5535288,36595988.714912
Road,331,scenario_30,construction,1809319030.8791187,52050428.048311494
Road,334,scenario_30,construction,154144214.2024022,4434415.486420476
Road,348,scenario_30,construction,511767627.3162046,14722513.613386558
Road,351,scenario_30,construction,215490664.74718246,6199228.079227231
Road,356,scenario_30,construction,291513841.5784751,8386260.232279089
Road,358,scenario_30,construction,1557411441.409194,44803559.12317945
Road,390,scenario_30,construction,385392973.1395786,11086971.880785288
Road,392,scenario_30,construction,126427411.9691598,3637059.466973926
Road,394,scenario_30,construction,223218285.19308734,6421536.000129825
Road,423,scenario_30,construction,221136245.255448,6361639.946355853
Road,459,scenario_30,construction,1288511994.7396402,37067869.0308115
Road,464,scenario_30,construction,131288839.33600885,3776912.8433280787
Road,469,scenario_30,construction,157735155.08297828,4537719.550955379
Road,486,scenario_30,construction,1776737974.7240279,51113137.33827317
Road,493,scenario_30,construction,127574143.01461123,3670048.5865008635
Road,499,scenario_30,construction,149721588.62910992,4307185.545067666
Road,517,scenario_30,construction,135901440.20503777,3909607.9874963877
Road,521,scenario_30,construction,1340309963.014307,38557991.211983316
Road,531,scenario_30,construction,183125203.2839687,5268139.589917046
Road,533,scenario_30,construction,270883968.7693062,7792780.756314186
Road,538,scenario_30,construction,520403221.32182837,14970942.086625881
Road,540,scenario_30,construction,182656476.46843788,5254655.272906217
Road,546,scenario_30,construction,139232704.69704866,4005441.6905592787
Road,550,scenario_30,construction,241897366.88950434,6958895.184029794
Road,552,scenario_30,construction,143780849.82948923,4136282.5743001364
Road,556,scenario_30,construction,156767661.50513065,4509886.7287711715
Road,557,scenario_30,construction,1295171144.4890049,37259439.223230146
Road,558,scenario_30,construction,2082142906.5445366,59899015.97991827
Road,564,scenario_30,construction,2039196649.1737866,58663539.51553025
Road,565,scenario_30,construction,651838660.2994602,18752072.303434245
Road,569,scenario_30,construction,184817747.65013394,5316830.648401549
Road,594,scenario_30,construction,1471261542.2696161,42325201.76883542
Road,602,scenario_30,construction,692114198.1232255,19910717.599164292
Road,612,scenario_30,construction,1560568518.3662302,44894381.80518891
Road,614,scenario_30,construction,133434475.53122531,3838638.432066679
Road,625,scenario_30,construction,175602227.86178,5051718.890063141
Road,627,scenario_30,construction,167400540.7378984,4815773.03516936
Road,628,scenario_30,construction,175686226.4489187,5054135.358547363
Road,629,scenario_30,construction,402931427.64072055,11591517.5405116
Road,648,scenario_30,construction,1071396212.4812833,30821889.626559883
Road,662,scenario_30,construction,530762211.27003866,15268949.155445866
Road,669,scenario_30,construction,146397842.0088156,4211568.115881399
Road,670,scenario_30,construction,163731572.53603578,4710224.283322206
Road,673,scenario_30,construction,123156084.40216218,3542950.0273215203
Road,678,scenario_30,construction,183630858.38641328,5282686.258623817
Road,680,scenario_30,construction,379273129.26478386,10910916.421335924
Road,682,scenario_30,construction,2012529101.0006804,57896368.40102829
Road,689,scenario_30,construction,248009031.861101,7134715.353071464
Road,694,scenario_30,construction,244000087.32599494,7019386.17368798
Road,726,scenario_30,construction,163141107.3825319,4693237.801964877
Road,736,scenario_30,construction,160242608.0847507,4609853.873220184
Road,750,scenario_30,construction,405667555.44615126,11670230.37171327
Road,755,scenario_30,construction,1595495248.5975742,45899152.78689137
Road,759,scenario_30,construction,2243886982.086268,64552064.01762943
Road,761,scenario_30,construction,194510161.53526613,5595661.679818603
Road,764,scenario_30,construction,1237553924.4870203,35601909.007235095
Road,767,scenario_30,construction,150623175.04687318,4333122.35232289
Road,770,scenario_30,construction,143492675.31249598,4127992.3796434063
Road,775,scenario_30,construction,382970892.88338715,11017293.558747813
Road,776,scenario_30,construction,209077719.4171044,6014740.687128781
Road,780,scenario_30,construction,173941505.44616896,5003943.284364692
Road,789,scenario_30,construction,240556252.56542307,6920314.0529861245
Road,791,scenario_30,construction,218905443.42968664,6297464.315668204
Road,809,scenario_30,construction,219932541.20594823,6327011.829395459
Road,810,scenario_30,construction,335471943.9859319,9650845.4201041
Road,811,scenario_30,construction,133189653.18864092,3831595.3912818176
Road,813,scenario_30,construction,361895853.9050882,10411007.557642573
Road,822,scenario_30,construction,223972069.77134562,6443220.849117179
Road,831,scenario_30,construction,175544162.2241604,5050048.459784447
Road,837,scenario_30,construction,140808329.995619,4050769.225302826
Road,858,scenario_30,construction,695861081.2461154,20018507.804796882
Road,863,scenario_30,construction,259828758.63152117,7474744.848873279
Road,866,scenario_30,construction,157773330.63999507,4538817.784075019
Road,873,scenario_30,construction,937904892.4755925,26981615.894594394
Road,878,scenario_30,construction,258005630.69715536,7422297.166761371
Road,887,scenario_30,construction,125479383.29471019,3609786.610465475
Road,895,scenario_30,construction,1590635580.0951273,45759350.00948823
Road,935,scenario_30,construction,138564866.10173878,3986229.3326722495
Road,938,scenario_30,construction,201434501.61455643,5794860.858585888
Road,940,scenario_30,construction,139805361.10945883,4021915.8506614235
Road,945,scenario_30,construction,171511011.49686155,4934022.917491187
Road,952,scenario_30,construction,1724097680.4831092,49598783.15249003
Road,958,scenario_30,construction,157194165.85115075,4522156.3912220355
Road,964,scenario_30,construction,150458890.59717762,4328396.222888337
Road,970,scenario_30,construction,135600277.14398867,3900944.1388481315
Road,971,scenario_30,construction,374480090.2625369,10773030.439117527
Road,987,scenario_30,construction,162757318.6235116,4682196.980061052
Rail,100000,scenario_19,construction,0.0,0.0
Rail,100001,scenario_19,construction,0.0,0.0
Rail,100002,scenario_19,construction,18300000.0,668970.1846914588
Rail,100003,scenario_19,construction,18300000.0,668970.1846914588
Rail,100004,scenario_19,construction,18300000.0,668970.1846914588
Rail,100005,scenario_19,construction,18300000.0,668970.1846914588
Rail,101000,scenario_19,construction,63332000.0,2315148.6195016108
Rail,101001,scenario_19,construction,63332000.0,2315148.6195016108
Rail,101002,scenario_19,construction,63332000.0,2315148.6195016108
Rail,101003,scenario_19,construction,63332000.0,2315148.6195016108
Rail,101004,scenario_19,construction,63332000.0,2315148.6195016108
Rail,101005,scenario_19,construction,64910000.0,2372833.589525825
Rail,101006,scenario_19,construction,64910000.0,2372833.589525825
Rail,101007,scenario_19,construction,64910000.0,2372833.589525825
Rail,101008,scenario_19,construction,64910000.0,2372833.589525825
Rail,101009,scenario_19,construction,18300000.0,668970.1846914588
Rail,101010,scenario_19,construction,18300000.0,668970.1846914588
Rail,101011,scenario_19,construction,18300000.0,668970.1846914588
Rail,101012,scenario_19,construction,18300000.0,668970.1846914588
Rail,101013,scenario_19,construction,40721000.0,1488586.6060557866
Rail,101014,scenario_19,construction,40721000.0,1488586.6060557866
Rail,101015,scenario_19,construction,18300000.0,668970.1846914588
Rail,101016,scenario_19,construction,18300000.0,668970.1846914588
Rail,101017,scenario_19,construction,63332000.0,2315148.6195016108
Rail,101018,scenario_19,construction,63332000.0,2315148.6195016108
Rail,101019,scenario_19,construction,63332000.0,2315148.6195016108
Rail,101020,scenario_19,construction,63332000.0,2315148.6195016108
Rail,101021,scenario_19,construction,63332000.0,2315148.6195016108
Rail,101022,scenario_19,construction,63332000.0,2315148.6195016108
Rail,101023,scenario_19,construction,63332000.0,2315148.6195016108
Rail,101024,scenario_19,construction,63332000.0,2315148.6195016108
Rail,101025,scenario_19,construction,63332000.0,2315148.6195016108
Rail,101026,scenario_19,construction,63332000.0,2315148.6195016108
Rail,101027,scenario_19,construction,63332000.0,2315148.6195016108
Rail,101028,scenario_19,construction,63332000.0,2315148.6195016108
Rail,101029,scenario_19,construction,63332000.0,2315148.6195016108
Rail,101030,scenario_19,construction,63332000.0,2315148.6195016108
Rail,101031,scenario_19,construction,63332000.0,2315148.6195016108
Rail,101032,scenario_19,construction,52197000.0,1908100.3677781464
Rail,100000,scenario_29,construction,0.0,0.0
Rail,100001,scenario_29,construction,0.0,0.0
Rail,100002,scenario_29,construction,18300000.0,668970.1846914588
Rail,100003,scenario_29,construction,18300000.0,668970.1846914588
Rail,100004,scenario_29,construction,18300000.0,668970.1846914588
Rail,100005,scenario_29,construction,18300000.0,668970.1846914588
Rail,101000,scenario_29,construction,63332000.0,2315148.6195016108
Rail,101001,scenario_29,construction,63332000.0,2315148.6195016108
Rail,101002,scenario_29,construction,63332000.0,2315148.6195016108
Rail,101003,scenario_29,construction,63332000.0,2315148.6195016108
Rail,101004,scenario_29,construction,63332000.0,2315148.6195016108
Rail,101005,scenario_29,construction,64910000.0,2372833.589525825
Rail,101006,scenario_29,construction,64910000.0,2372833.589525825
Rail,101007,scenario_29,construction,64910000.0,2372833.589525825
Rail,101008,scenario_29,construction,64910000.0,2372833.589525825
Rail,101009,scenario_29,construction,18300000.0,668970.1846914588
Rail,101010,scenario_29,construction,18300000.0,668970.1846914588
Rail,101011,scenario_29,construction,18300000.0,668970.1846914588
Rail,101012,scenario_29,construction,18300000.0,668970.1846914588
Rail,101013,scenario_29,construction,40721000.0,1488586.6060557866
Rail,101014,scenario_29,construction,40721000.0,1488586.6060557866
Rail,101015,scenario_29,construction,18300000.0,668970.1846914588
Rail,101016,scenario_29,construction,18300000.0,668970.1846914588
Rail,101017,scenario_29,construction,63332000.0,2315148.6195016108
Rail,101018,scenario_29,construction,63332000.0,2315148.6195016108
Rail,101019,scenario_29,construction,63332000.0,2315148.6195016108
Rail,101020,scenario_29,construction,63332000.0,2315148.6195016108
Rail,101021,scenario_29,construction,63332000.0,2315148.6195016108
Rail,101022,scenario_29,construction,63332000.0,2315148.6195016108
Rail,101023,scenario_29,construction,63332000.0,2315148.6195016108
Rail,101024,scenario_29,construction,63332000.0,2315148.6195016108
Rail,101025,scenario_29,construction,63332000.0,2315148.6195016108
Rail,101026,scenario_29,construction,63332000.0,2315148.6195016108
Rail,101027,scenario_29,construction,63332000.0,2315148.6195016108
Rail,101028,scenario_29,construction,63332000.0,2315148.6195016108
Rail,101029,scenario_29,construction,63332000.0,2315148.6195016108
Rail,101030,scenario_29,construction,63332000.0,2315148.6195016108
Rail,101031,scenario_29,construction,63332000.0,2315148.6195016108
Rail,101032,scenario_29,construction,52197000.0,1908100.3677781464
Rail,100000,scenario_30,construction,0.0,0.0
Rail,100001,scenario_30,construction,0.0,0.0
Rail,100002,scenario_30,construction,18300000.0,668970.1846914588
Rail,100003,scenario_30,construction,18300000.0,668970.1846914588
Rail,100004,scenario_30,construction,18300000.0,668970.1846914588
Rail,100005,scenario_30,construction,18300000.0,668970.1846914588
Rail,101000,scenario_30,construction,63332000.0,2315148.6195016108
Rail,101001,scenario_30,construction,63332000.0,2315148.6195016108
Rail,101002,scenario_30,construction,63332000.0,2315148.6195016108
Rail,101003,scenario_30,construction,63332000.0,2315148.6195016108
Rail,101004,scenario_30,construction,63332000.0,2315148.6195016108
Rail,101005,scenario_30,construction,64910000.0,2372833.589525825
Rail,101006,scenario_30,construction,64910000.0,2372833.589525825
Rail,101007,scenario_30,construction,64910000.0,2372833.589525825
Rail,101008,scenario_30,construction,64910000.0,2372833.589525825
Rail,101009,scenario_30,construction,18300000.0,668970.1846914588
Rail,101010,scenario_30,construction,18300000.0,668970.1846914588
Rail,101011,scenario_30,construction,18300000.0,668970.1846914588
Rail,101012,scenario_30,construction,18300000.0,668970.1846914588
Rail,101013,scenario_30,construction,40721000.0,1488586.6060557866
Rail,101014,scenario_30,construction,40721000.0,1488586.6060557866
Rail,101015,scenario_30,construction,18300000.0,668970.1846914588
Rail,101016,scenario_30,construction,18300000.0,668970.1846914588
Rail,101017,scenario_30,construction,63332000.0,2315148.6195016108
Rail,101018,scenario_30,construction,63332000.0,2315148.6195016108
Rail,101019,scenario_30,construction,63332000.0,2315148.6195016108
Rail,101020,scenario_30,construction,63332000.0,2315148.6195016108
Rail,101021,scenario_30,construction,63332000.0,2315148.6195016108
Rail,101022,scenario_30,construction,63332000.0,2315148.6195016108
Rail,101023,scenario_30,construction,63332000.0,2315148.6195016108
Rail,101024,scenario_30,construction,63332000.0,2315148.6195016108
Rail,101025,scenario_30,construction,63332000.0,2315148.6195016108
Rail,101026,scenario_30,construction,63332000.0,2315148.6195016108
Rail,101027,scenario_30,construction,63332000.0,2315148.6195016108
Rail,101028,scenario_30,construction,63332000.0,2315148.6195016108
Rail,101029,scenario_30,construction,63332000.0,2315148.6195016108
Rail,101030,scenario_30,construction,63332000.0,2315148.6195016108
Rail,101031,scenario_30,construction,63332000.0,2315148.6195016108
Rail,101032,scenario_30,construction,52197000.0,1908100.3677781464
Road,0,scenario_19,maintenance,2128372.97034406,2513203.435361913
Road,2,scenario_19,maintenance,2881052.492674267,3401974.7116392325
Road,9,scenario_19,maintenance,17446223.215527397,20600669.49274701
Road,12,scenario_19,maintenance,4972816.319064497,5871949.71493947
Road,15,scenario_19,maintenance,2534637.646489866,2992924.703195333
Road,17,scenario_19,maintenance,30102127.951760042,35544884.488848604
Road,25,scenario_19,maintenance,2146450.6436105366,2534549.7271959586
Road,27,scenario_19,maintenance,2086937.2983582704,2464275.7922127983
Road,28,scenario_19,maintenance,30957887.33441809,36555373.46343454
Road,57,scenario_19,maintenance,1922211.7478663805,2269766.2653787034
Road,62,scenario_19,maintenance,1916737.9253038785,2263302.7226348687
Road,63,scenario_19,maintenance,14506441.211993542,17129346.405373808
Road,73,scenario_19,maintenance,2379807.042304901,2810099.2248798893
Road,90,scenario_19,maintenance,1863016.815520006,2199868.3154414445
Road,94,scenario_19,maintenance,1571072.537806484,1855137.6822736738
Road,103,scenario_19,maintenance,4031434.3203598512,4760356.725318894
Road,104,scenario_19,maintenance,1656002.2441377097,1955423.5027994865
Road,109,scenario_19,maintenance,21997233.397928752,25974546.43261869
Road,114,scenario_19,maintenance,2142185.759122142,2529513.7102492102
Road,126,scenario_19,maintenance,7512433.252966238,8870754.008978862
Road,140,scenario_19,maintenance,1927322.1730626537,2275800.704989801
Road,143,scenario_19,maintenance,5308156.610404499,6267922.781668804
Road,144,scenario_19,maintenance,2281414.7470150813,2693916.6488083913
Road,150,scenario_19,maintenance,6544685.522982683,7728028.108280548
Road,152,scenario_19,maintenance,28862626.825038143,34081269.54296397
Road,176,scenario_19,maintenance,10319569.185627632,12185447.330024013
Road,177,scenario_19,maintenance,1804119.6449385548,2130321.965482644
Road,195,scenario_19,maintenance,4755154.37347054,5614932.379615079
Road,197,scenario_19,maintenance,2050611.6352857822,2421382.0971238124
Road,201,scenario_19,maintenance,5088526.572247073,6008581.503567211
Road,202,scenario_19,maintenance,2581793.9789130255,3048607.357643719
Road,206,scenario_19,maintenance,1953768.1155433934,2307028.330232211
Road,209,scenario_19,maintenance,3580073.6834223275,4227385.709832285
Road,227,scenario_19,maintenance,2270500.8357484313,2681029.3965876745
Road,233,scenario_19,maintenance,1866227.8941063904,2203659.988163737
Road,240,scenario_19,maintenance,2618383.4795429665,3091812.594678128
Road,243,scenario_19,maintenance,6584098.933666738,7774567.845681218
Road,245,scenario_19,maintenance,3444964.9766056845,4067848.039109092
Road,249,scenario_19,maintenance,3652559.827668053,4312978.051622383
Road,250,scenario_19,maintenance,19240286.715449188,22719117.0647118
Road,254,scenario_19,maintenance,16878219.352004915,19929965.02459509
Road,255,scenario_19,maintenance,1920036.1217531571,2267197.264974168
Road,261,scenario_19,maintenance,1704693.977106235,2012919.1730956757
Road,267,scenario_19,maintenance,1956982.6053067583,2310824.030905349
Road,270,scenario_19,maintenance,5493731.5520326225,6487051.471665977
Road,273,scenario_19,maintenance,1945537.4422950253,2297309.471474201
Road,277,scenario_19,maintenance,12298827.571812637,14522574.81892692
Road,284,scenario_19,maintenance,2363348.814401673,2790665.189829315
Road,285,scenario_19,maintenance,13668943.993735941,16140421.571541326
Road,289,scenario_19,maintenance,22325340.519414105,26361978.502266895
Road,308,scenario_19,maintenance,16247962.138828171,19185751.197701126
Road,331,scenario_19,maintenance,23936601.31629083,28264570.870426856
Road,334,scenario_19,maintenance,2154706.796831145,2544298.6729521872
Road,348,scenario_19,maintenance,7014807.764412533,8283153.008222566
Road,351,scenario_19,maintenance,3244441.774442886,3831068.2981674233
Road,356,scenario_19,maintenance,4372739.307411585,5163372.96256509
Road,358,scenario_19,maintenance,19343076.384779602,22840492.10267761
Road,390,scenario_19,maintenance,4992155.510395102,5894785.619532518
Road,392,scenario_19,maintenance,1659608.6236059722,1959681.9506350604
Road,394,scenario_19,maintenance,3035857.408056913,3584769.8563678763
Road,423,scenario_19,maintenance,2998520.7240728065,3540682.337985838
Road,459,scenario_19,maintenance,16540818.621721808,19531558.971588295
Road,464,scenario_19,maintenance,1746301.326178511,2062049.5342127134
Road,469,scenario_19,maintenance,2218850.858443004,2620040.6027019015
Road,486,scenario_19,maintenance,22322595.097521745,26358736.681482878
Road,493,scenario_19,maintenance,1680092.3879668792,1983869.378157528
Road,499,scenario_19,maintenance,2075706.5635513556,2451014.431684519
Road,517,scenario_19,maintenance,1827529.1573880275,2157964.144709648
Road,521,scenario_19,maintenance,17342287.18247126,20477940.81738127
Road,531,scenario_19,maintenance,2672241.0821901076,3155408.1739676315
Road,533,scenario_19,maintenance,4239707.8048791755,5006288.074796681
Road,538,scenario_19,maintenance,6581761.022042856,7771807.216972536
Road,540,scenario_19,maintenance,2663576.86397543,3145177.381110714
Road,546,scenario_19,maintenance,1888346.303510026,2229777.620398548
Road,550,scenario_19,maintenance,3369517.08306574,3978758.435041833
Road,552,scenario_19,maintenance,1969151.4547973468,2325193.1263459874
Road,556,scenario_19,maintenance,2201423.0319838044,2599461.6562773604
Road,557,scenario_19,maintenance,16659769.316264382,19672017.104786046
Road,558,scenario_19,maintenance,26659788.83062905,31480137.085338492
Road,564,scenario_19,maintenance,25080285.614042465,29615044.375836127
Road,565,scenario_19,maintenance,8810728.422211926,10403793.53021211
Road,569,scenario_19,maintenance,2702183.1001818045,3190763.999063567
Road,594,scenario_19,maintenance,18627270.980539933,21995262.14249119
Road,602,scenario_19,maintenance,9294539.69588742,10975082.572128253
Road,612,scenario_19,maintenance,20104582.798659574,23739686.25806284
Road,614,scenario_19,maintenance,1784482.5433126716,2107134.285525055
Road,625,scenario_19,maintenance,2537568.619256501,2996385.6242503813
Road,627,scenario_19,maintenance,2391209.708082852,2823563.603165429
Road,628,scenario_19,maintenance,2539069.0646071555,2998157.3646654217
Road,629,scenario_19,maintenance,5070985.942758763,5987869.358232409
Road,648,scenario_19,maintenance,13779108.373930246,16270504.739584044
Road,662,scenario_19,maintenance,7236438.715039318,8544856.983164383
Road,669,scenario_19,maintenance,2015898.119020216,2380392.040612237
Road,670,scenario_19,maintenance,2325817.599614286,2746347.967589023
Road,673,scenario_19,maintenance,1601173.7331445047,1890681.4655231787
Road,678,scenario_19,maintenance,2680107.588039657,3164697.020330958
Road,680,scenario_19,maintenance,6160679.27961212,7274589.813636489
Road,682,scenario_19,maintenance,25827610.706110194,30497493.088954844
Road,689,scenario_19,maintenance,3595769.7161855493,4245919.737472988
Road,694,scenario_19,maintenance,3406785.971646694,4022765.899954636
Road,726,scenario_19,maintenance,2315124.5357938544,2733721.494173648
Road,736,scenario_19,maintenance,2263495.116964861,2672756.975936137
Road,750,scenario_19,maintenance,6048205.94140087,7141780.205584832
Road,755,scenario_19,maintenance,19674444.93083095,23231775.294068877
Road,759,scenario_19,maintenance,27965976.87608968,33022496.59131815
Road,761,scenario_19,maintenance,2640570.23840446,3118010.934615342
Road,764,scenario_19,maintenance,15865750.788385794,18734432.330025967
Road,767,scenario_19,maintenance,2091519.9013274799,2469686.9742215862
Road,770,scenario_19,maintenance,1964149.6021506635,2319286.890253924
Road,775,scenario_19,maintenance,6227314.429740505,7353273.244854582
Road,776,scenario_19,maintenance,3131306.468411414,3697477.0320966775
Road,780,scenario_19,maintenance,2507029.1463031364,2960324.3185441117
Road,789,scenario_19,maintenance,3697971.5409235377,4366600.642845624
Road,791,scenario_19,maintenance,3309042.6267538145,3907349.6108026276
Road,809,scenario_19,maintenance,3327389.412521939,3929013.6732873362
Road,810,scenario_19,maintenance,5382641.930807529,6355875.770045022
Road,811,scenario_19,maintenance,1780255.0795068997,2102142.4552830947
Road,813,scenario_19,maintenance,5275650.253088929,6229538.959841097
Road,822,scenario_19,maintenance,3164946.236503535,3737199.19635637
Road,831,scenario_19,maintenance,2536531.407572747,2995160.874639703
Road,837,scenario_19,maintenance,1915908.3554119393,2262323.1584647987
Road,858,scenario_19,maintenance,9477676.421867434,11191332.193452612
Road,863,scenario_19,maintenance,3689383.757123839,4356460.104486852
Road,866,scenario_19,maintenance,2219095.5728046177,2620329.5637923023
Road,873,scenario_19,maintenance,12157001.31461359,14355104.999593727
Road,878,scenario_19,maintenance,4009665.3346099714,4734651.695921674
Road,887,scenario_19,maintenance,1642674.2290486468,1939685.653383473
Road,895,scenario_19,maintenance,19671924.911729056,23228799.63108485
Road,935,scenario_19,maintenance,1876125.402327138,2215347.0618150644
Road,938,scenario_19,maintenance,2999003.940605116,3541252.9247513837
Road,940,scenario_19,maintenance,1898284.0484454313,2241512.205952589
Road,945,scenario_19,maintenance,2464633.999483154,2910263.718209844
Road,952,scenario_19,maintenance,22029668.07686504,26012845.615921304
Road,958,scenario_19,maintenance,2209041.5703999675,2608457.7002916024
Road,964,scenario_19,maintenance,2088585.3300789965,2466221.8040442886
Road,970,scenario_19,maintenance,1823461.1760426213,2153160.6329028755
Road,971,scenario_19,maintenance,4738899.308415321,5595738.241224849
Road,987,scenario_19,maintenance,2308269.015019982,2725626.4287879486
Road,0,scenario_29,maintenance,2128372.97034406,2513203.435361913
Road,2,scenario_29,maintenance,2881052.492674267,3401974.7116392325
Road,9,scenario_29,maintenance,17446223.215527397,20600669.49274701
Road,12,scenario_29,maintenance,4972816.319064497,5871949.71493947
Road,15,scenario_29,maintenance,2534637.646489866,2992924.703195333
Road,17,scenario_29,maintenance,30102127.951760042,35544884.488848604
Road,25,scenario_29,maintenance,2146450.6436105366,2534549.7271959586
Road,27,scenario_29,maintenance,2086937.2983582704,2464275.7922127983
Road,28,scenario_29,maintenance,30957887.33441809,36555373.46343454
Road,57,scenario_29,maintenance,1922211.7478663805,2269766.2653787034
Road,62,scenario_29,maintenance,1916737.9253038785,2263302.7226348687
Road,63,scenario_29,maintenance,14506441.211993542,17129346.405373808
Road,73,scenario_29,maintenance,2379807.042304901,2810099.2248798893
Road,90,scenario_29,maintenance,1863016.815520006,2199868.3154414445
Road,94,scenario_29,maintenance,1571072.537806484,1855137.6822736738
Road,103,scenario_29,maintenance,4031434.3203598512,4760356.725318894
Road,104,scenario_29,maintenance,1656002.2441377097,1955423.5027994865
Road,109,scenario_29,maintenance,21997233.397928752,25974546.43261869
Road,114,scenario_29,maintenance,2142185.759122142,2529513.7102492102
Road,126,scenario_29,maintenance,7512433.252966238,8870754.008978862
Road,140,scenario_29,maintenance,1927322.1730626537,2275800.704989801
Road,143,scenario_29,maintenance,5308156.610404499,6267922.781668804
Road,144,scenario_29,maintenance,2281414.7470150813,2693916.6488083913
Road,150,scenario_29,maintenance,6544685.522982683,7728028.108280548
Road,152,scenario_29,maintenance,28862626.825038143,34081269.54296397
Road,176,scenario_29,maintenance,10319569.185627632,12185447.330024013
Road,177,scenario_29,maintenance,1804119.6449385548,2130321.965482644
Road,195,scenario_29,maintenance,4755154.37347054,5614932.379615079
Road,197,scenario_29,maintenance,2050611.6352857822,2421382.0971238124
Road,201,scenario_29,maintenance,5088526.572247073,6008581.503567211
Road,202,scenario_29,maintenance,2581793.9789130255,3048607.357643719
Road,206,scenario_29,maintenance,1953768.1155433934,2307028.330232211
Road,209,scenario_29,maintenance,3580073.6834223275,4227385.709832285
Road,227,scenario_29,maintenance,2270500.8357484313,2681029.3965876745
Road,233,scenario_29,maintenance,1866227.8941063904,2203659.988163737
Road,240,scenario_29,maintenance,2618383.4795429665,3091812.594678128
Road,243,scenario_29,maintenance,6584098.933666738,7774567.845681218
Road,245,scenario_29,maintenance,3444964.9766056845,4067848.039109092
Road,249,scenario_29,maintenance,3652559.827668053,4312978.051622383
Road,250,scenario_29,maintenance,19240286.715449188,22719117.0647118
Road,254,scenario_29,maintenance,16878219.352004915,19929965.02459509
Road,255,scenario_29,maintenance,1920036.1217531571,2267197.264974168
Road,261,scenario_29,maintenance,1704693.977106235,2012919.1730956757
Road,267,scenario_29,maintenance,1956982.6053067583,2310824.030905349
Road,270,scenario_29,maintenance,5493731.5520326225,6487051.471665977
Road,273,scenario_29,maintenance,1945537.4422950253,2297309.471474201
Road,277,scenario_29,maintenance,12298827.571812637,14522574.81892692
Road,284,scenario_29,maintenance,2363348.814401673,2790665.189829315
Road,285,scenario_29,maintenance,13668943.993735941,16140421.571541326
Road,289,scenario_29,maintenance,22325340.519414105,26361978.502266895
Road,308,scenario_29,maintenance,16247962.138828171,19185751.197701126
Road,331,scenario_29,maintenance,23936601.31629083,28264570.870426856
Road,334,scenario_29,maintenance,2154706.796831145,2544298.6729521872
Road,348,scenario_29,maintenance,7014807.764412533,8283153.008222566
Road,351,scenario_29,maintenance,3244441.774442886,3831068.2981674233
Road,356,scenario_29,maintenance,4372739.307411585,5163372.96256509
Road,358,scenario_29,maintenance,19343076.384779602,22840492.10267761
Road,390,scenario_29,maintenance,4992155.510395102,5894785.619532518
Road,392,scenario_29,maintenance,1659608.6236059722,1959681.9506350604
Road,394,scenario_29,maintenance,3035857.408056913,3584769.8563678763
Road,423,scenario_29,maintenance,2998520.7240728065,3540682.337985838
Road,459,scenario_29,maintenance,16540818.621721808,19531558.971588295
Road,464,scenario_29,maintenance,1746301.326178511,2062049.5342127134
Road,469,scenario_29,maintenance,2218850.858443004,2620040.6027019015
Road,486,scenario_29,maintenance,22322595.097521745,26358736.681482878
Road,493,scenario_29,maintenance,1680092.3879668792,1983869.378157528
Road,499,scenario_29,maintenance,2075706.5635513556,2451014.431684519
Road,517,scenario_29,maintenance,1827529.1573880275,2157964.144709648
Road,521,scenario_29,maintenance,17342287.18247126,20477940.81738127
Road,531,scenario_29,maintenance,2672241.0821901076,3155408.1739676315
Road,533,scenario_29,maintenance,4239707.8048791755,5006288.074796681
Road,538,scenario_29,maintenance,6581761.022042856,7771807.216972536
Road,540,scenario_29,maintenance,2663576.86397543,3145177.381110714
Road,546,scenario_29,maintenance,1888346.303510026,2229777.620398548
Road,550,scenario_29,maintenance,3369517.08306574,3978758.435041833
Road,552,scenario_29,maintenance,1969151.4547973468,2325193.1263459874
Road,556,scenario_29,maintenance,2201423.0319838044,2599461.6562773604
Road,557,scenario_29,maintenance,16659769.316264382,19672017.104786046
Road,558,scenario_29,maintenance,26659788.83062905,31480137.085338492
Road,564,scenario_29,maintenance,25080285.614042465,29615044.375836127
Road,565,scenario_29,maintenance,8810728.422211926,10403793.53021211
Road,569,scenario_29,maintenance,2702183.1001818045,3190763.999063567
Road,594,scenario_29,maintenance,18627270.980539933,21995262.14249119
Road,602,scenario_29,maintenance,9294539.69588742,10975082.572128253
Road,612,scenario_29,maintenance,20104582.798659574,23739686.25806284
Road,614,scenario_29,maintenance,1784482.5433126716,2107134.285525055
Road,625,scenario_29,maintenance,2537568.619256501,2996385.6242503813
Road,627,scenario_29,maintenance,2391209.708082852,2823563.603165429
Road,628,scenario_29,maintenance,2539069.0646071555,2998157.3646654217
Road,629,scenario_29,maintenance,5070985.942758763,5987869.358232409
Road,648,scenario_29,maintenance,13779108.373930246,16270504.739584044
Road,662,scenario_29,maintenance,7236438.715039318,8544856.983164383
Road,669,scenario_29,maintenance,2015898.119020216,2380392.040612237
Road,670,scenario_29,maintenance,2325817.599614286,2746347.967589023
Road,673,scenario_29,maintenance,1601173.7331445047,1890681.4655231787
Road,678,scenario_29,maintenance,2680107.588039657,3164697.020330958
Road,680,scenario_29,maintenance,6160679.27961212,7274589.813636489
Road,682,scenario_29,maintenance,25827610.706110194,30497493.088954844
Road,689,scenario_29,maintenance,3595769.7161855493,4245919.737472988
Road,694,scenario_29,maintenance,3406785.971646694,4022765.899954636
Road,726,scenario_29,maintenance,2315124.5357938544,2733721.494173648
Road,736,scenario_29,maintenance,2263495.116964861,2672756.975936137
Road,750,scenario_29,maintenance,6048205.94140087,7141780.205584832
Road,755,scenario_29,maintenance,19674444.93083095,23231775.294068877
Road,759,scenario_29,maintenance,27965976.87608968,33022496.59131815
Road,761,scenario_29,maintenance,2640570.23840446,3118010.934615342
Road,764,scenario_29,maintenance,15865750.788385794,18734432.330025967
Road,767,scenario_29,maintenance,2091519.9013274799,2469686.9742215862
Road,770,scenario_29,maintenance,1964149.6021506635,2319286.890253924
Road,775,scenario_29,maintenance,6227314.429740505,7353273.244854582
Road,776,scenario_29,maintenance,3131306.468411414,3697477.0320966775
Road,780,scenario_29,maintenance,2507029.1463031364,2960324.3185441117
Road,789,scenario_29,maintenance,3697971.5409235377,4366600.642845624
Road,791,scenario_29,maintenance,3309042.6267538145,3907349.6108026276
Road,809,scenario_29,maintenance,3327389.412521939,3929013.6732873362
Road,810,scenario_29,maintenance,5382641.930807529,6355875.770045022
Road,811,scenario_29,maintenance,1780255.0795068997,2102142.4552830947
Road,813,scenario_29,maintenance,5275650.253088929,6229538.959841097
Road,822,scenario_29,maintenance,3164946.236503535,3737199.19635637
Road,831,scenario_29,maintenance,2536531.407572747,2995160.874639703
Road,837,scenario_29,maintenance,1915908.3554119393,2262323.1584647987
Road,858,scenario_29,maintenance,9477676.421867434,11191332.193452612
Road,863,scenario_29,maintenance,3689383.757123839,4356460.104486852
Road,866,scenario_29,maintenance,2219095.5728046177,2620329.5637923023
Road,873,scenario_29,maintenance,12157001.31461359,14355104.999593727
Road,878,scenario_29,maintenance,4009665.3346099714,4734651.695921674
Road,887,scenario_29,maintenance,1642674.2290486468,1939685.653383473
Road,895,scenario_29,maintenance,19671924.911729056,23228799.63108485
Road,935,scenario_29,maintenance,1876125.402327138,2215347.0618150644
Road,938,scenario_29,maintenance,2999003.940605116,3541252.9247513837
Road,940,scenario_29,maintenance,1898284.0484454313,2241512.205952589
Road,945,scenario_29,maintenance,2464633.999483154,2910263.718209844
Road,952,scenario_29,maintenance,22029668.07686504,26012845.615921304
Road,958,scenario_29,maintenance,2209041.5703999675,2608457.7002916024
Road,964,scenario_29,maintenance,2088585.3300789965,2466221.8040442886
Road,970,scenario_29,maintenance,1823461.1760426213,2153160.6329028755
Road,971,scenario_29,maintenance,4738899.308415321,5595738.241224849
Road,987,scenario_29,maintenance,2308269.015019982,2725626.4287879486
Road,0,scenario_30,maintenance,2128372.97034406,2513203.435361913
Road,2,scenario_30,maintenance,2881052.492674267,3401974.7116392325
Road,9,scenario_30,maintenance,17446223.215527397,20600669.49274701
Road,12,scenario_30,maintenance,4972816.319064497,5871949.71493947
Road,15,scenario_30,maintenance,2534637.646489866,2992924.703195333
Road,17,scenario_30,maintenance,30102127.951760042,35544884.488848604
Road,25,scenario_30,maintenance,2146450.6436105366,2534549.7271959586
Road,27,scenario_30,maintenance,2086937.2983582704,2464275.7922127983
Road,28,scenario_30,maintenance,30957887.33441809,36555373.46343454
Road,57,scenario_30,maintenance,1922211.7478663805,2269766.2653787034
Road,62,scenario_30,maintenance,1916737.9253038785,2263302.7226348687
Road,63,scenario_30,maintenance,14506441.211993542,17129346.405373808
Road,73,scenario_30,maintenance,2379807.042304901,2810099.2248798893
Road,90,scenario_30,maintenance,1863016.815520006,2199868.3154414445
Road,94,scenario_30,maintenance,1571072.537806484,1855137.6822736738
Road,103,scenario_30,maintenance,4031434.3203598512,4760356.725318894
Road,104,scenario_30,maintenance,1656002.2441377097,1955423.5027994865
Road,109,scenario_30,maintenance,21997233.397928752,25974546.43261869
Road,114,scenario_30,maintenance,2142185.759122142,2529513.7102492102
Road,126,scenario_30,maintenance,7512433.252966238,8870754.008978862
Road,140,scenario_30,maintenance,1927322.1730626537,2275800.704989801
Road,143,scenario_30,maintenance,5308156.610404499,6267922.781668804
Road,144,scenario_30,maintenance,2281414.7470150813,2693916.6488083913
Road,150,scenario_30,maintenance,6544685.522982683,7728028.108280548
Road,152,scenario_30,maintenance,28862626.825038143,34081269.54296397
Road,176,scenario_30,maintenance,10319569.185627632,12185447.330024013
Road,177,scenario_30,maintenance,1804119.6449385548,2130321.965482644
Road,195,scenario_30,maintenance,4755154.37347054,5614932.379615079
Road,197,scenario_30,maintenance,2050611.6352857822,2421382.0971238124
Road,201,scenario_30,maintenance,5088526.572247073,6008581.503567211
Road,202,scenario_30,maintenance,2581793.9789130255,3048607.357643719
Road,206,scenario_30,maintenance,1953768.1155433934,2307028.330232211
Road,209,scenario_30,maintenance,3580073.6834223275,4227385.709832285
Road,227,scenario_30,maintenance,2270500.8357484313,2681029.3965876745
Road,233,scenario_30,maintenance,1866227.8941063904,2203659.988163737
Road,240,scenario_30,maintenance,2618383.4795429665,3091812.594678128
Road,243,scenario_30,maintenance,6584098.933666738,7774567.845681218
Road,245,scenario_30,maintenance,3444964.9766056845,4067848.039109092
Road,249,scenario_30,maintenance,3652559.827668053,4312978.051622383
Road,250,scenario_30,maintenance,19240286.715449188,22719117.0647118
Road,254,scenario_30,maintenance,16878219.352004915,19929965.02459509
Road,255,scenario_30,maintenance,1920036.1217531571,2267197.264974168
Road,261,scenario_30,maintenance,1704693.977106235,2012919.1730956757
Road,267,scenario_30,maintenance,1956982.6053067583,2310824.030905349
Road,270,scenario_30,maintenance,5493731.5520326225,6487051.471665977
Road,273,scenario_30,maintenance,1945537.4422950253,2297309.471474201
Road,277,scenario_30,maintenance,12298827.571812637,14522574.81892692
Road,284,scenario_30,maintenance,2363348.814401673,2790665.189829315
Road,285,scenario_30,maintenance,13668943.993735941,16140421.571541326
Road,289,scenario_30,maintenance,22325340.519414105,26361978.502266895
Road,308,scenario_30,maintenance,16247962.138828171,19185751.197701126
Road,331,scenario_30,maintenance,23936601.31629083,28264570.870426856
Road,334,scenario_30,maintenance,2154706.796831145,2544298.6729521872
Road,348,scenario_30,maintenance,7014807.764412533,8283153.008222566
Road,351,scenario_30,maintenance,3244441.774442886,3831068.2981674233
Road,356,scenario_30,maintenance,4372739.307411585,5163372.96256509
Road,358,scenario_30,maintenance,19343076.384779602,22840492.10267761
Road,390,scenario_30,maintenance,4992155.510395102,5894785.619532518
Road,392,scenario_30,maintenance,1659608.6236059722,1959681.9506350604
Road,394,scenario_30,maintenance,3035857.408056913,3584769.8563678763
Road,423,scenario_30,maintenance,2998520.7240728065,3540682.337985838
Road,459,scenario_30,maintenance,16540818.621721808,19531558.971588295
Road,464,scenario_30,maintenance,1746301.326178511,2062049.5342127134
Road,469,scenario_30,maintenance,2218850.858443004,2620040.6027019015
Road,486,scenario_30,maintenance,22322595.097521745,26358736.681482878
Road,493,scenario_30,maintenance,1680092.3879668792,1983869.378157528
Road,499,scenario_30,maintenance,2075706.5635513556,2451014.431684519
Road,517,scenario_30,maintenance,1827529.1573880275,2157964.144709648
Road,521,scenario_30,maintenance,17342287.18247126,20477940.81738127
Road,531,scenario_30,maintenance,2672241.0821901076,3155408.1739676315
Road,533,scenario_30,maintenance,4239707.8048791755,5006288.074796681
Road,538,scenario_30,maintenance,6581761.022042856,7771807.216972536
Road,540,scenario_30,maintenance,2663576.86397543,3145177.381110714
Road,546,scenario_30,maintenance,1888346.303510026,2229777.620398548
Road,550,scenario_30,maintenance,3369517.08306574,3978758.435041833
Road,552,scenario_30,maintenance,1969151.4547973468,2325193.1263459874
Road,556,scenario_30,maintenance,2201423.0319838044,2599461.6562773604
Road,557,scenario_30,maintenance,16659769.316264382,19672017.104786046
Road,558,scenario_30,maintenance,26659788.83062905,31480137.085338492
Road,564,scenario_30,maintenance,25080285.614042465,29615044.375836127
Road,565,scenario_30,maintenance,8810728.422211926,10403793.53021211
Road,569,scenario_30,maintenance,2702183.1001818045,3190763.999063567
Road,594,scenario_30,maintenance,18627270.980539933,21995262.14249119
Road,602,scenario_30,maintenance,9294539.69588742,10975082.572128253
Road,612,scenario_30,maintenance,20104582.798659574,23739686.25806284
Road,614,scenario_30,maintenance,1784482.5433126716,2107134.285525055
Road,625,scenario_30,maintenance,2537568.619256501,2996385.6242503813
Road,627,scenario_30,maintenance,2391209.708082852,2823563.603165429
Road,628,scenario_30,maintenance,2539069.0646071555,2998157.3646654217
Road,629,scenario_30,maintenance,5070985.942758763,5987869.358232409
Road,648,scenario_30,maintenance,13779108.373930246,16270504.739584044
Road,662,scenario_30,maintenance,7236438.715039318,8544856.983164383
Road,669,scenario_30,maintenance,2015898.119020216,2380392.040612237
Road,670,scenario_30,maintenance,2325817.599614286,2746347.967589023
Road,673,scenario_30,maintenance,1601173.7331445047,1890681.4655231787
Road,678,scenario_30,maintenance,2680107.588039657,3164697.020330958
Road,680,scenario_30,maintenance,6160679.27961212,7274589.813636489
Road,682,scenario_30,maintenance,25827610.706110194,30497493.088954844
Road,689,scenario_30,maintenance,3595769.7161855493,4245919.737472988
Road,694,scenario_30,maintenance,3406785.971646694,4022765.899954636
Road,726,scenario_30,maintenance,2315124.5357938544,2733721.494173648
Road,736,scenario_30,maintenance,2263495.116964861,2672756.975936137
Road,750,scenario_30,maintenance,6048205.94140087,7141780.205584832
Road,755,scenario_30,maintenance,19674444.93083095,23231775.294068877
Road,759,scenario_30,maintenance,27965976.87608968,33022496.59131815
Road,761,scenario_30,maintenance,2640570.23840446,3118010.934615342
Road,764,scenario_30,maintenance,15865750.788385794,18734432.330025967
Road,767,scenario_30,maintenance,2091519.9013274799,2469686.9742215862
Road,770,scenario_30,maintenance,1964149.6021506635,2319286.890253924
Road,775,scenario_30,maintenance,6227314.429740505,7353273.244854582
Road,776,scenario_30,maintenance,3131306.468411414,3697477.0320966775
Road,780,scenario_30,maintenance,2507029.1463031364,2960324.3185441117
Road,789,scenario_30,maintenance,3697971.5409235377,4366600.642845624
Road,791,scenario_30,maintenance,3309042.6267538145,3907349.6108026276
Road,809,scenario_30,maintenance,3327389.412521939,3929013.6732873362
Road,810,scenario_30,maintenance,5382641.930807529,6355875.770045022
Road,811,scenario_30,maintenance,1780255.0795068997,2102142.4552830947
Road,813,scenario_30,maintenance,5275650.253088929,6229538.959841097
Road,822,scenario_30,maintenance,3164946.236503535,3737199.19635637
Road,831,scenario_30,maintenance,2536531.407572747,2995160.874639703
Road,837,scenario_30,maintenance,1915908.3554119393,2262323.1584647987
Road,858,scenario_30,maintenance,9477676.421867434,11191332.193452612
Road,863,scenario_30,maintenance,3689383.757123839,4356460.104486852
Road,866,scenario_30,maintenance,2219095.5728046177,2620329.5637923023
Road,873,scenario_30,maintenance,12157001.31461359,14355104.999593727
Road,878,scenario_30,maintenance,4009665.3346099714,4734651.695921674
Road,887,scenario_30,maintenance,1642674.2290486468,1939685.653383473
Road,895,scenario_30,maintenance,19671924.911729056,23228799.63108485
Road,935,scenario_30,maintenance,1876125.402327138,2215347.0618150644
Road,938,scenario_30,maintenance,2999003.940605116,3541252.9247513837
Road,940,scenario_30,maintenance,1898284.0484454313,2241512.205952589
Road,945,scenario_30,maintenance,2464633.999483154,2910263.718209844
Road,952,scenario_30,maintenance,22029668.07686504,26012845.615921304
Road,958,scenario_30,maintenance,2209041.5703999675,2608457.7002916024
Road,964,scenario_30,maintenance,2088585.3300789965,2466221.8040442886
Road,970,scenario_30,maintenance,1823461.1760426213,2153160.6329028755
Road,971,scenario_30,maintenance,4738899.308415321,5595738.241224849
Road,987,scenario_30,maintenance,2308269.015019982,2725626.4287879486
Rail,100000,scenario_19,maintenance,0.0,0.0
Rail,100001,scenario_19,maintenance,0.0,0.0
Rail,100002,scenario_19,maintenance,549000.0,579195.0
Rail,100003,scenario_19,maintenance,549000.0,579195.0
Rail,100004,scenario_19,maintenance,549000.0,579195.0
Rail,100005,scenario_19,maintenance,549000.0,579195.0
Rail,101000,scenario_19,maintenance,1234974.0,1302897.5699999998
Rail,101001,scenario_19,maintenance,1234974.0,1302897.5699999998
Rail,101002,scenario_19,maintenance,1234974.0,1302897.5699999998
Rail,101003,scenario_19,maintenance,1234974.0,1302897.5699999998
Rail,101004,scenario_19,maintenance,1234974.0,1302897.5699999998
Rail,101005,scenario_19,maintenance,1457895.0,1538079.2249999999
Rail,101006,scenario_19,maintenance,1457895.0,1538079.2249999999
Rail,101007,scenario_19,maintenance,1457895.0,1538079.2249999999
Rail,101008,scenario_19,maintenance,1457895.0,1538079.2249999999
Rail,101009,scenario_19,maintenance,549000.0,579195.0
Rail,101010,scenario_19,maintenance,549000.0,579195.0
Rail,101011,scenario_19,maintenance,549000.0,579195.0
Rail,101012,scenario_19,maintenance,549000.0,579195.0
Rail,101013,scenario_19,maintenance,794059.5,837732.7725
Rail,101014,scenario_19,maintenance,794059.5,837732.7725
Rail,101015,scenario_19,maintenance,549000.0,579195.0
Rail,101016,scenario_19,maintenance,549000.0,579195.0
Rail,101017,scenario_19,maintenance,1234974.0,1302897.5699999998
Rail,101018,scenario_19,maintenance,1234974.0,1302897.5699999998
Rail,101019,scenario_19,maintenance,1234974.0,1302897.5699999998
Rail,101020,scenario_19,maintenance,1234974.0,1302897.5699999998
Rail,101021,scenario_19,maintenance,1234974.0,1302897.5699999998
Rail,101022,scenario_19,maintenance,1234974.0,1302897.5699999998
Rail,101023,scenario_19,maintenance,1234974.0,1302897.5699999998
Rail,101024,scenario_19,maintenance,1234974.0,1302897.5699999998
Rail,101025,scenario_19,maintenance,1234974.0,1302897.5699999998
Rail,101026,scenario_19,maintenance,1234974.0,1302897.5699999998
Rail,101027,scenario_19,maintenance,1234974.0,1302897.5699999998
Rail,101028,scenario_19,maintenance,1234974.0,1302897.5699999998
Rail,101029,scenario_19,maintenance,1234974.0,1302897.5699999998
Rail,101030,scenario_19,maintenance,1234974.0,1302897.5699999998
Rail,101031,scenario_19,maintenance,1234974.0,1302897.5699999998
Rail,101032,scenario_19,maintenance,1017841.5,1073822.7825
Rail,100000,scenario_29,maintenance,0.0,0.0
Rail,100001,scenario_29,maintenance,0.0,0.0
Rail,100002,scenario_29,maintenance,549000.0,579195.0
Rail,100003,scenario_29,maintenance,549000.0,579195.0
Rail,100004,scenario_29,maintenance,549000.0,579195.0
Rail,100005,scenario_29,maintenance,549000.0,579195.0
Rail,101000,scenario_29,maintenance,1234974.0,1302897.5699999998
Rail,101001,scenario_29,maintenance,1234974.0,1302897.5699999998
Rail,101002,scenario_29,maintenance,1234974.0,1302897.5699999998
Rail,101003,scenario_29,maintenance,1234974.0,1302897.5699999998
Rail,101004,scenario_29,maintenance,1234974.0,1302897.5699999998
Rail,101005,scenario_29,maintenance,1457895.0,1538079.2249999999
Rail,101006,scenario_29,maintenance,1457895.0,1538079.2249999999
Rail,101007,scenario_29,maintenance,1457895.0,1538079.2249999999
Rail,101008,scenario_29,maintenance,1457895.0,1538079.2249999999
Rail,101009,scenario_29,maintenance,549000.0,579195.0
Rail,101010,scenario_29,maintenance,549000.0,579195.0
Rail,101011,scenario_29,maintenance,549000.0,579195.0
Rail,101012,scenario_29,maintenance,549000.0,579195.0
Rail,101013,scenario_29,maintenance,794059.5,837732.7725
Rail,101014,scenario_29,maintenance,794059.5,837732.7725
Rail,101015,scenario_29,maintenance,549000.0,579195.0
Rail,101016,scenario_29,maintenance,549000.0,579195.0
Rail,101017,scenario_29,maintenance,1234974.0,1302897.5699999998
Rail,101018,scenario_29,maintenance,1234974.0,1302897.5699999998
Rail,101019,scenario_29,maintenance,1234974.0,1302897.5699999998
Rail,101020,scenario_29,maintenance,1234974.0,1302897.5699999998
Rail,101021,scenario_29,maintenance,1234974.0,1302897.5699999998
Rail,101022,scenario_29,maintenance,1234974.0,1302897.5699999998
Rail,101023,scenario_29,maintenance,1234974.0,1302897.5699999998
Rail,101024,scenario_29,maintenance,1234974.0,1302897.5699999998
Rail,101025,scenario_29,maintenance,1234974.0,1302897.5699999998
Rail,101026,scenario_29,maintenance,1234974.0,1302897.5699999998
Rail,101027,scenario_29,maintenance,1234974.0,1302897.5699999998
Rail,101028,scenario_29,maintenance,1234974.0,1302897.5699999998
Rail,101029,scenario_29,maintenance,1234974.0,1302897.5699999998
Rail,101030,scenario_29,maintenance,1234974.0,1302897.5699999998
Rail,101031,scenario_29,maintenance,1234974.0,1302897.5699999998
Rail,101032,scenario_29,maintenance,1017841.5,1073822.7825
Rail,100000,scenario_30,maintenance,0.0,0.0
Rail,100001,scenario_30,maintenance,0.0,0.0
Rail,100002,scenario_30,maintenance,549000.0,579195.0
Rail,100003,scenario_30,maintenance,549000.0,579195.0
Rail,100004,scenario_30,maintenance,549000.0,579195.0
Rail,100005,scenario_30,maintenance,549000.0,579195.0
Rail,101000,scenario_30,maintenance,1234974.0,1302897.5699999998
Rail,101001,scenario_30,maintenance,1234974.0,1302897.5699999998
Rail,101002,scenario_30,maintenance,1234974.0,1302897.5699999998
Rail,101003,scenario_30,maintenance,1234974.0,1302897.5699999998
Rail,101004,scenario_30,maintenance,1234974.0,1302897.5699999998
Rail,101005,scenario_30,maintenance,1457895.0,1538079.2249999999
Rail,101006,scenario_30,maintenance,1457895.0,1538079.2249999999
Rail,101007,scenario_30,maintenance,1457895.0,1538079.2249999999
Rail,101008,scenario_30,maintenance,1457895.0,1538079.2249999999
Rail,101009,scenario_30,maintenance,549000.0,579195.0
Rail,101010,scenario_30,maintenance,549000.0,579195.0
Rail,101011,scenario_30,maintenance,549000.0,579195.0
Rail,101012,scenario_30,maintenance,549000.0,579195.0
Rail,101013,scenario_30,maintenance,794059.5,837732.7725
Rail,101014,scenario_30,maintenance,794059.5,837732.7725
Rail,101015,scenario_30,maintenance,549000.0,579195.0
Rail,101016,scenario_30,maintenance,549000.0,579195.0
Rail,101017,scenario_30,maintenance,1234974.0,1302897.5699999998
Rail,101018,scenario_30,maintenance,1234974.0,1302897.5699999998
Rail,101019,scenario_30,maintenance,1234974.0,1302897.5699999998
Rail,101020,scenario_30,maintenance,1234974.0,1302897.5699999998
Rail,101021,scenario_30,maintenance,1234974.0,1302897.5699999998
Rail,101022,scenario_30,maintenance,1234974.0,1302897.5699999998
Rail,101023,scenario_30,maintenance,1234974.0,1302897.5699999998
Rail,101024,scenario_30,maintenance,1234974.0,1302897.5699999998
Rail,101025,scenario_30,maintenance,1234974.0,1302897.5699999998
Rail,101026,scenario_30,maintenance,1234974.0,1302897.5699999998
Rail,101027,scenario_30,maintenance,1234974.0,1302897.5699999998
Rail,101028,scenario_30,maintenance,1234974.0,1302897.5699999998
Rail,101029,scenario_30,maintenance,1234974.0,1302897.5699999998
Rail,101030,scenario_30,maintenance,1234974.0,1302897.5699999998
Rail,101031,scenario_30,maintenance,1234974.0,1302897.5699999998
Rail,101032,scenario_30,maintenance,1017841.5,1073822.7825
Road,0,scenario_19,tts,550665471.2926103,613355994.1770366
Road,2,scenario_19,tts,-704125392.9002198,-784286563.9892654
Road,9,scenario_19,tts,3718461673.8386526,4141790026.189211
Road,12,scenario_19,tts,81872332.74592377,91193090.29689495
Road,15,scenario_19,tts,391029615.1027556,435546390.37204003
Road,17,scenario_19,tts,251618700.63981616,280264237.23680395
Road,25,scenario_19,tts,-411397611.5469201,-458233181.82653177
Road,27,scenario_19,tts,-381561913.1365888,-425000837.6639706
Road,28,scenario_19,tts,467090712.2637149,520266664.8389429
Road,57,scenario_19,tts,217184170.46986473,241909507.21018362
Road,62,scenario_19,tts,107343294.42539243,119563794.17793445
Road,63,scenario_19,tts,-1099665607.282933,-1224857062.9170833
Road,73,scenario_19,tts,-491441754.8444389,-547389952.4064156
Road,90,scenario_19,tts,57521103.27692353,64069594.56484608
Road,94,scenario_19,tts,20773613.89442342,23138586.43243929
Road,103,scenario_19,tts,-723869871.599849,-806278853.3076622
Road,104,scenario_19,tts,48920093.38687271,54489402.51166506
Road,109,scenario_19,tts,-2054720148.7957752,-2288639810.0500145
Road,114,scenario_19,tts,-330651701.4483838,-368294751.788487
Road,126,scenario_19,tts,-1166689085.5726178,-1299510830.5903575
Road,140,scenario_19,tts,-12603951.617450414,-14038848.77098578
Road,143,scenario_19,tts,-1204901.177981228,-1342073.17951311
Road,144,scenario_19,tts,-327334363.5507221,-364599751.4837372
Road,150,scenario_19,tts,-822299330.8068345,-915914016.4975624
Road,152,scenario_19,tts,3815207699.051131,4249550104.803881
Road,176,scenario_19,tts,423993909.6091123,472263505.72308993
Road,177,scenario_19,tts,35067349.143484145,39059592.290335804
Road,195,scenario_19,tts,-829420368.9702305,-923845749.4097964
Road,197,scenario_19,tts,-72501540.92923008,-80755480.47643092
Road,201,scenario_19,tts,-1121225215.6253505,-1248871125.3530123
Road,202,scenario_19,tts,-315954653.8301601,-351924518.4557478
Road,206,scenario_19,tts,72446118.09389663,80693748.02717046
Road,209,scenario_19,tts,167498093.42374042,186566917.61246288
Road,227,scenario_19,tts,9247713.03264184,10300519.12949148
Road,233,scenario_19,tts,16182756.17592175,18025082.414387915
Road,240,scenario_19,tts,5135532.794702836,5720187.640473916
Road,243,scenario_19,tts,-308732947.6795315,-343880657.00702536
Road,245,scenario_19,tts,-367807213.65900195,-409680234.1169966
Road,249,scenario_19,tts,-1084332015.1322756,-1207777817.6253912
Road,250,scenario_19,tts,-14746921.773794722,-16425785.412665715
Road,254,scenario_19,tts,4318077144.925266,4809668733.980631
Road,255,scenario_19,tts,-45603360.58450962,-50795076.18930154
Road,261,scenario_19,tts,-372319130.7560085,-414705810.5167348
Road,267,scenario_19,tts,28591581.54836472,31846590.78864311
Road,270,scenario_19,tts,-19391956.210889112,-21599633.899048623
Road,273,scenario_19,tts,7669281.4171632435,8542390.931477237
Road,277,scenario_19,tts,-502182396.959999,-559353363.163631
Road,284,scenario_19,tts,-22599144.499763496,-25171944.61033744
Road,285,scenario_19,tts,-1056152690.7985992,-1176390417.483255
Road,289,scenario_19,tts,-725989982.1966032,-808640327.9426796
Road,308,scenario_19,tts,41429239.60741044,46145752.31628999
Road,331,scenario_19,tts,-1208511422.861917,-1346094432.802915
Road,334,scenario_19,tts,786320238.3894304,875838883.4999136
Road,348,scenario_19,tts,-804941005.5568478,-896579532.3216035
Road,351,scenario_19,tts,-934457726.0453396,-1040841086.7482762
Road,356,scenario_19,tts,-581426067.069738,-647618530.6677848
Road,358,scenario_19,tts,-703426895.2591426,-783508545.8686314
Road,390,scenario_19,tts,-707607519.9387789,-788165113.8583406
Road,392,scenario_19,tts,37465638.00825298,41730914.40450618
Road,394,scenario_19,tts,-232741514.707926,-259237977.65066996
Road,423,scenario_19,tts,557501800.1396784,620970605.034463
Road,459,scenario_19,tts,-23265080.60980891,-25913694.23171192
Road,464,scenario_19,tts,-1126313.121587518,-1254538.2640831366
Road,469,scenario_19,tts,-490385689.44312006,-546213659.2158848
Road,486,scenario_19,tts,-1083263835.5342002,-1206588031.0971036
Road,493,scenario_19,tts,5247500.780910511,5844902.624573429
Road,499,scenario_19,tts,-314753623.45375687,-350586756.74930483
Road,517,scenario_19,tts,-559019941.1373928,-622661578.8279865
Road,521,scenario_19,tts,-1814145139.8321867,-2020676533.8150995
Road,531,scenario_19,tts,-1071491252.301492,-1193475197.8631985
Road,533,scenario_19,tts,-6186972.971558255,-6891329.047758824
Road,538,scenario_19,tts,79216147.22806135,88234511.27939661
Road,540,scenario_19,tts,254242061.17245695,283186254.3079046
Road,546,scenario_19,tts,-214351354.00467125,-238754188.69120833
Road,550,scenario_19,tts,83141382.37684177,92606614.91140287
Road,552,scenario_19,tts,-386817620.0397253,-430854880.63693815
Road,556,scenario_19,tts,-121546876.462411,-135384383.3293493
Road,557,scenario_19,tts,4329290481.573522,4822158653.190179
Road,558,scenario_19,tts,-407783496.74636453,-454207618.04574627
Road,564,scenario_19,tts,-711958307.7510924,-793011217.2063693
Road,565,scenario_19,tts,76599099.8723233,85319526.10896426
Road,569,scenario_19,tts,168437703.90317115,187613498.06792083
Road,594,scenario_19,tts,28158208.544669807,31363880.425658435
Road,602,scenario_19,tts,83155729.10419144,92622594.94224826
Road,612,scenario_19,tts,-2055185759.036525,-2289158427.699027
Road,614,scenario_19,tts,-147858788.75647867,-164691775.86649865
Road,625,scenario_19,tts,-105077582.27171735,-117040141.97349484
Road,627,scenario_19,tts,15103862.393218052,16823361.94488346
Road,628,scenario_19,tts,-258509719.94448268,-287939764.7881963
Road,629,scenario_19,tts,-359534890.96664715,-400466148.6628781
Road,648,scenario_19,tts,-4657464.596007849,-5187693.757015631
Road,662,scenario_19,tts,-1707894106.8271744,-1902329349.583356
Road,669,scenario_19,tts,525426936.49796,585244177.8247114
Road,670,scenario_19,tts,-141743149.70058894,-157879901.74563166
Road,673,scenario_19,tts,253660468.28136384,282538449.96112883
Road,678,scenario_19,tts,-291852656.1568819,-325078628.3187743
Road,680,scenario_19,tts,88289978.01366769,98341352.53355327
Road,682,scenario_19,tts,-407959518.72087646,-454403679.2458799
Road,689,scenario_19,tts,-847994567.2646672,-944534527.7241205
Road,694,scenario_19,tts,238690109.7096941,265863790.58334106
Road,726,scenario_19,tts,-241884669.5360874,-269422035.14455545
Road,736,scenario_19,tts,-16755185.54900482,-18662680.022241082
Road,750,scenario_19,tts,-1116876970.1406565,-1244027853.7639477
Road,755,scenario_19,tts,-29794172.1434647,-33186090.33691522
Road,759,scenario_19,tts,-2021172470.034356,-2251272895.0503483
Road,761,scenario_19,tts,319960827.4376093,356386774.98705864
Road,764,scenario_19,tts,26996763.32030336,30070210.443770442
Road,767,scenario_19,tts,246022686.9048379,274031145.1931191
Road,770,scenario_19,tts,139158368.21739382,155000855.7567229
Road,775,scenario_19,tts,-1236505989.046538,-1377276041.0003884
Road,776,scenario_19,tts,-393587360.22783816,-438395322.0480427
Road,780,scenario_19,tts,88063954.93524808,98089597.85272029
Road,789,scenario_19,tts,-596406157.0555923,-664304029.3328224
Road,791,scenario_19,tts,-163827638.86072466,-182478600.06770095
Road,809,scenario_19,tts,-174581552.355021,-194456793.0840614
Road,810,scenario_19,tts,15097310.221888958,16816063.84146299
Road,811,scenario_19,tts,-850312.9707240683,-947116.869877164
Road,813,scenario_19,tts,628614780.9670798,700179444.753244
Road,822,scenario_19,tts,-108133298.70976956,-120443736.51771985
Road,831,scenario_19,tts,-271341974.3205575,-302232907.4504637
Road,837,scenario_19,tts,68146439.6485526,75904572.59313603
Road,858,scenario_19,tts,49176308.67546577,54774786.635513365
Road,863,scenario_19,tts,117592420.34299068,130979732.06464767
Road,866,scenario_19,tts,-79932603.31374685,-89032532.32416683
Road,873,scenario_19,tts,-1065339504.5505742,-1186623104.2521112
Road,878,scenario_19,tts,-183091307.44058433,-203935341.42749888
Road,887,scenario_19,tts,-591995976.3413372,-659391771.4966035
Road,895,scenario_19,tts,-794361945.6681699,-884796099.1235003
Road,935,scenario_19,tts,-168567358.93099877,-187757913.67528877
Road,938,scenario_19,tts,494006666.17382455,550246866.1234103
Road,940,scenario_19,tts,-139367798.05931935,-155234128.14368233
Road,945,scenario_19,tts,-1436937373.3960264,-1600525540.7799652
Road,952,scenario_19,tts,-515413105.36074376,-574090321.8579106
Road,958,scenario_19,tts,84977882.59874956,94652191.54211202
Road,964,scenario_19,tts,22821993.28183257,25420163.616980925
Road,970,scenario_19,tts,-329360001.6856474,-366855998.4373977
Road,971,scenario_19,tts,-512704216.8911598,-571073039.9199743
Road,987,scenario_19,tts,-18744339.52712653,-20878289.279451504
Road,0,scenario_29,tts,128960325.7307193,143641816.8952684
Road,2,scenario_29,tts,-147026412.4102201,-163764637.61650005
Road,9,scenario_29,tts,960522640.3062038,1069873361.7556126
Road,12,scenario_29,tts,-9286630.918648647,-10343867.623100389
Road,15,scenario_29,tts,91561153.66215412,101984935.24683903
Road,17,scenario_29,tts,16550832.63112169,18435062.541855097
Road,25,scenario_29,tts,-90917946.83595872,-101268502.52514237
Road,27,scenario_29,tts,-86068108.24634963,-95866533.9529252
Road,28,scenario_29,tts,35101172.40271462,39097266.15926918
Road,57,scenario_29,tts,74229680.8954886,82680360.57576501
Road,62,scenario_29,tts,23258036.115675468,25905847.75698644
Road,63,scenario_29,tts,-314775451.45231825,-350611069.7568502
Road,73,scenario_29,tts,-128381832.27323774,-142997464.8371929
Road,90,scenario_29,tts,3053580.253294143,3401215.165465433
Road,94,scenario_29,tts,4466309.233059401,4974776.307500777
Road,103,scenario_29,tts,-159421489.7015419,-177570832.75903162
Road,104,scenario_29,tts,1964705.8393368328,2188377.8195192674
Road,109,scenario_29,tts,-552591822.6503239,-615501651.0481151
Road,114,scenario_29,tts,-72078445.41495152,-80284217.64387487
Road,126,scenario_29,tts,-334696141.069695,-372799630.72886306
Road,140,scenario_29,tts,-7256346.450458259,-8082445.374260318
Road,143,scenario_29,tts,-282441.49352860404,-314596.0516707792
Road,144,scenario_29,tts,-86239416.14213845,-96057344.39993812
Road,150,scenario_29,tts,-202951941.8953888,-226057010.25561446
Road,152,scenario_29,tts,977474374.6616776,1088754966.6875873
Road,176,scenario_29,tts,78920368.38627736,87905059.48876028
Road,177,scenario_29,tts,5061390.718732073,5637604.858207489
Road,195,scenario_29,tts,-213519925.65310472,-237828106.3603787
Road,197,scenario_29,tts,-23616145.952378307,-26304726.616051003
Road,201,scenario_29,tts,-314105024.99221236,-349864318.58141226
Road,202,scenario_29,tts,-78434509.76369336,-87363888.28043126
Road,206,scenario_29,tts,6134278.517888088,6832635.592833071
Road,209,scenario_29,tts,5665818.184494419,6310843.38231603
Road,227,scenario_29,tts,3712546.7063398175,4135201.6690832954
Road,233,scenario_29,tts,-7923089.173068049,-8825093.437024591
Road,240,scenario_29,tts,67218.61976559012,74871.12503486472
Road,243,scenario_29,tts,-114853253.81490944,-127928725.06196786
Road,245,scenario_29,tts,-92863321.10628691,-103435347.97274724
Road,249,scenario_29,tts,-309775449.0674671,-345041841.9887661
Road,250,scenario_29,tts,1541960.0008799292,1717504.4716365987
Road,254,scenario_29,tts,1107007217.3592236,1233034478.7565641
Road,255,scenario_29,tts,-5199325.8446974745,-5791243.211670707
Road,261,scenario_29,tts,-87477028.55090794,-97435852.82103954
Road,267,scenario_29,tts,-3255928.339240721,-3626599.5737782507
Road,270,scenario_29,tts,-186950.97926794307,-208234.41768029114
Road,273,scenario_29,tts,834048.5395753178,929000.8142008404
Road,277,scenario_29,tts,-96928916.77996545,-107963791.47674511
Road,284,scenario_29,tts,-18335098.717242263,-20422458.44042111
Road,285,scenario_29,tts,-305998832.6288363,-340835276.56728745
Road,289,scenario_29,tts,-167145062.9985848,-186173696.43066663
Road,308,scenario_29,tts,-19305429.621044844,-21503256.687650017
Road,331,scenario_29,tts,-341090174.69399625,-379921593.2540034
Road,334,scenario_29,tts,186654745.33104092,207904458.98422274
Road,348,scenario_29,tts,-214127055.05923215,-238504354.42731357
Road,351,scenario_29,tts,-219095481.59947863,-244038411.5980584
Road,356,scenario_29,tts,-151495331.0270838,-168742320.37316266
Road,358,scenario_29,tts,-147810056.5907522,-164637495.7862761
Road,390,scenario_29,tts,-179443134.9382624,-199871842.6451284
Road,392,scenario_29,tts,10730151.590592504,11951725.938198471
Road,394,scenario_29,tts,-47895892.063186154,-53348600.9653967
Road,423,scenario_29,tts,124548918.17351076,138728192.54613256
Road,459,scenario_29,tts,-34824127.131909944,-38788680.66341892
Road,464,scenario_29,tts,759717.9826470043,846208.0933580395
Road,469,scenario_29,tts,-97739153.9335814,-108866270.09721996
Road,486,scenario_29,tts,-311457525.0876226,-346915413.99102366
Road,493,scenario_29,tts,715727.1246303328,797209.0951274444
Road,499,scenario_29,tts,-78151259.63574165,-87048391.5353334
Road,517,scenario_29,tts,-118712522.78417449,-132227352.59327775
Road,521,scenario_29,tts,-499061466.5751822,-555877130.3894147
Road,531,scenario_29,tts,-289682030.4201145,-322660887.6465
Road,533,scenario_29,tts,-23196993.35713853,-25837855.584239807
Road,538,scenario_29,tts,6534496.091507001,7278415.945063854
Road,540,scenario_29,tts,50596590.13096665,56356760.06505322
Road,546,scenario_29,tts,-64857807.49230458,-72241546.03557248
Road,550,scenario_29,tts,4899833.791452971,5457655.478932162
Road,552,scenario_29,tts,-98409977.6183312,-109613463.71935026
Road,556,scenario_29,tts,-36343925.41667092,-40481500.41786978
Road,557,scenario_29,tts,1086488491.05749,1210179797.6005003
Road,558,scenario_29,tts,-120037432.64609244,-133703096.84803207
Road,564,scenario_29,tts,-157906873.96754327,-175883785.56295046
Road,565,scenario_29,tts,-26968341.214402378,-30038552.622588046
Road,569,scenario_29,tts,31361197.70795108,34931513.96180716
Road,594,scenario_29,tts,-38425322.61737259,-42799854.32939603
Road,602,scenario_29,tts,-16344554.475817155,-18205300.645350445
Road,612,scenario_29,tts,-551771567.6789775,-614588014.1312265
Road,614,scenario_29,tts,-42613421.15241766,-47464747.03575017
Road,625,scenario_29,tts,-46306238.21392596,-51577972.93814523
Road,627,scenario_29,tts,4808386.584043279,5355797.462151443
Road,628,scenario_29,tts,-67788650.24712975,-75506050.64931308
Road,629,scenario_29,tts,-89089828.83492845,-99232262.38943386
Road,648,scenario_29,tts,-26745013.87622287,-29789800.57860304
Road,662,scenario_29,tts,-469811751.1970196,-523297480.5104137
Road,669,scenario_29,tts,120447260.55952737,134159581.62942998
Road,670,scenario_29,tts,-27461397.23773005,-30587740.619909238
Road,673,scenario_29,tts,59186650.17065733,65924755.68191516
Road,678,scenario_29,tts,-78660829.06955029,-87615972.91272077
Road,680,scenario_29,tts,-12631298.080473132,-14069308.4927024
Road,682,scenario_29,tts,-120370114.75509906,-134073653.15917264
Road,689,scenario_29,tts,-215543531.29366663,-240082089.43030968
Road,694,scenario_29,tts,33922282.30062759,37784165.287166685
Road,726,scenario_29,tts,-65871807.93577875,-73370985.38219275
Road,736,scenario_29,tts,-2541623.7011735453,-2830974.908228533
Road,750,scenario_29,tts,-318620980.5079056,-354894393.15370274
Road,755,scenario_29,tts,-988370.8544171046,-1100891.9564242626
Road,759,scenario_29,tts,-544318363.3143615,-606286299.5491722
Road,761,scenario_29,tts,68765852.77737868,76594502.82345466
Road,764,scenario_29,tts,-23311750.06043144,-25965676.766983442
Road,767,scenario_29,tts,56625663.09218221,63072212.97226346
Road,770,scenario_29,tts,29771676.163372125,33161033.301466316
Road,775,scenario_29,tts,-348133379.1164483,-387766631.44131625
Road,776,scenario_29,tts,-102082579.6442584,-113704173.20498677
Road,780,scenario_29,tts,9499994.655545464,10581521.759392029
Road,789,scenario_29,tts,-150191859.82717305,-167290455.4653708
Road,791,scenario_29,tts,-59872488.73135683,-66688673.54888318
Road,809,scenario_29,tts,-63041382.48121469,-70218330.07850541
Road,810,scenario_29,tts,-41938561.901994035,-46713058.41888173
Road,811,scenario_29,tts,-3714815.0781120057,-4137728.2836905774
Road,813,scenario_29,tts,123150475.37978238,137170544.0013027
Road,822,scenario_29,tts,-35219159.45576775,-39228685.45101367
Road,831,scenario_29,tts,-71259366.1958157,-79371890.33273347
Road,837,scenario_29,tts,5530415.075179371,6160025.302995305
Road,858,scenario_29,tts,-31045904.876522448,-34580326.61093903
Road,863,scenario_29,tts,-8001143.5418515,-8912033.90716639
Road,866,scenario_29,tts,-25698874.356083974,-28624563.281416997
Road,873,scenario_29,tts,-307491221.9624728,-342497566.99796057
Road,878,scenario_29,tts,-69796716.72912666,-77742725.50482498
Road,887,scenario_29,tts,-164860612.192833,-183629172.2718859
Road,895,scenario_29,tts,-195822960.81958857,-218116430.16993618
Road,935,scenario_29,tts,-48569935.4980174,-54099380.890128426
Road,938,scenario_29,tts,98512848.01595224,109728045.39968722
Road,940,scenario_29,tts,-40090035.3362343,-44654086.30493607
Road,945,scenario_29,tts,-370615845.7981134,-412808615.04474664
Road,952,scenario_29,tts,-145207431.60702443,-161738574.9031178
Road,958,scenario_29,tts,9199069.693810573,10246337.988663988
Road,964,scenario_29,tts,689419.5682185333,767906.5543680774
Road,970,scenario_29,tts,-105302343.86558864,-117290491.5560429
Road,971,scenario_29,tts,-108671261.11354026,-121042943.26336908
Road,987,scenario_29,tts,-2459686.135902399,-2739709.159008124
Road,0,scenario_30,tts,238685027.9068715,265858130.2425626
Road,2,scenario_30,tts,-289144981.84379923,-322062698.76301324
Road,9,scenario_30,tts,1688696422.5737703,1880946104.5371335
Road,12,scenario_30,tts,18745041.87264846,20879071.583515074
Road,15,scenario_30,tts,169065758.06692192,188313053.07197827
Road,17,scenario_30,tts,83557442.26744401,93070041.14954796
Road,25,scenario_30,tts,-180013501.97408086,-200507143.12888497
Road,27,scenario_30,tts,-168613873.25814214,-187809723.42704517
Road,28,scenario_30,tts,154193818.36833596,171748017.0660798
Road,57,scenario_30,tts,109698512.9679456,122187142.62809408
Road,62,scenario_30,tts,42923186.55962659,47809777.69266479
Road,63,scenario_30,tts,-514150439.3618832,-572683907.6201944
Road,73,scenario_30,tts,-220119501.1855559,-245179010.7167953
Road,90,scenario_30,tts,30744787.962863024,34244929.03551532
Road,94,scenario_30,tts,5694965.395354302,6343308.858047576
Road,103,scenario_30,tts,-303174425.245444,-337689324.46221894
Road,104,scenario_30,tts,27871122.4434347,31044111.00081302
Road,109,scenario_30,tts,-941663324.7074536,-1048867006.9510942
Road,114,scenario_30,tts,-144800264.14015543,-161285053.44688457
Road,126,scenario_30,tts,-546713181.968848,-608953756.3868932
Road,140,scenario_30,tts,-3860768.047923945,-4300297.272612208
Road,143,scenario_30,tts,-4042674.4032896264,-4502912.761069357
Road,144,scenario_30,tts,-154075870.136907,-171616641.01560816
Road,150,scenario_30,tts,-360784680.0790683,-401858220.04473054
Road,152,scenario_30,tts,1726806901.3814774,1923395271.656317
Road,176,scenario_30,tts,171319761.1972827,190823663.2390827
Road,177,scenario_30,tts,12026455.773654684,13395607.899948457
Road,195,scenario_30,tts,-369427876.27905065,-411485401.10923994
Road,197,scenario_30,tts,-32413737.712064076,-36103880.40620836
Road,201,scenario_30,tts,-519499335.3479482,-578641748.7893189
Road,202,scenario_30,tts,-136168472.61625493,-151670575.4240604
Road,206,scenario_30,tts,36790043.848111145,40978407.212106235
Road,209,scenario_30,tts,53181002.78885687,59235395.239732
Road,227,scenario_30,tts,3240180.147708767,3609058.529029434
Road,233,scenario_30,tts,11537422.756204115,12850900.907698343
Road,240,scenario_30,tts,-414467.3872742957,-461652.4362401873
Road,243,scenario_30,tts,-160493202.3650308,-178764554.57464382
Road,245,scenario_30,tts,-170308265.281656,-189697013.54833868
Road,249,scenario_30,tts,-506628065.796789,-564305149.2684878
Road,250,scenario_30,tts,-5842748.5402943175,-6507916.378425636
Road,254,scenario_30,tts,1954509316.735618,2177020473.574667
Road,255,scenario_30,tts,-11235441.040961023,-12514540.077335345
Road,261,scenario_30,tts,-156717396.95504186,-174558892.5133809
Road,267,scenario_30,tts,14971685.52341861,16676137.396388087
Road,270,scenario_30,tts,-492466.88831893454,-548531.7922242227
Road,273,scenario_30,tts,493358.5776367302,549524.9959323284
Road,277,scenario_30,tts,-199446464.64994675,-222152451.87483197
Road,284,scenario_30,tts,-10184462.823736636,-11343913.221485987
Road,285,scenario_30,tts,-496289361.3380357,-552789434.7696
Road,289,scenario_30,tts,-308881049.76749766,-344045619.7805055
Road,308,scenario_30,tts,1329182.1590392282,1480502.9316368294
Road,331,scenario_30,tts,-562336216.1241937,-626355395.214765
Road,334,scenario_30,tts,343491954.7525436,382596804.016986
Road,348,scenario_30,tts,-363937430.3090923,-405369895.1951427
Road,351,scenario_30,tts,-397435039.8695477,-442681040.8645426
Road,356,scenario_30,tts,-258313454.733543,-287721155.7599315
Road,358,scenario_30,tts,-289621766.6221427,-322593763.1151014
Road,390,scenario_30,tts,-314898729.9810002,-350748382.9323847
Road,392,scenario_30,tts,14372402.320572644,16008628.783922594
Road,394,scenario_30,tts,-100770938.48414963,-112243208.22769561
Road,423,scenario_30,tts,237447533.0125601,264479752.71435535
Road,459,scenario_30,tts,-26926427.75211238,-29991867.52124705
Road,464,scenario_30,tts,-4497047.924079743,-5009014.445487213
Road,469,scenario_30,tts,-195829527.9064158,-218123744.88691
Road,486,scenario_30,tts,-507438894.9186833,-565208287.2498828
Road,493,scenario_30,tts,-1169357.7108819226,-1302483.2656076332
Road,499,scenario_30,tts,-144447666.56524342,-160892314.3931776
Road,517,scenario_30,tts,-239741769.47432655,-267035176.5773784
Road,521,scenario_30,tts,-840133357.0442662,-935778357.8505121
Road,531,scenario_30,tts,-488835962.5751312,-544487503.6579797
Road,533,scenario_30,tts,-12371038.405143265,-13779419.548818866
Road,538,scenario_30,tts,24535451.30080333,27328690.302410185
Road,540,scenario_30,tts,108251269.24587008,120575137.4121389
Road,546,scenario_30,tts,-96749575.50661498,-107764033.09212252
Road,550,scenario_30,tts,24995000.155485056,27840556.506722186
Road,552,scenario_30,tts,-170765720.4456922,-190206547.70574686
Road,556,scenario_30,tts,-48816216.98566978,-54373700.29924597
Road,557,scenario_30,tts,1942933350.7496147,2164126641.4823112
Road,558,scenario_30,tts,-191748743.20839,-213578383.16374862
Road,564,scenario_30,tts,-299290765.26032114,-333363529.11930585
Road,565,scenario_30,tts,2842678.553477356,3166303.356920215
Road,569,scenario_30,tts,71187302.38641381,79291622.41733989
Road,594,scenario_30,tts,-15779435.285973074,-17575845.448710464
Road,602,scenario_30,tts,12059853.252599789,13432807.515630364
Road,612,scenario_30,tts,-941629014.2004068,-1048828790.363606
Road,614,scenario_30,tts,-65994858.57505121,-73508044.72424285
Road,625,scenario_30,tts,-49282282.60345786,-54892825.1677058
Road,627,scenario_30,tts,5781624.159388181,6439833.291009361
Road,628,scenario_30,tts,-107444793.00392924,-119676847.86441286
Road,629,scenario_30,tts,-162287636.3287278,-180763275.91303617
Road,648,scenario_30,tts,-18428750.59512151,-20526772.118430257
Road,662,scenario_30,tts,-790372402.0314238,-880352365.802279
Road,669,scenario_30,tts,224029752.3906779,249534424.5577425
Road,670,scenario_30,tts,-61142330.98951181,-68103081.0272936
Road,673,scenario_30,tts,108892686.71996696,121289577.07290739
Road,678,scenario_30,tts,-140149362.08211347,-156104669.3401162
Road,680,scenario_30,tts,18628998.293915305,20749817.020967945
Road,682,scenario_30,tts,-191909822.7914878,-213757800.8555837
Road,689,scenario_30,tts,-377199696.50715584,-420142004.3848821
Road,694,scenario_30,tts,92811360.9813635,103377472.44624083
Road,726,scenario_30,tts,-100439163.82075804,-111873662.6703364
Road,736,scenario_30,tts,-13373529.2868764,-14896039.027384477
Road,750,scenario_30,tts,-523226956.57009023,-582793741.1327928
Road,755,scenario_30,tts,-11743764.913610296,-13080734.092625333
Road,759,scenario_30,tts,-927675451.316926,-1033286683.8018503
Road,761,scenario_30,tts,133534559.3600748,148736804.25437328
Road,764,scenario_30,tts,-5414135.487222568,-6030507.862749186
Road,767,scenario_30,tts,103338001.94048873,115102519.08058499
Road,770,scenario_30,tts,56762763.74516479,63224921.85214848
Road,775,scenario_30,tts,-574714806.4444668,-640143226.4266604
Road,776,scenario_30,tts,-166241316.3713567,-185167062.7484667
Road,780,scenario_30,tts,29921552.060750615,33327971.82373097
Road,789,scenario_30,tts,-263871016.21694705,-293911417.9546024
Road,791,scenario_30,tts,-82768587.88831975,-92191379.62600462
Road,809,scenario_30,tts,-87864615.78619148,-97867564.93378493
Road,810,scenario_30,tts,-21581633.479675267,-24038595.02543006
Road,811,scenario_30,tts,-5875702.237555366,-6544621.690087749
Road,813,scenario_30,tts,261308404.2587879,291057065.38080275
Road,822,scenario_30,tts,-50667751.19917867,-56436022.466666
Road,831,scenario_30,tts,-113080415.9876158,-125954058.47261031
Road,837,scenario_30,tts,35212306.48572944,39221052.30444822
Road,858,scenario_30,tts,-7642630.901387771,-8512706.387137776
Road,863,scenario_30,tts,30228047.17229667,33669359.878099896
Road,866,scenario_30,tts,-35960745.737991475,-40054697.64010857
Road,873,scenario_30,tts,-500058442.8323103,-556987607.4308139
Road,878,scenario_30,tts,-89914105.78980695,-100150379.17265971
Road,887,scenario_30,tts,-272779278.22600716,-303833841.25114715
Road,895,scenario_30,tts,-348879199.14552474,-388597359.36826897
Road,935,scenario_30,tts,-75837828.67797084,-84471587.97847946
Road,938,scenario_30,tts,207406158.00738084,231018316.7004097
Road,940,scenario_30,tts,-61908426.235733405,-68956392.40394038
Road,945,scenario_30,tts,-647543788.1559722,-721263425.1885418
Road,952,scenario_30,tts,-238447252.06452724,-265593284.80413333
Road,958,scenario_30,tts,28417233.581431594,31652394.173518516
Road,964,scenario_30,tts,11638720.532942085,12963730.932092637
Road,970,scenario_30,tts,-158875452.15508714,-176962631.55589902
Road,971,scenario_30,tts,-218115107.18391863,-242946426.43525162
Road,987,scenario_30,tts,-12637342.28823546,-14076040.803432494
Rail,100000,scenario_19,tts,2835556.582573896,3158370.585080103
Rail,100001,scenario_19,tts,8981057.622745698,10003506.328497056
Rail,100002,scenario_19,tts,3330702.1553979954,3709886.0167068387
Rail,100003,scenario_19,tts,1037353.4614900833,1155450.9894940252
Rail,100004,scenario_19,tts,1146108.6616998625,1276587.4279019202
Rail,100005,scenario_19,tts,3408398.855171506,3796428.0990022677
Rail,101000,scenario_19,tts,3681878.9637426,4101042.5566447987
Rail,101001,scenario_19,tts,8261771.762403021,9202333.353310572
Rail,101002,scenario_19,tts,3578220.737310476,3985583.357108173
Rail,101003,scenario_19,tts,3429662.030396911,3820111.980886354
Rail,101004,scenario_19,tts,819530.2804301052,912829.7235188175
Rail,101005,scenario_19,tts,87852.59044092303,97854.17056281568
Rail,101006,scenario_19,tts,2344968.5027359715,2611931.494330395
Rail,101007,scenario_19,tts,6953706.091185742,7745350.916523648
Rail,101008,scenario_19,tts,3806969.403357571,4240373.920152996
Rail,101009,scenario_19,tts,115271.2298061322,128394.28553925145
Rail,101010,scenario_19,tts,4190556.804257644,4667630.837280146
Rail,101011,scenario_19,tts,5756969.4284921335,6412371.741723521
Rail,101012,scenario_19,tts,6888246.895578302,7672439.5173295345
Rail,101013,scenario_19,tts,2975363.875803272,3314094.242731298
Rail,101014,scenario_19,tts,3066036.277522314,3415089.2460502014
Rail,101015,scenario_19,tts,1964433.4826081991,2188074.456332776
Rail,101016,scenario_19,tts,5076050.175595018,5653933.221264576
Rail,101017,scenario_19,tts,1761447.9945609493,1961980.0808628926
Rail,101018,scenario_19,tts,168716.0040601214,187923.48131245797
Rail,101019,scenario_19,tts,102387.73993156744,114044.0744720236
Rail,101020,scenario_19,tts,1787436.7432384354,1990927.5192143093
Rail,101021,scenario_19,tts,1563935.8025982112,1741982.1089925678
Rail,101022,scenario_19,tts,1287693.8138331417,1434291.3448436612
Rail,101023,scenario_19,tts,7361978.257201655,8200102.836402855
Rail,101024,scenario_19,tts,3692227.1530037136,4112568.8357435837
Rail,101025,scenario_19,tts,1169769.0487791677,1302941.4322769816
Rail,101026,scenario_19,tts,4254838.924295691,4739231.156710367
Rail,101027,scenario_19,tts,5911630.366194883,6584640.057335079
Rail,101028,scenario_19,tts,2558123.0996874813,2849352.681134982
Rail,101029,scenario_19,tts,3471367.207546839,3866565.0848608557
Rail,101030,scenario_19,tts,3439581.73054668,3831160.989521338
Rail,101031,scenario_19,tts,5244653.900222406,5841731.640689771
Rail,101032,scenario_19,tts,416253.1629846984,463641.51362624567
Rail,100000,scenario_29,tts,3352335.094028256,3733981.757718869
Rail,100001,scenario_29,tts,10620938.839029584,11830079.858493412
Rail,100002,scenario_29,tts,3950828.822322464,4400611.017884616
Rail,100003,scenario_29,tts,1228548.7003902025,1368412.8546391593
Rail,100004,scenario_29,tts,1354314.690293874,1508496.6764737694
Rail,100005,scenario_29,tts,4041920.1458784295,4502072.635206329
Rail,101000,scenario_29,tts,4372350.39518118,4870120.723624715
Rail,101001,scenario_29,tts,9828633.534605311,10947574.538982179
Rail,101002,scenario_29,tts,4240152.427465492,4722872.675320351
Rail,101003,scenario_29,tts,4067267.2922634417,4530305.428037948
Rail,101004,scenario_29,tts,1037290.4832473998,1155380.8414918962
Rail,101005,scenario_29,tts,103811.2844131389,115629.68240690994
Rail,101006,scenario_29,tts,2918050.160477044,3250255.646203029
Rail,101007,scenario_29,tts,8246081.726092394,9184857.084465554
Rail,101008,scenario_29,tts,4524359.5115953535,5039435.321293841
Rail,101009,scenario_29,tts,136246.54017933185,151757.5305906003
Rail,101010,scenario_29,tts,4970365.286214907,5536216.63329136
Rail,101011,scenario_29,tts,7279963.083161542,8108750.643041442
Rail,101012,scenario_29,tts,8182833.55590187,9114408.424926352
Rail,101013,scenario_29,tts,3532623.8607863444,3934795.503157248
Rail,101014,scenario_29,tts,3636660.782412456,4050676.5104506835
Rail,101015,scenario_29,tts,2426019.1046736,2702209.3038567617
Rail,101016,scenario_29,tts,6017449.7748482935,6702506.478931267
Rail,101017,scenario_29,tts,2099173.8255684567,2338154.3166482397
Rail,101018,scenario_29,tts,199832.13240731257,222582.0259866532
Rail,101019,scenario_29,tts,124814.00923262232,139023.46290279238
Rail,101020,scenario_29,tts,2123420.611534794,2365161.478504731
Rail,101021,scenario_29,tts,1852104.8583872644,2062957.7773773244
Rail,101022,scenario_29,tts,1521619.8852298602,1694848.7350658292
Rail,101023,scenario_29,tts,8750883.270062698,9747127.771489404
Rail,101024,scenario_29,tts,4394006.213949003,4894241.949564079
Rail,101025,scenario_29,tts,1385796.1030054523,1543562.091318978
Rail,101026,scenario_29,tts,5046903.729703921,5621468.597589702
Rail,101027,scenario_29,tts,7466165.003895619,8316150.72560234
Rail,101028,scenario_29,tts,3033585.730070969,3378944.3652991215
Rail,101029,scenario_29,tts,4130119.4400230306,4600312.979963715
Rail,101030,scenario_29,tts,4092402.901625195,4558302.601409168
Rail,101031,scenario_29,tts,6219236.78008881,6927265.930292504
Rail,101032,scenario_29,tts,516746.16683612607,575575.1457467463
Rail,100000,scenario_30,tts,3067228.0281241536,3416416.6715259384
Rail,100001,scenario_30,tts,9711764.409207836,10817400.44539228
Rail,100002,scenario_30,tts,3598586.45773604,4008267.6134306756
Rail,100003,scenario_30,tts,1121250.2723125506,1248899.0346193265
Rail,100004,scenario_30,tts,1239579.6256818222,1380699.5958670995
Rail,100005,scenario_30,tts,3682626.185440464,4101874.845813554
Rail,101000,scenario_30,tts,3981853.074762981,4435167.2270374885
Rail,101001,scenario_30,tts,8939865.533211092,9957624.724608907
Rail,101002,scenario_30,tts,3870413.1647440465,4311040.437972223
Rail,101003,scenario_30,tts,3705710.67930195,4127587.394394545
Rail,101004,scenario_30,tts,928012.6292113854,1033662.2477212389
Rail,101005,scenario_30,tts,95017.33489076322,105834.58550465063
Rail,101006,scenario_30,tts,2625144.099323869,2924003.6879726197
Rail,101007,scenario_30,tts,7513225.274373942,8368568.573624873
Rail,101008,scenario_30,tts,4119370.540219663,4588340.371422039
Rail,101009,scenario_30,tts,124666.85675109766,138859.55784372028
Rail,101010,scenario_30,tts,4527664.486697275,5043116.551360093
Rail,101011,scenario_30,tts,6514982.622615494,7256680.964870347
Rail,101012,scenario_30,tts,7450407.9067508355,8298599.761381002
Rail,101013,scenario_30,tts,3213924.315598688,3579813.601126073
Rail,101014,scenario_30,tts,3314892.547993422,3692276.564194012
Rail,101015,scenario_30,tts,2187970.3453226895,2437059.8781781318
Rail,101016,scenario_30,tts,5491113.192833463,6116249.0969754895
Rail,101017,scenario_30,tts,1909068.8666701904,2126406.8544561323
Rail,101018,scenario_30,tts,182364.3061845295,203125.57469720297
Rail,101019,scenario_30,tts,113051.56521381736,125921.9231818241
Rail,101020,scenario_30,tts,1932623.9718977895,2152643.5911647277
Rail,101021,scenario_30,tts,1690472.1718827244,1882924.014065846
Rail,101022,scenario_30,tts,1392722.5984521848,1551277.1337946227
Rail,101023,scenario_30,tts,7965900.91166708,8872779.078961095
Rail,101024,scenario_30,tts,3997919.139368415,4453062.333126939
Rail,101025,scenario_30,tts,1264336.9511692242,1408275.4196278397
Rail,101026,scenario_30,tts,4597390.6609238405,5120780.703449577
Rail,101027,scenario_30,tts,6684358.645278219,7445339.604617971
Rail,101028,scenario_30,tts,2764029.240923819,3078700.21162153
Rail,101029,scenario_30,tts,3760803.7096802928,4188952.4920474137
Rail,101030,scenario_30,tts,3722180.214623584,4145931.9043328967
Rail,101031,scenario_30,tts,5666790.259768315,6311926.123521203
Rail,101032,scenario_30,tts,465238.9549654215,518204.0941896461
Road,0,scenario_19,operation,0.0,0.0
Road,2,scenario_19,operation,0.0,0.0
Road,9,scenario_19,operation,0.0,0.0
Road,12,scenario_19,operation,0.0,0.0
Road,15,scenario_19,operation,0.0,0.0
Road,17,scenario_19,operation,0.0,0.0
Road,25,scenario_19,operation,0.0,0.0
Road,27,scenario_19,operation,0.0,0.0
Road,28,scenario_19,operation,0.0,0.0
Road,57,scenario_19,operation,0.0,0.0
Road,62,scenario_19,operation,0.0,0.0
Road,63,scenario_19,operation,0.0,0.0
Road,73,scenario_19,operation,0.0,0.0
Road,90,scenario_19,operation,0.0,0.0
Road,94,scenario_19,operation,0.0,0.0
Road,103,scenario_19,operation,0.0,0.0
Road,104,scenario_19,operation,0.0,0.0
Road,109,scenario_19,operation,0.0,0.0
Road,114,scenario_19,operation,0.0,0.0
Road,126,scenario_19,operation,0.0,0.0
Road,140,scenario_19,operation,0.0,0.0
Road,143,scenario_19,operation,0.0,0.0
Road,144,scenario_19,operation,0.0,0.0
Road,150,scenario_19,operation,0.0,0.0
Road,152,scenario_19,operation,0.0,0.0
Road,176,scenario_19,operation,0.0,0.0
Road,177,scenario_19,operation,0.0,0.0
Road,195,scenario_19,operation,0.0,0.0
Road,197,scenario_19,operation,0.0,0.0
Road,201,scenario_19,operation,0.0,0.0
Road,202,scenario_19,operation,0.0,0.0
Road,206,scenario_19,operation,0.0,0.0
Road,209,scenario_19,operation,0.0,0.0
Road,227,scenario_19,operation,0.0,0.0
Road,233,scenario_19,operation,0.0,0.0
Road,240,scenario_19,operation,0.0,0.0
Road,243,scenario_19,operation,0.0,0.0
Road,245,scenario_19,operation,0.0,0.0
Road,249,scenario_19,operation,0.0,0.0
Road,250,scenario_19,operation,0.0,0.0
Road,254,scenario_19,operation,0.0,0.0
Road,255,scenario_19,operation,0.0,0.0
Road,261,scenario_19,operation,0.0,0.0
Road,267,scenario_19,operation,0.0,0.0
Road,270,scenario_19,operation,0.0,0.0
Road,273,scenario_19,operation,0.0,0.0
Road,277,scenario_19,operation,0.0,0.0
Road,284,scenario_19,operation,0.0,0.0
Road,285,scenario_19,operation,0.0,0.0
Road,289,scenario_19,operation,0.0,0.0
Road,308,scenario_19,operation,0.0,0.0
Road,331,scenario_19,operation,0.0,0.0
Road,334,scenario_19,operation,0.0,0.0
Road,348,scenario_19,operation,0.0,0.0
Road,351,scenario_19,operation,0.0,0.0
Road,356,scenario_19,operation,0.0,0.0
Road,358,scenario_19,operation,0.0,0.0
Road,390,scenario_19,operation,0.0,0.0
Road,392,scenario_19,operation,0.0,0.0
Road,394,scenario_19,operation,0.0,0.0
Road,423,scenario_19,operation,0.0,0.0
Road,459,scenario_19,operation,0.0,0.0
Road,464,scenario_19,operation,0.0,0.0
Road,469,scenario_19,operation,0.0,0.0
Road,486,scenario_19,operation,0.0,0.0
Road,493,scenario_19,operation,0.0,0.0
Road,499,scenario_19,operation,0.0,0.0
Road,517,scenario_19,operation,0.0,0.0
Road,521,scenario_19,operation,0.0,0.0
Road,531,scenario_19,operation,0.0,0.0
Road,533,scenario_19,operation,0.0,0.0
Road,538,scenario_19,operation,0.0,0.0
Road,540,scenario_19,operation,0.0,0.0
Road,546,scenario_19,operation,0.0,0.0
Road,550,scenario_19,operation,0.0,0.0
Road,552,scenario_19,operation,0.0,0.0
Road,556,scenario_19,operation,0.0,0.0
Road,557,scenario_19,operation,0.0,0.0
Road,558,scenario_19,operation,0.0,0.0
Road,564,scenario_19,operation,0.0,0.0
Road,565,scenario_19,operation,0.0,0.0
Road,569,scenario_19,operation,0.0,0.0
Road,594,scenario_19,operation,0.0,0.0
Road,602,scenario_19,operation,0.0,0.0
Road,612,scenario_19,operation,0.0,0.0
Road,614,scenario_19,operation,0.0,0.0
Road,625,scenario_19,operation,0.0,0.0
Road,627,scenario_19,operation,0.0,0.0
Road,628,scenario_19,operation,0.0,0.0
Road,629,scenario_19,operation,0.0,0.0
Road,648,scenario_19,operation,0.0,0.0
Road,662,scenario_19,operation,0.0,0.0
Road,669,scenario_19,operation,0.0,0.0
Road,670,scenario_19,operation,0.0,0.0
Road,673,scenario_19,operation,0.0,0.0
Road,678,scenario_19,operation,0.0,0.0
Road,680,scenario_19,operation,0.0,0.0
Road,682,scenario_19,operation,0.0,0.0
Road,689,scenario_19,operation,0.0,0.0
Road,694,scenario_19,operation,0.0,0.0
Road,726,scenario_19,operation,0.0,0.0
Road,736,scenario_19,operation,0.0,0.0
Road,750,scenario_19,operation,0.0,0.0
Road,755,scenario_19,operation,0.0,0.0
Road,759,scenario_19,operation,0.0,0.0
Road,761,scenario_19,operation,0.0,0.0
Road,764,scenario_19,operation,0.0,0.0
Road,767,scenario_19,operation,0.0,0.0
Road,770,scenario_19,operation,0.0,0.0
Road,775,scenario_19,operation,0.0,0.0
Road,776,scenario_19,operation,0.0,0.0
Road,780,scenario_19,operation,0.0,0.0
Road,789,scenario_19,operation,0.0,0.0
Road,791,scenario_19,operation,0.0,0.0
Road,809,scenario_19,operation,0.0,0.0
Road,810,scenario_19,operation,0.0,0.0
Road,811,scenario_19,operation,0.0,0.0
Road,813,scenario_19,operation,0.0,0.0
Road,822,scenario_19,operation,0.0,0.0
Road,831,scenario_19,operation,0.0,0.0
Road,837,scenario_19,operation,0.0,0.0
Road,858,scenario_19,operation,0.0,0.0
Road,863,scenario_19,operation,0.0,0.0
Road,866,scenario_19,operation,0.0,0.0
Road,873,scenario_19,operation,0.0,0.0
Road,878,scenario_19,operation,0.0,0.0
Road,887,scenario_19,operation,0.0,0.0
Road,895,scenario_19,operation,0.0,0.0
Road,935,scenario_19,operation,0.0,0.0
Road,938,scenario_19,operation,0.0,0.0
Road,940,scenario_19,operation,0.0,0.0
Road,945,scenario_19,operation,0.0,0.0
Road,952,scenario_19,operation,0.0,0.0
Road,958,scenario_19,operation,0.0,0.0
Road,964,scenario_19,operation,0.0,0.0
Road,970,scenario_19,operation,0.0,0.0
Road,971,scenario_19,operation,0.0,0.0
Road,987,scenario_19,operation,0.0,0.0
Road,0,scenario_29,operation,0.0,0.0
Road,2,scenario_29,operation,0.0,0.0
Road,9,scenario_29,operation,0.0,0.0
Road,12,scenario_29,operation,0.0,0.0
Road,15,scenario_29,operation,0.0,0.0
Road,17,scenario_29,operation,0.0,0.0
Road,25,scenario_29,operation,0.0,0.0
Road,27,scenario_29,operation,0.0,0.0
Road,28,scenario_29,operation,0.0,0.0
Road,57,scenario_29,operation,0.0,0.0
Road,62,scenario_29,operation,0.0,0.0
Road,63,scenario_29,operation,0.0,0.0
Road,73,scenario_29,operation,0.0,0.0
Road,90,scenario_29,operation,0.0,0.0
Road,94,scenario_29,operation,0.0,0.0
Road,103,scenario_29,operation,0.0,0.0
Road,104,scenario_29,operation,0.0,0.0
Road,109,scenario_29,operation,0.0,0.0
Road,114,scenario_29,operation,0.0,0.0
Road,126,scenario_29,operation,0.0,0.0
Road,140,scenario_29,operation,0.0,0.0
Road,143,scenario_29,operation,0.0,0.0
Road,144,scenario_29,operation,0.0,0.0
Road,150,scenario_29,operation,0.0,0.0
Road,152,scenario_29,operation,0.0,0.0
Road,176,scenario_29,operation,0.0,0.0
Road,177,scenario_29,operation,0.0,0.0
Road,195,scenario_29,operation,0.0,0.0
Road,197,scenario_29,operation,0.0,0.0
Road,201,scenario_29,operation,0.0,0.0
Road,202,scenario_29,operation,0.0,0.0
Road,206,scenario_29,operation,0.0,0.0
Road,209,scenario_29,operation,0.0,0.0
Road,227,scenario_29,operation,0.0,0.0
Road,233,scenario_29,operation,0.0,0.0
Road,240,scenario_29,operation,0.0,0.0
Road,243,scenario_29,operation,0.0,0.0
Road,245,scenario_29,operation,0.0,0.0
Road,249,scenario_29,operation,0.0,0.0
Road,250,scenario_29,operation,0.0,0.0
Road,254,scenario_29,operation,0.0,0.0
Road,255,scenario_29,operation,0.0,0.0
Road,261,scenario_29,operation,0.0,0.0
Road,267,scenario_29,operation,0.0,0.0
Road,270,scenario_29,operation,0.0,0.0
Road,273,scenario_29,operation,0.0,0.0
Road,277,scenario_29,operation,0.0,0.0
Road,284,scenario_29,operation,0.0,0.0
Road,285,scenario_29,operation,0.0,0.0
Road,289,scenario_29,operation,0.0,0.0
Road,308,scenario_29,operation,0.0,0.0
Road,331,scenario_29,operation,0.0,0.0
Road,334,scenario_29,operation,0.0,0.0
Road,348,scenario_29,operation,0.0,0.0
Road,351,scenario_29,operation,0.0,0.0
Road,356,scenario_29,operation,0.0,0.0
Road,358,scenario_29,operation,0.0,0.0
Road,390,scenario_29,operation,0.0,0.0
Road,392,scenario_29,operation,0.0,0.0
Road,394,scenario_29,operation,0.0,0.0
Road,423,scenario_29,operation,0.0,0.0
Road,459,scenario_29,operation,0.0,0.0
Road,464,scenario_29,operation,0.0,0.0
Road,469,scenario_29,operation,0.0,0.0
Road,486,scenario_29,operation,0.0,0.0
Road,493,scenario_29,operation,0.0,0.0
Road,499,scenario_29,operation,0.0,0.0
Road,517,scenario_29,operation,0.0,0.0
Road,521,scenario_29,operation,0.0,0.0
Road,531,scenario_29,operation,0.0,0.0
Road,533,scenario_29,operation,0.0,0.0
Road,538,scenario_29,operation,0.0,0.0
Road,540,scenario_29,operation,0.0,0.0
Road,546,scenario_29,operation,0.0,0.0
Road,550,scenario_29,operation,0.0,0.0
Road,552,scenario_29,operation,0.0,0.0
Road,556,scenario_29,operation,0.0,0.0
Road,557,scenario_29,operation,0.0,0.0
Road,558,scenario_29,operation,0.0,0.0
Road,564,scenario_29,operation,0.0,0.0
Road,565,scenario_29,operation,0.0,0.0
Road,569,scenario_29,operation,0.0,0.0
Road,594,scenario_29,operation,0.0,0.0
Road,602,scenario_29,operation,0.0,0.0
Road,612,scenario_29,operation,0.0,0.0
Road,614,scenario_29,operation,0.0,0.0
Road,625,scenario_29,operation,0.0,0.0
Road,627,scenario_29,operation,0.0,0.0
Road,628,scenario_29,operation,0.0,0.0
Road,629,scenario_29,operation,0.0,0.0
Road,648,scenario_29,operation,0.0,0.0
Road,662,scenario_29,operation,0.0,0.0
Road,669,scenario_29,operation,0.0,0.0
Road,670,scenario_29,operation,0.0,0.0
Road,673,scenario_29,operation,0.0,0.0
Road,678,scenario_29,operation,0.0,0.0
Road,680,scenario_29,operation,0.0,0.0
Road,682,scenario_29,operation,0.0,0.0
Road,689,scenario_29,operation,0.0,0.0
Road,694,scenario_29,operation,0.0,0.0
Road,726,scenario_29,operation,0.0,0.0
Road,736,scenario_29,operation,0.0,0.0
Road,750,scenario_29,operation,0.0,0.0
Road,755,scenario_29,operation,0.0,0.0
Road,759,scenario_29,operation,0.0,0.0
Road,761,scenario_29,operation,0.0,0.0
Road,764,scenario_29,operation,0.0,0.0
Road,767,scenario_29,operation,0.0,0.0
Road,770,scenario_29,operation,0.0,0.0
Road,775,scenario_29,operation,0.0,0.0
Road,776,scenario_29,operation,0.0,0.0
Road,780,scenario_29,operation,0.0,0.0
Road,789,scenario_29,operation,0.0,0.0
Road,791,scenario_29,operation,0.0,0.0
Road,809,scenario_29,operation,0.0,0.0
Road,810,scenario_29,operation,0.0,0.0
Road,811,scenario_29,operation,0.0,0.0
Road,813,scenario_29,operation,0.0,0.0
Road,822,scenario_29,operation,0.0,0.0
Road,831,scenario_29,operation,0.0,0.0
Road,837,scenario_29,operation,0.0,0.0
Road,858,scenario_29,operation,0.0,0.0
Road,863,scenario_29,operation,0.0,0.0
Road,866,scenario_29,operation,0.0,0.0
Road,873,scenario_29,operation,0.0,0.0
Road,878,scenario_29,operation,0.0,0.0
Road,887,scenario_29,operation,0.0,0.0
Road,895,scenario_29,operation,0.0,0.0
Road,935,scenario_29,operation,0.0,0.0
Road,938,scenario_29,operation,0.0,0.0
Road,940,scenario_29,operation,0.0,0.0
Road,945,scenario_29,operation,0.0,0.0
Road,952,scenario_29,operation,0.0,0.0
Road,958,scenario_29,operation,0.0,0.0
Road,964,scenario_29,operation,0.0,0.0
Road,970,scenario_29,operation,0.0,0.0
Road,971,scenario_29,operation,0.0,0.0
Road,987,scenario_29,operation,0.0,0.0
Road,0,scenario_30,operation,0.0,0.0
Road,2,scenario_30,operation,0.0,0.0
Road,9,scenario_30,operation,0.0,0.0
Road,12,scenario_30,operation,0.0,0.0
Road,15,scenario_30,operation,0.0,0.0
Road,17,scenario_30,operation,0.0,0.0
Road,25,scenario_30,operation,0.0,0.0
Road,27,scenario_30,operation,0.0,0.0
Road,28,scenario_30,operation,0.0,0.0
Road,57,scenario_30,operation,0.0,0.0
Road,62,scenario_30,operation,0.0,0.0
Road,63,scenario_30,operation,0.0,0.0
Road,73,scenario_30,operation,0.0,0.0
Road,90,scenario_30,operation,0.0,0.0
Road,94,scenario_30,operation,0.0,0.0
Road,103,scenario_30,operation,0.0,0.0
Road,104,scenario_30,operation,0.0,0.0
Road,109,scenario_30,operation,0.0,0.0
Road,114,scenario_30,operation,0.0,0.0
Road,126,scenario_30,operation,0.0,0.0
Road,140,scenario_30,operation,0.0,0.0
Road,143,scenario_30,operation,0.0,0.0
Road,144,scenario_30,operation,0.0,0.0
Road,150,scenario_30,operation,0.0,0.0
Road,152,scenario_30,operation,0.0,0.0
Road,176,scenario_30,operation,0.0,0.0
Road,177,scenario_30,operation,0.0,0.0
Road,195,scenario_30,operation,0.0,0.0
Road,197,scenario_30,operation,0.0,0.0
Road,201,scenario_30,operation,0.0,0.0
Road,202,scenario_30,operation,0.0,0.0
Road,206,scenario_30,operation,0.0,0.0
Road,209,scenario_30,operation,0.0,0.0
Road,227,scenario_30,operation,0.0,0.0
Road,233,scenario_30,operation,0.0,0.0
Road,240,scenario_30,operation,0.0,0.0
Road,243,scenario_30,operation,0.0,0.0
Road,245,scenario_30,operation,0.0,0.0
Road,249,scenario_30,operation,0.0,0.0
Road,250,scenario_30,operation,0.0,0.0
Road,254,scenario_30,operation,0.0,0.0
Road,255,scenario_30,operation,0.0,0.0
Road,261,scenario_30,operation,0.0,0.0
Road,267,scenario_30,operation,0.0,0.0
Road,270,scenario_30,operation,0.0,0.0
Road,273,scenario_30,operation,0.0,0.0
Road,277,scenario_30,operation,0.0,0.0
Road,284,scenario_30,operation,0.0,0.0
Road,285,scenario_30,operation,0.0,0.0
Road,289,scenario_30,operation,0.0,0.0
Road,308,scenario_30,operation,0.0,0.0
Road,331,scenario_30,operation,0.0,0.0
Road,334,scenario_30,operation,0.0,0.0
Road,348,scenario_30,operation,0.0,0.0
Road,351,scenario_30,operation,0.0,0.0
Road,356,scenario_30,operation,0.0,0.0
Road,358,scenario_30,operation,0.0,0.0
Road,390,scenario_30,operation,0.0,0.0
Road,392,scenario_30,operation,0.0,0.0
Road,394,scenario_30,operation,0.0,0.0
Road,423,scenario_30,operation,0.0,0.0
Road,459,scenario_30,operation,0.0,0.0
Road,464,scenario_30,operation,0.0,0.0
Road,469,scenario_30,operation,0.0,0.0
Road,486,scenario_30,operation,0.0,0.0
Road,493,scenario_30,operation,0.0,0.0
Road,499,scenario_30,operation,0.0,0.0
Road,517,scenario_30,operation,0.0,0.0
Road,521,scenario_30,operation,0.0,0.0
Road,531,scenario_30,operation,0.0,0.0
Road,533,scenario_30,operation,0.0,0.0
Road,538,scenario_30,operation,0.0,0.0
Road,540,scenario_30,operation,0.0,0.0
Road,546,scenario_30,operation,0.0,0.0
Road,550,scenario_30,operation,0.0,0.0
Road,552,scenario_30,operation,0.0,0.0
Road,556,scenario_30,operation,0.0,0.0
Road,557,scenario_30,operation,0.0,0.0
Road,558,scenario_30,operation,0.0,0.0
Road,564,scenario_30,operation,0.0,0.0
Road,565,scenario_30,operation,0.0,0.0
Road,569,scenario_30,operation,0.0,0.0
Road,594,scenario_30,operation,0.0,0.0
Road,602,scenario_30,operation,0.0,0.0
Road,612,scenario_30,operation,0.0,0.0
Road,614,scenario_30,operation,0.0,0.0
Road,625,scenario_30,operation,0.0,0.0
Road,627,scenario_30,operation,0.0,0.0
Road,628,scenario_30,operation,0.0,0.0
Road,629,scenario_30,operation,0.0,0.0
Road,648,scenario_30,operation,0.0,0.0
Road,662,scenario_30,operation,0.0,0.0
Road,669,scenario_30,operation,0.0,0.0
Road,670,scenario_30,operation,0.0,0.0
Road,673,scenario_30,operation,0.0,0.0
Road,678,scenario_30,operation,0.0,0.0
Road,680,scenario_30,operation,0.0,0.0
Road,682,scenario_30,operation,0.0,0.0
Road,689,scenario_30,operation,0.0,0.0
Road,694,scenario_30,operation,0.0,0.0
Road,726,scenario_30,operation,0.0,0.0
Road,736,scenario_30,operation,0.0,0.0
Road,750,scenario_30,operation,0.0,0.0
Road,755,scenario_30,operation,0.0,0.0
Road,759,scenario_30,operation,0.0,0.0
Road,761,scenario_30,operation,0.0,0.0
Road,764,scenario_30,operation,0.0,0.0
Road,767,scenario_30,operation,0.0,0.0
Road,770,scenario_30,operation,0.0,0.0
Road,775,scenario_30,operation,0.0,0.0
Road,776,scenario_30,operation,0.0,0.0
Road,780,scenario_30,operation,0.0,0.0
Road,789,scenario_30,operation,0.0,0.0
Road,791,scenario_30,operation,0.0,0.0
Road,809,scenario_30,operation,0.0,0.0
Road,810,scenario_30,operation,0.0,0.0
Road,811,scenario_30,operation,0.0,0.0
Road,813,scenario_30,operation,0.0,0.0
Road,822,scenario_30,operation,0.0,0.0
Road,831,scenario_30,operation,0.0,0.0
Road,837,scenario_30,operation,0.0,0.0
Road,858,scenario_30,operation,0.0,0.0
Road,863,scenario_30,operation,0.0,0.0
Road,866,scenario_30,operation,0.0,0.0
Road,873,scenario_30,operation,0.0,0.0
Road,878,scenario_30,operation,0.0,0.0
Road,887,scenario_30,operation,0.0,0.0
Road,895,scenario_30,operation,0.0,0.0
Road,935,scenario_30,operation,0.0,0.0
Road,938,scenario_30,operation,0.0,0.0
Road,940,scenario_30,operation,0.0,0.0
Road,945,scenario_30,operation,0.0,0.0
Road,952,scenario_30,operation,0.0,0.0
Road,958,scenario_30,operation,0.0,0.0
Road,964,scenario_30,operation,0.0,0.0
Road,970,scenario_30,operation,0.0,0.0
Road,971,scenario_30,operation,0.0,0.0
Road,987,scenario_30,operation,0.0,0.0
Rail,100000,scenario_19,operation,1132535.0372548352,1194824.4643038511
Rail,100001,scenario_19,operation,1470832.908922622,1551728.718913366
Rail,100002,scenario_19,operation,1491223.5000004936,1573240.7925005206
Rail,100003,scenario_19,operation,1249186.448497714,1317891.7031650883
Rail,100004,scenario_19,operation,1366327.1115340572,1441475.1026684302
Rail,100005,scenario_19,operation,1772511.8780511147,1870000.031343926
Rail,101000,scenario_19,operation,6764695.075241824,7136753.3043801235
Rail,101001,scenario_19,operation,9194709.592311688,9700418.61988883
Rail,101002,scenario_19,operation,8754960.406377172,9236483.228727916
Rail,101003,scenario_19,operation,8286864.190406665,8742641.720879031
Rail,101004,scenario_19,operation,7895035.997189831,8329262.977035271
Rail,101005,scenario_19,operation,3806954.046847058,4016336.519423646
Rail,101006,scenario_19,operation,2758437.9295488927,2910152.0156740816
Rail,101007,scenario_19,operation,2864178.3156979834,3021708.1230613724
Rail,101008,scenario_19,operation,2348724.399368907,2477904.2413341966
Rail,101009,scenario_19,operation,6029353.94372662,6360968.410631583
Rail,101010,scenario_19,operation,3678039.6755888616,3880331.8577462486
Rail,101011,scenario_19,operation,6382115.932128592,6733132.308395664
Rail,101012,scenario_19,operation,4781397.43325049,5044374.292079266
Rail,101013,scenario_19,operation,2672944.478542223,2819956.4248620453
Rail,101014,scenario_19,operation,3637776.376419882,3837854.077122975
Rail,101015,scenario_19,operation,3141343.089817573,3314116.959757539
Rail,101016,scenario_19,operation,1845066.0495133616,1946544.6822365965
Rail,101017,scenario_19,operation,9328074.887254942,9841119.006053964
Rail,101018,scenario_19,operation,8422318.666801453,8885546.193475531
Rail,101019,scenario_19,operation,12379848.634120692,13060740.30899733
Rail,101020,scenario_19,operation,12074664.945059828,12738771.517038118
Rail,101021,scenario_19,operation,14349670.091337211,15138901.946360758
Rail,101022,scenario_19,operation,14714211.47990382,15523493.11129853
Rail,101023,scenario_19,operation,15720251.003409136,16584864.808596637
Rail,101024,scenario_19,operation,15838427.061850354,16709540.550252123
Rail,101025,scenario_19,operation,9194299.763564669,9699986.250560725
Rail,101026,scenario_19,operation,8716102.867589945,9195488.52530739
Rail,101027,scenario_19,operation,7133884.724548768,7526248.38439895
Rail,101028,scenario_19,operation,11059719.811672827,11668004.401314832
Rail,101029,scenario_19,operation,12898231.613368692,13607634.35210397
Rail,101030,scenario_19,operation,14397753.92824565,15189630.39429916
Rail,101031,scenario_19,operation,7843392.589073221,8274779.1814722475
Rail,101032,scenario_19,operation,6209265.796334621,6550775.415133025
Rail,100000,scenario_29,operation,1132535.0372548352,1194824.4643038511
Rail,100001,scenario_29,operation,1470832.908922622,1551728.718913366
Rail,100002,scenario_29,operation,1491223.5000004936,1573240.7925005206
Rail,100003,scenario_29,operation,1249186.448497714,1317891.7031650883
Rail,100004,scenario_29,operation,1366327.1115340572,1441475.1026684302
Rail,100005,scenario_29,operation,1772511.8780511147,1870000.031343926
Rail,101000,scenario_29,operation,6764695.075241824,7136753.3043801235
Rail,101001,scenario_29,operation,9194709.592311688,9700418.61988883
Rail,101002,scenario_29,operation,8754960.406377172,9236483.228727916
Rail,101003,scenario_29,operation,8286864.190406665,8742641.720879031
Rail,101004,scenario_29,operation,7895035.997189831,8329262.977035271
Rail,101005,scenario_29,operation,3806954.046847058,4016336.519423646
Rail,101006,scenario_29,operation,2758437.9295488927,2910152.0156740816
Rail,101007,scenario_29,operation,2864178.3156979834,3021708.1230613724
Rail,101008,scenario_29,operation,2348724.399368907,2477904.2413341966
Rail,101009,scenario_29,operation,6029353.94372662,6360968.410631583
Rail,101010,scenario_29,operation,3678039.6755888616,3880331.8577462486
Rail,101011,scenario_29,operation,6382115.932128592,6733132.308395664
Rail,101012,scenario_29,operation,4781397.43325049,5044374.292079266
Rail,101013,scenario_29,operation,2672944.478542223,2819956.4248620453
Rail,101014,scenario_29,operation,3637776.376419882,3837854.077122975
Rail,101015,scenario_29,operation,3141343.089817573,3314116.959757539
Rail,101016,scenario_29,operation,1845066.0495133616,1946544.6822365965
Rail,101017,scenario_29,operation,9328074.887254942,9841119.006053964
Rail,101018,scenario_29,operation,8422318.666801453,8885546.193475531
Rail,101019,scenario_29,operation,12379848.634120692,13060740.30899733
Rail,101020,scenario_29,operation,12074664.945059828,12738771.517038118
Rail,101021,scenario_29,operation,14349670.091337211,15138901.946360758
Rail,101022,scenario_29,operation,14714211.47990382,15523493.11129853
Rail,101023,scenario_29,operation,15720251.003409136,16584864.808596637
Rail,101024,scenario_29,operation,15838427.061850354,16709540.550252123
Rail,101025,scenario_29,operation,9194299.763564669,9699986.250560725
Rail,101026,scenario_29,operation,8716102.867589945,9195488.52530739
Rail,101027,scenario_29,operation,7133884.724548768,7526248.38439895
Rail,101028,scenario_29,operation,11059719.811672827,11668004.401314832
Rail,101029,scenario_29,operation,12898231.613368692,13607634.35210397
Rail,101030,scenario_29,operation,14397753.92824565,15189630.39429916
Rail,101031,scenario_29,operation,7843392.589073221,8274779.1814722475
Rail,101032,scenario_29,operation,6209265.796334621,6550775.415133025
Rail,100000,scenario_30,operation,1132535.0372548352,1194824.4643038511
Rail,100001,scenario_30,operation,1470832.908922622,1551728.718913366
Rail,100002,scenario_30,operation,1491223.5000004936,1573240.7925005206
Rail,100003,scenario_30,operation,1249186.448497714,1317891.7031650883
Rail,100004,scenario_30,operation,1366327.1115340572,1441475.1026684302
Rail,100005,scenario_30,operation,1772511.8780511147,1870000.031343926
Rail,101000,scenario_30,operation,6764695.075241824,7136753.3043801235
Rail,101001,scenario_30,operation,9194709.592311688,9700418.61988883
Rail,101002,scenario_30,operation,8754960.406377172,9236483.228727916
Rail,101003,scenario_30,operation,8286864.190406665,8742641.720879031
Rail,101004,scenario_30,operation,7895035.997189831,8329262.977035271
Rail,101005,scenario_30,operation,3806954.046847058,4016336.519423646
Rail,101006,scenario_30,operation,2758437.9295488927,2910152.0156740816
Rail,101007,scenario_30,operation,2864178.3156979834,3021708.1230613724
Rail,101008,scenario_30,operation,2348724.399368907,2477904.2413341966
Rail,101009,scenario_30,operation,6029353.94372662,6360968.410631583
Rail,101010,scenario_30,operation,3678039.6755888616,3880331.8577462486
Rail,101011,scenario_30,operation,6382115.932128592,6733132.308395664
Rail,101012,scenario_30,operation,4781397.43325049,5044374.292079266
Rail,101013,scenario_30,operation,2672944.478542223,2819956.4248620453
Rail,101014,scenario_30,operation,3637776.376419882,3837854.077122975
Rail,101015,scenario_30,operation,3141343.089817573,3314116.959757539
Rail,101016,scenario_30,operation,1845066.0495133616,1946544.6822365965
Rail,101017,scenario_30,operation,9328074.887254942,9841119.006053964
Rail,101018,scenario_30,operation,8422318.666801453,8885546.193475531
Rail,101019,scenario_30,operation,12379848.634120692,13060740.30899733
Rail,101020,scenario_30,operation,12074664.945059828,12738771.517038118
Rail,101021,scenario_30,operation,14349670.091337211,15138901.946360758
Rail,101022,scenario_30,operation,14714211.47990382,15523493.11129853
Rail,101023,scenario_30,operation,15720251.003409136,16584864.808596637
Rail,101024,scenario_30,operation,15838427.061850354,16709540.550252123
Rail,101025,scenario_30,operation,9194299.763564669,9699986.250560725
Rail,101026,scenario_30,operation,8716102.867589945,9195488.52530739
Rail,101027,scenario_30,operation,7133884.724548768,7526248.38439895
Rail,101028,scenario_30,operation,11059719.811672827,11668004.401314832
Rail,101029,scenario_30,operation,12898231.613368692,13607634.35210397
Rail,101030,scenario_30,operation,14397753.92824565,15189630.39429916
Rail,101031,scenario_30,operation,7843392.589073221,8274779.1814722475
Rail,101032,scenario_30,operation,6209265.796334621,6550775.415133025
Road,0,scenario_19,externalities,345276872.71142757,
Road,2,scenario_19,externalities,472959994.5310824,
Road,9,scenario_19,externalities,1102132191.6912076,
Road,12,scenario_19,externalities,884678952.4299979,
Road,15,scenario_19,externalities,244570297.75985953,
Road,17,scenario_19,externalities,1162145992.8589256,
Road,25,scenario_19,externalities,1088808551.5272884,
Road,27,scenario_19,externalities,1007966102.4209636,
Road,28,scenario_19,externalities,1183821553.6060135,
Road,57,scenario_19,externalities,309258717.1956397,
Road,62,scenario_19,externalities,99638804.77865678,
Road,63,scenario_19,externalities,602119297.8778179,
Road,73,scenario_19,externalities,352816567.9526391,
Road,90,scenario_19,externalities,1041038893.0358596,
Road,94,scenario_19,externalities,77063305.33401044,
Road,103,scenario_19,externalities,489146659.15574867,
Road,104,scenario_19,externalities,925540524.4335165,
Road,109,scenario_19,externalities,512234634.77039987,
Road,114,scenario_19,externalities,313737315.6128099,
Road,126,scenario_19,externalities,521938378.627965,
Road,140,scenario_19,externalities,538745492.5444238,
Road,143,scenario_19,externalities,140991893.1039116,
Road,144,scenario_19,externalities,1262464376.336839,
Road,150,scenario_19,externalities,182264836.83835977,
Road,152,scenario_19,externalities,939546000.5141373,
Road,176,scenario_19,externalities,1308078050.4087737,
Road,177,scenario_19,externalities,318473149.1517772,
Road,195,scenario_19,externalities,201610492.77074566,
Road,197,scenario_19,externalities,358007558.6966519,
Road,201,scenario_19,externalities,794637036.6727514,
Road,202,scenario_19,externalities,285153189.6378463,
Road,206,scenario_19,externalities,1117086687.7791736,
Road,209,scenario_19,externalities,709055715.8041978,
Road,227,scenario_19,externalities,158244165.33462933,
Road,233,scenario_19,externalities,887671985.7291533,
Road,240,scenario_19,externalities,281827797.3751602,
Road,243,scenario_19,externalities,651408362.144277,
Road,245,scenario_19,externalities,1115824584.543422,
Road,249,scenario_19,externalities,730447703.211749,
Road,250,scenario_19,externalities,385747424.9665401,
Road,254,scenario_19,externalities,395701901.59197915,
Road,255,scenario_19,externalities,297503490.4712225,
Road,261,scenario_19,externalities,206006767.6891796,
Road,267,scenario_19,externalities,461074560.99920475,
Road,270,scenario_19,externalities,313743130.1082861,
Road,273,scenario_19,externalities,420002350.610022,
Road,277,scenario_19,externalities,386294667.2854791,
Road,284,scenario_19,externalities,1050913730.8058985,
Road,285,scenario_19,externalities,534236242.74331635,
Road,289,scenario_19,externalities,489555048.98384964,
Road,308,scenario_19,externalities,981965235.1892271,
Road,331,scenario_19,externalities,482407924.1553338,
Road,334,scenario_19,externalities,400252070.1311321,
Road,348,scenario_19,externalities,609682058.3963946,
Road,351,scenario_19,externalities,1188206788.4624584,
Road,356,scenario_19,externalities,544762757.3502324,
Road,358,scenario_19,externalities,463626756.34251267,
Road,390,scenario_19,externalities,198244443.7114787,
Road,392,scenario_19,externalities,193892626.24721032,
Road,394,scenario_19,externalities,254239866.6105637,
Road,423,scenario_19,externalities,632055904.0478072,
Road,459,scenario_19,externalities,1056260988.1597748,
Road,464,scenario_19,externalities,162641270.5954638,
Road,469,scenario_19,externalities,448949050.9932869,
Road,486,scenario_19,externalities,601931146.5852047,
Road,493,scenario_19,externalities,92763848.98576695,
Road,499,scenario_19,externalities,976241726.6350548,
Road,517,scenario_19,externalities,249008918.55565852,
Road,521,scenario_19,externalities,361258179.62453145,
Road,531,scenario_19,externalities,424574025.43725795,
Road,533,scenario_19,externalities,1228522851.1511414,
Road,538,scenario_19,externalities,556145297.6660459,
Road,540,scenario_19,externalities,2038748542.3833852,
Road,546,scenario_19,externalities,327883725.68498296,
Road,550,scenario_19,externalities,1024139453.4921709,
Road,552,scenario_19,externalities,168127775.70921195,
Road,556,scenario_19,externalities,641592284.5112411,
Road,557,scenario_19,externalities,1058031572.875066,
Road,558,scenario_19,externalities,1169419957.6045449,
Road,564,scenario_19,externalities,477965089.07430273,
Road,565,scenario_19,externalities,892902208.4148588,
Road,569,scenario_19,externalities,1738230660.1126463,
Road,594,scenario_19,externalities,779237741.8519298,
Road,602,scenario_19,externalities,888133435.062489,
Road,612,scenario_19,externalities,492382893.15971184,
Road,614,scenario_19,externalities,387903306.3728843,
Road,625,scenario_19,externalities,742844853.3632607,
Road,627,scenario_19,externalities,379558042.029279,
Road,628,scenario_19,externalities,843623719.4604181,
Road,629,scenario_19,externalities,663431605.5407053,
Road,648,scenario_19,externalities,903459593.8688072,
Road,662,scenario_19,externalities,378649255.98540705,
Road,669,scenario_19,externalities,206801834.96259755,
Road,670,scenario_19,externalities,266421133.01100266,
Road,673,scenario_19,externalities,110811224.86079405,
Road,678,scenario_19,externalities,949720386.4885384,
Road,680,scenario_19,externalities,844171667.368536,
Road,682,scenario_19,externalities,1169952032.0440044,
Road,689,scenario_19,externalities,569401800.4221355,
Road,694,scenario_19,externalities,703791579.9187732,
Road,726,scenario_19,externalities,625204770.7737253,
Road,736,scenario_19,externalities,720808286.5499029,
Road,750,scenario_19,externalities,639672688.6802733,
Road,755,scenario_19,externalities,402705228.19100696,
Road,759,scenario_19,externalities,398826192.1902575,
Road,761,scenario_19,externalities,258963742.84101096,
Road,764,scenario_19,externalities,974395798.3529985,
Road,767,scenario_19,externalities,186473883.63666594,
Road,770,scenario_19,externalities,225813807.2492222,
Road,775,scenario_19,externalities,501858398.6236246,
Road,776,scenario_19,externalities,741178185.3410351,
Road,780,scenario_19,externalities,588815311.8018028,
Road,789,scenario_19,externalities,892335239.9016662,
Road,791,scenario_19,externalities,531374633.72333914,
Road,809,scenario_19,externalities,616331936.0049007,
Road,810,scenario_19,externalities,804186202.0270324,
Road,811,scenario_19,externalities,231392420.01151437,
Road,813,scenario_19,externalities,1000306844.7653654,
Road,822,scenario_19,externalities,232662714.17949516,
Road,831,scenario_19,externalities,868202501.2058557,
Road,837,scenario_19,externalities,1177913167.992639,
Road,858,scenario_19,externalities,1024505777.1777866,
Road,863,scenario_19,externalities,720458860.959576,
Road,866,scenario_19,externalities,659382304.5413854,
Road,873,scenario_19,externalities,576800263.4364141,
Road,878,scenario_19,externalities,1082705255.9821079,
Road,887,scenario_19,externalities,167747101.30355325,
Road,895,scenario_19,externalities,541745534.6279615,
Road,935,scenario_19,externalities,941772488.3760023,
Road,938,scenario_19,externalities,986212307.9197009,
Road,940,scenario_19,externalities,426716967.79472196,
Road,945,scenario_19,externalities,443085450.11862135,
Road,952,scenario_19,externalities,1113309468.3577666,
Road,958,scenario_19,externalities,605125343.4108251,
Road,964,scenario_19,externalities,667505862.0372676,
Road,970,scenario_19,externalities,219855377.17905724,
Road,971,scenario_19,externalities,382176505.8723929,
Road,987,scenario_19,externalities,252140750.27984798,
Road,0,scenario_29,externalities,345276872.71142757,
Road,2,scenario_29,externalities,472959994.5310824,
Road,9,scenario_29,externalities,1102132191.6912076,
Road,12,scenario_29,externalities,884678952.4299979,
Road,15,scenario_29,externalities,244570297.75985953,
Road,17,scenario_29,externalities,1162145992.8589256,
Road,25,scenario_29,externalities,1088808551.5272884,
Road,27,scenario_29,externalities,1007966102.4209636,
Road,28,scenario_29,externalities,1183821553.6060135,
Road,57,scenario_29,externalities,309258717.1956397,
Road,62,scenario_29,externalities,99638804.77865678,
Road,63,scenario_29,externalities,602119297.8778179,
Road,73,scenario_29,externalities,352816567.9526391,
Road,90,scenario_29,externalities,1041038893.0358596,
Road,94,scenario_29,externalities,77063305.33401044,
Road,103,scenario_29,externalities,489146659.15574867,
Road,104,scenario_29,externalities,925540524.4335165,
Road,109,scenario_29,externalities,512234634.77039987,
Road,114,scenario_29,externalities,313737315.6128099,
Road,126,scenario_29,externalities,521938378.627965,
Road,140,scenario_29,externalities,538745492.5444238,
Road,143,scenario_29,externalities,140991893.1039116,
Road,144,scenario_29,externalities,1262464376.336839,
Road,150,scenario_29,externalities,182264836.83835977,
Road,152,scenario_29,externalities,939546000.5141373,
Road,176,scenario_29,externalities,1308078050.4087737,
Road,177,scenario_29,externalities,318473149.1517772,
Road,195,scenario_29,externalities,201610492.77074566,
Road,197,scenario_29,externalities,358007558.6966519,
Road,201,scenario_29,externalities,794637036.6727514,
Road,202,scenario_29,externalities,285153189.6378463,
Road,206,scenario_29,externalities,1117086687.7791736,
Road,209,scenario_29,externalities,709055715.8041978,
Road,227,scenario_29,externalities,158244165.33462933,
Road,233,scenario_29,externalities,887671985.7291533,
Road,240,scenario_29,externalities,281827797.3751602,
Road,243,scenario_29,externalities,651408362.144277,
Road,245,scenario_29,externalities,1115824584.543422,
Road,249,scenario_29,externalities,730447703.211749,
Road,250,scenario_29,externalities,385747424.9665401,
Road,254,scenario_29,externalities,395701901.59197915,
Road,255,scenario_29,externalities,297503490.4712225,
Road,261,scenario_29,externalities,206006767.6891796,
Road,267,scenario_29,externalities,461074560.99920475,
Road,270,scenario_29,externalities,313743130.1082861,
Road,273,scenario_29,externalities,420002350.610022,
Road,277,scenario_29,externalities,386294667.2854791,
Road,284,scenario_29,externalities,1050913730.8058985,
Road,285,scenario_29,externalities,534236242.74331635,
Road,289,scenario_29,externalities,489555048.98384964,
Road,308,scenario_29,externalities,981965235.1892271,
Road,331,scenario_29,externalities,482407924.1553338,
Road,334,scenario_29,externalities,400252070.1311321,
Road,348,scenario_29,externalities,609682058.3963946,
Road,351,scenario_29,externalities,1188206788.4624584,
Road,356,scenario_29,externalities,544762757.3502324,
Road,358,scenario_29,externalities,463626756.34251267,
Road,390,scenario_29,externalities,198244443.7114787,
Road,392,scenario_29,externalities,193892626.24721032,
Road,394,scenario_29,externalities,254239866.6105637,
Road,423,scenario_29,externalities,632055904.0478072,
Road,459,scenario_29,externalities,1056260988.1597748,
Road,464,scenario_29,externalities,162641270.5954638,
Road,469,scenario_29,externalities,448949050.9932869,
Road,486,scenario_29,externalities,601931146.5852047,
Road,493,scenario_29,externalities,92763848.98576695,
Road,499,scenario_29,externalities,976241726.6350548,
Road,517,scenario_29,externalities,249008918.55565852,
Road,521,scenario_29,externalities,361258179.62453145,
Road,531,scenario_29,externalities,424574025.43725795,
Road,533,scenario_29,externalities,1228522851.1511414,
Road,538,scenario_29,externalities,556145297.6660459,
Road,540,scenario_29,externalities,2038748542.3833852,
Road,546,scenario_29,externalities,327883725.68498296,
Road,550,scenario_29,externalities,1024139453.4921709,
Road,552,scenario_29,externalities,168127775.70921195,
Road,556,scenario_29,externalities,641592284.5112411,
Road,557,scenario_29,externalities,1058031572.875066,
Road,558,scenario_29,externalities,1169419957.6045449,
Road,564,scenario_29,externalities,477965089.07430273,
Road,565,scenario_29,externalities,892902208.4148588,
Road,569,scenario_29,externalities,1738230660.1126463,
Road,594,scenario_29,externalities,779237741.8519298,
Road,602,scenario_29,externalities,888133435.062489,
Road,612,scenario_29,externalities,492382893.15971184,
Road,614,scenario_29,externalities,387903306.3728843,
Road,625,scenario_29,externalities,742844853.3632607,
Road,627,scenario_29,externalities,379558042.029279,
Road,628,scenario_29,externalities,843623719.4604181,
Road,629,scenario_29,externalities,663431605.5407053,
Road,648,scenario_29,externalities,903459593.8688072,
Road,662,scenario_29,externalities,378649255.98540705,
Road,669,scenario_29,externalities,206801834.96259755,
Road,670,scenario_29,externalities,266421133.01100266,
Road,673,scenario_29,externalities,110811224.86079405,
Road,678,scenario_29,externalities,949720386.4885384,
Road,680,scenario_29,externalities,844171667.368536,
Road,682,scenario_29,externalities,1169952032.0440044,
Road,689,scenario_29,externalities,569401800.4221355,
Road,694,scenario_29,externalities,703791579.9187732,
Road,726,scenario_29,externalities,625204770.7737253,
Road,736,scenario_29,externalities,720808286.5499029,
Road,750,scenario_29,externalities,639672688.6802733,
Road,755,scenario_29,externalities,402705228.19100696,
Road,759,scenario_29,externalities,398826192.1902575,
Road,761,scenario_29,externalities,258963742.84101096,
Road,764,scenario_29,externalities,974395798.3529985,
Road,767,scenario_29,externalities,186473883.63666594,
Road,770,scenario_29,externalities,225813807.2492222,
Road,775,scenario_29,externalities,501858398.6236246,
Road,776,scenario_29,externalities,741178185.3410351,
Road,780,scenario_29,externalities,588815311.8018028,
Road,789,scenario_29,externalities,892335239.9016662,
Road,791,scenario_29,externalities,531374633.72333914,
Road,809,scenario_29,externalities,616331936.0049007,
Road,810,scenario_29,externalities,804186202.0270324,
Road,811,scenario_29,externalities,231392420.01151437,
Road,813,scenario_29,externalities,1000306844.7653654,
Road,822,scenario_29,externalities,232662714.17949516,
Road,831,scenario_29,externalities,868202501.2058557,
Road,837,scenario_29,externalities,1177913167.992639,
Road,858,scenario_29,externalities,1024505777.1777866,
Road,863,scenario_29,externalities,720458860.959576,
Road,866,scenario_29,externalities,659382304.5413854,
Road,873,scenario_29,externalities,576800263.4364141,
Road,878,scenario_29,externalities,1082705255.9821079,
Road,887,scenario_29,externalities,167747101.30355325,
Road,895,scenario_29,externalities,541745534.6279615,
Road,935,scenario_29,externalities,941772488.3760023,
Road,938,scenario_29,externalities,986212307.9197009,
Road,940,scenario_29,externalities,426716967.79472196,
Road,945,scenario_29,externalities,443085450.11862135,
Road,952,scenario_29,externalities,1113309468.3577666,
Road,958,scenario_29,externalities,605125343.4108251,
Road,964,scenario_29,externalities,667505862.0372676,
Road,970,scenario_29,externalities,219855377.17905724,
Road,971,scenario_29,externalities,382176505.8723929,
Road,987,scenario_29,externalities,252140750.27984798,
Road,0,scenario_30,externalities,345276872.71142757,
Road,2,scenario_30,externalities,472959994.5310824,
Road,9,scenario_30,externalities,1102132191.6912076,
Road,12,scenario_30,externalities,884678952.4299979,
Road,15,scenario_30,externalities,244570297.75985953,
Road,17,scenario_30,externalities,1162145992.8589256,
Road,25,scenario_30,externalities,1088808551.5272884,
Road,27,scenario_30,externalities,1007966102.4209636,
Road,28,scenario_30,externalities,1183821553.6060135,
Road,57,scenario_30,externalities,309258717.1956397,
Road,62,scenario_30,externalities,99638804.77865678,
Road,63,scenario_30,externalities,602119297.8778179,
Road,73,scenario_30,externalities,352816567.9526391,
Road,90,scenario_30,externalities,1041038893.0358596,
Road,94,scenario_30,externalities,77063305.33401044,
Road,103,scenario_30,externalities,489146659.15574867,
Road,104,scenario_30,externalities,925540524.4335165,
Road,109,scenario_30,externalities,512234634.77039987,
Road,114,scenario_30,externalities,313737315.6128099,
Road,126,scenario_30,externalities,521938378.627965,
Road,140,scenario_30,externalities,538745492.5444238,
Road,143,scenario_30,externalities,140991893.1039116,
Road,144,scenario_30,externalities,1262464376.336839,
Road,150,scenario_30,externalities,182264836.83835977,
Road,152,scenario_30,externalities,939546000.5141373,
Road,176,scenario_30,externalities,1308078050.4087737,
Road,177,scenario_30,externalities,318473149.1517772,
Road,195,scenario_30,externalities,201610492.77074566,
Road,197,scenario_30,externalities,358007558.6966519,
Road,201,scenario_30,externalities,794637036.6727514,
Road,202,scenario_30,externalities,285153189.6378463,
Road,206,scenario_30,externalities,1117086687.7791736,
Road,209,scenario_30,externalities,709055715.8041978,
Road,227,scenario_30,externalities,158244165.33462933,
Road,233,scenario_30,externalities,887671985.7291533,
Road,240,scenario_30,externalities,281827797.3751602,
Road,243,scenario_30,externalities,651408362.144277,
Road,245,scenario_30,externalities,1115824584.543422,
Road,249,scenario_30,externalities,730447703.211749,
Road,250,scenario_30,externalities,385747424.9665401,
Road,254,scenario_30,externalities,395701901.59197915,
Road,255,scenario_30,externalities,297503490.4712225,
Road,261,scenario_30,externalities,206006767.6891796,
Road,267,scenario_30,externalities,461074560.99920475,
Road,270,scenario_30,externalities,313743130.1082861,
Road,273,scenario_30,externalities,420002350.610022,
Road,277,scenario_30,externalities,386294667.2854791,
Road,284,scenario_30,externalities,1050913730.8058985,
Road,285,scenario_30,externalities,534236242.74331635,
Road,289,scenario_30,externalities,489555048.98384964,
Road,308,scenario_30,externalities,981965235.1892271,
Road,331,scenario_30,externalities,482407924.1553338,
Road,334,scenario_30,externalities,400252070.1311321,
Road,348,scenario_30,externalities,609682058.3963946,
Road,351,scenario_30,externalities,1188206788.4624584,
Road,356,scenario_30,externalities,544762757.3502324,
Road,358,scenario_30,externalities,463626756.34251267,
Road,390,scenario_30,externalities,198244443.7114787,
Road,392,scenario_30,externalities,193892626.24721032,
Road,394,scenario_30,externalities,254239866.6105637,
Road,423,scenario_30,externalities,632055904.0478072,
Road,459,scenario_30,externalities,1056260988.1597748,
Road,464,scenario_30,externalities,162641270.5954638,
Road,469,scenario_30,externalities,448949050.9932869,
Road,486,scenario_30,externalities,601931146.5852047,
Road,493,scenario_30,externalities,92763848.98576695,
Road,499,scenario_30,externalities,976241726.6350548,
Road,517,scenario_30,externalities,249008918.55565852,
Road,521,scenario_30,externalities,361258179.62453145,
Road,531,scenario_30,externalities,424574025.43725795,
Road,533,scenario_30,externalities,1228522851.1511414,
Road,538,scenario_30,externalities,556145297.6660459,
Road,540,scenario_30,externalities,2038748542.3833852,
Road,546,scenario_30,externalities,327883725.68498296,
Road,550,scenario_30,externalities,1024139453.4921709,
Road,552,scenario_30,externalities,168127775.70921195,
Road,556,scenario_30,externalities,641592284.5112411,
Road,557,scenario_30,externalities,1058031572.875066,
Road,558,scenario_30,externalities,1169419957.6045449,
Road,564,scenario_30,externalities,477965089.07430273,
Road,565,scenario_30,externalities,892902208.4148588,
Road,569,scenario_30,externalities,1738230660.1126463,
Road,594,scenario_30,externalities,779237741.8519298,
Road,602,scenario_30,externalities,888133435.062489,
Road,612,scenario_30,externalities,492382893.15971184,
Road,614,scenario_30,externalities,387903306.3728843,
Road,625,scenario_30,externalities,742844853.3632607,
Road,627,scenario_30,externalities,379558042.029279,
Road,628,scenario_30,externalities,843623719.4604181,
Road,629,scenario_30,externalities,663431605.5407053,
Road,648,scenario_30,externalities,903459593.8688072,
Road,662,scenario_30,externalities,378649255.98540705,
Road,669,scenario_30,externalities,206801834.96259755,
Road,670,scenario_30,externalities,266421133.01100266,
Road,673,scenario_30,externalities,110811224.86079405,
Road,678,scenario_30,externalities,949720386.4885384,
Road,680,scenario_30,externalities,844171667.368536,
Road,682,scenario_30,externalities,1169952032.0440044,
Road,689,scenario_30,externalities,569401800.4221355,
Road,694,scenario_30,externalities,703791579.9187732,
Road,726,scenario_30,externalities,625204770.7737253,
Road,736,scenario_30,externalities,720808286.5499029,
Road,750,scenario_30,externalities,639672688.6802733,
Road,755,scenario_30,externalities,402705228.19100696,
Road,759,scenario_30,externalities,398826192.1902575,
Road,761,scenario_30,externalities,258963742.84101096,
Road,764,scenario_30,externalities,974395798.3529985,
Road,767,scenario_30,externalities,186473883.63666594,
Road,770,scenario_30,externalities,225813807.2492222,
Road,775,scenario_30,externalities,501858398.6236246,
Road,776,scenario_30,externalities,741178185.3410351,
Road,780,scenario_30,externalities,588815311.8018028,
Road,789,scenario_30,externalities,892335239.9016662,
Road,791,scenario_30,externalities,531374633.72333914,
Road,809,scenario_30,externalities,616331936.0049007,
Road,810,scenario_30,externalities,804186202.0270324,
Road,811,scenario_30,externalities,231392420.01151437,
Road,813,scenario_30,externalities,1000306844.7653654,
Road,822,scenario_30,externalities,232662714.17949516,
Road,831,scenario_30,externalities,868202501.2058557,
Road,837,scenario_30,externalities,1177913167.992639,
Road,858,scenario_30,externalities,1024505777.1777866,
Road,863,scenario_30,externalities,720458860.959576,
Road,866,scenario_30,externalities,659382304.5413854,
Road,873,scenario_30,externalities,576800263.4364141,
Road,878,scenario_30,externalities,1082705255.9821079,
Road,887,scenario_30,externalities,167747101.30355325,
Road,895,scenario_30,externalities,541745534.6279615,
Road,935,scenario_30,externalities,941772488.3760023,
Road,938,scenario_30,externalities,986212307.9197009,
Road,940,scenario_30,externalities,426716967.79472196,
Road,945,scenario_30,externalities,443085450.11862135,
Road,952,scenario_30,externalities,1113309468.3577666,
Road,958,scenario_30,externalities,605125343.4108251,
Road,964,scenario_30,externalities,667505862.0372676,
Road,970,scenario_30,externalities,219855377.17905724,
Road,971,scenario_30,externalities,382176505.8723929,
Road,987,scenario_30,externalities,252140750.27984798,
Rail,100000,scenario_19,externalities,,
Rail,100001,scenario_19,externalities,,
Rail,100002,scenario_19,externalities,,
Rail,100003,scenario_19,externalities,,
Rail,100004,scenario_19,externalities,,
Rail,100005,scenario_19,externalities,,
Rail,101000,scenario_19,externalities,,
Rail,101001,scenario_19,externalities,,
Rail,101002,scenario_19,externalities,,
Rail,101003,scenario_19,externalities,,
Rail,101004,scenario_19,externalities,,
Rail,101005,scenario_19,externalities,,
Rail,101006,scenario_19,externalities,,
Rail,101007,scenario_19,externalities,,
Rail,101008,scenario_19,externalities,,
Rail,101009,scenario_19,externalities,,
Rail,101010,scenario_19,externalities,,
Rail,101011,scenario_19,externalities,,
Rail,101012,scenario_19,externalities,,
Rail,101013,scenario_19,externalities,,
Rail,101014,scenario_19,externalities,,
Rail,101015,scenario_19,externalities,,
Rail,101016,scenario_19,externalities,,
Rail,101017,scenario_19,externalities,,
Rail,101018,scenario_19,externalities,,
Rail,101019,scenario_19,externalities,,
Rail,101020,scenario_19,externalities,,
Rail,101021,scenario_19,externalities,,
Rail,101022,scenario_19,externalities,,
Rail,101023,scenario_19,externalities,,
Rail,101024,scenario_19,externalities,,
Rail,101025,scenario_19,externalities,,
Rail,101026,scenario_19,externalities,,
Rail,101027,scenario_19,externalities,,
Rail,101028,scenario_19,externalities,,
Rail,101029,scenario_19,externalities,,
Rail,101030,scenario_19,externalities,,
Rail,101031,scenario_19,externalities,,
Rail,101032,scenario_19,externalities,,
Rail,100000,scenario_29,externalities,,
Rail,100001,scenario_29,externalities,,
Rail,100002,scenario_29,externalities,,
Rail,100003,scenario_29,externalities,,
Rail,100004,scenario_29,externalities,,
Rail,100005,scenario_29,externalities,,
Rail,101000,scenario_29,externalities,,
Rail,101001,scenario_29,externalities,,
Rail,101002,scenario_29,externalities,,
Rail,101003,scenario_29,externalities,,
Rail,101004,scenario_29,externalities,,
Rail,101005,scenario_29,externalities,,
Rail,101006,scenario_29,externalities,,
Rail,101007,scenario_29,externalities,,
Rail,101008,scenario_29,externalities,,
Rail,101009,scenario_29,externalities,,
Rail,101010,scenario_29,externalities,,
Rail,101011,scenario_29,externalities,,
Rail,101012,scenario_29,externalities,,
Rail,101013,scenario_29,externalities,,
Rail,101014,scenario_29,externalities,,
Rail,101015,scenario_29,externalities,,
Rail,101016,scenario_29,externalities,,
Rail,101017,scenario_29,externalities,,
Rail,101018,scenario_29,externalities,,
Rail,101019,scenario_29,externalities,,
Rail,101020,scenario_29,externalities,,
Rail,101021,scenario_29,externalities,,
Rail,101022,scenario_29,externalities,,
Rail,101023,scenario_29,externalities,,
Rail,101024,scenario_29,externalities,,
Rail,101025,scenario_29,externalities,,
Rail,101026,scenario_29,externalities,,
Rail,101027,scenario_29,externalities,,
Rail,101028,scenario_29,externalities,,
Rail,101029,scenario_29,externalities,,
Rail,101030,scenario_29,externalities,,
Rail,101031,scenario_29,externalities,,
Rail,101032,scenario_29,externalities,,
Rail,100000,scenario_30,externalities,,
Rail,100001,scenario_30,externalities,,
Rail,100002,scenario_30,externalities,,
Rail,100003,scenario_30,externalities,,
Rail,100004,scenario_30,externalities,,
Rail,100005,scenario_30,externalities,,
Rail,101000,scenario_30,externalities,,
Rail,101001,scenario_30,externalities,,
Rail,101002,scenario_30,externalities,,
Rail,101003,scenario_30,externalities,,
Rail,101004,scenario_30,externalities,,
Rail,101005,scenario_30,externalities,,
Rail,101006,scenario_30,externalities,,
Rail,101007,scenario_30,externalities,,
Rail,101008,scenario_30,externalities,,
Rail,101009,scenario_30,externalities,,
Rail,101010,scenario_30,externalities,,
Rail,101011,scenario_30,externalities,,
Rail,101012,scenario_30,externalities,,
Rail,101013,scenario_30,externalities,,
Rail,101014,scenario_30,externalities,,
Rail,101015,scenario_30,externalities,,
Rail,101016,scenario_30,externalities,,
Rail,101017,scenario_30,externalities,,
Rail,101018,scenario_30,externalities,,
Rail,101019,scenario_30,externalities,,
Rail,101020,scenario_30,externalities,,
Rail,101021,scenario_30,externalities,,
Rail,101022,scenario_30,externalities,,
Rail,101023,scenario_30,externalities,,
Rail,101024,scenario_30,externalities,,
Rail,101025,scenario_30,externalities,,
Rail,101026,scenario_30,externalities,,
Rail,101027,scenario_30,externalities,,
Rail,101028,scenario_30,externalities,,
Rail,101029,scenario_30,externalities,,
Rail,101030,scenario_30,externalities,,
Rail,101031,scenario_30,externalities,,
Rail,101032,scenario_30,externalities,,
