[2026-05-28T09:49:04+02:00] Starting infraScanRoad job 1058067
Host: eu-a2p-094
Working directory: /cluster/home/lkuehner/MSc_Thesis
Python: /cluster/home/lkuehner/miniforge3/envs/infrascan/bin/python

================================================================================
PHASE 1: INITIALIZE VARIABLES
================================================================================





================================================================================
PHASE 2: DATA IMPORT
================================================================================

  [CHECKPOINT] Skipping: import_raw_data_corridor
  [CHECKPOINT] Skipping: protected_area_corridor

================================================================================
PHASE 3: INFRASTRUCTURE DEVELOPMENTS
================================================================================

  [CHECKPOINT] Skipping: map_access_points
  [CHECKPOINT] Skipping: preprocess_network
  [CHECKPOINT] Skipping: generate_infrastructure
  [CHECKPOINT] Loaded: generate_infrastructure

================================================================================
PHASE 4: SCENARIO GENERATION
================================================================================

  [CHECKPOINT] Skipping: import_scenario_variables
  [CHECKPOINT] Skipping: scenario_generation_generated

================================================================================
PHASE 5: COSTS AND ACCESSIBILITY
================================================================================

  [CHECKPOINT] Skipping: import_raw_data_variables
  [CHECKPOINT] Skipping: protected_area_variables
  [CHECKPOINT] Skipping: osm_network
  [CHECKPOINT] Skipping: elevation_tunnel_bridges
  [CHECKPOINT] Skipping: construction_costs
  [CHECKPOINT] Skipping: externalities
  [CHECKPOINT] Skipping: travel_time_voronoi
  [CHECKPOINT] Skipping: travel_time_developments
  [CHECKPOINT] Skipping: combine_tt_voronoi
  [CHECKPOINT] Skipping: accessibility
  [CHECKPOINT] Loaded: accessibility

================================================================================
PHASE 6: TRAVEL TIME SAVINGS
================================================================================

  -> Using travel time savings method: od
  [CHECKPOINT] Skipping: od_matrices_generated
Status quo OD travel times on status-quo Voronoi for scenario: scenario_23
Optimization terminated successfully    (Exit mode 0)
            Current function value: -17217839.7544267
            Iterations: 2
            Function evaluations: 3645
            Gradient evaluations: 2
Status quo OD travel times on status-quo Voronoi for scenario: scenario_47
Iteration limit reached    (Exit mode 9)
            Current function value: -15001258.558791125
            Iterations: 3
            Function evaluations: 3644
            Gradient evaluations: 2
Status quo OD travel times on status-quo Voronoi for scenario: scenario_26
Optimization terminated successfully    (Exit mode 0)
            Current function value: -10579731.58540108
            Iterations: 2
            Function evaluations: 3645
            Gradient evaluations: 2
Status quo OD travel times on status-quo Voronoi for scenario: scenario_85
Optimization terminated successfully    (Exit mode 0)
            Current function value: -15704987.479283491
            Iterations: 2
            Function evaluations: 3645
            Gradient evaluations: 2
Status quo OD travel times on status-quo Voronoi for scenario: scenario_100
Optimization terminated successfully    (Exit mode 0)
            Current function value: -5439909.740503683
            Iterations: 1
            Function evaluations: 1833
            Gradient evaluations: 1
Status quo OD travel times on status-quo Voronoi for scenario: scenario_39
Optimization terminated successfully    (Exit mode 0)
            Current function value: -5954260.071469684
            Iterations: 1
            Function evaluations: 1833
            Gradient evaluations: 1
Status quo OD travel times on status-quo Voronoi for scenario: scenario_81
Optimization terminated successfully    (Exit mode 0)
            Current function value: -17839890.323133472
            Iterations: 2
            Function evaluations: 3653
            Gradient evaluations: 2
Status quo OD travel times on status-quo Voronoi for scenario: scenario_11
Optimization terminated successfully    (Exit mode 0)
            Current function value: -7041674.759492834
            Iterations: 1
            Function evaluations: 1833
            Gradient evaluations: 1
Status quo OD travel times on status-quo Voronoi for scenario: scenario_55
Optimization terminated successfully    (Exit mode 0)
            Current function value: -6351334.7762207445
            Iterations: 1
            Function evaluations: 1833
            Gradient evaluations: 1
Status quo OD travel times on status-quo Voronoi for scenario: scenario_31
Inequality constraints incompatible    (Exit mode 4)
            Current function value: -6428739.982615872
            Iterations: 1
            Function evaluations: 1822
            Gradient evaluations: 1
Status quo OD travel times on status-quo Voronoi for scenario: scenario_96
Iteration limit reached    (Exit mode 9)
            Current function value: -21247883.820486777
            Iterations: 3
            Function evaluations: 3644
            Gradient evaluations: 2
Status quo OD travel times on status-quo Voronoi for scenario: scenario_38
Optimization terminated successfully    (Exit mode 0)
            Current function value: -8166765.290168177
            Iterations: 1
            Function evaluations: 1833
            Gradient evaluations: 1
Status quo OD travel times on status-quo Voronoi for scenario: scenario_41
Optimization terminated successfully    (Exit mode 0)
            Current function value: -8149450.344359995
            Iterations: 1
            Function evaluations: 1833
            Gradient evaluations: 1
Status quo OD travel times on status-quo Voronoi for scenario: scenario_84
Optimization terminated successfully    (Exit mode 0)
            Current function value: -10612085.212076955
            Iterations: 1
            Function evaluations: 1833
            Gradient evaluations: 1
Status quo OD travel times on status-quo Voronoi for scenario: scenario_36
Optimization terminated successfully    (Exit mode 0)
            Current function value: -8284100.246015705
            Iterations: 1
            Function evaluations: 1833
            Gradient evaluations: 1
Status quo OD travel times on status-quo Voronoi for scenario: scenario_35
Optimization terminated successfully    (Exit mode 0)
            Current function value: -7786193.980436486
            Iterations: 1
            Function evaluations: 1833
            Gradient evaluations: 1
Status quo OD travel times on status-quo Voronoi for scenario: scenario_63
Inequality constraints incompatible    (Exit mode 4)
            Current function value: -7613308.885702931
            Iterations: 1
            Function evaluations: 1822
            Gradient evaluations: 1
Status quo OD travel times on status-quo Voronoi for scenario: scenario_98
Inequality constraints incompatible    (Exit mode 4)
            Current function value: -10325219.458274838
            Iterations: 1
            Function evaluations: 1822
            Gradient evaluations: 1
Status quo OD travel times on status-quo Voronoi for scenario: scenario_97
Optimization terminated successfully    (Exit mode 0)
            Current function value: -11411647.54843195
            Iterations: 1
            Function evaluations: 1833
            Gradient evaluations: 1
Status quo OD travel times on status-quo Voronoi for scenario: scenario_10
Optimization terminated successfully    (Exit mode 0)
            Current function value: -12380110.483098695
            Iterations: 1
            Function evaluations: 1833
            Gradient evaluations: 1
  [CHECKPOINT] Saved: tt_optimization_status_quo_by_od
Flag: link_traffic_to_map skipped for GENERATED scenarios
OD TT by development-scenario:   0%|          | 0/240 [00:00<?, ?it/s]/cluster/home/lkuehner/MSc_Thesis/infraScan/infraScanRoad/scoring.py:2950: FutureWarning: In a future version, object-dtype columns with all-bool values will not be included in reductions with bool_only=True. Explicitly cast to bool dtype instead.
  points = gpd.GeoDataFrame(pd.concat([points, pd.DataFrame(temp).T], ignore_index=True))
/cluster/home/lkuehner/MSc_Thesis/infraScan/infraScanRoad/scoring.py:2973: FutureWarning: In a future version, object-dtype columns with all-bool values will not be included in reductions with bool_only=True. Explicitly cast to bool dtype instead.
  edges = gpd.GeoDataFrame(pd.concat([edges, pd.DataFrame(temp).T], ignore_index=True))
/cluster/home/lkuehner/MSc_Thesis/infraScan/infraScanRoad/scoring.py:2950: FutureWarning: In a future version, object-dtype columns with all-bool values will not be included in reductions with bool_only=True. Explicitly cast to bool dtype instead.
  points = gpd.GeoDataFrame(pd.concat([points, pd.DataFrame(temp).T], ignore_index=True))
/cluster/home/lkuehner/MSc_Thesis/infraScan/infraScanRoad/scoring.py:2973: FutureWarning: In a future version, object-dtype columns with all-bool values will not be included in reductions with bool_only=True. Explicitly cast to bool dtype instead.
  edges = gpd.GeoDataFrame(pd.concat([edges, pd.DataFrame(temp).T], ignore_index=True))
/cluster/home/lkuehner/MSc_Thesis/infraScan/infraScanRoad/scoring.py:2950: FutureWarning: In a future version, object-dtype columns with all-bool values will not be included in reductions with bool_only=True. Explicitly cast to bool dtype instead.
  points = gpd.GeoDataFrame(pd.concat([points, pd.DataFrame(temp).T], ignore_index=True))
/cluster/home/lkuehner/MSc_Thesis/infraScan/infraScanRoad/scoring.py:2950: FutureWarning: In a future version, object-dtype columns with all-bool values will not be included in reductions with bool_only=True. Explicitly cast to bool dtype instead.
  points = gpd.GeoDataFrame(pd.concat([points, pd.DataFrame(temp).T], ignore_index=True))
/cluster/home/lkuehner/MSc_Thesis/infraScan/infraScanRoad/scoring.py:2973: FutureWarning: In a future version, object-dtype columns with all-bool values will not be included in reductions with bool_only=True. Explicitly cast to bool dtype instead.
  edges = gpd.GeoDataFrame(pd.concat([edges, pd.DataFrame(temp).T], ignore_index=True))
/cluster/home/lkuehner/MSc_Thesis/infraScan/infraScanRoad/scoring.py:2973: FutureWarning: In a future version, object-dtype columns with all-bool values will not be included in reductions with bool_only=True. Explicitly cast to bool dtype instead.
  edges = gpd.GeoDataFrame(pd.concat([edges, pd.DataFrame(temp).T], ignore_index=True))
/cluster/home/lkuehner/MSc_Thesis/infraScan/infraScanRoad/scoring.py:2950: FutureWarning: In a future version, object-dtype columns with all-bool values will not be included in reductions with bool_only=True. Explicitly cast to bool dtype instead.
  points = gpd.GeoDataFrame(pd.concat([points, pd.DataFrame(temp).T], ignore_index=True))
/cluster/home/lkuehner/MSc_Thesis/infraScan/infraScanRoad/scoring.py:2950: FutureWarning: In a future version, object-dtype columns with all-bool values will not be included in reductions with bool_only=True. Explicitly cast to bool dtype instead.
  points = gpd.GeoDataFrame(pd.concat([points, pd.DataFrame(temp).T], ignore_index=True))
/cluster/home/lkuehner/MSc_Thesis/infraScan/infraScanRoad/scoring.py:2973: FutureWarning: In a future version, object-dtype columns with all-bool values will not be included in reductions with bool_only=True. Explicitly cast to bool dtype instead.
  edges = gpd.GeoDataFrame(pd.concat([edges, pd.DataFrame(temp).T], ignore_index=True))
/cluster/home/lkuehner/MSc_Thesis/infraScan/infraScanRoad/scoring.py:2950: FutureWarning: In a future version, object-dtype columns with all-bool values will not be included in reductions with bool_only=True. Explicitly cast to bool dtype instead.
  points = gpd.GeoDataFrame(pd.concat([points, pd.DataFrame(temp).T], ignore_index=True))
/cluster/home/lkuehner/MSc_Thesis/infraScan/infraScanRoad/scoring.py:2973: FutureWarning: In a future version, object-dtype columns with all-bool values will not be included in reductions with bool_only=True. Explicitly cast to bool dtype instead.
  edges = gpd.GeoDataFrame(pd.concat([edges, pd.DataFrame(temp).T], ignore_index=True))
/cluster/home/lkuehner/MSc_Thesis/infraScan/infraScanRoad/scoring.py:2950: FutureWarning: In a future version, object-dtype columns with all-bool values will not be included in reductions with bool_only=True. Explicitly cast to bool dtype instead.
  points = gpd.GeoDataFrame(pd.concat([points, pd.DataFrame(temp).T], ignore_index=True))
/cluster/home/lkuehner/MSc_Thesis/infraScan/infraScanRoad/scoring.py:2973: FutureWarning: In a future version, object-dtype columns with all-bool values will not be included in reductions with bool_only=True. Explicitly cast to bool dtype instead.
  edges = gpd.GeoDataFrame(pd.concat([edges, pd.DataFrame(temp).T], ignore_index=True))
/cluster/home/lkuehner/MSc_Thesis/infraScan/infraScanRoad/scoring.py:2950: FutureWarning: In a future version, object-dtype columns with all-bool values will not be included in reductions with bool_only=True. Explicitly cast to bool dtype instead.
  points = gpd.GeoDataFrame(pd.concat([points, pd.DataFrame(temp).T], ignore_index=True))
/cluster/home/lkuehner/MSc_Thesis/infraScan/infraScanRoad/scoring.py:2973: FutureWarning: In a future version, object-dtype columns with all-bool values will not be included in reductions with bool_only=True. Explicitly cast to bool dtype instead.
  edges = gpd.GeoDataFrame(pd.concat([edges, pd.DataFrame(temp).T], ignore_index=True))
/cluster/home/lkuehner/MSc_Thesis/infraScan/infraScanRoad/scoring.py:2950: FutureWarning: In a future version, object-dtype columns with all-bool values will not be included in reductions with bool_only=True. Explicitly cast to bool dtype instead.
  points = gpd.GeoDataFrame(pd.concat([points, pd.DataFrame(temp).T], ignore_index=True))
/cluster/home/lkuehner/MSc_Thesis/infraScan/infraScanRoad/scoring.py:2973: FutureWarning: In a future version, object-dtype columns with all-bool values will not be included in reductions with bool_only=True. Explicitly cast to bool dtype instead.
  edges = gpd.GeoDataFrame(pd.concat([edges, pd.DataFrame(temp).T], ignore_index=True))
/cluster/home/lkuehner/MSc_Thesis/infraScan/infraScanRoad/scoring.py:2973: FutureWarning: In a future version, object-dtype columns with all-bool values will not be included in reductions with bool_only=True. Explicitly cast to bool dtype instead.
  edges = gpd.GeoDataFrame(pd.concat([edges, pd.DataFrame(temp).T], ignore_index=True))
/cluster/home/lkuehner/MSc_Thesis/infraScan/infraScanRoad/scoring.py:2950: FutureWarning: In a future version, object-dtype columns with all-bool values will not be included in reductions with bool_only=True. Explicitly cast to bool dtype instead.
  points = gpd.GeoDataFrame(pd.concat([points, pd.DataFrame(temp).T], ignore_index=True))
/cluster/home/lkuehner/MSc_Thesis/infraScan/infraScanRoad/scoring.py:2950: FutureWarning: In a future version, object-dtype columns with all-bool values will not be included in reductions with bool_only=True. Explicitly cast to bool dtype instead.
  points = gpd.GeoDataFrame(pd.concat([points, pd.DataFrame(temp).T], ignore_index=True))
/cluster/home/lkuehner/MSc_Thesis/infraScan/infraScanRoad/scoring.py:2950: FutureWarning: In a future version, object-dtype columns with all-bool values will not be included in reductions with bool_only=True. Explicitly cast to bool dtype instead.
  points = gpd.GeoDataFrame(pd.concat([points, pd.DataFrame(temp).T], ignore_index=True))
/cluster/home/lkuehner/MSc_Thesis/infraScan/infraScanRoad/scoring.py:2950: FutureWarning: In a future version, object-dtype columns with all-bool values will not be included in reductions with bool_only=True. Explicitly cast to bool dtype instead.
  points = gpd.GeoDataFrame(pd.concat([points, pd.DataFrame(temp).T], ignore_index=True))
/cluster/home/lkuehner/MSc_Thesis/infraScan/infraScanRoad/scoring.py:2973: FutureWarning: In a future version, object-dtype columns with all-bool values will not be included in reductions with bool_only=True. Explicitly cast to bool dtype instead.
  edges = gpd.GeoDataFrame(pd.concat([edges, pd.DataFrame(temp).T], ignore_index=True))
/cluster/home/lkuehner/MSc_Thesis/infraScan/infraScanRoad/scoring.py:2973: FutureWarning: In a future version, object-dtype columns with all-bool values will not be included in reductions with bool_only=True. Explicitly cast to bool dtype instead.
  edges = gpd.GeoDataFrame(pd.concat([edges, pd.DataFrame(temp).T], ignore_index=True))
/cluster/home/lkuehner/MSc_Thesis/infraScan/infraScanRoad/scoring.py:2973: FutureWarning: In a future version, object-dtype columns with all-bool values will not be included in reductions with bool_only=True. Explicitly cast to bool dtype instead.
  edges = gpd.GeoDataFrame(pd.concat([edges, pd.DataFrame(temp).T], ignore_index=True))
/cluster/home/lkuehner/MSc_Thesis/infraScan/infraScanRoad/scoring.py:2973: FutureWarning: In a future version, object-dtype columns with all-bool values will not be included in reductions with bool_only=True. Explicitly cast to bool dtype instead.
  edges = gpd.GeoDataFrame(pd.concat([edges, pd.DataFrame(temp).T], ignore_index=True))
/cluster/home/lkuehner/MSc_Thesis/infraScan/infraScanRoad/scoring.py:2950: FutureWarning: In a future version, object-dtype columns with all-bool values will not be included in reductions with bool_only=True. Explicitly cast to bool dtype instead.
  points = gpd.GeoDataFrame(pd.concat([points, pd.DataFrame(temp).T], ignore_index=True))
/cluster/home/lkuehner/MSc_Thesis/infraScan/infraScanRoad/scoring.py:2950: FutureWarning: In a future version, object-dtype columns with all-bool values will not be included in reductions with bool_only=True. Explicitly cast to bool dtype instead.
  points = gpd.GeoDataFrame(pd.concat([points, pd.DataFrame(temp).T], ignore_index=True))
/cluster/home/lkuehner/MSc_Thesis/infraScan/infraScanRoad/scoring.py:2973: FutureWarning: In a future version, object-dtype columns with all-bool values will not be included in reductions with bool_only=True. Explicitly cast to bool dtype instead.
  edges = gpd.GeoDataFrame(pd.concat([edges, pd.DataFrame(temp).T], ignore_index=True))
/cluster/home/lkuehner/MSc_Thesis/infraScan/infraScanRoad/scoring.py:2973: FutureWarning: In a future version, object-dtype columns with all-bool values will not be included in reductions with bool_only=True. Explicitly cast to bool dtype instead.
  edges = gpd.GeoDataFrame(pd.concat([edges, pd.DataFrame(temp).T], ignore_index=True))
/cluster/home/lkuehner/miniforge3/envs/infrascan/lib/python3.11/site-packages/scipy/optimize/_optimize.py:353: RuntimeWarning: Values in x were outside bounds during a minimize step, clipping to bounds
  warnings.warn("Values in x were outside bounds during a "
OD TT by development-scenario:  13%|█▎        | 32/240 [06:49<44:23, 12.81s/it]/cluster/home/lkuehner/MSc_Thesis/infraScan/infraScanRoad/scoring.py:2950: FutureWarning: In a future version, object-dtype columns with all-bool values will not be included in reductions with bool_only=True. Explicitly cast to bool dtype instead.
  points = gpd.GeoDataFrame(pd.concat([points, pd.DataFrame(temp).T], ignore_index=True))
/cluster/home/lkuehner/MSc_Thesis/infraScan/infraScanRoad/scoring.py:2973: FutureWarning: In a future version, object-dtype columns with all-bool values will not be included in reductions with bool_only=True. Explicitly cast to bool dtype instead.
  edges = gpd.GeoDataFrame(pd.concat([edges, pd.DataFrame(temp).T], ignore_index=True))
/cluster/home/lkuehner/MSc_Thesis/infraScan/infraScanRoad/scoring.py:2950: FutureWarning: In a future version, object-dtype columns with all-bool values will not be included in reductions with bool_only=True. Explicitly cast to bool dtype instead.
  points = gpd.GeoDataFrame(pd.concat([points, pd.DataFrame(temp).T], ignore_index=True))
/cluster/home/lkuehner/MSc_Thesis/infraScan/infraScanRoad/scoring.py:2973: FutureWarning: In a future version, object-dtype columns with all-bool values will not be included in reductions with bool_only=True. Explicitly cast to bool dtype instead.
  edges = gpd.GeoDataFrame(pd.concat([edges, pd.DataFrame(temp).T], ignore_index=True))
/cluster/home/lkuehner/MSc_Thesis/infraScan/infraScanRoad/scoring.py:2950: FutureWarning: In a future version, object-dtype columns with all-bool values will not be included in reductions with bool_only=True. Explicitly cast to bool dtype instead.
  points = gpd.GeoDataFrame(pd.concat([points, pd.DataFrame(temp).T], ignore_index=True))
/cluster/home/lkuehner/MSc_Thesis/infraScan/infraScanRoad/scoring.py:2973: FutureWarning: In a future version, object-dtype columns with all-bool values will not be included in reductions with bool_only=True. Explicitly cast to bool dtype instead.
  edges = gpd.GeoDataFrame(pd.concat([edges, pd.DataFrame(temp).T], ignore_index=True))
/cluster/home/lkuehner/MSc_Thesis/infraScan/infraScanRoad/scoring.py:2950: FutureWarning: In a future version, object-dtype columns with all-bool values will not be included in reductions with bool_only=True. Explicitly cast to bool dtype instead.
  points = gpd.GeoDataFrame(pd.concat([points, pd.DataFrame(temp).T], ignore_index=True))
/cluster/home/lkuehner/MSc_Thesis/infraScan/infraScanRoad/scoring.py:2973: FutureWarning: In a future version, object-dtype columns with all-bool values will not be included in reductions with bool_only=True. Explicitly cast to bool dtype instead.
  edges = gpd.GeoDataFrame(pd.concat([edges, pd.DataFrame(temp).T], ignore_index=True))
/cluster/home/lkuehner/MSc_Thesis/infraScan/infraScanRoad/scoring.py:2950: FutureWarning: In a future version, object-dtype columns with all-bool values will not be included in reductions with bool_only=True. Explicitly cast to bool dtype instead.
  points = gpd.GeoDataFrame(pd.concat([points, pd.DataFrame(temp).T], ignore_index=True))
/cluster/home/lkuehner/MSc_Thesis/infraScan/infraScanRoad/scoring.py:2973: FutureWarning: In a future version, object-dtype columns with all-bool values will not be included in reductions with bool_only=True. Explicitly cast to bool dtype instead.
  edges = gpd.GeoDataFrame(pd.concat([edges, pd.DataFrame(temp).T], ignore_index=True))
/cluster/home/lkuehner/miniforge3/envs/infrascan/lib/python3.11/site-packages/scipy/optimize/_optimize.py:353: RuntimeWarning: Values in x were outside bounds during a minimize step, clipping to bounds
  warnings.warn("Values in x were outside bounds during a "
/cluster/home/lkuehner/MSc_Thesis/infraScan/infraScanRoad/scoring.py:2950: FutureWarning: In a future version, object-dtype columns with all-bool values will not be included in reductions with bool_only=True. Explicitly cast to bool dtype instead.
  points = gpd.GeoDataFrame(pd.concat([points, pd.DataFrame(temp).T], ignore_index=True))
/cluster/home/lkuehner/MSc_Thesis/infraScan/infraScanRoad/scoring.py:2973: FutureWarning: In a future version, object-dtype columns with all-bool values will not be included in reductions with bool_only=True. Explicitly cast to bool dtype instead.
  edges = gpd.GeoDataFrame(pd.concat([edges, pd.DataFrame(temp).T], ignore_index=True))
/cluster/home/lkuehner/MSc_Thesis/infraScan/infraScanRoad/scoring.py:2950: FutureWarning: In a future version, object-dtype columns with all-bool values will not be included in reductions with bool_only=True. Explicitly cast to bool dtype instead.
  points = gpd.GeoDataFrame(pd.concat([points, pd.DataFrame(temp).T], ignore_index=True))
/cluster/home/lkuehner/MSc_Thesis/infraScan/infraScanRoad/scoring.py:2973: FutureWarning: In a future version, object-dtype columns with all-bool values will not be included in reductions with bool_only=True. Explicitly cast to bool dtype instead.
  edges = gpd.GeoDataFrame(pd.concat([edges, pd.DataFrame(temp).T], ignore_index=True))
/cluster/home/lkuehner/miniforge3/envs/infrascan/lib/python3.11/site-packages/scipy/optimize/_optimize.py:353: RuntimeWarning: Values in x were outside bounds during a minimize step, clipping to bounds
  warnings.warn("Values in x were outside bounds during a "
/cluster/home/lkuehner/MSc_Thesis/infraScan/infraScanRoad/scoring.py:2950: FutureWarning: In a future version, object-dtype columns with all-bool values will not be included in reductions with bool_only=True. Explicitly cast to bool dtype instead.
  points = gpd.GeoDataFrame(pd.concat([points, pd.DataFrame(temp).T], ignore_index=True))
/cluster/home/lkuehner/MSc_Thesis/infraScan/infraScanRoad/scoring.py:2973: FutureWarning: In a future version, object-dtype columns with all-bool values will not be included in reductions with bool_only=True. Explicitly cast to bool dtype instead.
  edges = gpd.GeoDataFrame(pd.concat([edges, pd.DataFrame(temp).T], ignore_index=True))
/cluster/home/lkuehner/MSc_Thesis/infraScan/infraScanRoad/scoring.py:2950: FutureWarning: In a future version, object-dtype columns with all-bool values will not be included in reductions with bool_only=True. Explicitly cast to bool dtype instead.
  points = gpd.GeoDataFrame(pd.concat([points, pd.DataFrame(temp).T], ignore_index=True))
/cluster/home/lkuehner/MSc_Thesis/infraScan/infraScanRoad/scoring.py:2973: FutureWarning: In a future version, object-dtype columns with all-bool values will not be included in reductions with bool_only=True. Explicitly cast to bool dtype instead.
  edges = gpd.GeoDataFrame(pd.concat([edges, pd.DataFrame(temp).T], ignore_index=True))
/cluster/home/lkuehner/MSc_Thesis/infraScan/infraScanRoad/scoring.py:2950: FutureWarning: In a future version, object-dtype columns with all-bool values will not be included in reductions with bool_only=True. Explicitly cast to bool dtype instead.
  points = gpd.GeoDataFrame(pd.concat([points, pd.DataFrame(temp).T], ignore_index=True))
/cluster/home/lkuehner/MSc_Thesis/infraScan/infraScanRoad/scoring.py:2973: FutureWarning: In a future version, object-dtype columns with all-bool values will not be included in reductions with bool_only=True. Explicitly cast to bool dtype instead.
  edges = gpd.GeoDataFrame(pd.concat([edges, pd.DataFrame(temp).T], ignore_index=True))
/cluster/home/lkuehner/MSc_Thesis/infraScan/infraScanRoad/scoring.py:2950: FutureWarning: In a future version, object-dtype columns with all-bool values will not be included in reductions with bool_only=True. Explicitly cast to bool dtype instead.
  points = gpd.GeoDataFrame(pd.concat([points, pd.DataFrame(temp).T], ignore_index=True))
/cluster/home/lkuehner/MSc_Thesis/infraScan/infraScanRoad/scoring.py:2973: FutureWarning: In a future version, object-dtype columns with all-bool values will not be included in reductions with bool_only=True. Explicitly cast to bool dtype instead.
  edges = gpd.GeoDataFrame(pd.concat([edges, pd.DataFrame(temp).T], ignore_index=True))
/cluster/home/lkuehner/miniforge3/envs/infrascan/lib/python3.11/site-packages/scipy/optimize/_optimize.py:353: RuntimeWarning: Values in x were outside bounds during a minimize step, clipping to bounds
  warnings.warn("Values in x were outside bounds during a "
/cluster/home/lkuehner/MSc_Thesis/infraScan/infraScanRoad/scoring.py:2950: FutureWarning: In a future version, object-dtype columns with all-bool values will not be included in reductions with bool_only=True. Explicitly cast to bool dtype instead.
  points = gpd.GeoDataFrame(pd.concat([points, pd.DataFrame(temp).T], ignore_index=True))
/cluster/home/lkuehner/MSc_Thesis/infraScan/infraScanRoad/scoring.py:2973: FutureWarning: In a future version, object-dtype columns with all-bool values will not be included in reductions with bool_only=True. Explicitly cast to bool dtype instead.
  edges = gpd.GeoDataFrame(pd.concat([edges, pd.DataFrame(temp).T], ignore_index=True))
/cluster/home/lkuehner/MSc_Thesis/infraScan/infraScanRoad/scoring.py:2950: FutureWarning: In a future version, object-dtype columns with all-bool values will not be included in reductions with bool_only=True. Explicitly cast to bool dtype instead.
  points = gpd.GeoDataFrame(pd.concat([points, pd.DataFrame(temp).T], ignore_index=True))
/cluster/home/lkuehner/MSc_Thesis/infraScan/infraScanRoad/scoring.py:2973: FutureWarning: In a future version, object-dtype columns with all-bool values will not be included in reductions with bool_only=True. Explicitly cast to bool dtype instead.
  edges = gpd.GeoDataFrame(pd.concat([edges, pd.DataFrame(temp).T], ignore_index=True))
/cluster/home/lkuehner/MSc_Thesis/infraScan/infraScanRoad/scoring.py:2950: FutureWarning: In a future version, object-dtype columns with all-bool values will not be included in reductions with bool_only=True. Explicitly cast to bool dtype instead.
  points = gpd.GeoDataFrame(pd.concat([points, pd.DataFrame(temp).T], ignore_index=True))
/cluster/home/lkuehner/MSc_Thesis/infraScan/infraScanRoad/scoring.py:2973: FutureWarning: In a future version, object-dtype columns with all-bool values will not be included in reductions with bool_only=True. Explicitly cast to bool dtype instead.
  edges = gpd.GeoDataFrame(pd.concat([edges, pd.DataFrame(temp).T], ignore_index=True))
/cluster/home/lkuehner/miniforge3/envs/infrascan/lib/python3.11/site-packages/scipy/optimize/_optimize.py:353: RuntimeWarning: Values in x were outside bounds during a minimize step, clipping to bounds
  warnings.warn("Values in x were outside bounds during a "
/cluster/home/lkuehner/MSc_Thesis/infraScan/infraScanRoad/scoring.py:2950: FutureWarning: In a future version, object-dtype columns with all-bool values will not be included in reductions with bool_only=True. Explicitly cast to bool dtype instead.
  points = gpd.GeoDataFrame(pd.concat([points, pd.DataFrame(temp).T], ignore_index=True))
/cluster/home/lkuehner/MSc_Thesis/infraScan/infraScanRoad/scoring.py:2973: FutureWarning: In a future version, object-dtype columns with all-bool values will not be included in reductions with bool_only=True. Explicitly cast to bool dtype instead.
  edges = gpd.GeoDataFrame(pd.concat([edges, pd.DataFrame(temp).T], ignore_index=True))
/cluster/home/lkuehner/MSc_Thesis/infraScan/infraScanRoad/scoring.py:2950: FutureWarning: In a future version, object-dtype columns with all-bool values will not be included in reductions with bool_only=True. Explicitly cast to bool dtype instead.
  points = gpd.GeoDataFrame(pd.concat([points, pd.DataFrame(temp).T], ignore_index=True))
/cluster/home/lkuehner/MSc_Thesis/infraScan/infraScanRoad/scoring.py:2973: FutureWarning: In a future version, object-dtype columns with all-bool values will not be included in reductions with bool_only=True. Explicitly cast to bool dtype instead.
  edges = gpd.GeoDataFrame(pd.concat([edges, pd.DataFrame(temp).T], ignore_index=True))
OD TT by development-scenario:  20%|██        | 48/240 [16:06<1:10:18, 21.97s/it]/cluster/home/lkuehner/MSc_Thesis/infraScan/infraScanRoad/scoring.py:2950: FutureWarning: In a future version, object-dtype columns with all-bool values will not be included in reductions with bool_only=True. Explicitly cast to bool dtype instead.
  points = gpd.GeoDataFrame(pd.concat([points, pd.DataFrame(temp).T], ignore_index=True))
/cluster/home/lkuehner/MSc_Thesis/infraScan/infraScanRoad/scoring.py:2973: FutureWarning: In a future version, object-dtype columns with all-bool values will not be included in reductions with bool_only=True. Explicitly cast to bool dtype instead.
  edges = gpd.GeoDataFrame(pd.concat([edges, pd.DataFrame(temp).T], ignore_index=True))
/cluster/home/lkuehner/MSc_Thesis/infraScan/infraScanRoad/scoring.py:2950: FutureWarning: In a future version, object-dtype columns with all-bool values will not be included in reductions with bool_only=True. Explicitly cast to bool dtype instead.
  points = gpd.GeoDataFrame(pd.concat([points, pd.DataFrame(temp).T], ignore_index=True))
/cluster/home/lkuehner/MSc_Thesis/infraScan/infraScanRoad/scoring.py:2973: FutureWarning: In a future version, object-dtype columns with all-bool values will not be included in reductions with bool_only=True. Explicitly cast to bool dtype instead.
  edges = gpd.GeoDataFrame(pd.concat([edges, pd.DataFrame(temp).T], ignore_index=True))
/cluster/home/lkuehner/MSc_Thesis/infraScan/infraScanRoad/scoring.py:2950: FutureWarning: In a future version, object-dtype columns with all-bool values will not be included in reductions with bool_only=True. Explicitly cast to bool dtype instead.
  points = gpd.GeoDataFrame(pd.concat([points, pd.DataFrame(temp).T], ignore_index=True))
/cluster/home/lkuehner/MSc_Thesis/infraScan/infraScanRoad/scoring.py:2973: FutureWarning: In a future version, object-dtype columns with all-bool values will not be included in reductions with bool_only=True. Explicitly cast to bool dtype instead.
  edges = gpd.GeoDataFrame(pd.concat([edges, pd.DataFrame(temp).T], ignore_index=True))
/cluster/home/lkuehner/MSc_Thesis/infraScan/infraScanRoad/scoring.py:2950: FutureWarning: In a future version, object-dtype columns with all-bool values will not be included in reductions with bool_only=True. Explicitly cast to bool dtype instead.
  points = gpd.GeoDataFrame(pd.concat([points, pd.DataFrame(temp).T], ignore_index=True))
/cluster/home/lkuehner/MSc_Thesis/infraScan/infraScanRoad/scoring.py:2973: FutureWarning: In a future version, object-dtype columns with all-bool values will not be included in reductions with bool_only=True. Explicitly cast to bool dtype instead.
  edges = gpd.GeoDataFrame(pd.concat([edges, pd.DataFrame(temp).T], ignore_index=True))
/cluster/home/lkuehner/MSc_Thesis/infraScan/infraScanRoad/scoring.py:2950: FutureWarning: In a future version, object-dtype columns with all-bool values will not be included in reductions with bool_only=True. Explicitly cast to bool dtype instead.
  points = gpd.GeoDataFrame(pd.concat([points, pd.DataFrame(temp).T], ignore_index=True))
/cluster/home/lkuehner/MSc_Thesis/infraScan/infraScanRoad/scoring.py:2973: FutureWarning: In a future version, object-dtype columns with all-bool values will not be included in reductions with bool_only=True. Explicitly cast to bool dtype instead.
  edges = gpd.GeoDataFrame(pd.concat([edges, pd.DataFrame(temp).T], ignore_index=True))
/cluster/home/lkuehner/MSc_Thesis/infraScan/infraScanRoad/scoring.py:2950: FutureWarning: In a future version, object-dtype columns with all-bool values will not be included in reductions with bool_only=True. Explicitly cast to bool dtype instead.
  points = gpd.GeoDataFrame(pd.concat([points, pd.DataFrame(temp).T], ignore_index=True))
/cluster/home/lkuehner/MSc_Thesis/infraScan/infraScanRoad/scoring.py:2973: FutureWarning: In a future version, object-dtype columns with all-bool values will not be included in reductions with bool_only=True. Explicitly cast to bool dtype instead.
  edges = gpd.GeoDataFrame(pd.concat([edges, pd.DataFrame(temp).T], ignore_index=True))
/cluster/home/lkuehner/MSc_Thesis/infraScan/infraScanRoad/scoring.py:2950: FutureWarning: In a future version, object-dtype columns with all-bool values will not be included in reductions with bool_only=True. Explicitly cast to bool dtype instead.
  points = gpd.GeoDataFrame(pd.concat([points, pd.DataFrame(temp).T], ignore_index=True))
/cluster/home/lkuehner/MSc_Thesis/infraScan/infraScanRoad/scoring.py:2973: FutureWarning: In a future version, object-dtype columns with all-bool values will not be included in reductions with bool_only=True. Explicitly cast to bool dtype instead.
  edges = gpd.GeoDataFrame(pd.concat([edges, pd.DataFrame(temp).T], ignore_index=True))
/cluster/home/lkuehner/miniforge3/envs/infrascan/lib/python3.11/site-packages/scipy/optimize/_optimize.py:353: RuntimeWarning: Values in x were outside bounds during a minimize step, clipping to bounds
  warnings.warn("Values in x were outside bounds during a "
/cluster/home/lkuehner/MSc_Thesis/infraScan/infraScanRoad/scoring.py:2950: FutureWarning: In a future version, object-dtype columns with all-bool values will not be included in reductions with bool_only=True. Explicitly cast to bool dtype instead.
  points = gpd.GeoDataFrame(pd.concat([points, pd.DataFrame(temp).T], ignore_index=True))
/cluster/home/lkuehner/MSc_Thesis/infraScan/infraScanRoad/scoring.py:2973: FutureWarning: In a future version, object-dtype columns with all-bool values will not be included in reductions with bool_only=True. Explicitly cast to bool dtype instead.
  edges = gpd.GeoDataFrame(pd.concat([edges, pd.DataFrame(temp).T], ignore_index=True))
/cluster/home/lkuehner/miniforge3/envs/infrascan/lib/python3.11/site-packages/scipy/optimize/_optimize.py:353: RuntimeWarning: Values in x were outside bounds during a minimize step, clipping to bounds
  warnings.warn("Values in x were outside bounds during a "
/cluster/home/lkuehner/MSc_Thesis/infraScan/infraScanRoad/scoring.py:2950: FutureWarning: In a future version, object-dtype columns with all-bool values will not be included in reductions with bool_only=True. Explicitly cast to bool dtype instead.
  points = gpd.GeoDataFrame(pd.concat([points, pd.DataFrame(temp).T], ignore_index=True))
/cluster/home/lkuehner/MSc_Thesis/infraScan/infraScanRoad/scoring.py:2973: FutureWarning: In a future version, object-dtype columns with all-bool values will not be included in reductions with bool_only=True. Explicitly cast to bool dtype instead.
  edges = gpd.GeoDataFrame(pd.concat([edges, pd.DataFrame(temp).T], ignore_index=True))
/cluster/home/lkuehner/MSc_Thesis/infraScan/infraScanRoad/scoring.py:2950: FutureWarning: In a future version, object-dtype columns with all-bool values will not be included in reductions with bool_only=True. Explicitly cast to bool dtype instead.
  points = gpd.GeoDataFrame(pd.concat([points, pd.DataFrame(temp).T], ignore_index=True))
/cluster/home/lkuehner/MSc_Thesis/infraScan/infraScanRoad/scoring.py:2973: FutureWarning: In a future version, object-dtype columns with all-bool values will not be included in reductions with bool_only=True. Explicitly cast to bool dtype instead.
  edges = gpd.GeoDataFrame(pd.concat([edges, pd.DataFrame(temp).T], ignore_index=True))
/cluster/home/lkuehner/MSc_Thesis/infraScan/infraScanRoad/scoring.py:2950: FutureWarning: In a future version, object-dtype columns with all-bool values will not be included in reductions with bool_only=True. Explicitly cast to bool dtype instead.
  points = gpd.GeoDataFrame(pd.concat([points, pd.DataFrame(temp).T], ignore_index=True))
/cluster/home/lkuehner/MSc_Thesis/infraScan/infraScanRoad/scoring.py:2973: FutureWarning: In a future version, object-dtype columns with all-bool values will not be included in reductions with bool_only=True. Explicitly cast to bool dtype instead.
  edges = gpd.GeoDataFrame(pd.concat([edges, pd.DataFrame(temp).T], ignore_index=True))
/cluster/home/lkuehner/MSc_Thesis/infraScan/infraScanRoad/scoring.py:2950: FutureWarning: In a future version, object-dtype columns with all-bool values will not be included in reductions with bool_only=True. Explicitly cast to bool dtype instead.
  points = gpd.GeoDataFrame(pd.concat([points, pd.DataFrame(temp).T], ignore_index=True))
/cluster/home/lkuehner/MSc_Thesis/infraScan/infraScanRoad/scoring.py:2973: FutureWarning: In a future version, object-dtype columns with all-bool values will not be included in reductions with bool_only=True. Explicitly cast to bool dtype instead.
  edges = gpd.GeoDataFrame(pd.concat([edges, pd.DataFrame(temp).T], ignore_index=True))
/cluster/home/lkuehner/MSc_Thesis/infraScan/infraScanRoad/scoring.py:2950: FutureWarning: In a future version, object-dtype columns with all-bool values will not be included in reductions with bool_only=True. Explicitly cast to bool dtype instead.
  points = gpd.GeoDataFrame(pd.concat([points, pd.DataFrame(temp).T], ignore_index=True))
/cluster/home/lkuehner/MSc_Thesis/infraScan/infraScanRoad/scoring.py:2973: FutureWarning: In a future version, object-dtype columns with all-bool values will not be included in reductions with bool_only=True. Explicitly cast to bool dtype instead.
  edges = gpd.GeoDataFrame(pd.concat([edges, pd.DataFrame(temp).T], ignore_index=True))
/cluster/home/lkuehner/MSc_Thesis/infraScan/infraScanRoad/scoring.py:2950: FutureWarning: In a future version, object-dtype columns with all-bool values will not be included in reductions with bool_only=True. Explicitly cast to bool dtype instead.
  points = gpd.GeoDataFrame(pd.concat([points, pd.DataFrame(temp).T], ignore_index=True))
/cluster/home/lkuehner/MSc_Thesis/infraScan/infraScanRoad/scoring.py:2973: FutureWarning: In a future version, object-dtype columns with all-bool values will not be included in reductions with bool_only=True. Explicitly cast to bool dtype instead.
  edges = gpd.GeoDataFrame(pd.concat([edges, pd.DataFrame(temp).T], ignore_index=True))
/cluster/home/lkuehner/miniforge3/envs/infrascan/lib/python3.11/site-packages/scipy/optimize/_optimize.py:353: RuntimeWarning: Values in x were outside bounds during a minimize step, clipping to bounds
  warnings.warn("Values in x were outside bounds during a "
/cluster/home/lkuehner/MSc_Thesis/infraScan/infraScanRoad/scoring.py:2950: FutureWarning: In a future version, object-dtype columns with all-bool values will not be included in reductions with bool_only=True. Explicitly cast to bool dtype instead.
  points = gpd.GeoDataFrame(pd.concat([points, pd.DataFrame(temp).T], ignore_index=True))
/cluster/home/lkuehner/MSc_Thesis/infraScan/infraScanRoad/scoring.py:2973: FutureWarning: In a future version, object-dtype columns with all-bool values will not be included in reductions with bool_only=True. Explicitly cast to bool dtype instead.
  edges = gpd.GeoDataFrame(pd.concat([edges, pd.DataFrame(temp).T], ignore_index=True))
/cluster/home/lkuehner/miniforge3/envs/infrascan/lib/python3.11/site-packages/scipy/optimize/_optimize.py:353: RuntimeWarning: Values in x were outside bounds during a minimize step, clipping to bounds
  warnings.warn("Values in x were outside bounds during a "
/cluster/home/lkuehner/MSc_Thesis/infraScan/infraScanRoad/scoring.py:2950: FutureWarning: In a future version, object-dtype columns with all-bool values will not be included in reductions with bool_only=True. Explicitly cast to bool dtype instead.
  points = gpd.GeoDataFrame(pd.concat([points, pd.DataFrame(temp).T], ignore_index=True))
/cluster/home/lkuehner/MSc_Thesis/infraScan/infraScanRoad/scoring.py:2973: FutureWarning: In a future version, object-dtype columns with all-bool values will not be included in reductions with bool_only=True. Explicitly cast to bool dtype instead.
  edges = gpd.GeoDataFrame(pd.concat([edges, pd.DataFrame(temp).T], ignore_index=True))
OD TT by development-scenario:  27%|██▋       | 64/240 [25:07<1:17:24, 26.39s/it]/cluster/home/lkuehner/MSc_Thesis/infraScan/infraScanRoad/scoring.py:2950: FutureWarning: In a future version, object-dtype columns with all-bool values will not be included in reductions with bool_only=True. Explicitly cast to bool dtype instead.
  points = gpd.GeoDataFrame(pd.concat([points, pd.DataFrame(temp).T], ignore_index=True))
/cluster/home/lkuehner/MSc_Thesis/infraScan/infraScanRoad/scoring.py:2973: FutureWarning: In a future version, object-dtype columns with all-bool values will not be included in reductions with bool_only=True. Explicitly cast to bool dtype instead.
  edges = gpd.GeoDataFrame(pd.concat([edges, pd.DataFrame(temp).T], ignore_index=True))
/cluster/home/lkuehner/MSc_Thesis/infraScan/infraScanRoad/scoring.py:2950: FutureWarning: In a future version, object-dtype columns with all-bool values will not be included in reductions with bool_only=True. Explicitly cast to bool dtype instead.
  points = gpd.GeoDataFrame(pd.concat([points, pd.DataFrame(temp).T], ignore_index=True))
/cluster/home/lkuehner/MSc_Thesis/infraScan/infraScanRoad/scoring.py:2973: FutureWarning: In a future version, object-dtype columns with all-bool values will not be included in reductions with bool_only=True. Explicitly cast to bool dtype instead.
  edges = gpd.GeoDataFrame(pd.concat([edges, pd.DataFrame(temp).T], ignore_index=True))
/cluster/home/lkuehner/MSc_Thesis/infraScan/infraScanRoad/scoring.py:2950: FutureWarning: In a future version, object-dtype columns with all-bool values will not be included in reductions with bool_only=True. Explicitly cast to bool dtype instead.
  points = gpd.GeoDataFrame(pd.concat([points, pd.DataFrame(temp).T], ignore_index=True))
/cluster/home/lkuehner/MSc_Thesis/infraScan/infraScanRoad/scoring.py:2973: FutureWarning: In a future version, object-dtype columns with all-bool values will not be included in reductions with bool_only=True. Explicitly cast to bool dtype instead.
  edges = gpd.GeoDataFrame(pd.concat([edges, pd.DataFrame(temp).T], ignore_index=True))
/cluster/home/lkuehner/MSc_Thesis/infraScan/infraScanRoad/scoring.py:2950: FutureWarning: In a future version, object-dtype columns with all-bool values will not be included in reductions with bool_only=True. Explicitly cast to bool dtype instead.
  points = gpd.GeoDataFrame(pd.concat([points, pd.DataFrame(temp).T], ignore_index=True))
/cluster/home/lkuehner/MSc_Thesis/infraScan/infraScanRoad/scoring.py:2973: FutureWarning: In a future version, object-dtype columns with all-bool values will not be included in reductions with bool_only=True. Explicitly cast to bool dtype instead.
  edges = gpd.GeoDataFrame(pd.concat([edges, pd.DataFrame(temp).T], ignore_index=True))
/cluster/home/lkuehner/MSc_Thesis/infraScan/infraScanRoad/scoring.py:2950: FutureWarning: In a future version, object-dtype columns with all-bool values will not be included in reductions with bool_only=True. Explicitly cast to bool dtype instead.
  points = gpd.GeoDataFrame(pd.concat([points, pd.DataFrame(temp).T], ignore_index=True))
/cluster/home/lkuehner/MSc_Thesis/infraScan/infraScanRoad/scoring.py:2973: FutureWarning: In a future version, object-dtype columns with all-bool values will not be included in reductions with bool_only=True. Explicitly cast to bool dtype instead.
  edges = gpd.GeoDataFrame(pd.concat([edges, pd.DataFrame(temp).T], ignore_index=True))
/cluster/home/lkuehner/MSc_Thesis/infraScan/infraScanRoad/scoring.py:2950: FutureWarning: In a future version, object-dtype columns with all-bool values will not be included in reductions with bool_only=True. Explicitly cast to bool dtype instead.
  points = gpd.GeoDataFrame(pd.concat([points, pd.DataFrame(temp).T], ignore_index=True))
/cluster/home/lkuehner/MSc_Thesis/infraScan/infraScanRoad/scoring.py:2973: FutureWarning: In a future version, object-dtype columns with all-bool values will not be included in reductions with bool_only=True. Explicitly cast to bool dtype instead.
  edges = gpd.GeoDataFrame(pd.concat([edges, pd.DataFrame(temp).T], ignore_index=True))
/cluster/home/lkuehner/miniforge3/envs/infrascan/lib/python3.11/site-packages/scipy/optimize/_optimize.py:353: RuntimeWarning: Values in x were outside bounds during a minimize step, clipping to bounds
  warnings.warn("Values in x were outside bounds during a "
/cluster/home/lkuehner/MSc_Thesis/infraScan/infraScanRoad/scoring.py:2950: FutureWarning: In a future version, object-dtype columns with all-bool values will not be included in reductions with bool_only=True. Explicitly cast to bool dtype instead.
  points = gpd.GeoDataFrame(pd.concat([points, pd.DataFrame(temp).T], ignore_index=True))
/cluster/home/lkuehner/MSc_Thesis/infraScan/infraScanRoad/scoring.py:2973: FutureWarning: In a future version, object-dtype columns with all-bool values will not be included in reductions with bool_only=True. Explicitly cast to bool dtype instead.
  edges = gpd.GeoDataFrame(pd.concat([edges, pd.DataFrame(temp).T], ignore_index=True))
/cluster/home/lkuehner/MSc_Thesis/infraScan/infraScanRoad/scoring.py:2950: FutureWarning: In a future version, object-dtype columns with all-bool values will not be included in reductions with bool_only=True. Explicitly cast to bool dtype instead.
  points = gpd.GeoDataFrame(pd.concat([points, pd.DataFrame(temp).T], ignore_index=True))
/cluster/home/lkuehner/MSc_Thesis/infraScan/infraScanRoad/scoring.py:2973: FutureWarning: In a future version, object-dtype columns with all-bool values will not be included in reductions with bool_only=True. Explicitly cast to bool dtype instead.
  edges = gpd.GeoDataFrame(pd.concat([edges, pd.DataFrame(temp).T], ignore_index=True))
/cluster/home/lkuehner/miniforge3/envs/infrascan/lib/python3.11/site-packages/scipy/optimize/_optimize.py:353: RuntimeWarning: Values in x were outside bounds during a minimize step, clipping to bounds
  warnings.warn("Values in x were outside bounds during a "
/cluster/home/lkuehner/MSc_Thesis/infraScan/infraScanRoad/scoring.py:2950: FutureWarning: In a future version, object-dtype columns with all-bool values will not be included in reductions with bool_only=True. Explicitly cast to bool dtype instead.
  points = gpd.GeoDataFrame(pd.concat([points, pd.DataFrame(temp).T], ignore_index=True))
/cluster/home/lkuehner/MSc_Thesis/infraScan/infraScanRoad/scoring.py:2973: FutureWarning: In a future version, object-dtype columns with all-bool values will not be included in reductions with bool_only=True. Explicitly cast to bool dtype instead.
  edges = gpd.GeoDataFrame(pd.concat([edges, pd.DataFrame(temp).T], ignore_index=True))
/cluster/home/lkuehner/miniforge3/envs/infrascan/lib/python3.11/site-packages/scipy/optimize/_optimize.py:353: RuntimeWarning: Values in x were outside bounds during a minimize step, clipping to bounds
  warnings.warn("Values in x were outside bounds during a "
/cluster/home/lkuehner/MSc_Thesis/infraScan/infraScanRoad/scoring.py:2950: FutureWarning: In a future version, object-dtype columns with all-bool values will not be included in reductions with bool_only=True. Explicitly cast to bool dtype instead.
  points = gpd.GeoDataFrame(pd.concat([points, pd.DataFrame(temp).T], ignore_index=True))
/cluster/home/lkuehner/MSc_Thesis/infraScan/infraScanRoad/scoring.py:2973: FutureWarning: In a future version, object-dtype columns with all-bool values will not be included in reductions with bool_only=True. Explicitly cast to bool dtype instead.
  edges = gpd.GeoDataFrame(pd.concat([edges, pd.DataFrame(temp).T], ignore_index=True))
/cluster/home/lkuehner/miniforge3/envs/infrascan/lib/python3.11/site-packages/scipy/optimize/_optimize.py:353: RuntimeWarning: Values in x were outside bounds during a minimize step, clipping to bounds
  warnings.warn("Values in x were outside bounds during a "
/cluster/home/lkuehner/MSc_Thesis/infraScan/infraScanRoad/scoring.py:2950: FutureWarning: In a future version, object-dtype columns with all-bool values will not be included in reductions with bool_only=True. Explicitly cast to bool dtype instead.
  points = gpd.GeoDataFrame(pd.concat([points, pd.DataFrame(temp).T], ignore_index=True))
/cluster/home/lkuehner/MSc_Thesis/infraScan/infraScanRoad/scoring.py:2973: FutureWarning: In a future version, object-dtype columns with all-bool values will not be included in reductions with bool_only=True. Explicitly cast to bool dtype instead.
  edges = gpd.GeoDataFrame(pd.concat([edges, pd.DataFrame(temp).T], ignore_index=True))
/cluster/home/lkuehner/miniforge3/envs/infrascan/lib/python3.11/site-packages/scipy/optimize/_optimize.py:353: RuntimeWarning: Values in x were outside bounds during a minimize step, clipping to bounds
  warnings.warn("Values in x were outside bounds during a "
/cluster/home/lkuehner/MSc_Thesis/infraScan/infraScanRoad/scoring.py:2950: FutureWarning: In a future version, object-dtype columns with all-bool values will not be included in reductions with bool_only=True. Explicitly cast to bool dtype instead.
  points = gpd.GeoDataFrame(pd.concat([points, pd.DataFrame(temp).T], ignore_index=True))
/cluster/home/lkuehner/MSc_Thesis/infraScan/infraScanRoad/scoring.py:2973: FutureWarning: In a future version, object-dtype columns with all-bool values will not be included in reductions with bool_only=True. Explicitly cast to bool dtype instead.
  edges = gpd.GeoDataFrame(pd.concat([edges, pd.DataFrame(temp).T], ignore_index=True))
/cluster/home/lkuehner/miniforge3/envs/infrascan/lib/python3.11/site-packages/scipy/optimize/_optimize.py:353: RuntimeWarning: Values in x were outside bounds during a minimize step, clipping to bounds
  warnings.warn("Values in x were outside bounds during a "
/cluster/home/lkuehner/MSc_Thesis/infraScan/infraScanRoad/scoring.py:2950: FutureWarning: In a future version, object-dtype columns with all-bool values will not be included in reductions with bool_only=True. Explicitly cast to bool dtype instead.
  points = gpd.GeoDataFrame(pd.concat([points, pd.DataFrame(temp).T], ignore_index=True))
/cluster/home/lkuehner/MSc_Thesis/infraScan/infraScanRoad/scoring.py:2973: FutureWarning: In a future version, object-dtype columns with all-bool values will not be included in reductions with bool_only=True. Explicitly cast to bool dtype instead.
  edges = gpd.GeoDataFrame(pd.concat([edges, pd.DataFrame(temp).T], ignore_index=True))
/cluster/home/lkuehner/miniforge3/envs/infrascan/lib/python3.11/site-packages/scipy/optimize/_optimize.py:353: RuntimeWarning: Values in x were outside bounds during a minimize step, clipping to bounds
  warnings.warn("Values in x were outside bounds during a "
/cluster/home/lkuehner/MSc_Thesis/infraScan/infraScanRoad/scoring.py:2950: FutureWarning: In a future version, object-dtype columns with all-bool values will not be included in reductions with bool_only=True. Explicitly cast to bool dtype instead.
  points = gpd.GeoDataFrame(pd.concat([points, pd.DataFrame(temp).T], ignore_index=True))
/cluster/home/lkuehner/MSc_Thesis/infraScan/infraScanRoad/scoring.py:2973: FutureWarning: In a future version, object-dtype columns with all-bool values will not be included in reductions with bool_only=True. Explicitly cast to bool dtype instead.
  edges = gpd.GeoDataFrame(pd.concat([edges, pd.DataFrame(temp).T], ignore_index=True))
/cluster/home/lkuehner/miniforge3/envs/infrascan/lib/python3.11/site-packages/scipy/optimize/_optimize.py:353: RuntimeWarning: Values in x were outside bounds during a minimize step, clipping to bounds
  warnings.warn("Values in x were outside bounds during a "
/cluster/home/lkuehner/MSc_Thesis/infraScan/infraScanRoad/scoring.py:2950: FutureWarning: In a future version, object-dtype columns with all-bool values will not be included in reductions with bool_only=True. Explicitly cast to bool dtype instead.
  points = gpd.GeoDataFrame(pd.concat([points, pd.DataFrame(temp).T], ignore_index=True))
/cluster/home/lkuehner/MSc_Thesis/infraScan/infraScanRoad/scoring.py:2973: FutureWarning: In a future version, object-dtype columns with all-bool values will not be included in reductions with bool_only=True. Explicitly cast to bool dtype instead.
  edges = gpd.GeoDataFrame(pd.concat([edges, pd.DataFrame(temp).T], ignore_index=True))
/cluster/home/lkuehner/MSc_Thesis/infraScan/infraScanRoad/scoring.py:2950: FutureWarning: In a future version, object-dtype columns with all-bool values will not be included in reductions with bool_only=True. Explicitly cast to bool dtype instead.
  points = gpd.GeoDataFrame(pd.concat([points, pd.DataFrame(temp).T], ignore_index=True))
/cluster/home/lkuehner/MSc_Thesis/infraScan/infraScanRoad/scoring.py:2973: FutureWarning: In a future version, object-dtype columns with all-bool values will not be included in reductions with bool_only=True. Explicitly cast to bool dtype instead.
  edges = gpd.GeoDataFrame(pd.concat([edges, pd.DataFrame(temp).T], ignore_index=True))
OD TT by development-scenario:  33%|███▎      | 80/240 [35:29<1:21:57, 30.73s/it]/cluster/home/lkuehner/MSc_Thesis/infraScan/infraScanRoad/scoring.py:2950: FutureWarning: In a future version, object-dtype columns with all-bool values will not be included in reductions with bool_only=True. Explicitly cast to bool dtype instead.
  points = gpd.GeoDataFrame(pd.concat([points, pd.DataFrame(temp).T], ignore_index=True))
/cluster/home/lkuehner/MSc_Thesis/infraScan/infraScanRoad/scoring.py:2973: FutureWarning: In a future version, object-dtype columns with all-bool values will not be included in reductions with bool_only=True. Explicitly cast to bool dtype instead.
  edges = gpd.GeoDataFrame(pd.concat([edges, pd.DataFrame(temp).T], ignore_index=True))
/cluster/home/lkuehner/MSc_Thesis/infraScan/infraScanRoad/scoring.py:2950: FutureWarning: In a future version, object-dtype columns with all-bool values will not be included in reductions with bool_only=True. Explicitly cast to bool dtype instead.
  points = gpd.GeoDataFrame(pd.concat([points, pd.DataFrame(temp).T], ignore_index=True))
/cluster/home/lkuehner/MSc_Thesis/infraScan/infraScanRoad/scoring.py:2973: FutureWarning: In a future version, object-dtype columns with all-bool values will not be included in reductions with bool_only=True. Explicitly cast to bool dtype instead.
  edges = gpd.GeoDataFrame(pd.concat([edges, pd.DataFrame(temp).T], ignore_index=True))
/cluster/home/lkuehner/MSc_Thesis/infraScan/infraScanRoad/scoring.py:2950: FutureWarning: In a future version, object-dtype columns with all-bool values will not be included in reductions with bool_only=True. Explicitly cast to bool dtype instead.
  points = gpd.GeoDataFrame(pd.concat([points, pd.DataFrame(temp).T], ignore_index=True))
/cluster/home/lkuehner/MSc_Thesis/infraScan/infraScanRoad/scoring.py:2973: FutureWarning: In a future version, object-dtype columns with all-bool values will not be included in reductions with bool_only=True. Explicitly cast to bool dtype instead.
  edges = gpd.GeoDataFrame(pd.concat([edges, pd.DataFrame(temp).T], ignore_index=True))
/cluster/home/lkuehner/MSc_Thesis/infraScan/infraScanRoad/scoring.py:2950: FutureWarning: In a future version, object-dtype columns with all-bool values will not be included in reductions with bool_only=True. Explicitly cast to bool dtype instead.
  points = gpd.GeoDataFrame(pd.concat([points, pd.DataFrame(temp).T], ignore_index=True))
/cluster/home/lkuehner/MSc_Thesis/infraScan/infraScanRoad/scoring.py:2973: FutureWarning: In a future version, object-dtype columns with all-bool values will not be included in reductions with bool_only=True. Explicitly cast to bool dtype instead.
  edges = gpd.GeoDataFrame(pd.concat([edges, pd.DataFrame(temp).T], ignore_index=True))
/cluster/home/lkuehner/MSc_Thesis/infraScan/infraScanRoad/scoring.py:2950: FutureWarning: In a future version, object-dtype columns with all-bool values will not be included in reductions with bool_only=True. Explicitly cast to bool dtype instead.
  points = gpd.GeoDataFrame(pd.concat([points, pd.DataFrame(temp).T], ignore_index=True))
/cluster/home/lkuehner/MSc_Thesis/infraScan/infraScanRoad/scoring.py:2973: FutureWarning: In a future version, object-dtype columns with all-bool values will not be included in reductions with bool_only=True. Explicitly cast to bool dtype instead.
  edges = gpd.GeoDataFrame(pd.concat([edges, pd.DataFrame(temp).T], ignore_index=True))
/cluster/home/lkuehner/MSc_Thesis/infraScan/infraScanRoad/scoring.py:2950: FutureWarning: In a future version, object-dtype columns with all-bool values will not be included in reductions with bool_only=True. Explicitly cast to bool dtype instead.
  points = gpd.GeoDataFrame(pd.concat([points, pd.DataFrame(temp).T], ignore_index=True))
/cluster/home/lkuehner/MSc_Thesis/infraScan/infraScanRoad/scoring.py:2973: FutureWarning: In a future version, object-dtype columns with all-bool values will not be included in reductions with bool_only=True. Explicitly cast to bool dtype instead.
  edges = gpd.GeoDataFrame(pd.concat([edges, pd.DataFrame(temp).T], ignore_index=True))
/cluster/home/lkuehner/MSc_Thesis/infraScan/infraScanRoad/scoring.py:2950: FutureWarning: In a future version, object-dtype columns with all-bool values will not be included in reductions with bool_only=True. Explicitly cast to bool dtype instead.
  points = gpd.GeoDataFrame(pd.concat([points, pd.DataFrame(temp).T], ignore_index=True))
/cluster/home/lkuehner/MSc_Thesis/infraScan/infraScanRoad/scoring.py:2973: FutureWarning: In a future version, object-dtype columns with all-bool values will not be included in reductions with bool_only=True. Explicitly cast to bool dtype instead.
  edges = gpd.GeoDataFrame(pd.concat([edges, pd.DataFrame(temp).T], ignore_index=True))
/cluster/home/lkuehner/MSc_Thesis/infraScan/infraScanRoad/scoring.py:2950: FutureWarning: In a future version, object-dtype columns with all-bool values will not be included in reductions with bool_only=True. Explicitly cast to bool dtype instead.
  points = gpd.GeoDataFrame(pd.concat([points, pd.DataFrame(temp).T], ignore_index=True))
/cluster/home/lkuehner/MSc_Thesis/infraScan/infraScanRoad/scoring.py:2973: FutureWarning: In a future version, object-dtype columns with all-bool values will not be included in reductions with bool_only=True. Explicitly cast to bool dtype instead.
  edges = gpd.GeoDataFrame(pd.concat([edges, pd.DataFrame(temp).T], ignore_index=True))
/cluster/home/lkuehner/miniforge3/envs/infrascan/lib/python3.11/site-packages/scipy/optimize/_optimize.py:353: RuntimeWarning: Values in x were outside bounds during a minimize step, clipping to bounds
  warnings.warn("Values in x were outside bounds during a "
/cluster/home/lkuehner/MSc_Thesis/infraScan/infraScanRoad/scoring.py:2950: FutureWarning: In a future version, object-dtype columns with all-bool values will not be included in reductions with bool_only=True. Explicitly cast to bool dtype instead.
  points = gpd.GeoDataFrame(pd.concat([points, pd.DataFrame(temp).T], ignore_index=True))
/cluster/home/lkuehner/MSc_Thesis/infraScan/infraScanRoad/scoring.py:2973: FutureWarning: In a future version, object-dtype columns with all-bool values will not be included in reductions with bool_only=True. Explicitly cast to bool dtype instead.
  edges = gpd.GeoDataFrame(pd.concat([edges, pd.DataFrame(temp).T], ignore_index=True))
/cluster/home/lkuehner/miniforge3/envs/infrascan/lib/python3.11/site-packages/scipy/optimize/_optimize.py:353: RuntimeWarning: Values in x were outside bounds during a minimize step, clipping to bounds
  warnings.warn("Values in x were outside bounds during a "
/cluster/home/lkuehner/MSc_Thesis/infraScan/infraScanRoad/scoring.py:2950: FutureWarning: In a future version, object-dtype columns with all-bool values will not be included in reductions with bool_only=True. Explicitly cast to bool dtype instead.
  points = gpd.GeoDataFrame(pd.concat([points, pd.DataFrame(temp).T], ignore_index=True))
/cluster/home/lkuehner/MSc_Thesis/infraScan/infraScanRoad/scoring.py:2973: FutureWarning: In a future version, object-dtype columns with all-bool values will not be included in reductions with bool_only=True. Explicitly cast to bool dtype instead.
  edges = gpd.GeoDataFrame(pd.concat([edges, pd.DataFrame(temp).T], ignore_index=True))
/cluster/home/lkuehner/MSc_Thesis/infraScan/infraScanRoad/scoring.py:2950: FutureWarning: In a future version, object-dtype columns with all-bool values will not be included in reductions with bool_only=True. Explicitly cast to bool dtype instead.
  points = gpd.GeoDataFrame(pd.concat([points, pd.DataFrame(temp).T], ignore_index=True))
/cluster/home/lkuehner/MSc_Thesis/infraScan/infraScanRoad/scoring.py:2973: FutureWarning: In a future version, object-dtype columns with all-bool values will not be included in reductions with bool_only=True. Explicitly cast to bool dtype instead.
  edges = gpd.GeoDataFrame(pd.concat([edges, pd.DataFrame(temp).T], ignore_index=True))
/cluster/home/lkuehner/miniforge3/envs/infrascan/lib/python3.11/site-packages/scipy/optimize/_optimize.py:353: RuntimeWarning: Values in x were outside bounds during a minimize step, clipping to bounds
  warnings.warn("Values in x were outside bounds during a "
/cluster/home/lkuehner/MSc_Thesis/infraScan/infraScanRoad/scoring.py:2950: FutureWarning: In a future version, object-dtype columns with all-bool values will not be included in reductions with bool_only=True. Explicitly cast to bool dtype instead.
  points = gpd.GeoDataFrame(pd.concat([points, pd.DataFrame(temp).T], ignore_index=True))
/cluster/home/lkuehner/MSc_Thesis/infraScan/infraScanRoad/scoring.py:2973: FutureWarning: In a future version, object-dtype columns with all-bool values will not be included in reductions with bool_only=True. Explicitly cast to bool dtype instead.
  edges = gpd.GeoDataFrame(pd.concat([edges, pd.DataFrame(temp).T], ignore_index=True))
/cluster/home/lkuehner/MSc_Thesis/infraScan/infraScanRoad/scoring.py:2950: FutureWarning: In a future version, object-dtype columns with all-bool values will not be included in reductions with bool_only=True. Explicitly cast to bool dtype instead.
  points = gpd.GeoDataFrame(pd.concat([points, pd.DataFrame(temp).T], ignore_index=True))
/cluster/home/lkuehner/MSc_Thesis/infraScan/infraScanRoad/scoring.py:2973: FutureWarning: In a future version, object-dtype columns with all-bool values will not be included in reductions with bool_only=True. Explicitly cast to bool dtype instead.
  edges = gpd.GeoDataFrame(pd.concat([edges, pd.DataFrame(temp).T], ignore_index=True))
/cluster/home/lkuehner/miniforge3/envs/infrascan/lib/python3.11/site-packages/scipy/optimize/_optimize.py:353: RuntimeWarning: Values in x were outside bounds during a minimize step, clipping to bounds
  warnings.warn("Values in x were outside bounds during a "
/cluster/home/lkuehner/MSc_Thesis/infraScan/infraScanRoad/scoring.py:2950: FutureWarning: In a future version, object-dtype columns with all-bool values will not be included in reductions with bool_only=True. Explicitly cast to bool dtype instead.
  points = gpd.GeoDataFrame(pd.concat([points, pd.DataFrame(temp).T], ignore_index=True))
/cluster/home/lkuehner/MSc_Thesis/infraScan/infraScanRoad/scoring.py:2973: FutureWarning: In a future version, object-dtype columns with all-bool values will not be included in reductions with bool_only=True. Explicitly cast to bool dtype instead.
  edges = gpd.GeoDataFrame(pd.concat([edges, pd.DataFrame(temp).T], ignore_index=True))
/cluster/home/lkuehner/miniforge3/envs/infrascan/lib/python3.11/site-packages/scipy/optimize/_optimize.py:353: RuntimeWarning: Values in x were outside bounds during a minimize step, clipping to bounds
  warnings.warn("Values in x were outside bounds during a "
/cluster/home/lkuehner/MSc_Thesis/infraScan/infraScanRoad/scoring.py:2950: FutureWarning: In a future version, object-dtype columns with all-bool values will not be included in reductions with bool_only=True. Explicitly cast to bool dtype instead.
  points = gpd.GeoDataFrame(pd.concat([points, pd.DataFrame(temp).T], ignore_index=True))
/cluster/home/lkuehner/MSc_Thesis/infraScan/infraScanRoad/scoring.py:2973: FutureWarning: In a future version, object-dtype columns with all-bool values will not be included in reductions with bool_only=True. Explicitly cast to bool dtype instead.
  edges = gpd.GeoDataFrame(pd.concat([edges, pd.DataFrame(temp).T], ignore_index=True))
/cluster/home/lkuehner/MSc_Thesis/infraScan/infraScanRoad/scoring.py:2950: FutureWarning: In a future version, object-dtype columns with all-bool values will not be included in reductions with bool_only=True. Explicitly cast to bool dtype instead.
  points = gpd.GeoDataFrame(pd.concat([points, pd.DataFrame(temp).T], ignore_index=True))
/cluster/home/lkuehner/MSc_Thesis/infraScan/infraScanRoad/scoring.py:2973: FutureWarning: In a future version, object-dtype columns with all-bool values will not be included in reductions with bool_only=True. Explicitly cast to bool dtype instead.
  edges = gpd.GeoDataFrame(pd.concat([edges, pd.DataFrame(temp).T], ignore_index=True))
/cluster/home/lkuehner/miniforge3/envs/infrascan/lib/python3.11/site-packages/scipy/optimize/_optimize.py:353: RuntimeWarning: Values in x were outside bounds during a minimize step, clipping to bounds
  warnings.warn("Values in x were outside bounds during a "
OD TT by development-scenario:  40%|████      | 96/240 [45:08<1:18:05, 32.54s/it]/cluster/home/lkuehner/MSc_Thesis/infraScan/infraScanRoad/scoring.py:2950: FutureWarning: In a future version, object-dtype columns with all-bool values will not be included in reductions with bool_only=True. Explicitly cast to bool dtype instead.
  points = gpd.GeoDataFrame(pd.concat([points, pd.DataFrame(temp).T], ignore_index=True))
/cluster/home/lkuehner/MSc_Thesis/infraScan/infraScanRoad/scoring.py:2973: FutureWarning: In a future version, object-dtype columns with all-bool values will not be included in reductions with bool_only=True. Explicitly cast to bool dtype instead.
  edges = gpd.GeoDataFrame(pd.concat([edges, pd.DataFrame(temp).T], ignore_index=True))
/cluster/home/lkuehner/MSc_Thesis/infraScan/infraScanRoad/scoring.py:2950: FutureWarning: In a future version, object-dtype columns with all-bool values will not be included in reductions with bool_only=True. Explicitly cast to bool dtype instead.
  points = gpd.GeoDataFrame(pd.concat([points, pd.DataFrame(temp).T], ignore_index=True))
/cluster/home/lkuehner/MSc_Thesis/infraScan/infraScanRoad/scoring.py:2973: FutureWarning: In a future version, object-dtype columns with all-bool values will not be included in reductions with bool_only=True. Explicitly cast to bool dtype instead.
  edges = gpd.GeoDataFrame(pd.concat([edges, pd.DataFrame(temp).T], ignore_index=True))
/cluster/home/lkuehner/MSc_Thesis/infraScan/infraScanRoad/scoring.py:2950: FutureWarning: In a future version, object-dtype columns with all-bool values will not be included in reductions with bool_only=True. Explicitly cast to bool dtype instead.
  points = gpd.GeoDataFrame(pd.concat([points, pd.DataFrame(temp).T], ignore_index=True))
/cluster/home/lkuehner/MSc_Thesis/infraScan/infraScanRoad/scoring.py:2973: FutureWarning: In a future version, object-dtype columns with all-bool values will not be included in reductions with bool_only=True. Explicitly cast to bool dtype instead.
  edges = gpd.GeoDataFrame(pd.concat([edges, pd.DataFrame(temp).T], ignore_index=True))
/cluster/home/lkuehner/MSc_Thesis/infraScan/infraScanRoad/scoring.py:2950: FutureWarning: In a future version, object-dtype columns with all-bool values will not be included in reductions with bool_only=True. Explicitly cast to bool dtype instead.
  points = gpd.GeoDataFrame(pd.concat([points, pd.DataFrame(temp).T], ignore_index=True))
/cluster/home/lkuehner/MSc_Thesis/infraScan/infraScanRoad/scoring.py:2973: FutureWarning: In a future version, object-dtype columns with all-bool values will not be included in reductions with bool_only=True. Explicitly cast to bool dtype instead.
  edges = gpd.GeoDataFrame(pd.concat([edges, pd.DataFrame(temp).T], ignore_index=True))
/cluster/home/lkuehner/MSc_Thesis/infraScan/infraScanRoad/scoring.py:2950: FutureWarning: In a future version, object-dtype columns with all-bool values will not be included in reductions with bool_only=True. Explicitly cast to bool dtype instead.
  points = gpd.GeoDataFrame(pd.concat([points, pd.DataFrame(temp).T], ignore_index=True))
/cluster/home/lkuehner/MSc_Thesis/infraScan/infraScanRoad/scoring.py:2973: FutureWarning: In a future version, object-dtype columns with all-bool values will not be included in reductions with bool_only=True. Explicitly cast to bool dtype instead.
  edges = gpd.GeoDataFrame(pd.concat([edges, pd.DataFrame(temp).T], ignore_index=True))
/cluster/home/lkuehner/MSc_Thesis/infraScan/infraScanRoad/scoring.py:2950: FutureWarning: In a future version, object-dtype columns with all-bool values will not be included in reductions with bool_only=True. Explicitly cast to bool dtype instead.
  points = gpd.GeoDataFrame(pd.concat([points, pd.DataFrame(temp).T], ignore_index=True))
/cluster/home/lkuehner/MSc_Thesis/infraScan/infraScanRoad/scoring.py:2973: FutureWarning: In a future version, object-dtype columns with all-bool values will not be included in reductions with bool_only=True. Explicitly cast to bool dtype instead.
  edges = gpd.GeoDataFrame(pd.concat([edges, pd.DataFrame(temp).T], ignore_index=True))
/cluster/home/lkuehner/MSc_Thesis/infraScan/infraScanRoad/scoring.py:2950: FutureWarning: In a future version, object-dtype columns with all-bool values will not be included in reductions with bool_only=True. Explicitly cast to bool dtype instead.
  points = gpd.GeoDataFrame(pd.concat([points, pd.DataFrame(temp).T], ignore_index=True))
/cluster/home/lkuehner/MSc_Thesis/infraScan/infraScanRoad/scoring.py:2973: FutureWarning: In a future version, object-dtype columns with all-bool values will not be included in reductions with bool_only=True. Explicitly cast to bool dtype instead.
  edges = gpd.GeoDataFrame(pd.concat([edges, pd.DataFrame(temp).T], ignore_index=True))
/cluster/home/lkuehner/MSc_Thesis/infraScan/infraScanRoad/scoring.py:2950: FutureWarning: In a future version, object-dtype columns with all-bool values will not be included in reductions with bool_only=True. Explicitly cast to bool dtype instead.
  points = gpd.GeoDataFrame(pd.concat([points, pd.DataFrame(temp).T], ignore_index=True))
/cluster/home/lkuehner/MSc_Thesis/infraScan/infraScanRoad/scoring.py:2973: FutureWarning: In a future version, object-dtype columns with all-bool values will not be included in reductions with bool_only=True. Explicitly cast to bool dtype instead.
  edges = gpd.GeoDataFrame(pd.concat([edges, pd.DataFrame(temp).T], ignore_index=True))
/cluster/home/lkuehner/MSc_Thesis/infraScan/infraScanRoad/scoring.py:2950: FutureWarning: In a future version, object-dtype columns with all-bool values will not be included in reductions with bool_only=True. Explicitly cast to bool dtype instead.
  points = gpd.GeoDataFrame(pd.concat([points, pd.DataFrame(temp).T], ignore_index=True))
/cluster/home/lkuehner/MSc_Thesis/infraScan/infraScanRoad/scoring.py:2973: FutureWarning: In a future version, object-dtype columns with all-bool values will not be included in reductions with bool_only=True. Explicitly cast to bool dtype instead.
  edges = gpd.GeoDataFrame(pd.concat([edges, pd.DataFrame(temp).T], ignore_index=True))
/cluster/home/lkuehner/MSc_Thesis/infraScan/infraScanRoad/scoring.py:2950: FutureWarning: In a future version, object-dtype columns with all-bool values will not be included in reductions with bool_only=True. Explicitly cast to bool dtype instead.
  points = gpd.GeoDataFrame(pd.concat([points, pd.DataFrame(temp).T], ignore_index=True))
/cluster/home/lkuehner/MSc_Thesis/infraScan/infraScanRoad/scoring.py:2973: FutureWarning: In a future version, object-dtype columns with all-bool values will not be included in reductions with bool_only=True. Explicitly cast to bool dtype instead.
  edges = gpd.GeoDataFrame(pd.concat([edges, pd.DataFrame(temp).T], ignore_index=True))
/cluster/home/lkuehner/MSc_Thesis/infraScan/infraScanRoad/scoring.py:2950: FutureWarning: In a future version, object-dtype columns with all-bool values will not be included in reductions with bool_only=True. Explicitly cast to bool dtype instead.
  points = gpd.GeoDataFrame(pd.concat([points, pd.DataFrame(temp).T], ignore_index=True))
/cluster/home/lkuehner/MSc_Thesis/infraScan/infraScanRoad/scoring.py:2973: FutureWarning: In a future version, object-dtype columns with all-bool values will not be included in reductions with bool_only=True. Explicitly cast to bool dtype instead.
  edges = gpd.GeoDataFrame(pd.concat([edges, pd.DataFrame(temp).T], ignore_index=True))
/cluster/home/lkuehner/MSc_Thesis/infraScan/infraScanRoad/scoring.py:2950: FutureWarning: In a future version, object-dtype columns with all-bool values will not be included in reductions with bool_only=True. Explicitly cast to bool dtype instead.
  points = gpd.GeoDataFrame(pd.concat([points, pd.DataFrame(temp).T], ignore_index=True))
/cluster/home/lkuehner/MSc_Thesis/infraScan/infraScanRoad/scoring.py:2973: FutureWarning: In a future version, object-dtype columns with all-bool values will not be included in reductions with bool_only=True. Explicitly cast to bool dtype instead.
  edges = gpd.GeoDataFrame(pd.concat([edges, pd.DataFrame(temp).T], ignore_index=True))
/cluster/home/lkuehner/MSc_Thesis/infraScan/infraScanRoad/scoring.py:2950: FutureWarning: In a future version, object-dtype columns with all-bool values will not be included in reductions with bool_only=True. Explicitly cast to bool dtype instead.
  points = gpd.GeoDataFrame(pd.concat([points, pd.DataFrame(temp).T], ignore_index=True))
/cluster/home/lkuehner/MSc_Thesis/infraScan/infraScanRoad/scoring.py:2973: FutureWarning: In a future version, object-dtype columns with all-bool values will not be included in reductions with bool_only=True. Explicitly cast to bool dtype instead.
  edges = gpd.GeoDataFrame(pd.concat([edges, pd.DataFrame(temp).T], ignore_index=True))
/cluster/home/lkuehner/MSc_Thesis/infraScan/infraScanRoad/scoring.py:2950: FutureWarning: In a future version, object-dtype columns with all-bool values will not be included in reductions with bool_only=True. Explicitly cast to bool dtype instead.
  points = gpd.GeoDataFrame(pd.concat([points, pd.DataFrame(temp).T], ignore_index=True))
/cluster/home/lkuehner/MSc_Thesis/infraScan/infraScanRoad/scoring.py:2973: FutureWarning: In a future version, object-dtype columns with all-bool values will not be included in reductions with bool_only=True. Explicitly cast to bool dtype instead.
  edges = gpd.GeoDataFrame(pd.concat([edges, pd.DataFrame(temp).T], ignore_index=True))
/cluster/home/lkuehner/miniforge3/envs/infrascan/lib/python3.11/site-packages/scipy/optimize/_optimize.py:353: RuntimeWarning: Values in x were outside bounds during a minimize step, clipping to bounds
  warnings.warn("Values in x were outside bounds during a "
/cluster/home/lkuehner/MSc_Thesis/infraScan/infraScanRoad/scoring.py:2950: FutureWarning: In a future version, object-dtype columns with all-bool values will not be included in reductions with bool_only=True. Explicitly cast to bool dtype instead.
  points = gpd.GeoDataFrame(pd.concat([points, pd.DataFrame(temp).T], ignore_index=True))
/cluster/home/lkuehner/MSc_Thesis/infraScan/infraScanRoad/scoring.py:2973: FutureWarning: In a future version, object-dtype columns with all-bool values will not be included in reductions with bool_only=True. Explicitly cast to bool dtype instead.
  edges = gpd.GeoDataFrame(pd.concat([edges, pd.DataFrame(temp).T], ignore_index=True))
/cluster/home/lkuehner/MSc_Thesis/infraScan/infraScanRoad/scoring.py:2950: FutureWarning: In a future version, object-dtype columns with all-bool values will not be included in reductions with bool_only=True. Explicitly cast to bool dtype instead.
  points = gpd.GeoDataFrame(pd.concat([points, pd.DataFrame(temp).T], ignore_index=True))
/cluster/home/lkuehner/MSc_Thesis/infraScan/infraScanRoad/scoring.py:2973: FutureWarning: In a future version, object-dtype columns with all-bool values will not be included in reductions with bool_only=True. Explicitly cast to bool dtype instead.
  edges = gpd.GeoDataFrame(pd.concat([edges, pd.DataFrame(temp).T], ignore_index=True))
OD TT by development-scenario:  47%|████▋     | 112/240 [55:22<1:13:26, 34.42s/it]/cluster/home/lkuehner/MSc_Thesis/infraScan/infraScanRoad/scoring.py:2950: FutureWarning: In a future version, object-dtype columns with all-bool values will not be included in reductions with bool_only=True. Explicitly cast to bool dtype instead.
  points = gpd.GeoDataFrame(pd.concat([points, pd.DataFrame(temp).T], ignore_index=True))
/cluster/home/lkuehner/MSc_Thesis/infraScan/infraScanRoad/scoring.py:2973: FutureWarning: In a future version, object-dtype columns with all-bool values will not be included in reductions with bool_only=True. Explicitly cast to bool dtype instead.
  edges = gpd.GeoDataFrame(pd.concat([edges, pd.DataFrame(temp).T], ignore_index=True))
/cluster/home/lkuehner/miniforge3/envs/infrascan/lib/python3.11/site-packages/scipy/optimize/_optimize.py:353: RuntimeWarning: Values in x were outside bounds during a minimize step, clipping to bounds
  warnings.warn("Values in x were outside bounds during a "
/cluster/home/lkuehner/MSc_Thesis/infraScan/infraScanRoad/scoring.py:2950: FutureWarning: In a future version, object-dtype columns with all-bool values will not be included in reductions with bool_only=True. Explicitly cast to bool dtype instead.
  points = gpd.GeoDataFrame(pd.concat([points, pd.DataFrame(temp).T], ignore_index=True))
/cluster/home/lkuehner/MSc_Thesis/infraScan/infraScanRoad/scoring.py:2973: FutureWarning: In a future version, object-dtype columns with all-bool values will not be included in reductions with bool_only=True. Explicitly cast to bool dtype instead.
  edges = gpd.GeoDataFrame(pd.concat([edges, pd.DataFrame(temp).T], ignore_index=True))
/cluster/home/lkuehner/MSc_Thesis/infraScan/infraScanRoad/scoring.py:2950: FutureWarning: In a future version, object-dtype columns with all-bool values will not be included in reductions with bool_only=True. Explicitly cast to bool dtype instead.
  points = gpd.GeoDataFrame(pd.concat([points, pd.DataFrame(temp).T], ignore_index=True))
/cluster/home/lkuehner/MSc_Thesis/infraScan/infraScanRoad/scoring.py:2973: FutureWarning: In a future version, object-dtype columns with all-bool values will not be included in reductions with bool_only=True. Explicitly cast to bool dtype instead.
  edges = gpd.GeoDataFrame(pd.concat([edges, pd.DataFrame(temp).T], ignore_index=True))
/cluster/home/lkuehner/MSc_Thesis/infraScan/infraScanRoad/scoring.py:2950: FutureWarning: In a future version, object-dtype columns with all-bool values will not be included in reductions with bool_only=True. Explicitly cast to bool dtype instead.
  points = gpd.GeoDataFrame(pd.concat([points, pd.DataFrame(temp).T], ignore_index=True))
/cluster/home/lkuehner/MSc_Thesis/infraScan/infraScanRoad/scoring.py:2973: FutureWarning: In a future version, object-dtype columns with all-bool values will not be included in reductions with bool_only=True. Explicitly cast to bool dtype instead.
  edges = gpd.GeoDataFrame(pd.concat([edges, pd.DataFrame(temp).T], ignore_index=True))
/cluster/home/lkuehner/MSc_Thesis/infraScan/infraScanRoad/scoring.py:2950: FutureWarning: In a future version, object-dtype columns with all-bool values will not be included in reductions with bool_only=True. Explicitly cast to bool dtype instead.
  points = gpd.GeoDataFrame(pd.concat([points, pd.DataFrame(temp).T], ignore_index=True))
/cluster/home/lkuehner/MSc_Thesis/infraScan/infraScanRoad/scoring.py:2973: FutureWarning: In a future version, object-dtype columns with all-bool values will not be included in reductions with bool_only=True. Explicitly cast to bool dtype instead.
  edges = gpd.GeoDataFrame(pd.concat([edges, pd.DataFrame(temp).T], ignore_index=True))
/cluster/home/lkuehner/miniforge3/envs/infrascan/lib/python3.11/site-packages/scipy/optimize/_optimize.py:353: RuntimeWarning: Values in x were outside bounds during a minimize step, clipping to bounds
  warnings.warn("Values in x were outside bounds during a "
/cluster/home/lkuehner/MSc_Thesis/infraScan/infraScanRoad/scoring.py:2950: FutureWarning: In a future version, object-dtype columns with all-bool values will not be included in reductions with bool_only=True. Explicitly cast to bool dtype instead.
  points = gpd.GeoDataFrame(pd.concat([points, pd.DataFrame(temp).T], ignore_index=True))
/cluster/home/lkuehner/MSc_Thesis/infraScan/infraScanRoad/scoring.py:2973: FutureWarning: In a future version, object-dtype columns with all-bool values will not be included in reductions with bool_only=True. Explicitly cast to bool dtype instead.
  edges = gpd.GeoDataFrame(pd.concat([edges, pd.DataFrame(temp).T], ignore_index=True))
/cluster/home/lkuehner/miniforge3/envs/infrascan/lib/python3.11/site-packages/scipy/optimize/_optimize.py:353: RuntimeWarning: Values in x were outside bounds during a minimize step, clipping to bounds
  warnings.warn("Values in x were outside bounds during a "
/cluster/home/lkuehner/MSc_Thesis/infraScan/infraScanRoad/scoring.py:2950: FutureWarning: In a future version, object-dtype columns with all-bool values will not be included in reductions with bool_only=True. Explicitly cast to bool dtype instead.
  points = gpd.GeoDataFrame(pd.concat([points, pd.DataFrame(temp).T], ignore_index=True))
/cluster/home/lkuehner/MSc_Thesis/infraScan/infraScanRoad/scoring.py:2973: FutureWarning: In a future version, object-dtype columns with all-bool values will not be included in reductions with bool_only=True. Explicitly cast to bool dtype instead.
  edges = gpd.GeoDataFrame(pd.concat([edges, pd.DataFrame(temp).T], ignore_index=True))
/cluster/home/lkuehner/MSc_Thesis/infraScan/infraScanRoad/scoring.py:2950: FutureWarning: In a future version, object-dtype columns with all-bool values will not be included in reductions with bool_only=True. Explicitly cast to bool dtype instead.
  points = gpd.GeoDataFrame(pd.concat([points, pd.DataFrame(temp).T], ignore_index=True))
/cluster/home/lkuehner/MSc_Thesis/infraScan/infraScanRoad/scoring.py:2973: FutureWarning: In a future version, object-dtype columns with all-bool values will not be included in reductions with bool_only=True. Explicitly cast to bool dtype instead.
  edges = gpd.GeoDataFrame(pd.concat([edges, pd.DataFrame(temp).T], ignore_index=True))
/cluster/home/lkuehner/MSc_Thesis/infraScan/infraScanRoad/scoring.py:2950: FutureWarning: In a future version, object-dtype columns with all-bool values will not be included in reductions with bool_only=True. Explicitly cast to bool dtype instead.
  points = gpd.GeoDataFrame(pd.concat([points, pd.DataFrame(temp).T], ignore_index=True))
/cluster/home/lkuehner/MSc_Thesis/infraScan/infraScanRoad/scoring.py:2973: FutureWarning: In a future version, object-dtype columns with all-bool values will not be included in reductions with bool_only=True. Explicitly cast to bool dtype instead.
  edges = gpd.GeoDataFrame(pd.concat([edges, pd.DataFrame(temp).T], ignore_index=True))
/cluster/home/lkuehner/MSc_Thesis/infraScan/infraScanRoad/scoring.py:2950: FutureWarning: In a future version, object-dtype columns with all-bool values will not be included in reductions with bool_only=True. Explicitly cast to bool dtype instead.
  points = gpd.GeoDataFrame(pd.concat([points, pd.DataFrame(temp).T], ignore_index=True))
/cluster/home/lkuehner/MSc_Thesis/infraScan/infraScanRoad/scoring.py:2973: FutureWarning: In a future version, object-dtype columns with all-bool values will not be included in reductions with bool_only=True. Explicitly cast to bool dtype instead.
  edges = gpd.GeoDataFrame(pd.concat([edges, pd.DataFrame(temp).T], ignore_index=True))
/cluster/home/lkuehner/MSc_Thesis/infraScan/infraScanRoad/scoring.py:2950: FutureWarning: In a future version, object-dtype columns with all-bool values will not be included in reductions with bool_only=True. Explicitly cast to bool dtype instead.
  points = gpd.GeoDataFrame(pd.concat([points, pd.DataFrame(temp).T], ignore_index=True))
/cluster/home/lkuehner/MSc_Thesis/infraScan/infraScanRoad/scoring.py:2973: FutureWarning: In a future version, object-dtype columns with all-bool values will not be included in reductions with bool_only=True. Explicitly cast to bool dtype instead.
  edges = gpd.GeoDataFrame(pd.concat([edges, pd.DataFrame(temp).T], ignore_index=True))
/cluster/home/lkuehner/MSc_Thesis/infraScan/infraScanRoad/scoring.py:2950: FutureWarning: In a future version, object-dtype columns with all-bool values will not be included in reductions with bool_only=True. Explicitly cast to bool dtype instead.
  points = gpd.GeoDataFrame(pd.concat([points, pd.DataFrame(temp).T], ignore_index=True))
/cluster/home/lkuehner/MSc_Thesis/infraScan/infraScanRoad/scoring.py:2973: FutureWarning: In a future version, object-dtype columns with all-bool values will not be included in reductions with bool_only=True. Explicitly cast to bool dtype instead.
  edges = gpd.GeoDataFrame(pd.concat([edges, pd.DataFrame(temp).T], ignore_index=True))
/cluster/home/lkuehner/miniforge3/envs/infrascan/lib/python3.11/site-packages/scipy/optimize/_optimize.py:353: RuntimeWarning: Values in x were outside bounds during a minimize step, clipping to bounds
  warnings.warn("Values in x were outside bounds during a "
/cluster/home/lkuehner/MSc_Thesis/infraScan/infraScanRoad/scoring.py:2950: FutureWarning: In a future version, object-dtype columns with all-bool values will not be included in reductions with bool_only=True. Explicitly cast to bool dtype instead.
  points = gpd.GeoDataFrame(pd.concat([points, pd.DataFrame(temp).T], ignore_index=True))
/cluster/home/lkuehner/MSc_Thesis/infraScan/infraScanRoad/scoring.py:2973: FutureWarning: In a future version, object-dtype columns with all-bool values will not be included in reductions with bool_only=True. Explicitly cast to bool dtype instead.
  edges = gpd.GeoDataFrame(pd.concat([edges, pd.DataFrame(temp).T], ignore_index=True))
/cluster/home/lkuehner/MSc_Thesis/infraScan/infraScanRoad/scoring.py:2950: FutureWarning: In a future version, object-dtype columns with all-bool values will not be included in reductions with bool_only=True. Explicitly cast to bool dtype instead.
  points = gpd.GeoDataFrame(pd.concat([points, pd.DataFrame(temp).T], ignore_index=True))
/cluster/home/lkuehner/MSc_Thesis/infraScan/infraScanRoad/scoring.py:2973: FutureWarning: In a future version, object-dtype columns with all-bool values will not be included in reductions with bool_only=True. Explicitly cast to bool dtype instead.
  edges = gpd.GeoDataFrame(pd.concat([edges, pd.DataFrame(temp).T], ignore_index=True))
/cluster/home/lkuehner/miniforge3/envs/infrascan/lib/python3.11/site-packages/scipy/optimize/_optimize.py:353: RuntimeWarning: Values in x were outside bounds during a minimize step, clipping to bounds
  warnings.warn("Values in x were outside bounds during a "
/cluster/home/lkuehner/MSc_Thesis/infraScan/infraScanRoad/scoring.py:2950: FutureWarning: In a future version, object-dtype columns with all-bool values will not be included in reductions with bool_only=True. Explicitly cast to bool dtype instead.
  points = gpd.GeoDataFrame(pd.concat([points, pd.DataFrame(temp).T], ignore_index=True))
/cluster/home/lkuehner/MSc_Thesis/infraScan/infraScanRoad/scoring.py:2973: FutureWarning: In a future version, object-dtype columns with all-bool values will not be included in reductions with bool_only=True. Explicitly cast to bool dtype instead.
  edges = gpd.GeoDataFrame(pd.concat([edges, pd.DataFrame(temp).T], ignore_index=True))
/cluster/home/lkuehner/miniforge3/envs/infrascan/lib/python3.11/site-packages/scipy/optimize/_optimize.py:353: RuntimeWarning: Values in x were outside bounds during a minimize step, clipping to bounds
  warnings.warn("Values in x were outside bounds during a "
/cluster/home/lkuehner/MSc_Thesis/infraScan/infraScanRoad/scoring.py:2950: FutureWarning: In a future version, object-dtype columns with all-bool values will not be included in reductions with bool_only=True. Explicitly cast to bool dtype instead.
  points = gpd.GeoDataFrame(pd.concat([points, pd.DataFrame(temp).T], ignore_index=True))
/cluster/home/lkuehner/MSc_Thesis/infraScan/infraScanRoad/scoring.py:2973: FutureWarning: In a future version, object-dtype columns with all-bool values will not be included in reductions with bool_only=True. Explicitly cast to bool dtype instead.
  edges = gpd.GeoDataFrame(pd.concat([edges, pd.DataFrame(temp).T], ignore_index=True))
/cluster/home/lkuehner/miniforge3/envs/infrascan/lib/python3.11/site-packages/scipy/optimize/_optimize.py:353: RuntimeWarning: Values in x were outside bounds during a minimize step, clipping to bounds
  warnings.warn("Values in x were outside bounds during a "
OD TT by development-scenario:  53%|█████▎    | 128/240 [1:03:30<1:01:56, 33.18s/it]/cluster/home/lkuehner/MSc_Thesis/infraScan/infraScanRoad/scoring.py:2950: FutureWarning: In a future version, object-dtype columns with all-bool values will not be included in reductions with bool_only=True. Explicitly cast to bool dtype instead.
  points = gpd.GeoDataFrame(pd.concat([points, pd.DataFrame(temp).T], ignore_index=True))
/cluster/home/lkuehner/MSc_Thesis/infraScan/infraScanRoad/scoring.py:2973: FutureWarning: In a future version, object-dtype columns with all-bool values will not be included in reductions with bool_only=True. Explicitly cast to bool dtype instead.
  edges = gpd.GeoDataFrame(pd.concat([edges, pd.DataFrame(temp).T], ignore_index=True))
/cluster/home/lkuehner/miniforge3/envs/infrascan/lib/python3.11/site-packages/scipy/optimize/_optimize.py:353: RuntimeWarning: Values in x were outside bounds during a minimize step, clipping to bounds
  warnings.warn("Values in x were outside bounds during a "
/cluster/home/lkuehner/MSc_Thesis/infraScan/infraScanRoad/scoring.py:2950: FutureWarning: In a future version, object-dtype columns with all-bool values will not be included in reductions with bool_only=True. Explicitly cast to bool dtype instead.
  points = gpd.GeoDataFrame(pd.concat([points, pd.DataFrame(temp).T], ignore_index=True))
/cluster/home/lkuehner/MSc_Thesis/infraScan/infraScanRoad/scoring.py:2973: FutureWarning: In a future version, object-dtype columns with all-bool values will not be included in reductions with bool_only=True. Explicitly cast to bool dtype instead.
  edges = gpd.GeoDataFrame(pd.concat([edges, pd.DataFrame(temp).T], ignore_index=True))
/cluster/home/lkuehner/miniforge3/envs/infrascan/lib/python3.11/site-packages/scipy/optimize/_optimize.py:353: RuntimeWarning: Values in x were outside bounds during a minimize step, clipping to bounds
  warnings.warn("Values in x were outside bounds during a "
/cluster/home/lkuehner/MSc_Thesis/infraScan/infraScanRoad/scoring.py:2950: FutureWarning: In a future version, object-dtype columns with all-bool values will not be included in reductions with bool_only=True. Explicitly cast to bool dtype instead.
  points = gpd.GeoDataFrame(pd.concat([points, pd.DataFrame(temp).T], ignore_index=True))
/cluster/home/lkuehner/MSc_Thesis/infraScan/infraScanRoad/scoring.py:2973: FutureWarning: In a future version, object-dtype columns with all-bool values will not be included in reductions with bool_only=True. Explicitly cast to bool dtype instead.
  edges = gpd.GeoDataFrame(pd.concat([edges, pd.DataFrame(temp).T], ignore_index=True))
/cluster/home/lkuehner/miniforge3/envs/infrascan/lib/python3.11/site-packages/scipy/optimize/_optimize.py:353: RuntimeWarning: Values in x were outside bounds during a minimize step, clipping to bounds
  warnings.warn("Values in x were outside bounds during a "
/cluster/home/lkuehner/MSc_Thesis/infraScan/infraScanRoad/scoring.py:2950: FutureWarning: In a future version, object-dtype columns with all-bool values will not be included in reductions with bool_only=True. Explicitly cast to bool dtype instead.
  points = gpd.GeoDataFrame(pd.concat([points, pd.DataFrame(temp).T], ignore_index=True))
/cluster/home/lkuehner/MSc_Thesis/infraScan/infraScanRoad/scoring.py:2973: FutureWarning: In a future version, object-dtype columns with all-bool values will not be included in reductions with bool_only=True. Explicitly cast to bool dtype instead.
  edges = gpd.GeoDataFrame(pd.concat([edges, pd.DataFrame(temp).T], ignore_index=True))
/cluster/home/lkuehner/miniforge3/envs/infrascan/lib/python3.11/site-packages/scipy/optimize/_optimize.py:353: RuntimeWarning: Values in x were outside bounds during a minimize step, clipping to bounds
  warnings.warn("Values in x were outside bounds during a "
/cluster/home/lkuehner/MSc_Thesis/infraScan/infraScanRoad/scoring.py:2950: FutureWarning: In a future version, object-dtype columns with all-bool values will not be included in reductions with bool_only=True. Explicitly cast to bool dtype instead.
  points = gpd.GeoDataFrame(pd.concat([points, pd.DataFrame(temp).T], ignore_index=True))
/cluster/home/lkuehner/MSc_Thesis/infraScan/infraScanRoad/scoring.py:2973: FutureWarning: In a future version, object-dtype columns with all-bool values will not be included in reductions with bool_only=True. Explicitly cast to bool dtype instead.
  edges = gpd.GeoDataFrame(pd.concat([edges, pd.DataFrame(temp).T], ignore_index=True))
/cluster/home/lkuehner/MSc_Thesis/infraScan/infraScanRoad/scoring.py:2950: FutureWarning: In a future version, object-dtype columns with all-bool values will not be included in reductions with bool_only=True. Explicitly cast to bool dtype instead.
  points = gpd.GeoDataFrame(pd.concat([points, pd.DataFrame(temp).T], ignore_index=True))
/cluster/home/lkuehner/MSc_Thesis/infraScan/infraScanRoad/scoring.py:2973: FutureWarning: In a future version, object-dtype columns with all-bool values will not be included in reductions with bool_only=True. Explicitly cast to bool dtype instead.
  edges = gpd.GeoDataFrame(pd.concat([edges, pd.DataFrame(temp).T], ignore_index=True))
/cluster/home/lkuehner/miniforge3/envs/infrascan/lib/python3.11/site-packages/scipy/optimize/_optimize.py:353: RuntimeWarning: Values in x were outside bounds during a minimize step, clipping to bounds
  warnings.warn("Values in x were outside bounds during a "
/cluster/home/lkuehner/MSc_Thesis/infraScan/infraScanRoad/scoring.py:2950: FutureWarning: In a future version, object-dtype columns with all-bool values will not be included in reductions with bool_only=True. Explicitly cast to bool dtype instead.
  points = gpd.GeoDataFrame(pd.concat([points, pd.DataFrame(temp).T], ignore_index=True))
/cluster/home/lkuehner/MSc_Thesis/infraScan/infraScanRoad/scoring.py:2973: FutureWarning: In a future version, object-dtype columns with all-bool values will not be included in reductions with bool_only=True. Explicitly cast to bool dtype instead.
  edges = gpd.GeoDataFrame(pd.concat([edges, pd.DataFrame(temp).T], ignore_index=True))
/cluster/home/lkuehner/miniforge3/envs/infrascan/lib/python3.11/site-packages/scipy/optimize/_optimize.py:353: RuntimeWarning: Values in x were outside bounds during a minimize step, clipping to bounds
  warnings.warn("Values in x were outside bounds during a "
/cluster/home/lkuehner/MSc_Thesis/infraScan/infraScanRoad/scoring.py:2950: FutureWarning: In a future version, object-dtype columns with all-bool values will not be included in reductions with bool_only=True. Explicitly cast to bool dtype instead.
  points = gpd.GeoDataFrame(pd.concat([points, pd.DataFrame(temp).T], ignore_index=True))
/cluster/home/lkuehner/MSc_Thesis/infraScan/infraScanRoad/scoring.py:2973: FutureWarning: In a future version, object-dtype columns with all-bool values will not be included in reductions with bool_only=True. Explicitly cast to bool dtype instead.
  edges = gpd.GeoDataFrame(pd.concat([edges, pd.DataFrame(temp).T], ignore_index=True))
/cluster/home/lkuehner/MSc_Thesis/infraScan/infraScanRoad/scoring.py:2950: FutureWarning: In a future version, object-dtype columns with all-bool values will not be included in reductions with bool_only=True. Explicitly cast to bool dtype instead.
  points = gpd.GeoDataFrame(pd.concat([points, pd.DataFrame(temp).T], ignore_index=True))
/cluster/home/lkuehner/MSc_Thesis/infraScan/infraScanRoad/scoring.py:2973: FutureWarning: In a future version, object-dtype columns with all-bool values will not be included in reductions with bool_only=True. Explicitly cast to bool dtype instead.
  edges = gpd.GeoDataFrame(pd.concat([edges, pd.DataFrame(temp).T], ignore_index=True))
/cluster/home/lkuehner/MSc_Thesis/infraScan/infraScanRoad/scoring.py:2950: FutureWarning: In a future version, object-dtype columns with all-bool values will not be included in reductions with bool_only=True. Explicitly cast to bool dtype instead.
  points = gpd.GeoDataFrame(pd.concat([points, pd.DataFrame(temp).T], ignore_index=True))
/cluster/home/lkuehner/MSc_Thesis/infraScan/infraScanRoad/scoring.py:2973: FutureWarning: In a future version, object-dtype columns with all-bool values will not be included in reductions with bool_only=True. Explicitly cast to bool dtype instead.
  edges = gpd.GeoDataFrame(pd.concat([edges, pd.DataFrame(temp).T], ignore_index=True))
/cluster/home/lkuehner/miniforge3/envs/infrascan/lib/python3.11/site-packages/scipy/optimize/_optimize.py:353: RuntimeWarning: Values in x were outside bounds during a minimize step, clipping to bounds
  warnings.warn("Values in x were outside bounds during a "
/cluster/home/lkuehner/MSc_Thesis/infraScan/infraScanRoad/scoring.py:2950: FutureWarning: In a future version, object-dtype columns with all-bool values will not be included in reductions with bool_only=True. Explicitly cast to bool dtype instead.
  points = gpd.GeoDataFrame(pd.concat([points, pd.DataFrame(temp).T], ignore_index=True))
/cluster/home/lkuehner/MSc_Thesis/infraScan/infraScanRoad/scoring.py:2973: FutureWarning: In a future version, object-dtype columns with all-bool values will not be included in reductions with bool_only=True. Explicitly cast to bool dtype instead.
  edges = gpd.GeoDataFrame(pd.concat([edges, pd.DataFrame(temp).T], ignore_index=True))
/cluster/home/lkuehner/MSc_Thesis/infraScan/infraScanRoad/scoring.py:2950: FutureWarning: In a future version, object-dtype columns with all-bool values will not be included in reductions with bool_only=True. Explicitly cast to bool dtype instead.
  points = gpd.GeoDataFrame(pd.concat([points, pd.DataFrame(temp).T], ignore_index=True))
/cluster/home/lkuehner/MSc_Thesis/infraScan/infraScanRoad/scoring.py:2973: FutureWarning: In a future version, object-dtype columns with all-bool values will not be included in reductions with bool_only=True. Explicitly cast to bool dtype instead.
  edges = gpd.GeoDataFrame(pd.concat([edges, pd.DataFrame(temp).T], ignore_index=True))
/cluster/home/lkuehner/miniforge3/envs/infrascan/lib/python3.11/site-packages/scipy/optimize/_optimize.py:353: RuntimeWarning: Values in x were outside bounds during a minimize step, clipping to bounds
  warnings.warn("Values in x were outside bounds during a "
/cluster/home/lkuehner/MSc_Thesis/infraScan/infraScanRoad/scoring.py:2950: FutureWarning: In a future version, object-dtype columns with all-bool values will not be included in reductions with bool_only=True. Explicitly cast to bool dtype instead.
  points = gpd.GeoDataFrame(pd.concat([points, pd.DataFrame(temp).T], ignore_index=True))
/cluster/home/lkuehner/MSc_Thesis/infraScan/infraScanRoad/scoring.py:2973: FutureWarning: In a future version, object-dtype columns with all-bool values will not be included in reductions with bool_only=True. Explicitly cast to bool dtype instead.
  edges = gpd.GeoDataFrame(pd.concat([edges, pd.DataFrame(temp).T], ignore_index=True))
/cluster/home/lkuehner/MSc_Thesis/infraScan/infraScanRoad/scoring.py:2950: FutureWarning: In a future version, object-dtype columns with all-bool values will not be included in reductions with bool_only=True. Explicitly cast to bool dtype instead.
  points = gpd.GeoDataFrame(pd.concat([points, pd.DataFrame(temp).T], ignore_index=True))
/cluster/home/lkuehner/MSc_Thesis/infraScan/infraScanRoad/scoring.py:2973: FutureWarning: In a future version, object-dtype columns with all-bool values will not be included in reductions with bool_only=True. Explicitly cast to bool dtype instead.
  edges = gpd.GeoDataFrame(pd.concat([edges, pd.DataFrame(temp).T], ignore_index=True))
/cluster/home/lkuehner/MSc_Thesis/infraScan/infraScanRoad/scoring.py:2950: FutureWarning: In a future version, object-dtype columns with all-bool values will not be included in reductions with bool_only=True. Explicitly cast to bool dtype instead.
  points = gpd.GeoDataFrame(pd.concat([points, pd.DataFrame(temp).T], ignore_index=True))
/cluster/home/lkuehner/MSc_Thesis/infraScan/infraScanRoad/scoring.py:2973: FutureWarning: In a future version, object-dtype columns with all-bool values will not be included in reductions with bool_only=True. Explicitly cast to bool dtype instead.
  edges = gpd.GeoDataFrame(pd.concat([edges, pd.DataFrame(temp).T], ignore_index=True))
/cluster/home/lkuehner/miniforge3/envs/infrascan/lib/python3.11/site-packages/scipy/optimize/_optimize.py:353: RuntimeWarning: Values in x were outside bounds during a minimize step, clipping to bounds
  warnings.warn("Values in x were outside bounds during a "
/cluster/home/lkuehner/MSc_Thesis/infraScan/infraScanRoad/scoring.py:2950: FutureWarning: In a future version, object-dtype columns with all-bool values will not be included in reductions with bool_only=True. Explicitly cast to bool dtype instead.
  points = gpd.GeoDataFrame(pd.concat([points, pd.DataFrame(temp).T], ignore_index=True))
/cluster/home/lkuehner/MSc_Thesis/infraScan/infraScanRoad/scoring.py:2973: FutureWarning: In a future version, object-dtype columns with all-bool values will not be included in reductions with bool_only=True. Explicitly cast to bool dtype instead.
  edges = gpd.GeoDataFrame(pd.concat([edges, pd.DataFrame(temp).T], ignore_index=True))
OD TT by development-scenario:  60%|██████    | 144/240 [1:11:50<52:07, 32.58s/it]  /cluster/home/lkuehner/MSc_Thesis/infraScan/infraScanRoad/scoring.py:2950: FutureWarning: In a future version, object-dtype columns with all-bool values will not be included in reductions with bool_only=True. Explicitly cast to bool dtype instead.
  points = gpd.GeoDataFrame(pd.concat([points, pd.DataFrame(temp).T], ignore_index=True))
/cluster/home/lkuehner/MSc_Thesis/infraScan/infraScanRoad/scoring.py:2973: FutureWarning: In a future version, object-dtype columns with all-bool values will not be included in reductions with bool_only=True. Explicitly cast to bool dtype instead.
  edges = gpd.GeoDataFrame(pd.concat([edges, pd.DataFrame(temp).T], ignore_index=True))
/cluster/home/lkuehner/MSc_Thesis/infraScan/infraScanRoad/scoring.py:2950: FutureWarning: In a future version, object-dtype columns with all-bool values will not be included in reductions with bool_only=True. Explicitly cast to bool dtype instead.
  points = gpd.GeoDataFrame(pd.concat([points, pd.DataFrame(temp).T], ignore_index=True))
/cluster/home/lkuehner/MSc_Thesis/infraScan/infraScanRoad/scoring.py:2973: FutureWarning: In a future version, object-dtype columns with all-bool values will not be included in reductions with bool_only=True. Explicitly cast to bool dtype instead.
  edges = gpd.GeoDataFrame(pd.concat([edges, pd.DataFrame(temp).T], ignore_index=True))
/cluster/home/lkuehner/miniforge3/envs/infrascan/lib/python3.11/site-packages/scipy/optimize/_optimize.py:353: RuntimeWarning: Values in x were outside bounds during a minimize step, clipping to bounds
  warnings.warn("Values in x were outside bounds during a "
/cluster/home/lkuehner/MSc_Thesis/infraScan/infraScanRoad/scoring.py:2950: FutureWarning: In a future version, object-dtype columns with all-bool values will not be included in reductions with bool_only=True. Explicitly cast to bool dtype instead.
  points = gpd.GeoDataFrame(pd.concat([points, pd.DataFrame(temp).T], ignore_index=True))
/cluster/home/lkuehner/MSc_Thesis/infraScan/infraScanRoad/scoring.py:2973: FutureWarning: In a future version, object-dtype columns with all-bool values will not be included in reductions with bool_only=True. Explicitly cast to bool dtype instead.
  edges = gpd.GeoDataFrame(pd.concat([edges, pd.DataFrame(temp).T], ignore_index=True))
/cluster/home/lkuehner/miniforge3/envs/infrascan/lib/python3.11/site-packages/scipy/optimize/_optimize.py:353: RuntimeWarning: Values in x were outside bounds during a minimize step, clipping to bounds
  warnings.warn("Values in x were outside bounds during a "
/cluster/home/lkuehner/MSc_Thesis/infraScan/infraScanRoad/scoring.py:2950: FutureWarning: In a future version, object-dtype columns with all-bool values will not be included in reductions with bool_only=True. Explicitly cast to bool dtype instead.
  points = gpd.GeoDataFrame(pd.concat([points, pd.DataFrame(temp).T], ignore_index=True))
/cluster/home/lkuehner/MSc_Thesis/infraScan/infraScanRoad/scoring.py:2973: FutureWarning: In a future version, object-dtype columns with all-bool values will not be included in reductions with bool_only=True. Explicitly cast to bool dtype instead.
  edges = gpd.GeoDataFrame(pd.concat([edges, pd.DataFrame(temp).T], ignore_index=True))
/cluster/home/lkuehner/MSc_Thesis/infraScan/infraScanRoad/scoring.py:2950: FutureWarning: In a future version, object-dtype columns with all-bool values will not be included in reductions with bool_only=True. Explicitly cast to bool dtype instead.
  points = gpd.GeoDataFrame(pd.concat([points, pd.DataFrame(temp).T], ignore_index=True))
/cluster/home/lkuehner/MSc_Thesis/infraScan/infraScanRoad/scoring.py:2973: FutureWarning: In a future version, object-dtype columns with all-bool values will not be included in reductions with bool_only=True. Explicitly cast to bool dtype instead.
  edges = gpd.GeoDataFrame(pd.concat([edges, pd.DataFrame(temp).T], ignore_index=True))
/cluster/home/lkuehner/miniforge3/envs/infrascan/lib/python3.11/site-packages/scipy/optimize/_optimize.py:353: RuntimeWarning: Values in x were outside bounds during a minimize step, clipping to bounds
  warnings.warn("Values in x were outside bounds during a "
/cluster/home/lkuehner/MSc_Thesis/infraScan/infraScanRoad/scoring.py:2950: FutureWarning: In a future version, object-dtype columns with all-bool values will not be included in reductions with bool_only=True. Explicitly cast to bool dtype instead.
  points = gpd.GeoDataFrame(pd.concat([points, pd.DataFrame(temp).T], ignore_index=True))
/cluster/home/lkuehner/MSc_Thesis/infraScan/infraScanRoad/scoring.py:2973: FutureWarning: In a future version, object-dtype columns with all-bool values will not be included in reductions with bool_only=True. Explicitly cast to bool dtype instead.
  edges = gpd.GeoDataFrame(pd.concat([edges, pd.DataFrame(temp).T], ignore_index=True))
/cluster/home/lkuehner/MSc_Thesis/infraScan/infraScanRoad/scoring.py:2950: FutureWarning: In a future version, object-dtype columns with all-bool values will not be included in reductions with bool_only=True. Explicitly cast to bool dtype instead.
  points = gpd.GeoDataFrame(pd.concat([points, pd.DataFrame(temp).T], ignore_index=True))
/cluster/home/lkuehner/MSc_Thesis/infraScan/infraScanRoad/scoring.py:2973: FutureWarning: In a future version, object-dtype columns with all-bool values will not be included in reductions with bool_only=True. Explicitly cast to bool dtype instead.
  edges = gpd.GeoDataFrame(pd.concat([edges, pd.DataFrame(temp).T], ignore_index=True))
/cluster/home/lkuehner/MSc_Thesis/infraScan/infraScanRoad/scoring.py:2950: FutureWarning: In a future version, object-dtype columns with all-bool values will not be included in reductions with bool_only=True. Explicitly cast to bool dtype instead.
  points = gpd.GeoDataFrame(pd.concat([points, pd.DataFrame(temp).T], ignore_index=True))
/cluster/home/lkuehner/MSc_Thesis/infraScan/infraScanRoad/scoring.py:2973: FutureWarning: In a future version, object-dtype columns with all-bool values will not be included in reductions with bool_only=True. Explicitly cast to bool dtype instead.
  edges = gpd.GeoDataFrame(pd.concat([edges, pd.DataFrame(temp).T], ignore_index=True))
/cluster/home/lkuehner/MSc_Thesis/infraScan/infraScanRoad/scoring.py:2950: FutureWarning: In a future version, object-dtype columns with all-bool values will not be included in reductions with bool_only=True. Explicitly cast to bool dtype instead.
  points = gpd.GeoDataFrame(pd.concat([points, pd.DataFrame(temp).T], ignore_index=True))
/cluster/home/lkuehner/MSc_Thesis/infraScan/infraScanRoad/scoring.py:2973: FutureWarning: In a future version, object-dtype columns with all-bool values will not be included in reductions with bool_only=True. Explicitly cast to bool dtype instead.
  edges = gpd.GeoDataFrame(pd.concat([edges, pd.DataFrame(temp).T], ignore_index=True))
/cluster/home/lkuehner/miniforge3/envs/infrascan/lib/python3.11/site-packages/scipy/optimize/_optimize.py:353: RuntimeWarning: Values in x were outside bounds during a minimize step, clipping to bounds
  warnings.warn("Values in x were outside bounds during a "
/cluster/home/lkuehner/MSc_Thesis/infraScan/infraScanRoad/scoring.py:2950: FutureWarning: In a future version, object-dtype columns with all-bool values will not be included in reductions with bool_only=True. Explicitly cast to bool dtype instead.
  points = gpd.GeoDataFrame(pd.concat([points, pd.DataFrame(temp).T], ignore_index=True))
/cluster/home/lkuehner/MSc_Thesis/infraScan/infraScanRoad/scoring.py:2973: FutureWarning: In a future version, object-dtype columns with all-bool values will not be included in reductions with bool_only=True. Explicitly cast to bool dtype instead.
  edges = gpd.GeoDataFrame(pd.concat([edges, pd.DataFrame(temp).T], ignore_index=True))
/cluster/home/lkuehner/MSc_Thesis/infraScan/infraScanRoad/scoring.py:2950: FutureWarning: In a future version, object-dtype columns with all-bool values will not be included in reductions with bool_only=True. Explicitly cast to bool dtype instead.
  points = gpd.GeoDataFrame(pd.concat([points, pd.DataFrame(temp).T], ignore_index=True))
/cluster/home/lkuehner/MSc_Thesis/infraScan/infraScanRoad/scoring.py:2973: FutureWarning: In a future version, object-dtype columns with all-bool values will not be included in reductions with bool_only=True. Explicitly cast to bool dtype instead.
  edges = gpd.GeoDataFrame(pd.concat([edges, pd.DataFrame(temp).T], ignore_index=True))
/cluster/home/lkuehner/MSc_Thesis/infraScan/infraScanRoad/scoring.py:2950: FutureWarning: In a future version, object-dtype columns with all-bool values will not be included in reductions with bool_only=True. Explicitly cast to bool dtype instead.
  points = gpd.GeoDataFrame(pd.concat([points, pd.DataFrame(temp).T], ignore_index=True))
/cluster/home/lkuehner/MSc_Thesis/infraScan/infraScanRoad/scoring.py:2973: FutureWarning: In a future version, object-dtype columns with all-bool values will not be included in reductions with bool_only=True. Explicitly cast to bool dtype instead.
  edges = gpd.GeoDataFrame(pd.concat([edges, pd.DataFrame(temp).T], ignore_index=True))
/cluster/home/lkuehner/MSc_Thesis/infraScan/infraScanRoad/scoring.py:2950: FutureWarning: In a future version, object-dtype columns with all-bool values will not be included in reductions with bool_only=True. Explicitly cast to bool dtype instead.
  points = gpd.GeoDataFrame(pd.concat([points, pd.DataFrame(temp).T], ignore_index=True))
/cluster/home/lkuehner/MSc_Thesis/infraScan/infraScanRoad/scoring.py:2973: FutureWarning: In a future version, object-dtype columns with all-bool values will not be included in reductions with bool_only=True. Explicitly cast to bool dtype instead.
  edges = gpd.GeoDataFrame(pd.concat([edges, pd.DataFrame(temp).T], ignore_index=True))
/cluster/home/lkuehner/MSc_Thesis/infraScan/infraScanRoad/scoring.py:2950: FutureWarning: In a future version, object-dtype columns with all-bool values will not be included in reductions with bool_only=True. Explicitly cast to bool dtype instead.
  points = gpd.GeoDataFrame(pd.concat([points, pd.DataFrame(temp).T], ignore_index=True))
/cluster/home/lkuehner/MSc_Thesis/infraScan/infraScanRoad/scoring.py:2973: FutureWarning: In a future version, object-dtype columns with all-bool values will not be included in reductions with bool_only=True. Explicitly cast to bool dtype instead.
  edges = gpd.GeoDataFrame(pd.concat([edges, pd.DataFrame(temp).T], ignore_index=True))
/cluster/home/lkuehner/MSc_Thesis/infraScan/infraScanRoad/scoring.py:2950: FutureWarning: In a future version, object-dtype columns with all-bool values will not be included in reductions with bool_only=True. Explicitly cast to bool dtype instead.
  points = gpd.GeoDataFrame(pd.concat([points, pd.DataFrame(temp).T], ignore_index=True))
/cluster/home/lkuehner/MSc_Thesis/infraScan/infraScanRoad/scoring.py:2973: FutureWarning: In a future version, object-dtype columns with all-bool values will not be included in reductions with bool_only=True. Explicitly cast to bool dtype instead.
  edges = gpd.GeoDataFrame(pd.concat([edges, pd.DataFrame(temp).T], ignore_index=True))
/cluster/home/lkuehner/miniforge3/envs/infrascan/lib/python3.11/site-packages/scipy/optimize/_optimize.py:353: RuntimeWarning: Values in x were outside bounds during a minimize step, clipping to bounds
  warnings.warn("Values in x were outside bounds during a "
/cluster/home/lkuehner/MSc_Thesis/infraScan/infraScanRoad/scoring.py:2950: FutureWarning: In a future version, object-dtype columns with all-bool values will not be included in reductions with bool_only=True. Explicitly cast to bool dtype instead.
  points = gpd.GeoDataFrame(pd.concat([points, pd.DataFrame(temp).T], ignore_index=True))
/cluster/home/lkuehner/MSc_Thesis/infraScan/infraScanRoad/scoring.py:2973: FutureWarning: In a future version, object-dtype columns with all-bool values will not be included in reductions with bool_only=True. Explicitly cast to bool dtype instead.
  edges = gpd.GeoDataFrame(pd.concat([edges, pd.DataFrame(temp).T], ignore_index=True))
OD TT by development-scenario:  67%|██████▋   | 160/240 [1:24:14<49:08, 36.86s/it]/cluster/home/lkuehner/MSc_Thesis/infraScan/infraScanRoad/scoring.py:2950: FutureWarning: In a future version, object-dtype columns with all-bool values will not be included in reductions with bool_only=True. Explicitly cast to bool dtype instead.
  points = gpd.GeoDataFrame(pd.concat([points, pd.DataFrame(temp).T], ignore_index=True))
/cluster/home/lkuehner/MSc_Thesis/infraScan/infraScanRoad/scoring.py:2950: FutureWarning: In a future version, object-dtype columns with all-bool values will not be included in reductions with bool_only=True. Explicitly cast to bool dtype instead.
  points = gpd.GeoDataFrame(pd.concat([points, pd.DataFrame(temp).T], ignore_index=True))
/cluster/home/lkuehner/MSc_Thesis/infraScan/infraScanRoad/scoring.py:2973: FutureWarning: In a future version, object-dtype columns with all-bool values will not be included in reductions with bool_only=True. Explicitly cast to bool dtype instead.
  edges = gpd.GeoDataFrame(pd.concat([edges, pd.DataFrame(temp).T], ignore_index=True))
/cluster/home/lkuehner/MSc_Thesis/infraScan/infraScanRoad/scoring.py:2973: FutureWarning: In a future version, object-dtype columns with all-bool values will not be included in reductions with bool_only=True. Explicitly cast to bool dtype instead.
  edges = gpd.GeoDataFrame(pd.concat([edges, pd.DataFrame(temp).T], ignore_index=True))
/cluster/home/lkuehner/MSc_Thesis/infraScan/infraScanRoad/scoring.py:2950: FutureWarning: In a future version, object-dtype columns with all-bool values will not be included in reductions with bool_only=True. Explicitly cast to bool dtype instead.
  points = gpd.GeoDataFrame(pd.concat([points, pd.DataFrame(temp).T], ignore_index=True))
/cluster/home/lkuehner/MSc_Thesis/infraScan/infraScanRoad/scoring.py:2973: FutureWarning: In a future version, object-dtype columns with all-bool values will not be included in reductions with bool_only=True. Explicitly cast to bool dtype instead.
  edges = gpd.GeoDataFrame(pd.concat([edges, pd.DataFrame(temp).T], ignore_index=True))
/cluster/home/lkuehner/MSc_Thesis/infraScan/infraScanRoad/scoring.py:2950: FutureWarning: In a future version, object-dtype columns with all-bool values will not be included in reductions with bool_only=True. Explicitly cast to bool dtype instead.
  points = gpd.GeoDataFrame(pd.concat([points, pd.DataFrame(temp).T], ignore_index=True))
/cluster/home/lkuehner/MSc_Thesis/infraScan/infraScanRoad/scoring.py:2973: FutureWarning: In a future version, object-dtype columns with all-bool values will not be included in reductions with bool_only=True. Explicitly cast to bool dtype instead.
  edges = gpd.GeoDataFrame(pd.concat([edges, pd.DataFrame(temp).T], ignore_index=True))
/cluster/home/lkuehner/miniforge3/envs/infrascan/lib/python3.11/site-packages/scipy/optimize/_optimize.py:353: RuntimeWarning: Values in x were outside bounds during a minimize step, clipping to bounds
  warnings.warn("Values in x were outside bounds during a "
/cluster/home/lkuehner/MSc_Thesis/infraScan/infraScanRoad/scoring.py:2950: FutureWarning: In a future version, object-dtype columns with all-bool values will not be included in reductions with bool_only=True. Explicitly cast to bool dtype instead.
  points = gpd.GeoDataFrame(pd.concat([points, pd.DataFrame(temp).T], ignore_index=True))
/cluster/home/lkuehner/MSc_Thesis/infraScan/infraScanRoad/scoring.py:2973: FutureWarning: In a future version, object-dtype columns with all-bool values will not be included in reductions with bool_only=True. Explicitly cast to bool dtype instead.
  edges = gpd.GeoDataFrame(pd.concat([edges, pd.DataFrame(temp).T], ignore_index=True))
/cluster/home/lkuehner/MSc_Thesis/infraScan/infraScanRoad/scoring.py:2950: FutureWarning: In a future version, object-dtype columns with all-bool values will not be included in reductions with bool_only=True. Explicitly cast to bool dtype instead.
  points = gpd.GeoDataFrame(pd.concat([points, pd.DataFrame(temp).T], ignore_index=True))
/cluster/home/lkuehner/MSc_Thesis/infraScan/infraScanRoad/scoring.py:2973: FutureWarning: In a future version, object-dtype columns with all-bool values will not be included in reductions with bool_only=True. Explicitly cast to bool dtype instead.
  edges = gpd.GeoDataFrame(pd.concat([edges, pd.DataFrame(temp).T], ignore_index=True))
/cluster/home/lkuehner/miniforge3/envs/infrascan/lib/python3.11/site-packages/scipy/optimize/_optimize.py:353: RuntimeWarning: Values in x were outside bounds during a minimize step, clipping to bounds
  warnings.warn("Values in x were outside bounds during a "
/cluster/home/lkuehner/MSc_Thesis/infraScan/infraScanRoad/scoring.py:2950: FutureWarning: In a future version, object-dtype columns with all-bool values will not be included in reductions with bool_only=True. Explicitly cast to bool dtype instead.
  points = gpd.GeoDataFrame(pd.concat([points, pd.DataFrame(temp).T], ignore_index=True))
/cluster/home/lkuehner/MSc_Thesis/infraScan/infraScanRoad/scoring.py:2973: FutureWarning: In a future version, object-dtype columns with all-bool values will not be included in reductions with bool_only=True. Explicitly cast to bool dtype instead.
  edges = gpd.GeoDataFrame(pd.concat([edges, pd.DataFrame(temp).T], ignore_index=True))
/cluster/home/lkuehner/MSc_Thesis/infraScan/infraScanRoad/scoring.py:2950: FutureWarning: In a future version, object-dtype columns with all-bool values will not be included in reductions with bool_only=True. Explicitly cast to bool dtype instead.
  points = gpd.GeoDataFrame(pd.concat([points, pd.DataFrame(temp).T], ignore_index=True))
/cluster/home/lkuehner/MSc_Thesis/infraScan/infraScanRoad/scoring.py:2973: FutureWarning: In a future version, object-dtype columns with all-bool values will not be included in reductions with bool_only=True. Explicitly cast to bool dtype instead.
  edges = gpd.GeoDataFrame(pd.concat([edges, pd.DataFrame(temp).T], ignore_index=True))
/cluster/home/lkuehner/miniforge3/envs/infrascan/lib/python3.11/site-packages/scipy/optimize/_optimize.py:353: RuntimeWarning: Values in x were outside bounds during a minimize step, clipping to bounds
  warnings.warn("Values in x were outside bounds during a "
/cluster/home/lkuehner/MSc_Thesis/infraScan/infraScanRoad/scoring.py:2950: FutureWarning: In a future version, object-dtype columns with all-bool values will not be included in reductions with bool_only=True. Explicitly cast to bool dtype instead.
  points = gpd.GeoDataFrame(pd.concat([points, pd.DataFrame(temp).T], ignore_index=True))
/cluster/home/lkuehner/MSc_Thesis/infraScan/infraScanRoad/scoring.py:2973: FutureWarning: In a future version, object-dtype columns with all-bool values will not be included in reductions with bool_only=True. Explicitly cast to bool dtype instead.
  edges = gpd.GeoDataFrame(pd.concat([edges, pd.DataFrame(temp).T], ignore_index=True))
/cluster/home/lkuehner/miniforge3/envs/infrascan/lib/python3.11/site-packages/scipy/optimize/_optimize.py:353: RuntimeWarning: Values in x were outside bounds during a minimize step, clipping to bounds
  warnings.warn("Values in x were outside bounds during a "
/cluster/home/lkuehner/MSc_Thesis/infraScan/infraScanRoad/scoring.py:2950: FutureWarning: In a future version, object-dtype columns with all-bool values will not be included in reductions with bool_only=True. Explicitly cast to bool dtype instead.
  points = gpd.GeoDataFrame(pd.concat([points, pd.DataFrame(temp).T], ignore_index=True))
/cluster/home/lkuehner/MSc_Thesis/infraScan/infraScanRoad/scoring.py:2973: FutureWarning: In a future version, object-dtype columns with all-bool values will not be included in reductions with bool_only=True. Explicitly cast to bool dtype instead.
  edges = gpd.GeoDataFrame(pd.concat([edges, pd.DataFrame(temp).T], ignore_index=True))
/cluster/home/lkuehner/MSc_Thesis/infraScan/infraScanRoad/scoring.py:2950: FutureWarning: In a future version, object-dtype columns with all-bool values will not be included in reductions with bool_only=True. Explicitly cast to bool dtype instead.
  points = gpd.GeoDataFrame(pd.concat([points, pd.DataFrame(temp).T], ignore_index=True))
/cluster/home/lkuehner/MSc_Thesis/infraScan/infraScanRoad/scoring.py:2973: FutureWarning: In a future version, object-dtype columns with all-bool values will not be included in reductions with bool_only=True. Explicitly cast to bool dtype instead.
  edges = gpd.GeoDataFrame(pd.concat([edges, pd.DataFrame(temp).T], ignore_index=True))
/cluster/home/lkuehner/MSc_Thesis/infraScan/infraScanRoad/scoring.py:2950: FutureWarning: In a future version, object-dtype columns with all-bool values will not be included in reductions with bool_only=True. Explicitly cast to bool dtype instead.
  points = gpd.GeoDataFrame(pd.concat([points, pd.DataFrame(temp).T], ignore_index=True))
/cluster/home/lkuehner/MSc_Thesis/infraScan/infraScanRoad/scoring.py:2973: FutureWarning: In a future version, object-dtype columns with all-bool values will not be included in reductions with bool_only=True. Explicitly cast to bool dtype instead.
  edges = gpd.GeoDataFrame(pd.concat([edges, pd.DataFrame(temp).T], ignore_index=True))
/cluster/home/lkuehner/MSc_Thesis/infraScan/infraScanRoad/scoring.py:2950: FutureWarning: In a future version, object-dtype columns with all-bool values will not be included in reductions with bool_only=True. Explicitly cast to bool dtype instead.
  points = gpd.GeoDataFrame(pd.concat([points, pd.DataFrame(temp).T], ignore_index=True))
/cluster/home/lkuehner/MSc_Thesis/infraScan/infraScanRoad/scoring.py:2973: FutureWarning: In a future version, object-dtype columns with all-bool values will not be included in reductions with bool_only=True. Explicitly cast to bool dtype instead.
  edges = gpd.GeoDataFrame(pd.concat([edges, pd.DataFrame(temp).T], ignore_index=True))
/cluster/home/lkuehner/miniforge3/envs/infrascan/lib/python3.11/site-packages/scipy/optimize/_optimize.py:353: RuntimeWarning: Values in x were outside bounds during a minimize step, clipping to bounds
  warnings.warn("Values in x were outside bounds during a "
/cluster/home/lkuehner/MSc_Thesis/infraScan/infraScanRoad/scoring.py:2950: FutureWarning: In a future version, object-dtype columns with all-bool values will not be included in reductions with bool_only=True. Explicitly cast to bool dtype instead.
  points = gpd.GeoDataFrame(pd.concat([points, pd.DataFrame(temp).T], ignore_index=True))
/cluster/home/lkuehner/MSc_Thesis/infraScan/infraScanRoad/scoring.py:2973: FutureWarning: In a future version, object-dtype columns with all-bool values will not be included in reductions with bool_only=True. Explicitly cast to bool dtype instead.
  edges = gpd.GeoDataFrame(pd.concat([edges, pd.DataFrame(temp).T], ignore_index=True))
/cluster/home/lkuehner/MSc_Thesis/infraScan/infraScanRoad/scoring.py:2950: FutureWarning: In a future version, object-dtype columns with all-bool values will not be included in reductions with bool_only=True. Explicitly cast to bool dtype instead.
  points = gpd.GeoDataFrame(pd.concat([points, pd.DataFrame(temp).T], ignore_index=True))
/cluster/home/lkuehner/MSc_Thesis/infraScan/infraScanRoad/scoring.py:2973: FutureWarning: In a future version, object-dtype columns with all-bool values will not be included in reductions with bool_only=True. Explicitly cast to bool dtype instead.
  edges = gpd.GeoDataFrame(pd.concat([edges, pd.DataFrame(temp).T], ignore_index=True))
/cluster/home/lkuehner/miniforge3/envs/infrascan/lib/python3.11/site-packages/scipy/optimize/_optimize.py:353: RuntimeWarning: Values in x were outside bounds during a minimize step, clipping to bounds
  warnings.warn("Values in x were outside bounds during a "
/cluster/home/lkuehner/MSc_Thesis/infraScan/infraScanRoad/scoring.py:2950: FutureWarning: In a future version, object-dtype columns with all-bool values will not be included in reductions with bool_only=True. Explicitly cast to bool dtype instead.
  points = gpd.GeoDataFrame(pd.concat([points, pd.DataFrame(temp).T], ignore_index=True))
/cluster/home/lkuehner/MSc_Thesis/infraScan/infraScanRoad/scoring.py:2973: FutureWarning: In a future version, object-dtype columns with all-bool values will not be included in reductions with bool_only=True. Explicitly cast to bool dtype instead.
  edges = gpd.GeoDataFrame(pd.concat([edges, pd.DataFrame(temp).T], ignore_index=True))
OD TT by development-scenario:  73%|███████▎  | 176/240 [1:32:08<36:57, 34.65s/it]/cluster/home/lkuehner/MSc_Thesis/infraScan/infraScanRoad/scoring.py:2950: FutureWarning: In a future version, object-dtype columns with all-bool values will not be included in reductions with bool_only=True. Explicitly cast to bool dtype instead.
  points = gpd.GeoDataFrame(pd.concat([points, pd.DataFrame(temp).T], ignore_index=True))
/cluster/home/lkuehner/MSc_Thesis/infraScan/infraScanRoad/scoring.py:2973: FutureWarning: In a future version, object-dtype columns with all-bool values will not be included in reductions with bool_only=True. Explicitly cast to bool dtype instead.
  edges = gpd.GeoDataFrame(pd.concat([edges, pd.DataFrame(temp).T], ignore_index=True))
/cluster/home/lkuehner/miniforge3/envs/infrascan/lib/python3.11/site-packages/scipy/optimize/_optimize.py:353: RuntimeWarning: Values in x were outside bounds during a minimize step, clipping to bounds
  warnings.warn("Values in x were outside bounds during a "
/cluster/home/lkuehner/MSc_Thesis/infraScan/infraScanRoad/scoring.py:2950: FutureWarning: In a future version, object-dtype columns with all-bool values will not be included in reductions with bool_only=True. Explicitly cast to bool dtype instead.
  points = gpd.GeoDataFrame(pd.concat([points, pd.DataFrame(temp).T], ignore_index=True))
/cluster/home/lkuehner/MSc_Thesis/infraScan/infraScanRoad/scoring.py:2973: FutureWarning: In a future version, object-dtype columns with all-bool values will not be included in reductions with bool_only=True. Explicitly cast to bool dtype instead.
  edges = gpd.GeoDataFrame(pd.concat([edges, pd.DataFrame(temp).T], ignore_index=True))
/cluster/home/lkuehner/MSc_Thesis/infraScan/infraScanRoad/scoring.py:2950: FutureWarning: In a future version, object-dtype columns with all-bool values will not be included in reductions with bool_only=True. Explicitly cast to bool dtype instead.
  points = gpd.GeoDataFrame(pd.concat([points, pd.DataFrame(temp).T], ignore_index=True))
/cluster/home/lkuehner/MSc_Thesis/infraScan/infraScanRoad/scoring.py:2973: FutureWarning: In a future version, object-dtype columns with all-bool values will not be included in reductions with bool_only=True. Explicitly cast to bool dtype instead.
  edges = gpd.GeoDataFrame(pd.concat([edges, pd.DataFrame(temp).T], ignore_index=True))
/cluster/home/lkuehner/miniforge3/envs/infrascan/lib/python3.11/site-packages/scipy/optimize/_optimize.py:353: RuntimeWarning: Values in x were outside bounds during a minimize step, clipping to bounds
  warnings.warn("Values in x were outside bounds during a "
/cluster/home/lkuehner/MSc_Thesis/infraScan/infraScanRoad/scoring.py:2950: FutureWarning: In a future version, object-dtype columns with all-bool values will not be included in reductions with bool_only=True. Explicitly cast to bool dtype instead.
  points = gpd.GeoDataFrame(pd.concat([points, pd.DataFrame(temp).T], ignore_index=True))
/cluster/home/lkuehner/MSc_Thesis/infraScan/infraScanRoad/scoring.py:2973: FutureWarning: In a future version, object-dtype columns with all-bool values will not be included in reductions with bool_only=True. Explicitly cast to bool dtype instead.
  edges = gpd.GeoDataFrame(pd.concat([edges, pd.DataFrame(temp).T], ignore_index=True))
/cluster/home/lkuehner/MSc_Thesis/infraScan/infraScanRoad/scoring.py:2950: FutureWarning: In a future version, object-dtype columns with all-bool values will not be included in reductions with bool_only=True. Explicitly cast to bool dtype instead.
  points = gpd.GeoDataFrame(pd.concat([points, pd.DataFrame(temp).T], ignore_index=True))
/cluster/home/lkuehner/MSc_Thesis/infraScan/infraScanRoad/scoring.py:2973: FutureWarning: In a future version, object-dtype columns with all-bool values will not be included in reductions with bool_only=True. Explicitly cast to bool dtype instead.
  edges = gpd.GeoDataFrame(pd.concat([edges, pd.DataFrame(temp).T], ignore_index=True))
/cluster/home/lkuehner/MSc_Thesis/infraScan/infraScanRoad/scoring.py:2950: FutureWarning: In a future version, object-dtype columns with all-bool values will not be included in reductions with bool_only=True. Explicitly cast to bool dtype instead.
  points = gpd.GeoDataFrame(pd.concat([points, pd.DataFrame(temp).T], ignore_index=True))
/cluster/home/lkuehner/MSc_Thesis/infraScan/infraScanRoad/scoring.py:2973: FutureWarning: In a future version, object-dtype columns with all-bool values will not be included in reductions with bool_only=True. Explicitly cast to bool dtype instead.
  edges = gpd.GeoDataFrame(pd.concat([edges, pd.DataFrame(temp).T], ignore_index=True))
/cluster/home/lkuehner/MSc_Thesis/infraScan/infraScanRoad/scoring.py:2950: FutureWarning: In a future version, object-dtype columns with all-bool values will not be included in reductions with bool_only=True. Explicitly cast to bool dtype instead.
  points = gpd.GeoDataFrame(pd.concat([points, pd.DataFrame(temp).T], ignore_index=True))
/cluster/home/lkuehner/MSc_Thesis/infraScan/infraScanRoad/scoring.py:2973: FutureWarning: In a future version, object-dtype columns with all-bool values will not be included in reductions with bool_only=True. Explicitly cast to bool dtype instead.
  edges = gpd.GeoDataFrame(pd.concat([edges, pd.DataFrame(temp).T], ignore_index=True))
/cluster/home/lkuehner/MSc_Thesis/infraScan/infraScanRoad/scoring.py:2950: FutureWarning: In a future version, object-dtype columns with all-bool values will not be included in reductions with bool_only=True. Explicitly cast to bool dtype instead.
  points = gpd.GeoDataFrame(pd.concat([points, pd.DataFrame(temp).T], ignore_index=True))
/cluster/home/lkuehner/MSc_Thesis/infraScan/infraScanRoad/scoring.py:2973: FutureWarning: In a future version, object-dtype columns with all-bool values will not be included in reductions with bool_only=True. Explicitly cast to bool dtype instead.
  edges = gpd.GeoDataFrame(pd.concat([edges, pd.DataFrame(temp).T], ignore_index=True))
/cluster/home/lkuehner/MSc_Thesis/infraScan/infraScanRoad/scoring.py:2950: FutureWarning: In a future version, object-dtype columns with all-bool values will not be included in reductions with bool_only=True. Explicitly cast to bool dtype instead.
  points = gpd.GeoDataFrame(pd.concat([points, pd.DataFrame(temp).T], ignore_index=True))
/cluster/home/lkuehner/MSc_Thesis/infraScan/infraScanRoad/scoring.py:2973: FutureWarning: In a future version, object-dtype columns with all-bool values will not be included in reductions with bool_only=True. Explicitly cast to bool dtype instead.
  edges = gpd.GeoDataFrame(pd.concat([edges, pd.DataFrame(temp).T], ignore_index=True))
/cluster/home/lkuehner/MSc_Thesis/infraScan/infraScanRoad/scoring.py:2950: FutureWarning: In a future version, object-dtype columns with all-bool values will not be included in reductions with bool_only=True. Explicitly cast to bool dtype instead.
  points = gpd.GeoDataFrame(pd.concat([points, pd.DataFrame(temp).T], ignore_index=True))
/cluster/home/lkuehner/MSc_Thesis/infraScan/infraScanRoad/scoring.py:2973: FutureWarning: In a future version, object-dtype columns with all-bool values will not be included in reductions with bool_only=True. Explicitly cast to bool dtype instead.
  edges = gpd.GeoDataFrame(pd.concat([edges, pd.DataFrame(temp).T], ignore_index=True))
/cluster/home/lkuehner/MSc_Thesis/infraScan/infraScanRoad/scoring.py:2950: FutureWarning: In a future version, object-dtype columns with all-bool values will not be included in reductions with bool_only=True. Explicitly cast to bool dtype instead.
  points = gpd.GeoDataFrame(pd.concat([points, pd.DataFrame(temp).T], ignore_index=True))
/cluster/home/lkuehner/MSc_Thesis/infraScan/infraScanRoad/scoring.py:2973: FutureWarning: In a future version, object-dtype columns with all-bool values will not be included in reductions with bool_only=True. Explicitly cast to bool dtype instead.
  edges = gpd.GeoDataFrame(pd.concat([edges, pd.DataFrame(temp).T], ignore_index=True))
/cluster/home/lkuehner/miniforge3/envs/infrascan/lib/python3.11/site-packages/scipy/optimize/_optimize.py:353: RuntimeWarning: Values in x were outside bounds during a minimize step, clipping to bounds
  warnings.warn("Values in x were outside bounds during a "
/cluster/home/lkuehner/MSc_Thesis/infraScan/infraScanRoad/scoring.py:2950: FutureWarning: In a future version, object-dtype columns with all-bool values will not be included in reductions with bool_only=True. Explicitly cast to bool dtype instead.
  points = gpd.GeoDataFrame(pd.concat([points, pd.DataFrame(temp).T], ignore_index=True))
/cluster/home/lkuehner/MSc_Thesis/infraScan/infraScanRoad/scoring.py:2973: FutureWarning: In a future version, object-dtype columns with all-bool values will not be included in reductions with bool_only=True. Explicitly cast to bool dtype instead.
  edges = gpd.GeoDataFrame(pd.concat([edges, pd.DataFrame(temp).T], ignore_index=True))
/cluster/home/lkuehner/MSc_Thesis/infraScan/infraScanRoad/scoring.py:2950: FutureWarning: In a future version, object-dtype columns with all-bool values will not be included in reductions with bool_only=True. Explicitly cast to bool dtype instead.
  points = gpd.GeoDataFrame(pd.concat([points, pd.DataFrame(temp).T], ignore_index=True))
/cluster/home/lkuehner/MSc_Thesis/infraScan/infraScanRoad/scoring.py:2973: FutureWarning: In a future version, object-dtype columns with all-bool values will not be included in reductions with bool_only=True. Explicitly cast to bool dtype instead.
  edges = gpd.GeoDataFrame(pd.concat([edges, pd.DataFrame(temp).T], ignore_index=True))
/cluster/home/lkuehner/MSc_Thesis/infraScan/infraScanRoad/scoring.py:2950: FutureWarning: In a future version, object-dtype columns with all-bool values will not be included in reductions with bool_only=True. Explicitly cast to bool dtype instead.
  points = gpd.GeoDataFrame(pd.concat([points, pd.DataFrame(temp).T], ignore_index=True))
/cluster/home/lkuehner/MSc_Thesis/infraScan/infraScanRoad/scoring.py:2973: FutureWarning: In a future version, object-dtype columns with all-bool values will not be included in reductions with bool_only=True. Explicitly cast to bool dtype instead.
  edges = gpd.GeoDataFrame(pd.concat([edges, pd.DataFrame(temp).T], ignore_index=True))
/cluster/home/lkuehner/MSc_Thesis/infraScan/infraScanRoad/scoring.py:2950: FutureWarning: In a future version, object-dtype columns with all-bool values will not be included in reductions with bool_only=True. Explicitly cast to bool dtype instead.
  points = gpd.GeoDataFrame(pd.concat([points, pd.DataFrame(temp).T], ignore_index=True))
/cluster/home/lkuehner/MSc_Thesis/infraScan/infraScanRoad/scoring.py:2973: FutureWarning: In a future version, object-dtype columns with all-bool values will not be included in reductions with bool_only=True. Explicitly cast to bool dtype instead.
  edges = gpd.GeoDataFrame(pd.concat([edges, pd.DataFrame(temp).T], ignore_index=True))
/cluster/home/lkuehner/MSc_Thesis/infraScan/infraScanRoad/scoring.py:2950: FutureWarning: In a future version, object-dtype columns with all-bool values will not be included in reductions with bool_only=True. Explicitly cast to bool dtype instead.
  points = gpd.GeoDataFrame(pd.concat([points, pd.DataFrame(temp).T], ignore_index=True))
/cluster/home/lkuehner/MSc_Thesis/infraScan/infraScanRoad/scoring.py:2973: FutureWarning: In a future version, object-dtype columns with all-bool values will not be included in reductions with bool_only=True. Explicitly cast to bool dtype instead.
  edges = gpd.GeoDataFrame(pd.concat([edges, pd.DataFrame(temp).T], ignore_index=True))
OD TT by development-scenario:  80%|████████  | 192/240 [1:42:51<29:03, 36.33s/it]/cluster/home/lkuehner/MSc_Thesis/infraScan/infraScanRoad/scoring.py:2950: FutureWarning: In a future version, object-dtype columns with all-bool values will not be included in reductions with bool_only=True. Explicitly cast to bool dtype instead.
  points = gpd.GeoDataFrame(pd.concat([points, pd.DataFrame(temp).T], ignore_index=True))
/cluster/home/lkuehner/MSc_Thesis/infraScan/infraScanRoad/scoring.py:2973: FutureWarning: In a future version, object-dtype columns with all-bool values will not be included in reductions with bool_only=True. Explicitly cast to bool dtype instead.
  edges = gpd.GeoDataFrame(pd.concat([edges, pd.DataFrame(temp).T], ignore_index=True))
/cluster/home/lkuehner/MSc_Thesis/infraScan/infraScanRoad/scoring.py:2950: FutureWarning: In a future version, object-dtype columns with all-bool values will not be included in reductions with bool_only=True. Explicitly cast to bool dtype instead.
  points = gpd.GeoDataFrame(pd.concat([points, pd.DataFrame(temp).T], ignore_index=True))
/cluster/home/lkuehner/MSc_Thesis/infraScan/infraScanRoad/scoring.py:2973: FutureWarning: In a future version, object-dtype columns with all-bool values will not be included in reductions with bool_only=True. Explicitly cast to bool dtype instead.
  edges = gpd.GeoDataFrame(pd.concat([edges, pd.DataFrame(temp).T], ignore_index=True))
/cluster/home/lkuehner/MSc_Thesis/infraScan/infraScanRoad/scoring.py:2950: FutureWarning: In a future version, object-dtype columns with all-bool values will not be included in reductions with bool_only=True. Explicitly cast to bool dtype instead.
  points = gpd.GeoDataFrame(pd.concat([points, pd.DataFrame(temp).T], ignore_index=True))
/cluster/home/lkuehner/MSc_Thesis/infraScan/infraScanRoad/scoring.py:2973: FutureWarning: In a future version, object-dtype columns with all-bool values will not be included in reductions with bool_only=True. Explicitly cast to bool dtype instead.
  edges = gpd.GeoDataFrame(pd.concat([edges, pd.DataFrame(temp).T], ignore_index=True))
/cluster/home/lkuehner/miniforge3/envs/infrascan/lib/python3.11/site-packages/scipy/optimize/_optimize.py:353: RuntimeWarning: Values in x were outside bounds during a minimize step, clipping to bounds
  warnings.warn("Values in x were outside bounds during a "
/cluster/home/lkuehner/MSc_Thesis/infraScan/infraScanRoad/scoring.py:2950: FutureWarning: In a future version, object-dtype columns with all-bool values will not be included in reductions with bool_only=True. Explicitly cast to bool dtype instead.
  points = gpd.GeoDataFrame(pd.concat([points, pd.DataFrame(temp).T], ignore_index=True))
/cluster/home/lkuehner/MSc_Thesis/infraScan/infraScanRoad/scoring.py:2973: FutureWarning: In a future version, object-dtype columns with all-bool values will not be included in reductions with bool_only=True. Explicitly cast to bool dtype instead.
  edges = gpd.GeoDataFrame(pd.concat([edges, pd.DataFrame(temp).T], ignore_index=True))
/cluster/home/lkuehner/miniforge3/envs/infrascan/lib/python3.11/site-packages/scipy/optimize/_optimize.py:353: RuntimeWarning: Values in x were outside bounds during a minimize step, clipping to bounds
  warnings.warn("Values in x were outside bounds during a "
/cluster/home/lkuehner/MSc_Thesis/infraScan/infraScanRoad/scoring.py:2950: FutureWarning: In a future version, object-dtype columns with all-bool values will not be included in reductions with bool_only=True. Explicitly cast to bool dtype instead.
  points = gpd.GeoDataFrame(pd.concat([points, pd.DataFrame(temp).T], ignore_index=True))
/cluster/home/lkuehner/MSc_Thesis/infraScan/infraScanRoad/scoring.py:2973: FutureWarning: In a future version, object-dtype columns with all-bool values will not be included in reductions with bool_only=True. Explicitly cast to bool dtype instead.
  edges = gpd.GeoDataFrame(pd.concat([edges, pd.DataFrame(temp).T], ignore_index=True))
/cluster/home/lkuehner/MSc_Thesis/infraScan/infraScanRoad/scoring.py:2950: FutureWarning: In a future version, object-dtype columns with all-bool values will not be included in reductions with bool_only=True. Explicitly cast to bool dtype instead.
  points = gpd.GeoDataFrame(pd.concat([points, pd.DataFrame(temp).T], ignore_index=True))
/cluster/home/lkuehner/MSc_Thesis/infraScan/infraScanRoad/scoring.py:2973: FutureWarning: In a future version, object-dtype columns with all-bool values will not be included in reductions with bool_only=True. Explicitly cast to bool dtype instead.
  edges = gpd.GeoDataFrame(pd.concat([edges, pd.DataFrame(temp).T], ignore_index=True))
/cluster/home/lkuehner/MSc_Thesis/infraScan/infraScanRoad/scoring.py:2950: FutureWarning: In a future version, object-dtype columns with all-bool values will not be included in reductions with bool_only=True. Explicitly cast to bool dtype instead.
  points = gpd.GeoDataFrame(pd.concat([points, pd.DataFrame(temp).T], ignore_index=True))
/cluster/home/lkuehner/MSc_Thesis/infraScan/infraScanRoad/scoring.py:2973: FutureWarning: In a future version, object-dtype columns with all-bool values will not be included in reductions with bool_only=True. Explicitly cast to bool dtype instead.
  edges = gpd.GeoDataFrame(pd.concat([edges, pd.DataFrame(temp).T], ignore_index=True))
/cluster/home/lkuehner/MSc_Thesis/infraScan/infraScanRoad/scoring.py:2950: FutureWarning: In a future version, object-dtype columns with all-bool values will not be included in reductions with bool_only=True. Explicitly cast to bool dtype instead.
  points = gpd.GeoDataFrame(pd.concat([points, pd.DataFrame(temp).T], ignore_index=True))
/cluster/home/lkuehner/MSc_Thesis/infraScan/infraScanRoad/scoring.py:2973: FutureWarning: In a future version, object-dtype columns with all-bool values will not be included in reductions with bool_only=True. Explicitly cast to bool dtype instead.
  edges = gpd.GeoDataFrame(pd.concat([edges, pd.DataFrame(temp).T], ignore_index=True))
/cluster/home/lkuehner/miniforge3/envs/infrascan/lib/python3.11/site-packages/scipy/optimize/_optimize.py:353: RuntimeWarning: Values in x were outside bounds during a minimize step, clipping to bounds
  warnings.warn("Values in x were outside bounds during a "
/cluster/home/lkuehner/MSc_Thesis/infraScan/infraScanRoad/scoring.py:2950: FutureWarning: In a future version, object-dtype columns with all-bool values will not be included in reductions with bool_only=True. Explicitly cast to bool dtype instead.
  points = gpd.GeoDataFrame(pd.concat([points, pd.DataFrame(temp).T], ignore_index=True))
/cluster/home/lkuehner/MSc_Thesis/infraScan/infraScanRoad/scoring.py:2973: FutureWarning: In a future version, object-dtype columns with all-bool values will not be included in reductions with bool_only=True. Explicitly cast to bool dtype instead.
  edges = gpd.GeoDataFrame(pd.concat([edges, pd.DataFrame(temp).T], ignore_index=True))
/cluster/home/lkuehner/MSc_Thesis/infraScan/infraScanRoad/scoring.py:2950: FutureWarning: In a future version, object-dtype columns with all-bool values will not be included in reductions with bool_only=True. Explicitly cast to bool dtype instead.
  points = gpd.GeoDataFrame(pd.concat([points, pd.DataFrame(temp).T], ignore_index=True))
/cluster/home/lkuehner/MSc_Thesis/infraScan/infraScanRoad/scoring.py:2973: FutureWarning: In a future version, object-dtype columns with all-bool values will not be included in reductions with bool_only=True. Explicitly cast to bool dtype instead.
  edges = gpd.GeoDataFrame(pd.concat([edges, pd.DataFrame(temp).T], ignore_index=True))
/cluster/home/lkuehner/MSc_Thesis/infraScan/infraScanRoad/scoring.py:2950: FutureWarning: In a future version, object-dtype columns with all-bool values will not be included in reductions with bool_only=True. Explicitly cast to bool dtype instead.
  points = gpd.GeoDataFrame(pd.concat([points, pd.DataFrame(temp).T], ignore_index=True))
/cluster/home/lkuehner/MSc_Thesis/infraScan/infraScanRoad/scoring.py:2973: FutureWarning: In a future version, object-dtype columns with all-bool values will not be included in reductions with bool_only=True. Explicitly cast to bool dtype instead.
  edges = gpd.GeoDataFrame(pd.concat([edges, pd.DataFrame(temp).T], ignore_index=True))
/cluster/home/lkuehner/MSc_Thesis/infraScan/infraScanRoad/scoring.py:2950: FutureWarning: In a future version, object-dtype columns with all-bool values will not be included in reductions with bool_only=True. Explicitly cast to bool dtype instead.
  points = gpd.GeoDataFrame(pd.concat([points, pd.DataFrame(temp).T], ignore_index=True))
/cluster/home/lkuehner/MSc_Thesis/infraScan/infraScanRoad/scoring.py:2973: FutureWarning: In a future version, object-dtype columns with all-bool values will not be included in reductions with bool_only=True. Explicitly cast to bool dtype instead.
  edges = gpd.GeoDataFrame(pd.concat([edges, pd.DataFrame(temp).T], ignore_index=True))
/cluster/home/lkuehner/MSc_Thesis/infraScan/infraScanRoad/scoring.py:2950: FutureWarning: In a future version, object-dtype columns with all-bool values will not be included in reductions with bool_only=True. Explicitly cast to bool dtype instead.
  points = gpd.GeoDataFrame(pd.concat([points, pd.DataFrame(temp).T], ignore_index=True))
/cluster/home/lkuehner/MSc_Thesis/infraScan/infraScanRoad/scoring.py:2973: FutureWarning: In a future version, object-dtype columns with all-bool values will not be included in reductions with bool_only=True. Explicitly cast to bool dtype instead.
  edges = gpd.GeoDataFrame(pd.concat([edges, pd.DataFrame(temp).T], ignore_index=True))
/cluster/home/lkuehner/miniforge3/envs/infrascan/lib/python3.11/site-packages/scipy/optimize/_optimize.py:353: RuntimeWarning: Values in x were outside bounds during a minimize step, clipping to bounds
  warnings.warn("Values in x were outside bounds during a "
/cluster/home/lkuehner/MSc_Thesis/infraScan/infraScanRoad/scoring.py:2950: FutureWarning: In a future version, object-dtype columns with all-bool values will not be included in reductions with bool_only=True. Explicitly cast to bool dtype instead.
  points = gpd.GeoDataFrame(pd.concat([points, pd.DataFrame(temp).T], ignore_index=True))
/cluster/home/lkuehner/MSc_Thesis/infraScan/infraScanRoad/scoring.py:2973: FutureWarning: In a future version, object-dtype columns with all-bool values will not be included in reductions with bool_only=True. Explicitly cast to bool dtype instead.
  edges = gpd.GeoDataFrame(pd.concat([edges, pd.DataFrame(temp).T], ignore_index=True))
/cluster/home/lkuehner/miniforge3/envs/infrascan/lib/python3.11/site-packages/scipy/optimize/_optimize.py:353: RuntimeWarning: Values in x were outside bounds during a minimize step, clipping to bounds
  warnings.warn("Values in x were outside bounds during a "
/cluster/home/lkuehner/MSc_Thesis/infraScan/infraScanRoad/scoring.py:2950: FutureWarning: In a future version, object-dtype columns with all-bool values will not be included in reductions with bool_only=True. Explicitly cast to bool dtype instead.
  points = gpd.GeoDataFrame(pd.concat([points, pd.DataFrame(temp).T], ignore_index=True))
/cluster/home/lkuehner/MSc_Thesis/infraScan/infraScanRoad/scoring.py:2973: FutureWarning: In a future version, object-dtype columns with all-bool values will not be included in reductions with bool_only=True. Explicitly cast to bool dtype instead.
  edges = gpd.GeoDataFrame(pd.concat([edges, pd.DataFrame(temp).T], ignore_index=True))
/cluster/home/lkuehner/MSc_Thesis/infraScan/infraScanRoad/scoring.py:2950: FutureWarning: In a future version, object-dtype columns with all-bool values will not be included in reductions with bool_only=True. Explicitly cast to bool dtype instead.
  points = gpd.GeoDataFrame(pd.concat([points, pd.DataFrame(temp).T], ignore_index=True))
/cluster/home/lkuehner/MSc_Thesis/infraScan/infraScanRoad/scoring.py:2973: FutureWarning: In a future version, object-dtype columns with all-bool values will not be included in reductions with bool_only=True. Explicitly cast to bool dtype instead.
  edges = gpd.GeoDataFrame(pd.concat([edges, pd.DataFrame(temp).T], ignore_index=True))
/cluster/home/lkuehner/miniforge3/envs/infrascan/lib/python3.11/site-packages/scipy/optimize/_optimize.py:353: RuntimeWarning: Values in x were outside bounds during a minimize step, clipping to bounds
  warnings.warn("Values in x were outside bounds during a "
OD TT by development-scenario:  87%|████████▋ | 208/240 [1:52:35<19:23, 36.37s/it]/cluster/home/lkuehner/MSc_Thesis/infraScan/infraScanRoad/scoring.py:2950: FutureWarning: In a future version, object-dtype columns with all-bool values will not be included in reductions with bool_only=True. Explicitly cast to bool dtype instead.
  points = gpd.GeoDataFrame(pd.concat([points, pd.DataFrame(temp).T], ignore_index=True))
/cluster/home/lkuehner/MSc_Thesis/infraScan/infraScanRoad/scoring.py:2973: FutureWarning: In a future version, object-dtype columns with all-bool values will not be included in reductions with bool_only=True. Explicitly cast to bool dtype instead.
  edges = gpd.GeoDataFrame(pd.concat([edges, pd.DataFrame(temp).T], ignore_index=True))
/cluster/home/lkuehner/MSc_Thesis/infraScan/infraScanRoad/scoring.py:2950: FutureWarning: In a future version, object-dtype columns with all-bool values will not be included in reductions with bool_only=True. Explicitly cast to bool dtype instead.
  points = gpd.GeoDataFrame(pd.concat([points, pd.DataFrame(temp).T], ignore_index=True))
/cluster/home/lkuehner/MSc_Thesis/infraScan/infraScanRoad/scoring.py:2973: FutureWarning: In a future version, object-dtype columns with all-bool values will not be included in reductions with bool_only=True. Explicitly cast to bool dtype instead.
  edges = gpd.GeoDataFrame(pd.concat([edges, pd.DataFrame(temp).T], ignore_index=True))
/cluster/home/lkuehner/MSc_Thesis/infraScan/infraScanRoad/scoring.py:2950: FutureWarning: In a future version, object-dtype columns with all-bool values will not be included in reductions with bool_only=True. Explicitly cast to bool dtype instead.
  points = gpd.GeoDataFrame(pd.concat([points, pd.DataFrame(temp).T], ignore_index=True))
/cluster/home/lkuehner/MSc_Thesis/infraScan/infraScanRoad/scoring.py:2973: FutureWarning: In a future version, object-dtype columns with all-bool values will not be included in reductions with bool_only=True. Explicitly cast to bool dtype instead.
  edges = gpd.GeoDataFrame(pd.concat([edges, pd.DataFrame(temp).T], ignore_index=True))
/cluster/home/lkuehner/MSc_Thesis/infraScan/infraScanRoad/scoring.py:2950: FutureWarning: In a future version, object-dtype columns with all-bool values will not be included in reductions with bool_only=True. Explicitly cast to bool dtype instead.
  points = gpd.GeoDataFrame(pd.concat([points, pd.DataFrame(temp).T], ignore_index=True))
/cluster/home/lkuehner/MSc_Thesis/infraScan/infraScanRoad/scoring.py:2973: FutureWarning: In a future version, object-dtype columns with all-bool values will not be included in reductions with bool_only=True. Explicitly cast to bool dtype instead.
  edges = gpd.GeoDataFrame(pd.concat([edges, pd.DataFrame(temp).T], ignore_index=True))
/cluster/home/lkuehner/MSc_Thesis/infraScan/infraScanRoad/scoring.py:2950: FutureWarning: In a future version, object-dtype columns with all-bool values will not be included in reductions with bool_only=True. Explicitly cast to bool dtype instead.
  points = gpd.GeoDataFrame(pd.concat([points, pd.DataFrame(temp).T], ignore_index=True))
/cluster/home/lkuehner/MSc_Thesis/infraScan/infraScanRoad/scoring.py:2973: FutureWarning: In a future version, object-dtype columns with all-bool values will not be included in reductions with bool_only=True. Explicitly cast to bool dtype instead.
  edges = gpd.GeoDataFrame(pd.concat([edges, pd.DataFrame(temp).T], ignore_index=True))
/cluster/home/lkuehner/miniforge3/envs/infrascan/lib/python3.11/site-packages/scipy/optimize/_optimize.py:353: RuntimeWarning: Values in x were outside bounds during a minimize step, clipping to bounds
  warnings.warn("Values in x were outside bounds during a "
/cluster/home/lkuehner/MSc_Thesis/infraScan/infraScanRoad/scoring.py:2950: FutureWarning: In a future version, object-dtype columns with all-bool values will not be included in reductions with bool_only=True. Explicitly cast to bool dtype instead.
  points = gpd.GeoDataFrame(pd.concat([points, pd.DataFrame(temp).T], ignore_index=True))
/cluster/home/lkuehner/MSc_Thesis/infraScan/infraScanRoad/scoring.py:2973: FutureWarning: In a future version, object-dtype columns with all-bool values will not be included in reductions with bool_only=True. Explicitly cast to bool dtype instead.
  edges = gpd.GeoDataFrame(pd.concat([edges, pd.DataFrame(temp).T], ignore_index=True))
/cluster/home/lkuehner/MSc_Thesis/infraScan/infraScanRoad/scoring.py:2950: FutureWarning: In a future version, object-dtype columns with all-bool values will not be included in reductions with bool_only=True. Explicitly cast to bool dtype instead.
  points = gpd.GeoDataFrame(pd.concat([points, pd.DataFrame(temp).T], ignore_index=True))
/cluster/home/lkuehner/MSc_Thesis/infraScan/infraScanRoad/scoring.py:2973: FutureWarning: In a future version, object-dtype columns with all-bool values will not be included in reductions with bool_only=True. Explicitly cast to bool dtype instead.
  edges = gpd.GeoDataFrame(pd.concat([edges, pd.DataFrame(temp).T], ignore_index=True))
/cluster/home/lkuehner/MSc_Thesis/infraScan/infraScanRoad/scoring.py:2950: FutureWarning: In a future version, object-dtype columns with all-bool values will not be included in reductions with bool_only=True. Explicitly cast to bool dtype instead.
  points = gpd.GeoDataFrame(pd.concat([points, pd.DataFrame(temp).T], ignore_index=True))
/cluster/home/lkuehner/MSc_Thesis/infraScan/infraScanRoad/scoring.py:2973: FutureWarning: In a future version, object-dtype columns with all-bool values will not be included in reductions with bool_only=True. Explicitly cast to bool dtype instead.
  edges = gpd.GeoDataFrame(pd.concat([edges, pd.DataFrame(temp).T], ignore_index=True))
/cluster/home/lkuehner/MSc_Thesis/infraScan/infraScanRoad/scoring.py:2950: FutureWarning: In a future version, object-dtype columns with all-bool values will not be included in reductions with bool_only=True. Explicitly cast to bool dtype instead.
  points = gpd.GeoDataFrame(pd.concat([points, pd.DataFrame(temp).T], ignore_index=True))
/cluster/home/lkuehner/MSc_Thesis/infraScan/infraScanRoad/scoring.py:2973: FutureWarning: In a future version, object-dtype columns with all-bool values will not be included in reductions with bool_only=True. Explicitly cast to bool dtype instead.
  edges = gpd.GeoDataFrame(pd.concat([edges, pd.DataFrame(temp).T], ignore_index=True))
/cluster/home/lkuehner/MSc_Thesis/infraScan/infraScanRoad/scoring.py:2950: FutureWarning: In a future version, object-dtype columns with all-bool values will not be included in reductions with bool_only=True. Explicitly cast to bool dtype instead.
  points = gpd.GeoDataFrame(pd.concat([points, pd.DataFrame(temp).T], ignore_index=True))
/cluster/home/lkuehner/MSc_Thesis/infraScan/infraScanRoad/scoring.py:2973: FutureWarning: In a future version, object-dtype columns with all-bool values will not be included in reductions with bool_only=True. Explicitly cast to bool dtype instead.
  edges = gpd.GeoDataFrame(pd.concat([edges, pd.DataFrame(temp).T], ignore_index=True))
/cluster/home/lkuehner/miniforge3/envs/infrascan/lib/python3.11/site-packages/scipy/optimize/_optimize.py:353: RuntimeWarning: Values in x were outside bounds during a minimize step, clipping to bounds
  warnings.warn("Values in x were outside bounds during a "
/cluster/home/lkuehner/MSc_Thesis/infraScan/infraScanRoad/scoring.py:2950: FutureWarning: In a future version, object-dtype columns with all-bool values will not be included in reductions with bool_only=True. Explicitly cast to bool dtype instead.
  points = gpd.GeoDataFrame(pd.concat([points, pd.DataFrame(temp).T], ignore_index=True))
/cluster/home/lkuehner/MSc_Thesis/infraScan/infraScanRoad/scoring.py:2973: FutureWarning: In a future version, object-dtype columns with all-bool values will not be included in reductions with bool_only=True. Explicitly cast to bool dtype instead.
  edges = gpd.GeoDataFrame(pd.concat([edges, pd.DataFrame(temp).T], ignore_index=True))
/cluster/home/lkuehner/MSc_Thesis/infraScan/infraScanRoad/scoring.py:2950: FutureWarning: In a future version, object-dtype columns with all-bool values will not be included in reductions with bool_only=True. Explicitly cast to bool dtype instead.
  points = gpd.GeoDataFrame(pd.concat([points, pd.DataFrame(temp).T], ignore_index=True))
/cluster/home/lkuehner/MSc_Thesis/infraScan/infraScanRoad/scoring.py:2973: FutureWarning: In a future version, object-dtype columns with all-bool values will not be included in reductions with bool_only=True. Explicitly cast to bool dtype instead.
  edges = gpd.GeoDataFrame(pd.concat([edges, pd.DataFrame(temp).T], ignore_index=True))
/cluster/home/lkuehner/MSc_Thesis/infraScan/infraScanRoad/scoring.py:2950: FutureWarning: In a future version, object-dtype columns with all-bool values will not be included in reductions with bool_only=True. Explicitly cast to bool dtype instead.
  points = gpd.GeoDataFrame(pd.concat([points, pd.DataFrame(temp).T], ignore_index=True))
/cluster/home/lkuehner/MSc_Thesis/infraScan/infraScanRoad/scoring.py:2973: FutureWarning: In a future version, object-dtype columns with all-bool values will not be included in reductions with bool_only=True. Explicitly cast to bool dtype instead.
  edges = gpd.GeoDataFrame(pd.concat([edges, pd.DataFrame(temp).T], ignore_index=True))
/cluster/home/lkuehner/miniforge3/envs/infrascan/lib/python3.11/site-packages/scipy/optimize/_optimize.py:353: RuntimeWarning: Values in x were outside bounds during a minimize step, clipping to bounds
  warnings.warn("Values in x were outside bounds during a "
/cluster/home/lkuehner/MSc_Thesis/infraScan/infraScanRoad/scoring.py:2950: FutureWarning: In a future version, object-dtype columns with all-bool values will not be included in reductions with bool_only=True. Explicitly cast to bool dtype instead.
  points = gpd.GeoDataFrame(pd.concat([points, pd.DataFrame(temp).T], ignore_index=True))
/cluster/home/lkuehner/MSc_Thesis/infraScan/infraScanRoad/scoring.py:2973: FutureWarning: In a future version, object-dtype columns with all-bool values will not be included in reductions with bool_only=True. Explicitly cast to bool dtype instead.
  edges = gpd.GeoDataFrame(pd.concat([edges, pd.DataFrame(temp).T], ignore_index=True))
/cluster/home/lkuehner/MSc_Thesis/infraScan/infraScanRoad/scoring.py:2950: FutureWarning: In a future version, object-dtype columns with all-bool values will not be included in reductions with bool_only=True. Explicitly cast to bool dtype instead.
  points = gpd.GeoDataFrame(pd.concat([points, pd.DataFrame(temp).T], ignore_index=True))
/cluster/home/lkuehner/MSc_Thesis/infraScan/infraScanRoad/scoring.py:2973: FutureWarning: In a future version, object-dtype columns with all-bool values will not be included in reductions with bool_only=True. Explicitly cast to bool dtype instead.
  edges = gpd.GeoDataFrame(pd.concat([edges, pd.DataFrame(temp).T], ignore_index=True))
/cluster/home/lkuehner/MSc_Thesis/infraScan/infraScanRoad/scoring.py:2950: FutureWarning: In a future version, object-dtype columns with all-bool values will not be included in reductions with bool_only=True. Explicitly cast to bool dtype instead.
  points = gpd.GeoDataFrame(pd.concat([points, pd.DataFrame(temp).T], ignore_index=True))
/cluster/home/lkuehner/MSc_Thesis/infraScan/infraScanRoad/scoring.py:2973: FutureWarning: In a future version, object-dtype columns with all-bool values will not be included in reductions with bool_only=True. Explicitly cast to bool dtype instead.
  edges = gpd.GeoDataFrame(pd.concat([edges, pd.DataFrame(temp).T], ignore_index=True))
/cluster/home/lkuehner/miniforge3/envs/infrascan/lib/python3.11/site-packages/scipy/optimize/_optimize.py:353: RuntimeWarning: Values in x were outside bounds during a minimize step, clipping to bounds
  warnings.warn("Values in x were outside bounds during a "
OD TT by development-scenario:  93%|█████████▎| 224/240 [2:01:40<09:31, 35.69s/it]/cluster/home/lkuehner/MSc_Thesis/infraScan/infraScanRoad/scoring.py:2950: FutureWarning: In a future version, object-dtype columns with all-bool values will not be included in reductions with bool_only=True. Explicitly cast to bool dtype instead.
  points = gpd.GeoDataFrame(pd.concat([points, pd.DataFrame(temp).T], ignore_index=True))
/cluster/home/lkuehner/MSc_Thesis/infraScan/infraScanRoad/scoring.py:2973: FutureWarning: In a future version, object-dtype columns with all-bool values will not be included in reductions with bool_only=True. Explicitly cast to bool dtype instead.
  edges = gpd.GeoDataFrame(pd.concat([edges, pd.DataFrame(temp).T], ignore_index=True))
/cluster/home/lkuehner/MSc_Thesis/infraScan/infraScanRoad/scoring.py:2950: FutureWarning: In a future version, object-dtype columns with all-bool values will not be included in reductions with bool_only=True. Explicitly cast to bool dtype instead.
  points = gpd.GeoDataFrame(pd.concat([points, pd.DataFrame(temp).T], ignore_index=True))
/cluster/home/lkuehner/MSc_Thesis/infraScan/infraScanRoad/scoring.py:2973: FutureWarning: In a future version, object-dtype columns with all-bool values will not be included in reductions with bool_only=True. Explicitly cast to bool dtype instead.
  edges = gpd.GeoDataFrame(pd.concat([edges, pd.DataFrame(temp).T], ignore_index=True))
/cluster/home/lkuehner/miniforge3/envs/infrascan/lib/python3.11/site-packages/scipy/optimize/_optimize.py:353: RuntimeWarning: Values in x were outside bounds during a minimize step, clipping to bounds
  warnings.warn("Values in x were outside bounds during a "
/cluster/home/lkuehner/MSc_Thesis/infraScan/infraScanRoad/scoring.py:2950: FutureWarning: In a future version, object-dtype columns with all-bool values will not be included in reductions with bool_only=True. Explicitly cast to bool dtype instead.
  points = gpd.GeoDataFrame(pd.concat([points, pd.DataFrame(temp).T], ignore_index=True))
/cluster/home/lkuehner/MSc_Thesis/infraScan/infraScanRoad/scoring.py:2973: FutureWarning: In a future version, object-dtype columns with all-bool values will not be included in reductions with bool_only=True. Explicitly cast to bool dtype instead.
  edges = gpd.GeoDataFrame(pd.concat([edges, pd.DataFrame(temp).T], ignore_index=True))
/cluster/home/lkuehner/MSc_Thesis/infraScan/infraScanRoad/scoring.py:2950: FutureWarning: In a future version, object-dtype columns with all-bool values will not be included in reductions with bool_only=True. Explicitly cast to bool dtype instead.
  points = gpd.GeoDataFrame(pd.concat([points, pd.DataFrame(temp).T], ignore_index=True))
/cluster/home/lkuehner/MSc_Thesis/infraScan/infraScanRoad/scoring.py:2973: FutureWarning: In a future version, object-dtype columns with all-bool values will not be included in reductions with bool_only=True. Explicitly cast to bool dtype instead.
  edges = gpd.GeoDataFrame(pd.concat([edges, pd.DataFrame(temp).T], ignore_index=True))
/cluster/home/lkuehner/miniforge3/envs/infrascan/lib/python3.11/site-packages/scipy/optimize/_optimize.py:353: RuntimeWarning: Values in x were outside bounds during a minimize step, clipping to bounds
  warnings.warn("Values in x were outside bounds during a "
/cluster/home/lkuehner/MSc_Thesis/infraScan/infraScanRoad/scoring.py:2950: FutureWarning: In a future version, object-dtype columns with all-bool values will not be included in reductions with bool_only=True. Explicitly cast to bool dtype instead.
  points = gpd.GeoDataFrame(pd.concat([points, pd.DataFrame(temp).T], ignore_index=True))
/cluster/home/lkuehner/MSc_Thesis/infraScan/infraScanRoad/scoring.py:2973: FutureWarning: In a future version, object-dtype columns with all-bool values will not be included in reductions with bool_only=True. Explicitly cast to bool dtype instead.
  edges = gpd.GeoDataFrame(pd.concat([edges, pd.DataFrame(temp).T], ignore_index=True))
/cluster/home/lkuehner/MSc_Thesis/infraScan/infraScanRoad/scoring.py:2950: FutureWarning: In a future version, object-dtype columns with all-bool values will not be included in reductions with bool_only=True. Explicitly cast to bool dtype instead.
  points = gpd.GeoDataFrame(pd.concat([points, pd.DataFrame(temp).T], ignore_index=True))
/cluster/home/lkuehner/MSc_Thesis/infraScan/infraScanRoad/scoring.py:2973: FutureWarning: In a future version, object-dtype columns with all-bool values will not be included in reductions with bool_only=True. Explicitly cast to bool dtype instead.
  edges = gpd.GeoDataFrame(pd.concat([edges, pd.DataFrame(temp).T], ignore_index=True))
/cluster/home/lkuehner/miniforge3/envs/infrascan/lib/python3.11/site-packages/scipy/optimize/_optimize.py:353: RuntimeWarning: Values in x were outside bounds during a minimize step, clipping to bounds
  warnings.warn("Values in x were outside bounds during a "
/cluster/home/lkuehner/MSc_Thesis/infraScan/infraScanRoad/scoring.py:2950: FutureWarning: In a future version, object-dtype columns with all-bool values will not be included in reductions with bool_only=True. Explicitly cast to bool dtype instead.
  points = gpd.GeoDataFrame(pd.concat([points, pd.DataFrame(temp).T], ignore_index=True))
/cluster/home/lkuehner/MSc_Thesis/infraScan/infraScanRoad/scoring.py:2973: FutureWarning: In a future version, object-dtype columns with all-bool values will not be included in reductions with bool_only=True. Explicitly cast to bool dtype instead.
  edges = gpd.GeoDataFrame(pd.concat([edges, pd.DataFrame(temp).T], ignore_index=True))
/cluster/home/lkuehner/MSc_Thesis/infraScan/infraScanRoad/scoring.py:2950: FutureWarning: In a future version, object-dtype columns with all-bool values will not be included in reductions with bool_only=True. Explicitly cast to bool dtype instead.
  points = gpd.GeoDataFrame(pd.concat([points, pd.DataFrame(temp).T], ignore_index=True))
/cluster/home/lkuehner/MSc_Thesis/infraScan/infraScanRoad/scoring.py:2973: FutureWarning: In a future version, object-dtype columns with all-bool values will not be included in reductions with bool_only=True. Explicitly cast to bool dtype instead.
  edges = gpd.GeoDataFrame(pd.concat([edges, pd.DataFrame(temp).T], ignore_index=True))
/cluster/home/lkuehner/miniforge3/envs/infrascan/lib/python3.11/site-packages/scipy/optimize/_optimize.py:353: RuntimeWarning: Values in x were outside bounds during a minimize step, clipping to bounds
  warnings.warn("Values in x were outside bounds during a "
/cluster/home/lkuehner/MSc_Thesis/infraScan/infraScanRoad/scoring.py:2950: FutureWarning: In a future version, object-dtype columns with all-bool values will not be included in reductions with bool_only=True. Explicitly cast to bool dtype instead.
  points = gpd.GeoDataFrame(pd.concat([points, pd.DataFrame(temp).T], ignore_index=True))
/cluster/home/lkuehner/MSc_Thesis/infraScan/infraScanRoad/scoring.py:2973: FutureWarning: In a future version, object-dtype columns with all-bool values will not be included in reductions with bool_only=True. Explicitly cast to bool dtype instead.
  edges = gpd.GeoDataFrame(pd.concat([edges, pd.DataFrame(temp).T], ignore_index=True))
/cluster/home/lkuehner/MSc_Thesis/infraScan/infraScanRoad/scoring.py:2950: FutureWarning: In a future version, object-dtype columns with all-bool values will not be included in reductions with bool_only=True. Explicitly cast to bool dtype instead.
  points = gpd.GeoDataFrame(pd.concat([points, pd.DataFrame(temp).T], ignore_index=True))
/cluster/home/lkuehner/MSc_Thesis/infraScan/infraScanRoad/scoring.py:2973: FutureWarning: In a future version, object-dtype columns with all-bool values will not be included in reductions with bool_only=True. Explicitly cast to bool dtype instead.
  edges = gpd.GeoDataFrame(pd.concat([edges, pd.DataFrame(temp).T], ignore_index=True))
/cluster/home/lkuehner/miniforge3/envs/infrascan/lib/python3.11/site-packages/scipy/optimize/_optimize.py:353: RuntimeWarning: Values in x were outside bounds during a minimize step, clipping to bounds
  warnings.warn("Values in x were outside bounds during a "
/cluster/home/lkuehner/MSc_Thesis/infraScan/infraScanRoad/scoring.py:2950: FutureWarning: In a future version, object-dtype columns with all-bool values will not be included in reductions with bool_only=True. Explicitly cast to bool dtype instead.
  points = gpd.GeoDataFrame(pd.concat([points, pd.DataFrame(temp).T], ignore_index=True))
/cluster/home/lkuehner/MSc_Thesis/infraScan/infraScanRoad/scoring.py:2973: FutureWarning: In a future version, object-dtype columns with all-bool values will not be included in reductions with bool_only=True. Explicitly cast to bool dtype instead.
  edges = gpd.GeoDataFrame(pd.concat([edges, pd.DataFrame(temp).T], ignore_index=True))
/cluster/home/lkuehner/MSc_Thesis/infraScan/infraScanRoad/scoring.py:2950: FutureWarning: In a future version, object-dtype columns with all-bool values will not be included in reductions with bool_only=True. Explicitly cast to bool dtype instead.
  points = gpd.GeoDataFrame(pd.concat([points, pd.DataFrame(temp).T], ignore_index=True))
/cluster/home/lkuehner/MSc_Thesis/infraScan/infraScanRoad/scoring.py:2973: FutureWarning: In a future version, object-dtype columns with all-bool values will not be included in reductions with bool_only=True. Explicitly cast to bool dtype instead.
  edges = gpd.GeoDataFrame(pd.concat([edges, pd.DataFrame(temp).T], ignore_index=True))
/cluster/home/lkuehner/miniforge3/envs/infrascan/lib/python3.11/site-packages/scipy/optimize/_optimize.py:353: RuntimeWarning: Values in x were outside bounds during a minimize step, clipping to bounds
  warnings.warn("Values in x were outside bounds during a "
/cluster/home/lkuehner/MSc_Thesis/infraScan/infraScanRoad/scoring.py:2950: FutureWarning: In a future version, object-dtype columns with all-bool values will not be included in reductions with bool_only=True. Explicitly cast to bool dtype instead.
  points = gpd.GeoDataFrame(pd.concat([points, pd.DataFrame(temp).T], ignore_index=True))
/cluster/home/lkuehner/MSc_Thesis/infraScan/infraScanRoad/scoring.py:2973: FutureWarning: In a future version, object-dtype columns with all-bool values will not be included in reductions with bool_only=True. Explicitly cast to bool dtype instead.
  edges = gpd.GeoDataFrame(pd.concat([edges, pd.DataFrame(temp).T], ignore_index=True))
/cluster/home/lkuehner/MSc_Thesis/infraScan/infraScanRoad/scoring.py:2950: FutureWarning: In a future version, object-dtype columns with all-bool values will not be included in reductions with bool_only=True. Explicitly cast to bool dtype instead.
  points = gpd.GeoDataFrame(pd.concat([points, pd.DataFrame(temp).T], ignore_index=True))
/cluster/home/lkuehner/MSc_Thesis/infraScan/infraScanRoad/scoring.py:2973: FutureWarning: In a future version, object-dtype columns with all-bool values will not be included in reductions with bool_only=True. Explicitly cast to bool dtype instead.
  edges = gpd.GeoDataFrame(pd.concat([edges, pd.DataFrame(temp).T], ignore_index=True))
/cluster/home/lkuehner/miniforge3/envs/infrascan/lib/python3.11/site-packages/scipy/optimize/_optimize.py:353: RuntimeWarning: Values in x were outside bounds during a minimize step, clipping to bounds
  warnings.warn("Values in x were outside bounds during a "
/cluster/home/lkuehner/MSc_Thesis/infraScan/infraScanRoad/scoring.py:2950: FutureWarning: In a future version, object-dtype columns with all-bool values will not be included in reductions with bool_only=True. Explicitly cast to bool dtype instead.
  points = gpd.GeoDataFrame(pd.concat([points, pd.DataFrame(temp).T], ignore_index=True))
/cluster/home/lkuehner/MSc_Thesis/infraScan/infraScanRoad/scoring.py:2973: FutureWarning: In a future version, object-dtype columns with all-bool values will not be included in reductions with bool_only=True. Explicitly cast to bool dtype instead.
  edges = gpd.GeoDataFrame(pd.concat([edges, pd.DataFrame(temp).T], ignore_index=True))
/cluster/home/lkuehner/MSc_Thesis/infraScan/infraScanRoad/scoring.py:2950: FutureWarning: In a future version, object-dtype columns with all-bool values will not be included in reductions with bool_only=True. Explicitly cast to bool dtype instead.
  points = gpd.GeoDataFrame(pd.concat([points, pd.DataFrame(temp).T], ignore_index=True))
/cluster/home/lkuehner/MSc_Thesis/infraScan/infraScanRoad/scoring.py:2973: FutureWarning: In a future version, object-dtype columns with all-bool values will not be included in reductions with bool_only=True. Explicitly cast to bool dtype instead.
  edges = gpd.GeoDataFrame(pd.concat([edges, pd.DataFrame(temp).T], ignore_index=True))
OD TT by development-scenario: 100%|██████████| 240/240 [2:12:14<00:00, 36.87s/it]OD TT by development-scenario: 100%|██████████| 240/240 [2:12:14<00:00, 33.06s/it]
/cluster/home/lkuehner/MSc_Thesis/infraScan/infraScanRoad/scoring.py:2950: FutureWarning: In a future version, object-dtype columns with all-bool values will not be included in reductions with bool_only=True. Explicitly cast to bool dtype instead.
  points = gpd.GeoDataFrame(pd.concat([points, pd.DataFrame(temp).T], ignore_index=True))
/cluster/home/lkuehner/MSc_Thesis/infraScan/infraScanRoad/scoring.py:2973: FutureWarning: In a future version, object-dtype columns with all-bool values will not be included in reductions with bool_only=True. Explicitly cast to bool dtype instead.
  edges = gpd.GeoDataFrame(pd.concat([edges, pd.DataFrame(temp).T], ignore_index=True))
/cluster/home/lkuehner/MSc_Thesis/infraScan/infraScanRoad/scoring.py:2950: FutureWarning: In a future version, object-dtype columns with all-bool values will not be included in reductions with bool_only=True. Explicitly cast to bool dtype instead.
  points = gpd.GeoDataFrame(pd.concat([points, pd.DataFrame(temp).T], ignore_index=True))
/cluster/home/lkuehner/MSc_Thesis/infraScan/infraScanRoad/scoring.py:2973: FutureWarning: In a future version, object-dtype columns with all-bool values will not be included in reductions with bool_only=True. Explicitly cast to bool dtype instead.
  edges = gpd.GeoDataFrame(pd.concat([edges, pd.DataFrame(temp).T], ignore_index=True))
/cluster/home/lkuehner/MSc_Thesis/infraScan/infraScanRoad/scoring.py:2950: FutureWarning: In a future version, object-dtype columns with all-bool values will not be included in reductions with bool_only=True. Explicitly cast to bool dtype instead.
  points = gpd.GeoDataFrame(pd.concat([points, pd.DataFrame(temp).T], ignore_index=True))
/cluster/home/lkuehner/MSc_Thesis/infraScan/infraScanRoad/scoring.py:2973: FutureWarning: In a future version, object-dtype columns with all-bool values will not be included in reductions with bool_only=True. Explicitly cast to bool dtype instead.
  edges = gpd.GeoDataFrame(pd.concat([edges, pd.DataFrame(temp).T], ignore_index=True))
/cluster/home/lkuehner/MSc_Thesis/infraScan/infraScanRoad/scoring.py:2950: FutureWarning: In a future version, object-dtype columns with all-bool values will not be included in reductions with bool_only=True. Explicitly cast to bool dtype instead.
  points = gpd.GeoDataFrame(pd.concat([points, pd.DataFrame(temp).T], ignore_index=True))
/cluster/home/lkuehner/MSc_Thesis/infraScan/infraScanRoad/scoring.py:2973: FutureWarning: In a future version, object-dtype columns with all-bool values will not be included in reductions with bool_only=True. Explicitly cast to bool dtype instead.
  edges = gpd.GeoDataFrame(pd.concat([edges, pd.DataFrame(temp).T], ignore_index=True))
/cluster/home/lkuehner/MSc_Thesis/infraScan/infraScanRoad/scoring.py:2950: FutureWarning: In a future version, object-dtype columns with all-bool values will not be included in reductions with bool_only=True. Explicitly cast to bool dtype instead.
  points = gpd.GeoDataFrame(pd.concat([points, pd.DataFrame(temp).T], ignore_index=True))
/cluster/home/lkuehner/MSc_Thesis/infraScan/infraScanRoad/scoring.py:2973: FutureWarning: In a future version, object-dtype columns with all-bool values will not be included in reductions with bool_only=True. Explicitly cast to bool dtype instead.
  edges = gpd.GeoDataFrame(pd.concat([edges, pd.DataFrame(temp).T], ignore_index=True))
/cluster/home/lkuehner/miniforge3/envs/infrascan/lib/python3.11/site-packages/scipy/optimize/_optimize.py:353: RuntimeWarning: Values in x were outside bounds during a minimize step, clipping to bounds
  warnings.warn("Values in x were outside bounds during a "
/cluster/home/lkuehner/MSc_Thesis/infraScan/infraScanRoad/scoring.py:2950: FutureWarning: In a future version, object-dtype columns with all-bool values will not be included in reductions with bool_only=True. Explicitly cast to bool dtype instead.
  points = gpd.GeoDataFrame(pd.concat([points, pd.DataFrame(temp).T], ignore_index=True))
/cluster/home/lkuehner/MSc_Thesis/infraScan/infraScanRoad/scoring.py:2973: FutureWarning: In a future version, object-dtype columns with all-bool values will not be included in reductions with bool_only=True. Explicitly cast to bool dtype instead.
  edges = gpd.GeoDataFrame(pd.concat([edges, pd.DataFrame(temp).T], ignore_index=True))
/cluster/home/lkuehner/MSc_Thesis/infraScan/infraScanRoad/scoring.py:2950: FutureWarning: In a future version, object-dtype columns with all-bool values will not be included in reductions with bool_only=True. Explicitly cast to bool dtype instead.
  points = gpd.GeoDataFrame(pd.concat([points, pd.DataFrame(temp).T], ignore_index=True))
/cluster/home/lkuehner/MSc_Thesis/infraScan/infraScanRoad/scoring.py:2973: FutureWarning: In a future version, object-dtype columns with all-bool values will not be included in reductions with bool_only=True. Explicitly cast to bool dtype instead.
  edges = gpd.GeoDataFrame(pd.concat([edges, pd.DataFrame(temp).T], ignore_index=True))
/cluster/home/lkuehner/MSc_Thesis/infraScan/infraScanRoad/scoring.py:2950: FutureWarning: In a future version, object-dtype columns with all-bool values will not be included in reductions with bool_only=True. Explicitly cast to bool dtype instead.
  points = gpd.GeoDataFrame(pd.concat([points, pd.DataFrame(temp).T], ignore_index=True))
/cluster/home/lkuehner/MSc_Thesis/infraScan/infraScanRoad/scoring.py:2973: FutureWarning: In a future version, object-dtype columns with all-bool values will not be included in reductions with bool_only=True. Explicitly cast to bool dtype instead.
  edges = gpd.GeoDataFrame(pd.concat([edges, pd.DataFrame(temp).T], ignore_index=True))
/cluster/home/lkuehner/MSc_Thesis/infraScan/infraScanRoad/scoring.py:2950: FutureWarning: In a future version, object-dtype columns with all-bool values will not be included in reductions with bool_only=True. Explicitly cast to bool dtype instead.
  points = gpd.GeoDataFrame(pd.concat([points, pd.DataFrame(temp).T], ignore_index=True))
/cluster/home/lkuehner/MSc_Thesis/infraScan/infraScanRoad/scoring.py:2973: FutureWarning: In a future version, object-dtype columns with all-bool values will not be included in reductions with bool_only=True. Explicitly cast to bool dtype instead.
  edges = gpd.GeoDataFrame(pd.concat([edges, pd.DataFrame(temp).T], ignore_index=True))
/cluster/home/lkuehner/MSc_Thesis/infraScan/infraScanRoad/scoring.py:2950: FutureWarning: In a future version, object-dtype columns with all-bool values will not be included in reductions with bool_only=True. Explicitly cast to bool dtype instead.
  points = gpd.GeoDataFrame(pd.concat([points, pd.DataFrame(temp).T], ignore_index=True))
/cluster/home/lkuehner/MSc_Thesis/infraScan/infraScanRoad/scoring.py:2973: FutureWarning: In a future version, object-dtype columns with all-bool values will not be included in reductions with bool_only=True. Explicitly cast to bool dtype instead.
  edges = gpd.GeoDataFrame(pd.concat([edges, pd.DataFrame(temp).T], ignore_index=True))
/cluster/home/lkuehner/miniforge3/envs/infrascan/lib/python3.11/site-packages/scipy/optimize/_optimize.py:353: RuntimeWarning: Values in x were outside bounds during a minimize step, clipping to bounds
  warnings.warn("Values in x were outside bounds during a "
/cluster/home/lkuehner/MSc_Thesis/infraScan/infraScanRoad/scoring.py:2950: FutureWarning: In a future version, object-dtype columns with all-bool values will not be included in reductions with bool_only=True. Explicitly cast to bool dtype instead.
  points = gpd.GeoDataFrame(pd.concat([points, pd.DataFrame(temp).T], ignore_index=True))
/cluster/home/lkuehner/MSc_Thesis/infraScan/infraScanRoad/scoring.py:2973: FutureWarning: In a future version, object-dtype columns with all-bool values will not be included in reductions with bool_only=True. Explicitly cast to bool dtype instead.
  edges = gpd.GeoDataFrame(pd.concat([edges, pd.DataFrame(temp).T], ignore_index=True))
/cluster/home/lkuehner/miniforge3/envs/infrascan/lib/python3.11/site-packages/scipy/optimize/_optimize.py:353: RuntimeWarning: Values in x were outside bounds during a minimize step, clipping to bounds
  warnings.warn("Values in x were outside bounds during a "
/cluster/home/lkuehner/MSc_Thesis/infraScan/infraScanRoad/scoring.py:2950: FutureWarning: In a future version, object-dtype columns with all-bool values will not be included in reductions with bool_only=True. Explicitly cast to bool dtype instead.
  points = gpd.GeoDataFrame(pd.concat([points, pd.DataFrame(temp).T], ignore_index=True))
/cluster/home/lkuehner/MSc_Thesis/infraScan/infraScanRoad/scoring.py:2973: FutureWarning: In a future version, object-dtype columns with all-bool values will not be included in reductions with bool_only=True. Explicitly cast to bool dtype instead.
  edges = gpd.GeoDataFrame(pd.concat([edges, pd.DataFrame(temp).T], ignore_index=True))
/cluster/home/lkuehner/MSc_Thesis/infraScan/infraScanRoad/scoring.py:2950: FutureWarning: In a future version, object-dtype columns with all-bool values will not be included in reductions with bool_only=True. Explicitly cast to bool dtype instead.
  points = gpd.GeoDataFrame(pd.concat([points, pd.DataFrame(temp).T], ignore_index=True))
/cluster/home/lkuehner/MSc_Thesis/infraScan/infraScanRoad/scoring.py:2973: FutureWarning: In a future version, object-dtype columns with all-bool values will not be included in reductions with bool_only=True. Explicitly cast to bool dtype instead.
  edges = gpd.GeoDataFrame(pd.concat([edges, pd.DataFrame(temp).T], ignore_index=True))
/cluster/home/lkuehner/MSc_Thesis/infraScan/infraScanRoad/scoring.py:2950: FutureWarning: In a future version, object-dtype columns with all-bool values will not be included in reductions with bool_only=True. Explicitly cast to bool dtype instead.
  points = gpd.GeoDataFrame(pd.concat([points, pd.DataFrame(temp).T], ignore_index=True))
/cluster/home/lkuehner/MSc_Thesis/infraScan/infraScanRoad/scoring.py:2973: FutureWarning: In a future version, object-dtype columns with all-bool values will not be included in reductions with bool_only=True. Explicitly cast to bool dtype instead.
  edges = gpd.GeoDataFrame(pd.concat([edges, pd.DataFrame(temp).T], ignore_index=True))
/cluster/home/lkuehner/miniforge3/envs/infrascan/lib/python3.11/site-packages/scipy/optimize/_optimize.py:353: RuntimeWarning: Values in x were outside bounds during a minimize step, clipping to bounds
  warnings.warn("Values in x were outside bounds during a "
/cluster/home/lkuehner/MSc_Thesis/infraScan/infraScanRoad/scoring.py:2950: FutureWarning: In a future version, object-dtype columns with all-bool values will not be included in reductions with bool_only=True. Explicitly cast to bool dtype instead.
  points = gpd.GeoDataFrame(pd.concat([points, pd.DataFrame(temp).T], ignore_index=True))
/cluster/home/lkuehner/MSc_Thesis/infraScan/infraScanRoad/scoring.py:2973: FutureWarning: In a future version, object-dtype columns with all-bool values will not be included in reductions with bool_only=True. Explicitly cast to bool dtype instead.
  edges = gpd.GeoDataFrame(pd.concat([edges, pd.DataFrame(temp).T], ignore_index=True))
/cluster/home/lkuehner/MSc_Thesis/infraScan/infraScanRoad/scoring.py:2950: FutureWarning: In a future version, object-dtype columns with all-bool values will not be included in reductions with bool_only=True. Explicitly cast to bool dtype instead.
  points = gpd.GeoDataFrame(pd.concat([points, pd.DataFrame(temp).T], ignore_index=True))
/cluster/home/lkuehner/MSc_Thesis/infraScan/infraScanRoad/scoring.py:2973: FutureWarning: In a future version, object-dtype columns with all-bool values will not be included in reductions with bool_only=True. Explicitly cast to bool dtype instead.
  edges = gpd.GeoDataFrame(pd.concat([edges, pd.DataFrame(temp).T], ignore_index=True))
/cluster/home/lkuehner/miniforge3/envs/infrascan/lib/python3.11/site-packages/scipy/optimize/_optimize.py:353: RuntimeWarning: Values in x were outside bounds during a minimize step, clipping to bounds
  warnings.warn("Values in x were outside bounds during a "
/cluster/home/lkuehner/miniforge3/envs/infrascan/lib/python3.11/site-packages/scipy/optimize/_optimize.py:353: RuntimeWarning: Values in x were outside bounds during a minimize step, clipping to bounds
  warnings.warn("Values in x were outside bounds during a "
/cluster/home/lkuehner/miniforge3/envs/infrascan/lib/python3.11/site-packages/scipy/optimize/_optimize.py:353: RuntimeWarning: Values in x were outside bounds during a minimize step, clipping to bounds
  warnings.warn("Values in x were outside bounds during a "
Flag: tt_optimization_all_developments is complete
  [CHECKPOINT] Saved: tt_optimization_developments_by_od_raster
Saved detailed OD TT savings to: data/infraScanRoad/traffic_flow/od/od_tt_savings_detailed.csv
Saved aggregated TT savings to: data/infraScanRoad/costs/traveltime_savings_od.csv
  [CHECKPOINT] Saved: tt_monetization_od

================================================================================
PHASE 7: COST-BENEFIT INTEGRATION
================================================================================

 -> Aggregate costs
Using travel time savings input: data/infraScanRoad/costs/traveltime_savings_od.csv
Number of developments: 12
   ID_new     cost_path   cost_bridge   cost_tunnel  building_costs  climate_cost  land_realloc        nature      noise_s1      noise_s2      noise_s3   maintenance  tt_scenario_10  tt_scenario_100  tt_scenario_11  tt_scenario_23  tt_scenario_26  tt_scenario_31  tt_scenario_35  tt_scenario_36  tt_scenario_38  tt_scenario_39  tt_scenario_41  tt_scenario_47  tt_scenario_55  tt_scenario_63  tt_scenario_81  tt_scenario_84  tt_scenario_85  tt_scenario_96  tt_scenario_97  tt_scenario_98  externalities_s1  externalities_s2  externalities_s3  construction_maintenance
0       2 -7.044788e+07 -2.236500e+07 -0.000000e+00   -1.949129e+08 -1.411283e+07 -2.747573e+06 -4.225031e+07 -4.138493e+08 -3.793808e+08 -4.483178e+08 -1.440526e+08   -9.395427e+08    -1.258256e+08   -2.382144e+08   -9.609495e+07   -2.646607e+07   -1.914485e+08   -3.051837e+08   -3.543674e+08   -3.422900e+08   -1.574463e+08   -3.406140e+08   -6.777023e+07   -1.847040e+08   -2.898709e+08   -1.052288e+08   -6.473899e+08   -7.621385e+07   -1.633286e+08   -7.717171e+08   -6.080655e+08     -4.729600e+08     -4.384915e+08     -5.074285e+08             -3.389655e+08
1     103 -6.809672e+07 -8.946000e+07 -0.000000e+00   -2.596567e+08 -1.762313e+07 -3.206670e+06 -4.084023e+07 -4.274766e+08 -3.920009e+08 -4.629524e+08 -2.015717e+08   -9.613423e+08    -1.359625e+08   -2.499120e+08   -1.057993e+08   -3.523517e+07   -2.025471e+08   -3.179161e+08   -3.677626e+08   -3.554976e+08   -1.680549e+08   -3.537802e+08   -7.710275e+07   -1.956876e+08   -3.023561e+08   -1.150716e+08   -6.648524e+08   -8.566002e+07   -1.740199e+08   -7.910563e+08   -6.250135e+08     -4.891467e+08     -4.536709e+08     -5.246224e+08             -4.612284e+08
2     201 -1.311975e+08 -1.118250e+07 -1.081451e+08   -3.526251e+08 -2.546915e+07 -5.265015e+06 -7.868420e+07 -6.852187e+08 -6.324920e+08 -7.379453e+08 -2.544263e+08   -1.435387e+09    -2.618426e+08   -4.239552e+08   -2.189743e+08   -1.185587e+08   -3.564778e+08   -5.205086e+08   -5.914408e+08   -5.740376e+08   -3.074443e+08   -5.716348e+08   -1.781187e+08   -3.467652e+08   -4.984256e+08   -2.321431e+08   -1.014106e+09   -1.902963e+08   -3.159249e+08   -1.193386e+09   -9.573860e+08     -7.946370e+08     -7.419104e+08     -8.473637e+08             -6.070515e+08
3     249 -1.199961e+08 -1.597500e+07 -0.000000e+00   -2.380711e+08 -2.274071e+07 -5.047583e+06 -7.196629e+07 -6.306931e+08 -5.819973e+08 -6.793889e+08 -1.826280e+08   -1.385747e+09    -2.581032e+08   -4.139019e+08   -2.169179e+08   -1.204082e+08   -3.490377e+08   -5.066541e+08   -5.748210e+08   -5.581088e+08   -3.019202e+08   -5.558038e+08   -1.776472e+08   -3.397079e+08   -4.854434e+08   -2.295687e+08   -9.810135e+08   -1.893515e+08   -3.100684e+08   -1.153252e+09   -9.264930e+08     -7.304477e+08     -6.817519e+08     -7.791435e+08             -4.206991e+08
4     334 -5.044671e+07 -1.597500e+06 -0.000000e+00   -1.541442e+08 -9.259885e+06 -1.398202e+06 -3.025484e+07 -3.593391e+08 -3.330404e+08 -3.856378e+08 -1.077353e+08    1.002061e+09     1.576090e+08    2.738518e+08    1.266952e+08    5.479362e+07    2.257524e+08    3.437757e+08    3.946335e+08    3.819748e+08    1.904807e+08    3.801230e+08    9.750644e+07    2.186725e+08    3.277224e+08    1.362254e+08    6.978990e+08    1.062273e+08    1.965831e+08    8.273714e+08    6.573536e+08     -4.002521e+08     -3.739534e+08     -4.265508e+08             -2.618796e+08
5     469 -5.403766e+07 -1.597500e+06 -0.000000e+00   -1.577352e+08 -9.912357e+06 -3.398147e+06 -3.240847e+07 -4.032301e+08 -3.695465e+08 -4.369136e+08 -1.109425e+08   -6.651198e+08    -8.339171e+07   -1.637545e+08   -6.213728e+07   -1.234235e+07   -1.303064e+08   -2.116181e+08   -2.467824e+08   -2.381564e+08   -1.059998e+08   -2.369628e+08   -4.187885e+07   -1.254833e+08   -2.006736e+08   -6.866672e+07   -4.562993e+08   -4.791751e+07   -1.102003e+08   -5.451714e+08   -4.281809e+08     -4.489491e+08     -4.152655e+08     -4.826326e+08             -2.686777e+08
6     662 -1.309322e+08 -6.390000e+06 -2.913400e+08   -5.307622e+08 -2.679030e+07 -9.985859e+06 -7.852510e+07 -2.633480e+08 -2.428472e+08 -2.838488e+08 -3.618219e+08   -2.175607e+09    -3.926778e+08   -6.382988e+08   -3.274511e+08   -1.754685e+08   -5.365451e+08   -7.857059e+08   -8.932027e+08   -8.665097e+08   -4.620619e+08   -8.626565e+08   -2.657247e+08   -5.216038e+08   -7.519300e+08   -3.475258e+08   -1.533834e+09   -2.841520e+08   -4.749493e+08   -1.807011e+09   -1.448057e+09     -3.786493e+08     -3.581485e+08     -3.991500e+08             -8.925841e+08
7     689 -9.630153e+07 -7.987500e+06 -4.162000e+07   -2.480090e+08 -1.834168e+07 -5.693912e+06 -5.775574e+07 -4.876105e+08 -4.494908e+08 -5.257301e+08 -1.797885e+08   -1.103645e+09    -1.820500e+08   -3.093086e+08   -1.483774e+08   -6.955189e+07   -2.563816e+08   -3.851909e+08   -4.408792e+08   -4.271890e+08   -2.178737e+08   -4.252848e+08   -1.163156e+08   -2.487364e+08   -3.678375e+08   -1.587223e+08   -7.726666e+08   -1.258739e+08   -2.245352e+08   -9.135073e+08   -7.281541e+08     -5.694018e+08     -5.312821e+08     -6.075215e+08             -4.277975e+08
8     750 -6.852256e+07 -1.309950e+08 -1.040500e+08   -4.056676e+08 -2.107550e+07 -4.841534e+06 -4.109562e+07 -5.726600e+08 -5.282538e+08 -6.170663e+08 -3.024103e+08   -1.423161e+09    -2.666080e+08   -4.263667e+08   -2.243571e+08   -1.253920e+08   -3.598794e+08   -5.215354e+08   -5.914400e+08   -5.742783e+08   -3.115528e+08   -5.719066e+08   -1.840949e+08   -3.503040e+08   -4.997727e+08   -2.373372e+08   -1.007950e+09   -1.960964e+08   -3.199123e+08   -1.184625e+09   -9.520487e+08     -6.396727e+08     -5.952665e+08     -6.840789e+08             -7.080779e+08
9     775 -1.163284e+08 -1.645425e+08 -0.000000e+00   -3.829709e+08 -3.079304e+07 -1.127294e+07 -6.976662e+07 -3.900258e+08 -3.591085e+08 -4.209431e+08 -3.113657e+08   -1.578124e+09    -2.898309e+08   -4.677473e+08   -2.427659e+08   -1.325682e+08   -3.937222e+08   -5.737776e+08   -6.516410e+08   -6.325162e+08   -3.398970e+08   -6.298633e+08   -1.979378e+08   -3.830472e+08   -5.495342e+08   -2.572261e+08   -1.115533e+09   -2.113014e+08   -3.492096e+08   -1.312356e+09   -1.053280e+09     -5.018584e+08     -4.709411e+08     -5.327757e+08             -6.943366e+08
  [CHECKPOINT] Saved: aggregate_costs
  -> Using total costs input: data/infraScanRoad/costs/total_costs_od.gpkg

================================================================================
PHASE 8: VISUALIZATION
================================================================================

   ID_new  ID_current                                                                                                                                                                                                                                                                                                                                                                                                                                                                                                                                                                                                                                                                                                                                                                                                                                                                                                                                                                                                                                                                                                                                                                                                                                                                                                                                                                                                                                                                                                                                                                                                                                                                                                                                                                                                                                                                                                                                                                                                                                                                                                                                                                                                                                                                                                                                                                                                                                                                                                                                                                                                                                                                                                                                                                                                                                                                                                                                                                                                                                                                                                                                                                                                                                                                                                            geometry
0       0           6                                                                                                                                                                                                                                                                                                                                                                                                                                                                                                                                                                                                                                                                                                                                                                                                                                                                                                                                                                                                                                                                                                                                                                                                                                                                                                                                                                                                                                                                                                                                                                                                                                                                                                                                                                                                                                                                                                                                                                                                                                                                                                                                                                                                                                                                                                                                                                                                                                                                                                                                                    LINESTRING (2701354.784 1241596.288, 2701350.000 1241450.000, 2701350.000 1241350.000, 2701350.000 1241250.000, 2701350.000 1241150.000, 2701350.000 1241050.000, 2701350.000 1240950.000, 2701250.000 1240850.000, 2701250.000 1240750.000, 2701250.000 1240650.000, 2701250.000 1240550.000, 2701250.000 1240450.000, 2701250.000 1240350.000, 2701250.000 1240250.000, 2701250.000 1240150.000, 2701350.000 1240050.000, 2701350.000 1239950.000, 2701350.000 1239850.000, 2701350.000 1239750.000, 2701350.000 1239650.000, 2701350.000 1239550.000, 2701350.000 1239450.000, 2701350.000 1239350.000, 2701450.000 1239250.000, 2701550.000 1239150.000, 2701650.000 1239050.000, 2701750.000 1238950.000, 2701850.000 1238850.000, 2701834.017 1238740.539)
1       2          38                                                                                                                                                                                                                                                                                                                                                                                                                                                                                                                                                                                                                                                                                                                                                                                                                                                                                                                                                                                                                                                                                                                                                                                                                                                                                                                                                                                                                                                                                                                                                                                                                                                                                                                                                                                                                                                                                                                                                                                                                                                                                                                                                                                                                                                                 LINESTRING (2701280.512 1248935.180, 2701150.000 1248950.000, 2701050.000 1248950.000, 2700950.000 1248850.000, 2700850.000 1248750.000, 2700750.000 1248750.000, 2700650.000 1248750.000, 2700550.000 1248650.000, 2700450.000 1248550.000, 2700350.000 1248450.000, 2700250.000 1248350.000, 2700150.000 1248250.000, 2700050.000 1248150.000, 2699950.000 1248050.000, 2699850.000 1247950.000, 2699750.000 1247950.000, 2699650.000 1247850.000, 2699550.000 1247750.000, 2699450.000 1247650.000, 2699350.000 1247550.000, 2699250.000 1247450.000, 2699150.000 1247350.000, 2699050.000 1247250.000, 2698950.000 1247150.000, 2698850.000 1247050.000, 2698750.000 1246950.000, 2698750.000 1246850.000, 2698650.000 1246750.000, 2698650.000 1246650.000, 2698550.000 1246550.000, 2698450.000 1246550.000, 2698350.000 1246550.000, 2698250.000 1246550.000, 2698150.000 1246550.000, 2698050.000 1246550.000, 2697950.000 1246550.000, 2697850.000 1246450.000, 2697750.000 1246350.000, 2697650.000 1246250.000, 2697566.723 1246277.025)
2       9           7  LINESTRING (2707083.735 1245499.765, 2707050.000 1245350.000, 2707050.000 1245250.000, 2707050.000 1245150.000, 2707050.000 1245050.000, 2707050.000 1244950.000, 2707050.000 1244850.000, 2707150.000 1244850.000, 2707250.000 1244850.000, 2707350.000 1244850.000, 2707350.000 1244750.000, 2707350.000 1244650.000, 2707450.000 1244650.000, 2707550.000 1244650.000, 2707550.000 1244550.000, 2707650.000 1244550.000, 2707650.000 1244450.000, 2707650.000 1244350.000, 2707650.000 1244250.000, 2707650.000 1244150.000, 2707650.000 1244050.000, 2707650.000 1243950.000, 2707650.000 1243850.000, 2707650.000 1243750.000, 2707650.000 1243650.000, 2707550.000 1243650.000, 2707450.000 1243650.000, 2707450.000 1243550.000, 2707450.000 1243450.000, 2707450.000 1243350.000, 2707450.000 1243250.000, 2707450.000 1243150.000, 2707450.000 1243050.000, 2707450.000 1242950.000, 2707450.000 1242850.000, 2707450.000 1242750.000, 2707450.000 1242650.000, 2707350.000 1242650.000, 2707250.000 1242650.000, 2707150.000 1242650.000, 2707050.000 1242650.000, 2706950.000 1242650.000, 2706850.000 1242650.000, 2706750.000 1242650.000, 2706750.000 1242550.000, 2706650.000 1242550.000, 2706550.000 1242550.000, 2706450.000 1242550.000, 2706350.000 1242550.000, 2706250.000 1242550.000, 2706150.000 1242550.000, 2706150.000 1242450.000, 2706050.000 1242450.000, 2705950.000 1242450.000, 2705850.000 1242450.000, 2705750.000 1242450.000, 2705650.000 1242450.000, 2705550.000 1242450.000, 2705450.000 1242450.000, 2705450.000 1242350.000, 2705450.000 1242250.000, 2705450.000 1242150.000, 2705350.000 1242150.000, 2705250.000 1242150.000, 2705150.000 1242150.000, 2705050.000 1242150.000, 2704950.000 1242150.000, 2704850.000 1242150.000, 2704750.000 1242150.000, 2704650.000 1242150.000, 2704550.000 1242150.000, 2704450.000 1242150.000, 2704350.000 1242150.000, 2704250.000 1242150.000, 2704150.000 1242150.000, 2704050.000 1242150.000, 2703950.000 1242050.000, 2703850.000 1241950.000, 2703750.000 1241850.000, 2703650.000 1241750.000, 2703550.000 1241650.000, 2703450.000 1241550.000, 2703350.000 1241450.000, 2703250.000 1241350.000, 2703150.000 1241250.000, 2703050.000 1241250.000, 2702950.000 1241250.000, 2702850.000 1241250.000, 2702750.000 1241150.000, 2702650.000 1241250.000, 2702550.000 1241250.000, 2702450.000 1241350.000, 2702350.000 1241250.000, 2702350.000 1241150.000, 2702350.000 1241050.000, 2702350.000 1240950.000, 2702350.000 1240850.000, 2702350.000 1240750.000, 2702350.000 1240650.000, 2702350.000 1240550.000, 2702450.000 1240450.000, 2702450.000 1240350.000, 2702450.000 1240250.000, 2702450.000 1240150.000, 2702450.000 1240050.000, 2702450.000 1239950.000, 2702450.000 1239850.000, 2702450.000 1239750.000, 2702550.000 1239650.000, 2702650.000 1239550.000, 2702750.000 1239450.000, 2702850.000 1239450.000, 2702950.000 1239350.000, 2703050.000 1239250.000, 2703150.000 1239150.000, 2703250.000 1239050.000, 2703350.000 1238950.000, 2703450.000 1238850.000, 2703550.000 1238850.000, 2703650.000 1238850.000, 2703750.000 1238850.000, 2703850.000 1238750.000, 2703950.000 1238650.000, 2704050.000 1238550.000, 2704150.000 1238550.000, 2704250.000 1238550.000, 2704367.197 1238505.537)
3      12           7                                                                                                                                                                                                                                                                                                                                                                                                                                                                                                                                                                                                                                                                                                                                                                                                                                                                                                                                                                                                                                                                                                                                                                                                LINESTRING (2706462.913 1242215.412, 2706450.000 1242350.000, 2706350.000 1242350.000, 2706250.000 1242350.000, 2706150.000 1242350.000, 2706150.000 1242450.000, 2706050.000 1242450.000, 2705950.000 1242450.000, 2705850.000 1242450.000, 2705750.000 1242450.000, 2705650.000 1242450.000, 2705550.000 1242450.000, 2705450.000 1242450.000, 2705450.000 1242350.000, 2705450.000 1242250.000, 2705450.000 1242150.000, 2705350.000 1242150.000, 2705250.000 1242150.000, 2705150.000 1242150.000, 2705050.000 1242150.000, 2704950.000 1242150.000, 2704850.000 1242150.000, 2704750.000 1242150.000, 2704650.000 1242150.000, 2704550.000 1242150.000, 2704450.000 1242150.000, 2704350.000 1242150.000, 2704250.000 1242150.000, 2704150.000 1242150.000, 2704050.000 1242150.000, 2703950.000 1242050.000, 2703850.000 1241950.000, 2703750.000 1241850.000, 2703650.000 1241750.000, 2703550.000 1241650.000, 2703450.000 1241550.000, 2703350.000 1241450.000, 2703250.000 1241350.000, 2703150.000 1241250.000, 2703050.000 1241250.000, 2702950.000 1241250.000, 2702850.000 1241250.000, 2702750.000 1241150.000, 2702650.000 1241250.000, 2702550.000 1241250.000, 2702450.000 1241350.000, 2702350.000 1241250.000, 2702350.000 1241150.000, 2702350.000 1241050.000, 2702350.000 1240950.000, 2702350.000 1240850.000, 2702350.000 1240750.000, 2702350.000 1240650.000, 2702350.000 1240550.000, 2702450.000 1240450.000, 2702450.000 1240350.000, 2702450.000 1240250.000, 2702450.000 1240150.000, 2702450.000 1240050.000, 2702450.000 1239950.000, 2702450.000 1239850.000, 2702450.000 1239750.000, 2702550.000 1239650.000, 2702650.000 1239550.000, 2702750.000 1239450.000, 2702850.000 1239450.000, 2702950.000 1239350.000, 2703050.000 1239250.000, 2703150.000 1239150.000, 2703250.000 1239050.000, 2703350.000 1238950.000, 2703450.000 1238850.000, 2703550.000 1238850.000, 2703650.000 1238850.000, 2703750.000 1238850.000, 2703850.000 1238750.000, 2703950.000 1238650.000, 2704050.000 1238550.000, 2704150.000 1238550.000, 2704250.000 1238550.000, 2704367.197 1238505.537)
4      15           6                                                                                                                                                                                                                                                                                                                                                                                                                                                                                                                                                                                                                                                                                                                                                                                                                                                                                                                                                                                                                                                                                                                                                                                                                                                                                                                                                                                                                                                                                                                                                                                                                                                                                                                                                                                                                                                                                                                                                                                                                                                                                                                                                                                                                                                                                                                                                                                                                                                                                                                                                                                                                                                                                                                                                                                                              LINESTRING (2701889.682 1240547.590, 2701850.000 1240450.000, 2701850.000 1240350.000, 2701950.000 1240250.000, 2702050.000 1240150.000, 2702050.000 1240050.000, 2702050.000 1239950.000, 2702050.000 1239850.000, 2702150.000 1239750.000, 2702150.000 1239650.000, 2702150.000 1239550.000, 2702150.000 1239450.000, 2702150.000 1239350.000, 2702050.000 1239250.000, 2702050.000 1239150.000, 2702050.000 1239050.000, 2702050.000 1238950.000, 2701950.000 1238850.000, 2701834.017 1238740.539)
  [PHASE 8] Using columns -> tt: tt_scenario_10, externalities: externalities_s1
min: -2574.23182568158, max: -261.87955404395944
min: -2175.6072245197442, max: 1002.0610072539229
min: -892.3352399016661, max: -378.6492559854071
Traceback (most recent call last):
  File "<frozen runpy>", line 198, in _run_module_as_main
  File "<frozen runpy>", line 88, in _run_code
  File "/cluster/home/lkuehner/MSc_Thesis/infraScan/infraScanRoad/main_pipeline.py", line 114, in <module>
    infrascanroad()
  File "/cluster/home/lkuehner/MSc_Thesis/infraScan/infraScanRoad/main_pipeline.py", line 79, in infrascanroad
    phase_8_visualization(voronoi_tt, innerboundary, network, boundary_plot,
  File "/cluster/home/lkuehner/MSc_Thesis/infraScan/infraScanRoad/pipeline.py", line 909, in phase_8_visualization
    plot_benefit_distribution_bar_single(df_costs=gdf_costs, column=overall_bar_col)
  File "/cluster/home/lkuehner/MSc_Thesis/infraScan/infraScanRoad/plots.py", line 674, in plot_benefit_distribution_bar_single
    plt.axvspan(min_shaded_region-0.5, custom_ticks.max()+0.5, color='lightgray', alpha=0.5)
                ~~~~~~~~~~~~~~~~~^~~~
TypeError: unsupported operand type(s) for -: 'NoneType' and 'float'
Development: 2 in scenario: scenario_31
Iteration limit reached    (Exit mode 9)
            Current function value: -23587362.201388035
            Iterations: 3
            Function evaluations: 3890
            Gradient evaluations: 2
Development: 103 in scenario: scenario_39
Optimization terminated successfully    (Exit mode 0)
            Current function value: -6117122.288273804
            Iterations: 1
            Function evaluations: 1956
            Gradient evaluations: 1
Development: 201 in scenario: scenario_85
Optimization terminated successfully    (Exit mode 0)
            Current function value: -4583869.79936929
            Iterations: 1
            Function evaluations: 1956
            Gradient evaluations: 1
Development: 201 in scenario: scenario_97
Optimization terminated successfully    (Exit mode 0)
            Current function value: -11761152.303337352
            Iterations: 1
            Function evaluations: 1956
            Gradient evaluations: 1
Development: 249 in scenario: scenario_96
Optimization terminated successfully    (Exit mode 0)
            Current function value: -22039466.406317104
            Iterations: 2
            Function evaluations: 3891
            Gradient evaluations: 2
Development: 334 in scenario: scenario_96
Optimization terminated successfully    (Exit mode 0)
            Current function value: -7197110.247143559
            Iterations: 1
            Function evaluations: 1944
            Gradient evaluations: 1
Development: 334 in scenario: scenario_35
Optimization terminated successfully    (Exit mode 0)
            Current function value: -9261814.9254756
            Iterations: 1
            Function evaluations: 1944
            Gradient evaluations: 1
Development: 469 in scenario: scenario_96
Optimization terminated successfully    (Exit mode 0)
            Current function value: -6202593.165731107
            Iterations: 1
            Function evaluations: 1956
            Gradient evaluations: 1
Development: 662 in scenario: scenario_100
Inequality constraints incompatible    (Exit mode 4)
            Current function value: -5725456.235405341
            Iterations: 1
            Function evaluations: 1943
            Gradient evaluations: 1
Development: 689 in scenario: scenario_100
Optimization terminated successfully    (Exit mode 0)
            Current function value: -5584020.299990649
            Iterations: 1
            Function evaluations: 1956
            Gradient evaluations: 1
Development: 750 in scenario: scenario_81
Iteration limit reached    (Exit mode 9)
            Current function value: -18517403.32779563
            Iterations: 3
            Function evaluations: 3890
            Gradient evaluations: 2
Development: 775 in scenario: scenario_81
Optimization terminated successfully    (Exit mode 0)
            Current function value: -5191086.206907463
            Iterations: 1
            Function evaluations: 1956
            Gradient evaluations: 1
Development: 789 in scenario: scenario_26
Optimization terminated successfully    (Exit mode 0)
            Current function value: -11221241.092702517
            Iterations: 2
            Function evaluations: 3887
            Gradient evaluations: 2
Development: 895 in scenario: scenario_55
Optimization terminated successfully    (Exit mode 0)
            Current function value: -6512630.91409102
            Iterations: 1
            Function evaluations: 1956
            Gradient evaluations: 1
Development: 2 in scenario: scenario_85
Optimization terminated successfully    (Exit mode 0)
            Current function value: -16351768.344160613
            Iterations: 2
            Function evaluations: 3891
            Gradient evaluations: 2
Development: 103 in scenario: scenario_100
Optimization terminated successfully    (Exit mode 0)
            Current function value: -5588749.70702605
            Iterations: 1
            Function evaluations: 1956
            Gradient evaluations: 1
Development: 201 in scenario: scenario_100
Optimization terminated successfully    (Exit mode 0)
            Current function value: -5606106.982087471
            Iterations: 1
            Function evaluations: 1956
            Gradient evaluations: 1
Development: 201 in scenario: scenario_35
Optimization terminated successfully    (Exit mode 0)
            Current function value: -8031973.3657001555
            Iterations: 1
            Function evaluations: 1956
            Gradient evaluations: 1
Development: 249 in scenario: scenario_35
Inequality constraints incompatible    (Exit mode 4)
            Current function value: -8013641.282581201
            Iterations: 1
            Function evaluations: 1945
            Gradient evaluations: 1
Development: 334 in scenario: scenario_63
Optimization terminated successfully    (Exit mode 0)
            Current function value: -9090273.711676339
            Iterations: 1
            Function evaluations: 1944
            Gradient evaluations: 1
Development: 469 in scenario: scenario_81
Optimization terminated successfully    (Exit mode 0)
            Current function value: -5198389.628572404
            Iterations: 1
            Function evaluations: 1956
            Gradient evaluations: 1
Development: 469 in scenario: scenario_10
Optimization terminated successfully    (Exit mode 0)
            Current function value: -12738990.344935901
            Iterations: 1
            Function evaluations: 1956
            Gradient evaluations: 1
Development: 662 in scenario: scenario_63
Optimization terminated successfully    (Exit mode 0)
            Current function value: -8051814.529862289
            Iterations: 1
            Function evaluations: 1954
            Gradient evaluations: 1
Development: 689 in scenario: scenario_47
Iteration limit reached    (Exit mode 9)
            Current function value: -15574875.925678426
            Iterations: 3
            Function evaluations: 3890
            Gradient evaluations: 2
Development: 750 in scenario: scenario_100
Inequality constraints incompatible    (Exit mode 4)
            Current function value: -5571881.000227556
            Iterations: 1
            Function evaluations: 1945
            Gradient evaluations: 1
Development: 775 in scenario: scenario_11
Optimization terminated successfully    (Exit mode 0)
            Current function value: -7235800.696883524
            Iterations: 1
            Function evaluations: 1956
            Gradient evaluations: 1
Development: 775 in scenario: scenario_97
Optimization terminated successfully    (Exit mode 0)
            Current function value: -11726866.52627151
            Iterations: 1
            Function evaluations: 1956
            Gradient evaluations: 1
Development: 789 in scenario: scenario_39
Optimization terminated successfully    (Exit mode 0)
            Current function value: -6242257.503804583
            Iterations: 1
            Function evaluations: 1954
            Gradient evaluations: 1
Development: 789 in scenario: scenario_98
Optimization terminated successfully    (Exit mode 0)
            Current function value: -10842988.953977756
            Iterations: 1
            Function evaluations: 1954
            Gradient evaluations: 1
Development: 895 in scenario: scenario_38
Optimization terminated successfully    (Exit mode 0)
            Current function value: -8374281.652927895
            Iterations: 1
            Function evaluations: 1956
            Gradient evaluations: 1
Development: 2 in scenario: scenario_100
Inequality constraints incompatible    (Exit mode 4)
            Current function value: -5581390.811475824
            Iterations: 1
            Function evaluations: 1945
            Gradient evaluations: 1
Development: 103 in scenario: scenario_84
Optimization terminated successfully    (Exit mode 0)
            Current function value: -10902265.652029362
            Iterations: 1
            Function evaluations: 1956
            Gradient evaluations: 1
Development: 201 in scenario: scenario_47
Optimization terminated successfully    (Exit mode 0)
            Current function value: -15542996.154675525
            Iterations: 2
            Function evaluations: 3901
            Gradient evaluations: 2
Development: 249 in scenario: scenario_81
Inequality constraints incompatible    (Exit mode 4)
            Current function value: -5205846.586932001
            Iterations: 1
            Function evaluations: 1945
            Gradient evaluations: 1
Development: 334 in scenario: scenario_38
Optimization terminated successfully    (Exit mode 0)
            Current function value: -9706424.27120226
            Iterations: 1
            Function evaluations: 1944
            Gradient evaluations: 1
Development: 469 in scenario: scenario_47
Optimization terminated successfully    (Exit mode 0)
            Current function value: -4372420.473897131
            Iterations: 1
            Function evaluations: 1956
            Gradient evaluations: 1
Development: 469 in scenario: scenario_35
Optimization terminated successfully    (Exit mode 0)
            Current function value: -8019415.4433715865
            Iterations: 1
            Function evaluations: 1956
            Gradient evaluations: 1
Development: 662 in scenario: scenario_41
Optimization terminated successfully    (Exit mode 0)
            Current function value: -8600055.820188263
            Iterations: 1
            Function evaluations: 1954
            Gradient evaluations: 1
Development: 689 in scenario: scenario_41
Optimization terminated successfully    (Exit mode 0)
            Current function value: -29772262.63789613
            Iterations: 2
            Function evaluations: 3891
            Gradient evaluations: 2
Development: 750 in scenario: scenario_55
Optimization terminated successfully    (Exit mode 0)
            Current function value: -6521859.42731016
            Iterations: 1
            Function evaluations: 1956
            Gradient evaluations: 1
Development: 750 in scenario: scenario_98
Optimization terminated successfully    (Exit mode 0)
            Current function value: -10619800.957323665
            Iterations: 1
            Function evaluations: 1956
            Gradient evaluations: 1
Development: 789 in scenario: scenario_23
Inequality constraints incompatible    (Exit mode 4)
            Current function value: -5107745.097494792
            Iterations: 1
            Function evaluations: 1943
            Gradient evaluations: 1
Development: 895 in scenario: scenario_47
Optimization terminated successfully    (Exit mode 0)
            Current function value: -15585628.219025454
            Iterations: 2
            Function evaluations: 3901
            Gradient evaluations: 2
Development: 2 in scenario: scenario_41
Optimization terminated successfully    (Exit mode 0)
            Current function value: -8383120.38702848
            Iterations: 1
            Function evaluations: 1956
            Gradient evaluations: 1
Development: 103 in scenario: scenario_26
Optimization terminated successfully    (Exit mode 0)
            Current function value: -10997140.261761757
            Iterations: 2
            Function evaluations: 3901
            Gradient evaluations: 2
Development: 201 in scenario: scenario_41
Inequality constraints incompatible    (Exit mode 4)
            Current function value: -8381505.123710007
            Iterations: 1
            Function evaluations: 1945
            Gradient evaluations: 1
Development: 249 in scenario: scenario_36
Optimization terminated successfully    (Exit mode 0)
            Current function value: -8537126.7400997
            Iterations: 1
            Function evaluations: 1956
            Gradient evaluations: 1
Development: 334 in scenario: scenario_47
Inequality constraints incompatible    (Exit mode 4)
            Current function value: -5059874.4036281295
            Iterations: 1
            Function evaluations: 1933
            Gradient evaluations: 1
Development: 469 in scenario: scenario_100
Inequality constraints incompatible    (Exit mode 4)
            Current function value: -5583510.208321518
            Iterations: 1
            Function evaluations: 1945
            Gradient evaluations: 1
Development: 662 in scenario: scenario_36
Optimization terminated successfully    (Exit mode 0)
            Current function value: -8741892.810411785
            Iterations: 1
            Function evaluations: 1954
            Gradient evaluations: 1
Development: 689 in scenario: scenario_35
Optimization terminated successfully    (Exit mode 0)
            Current function value: -7999778.812558026
            Iterations: 1
            Function evaluations: 1956
            Gradient evaluations: 1
Development: 750 in scenario: scenario_63
Optimization terminated successfully    (Exit mode 0)
            Current function value: -7835247.583254034
            Iterations: 1
            Function evaluations: 1956
            Gradient evaluations: 1
Development: 775 in scenario: scenario_63
Optimization terminated successfully    (Exit mode 0)
            Current function value: -7840864.511359229
            Iterations: 1
            Function evaluations: 1956
            Gradient evaluations: 1
Development: 789 in scenario: scenario_100
Optimization terminated successfully    (Exit mode 0)
            Current function value: -5703001.931730109
            Iterations: 1
            Function evaluations: 1954
            Gradient evaluations: 1
Development: 789 in scenario: scenario_10
Optimization terminated successfully    (Exit mode 0)
            Current function value: -12979697.690330945
            Iterations: 1
            Function evaluations: 1954
            Gradient evaluations: 1
Development: 895 in scenario: scenario_84
Optimization terminated successfully    (Exit mode 0)
            Current function value: -10881633.414571853
            Iterations: 1
            Function evaluations: 1956
            Gradient evaluations: 1
Development: 2 in scenario: scenario_96
Optimization terminated successfully    (Exit mode 0)
            Current function value: -6215925.373262486
            Iterations: 1
            Function evaluations: 1956
            Gradient evaluations: 1
Development: 2 in scenario: scenario_98
Optimization terminated successfully    (Exit mode 0)
            Current function value: -10637954.009521179
            Iterations: 1
            Function evaluations: 1956
            Gradient evaluations: 1
Development: 103 in scenario: scenario_98
Optimization terminated successfully    (Exit mode 0)
            Current function value: -10625093.88552607
            Iterations: 1
            Function evaluations: 1956
            Gradient evaluations: 1
Development: 201 in scenario: scenario_55
Optimization terminated successfully    (Exit mode 0)
            Current function value: -6545529.9085544655
            Iterations: 1
            Function evaluations: 1956
            Gradient evaluations: 1
Development: 249 in scenario: scenario_47
Optimization terminated successfully    (Exit mode 0)
            Current function value: -15559938.974300668
            Iterations: 2
            Function evaluations: 3901
            Gradient evaluations: 2
Development: 334 in scenario: scenario_26
Optimization terminated successfully    (Exit mode 0)
            Current function value: -3565895.677460427
            Iterations: 1
            Function evaluations: 1944
            Gradient evaluations: 1
Development: 334 in scenario: scenario_36
Inequality constraints incompatible    (Exit mode 4)
            Current function value: -9846382.9939417
            Iterations: 1
            Function evaluations: 1933
            Gradient evaluations: 1
Development: 662 in scenario: scenario_23
Optimization terminated successfully    (Exit mode 0)
            Current function value: -5140674.070447632
            Iterations: 1
            Function evaluations: 1954
            Gradient evaluations: 1
Development: 662 in scenario: scenario_96
Iteration limit reached    (Exit mode 9)
            Current function value: -22564206.21698532
            Iterations: 3
            Function evaluations: 3886
            Gradient evaluations: 2
Development: 689 in scenario: scenario_81
Optimization terminated successfully    (Exit mode 0)
            Current function value: -5185716.792518129
            Iterations: 1
            Function evaluations: 1956
            Gradient evaluations: 1
Development: 750 in scenario: scenario_85
Optimization terminated successfully    (Exit mode 0)
            Current function value: -16301396.966676163
            Iterations: 2
            Function evaluations: 3891
            Gradient evaluations: 2
Development: 750 in scenario: scenario_97
Optimization terminated successfully    (Exit mode 0)
            Current function value: -11717586.265668571
            Iterations: 1
            Function evaluations: 1956
            Gradient evaluations: 1
Development: 775 in scenario: scenario_35
Optimization terminated successfully    (Exit mode 0)
            Current function value: -8008557.836857845
            Iterations: 1
            Function evaluations: 1956
            Gradient evaluations: 1
Development: 789 in scenario: scenario_63
Inequality constraints incompatible    (Exit mode 4)
            Current function value: -7981328.199740351
            Iterations: 1
            Function evaluations: 1943
            Gradient evaluations: 1
Development: 895 in scenario: scenario_98
Optimization terminated successfully    (Exit mode 0)
            Current function value: -10604777.088929713
            Iterations: 1
            Function evaluations: 1956
            Gradient evaluations: 1
Development: 2 in scenario: scenario_38
Inequality constraints incompatible    (Exit mode 4)
            Current function value: -8382549.605635119
            Iterations: 1
            Function evaluations: 1945
            Gradient evaluations: 1
Development: 103 in scenario: scenario_38
Optimization terminated successfully    (Exit mode 0)
            Current function value: -8390307.656141827
            Iterations: 1
            Function evaluations: 1956
            Gradient evaluations: 1
Development: 201 in scenario: scenario_36
Optimization terminated successfully    (Exit mode 0)
            Current function value: -8537763.293033209
            Iterations: 1
            Function evaluations: 1956
            Gradient evaluations: 1
Development: 249 in scenario: scenario_39
Optimization terminated successfully    (Exit mode 0)
            Current function value: -6135922.626693836
            Iterations: 1
            Function evaluations: 1956
            Gradient evaluations: 1
Development: 249 in scenario: scenario_98
Optimization terminated successfully    (Exit mode 0)
            Current function value: -10657855.301928045
            Iterations: 1
            Function evaluations: 1956
            Gradient evaluations: 1
Development: 334 in scenario: scenario_31
Optimization terminated successfully    (Exit mode 0)
            Current function value: -7675632.243112635
            Iterations: 1
            Function evaluations: 1944
            Gradient evaluations: 1
Development: 334 in scenario: scenario_98
Optimization terminated successfully    (Exit mode 0)
            Current function value: -12321840.0056651
            Iterations: 1
            Function evaluations: 1944
            Gradient evaluations: 1
Development: 469 in scenario: scenario_55
Optimization terminated successfully    (Exit mode 0)
            Current function value: -6535389.056984038
            Iterations: 1
            Function evaluations: 1956
            Gradient evaluations: 1
Development: 662 in scenario: scenario_31
Optimization terminated successfully    (Exit mode 0)
            Current function value: -6800346.412238806
            Iterations: 1
            Function evaluations: 1954
            Gradient evaluations: 1
Development: 662 in scenario: scenario_98
Optimization terminated successfully    (Exit mode 0)
            Current function value: -10913459.062356405
            Iterations: 1
            Function evaluations: 1954
            Gradient evaluations: 1
Development: 689 in scenario: scenario_55
Optimization terminated successfully    (Exit mode 0)
            Current function value: -6519558.746452116
            Iterations: 1
            Function evaluations: 1956
            Gradient evaluations: 1
Development: 750 in scenario: scenario_23
Inequality constraints incompatible    (Exit mode 4)
            Current function value: -5003001.251039001
            Iterations: 1
            Function evaluations: 1945
            Gradient evaluations: 1
Development: 775 in scenario: scenario_39
Optimization terminated successfully    (Exit mode 0)
            Current function value: -6118542.235901146
            Iterations: 1
            Function evaluations: 1956
            Gradient evaluations: 1
Development: 775 in scenario: scenario_36
Optimization terminated successfully    (Exit mode 0)
            Current function value: -8512893.491684107
            Iterations: 1
            Function evaluations: 1956
            Gradient evaluations: 1
Development: 789 in scenario: scenario_31
Iteration limit reached    (Exit mode 9)
            Current function value: -24028825.637636553
            Iterations: 3
            Function evaluations: 3886
            Gradient evaluations: 2
Development: 895 in scenario: scenario_81
Optimization terminated successfully    (Exit mode 0)
            Current function value: -5180225.976499581
            Iterations: 1
            Function evaluations: 1956
            Gradient evaluations: 1
Development: 895 in scenario: scenario_36
Optimization terminated successfully    (Exit mode 0)
            Current function value: -8494548.798397414
            Iterations: 1
            Function evaluations: 1956
            Gradient evaluations: 1
Development: 2 in scenario: scenario_47
Optimization terminated successfully    (Exit mode 0)
            Current function value: -15619031.022977592
            Iterations: 2
            Function evaluations: 3891
            Gradient evaluations: 2
Development: 103 in scenario: scenario_81
Optimization terminated successfully    (Exit mode 0)
            Current function value: -5203268.689570548
            Iterations: 1
            Function evaluations: 1956
            Gradient evaluations: 1
Development: 103 in scenario: scenario_63
Optimization terminated successfully    (Exit mode 0)
            Current function value: -7822424.241908944
            Iterations: 1
            Function evaluations: 1956
            Gradient evaluations: 1
Development: 201 in scenario: scenario_63
Optimization terminated successfully    (Exit mode 0)
            Current function value: -7863763.299475984
            Iterations: 1
            Function evaluations: 1956
            Gradient evaluations: 1
Development: 249 in scenario: scenario_100
Optimization terminated successfully    (Exit mode 0)
            Current function value: -5599128.864919609
            Iterations: 1
            Function evaluations: 1956
            Gradient evaluations: 1
Development: 249 in scenario: scenario_84
Optimization terminated successfully    (Exit mode 0)
            Current function value: -10935980.76514139
            Iterations: 1
            Function evaluations: 1956
            Gradient evaluations: 1
Development: 334 in scenario: scenario_81
Optimization terminated successfully    (Exit mode 0)
            Current function value: -6031116.21099783
            Iterations: 1
            Function evaluations: 1944
            Gradient evaluations: 1
Development: 469 in scenario: scenario_85
Optimization terminated successfully    (Exit mode 0)
            Current function value: -4577007.430096806
            Iterations: 1
            Function evaluations: 1956
            Gradient evaluations: 1
Development: 469 in scenario: scenario_97
Optimization terminated successfully    (Exit mode 0)
            Current function value: -11742575.1145851
            Iterations: 1
            Function evaluations: 1956
            Gradient evaluations: 1
Development: 689 in scenario: scenario_23
Optimization terminated successfully    (Exit mode 0)
            Current function value: -5012813.871349396
            Iterations: 1
            Function evaluations: 1956
            Gradient evaluations: 1
Development: 689 in scenario: scenario_84
Optimization terminated successfully    (Exit mode 0)
            Current function value: -10893223.360043647
            Iterations: 1
            Function evaluations: 1956
            Gradient evaluations: 1
Development: 750 in scenario: scenario_47
Iteration limit reached    (Exit mode 9)
            Current function value: -15570926.543352278
            Iterations: 3
            Function evaluations: 3890
            Gradient evaluations: 2
Development: 775 in scenario: scenario_85
Optimization terminated successfully    (Exit mode 0)
            Current function value: -4570580.9159692675
            Iterations: 1
            Function evaluations: 1956
            Gradient evaluations: 1
Development: 775 in scenario: scenario_31
Optimization terminated successfully    (Exit mode 0)
            Current function value: -6622625.75072553
            Iterations: 1
            Function evaluations: 1956
            Gradient evaluations: 1
Development: 789 in scenario: scenario_55
Optimization terminated successfully    (Exit mode 0)
            Current function value: -6658548.909578394
            Iterations: 1
            Function evaluations: 1954
            Gradient evaluations: 1
Development: 895 in scenario: scenario_23
Optimization terminated successfully    (Exit mode 0)
            Current function value: -5008700.561541188
            Iterations: 1
            Function evaluations: 1956
            Gradient evaluations: 1
Development: 2 in scenario: scenario_81
Iteration limit reached    (Exit mode 9)
            Current function value: -18574634.424818333
            Iterations: 3
            Function evaluations: 3890
            Gradient evaluations: 2
Development: 103 in scenario: scenario_41
Optimization terminated successfully    (Exit mode 0)
            Current function value: -29807148.93290696
            Iterations: 2
            Function evaluations: 3891
            Gradient evaluations: 2
Development: 201 in scenario: scenario_84
Optimization terminated successfully    (Exit mode 0)
            Current function value: -10936753.947372595
            Iterations: 1
            Function evaluations: 1956
            Gradient evaluations: 1
Development: 249 in scenario: scenario_26
Optimization terminated successfully    (Exit mode 0)
            Current function value: -10973671.243249416
            Iterations: 2
            Function evaluations: 3891
            Gradient evaluations: 2
Development: 334 in scenario: scenario_55
Optimization terminated successfully    (Exit mode 0)
            Current function value: -7564145.2836625865
            Iterations: 1
            Function evaluations: 1944
            Gradient evaluations: 1
Development: 469 in scenario: scenario_84
Optimization terminated successfully    (Exit mode 0)
            Current function value: -10919974.139730789
            Iterations: 1
            Function evaluations: 1956
            Gradient evaluations: 1
Development: 662 in scenario: scenario_85
Optimization terminated successfully    (Exit mode 0)
            Current function value: -16677577.05826049
            Iterations: 2
            Function evaluations: 3887
            Gradient evaluations: 2
Development: 689 in scenario: scenario_26
Optimization terminated successfully    (Exit mode 0)
            Current function value: -3081731.1846197518
            Iterations: 1
            Function evaluations: 1956
            Gradient evaluations: 1
Development: 689 in scenario: scenario_63
Optimization terminated successfully    (Exit mode 0)
            Current function value: -7832472.27412915
            Iterations: 1
            Function evaluations: 1956
            Gradient evaluations: 1
Development: 750 in scenario: scenario_26
Optimization terminated successfully    (Exit mode 0)
            Current function value: -3083068.564212649
            Iterations: 1
            Function evaluations: 1956
            Gradient evaluations: 1
Development: 750 in scenario: scenario_41
Optimization terminated successfully    (Exit mode 0)
            Current function value: -8368800.7216165485
            Iterations: 1
            Function evaluations: 1956
            Gradient evaluations: 1
Development: 775 in scenario: scenario_84
Optimization terminated successfully    (Exit mode 0)
            Current function value: -10904922.037336877
            Iterations: 1
            Function evaluations: 1956
            Gradient evaluations: 1
Development: 789 in scenario: scenario_47
Iteration limit reached    (Exit mode 9)
            Current function value: -15911058.23522584
            Iterations: 3
            Function evaluations: 3886
            Gradient evaluations: 2
Development: 895 in scenario: scenario_85
Optimization terminated successfully    (Exit mode 0)
            Current function value: -16316797.896142537
            Iterations: 2
            Function evaluations: 3901
            Gradient evaluations: 2
Development: 2 in scenario: scenario_23
Optimization terminated successfully    (Exit mode 0)
            Current function value: -5011609.93324919
            Iterations: 1
            Function evaluations: 1956
            Gradient evaluations: 1
Development: 2 in scenario: scenario_63
Optimization terminated successfully    (Exit mode 0)
            Current function value: -7848598.817188953
            Iterations: 1
            Function evaluations: 1956
            Gradient evaluations: 1
Development: 103 in scenario: scenario_35
Optimization terminated successfully    (Exit mode 0)
            Current function value: -8006555.682905824
            Iterations: 1
            Function evaluations: 1956
            Gradient evaluations: 1
Development: 201 in scenario: scenario_39
Optimization terminated successfully    (Exit mode 0)
            Current function value: -6136367.26781472
            Iterations: 1
            Function evaluations: 1956
            Gradient evaluations: 1
Development: 249 in scenario: scenario_85
Optimization terminated successfully    (Exit mode 0)
            Current function value: -16289873.614067657
            Iterations: 2
            Function evaluations: 3891
            Gradient evaluations: 2
Development: 249 in scenario: scenario_10
Optimization terminated successfully    (Exit mode 0)
            Current function value: -12758500.529325794
            Iterations: 1
            Function evaluations: 1956
            Gradient evaluations: 1
Development: 334 in scenario: scenario_97
Optimization terminated successfully    (Exit mode 0)
            Current function value: -13596325.765719933
            Iterations: 1
            Function evaluations: 1944
            Gradient evaluations: 1
Development: 469 in scenario: scenario_41
Optimization terminated successfully    (Exit mode 0)
            Current function value: -8368371.640870748
            Iterations: 1
            Function evaluations: 1956
            Gradient evaluations: 1
Development: 662 in scenario: scenario_26
Optimization terminated successfully    (Exit mode 0)
            Current function value: -3159863.4389319154
            Iterations: 1
            Function evaluations: 1954
            Gradient evaluations: 1
Development: 662 in scenario: scenario_84
Optimization terminated successfully    (Exit mode 0)
            Current function value: -11197682.788318874
            Iterations: 1
            Function evaluations: 1954
            Gradient evaluations: 1
Development: 689 in scenario: scenario_85
Optimization terminated successfully    (Exit mode 0)
            Current function value: -4565854.86332184
            Iterations: 1
            Function evaluations: 1956
            Gradient evaluations: 1
Development: 689 in scenario: scenario_10
Optimization terminated successfully    (Exit mode 0)
            Current function value: -12707805.083588898
            Iterations: 1
            Function evaluations: 1956
            Gradient evaluations: 1
Development: 750 in scenario: scenario_11
Optimization terminated successfully    (Exit mode 0)
            Current function value: -7230904.399487876
            Iterations: 1
            Function evaluations: 1956
            Gradient evaluations: 1
Development: 775 in scenario: scenario_26
Optimization terminated successfully    (Exit mode 0)
            Current function value: -3077342.227127786
            Iterations: 1
            Function evaluations: 1956
            Gradient evaluations: 1
Development: 775 in scenario: scenario_41
Optimization terminated successfully    (Exit mode 0)
            Current function value: -8374740.389415314
            Iterations: 1
            Function evaluations: 1956
            Gradient evaluations: 1
Development: 789 in scenario: scenario_41
Optimization terminated successfully    (Exit mode 0)
            Current function value: -30415567.95658289
            Iterations: 2
            Function evaluations: 3887
            Gradient evaluations: 2
Development: 895 in scenario: scenario_96
Optimization terminated successfully    (Exit mode 0)
            Current function value: -22075382.942919604
            Iterations: 2
            Function evaluations: 3891
            Gradient evaluations: 2
Development: 2 in scenario: scenario_36
Optimization terminated successfully    (Exit mode 0)
            Current function value: -8521139.7129791
            Iterations: 1
            Function evaluations: 1956
            Gradient evaluations: 1
Development: 103 in scenario: scenario_23
Optimization terminated successfully    (Exit mode 0)
            Current function value: -5018213.834264523
            Iterations: 1
            Function evaluations: 1956
            Gradient evaluations: 1
Development: 103 in scenario: scenario_36
Optimization terminated successfully    (Exit mode 0)
            Current function value: -8510826.586635007
            Iterations: 1
            Function evaluations: 1956
            Gradient evaluations: 1
Development: 201 in scenario: scenario_11
Inequality constraints incompatible    (Exit mode 4)
            Current function value: -7239222.983701514
            Iterations: 1
            Function evaluations: 1945
            Gradient evaluations: 1
Development: 249 in scenario: scenario_55
Optimization terminated successfully    (Exit mode 0)
            Current function value: -6545069.398487154
            Iterations: 1
            Function evaluations: 1956
            Gradient evaluations: 1
Development: 334 in scenario: scenario_39
Optimization terminated successfully    (Exit mode 0)
            Current function value: -7091241.700555177
            Iterations: 1
            Function evaluations: 1944
            Gradient evaluations: 1
Development: 469 in scenario: scenario_11
Optimization terminated successfully    (Exit mode 0)
            Current function value: -7228177.729698819
            Iterations: 1
            Function evaluations: 1956
            Gradient evaluations: 1
Development: 469 in scenario: scenario_36
Optimization terminated successfully    (Exit mode 0)
            Current function value: -8524498.93983838
            Iterations: 1
            Function evaluations: 1956
            Gradient evaluations: 1
Development: 662 in scenario: scenario_81
Optimization terminated successfully    (Exit mode 0)
            Current function value: -18944789.214632004
            Iterations: 2
            Function evaluations: 3897
            Gradient evaluations: 2
Development: 689 in scenario: scenario_11
Inequality constraints incompatible    (Exit mode 4)
            Current function value: -7210570.757491463
            Iterations: 1
            Function evaluations: 1945
            Gradient evaluations: 1
Development: 750 in scenario: scenario_84
Optimization terminated successfully    (Exit mode 0)
            Current function value: -10896403.50457961
            Iterations: 1
            Function evaluations: 1956
            Gradient evaluations: 1
Development: 775 in scenario: scenario_47
Optimization terminated successfully    (Exit mode 0)
            Current function value: -4366305.605796375
            Iterations: 1
            Function evaluations: 1956
            Gradient evaluations: 1
Development: 775 in scenario: scenario_98
Optimization terminated successfully    (Exit mode 0)
            Current function value: -10627596.324503813
            Iterations: 1
            Function evaluations: 1956
            Gradient evaluations: 1
Development: 789 in scenario: scenario_11
Optimization terminated successfully    (Exit mode 0)
            Current function value: -7382844.309559826
            Iterations: 1
            Function evaluations: 1954
            Gradient evaluations: 1
Development: 789 in scenario: scenario_97
Optimization terminated successfully    (Exit mode 0)
            Current function value: -11963912.190092519
            Iterations: 1
            Function evaluations: 1954
            Gradient evaluations: 1
Development: 895 in scenario: scenario_31
Optimization terminated successfully    (Exit mode 0)
            Current function value: -23536868.629128747
            Iterations: 2
            Function evaluations: 3901
            Gradient evaluations: 2
Development: 2 in scenario: scenario_11
Optimization terminated successfully    (Exit mode 0)
            Current function value: -7243364.239620826
            Iterations: 1
            Function evaluations: 1956
            Gradient evaluations: 1
Development: 103 in scenario: scenario_47
Optimization terminated successfully    (Exit mode 0)
            Current function value: -4365461.791813564
            Iterations: 1
            Function evaluations: 1956
            Gradient evaluations: 1
Development: 103 in scenario: scenario_96
Optimization terminated successfully    (Exit mode 0)
            Current function value: -6208414.6857514195
            Iterations: 1
            Function evaluations: 1956
            Gradient evaluations: 1
Development: 201 in scenario: scenario_81
Optimization terminated successfully    (Exit mode 0)
            Current function value: -5206181.547631131
            Iterations: 1
            Function evaluations: 1956
            Gradient evaluations: 1
Development: 201 in scenario: scenario_98
Optimization terminated successfully    (Exit mode 0)
            Current function value: -10658634.2348378
            Iterations: 1
            Function evaluations: 1956
            Gradient evaluations: 1
Development: 249 in scenario: scenario_38
Inequality constraints incompatible    (Exit mode 4)
            Current function value: -8398388.387690313
            Iterations: 1
            Function evaluations: 1945
            Gradient evaluations: 1
Development: 334 in scenario: scenario_84
Optimization terminated successfully    (Exit mode 0)
            Current function value: -12643341.090448147
            Iterations: 1
            Function evaluations: 1944
            Gradient evaluations: 1
Development: 469 in scenario: scenario_38
Optimization terminated successfully    (Exit mode 0)
            Current function value: -8403801.627969181
            Iterations: 1
            Function evaluations: 1956
            Gradient evaluations: 1
Development: 662 in scenario: scenario_39
Optimization terminated successfully    (Exit mode 0)
            Current function value: -6282724.082528271
            Iterations: 1
            Function evaluations: 1954
            Gradient evaluations: 1
Development: 662 in scenario: scenario_97
Optimization terminated successfully    (Exit mode 0)
            Current function value: -12041791.548910046
            Iterations: 1
            Function evaluations: 1954
            Gradient evaluations: 1
Development: 689 in scenario: scenario_36
Optimization terminated successfully    (Exit mode 0)
            Current function value: -8503622.815985853
            Iterations: 1
            Function evaluations: 1956
            Gradient evaluations: 1
Development: 750 in scenario: scenario_35
Optimization terminated successfully    (Exit mode 0)
            Current function value: -7999910.6936227735
            Iterations: 1
            Function evaluations: 1956
            Gradient evaluations: 1
Development: 775 in scenario: scenario_100
Optimization terminated successfully    (Exit mode 0)
            Current function value: -5575833.449956786
            Iterations: 1
            Function evaluations: 1956
            Gradient evaluations: 1
Development: 789 in scenario: scenario_96
Optimization terminated successfully    (Exit mode 0)
            Current function value: -22536719.851448037
            Iterations: 2
            Function evaluations: 3887
            Gradient evaluations: 2
Development: 895 in scenario: scenario_11
Optimization terminated successfully    (Exit mode 0)
            Current function value: -7220770.087439081
            Iterations: 1
            Function evaluations: 1956
            Gradient evaluations: 1
Development: 895 in scenario: scenario_63
Optimization terminated successfully    (Exit mode 0)
            Current function value: -7824090.906373314
            Iterations: 1
            Function evaluations: 1956
            Gradient evaluations: 1
Development: 2 in scenario: scenario_84
Optimization terminated successfully    (Exit mode 0)
            Current function value: -10915691.984708808
            Iterations: 1
            Function evaluations: 1956
            Gradient evaluations: 1
Development: 2 in scenario: scenario_97
Inequality constraints incompatible    (Exit mode 4)
            Current function value: -11720037.64681244
            Iterations: 1
            Function evaluations: 1945
            Gradient evaluations: 1
Development: 201 in scenario: scenario_26
Optimization terminated successfully    (Exit mode 0)
            Current function value: -3086275.836817259
            Iterations: 1
            Function evaluations: 1956
            Gradient evaluations: 1
Development: 249 in scenario: scenario_23
Optimization terminated successfully    (Exit mode 0)
            Current function value: -5033216.042915921
            Iterations: 1
            Function evaluations: 1956
            Gradient evaluations: 1
Development: 249 in scenario: scenario_63
Optimization terminated successfully    (Exit mode 0)
            Current function value: -7863216.060358238
            Iterations: 1
            Function evaluations: 1956
            Gradient evaluations: 1
Development: 334 in scenario: scenario_11
Optimization terminated successfully    (Exit mode 0)
            Current function value: -8386881.72140744
            Iterations: 1
            Function evaluations: 1944
            Gradient evaluations: 1
Development: 469 in scenario: scenario_39
Optimization terminated successfully    (Exit mode 0)
            Current function value: -6125677.161674887
            Iterations: 1
            Function evaluations: 1956
            Gradient evaluations: 1
Development: 469 in scenario: scenario_98
Optimization terminated successfully    (Exit mode 0)
            Current function value: -10642156.664848749
            Iterations: 1
            Function evaluations: 1956
            Gradient evaluations: 1
Development: 662 in scenario: scenario_55
Optimization terminated successfully    (Exit mode 0)
            Current function value: -6701675.841918753
            Iterations: 1
            Function evaluations: 1954
            Gradient evaluations: 1
Development: 662 in scenario: scenario_10
Optimization terminated successfully    (Exit mode 0)
            Current function value: -13064445.431899725
            Iterations: 1
            Function evaluations: 1954
            Gradient evaluations: 1
Development: 689 in scenario: scenario_38
Inequality constraints incompatible    (Exit mode 4)
            Current function value: -8365369.96850852
            Iterations: 1
            Function evaluations: 1945
            Gradient evaluations: 1
Development: 750 in scenario: scenario_36
Optimization terminated successfully    (Exit mode 0)
            Current function value: -8506648.588728081
            Iterations: 1
            Function evaluations: 1956
            Gradient evaluations: 1
Development: 775 in scenario: scenario_10
Optimization terminated successfully    (Exit mode 0)
            Current function value: -12722320.380713616
            Iterations: 1
            Function evaluations: 1956
            Gradient evaluations: 1
Development: 789 in scenario: scenario_81
Optimization terminated successfully    (Exit mode 0)
            Current function value: -5296162.209137291
            Iterations: 1
            Function evaluations: 1954
            Gradient evaluations: 1
Development: 789 in scenario: scenario_36
Optimization terminated successfully    (Exit mode 0)
            Current function value: -8685439.277479796
            Iterations: 1
            Function evaluations: 1954
            Gradient evaluations: 1
Development: 895 in scenario: scenario_100
Inequality constraints incompatible    (Exit mode 4)
            Current function value: -5563993.933087225
            Iterations: 1
            Function evaluations: 1945
            Gradient evaluations: 1
Development: 2 in scenario: scenario_26
Optimization terminated successfully    (Exit mode 0)
            Current function value: -11015413.720922673
            Iterations: 2
            Function evaluations: 3891
            Gradient evaluations: 2
Development: 103 in scenario: scenario_55
Optimization terminated successfully    (Exit mode 0)
            Current function value: -6525075.21681054
            Iterations: 1
            Function evaluations: 1956
            Gradient evaluations: 1
Development: 103 in scenario: scenario_97
Optimization terminated successfully    (Exit mode 0)
            Current function value: -11723802.434014006
            Iterations: 1
            Function evaluations: 1956
            Gradient evaluations: 1
Development: 201 in scenario: scenario_31
Optimization terminated successfully    (Exit mode 0)
            Current function value: -6641933.421337494
            Iterations: 1
            Function evaluations: 1956
            Gradient evaluations: 1
Development: 201 in scenario: scenario_10
Inequality constraints incompatible    (Exit mode 4)
            Current function value: -12741895.899097564
            Iterations: 1
            Function evaluations: 1945
            Gradient evaluations: 1
Development: 334 in scenario: scenario_85
Inequality constraints incompatible    (Exit mode 4)
            Current function value: -5296637.085784493
            Iterations: 1
            Function evaluations: 1933
            Gradient evaluations: 1
Development: 469 in scenario: scenario_31
Optimization terminated successfully    (Exit mode 0)
            Current function value: -6631578.0522352345
            Iterations: 1
            Function evaluations: 1956
            Gradient evaluations: 1
Development: 662 in scenario: scenario_38
Optimization terminated successfully    (Exit mode 0)
            Current function value: -8617979.194315737
            Iterations: 1
            Function evaluations: 1954
            Gradient evaluations: 1
Development: 689 in scenario: scenario_96
Optimization terminated successfully    (Exit mode 0)
            Current function value: -6203170.623855997
            Iterations: 1
            Function evaluations: 1956
            Gradient evaluations: 1
Development: 750 in scenario: scenario_96
Optimization terminated successfully    (Exit mode 0)
            Current function value: -22054684.498314228
            Iterations: 2
            Function evaluations: 3901
            Gradient evaluations: 2
Development: 775 in scenario: scenario_38
Inequality constraints incompatible    (Exit mode 4)
            Current function value: -8374602.321085337
            Iterations: 1
            Function evaluations: 1945
            Gradient evaluations: 1
Development: 789 in scenario: scenario_35
Optimization terminated successfully    (Exit mode 0)
            Current function value: -8170857.981065678
            Iterations: 1
            Function evaluations: 1954
            Gradient evaluations: 1
Development: 895 in scenario: scenario_35
Optimization terminated successfully    (Exit mode 0)
            Current function value: -7973358.243128226
            Iterations: 1
            Function evaluations: 1956
            Gradient evaluations: 1
Development: 2 in scenario: scenario_39
Optimization terminated successfully    (Exit mode 0)
            Current function value: -6124524.083745946
            Iterations: 1
            Function evaluations: 1956
            Gradient evaluations: 1
Development: 2 in scenario: scenario_10
Optimization terminated successfully    (Exit mode 0)
            Current function value: -12733658.081718575
            Iterations: 1
            Function evaluations: 1956
            Gradient evaluations: 1
Development: 103 in scenario: scenario_31
Iteration limit reached    (Exit mode 9)
            Current function value: -23548275.921849042
            Iterations: 3
            Function evaluations: 3890
            Gradient evaluations: 2
Development: 201 in scenario: scenario_38
Optimization terminated successfully    (Exit mode 0)
            Current function value: -8416713.06633797
            Iterations: 1
            Function evaluations: 1956
            Gradient evaluations: 1
Development: 249 in scenario: scenario_41
Optimization terminated successfully    (Exit mode 0)
            Current function value: -8398600.871554188
            Iterations: 1
            Function evaluations: 1956
            Gradient evaluations: 1
Development: 334 in scenario: scenario_23
Optimization terminated successfully    (Exit mode 0)
            Current function value: -5801627.7922036
            Iterations: 1
            Function evaluations: 1944
            Gradient evaluations: 1
Development: 334 in scenario: scenario_10
Optimization terminated successfully    (Exit mode 0)
            Current function value: -14750703.427097257
            Iterations: 1
            Function evaluations: 1944
            Gradient evaluations: 1
Development: 469 in scenario: scenario_63
Optimization terminated successfully    (Exit mode 0)
            Current function value: -7833664.51445648
            Iterations: 1
            Function evaluations: 1956
            Gradient evaluations: 1
Development: 662 in scenario: scenario_11
Inequality constraints incompatible    (Exit mode 4)
            Current function value: -7411970.431175762
            Iterations: 1
            Function evaluations: 1943
            Gradient evaluations: 1
Development: 689 in scenario: scenario_39
Optimization terminated successfully    (Exit mode 0)
            Current function value: -6111955.1495983
            Iterations: 1
            Function evaluations: 1956
            Gradient evaluations: 1
Development: 689 in scenario: scenario_98
Optimization terminated successfully    (Exit mode 0)
            Current function value: -10616100.088152561
            Iterations: 1
            Function evaluations: 1956
            Gradient evaluations: 1
Development: 750 in scenario: scenario_31
Optimization terminated successfully    (Exit mode 0)
            Current function value: -6617767.775554605
            Iterations: 1
            Function evaluations: 1956
            Gradient evaluations: 1
Development: 750 in scenario: scenario_10
Inequality constraints incompatible    (Exit mode 4)
            Current function value: -12694691.054218959
            Iterations: 1
            Function evaluations: 1945
            Gradient evaluations: 1
Development: 789 in scenario: scenario_85
Inequality constraints incompatible    (Exit mode 4)
            Current function value: -4663079.896322086
            Iterations: 1
            Function evaluations: 1943
            Gradient evaluations: 1
Development: 895 in scenario: scenario_39
Optimization terminated successfully    (Exit mode 0)
            Current function value: -6105448.981915446
            Iterations: 1
            Function evaluations: 1956
            Gradient evaluations: 1
Development: 895 in scenario: scenario_10
Optimization terminated successfully    (Exit mode 0)
            Current function value: -12694245.379202046
            Iterations: 1
            Function evaluations: 1956
            Gradient evaluations: 1
Development: 2 in scenario: scenario_55
Optimization terminated successfully    (Exit mode 0)
            Current function value: -6516477.8400654085
            Iterations: 1
            Function evaluations: 1956
            Gradient evaluations: 1
Development: 103 in scenario: scenario_85
Optimization terminated successfully    (Exit mode 0)
            Current function value: -4569720.553720138
            Iterations: 1
            Function evaluations: 1956
            Gradient evaluations: 1
Development: 201 in scenario: scenario_23
Inequality constraints incompatible    (Exit mode 4)
            Current function value: -5020861.540894414
            Iterations: 1
            Function evaluations: 1945
            Gradient evaluations: 1
Development: 249 in scenario: scenario_31
Optimization terminated successfully    (Exit mode 0)
            Current function value: -6624807.787875174
            Iterations: 1
            Function evaluations: 1956
            Gradient evaluations: 1
Development: 249 in scenario: scenario_97
Optimization terminated successfully    (Exit mode 0)
            Current function value: -11759938.697192999
            Iterations: 1
            Function evaluations: 1956
            Gradient evaluations: 1
Development: 334 in scenario: scenario_41
Optimization terminated successfully    (Exit mode 0)
            Current function value: -9686106.851709632
            Iterations: 1
            Function evaluations: 1944
            Gradient evaluations: 1
Development: 469 in scenario: scenario_26
Iteration limit reached    (Exit mode 9)
            Current function value: -11041299.187666396
            Iterations: 3
            Function evaluations: 3890
            Gradient evaluations: 2
Development: 662 in scenario: scenario_35
Inequality constraints incompatible    (Exit mode 4)
            Current function value: -8205430.8855530415
            Iterations: 1
            Function evaluations: 1943
            Gradient evaluations: 1
Development: 689 in scenario: scenario_97
Optimization terminated successfully    (Exit mode 0)
            Current function value: -11713726.143891685
            Iterations: 1
            Function evaluations: 1956
            Gradient evaluations: 1
Development: 750 in scenario: scenario_38
Optimization terminated successfully    (Exit mode 0)
            Current function value: -8386160.587784136
            Iterations: 1
            Function evaluations: 1956
            Gradient evaluations: 1
Development: 775 in scenario: scenario_23
Optimization terminated successfully    (Exit mode 0)
            Current function value: -5006319.586825697
            Iterations: 1
            Function evaluations: 1956
            Gradient evaluations: 1
Development: 775 in scenario: scenario_96
Optimization terminated successfully    (Exit mode 0)
            Current function value: -21968156.23763202
            Iterations: 2
            Function evaluations: 3901
            Gradient evaluations: 2
Development: 789 in scenario: scenario_38
Optimization terminated successfully    (Exit mode 0)
            Current function value: -8562409.76580858
            Iterations: 1
            Function evaluations: 1954
            Gradient evaluations: 1
Development: 895 in scenario: scenario_26
Optimization terminated successfully    (Exit mode 0)
            Current function value: -3070962.0157578466
            Iterations: 1
            Function evaluations: 1956
            Gradient evaluations: 1
Development: 895 in scenario: scenario_97
Optimization terminated successfully    (Exit mode 0)
            Current function value: -11683983.248658033
            Iterations: 1
            Function evaluations: 1956
            Gradient evaluations: 1
Development: 2 in scenario: scenario_35
Optimization terminated successfully    (Exit mode 0)
            Current function value: -8016250.166035469
            Iterations: 1
            Function evaluations: 1956
            Gradient evaluations: 1
Development: 103 in scenario: scenario_11
Optimization terminated successfully    (Exit mode 0)
            Current function value: -7216676.991280466
            Iterations: 1
            Function evaluations: 1956
            Gradient evaluations: 1
Development: 103 in scenario: scenario_10
Optimization terminated successfully    (Exit mode 0)
            Current function value: -12716776.11010899
            Iterations: 1
            Function evaluations: 1956
            Gradient evaluations: 1
Development: 201 in scenario: scenario_96
Optimization terminated successfully    (Exit mode 0)
            Current function value: -22015543.51710616
            Iterations: 2
            Function evaluations: 3891
            Gradient evaluations: 2
Development: 249 in scenario: scenario_11
Optimization terminated successfully    (Exit mode 0)
            Current function value: -7256450.344178069
            Iterations: 1
            Function evaluations: 1956
            Gradient evaluations: 1
Development: 334 in scenario: scenario_100
Optimization terminated successfully    (Exit mode 0)
            Current function value: -6478272.8324308405
            Iterations: 1
            Function evaluations: 1944
            Gradient evaluations: 1
Development: 469 in scenario: scenario_23
Optimization terminated successfully    (Exit mode 0)
            Current function value: -5026273.449981704
            Iterations: 1
            Function evaluations: 1956
            Gradient evaluations: 1
Development: 662 in scenario: scenario_47
Optimization terminated successfully    (Exit mode 0)
            Current function value: -15930246.362263162
            Iterations: 2
            Function evaluations: 3897
            Gradient evaluations: 2
Development: 689 in scenario: scenario_31
Iteration limit reached    (Exit mode 9)
            Current function value: -23520730.794931456
            Iterations: 3
            Function evaluations: 3890
            Gradient evaluations: 2
Development: 750 in scenario: scenario_39
Optimization terminated successfully    (Exit mode 0)
            Current function value: -6114117.485397923
            Iterations: 1
            Function evaluations: 1956
            Gradient evaluations: 1
Development: 775 in scenario: scenario_55
Inequality constraints incompatible    (Exit mode 4)
            Current function value: -6510174.85931848
            Iterations: 1
            Function evaluations: 1945
            Gradient evaluations: 1
Development: 789 in scenario: scenario_84
Inequality constraints incompatible    (Exit mode 4)
            Current function value: -11107438.989922985
            Iterations: 1
            Function evaluations: 1943
            Gradient evaluations: 1
Development: 895 in scenario: scenario_41
Iteration limit reached    (Exit mode 9)
            Current function value: -26483603.126605757
            Iterations: 3
            Function evaluations: 3890
            Gradient evaluations: 2
