mode,development,scenario,tts_annual_chf,cost_annual_chf_negative,cost_annual_chf_magnitude,bcr
Rail,100000,scenario_1,7048189.5359754,-1329118.6567644724,1329118.6567644724,5.302904673035811
Rail,100000,scenario_10,7013847.084412595,-1329118.6567644724,1329118.6567644724,5.27706615862777
Rail,100000,scenario_100,4250042.75456093,-1329118.6567644724,1329118.6567644724,3.1976398291684367
Rail,100000,scenario_11,5334185.209988706,-1329118.6567644724,1329118.6567644724,4.013325057804794
Rail,100000,scenario_12,8676506.691261664,-1329118.6567644724,1329118.6567644724,6.528015122730454
Rail,100000,scenario_13,5478886.08025456,-1329118.6567644724,1329118.6567644724,4.1221948487218105
Rail,100000,scenario_14,6039193.58058957,-1329118.6567644724,1329118.6567644724,4.5437580383462715
Rail,100000,scenario_15,4174456.8412865014,-1329118.6567644724,1329118.6567644724,3.140770630252495
Rail,100000,scenario_16,6528970.255375653,-1329118.6567644724,1329118.6567644724,4.912255367229131
Rail,100000,scenario_17,6607227.124926121,-1329118.6567644724,1329118.6567644724,4.971134135616126
Rail,100000,scenario_18,3442921.536415376,-1329118.6567644724,1329118.6567644724,2.5903793607085612
Rail,100000,scenario_19,5244557.471540235,-1329118.6567644724,1329118.6567644724,3.9458910947102908
Rail,100000,scenario_2,3457863.0240525063,-1329118.6567644724,1329118.6567644724,2.601621011377662
Rail,100000,scenario_20,7421112.927293968,-1329118.6567644724,1329118.6567644724,5.5834841302728275
Rail,100000,scenario_21,6679048.930033874,-1329118.6567644724,1329118.6567644724,5.025171301329073
Rail,100000,scenario_22,5448634.240398279,-1329118.6567644724,1329118.6567644724,4.099434021686304
Rail,100000,scenario_23,3712781.303173833,-1329118.6567644724,1329118.6567644724,2.793415986058015
Rail,100000,scenario_24,7089972.180847441,-1329118.6567644724,1329118.6567644724,5.334341027238944
Rail,100000,scenario_25,5533106.676080044,-1329118.6567644724,1329118.6567644724,4.162989246986805
Rail,100000,scenario_26,3397582.0365480096,-1329118.6567644724,1329118.6567644724,2.5562669060856327
Rail,100000,scenario_27,4902231.901818218,-1329118.6567644724,1329118.6567644724,3.6883327736531215
Rail,100000,scenario_28,2453360.185922551,-1329118.6567644724,1329118.6567644724,1.8458549004908753
Rail,100000,scenario_29,6200374.971368748,-1329118.6567644724,1329118.6567644724,4.665027414830345
Rail,100000,scenario_3,5924051.5209615575,-1329118.6567644724,1329118.6567644724,4.457127654338039
Rail,100000,scenario_30,5673049.788770404,-1329118.6567644724,1329118.6567644724,4.268279404474345
Rail,100000,scenario_31,6473401.5259183645,-1329118.6567644724,1329118.6567644724,4.87044666251005
Rail,100000,scenario_32,6869802.013694231,-1329118.6567644724,1329118.6567644724,5.168689777041931
Rail,100000,scenario_33,4902437.416934113,-1329118.6567644724,1329118.6567644724,3.688487398761158
Rail,100000,scenario_34,7985397.075023492,-1329118.6567644724,1329118.6567644724,6.008039262997533
Rail,100000,scenario_35,6531004.166422132,-1329118.6567644724,1329118.6567644724,4.913785637710347
Rail,100000,scenario_36,5500348.133359075,-1329118.6567644724,1329118.6567644724,4.1383424311782635
Rail,100000,scenario_37,7949876.624757127,-1329118.6567644724,1329118.6567644724,5.981314447958947
Rail,100000,scenario_38,6254209.0801102165,-1329118.6567644724,1329118.6567644724,4.7055310286104115
Rail,100000,scenario_39,5556741.493155604,-1329118.6567644724,1329118.6567644724,4.180771569848102
Rail,100000,scenario_4,4264556.368871007,-1329118.6567644724,1329118.6567644724,3.208559557242534
Rail,100000,scenario_40,6415206.147488631,-1329118.6567644724,1329118.6567644724,4.82666172417249
Rail,100000,scenario_41,7010010.418007884,-1329118.6567644724,1329118.6567644724,5.274179534182928
Rail,100000,scenario_42,8112709.324656548,-1329118.6567644724,1329118.6567644724,6.10382623354761
Rail,100000,scenario_43,5730875.114427988,-1329118.6567644724,1329118.6567644724,4.311785923146163
Rail,100000,scenario_44,6723716.2024530005,-1329118.6567644724,1329118.6567644724,5.058777986625224
Rail,100000,scenario_45,5640891.473905834,-1329118.6567644724,1329118.6567644724,4.2440841870639945
Rail,100000,scenario_46,6299158.292271731,-1329118.6567644724,1329118.6567644724,4.739349839243118
Rail,100000,scenario_47,4071030.679512335,-1329118.6567644724,1329118.6567644724,3.0629550332418103
Rail,100000,scenario_48,4647253.397743558,-1329118.6567644724,1329118.6567644724,3.4964924870263694
Rail,100000,scenario_49,5838253.346025875,-1329118.6567644724,1329118.6567644724,4.392574971626817
Rail,100000,scenario_5,6241804.501842518,-1329118.6567644724,1329118.6567644724,4.696198093432227
Rail,100000,scenario_50,5888417.312421205,-1329118.6567644724,1329118.6567644724,4.430317250045695
Rail,100000,scenario_51,6073665.995334865,-1329118.6567644724,1329118.6567644724,4.569694334229148
Rail,100000,scenario_52,8567814.00667342,-1329118.6567644724,1329118.6567644724,6.446237108378569
Rail,100000,scenario_53,7592103.491507084,-1329118.6567644724,1329118.6567644724,5.712133715727722
Rail,100000,scenario_54,9018279.704912571,-1329118.6567644724,1329118.6567644724,6.785157712604935
Rail,100000,scenario_55,5790519.951982705,-1329118.6567644724,1329118.6567644724,4.3566614030374105
Rail,100000,scenario_56,6771098.702614131,-1329118.6567644724,1329118.6567644724,5.094427550281547
Rail,100000,scenario_57,5019417.573722328,-1329118.6567644724,1329118.6567644724,3.776500727136959
Rail,100000,scenario_58,5178984.3456548145,-1329118.6567644724,1329118.6567644724,3.8965552994811063
Rail,100000,scenario_59,4540089.928724866,-1329118.6567644724,1329118.6567644724,3.415865021244222
Rail,100000,scenario_6,5390248.889981115,-1329118.6567644724,1329118.6567644724,4.055506152552863
Rail,100000,scenario_60,5234866.107451909,-1329118.6567644724,1329118.6567644724,3.9385995229315016
Rail,100000,scenario_61,5006061.213849358,-1329118.6567644724,1329118.6567644724,3.7664516921580327
Rail,100000,scenario_62,5679144.147902406,-1329118.6567644724,1329118.6567644724,4.27286466787501
Rail,100000,scenario_63,7799583.680734668,-1329118.6567644724,1329118.6567644724,5.868237302244716
Rail,100000,scenario_64,7099982.613122121,-1329118.6567644724,1329118.6567644724,5.3418726589888506
Rail,100000,scenario_65,4866471.50259466,-1329118.6567644724,1329118.6567644724,3.66142742623244
Rail,100000,scenario_66,4752108.602605111,-1329118.6567644724,1329118.6567644724,3.5753832650076274
Rail,100000,scenario_67,6882785.919891827,-1329118.6567644724,1329118.6567644724,5.178458585967691
Rail,100000,scenario_68,3787975.9069747967,-1329118.6567644724,1329118.6567644724,2.849990772227982
Rail,100000,scenario_69,3551868.292859787,-1329118.6567644724,1329118.6567644724,2.672348533204887
Rail,100000,scenario_7,7386575.488479621,-1329118.6567644724,1329118.6567644724,5.557498911693153
Rail,100000,scenario_70,4168100.7331793862,-1329118.6567644724,1329118.6567644724,3.135988432609895
Rail,100000,scenario_71,5884636.920894483,-1329118.6567644724,1329118.6567644724,4.427472965596386
Rail,100000,scenario_72,3187028.0031027505,-1329118.6567644724,1329118.6567644724,2.3978506259637213
Rail,100000,scenario_73,3183385.9341385523,-1329118.6567644724,1329118.6567644724,2.3951104124051636
Rail,100000,scenario_74,6366537.776124347,-1329118.6567644724,1329118.6567644724,4.79004469896064
Rail,100000,scenario_75,5717455.730385159,-1329118.6567644724,1329118.6567644724,4.301689470151141
Rail,100000,scenario_76,5155023.940361264,-1329118.6567644724,1329118.6567644724,3.878528011118547
Rail,100000,scenario_77,6514600.546541737,-1329118.6567644724,1329118.6567644724,4.901443910508709
Rail,100000,scenario_78,8917573.426411098,-1329118.6567644724,1329118.6567644724,6.709388496674563
Rail,100000,scenario_79,6670160.711906737,-1329118.6567644724,1329118.6567644724,5.018483999121779
Rail,100000,scenario_8,4838091.937057193,-1329118.6567644724,1329118.6567644724,3.640075257716085
Rail,100000,scenario_80,11105907.436486848,-1329118.6567644724,1329118.6567644724,8.355843460599981
Rail,100000,scenario_81,5944270.161336802,-1329118.6567644724,1329118.6567644724,4.472339720072233
Rail,100000,scenario_82,7242185.255031059,-1329118.6567644724,1329118.6567644724,5.448862837168357
Rail,100000,scenario_83,5238377.833820928,-1329118.6567644724,1329118.6567644724,3.9412416695533596
Rail,100000,scenario_84,5334732.76037762,-1329118.6567644724,1329118.6567644724,4.013737022820955
Rail,100000,scenario_85,5045501.502745175,-1329118.6567644724,1329118.6567644724,3.796125708616298
Rail,100000,scenario_86,7283437.157062023,-1329118.6567644724,1329118.6567644724,5.47989987198915
Rail,100000,scenario_87,6656439.849334203,-1329118.6567644724,1329118.6567644724,5.008160720231138
Rail,100000,scenario_88,5072942.243762963,-1329118.6567644724,1329118.6567644724,3.816771525961597
Rail,100000,scenario_89,5445902.809909447,-1329118.6567644724,1329118.6567644724,4.097378952731451
Rail,100000,scenario_9,7950140.184882568,-1329118.6567644724,1329118.6567644724,5.98151274487104
Rail,100000,scenario_90,5536133.24557989,-1329118.6567644724,1329118.6567644724,4.16526637212115
Rail,100000,scenario_91,7484521.810279925,-1329118.6567644724,1329118.6567644724,5.631191596166291
Rail,100000,scenario_92,5368321.316251692,-1329118.6567644724,1329118.6567644724,4.039008322492452
Rail,100000,scenario_93,5790965.241007029,-1329118.6567644724,1329118.6567644724,4.356996428824655
Rail,100000,scenario_94,10570598.092002189,-1329118.6567644724,1329118.6567644724,7.953088340310131
Rail,100000,scenario_95,8321855.163964423,-1329118.6567644724,1329118.6567644724,6.261183018995951
Rail,100000,scenario_96,8100872.505934856,-1329118.6567644724,1329118.6567644724,6.094920468316305
Rail,100000,scenario_97,9265630.02057182,-1329118.6567644724,1329118.6567644724,6.97125871600322
Rail,100000,scenario_98,7927224.909309908,-1329118.6567644724,1329118.6567644724,5.964271789403268
Rail,100000,scenario_99,9489549.093251524,-1329118.6567644724,1329118.6567644724,7.139730561267058
Rail,100001,scenario_1,22320396.497709937,-1733979.1735291178,1733979.1735291178,12.872355584457152
Rail,100001,scenario_10,22189742.00216962,-1733979.1735291178,1733979.1735291178,12.797006066115244
Rail,100001,scenario_100,13460561.448117351,-1733979.1735291178,1733979.1735291178,7.762816101603723
Rail,100001,scenario_11,16896343.969394162,-1733979.1735291178,1733979.1735291178,9.744260039182317
Rail,100001,scenario_12,27466362.702519976,-1733979.1735291178,1733979.1735291178,15.84007646794193
Rail,100001,scenario_13,17352492.85406535,-1733979.1735291178,1733979.1735291178,10.007324839287616
Rail,100001,scenario_14,19119917.81415006,-1733979.1735291178,1733979.1735291178,11.0266132984953
Rail,100001,scenario_15,13226546.472890137,-1733979.1735291178,1733979.1735291178,7.627857747547526
Rail,100001,scenario_16,20662289.778529663,-1733979.1735291178,1733979.1735291178,11.916111850684054
Rail,100001,scenario_17,20912022.14172005,-1733979.1735291178,1733979.1735291178,12.060134551188648
Rail,100001,scenario_18,10908929.598110536,-1733979.1735291178,1733979.1735291178,6.291269102101097
Rail,100001,scenario_19,16611085.508635305,-1733979.1735291178,1733979.1735291178,9.579749147059962
Rail,100001,scenario_2,10952431.804548578,-1733979.1735291178,1733979.1735291178,6.316357181071218
Rail,100001,scenario_20,23499228.431689475,-1733979.1735291178,1733979.1735291178,13.552197621763918
Rail,100001,scenario_21,21146366.28612281,-1733979.1735291178,1733979.1735291178,12.19528273980605
Rail,100001,scenario_22,17260679.41123613,-1733979.1735291178,1733979.1735291178,9.954375274361553
Rail,100001,scenario_23,11767403.933224129,-1733979.1735291178,1733979.1735291178,6.786358286688225
Rail,100001,scenario_24,22443664.738055676,-1733979.1735291178,1733979.1735291178,12.943445388895146
Rail,100001,scenario_25,17527259.823401466,-1733979.1735291178,1733979.1735291178,10.108114382786235
Rail,100001,scenario_26,10764029.503012275,-1733979.1735291178,1733979.1735291178,6.207704029745961
Rail,100001,scenario_27,15519866.413811408,-1733979.1735291178,1733979.1735291178,8.950434152115143
Rail,100001,scenario_28,7780195.215104214,-1733979.1735291178,1733979.1735291178,4.486902342240597
Rail,100001,scenario_29,19644158.922918648,-1733979.1735291178,1733979.1735291178,11.328947442279516
Rail,100001,scenario_3,18751055.759042725,-1733979.1735291178,1733979.1735291178,10.813887528348591
Rail,100001,scenario_30,17962578.108007256,-1733979.1735291178,1733979.1735291178,10.359166005119045
Rail,100001,scenario_31,20488685.223301303,-1733979.1735291178,1733979.1735291178,11.815992680927806
Rail,100001,scenario_32,21733336.54379069,-1733979.1735291178,1733979.1735291178,12.533793297849972
Rail,100001,scenario_33,15523548.164155528,-1733979.1735291178,1733979.1735291178,8.952557447711957
Rail,100001,scenario_34,25270021.261348102,-1733979.1735291178,1733979.1735291178,14.573428358955868
Rail,100001,scenario_35,20665135.65280318,-1733979.1735291178,1733979.1735291178,11.917753089700625
Rail,100001,scenario_36,17408036.792216066,-1733979.1735291178,1733979.1735291178,10.039357483623053
Rail,100001,scenario_37,25167587.36260221,-1733979.1735291178,1733979.1735291178,14.514353890063942
Rail,100001,scenario_38,19797491.210913893,-1733979.1735291178,1733979.1735291178,11.417375429383405
Rail,100001,scenario_39,17589769.299801346,-1733979.1735291178,1733979.1735291178,10.14416411011523
Rail,100001,scenario_4,13507646.881966578,-1733979.1735291178,1733979.1735291178,7.789970657187799
Rail,100001,scenario_40,20314418.2939578,-1733979.1735291178,1733979.1735291178,11.715491514590944
Rail,100001,scenario_41,22194960.967461675,-1733979.1735291178,1733979.1735291178,12.8000158861706
Rail,100001,scenario_42,25676976.03184918,-1733979.1735291178,1733979.1735291178,14.80812251025459
Rail,100001,scenario_43,18126452.67840958,-1733979.1735291178,1733979.1735291178,10.453673812885153
Rail,100001,scenario_44,21291825.560546286,-1733979.1735291178,1733979.1735291178,12.279170295460728
Rail,100001,scenario_45,17865238.215926178,-1733979.1735291178,1733979.1735291178,10.303029291618062
Rail,100001,scenario_46,19934600.68536994,-1733979.1735291178,1733979.1735291178,11.496447586967045
Rail,100001,scenario_47,12896681.502408076,-1733979.1735291178,1733979.1735291178,7.437621915700309
Rail,100001,scenario_48,14718951.55753685,-1733979.1735291178,1733979.1735291178,8.48853999069654
Rail,100001,scenario_49,18489414.777796462,-1733979.1735291178,1733979.1735291178,10.662997030215472
Rail,100001,scenario_5,19752382.283841636,-1733979.1735291178,1733979.1735291178,11.39136074145584
Rail,100001,scenario_50,18640716.240935832,-1733979.1735291178,1733979.1735291178,10.750253823981588
Rail,100001,scenario_51,19223080.335910454,-1733979.1735291178,1733979.1735291178,11.086107970251033
Rail,100001,scenario_52,27126194.901025455,-1733979.1735291178,1733979.1735291178,15.643898909014169
Rail,100001,scenario_53,24019164.200688392,-1733979.1735291178,1733979.1735291178,13.85204884081905
Rail,100001,scenario_54,28546286.384416528,-1733979.1735291178,1733979.1735291178,16.4628773056813
Rail,100001,scenario_55,18333627.504618723,-1733979.1735291178,1733979.1735291178,10.573153233037292
Rail,100001,scenario_56,21432027.191981506,-1733979.1735291178,1733979.1735291178,12.360025725315673
Rail,100001,scenario_57,15892305.701074269,-1733979.1735291178,1733979.1735291178,9.165222941362737
Rail,100001,scenario_58,16403127.124491291,-1733979.1735291178,1733979.1735291178,9.459817842625226
Rail,100001,scenario_59,14399669.172622524,-1733979.1735291178,1733979.1735291178,8.304407222674591
Rail,100001,scenario_6,17085998.246568006,-1733979.1735291178,1733979.1735291178,9.853635215118164
Rail,100001,scenario_60,16570428.884194678,-1733979.1735291178,1733979.1735291178,9.55630213854839
Rail,100001,scenario_61,15857093.511676256,-1733979.1735291178,1733979.1735291178,9.144915783159478
Rail,100001,scenario_62,17969659.546263598,-1733979.1735291178,1733979.1735291178,10.363249928596586
Rail,100001,scenario_63,24688547.36998567,-1733979.1735291178,1733979.1735291178,14.238087600405132
Rail,100001,scenario_64,22468965.554428723,-1733979.1735291178,1733979.1735291178,12.958036577047396
Rail,100001,scenario_65,15411885.403563095,-1733979.1735291178,1733979.1735291178,8.888160618559063
Rail,100001,scenario_66,15051440.388970478,-1733979.1735291178,1733979.1735291178,8.680289024658073
Rail,100001,scenario_67,21783252.07779235,-1733979.1735291178,1733979.1735291178,12.562579995385715
Rail,100001,scenario_68,12001299.348788314,-1733979.1735291178,1733979.1735291178,6.921247689706916
Rail,100001,scenario_69,11257391.44751479,-1733979.1735291178,1733979.1735291178,6.492229906431312
Rail,100001,scenario_7,23368768.649024338,-1733979.1735291178,1733979.1735291178,13.476960395932874
Rail,100001,scenario_70,13206397.876762051,-1733979.1735291178,1733979.1735291178,7.61623788703497
Rail,100001,scenario_71,18631074.834795885,-1733979.1735291178,1733979.1735291178,10.744693546045651
Rail,100001,scenario_72,10099989.941863418,-1733979.1735291178,1733979.1735291178,5.8247469727719965
Rail,100001,scenario_73,10085462.18299064,-1733979.1735291178,1733979.1735291178,5.816368695169499
Rail,100001,scenario_74,20162242.251601964,-1733979.1735291178,1733979.1735291178,11.627730343823181
Rail,100001,scenario_75,18102408.13929135,-1733979.1735291178,1733979.1735291178,10.43980713012143
Rail,100001,scenario_76,16317593.25817274,-1733979.1735291178,1733979.1735291178,9.410489760936409
Rail,100001,scenario_77,20623775.58157327,-1733979.1735291178,1733979.1735291178,11.893900397660657
Rail,100001,scenario_78,28227973.37186248,-1733979.1735291178,1733979.1735291178,16.2793035826439
Rail,100001,scenario_79,21118395.66137498,-1733979.1735291178,1733979.1735291178,12.179151851283956
Rail,100001,scenario_8,15321719.164917452,-1733979.1735291178,1733979.1735291178,8.83616100978514
Rail,100001,scenario_80,35135678.89470235,-1733979.1735291178,1733979.1735291178,20.263033968967296
Rail,100001,scenario_81,18834838.944223452,-1733979.1735291178,1733979.1735291178,10.86220597787772
Rail,100001,scenario_82,22922570.04798453,-1733979.1735291178,1733979.1735291178,13.21963400594419
Rail,100001,scenario_83,16581751.692168947,-1733979.1735291178,1733979.1735291178,9.562832094701914
Rail,100001,scenario_84,16890486.44790856,-1733979.1735291178,1733979.1735291178,9.740881958536932
Rail,100001,scenario_85,15985730.044481998,-1733979.1735291178,1733979.1735291178,9.219101525854375
Rail,100001,scenario_86,23067022.514848694,-1733979.1735291178,1733979.1735291178,13.302940927428239
Rail,100001,scenario_87,21056667.79026945,-1733979.1735291178,1733979.1735291178,12.143552882133768
Rail,100001,scenario_88,16064753.807765087,-1733979.1735291178,1733979.1735291178,9.264675177769844
Rail,100001,scenario_89,17242721.403947033,-1733979.1735291178,1733979.1735291178,9.944018744385158
Rail,100001,scenario_9,25158833.582427803,-1733979.1735291178,1733979.1735291178,14.509305513296768
Rail,100001,scenario_90,17525867.878332708,-1733979.1735291178,1733979.1735291178,10.107311636657558
Rail,100001,scenario_91,23677322.05505366,-1733979.1735291178,1733979.1735291178,13.654905673903734
Rail,100001,scenario_92,16992442.864797503,-1733979.1735291178,1733979.1735291178,9.799681059728805
Rail,100001,scenario_93,18334704.0272889,-1733979.1735291178,1733979.1735291178,10.5737740724837
Rail,100001,scenario_94,33457463.88646714,-1733979.1735291178,1733979.1735291178,19.29519362010106
Rail,100001,scenario_95,26338641.880893636,-1733979.1735291178,1733979.1735291178,15.189710628004462
Rail,100001,scenario_96,25645200.4661478,-1733979.1735291178,1733979.1735291178,14.789797281101631
Rail,100001,scenario_97,29322332.15447284,-1733979.1735291178,1733979.1735291178,16.91042926126612
Rail,100001,scenario_98,25095651.01619489,-1733979.1735291178,1733979.1735291178,14.472867609544835
Rail,100001,scenario_99,30044004.809308123,-1733979.1735291178,1733979.1735291178,17.3266237956944
Rail,100002,scenario_1,8274166.434966006,-3067252.32034274,3067252.32034274,2.6975825823293977
Rail,100002,scenario_10,8171453.993557485,-3067252.32034274,3067252.32034274,2.6640957900210807
Rail,100002,scenario_100,4998651.78546999,-3067252.32034274,3067252.32034274,1.629683920138475
Rail,100002,scenario_11,6275985.124362208,-3067252.32034274,3067252.32034274,2.0461261314363988
Rail,100002,scenario_12,10150844.819594905,-3067252.32034274,3067252.32034274,3.309426078928072
Rail,100002,scenario_13,6446050.8333463445,-3067252.32034274,3067252.32034274,2.1015717522143897
Rail,100002,scenario_14,7081906.812184187,-3067252.32034274,3067252.32034274,2.3088765033170935
Rail,100002,scenario_15,4926244.942286233,-3067252.32034274,3067252.32034274,1.6060775012261679
Rail,100002,scenario_16,7636329.310359844,-3067252.32034274,3067252.32034274,2.489631928783266
Rail,100002,scenario_17,7724839.974981678,-3067252.32034274,3067252.32034274,2.51848859115656
Rail,100002,scenario_18,4069535.5755763794,-3067252.32034274,3067252.32034274,1.3267690918631834
Rail,100002,scenario_19,6160363.359320496,-3067252.32034274,3067252.32034274,2.0084305808372904
Rail,100002,scenario_2,4071681.436006823,-3067252.32034274,3067252.32034274,1.327468695353973
Rail,100002,scenario_20,8708260.88278047,-3067252.32034274,3067252.32034274,2.8391080919640137
Rail,100002,scenario_21,7826627.065455552,-3067252.32034274,3067252.32034274,2.5516736962093134
Rail,100002,scenario_22,6418324.209669972,-3067252.32034274,3067252.32034274,2.0925321882070587
Rail,100002,scenario_23,4390154.817769073,-3067252.32034274,3067252.32034274,1.4312988822773176
Rail,100002,scenario_24,8298738.733344124,-3067252.32034274,3067252.32034274,2.7055937583957252
Rail,100002,scenario_25,6512069.575761699,-3067252.32034274,3067252.32034274,2.123095492526689
Rail,100002,scenario_26,4012972.246137474,-3067252.32034274,3067252.32034274,1.3083280496757625
Rail,100002,scenario_27,5755193.280042967,-3067252.32034274,3067252.32034274,1.8763351296119883
Rail,100002,scenario_28,2917635.7311524483,-3067252.32034274,3067252.32034274,0.9512212972509633
Rail,100002,scenario_29,7307330.40075006,-3067252.32034274,3067252.32034274,2.3823701598613596
Rail,100002,scenario_3,6935839.945130345,-3067252.32034274,3067252.32034274,2.2612550976423496
Rail,100002,scenario_30,6655833.85282868,-3067252.32034274,3067252.32034274,2.169966197004929
Rail,100002,scenario_31,7577864.802362855,-3067252.32034274,3067252.32034274,2.470571055437686
Rail,100002,scenario_32,8010243.082693861,-3067252.32034274,3067252.32034274,2.611537052093185
Rail,100002,scenario_33,5755394.759497088,-3067252.32034274,3067252.32034274,1.8764008168894206
Rail,100002,scenario_34,9328041.287985835,-3067252.32034274,3067252.32034274,3.0411718090879147
Rail,100002,scenario_35,7628008.974552506,-3067252.32034274,3067252.32034274,2.4869192938454243
Rail,100002,scenario_36,6431775.650950378,-3067252.32034274,3067252.32034274,2.0969176902380435
Rail,100002,scenario_37,9305999.17379604,-3067252.32034274,3067252.32034274,3.033985535548041
Rail,100002,scenario_38,7323520.238285908,-3067252.32034274,3067252.32034274,2.387648446694325
Rail,100002,scenario_39,6512101.946805457,-3067252.32034274,3067252.32034274,2.1231060462863334
Rail,100002,scenario_4,5018971.776435902,-3067252.32034274,3067252.32034274,1.6363087389807807
Rail,100002,scenario_40,7542274.785977268,-3067252.32034274,3067252.32034274,2.4589678312263796
Rail,100002,scenario_41,8219484.206203227,-3067252.32034274,3067252.32034274,2.679754825414809
Rail,100002,scenario_42,9478857.051843729,-3067252.32034274,3067252.32034274,3.090341472391337
Rail,100002,scenario_43,6680291.972543273,-3067252.32034274,3067252.32034274,2.1779401480073886
Rail,100002,scenario_44,7893482.248474842,-3067252.32034274,3067252.32034274,2.5734701368137887
Rail,100002,scenario_45,6629815.592224878,-3067252.32034274,3067252.32034274,2.1614836015460415
Rail,100002,scenario_46,7362604.865171059,-3067252.32034274,3067252.32034274,2.400391000225358
Rail,100002,scenario_47,4799256.869978777,-3067252.32034274,3067252.32034274,1.5646762537757246
Rail,100002,scenario_48,5464013.573581415,-3067252.32034274,3067252.32034274,1.7814033548341588
Rail,100002,scenario_49,6863140.520263381,-3067252.32034274,3067252.32034274,2.2375532898762245
Rail,100002,scenario_5,7299729.181689128,-3067252.32034274,3067252.32034274,2.379891974740912
Rail,100002,scenario_50,6898018.393332806,-3067252.32034274,3067252.32034274,2.2489243377806005
Rail,100002,scenario_51,7104847.823986953,-3067252.32034274,3067252.32034274,2.3163558396764192
Rail,100002,scenario_52,10036205.320148474,-3067252.32034274,3067252.32034274,3.272050771169361
Rail,100002,scenario_53,8859063.832224468,-3067252.32034274,3067252.32034274,2.8882735774520634
Rail,100002,scenario_54,10551255.069957146,-3067252.32034274,3067252.32034274,3.4399697083864726
Rail,100002,scenario_55,6793189.16649899,-3067252.32034274,3067252.32034274,2.2147474211511584
Rail,100002,scenario_56,7927351.022051657,-3067252.32034274,3067252.32034274,2.5845121933645943
Rail,100002,scenario_57,5892393.781731215,-3067252.32034274,3067252.32034274,1.921065881229096
Rail,100002,scenario_58,6087887.231765735,-3067252.32034274,3067252.32034274,1.9848015735091087
Rail,100002,scenario_59,5388817.2811072115,-3067252.32034274,3067252.32034274,1.7568875065697418
Rail,100002,scenario_6,6373346.620556402,-3067252.32034274,3067252.32034274,2.0778683834671394
Rail,100002,scenario_60,6142728.748992953,-3067252.32034274,3067252.32034274,2.0026812623966177
Rail,100002,scenario_61,5891870.806683329,-3067252.32034274,3067252.32034274,1.9208953784489962
Rail,100002,scenario_62,6629299.675276601,-3067252.32034274,3067252.32034274,2.1613153998807086
Rail,100002,scenario_63,9128719.78662525,-3067252.32034274,3067252.32034274,2.9761880775446574
Rail,100002,scenario_64,8295459.92551608,-3067252.32034274,3067252.32034274,2.7045247860760053
Rail,100002,scenario_65,5719407.358109461,-3067252.32034274,3067252.32034274,1.864668035354315
Rail,100002,scenario_66,5587758.749359189,-3067252.32034274,3067252.32034274,1.8217473379349511
Rail,100002,scenario_67,8045816.537162813,-3067252.32034274,3067252.32034274,2.6231348767106843
Rail,100002,scenario_68,4468075.427451399,-3067252.32034274,3067252.32034274,1.4567029252266175
Rail,100002,scenario_69,4204322.846442272,-3067252.32034274,3067252.32034274,1.3707130706392208
Rail,100002,scenario_7,8618935.275143819,-3067252.32034274,3067252.32034274,2.809985738043463
Rail,100002,scenario_70,4917334.394064602,-3067252.32034274,3067252.32034274,1.6031724424663998
Rail,100002,scenario_71,6905858.510512714,-3067252.32034274,3067252.32034274,2.25148040958725
Rail,100002,scenario_72,3770928.4588636784,-3067252.32034274,3067252.32034274,1.2294157979289777
Rail,100002,scenario_73,3754289.8908188487,-3067252.32034274,3067252.32034274,1.2239912138690103
Rail,100002,scenario_74,7476878.963170264,-3067252.32034274,3067252.32034274,2.43764717808895
Rail,100002,scenario_75,6707401.492088532,-3067252.32034274,3067252.32034274,2.186778520829038
Rail,100002,scenario_76,6040483.831760454,-3067252.32034274,3067252.32034274,1.9693468945148536
Rail,100002,scenario_77,7632057.961815629,-3067252.32034274,3067252.32034274,2.488239363680002
Rail,100002,scenario_78,10429964.278948862,-3067252.32034274,3067252.32034274,3.400425915329783
Rail,100002,scenario_79,7816441.643764896,-3067252.32034274,3067252.32034274,2.548352997216569
Rail,100002,scenario_8,5688458.19465232,-3067252.32034274,3067252.32034274,1.854577843800174
Rail,100002,scenario_80,12937817.657213189,-3067252.32034274,3067252.32034274,4.218048046261644
Rail,100002,scenario_81,7010520.558824978,-3067252.32034274,3067252.32034274,2.2856028218903135
Rail,100002,scenario_82,8473654.363767494,-3067252.32034274,3067252.32034274,2.762620573328194
Rail,100002,scenario_83,6137708.148667154,-3067252.32034274,3067252.32034274,2.0010444227103283
Rail,100002,scenario_84,6251577.724213417,-3067252.32034274,3067252.32034274,2.0381687162648734
Rail,100002,scenario_85,5951101.023139465,-3067252.32034274,3067252.32034274,1.940205891660872
Rail,100002,scenario_86,8555569.893089574,-3067252.32034274,3067252.32034274,2.7893270587316925
Rail,100002,scenario_87,7757151.463053039,-3067252.32034274,3067252.32034274,2.5290229341765538
Rail,100002,scenario_88,5961781.894534982,-3067252.32034274,3067252.32034274,1.943688119492172
Rail,100002,scenario_89,6393424.181437438,-3067252.32034274,3067252.32034274,2.084414164115141
Rail,100002,scenario_9,9288899.108981024,-3067252.32034274,3067252.32034274,3.0284104921446655
Rail,100002,scenario_90,6483798.909849301,-3067252.32034274,3067252.32034274,2.1138785573156857
Rail,100002,scenario_91,8715119.811522486,-3067252.32034274,3067252.32034274,2.8413442721101743
Rail,100002,scenario_92,6291754.375656543,-3067252.32034274,3067252.32034274,2.0512672967685592
Rail,100002,scenario_93,6794931.865306056,-3067252.32034274,3067252.32034274,2.215315583996943
Rail,100002,scenario_94,12351047.720514009,-3067252.32034274,3067252.32034274,4.026746557040303
Rail,100002,scenario_95,9727411.67331427,-3067252.32034274,3067252.32034274,3.1713764168665826
Rail,100002,scenario_96,9492962.32669925,-3067252.32034274,3067252.32034274,3.0949401403137546
Rail,100002,scenario_97,10820631.946139617,-3067252.32034274,3067252.32034274,3.5277932220882633
Rail,100002,scenario_98,9280666.611115934,-3067252.32034274,3067252.32034274,3.025726494545091
Rail,100002,scenario_99,11108910.912883762,-3067252.32034274,3067252.32034274,3.621779284086558
Rail,100003,scenario_1,2577529.7578102867,-2774510.5740684397,2774510.5740684397,0.9290034004198053
Rail,100003,scenario_10,2554012.065262427,-2774510.5740684397,2774510.5740684397,0.920527061288982
Rail,100003,scenario_100,1555683.3078072215,-2774510.5740684397,2774510.5740684397,0.5607054888697091
Rail,100003,scenario_11,1953126.694739194,-2774510.5740684397,2774510.5740684397,0.7039535956336981
Rail,100003,scenario_12,3167140.063195329,-2774510.5740684397,2774510.5740684397,1.1415130628070205
Rail,100003,scenario_13,2005879.944063895,-2774510.5740684397,2774510.5740684397,0.7229671289817962
Rail,100003,scenario_14,2207068.6158332713,-2774510.5740684397,2774510.5740684397,0.7954803403747377
Rail,100003,scenario_15,1530809.6123655562,-2774510.5740684397,2774510.5740684397,0.5517404138492193
Rail,100003,scenario_16,2382482.8620328256,-2774510.5740684397,2774510.5740684397,0.8587038320561312
Rail,100003,scenario_17,2410719.7016961626,-2774510.5740684397,2774510.5740684397,0.8688810647281738
Rail,100003,scenario_18,1263571.838168376,-2774510.5740684397,2774510.5740684397,0.455421525503693
Rail,100003,scenario_19,1918656.7746598904,-2774510.5740684397,2774510.5740684397,0.6915298116332075
Rail,100003,scenario_2,1266490.2325578022,-2774510.5740684397,2774510.5740684397,0.4564733846736319
Rail,100003,scenario_20,2713174.10978699,-2774510.5740684397,2774510.5740684397,0.9778928706004144
Rail,100003,scenario_21,2439984.628995534,-2774510.5740684397,2774510.5740684397,0.8794288447845527
Rail,100003,scenario_22,1996227.830036355,-2774510.5740684397,2774510.5740684397,0.7194882761283409
Rail,100003,scenario_23,1363133.3868357914,-2774510.5740684397,2774510.5740684397,0.49130588997429664
Rail,100003,scenario_24,2588506.5561346738,-2774510.5740684397,2774510.5740684397,0.9329597011911847
Rail,100003,scenario_25,2026212.4404704385,-2774510.5740684397,2774510.5740684397,0.730295447207208
Rail,100003,scenario_26,1246449.5448299614,-2774510.5740684397,2774510.5740684397,0.4492502412784875
Rail,100003,scenario_27,1792453.6416381188,-2774510.5740684397,2774510.5740684397,0.6460431826755416
Rail,100003,scenario_28,903481.653385926,-2774510.5740684397,2774510.5740684397,0.32563640659011583
Rail,100003,scenario_29,2272285.555992173,-2774510.5740684397,2774510.5740684397,0.8189860861334465
Rail,100003,scenario_3,2162978.0614661337,-2774510.5740684397,2774510.5740684397,0.779589049572236
Rail,100003,scenario_30,2073829.7127499832,-2774510.5740684397,2774510.5740684397,0.7474578515334314
Rail,100003,scenario_31,2363367.8014298943,-2774510.5740684397,2774510.5740684397,0.8518143068254158
Rail,100003,scenario_32,2502624.4652576144,-2774510.5740684397,2774510.5740684397,0.9020057406333322
Rail,100003,scenario_33,1792754.6074412572,-2774510.5740684397,2774510.5740684397,0.6461516579525693
Rail,100003,scenario_34,2912078.9137960244,-2774510.5740684397,2774510.5740684397,1.0495829214036332
Rail,100003,scenario_35,2381425.6367851496,-2774510.5740684397,2774510.5740684397,0.858322782779348
Rail,100003,scenario_36,2006928.962737984,-2774510.5740684397,2774510.5740684397,0.7233452204130899
Rail,100003,scenario_37,2902733.4708358324,-2774510.5740684397,2774510.5740684397,1.0462146001409436
Rail,100003,scenario_38,2283801.176392251,-2774510.5740684397,2774510.5740684397,0.8231365912739592
Rail,100003,scenario_39,2029851.4590850568,-2774510.5740684397,2774510.5740684397,0.7316070365911627
Rail,100003,scenario_4,1561627.741740053,-2774510.5740684397,2774510.5740684397,0.562848005098838
Rail,100003,scenario_40,2347649.7101759054,-2774510.5740684397,2774510.5740684397,0.8461491306314968
Rail,100003,scenario_41,2561772.6548270527,-2774510.5740684397,2774510.5740684397,0.9233241634651852
Rail,100003,scenario_42,2959061.9005067586,-2774510.5740684397,2774510.5740684397,1.0665167140335312
Rail,100003,scenario_43,2087135.404412592,-2774510.5740684397,2774510.5740684397,0.7522535411901833
Rail,100003,scenario_44,2458816.1781792403,-2774510.5740684397,2774510.5740684397,0.8862161857158551
Rail,100003,scenario_45,2064147.6247274296,-2774510.5740684397,2774510.5740684397,0.7439681953349487
Rail,100003,scenario_46,2297763.3307505604,-2774510.5740684397,2774510.5740684397,0.8281688857942269
Rail,100003,scenario_47,1492018.0871386223,-2774510.5740684397,2774510.5740684397,0.5377590199451943
Rail,100003,scenario_48,1700841.9458913894,-2774510.5740684397,2774510.5740684397,0.6130241354234011
Rail,100003,scenario_49,2136490.464394108,-2774510.5740684397,2774510.5740684397,0.7700422857863675
Rail,100003,scenario_5,2277500.377220419,-2774510.5740684397,2774510.5740684397,0.8208656324855077
Rail,100003,scenario_50,2150773.825351461,-2774510.5740684397,2774510.5740684397,0.7751903508508333
Rail,100003,scenario_51,2216577.5900786645,-2774510.5740684397,2774510.5740684397,0.7989076022256268
Rail,100003,scenario_52,3129521.0176727697,-2774510.5740684397,2774510.5740684397,1.1279542586438067
Rail,100003,scenario_53,2766839.471711715,-2774510.5740684397,2774510.5740684397,0.9972351511547942
Rail,100003,scenario_54,3291865.766158664,-2774510.5740684397,2774510.5740684397,1.186467190619351
Rail,100003,scenario_55,2116632.2693855334,-2774510.5740684397,2774510.5740684397,0.762884917133973
Rail,100003,scenario_56,2472168.7260627,-2774510.5740684397,2774510.5740684397,0.8910287634757879
Rail,100003,scenario_57,1835366.0596416555,-2774510.5740684397,2774510.5740684397,0.6615098449418928
Rail,100003,scenario_58,1895281.627555119,-2774510.5740684397,2774510.5740684397,0.6831048492909322
Rail,100003,scenario_59,1670518.315651047,-2774510.5740684397,2774510.5740684397,0.6020947734942169
Rail,100003,scenario_6,1979109.534948069,-2774510.5740684397,2774510.5740684397,0.7133184329681526
Rail,100003,scenario_60,1913470.4288570168,-2774510.5740684397,2774510.5740684397,0.6896605285058166
Rail,100003,scenario_61,1833214.2506038768,-2774510.5740684397,2774510.5740684397,0.6607342814757123
Rail,100003,scenario_62,2070150.5100375256,-2774510.5740684397,2774510.5740684397,0.7461317788390813
Rail,100003,scenario_63,2847385.81197783,-2774510.5740684397,2774510.5740684397,1.0262659795174356
Rail,100003,scenario_64,2589457.182030216,-2774510.5740684397,2774510.5740684397,0.9333023295107258
Rail,100003,scenario_65,1780683.2051038584,-2774510.5740684397,2774510.5740684397,0.6418008357029724
Rail,100003,scenario_66,1739313.1331928854,-2774510.5740684397,2774510.5740684397,0.6268900718739814
Rail,100003,scenario_67,2510967.0078995344,-2774510.5740684397,2774510.5740684397,0.9050125926236948
Rail,100003,scenario_68,1388764.530072495,-2774510.5740684397,2774510.5740684397,0.5005439673044974
Rail,100003,scenario_69,1304707.4577189125,-2774510.5740684397,2774510.5740684397,0.47024778709195464
Rail,100003,scenario_7,2691805.3537483173,-2774510.5740684397,2774510.5740684397,0.9701910596077323
Rail,100003,scenario_70,1528316.6224371693,-2774510.5740684397,2774510.5740684397,0.5508418806262116
Rail,100003,scenario_71,2151357.479896004,-2774510.5740684397,2774510.5740684397,0.7754007139145024
Rail,100003,scenario_72,1170365.7407834774,-2774510.5740684397,2774510.5740684397,0.42182781774995953
Rail,100003,scenario_73,1166952.3586104943,-2774510.5740684397,2774510.5740684397,0.42059755313864905
Rail,100003,scenario_74,2328677.5453557936,-2774510.5740684397,2774510.5740684397,0.8393111084601516
Rail,100003,scenario_75,2089929.2371671712,-2774510.5740684397,2774510.5740684397,0.7532605053663848
Rail,100003,scenario_76,1882950.6661133224,-2774510.5740684397,2774510.5740684397,0.6786604757293223
Rail,100003,scenario_77,2379540.757041388,-2774510.5740684397,2774510.5740684397,0.857643427017875
Rail,100003,scenario_78,3254460.8979491903,-2774510.5740684397,2774510.5740684397,1.1729855810846557
Rail,100003,scenario_79,2436805.9836294744,-2774510.5740684397,2774510.5740684397,0.8782831849352919
Rail,100003,scenario_8,1770554.3907934525,-2774510.5740684397,2774510.5740684397,0.638150168660982
Rail,100003,scenario_80,4044257.390364801,-2774510.5740684397,2774510.5740684397,1.4576471353772682
Rail,100003,scenario_81,2179310.352109832,-2774510.5740684397,2774510.5740684397,0.7854755979229058
Rail,100003,scenario_82,2643428.299700056,-2774510.5740684397,2774510.5740684397,0.9527548117518365
Rail,100003,scenario_83,1913365.598819492,-2774510.5740684397,2774510.5740684397,0.6896227452518963
Rail,100003,scenario_84,1948999.2273729057,-2774510.5740684397,2774510.5740684397,0.7024659576319312
Rail,100003,scenario_85,1849797.3157460124,-2774510.5740684397,2774510.5740684397,0.6667112149562069
Rail,100003,scenario_86,2664445.9495185018,-2774510.5740684397,2774510.5740684397,0.9603300756614009
Rail,100003,scenario_87,2424047.9514913657,-2774510.5740684397,2774510.5740684397,0.8736848848756887
Rail,100003,scenario_88,1856063.725463303,-2774510.5740684397,2774510.5740684397,0.668969778962363
Rail,100003,scenario_89,1991339.4281066323,-2774510.5740684397,2774510.5740684397,0.7177263791021008
Rail,100003,scenario_9,2899535.1711830175,-2774510.5740684397,2774510.5740684397,1.045061856416444
Rail,100003,scenario_90,2021852.2440654505,-2774510.5740684397,2774510.5740684397,0.7287239280911015
Rail,100003,scenario_91,2724756.211988195,-2774510.5740684397,2774510.5740684397,0.9820673373728445
Rail,100003,scenario_92,1961111.4916567695,-2774510.5740684397,2774510.5740684397,0.7068315075047878
Rail,100003,scenario_93,2116934.6430736934,-2774510.5740684397,2774510.5740684397,0.7629938998464507
Rail,100003,scenario_94,3855838.04643484,-2774510.5740684397,2774510.5740684397,1.389736295284967
Rail,100003,scenario_95,3035964.038167197,-2774510.5740684397,2774510.5740684397,1.094234084577797
Rail,100003,scenario_96,2959240.509472705,-2774510.5740684397,2774510.5740684397,1.0665810889786533
Rail,100003,scenario_97,3378641.9228718956,-2774510.5740684397,2774510.5740684397,1.217743393897966
Rail,100003,scenario_98,2894601.592969907,-2774510.5740684397,2774510.5740684397,1.0432836767766829
Rail,100003,scenario_99,3465104.489131686,-2774510.5740684397,2774510.5740684397,1.2489065716734986
Rail,100004,scenario_1,2848618.5754955867,-2911394.2428421606,2911394.2428421606,0.9784379365656466
Rail,100004,scenario_10,2836223.5045491555,-2911394.2428421606,2911394.2428421606,0.9741805018410622
Rail,100004,scenario_100,1717058.3846405777,-2911394.2428421606,2911394.2428421606,0.5897718554819809
Rail,100004,scenario_11,2155506.7195736025,-2911394.2428421606,2911394.2428421606,0.7403692319832831
Rail,100004,scenario_12,3508123.102325216,-2911394.2428421606,2911394.2428421606,1.2049632614855064
Rail,100004,scenario_13,2213504.5250146594,-2911394.2428421606,2911394.2428421606,0.7602902047555719
Rail,100004,scenario_14,2440784.7413250273,-2911394.2428421606,2911394.2428421606,0.8383559689059098
Rail,100004,scenario_15,1685916.7301890715,-2911394.2428421606,2911394.2428421606,0.579075380922388
Rail,100004,scenario_16,2639012.302143202,-2911394.2428421606,2911394.2428421606,0.9064427837732296
Rail,100004,scenario_17,2671206.8557611224,-2911394.2428421606,2911394.2428421606,0.9175009060790879
Rail,100004,scenario_18,1390043.4101482928,-2911394.2428421606,2911394.2428421606,0.47744939166717076
Rail,100004,scenario_19,2119807.01843736,-2911394.2428421606,2911394.2428421606,0.7281071684637126
Rail,100004,scenario_2,1396765.7302716903,-2911394.2428421606,2911394.2428421606,0.4797583610346567
Rail,100004,scenario_20,2999254.43072155,-2911394.2428421606,2911394.2428421606,1.0301780454829843
Rail,100004,scenario_21,2699643.378141521,-2911394.2428421606,2911394.2428421606,0.9272682271659903
Rail,100004,scenario_22,2201231.6724373163,-2911394.2428421606,2911394.2428421606,0.7560747493573493
Rail,100004,scenario_23,1499490.3001537337,-2911394.2428421606,2911394.2428421606,0.5150419953739764
Rail,100004,scenario_24,2866067.428887884,-2911394.2428421606,2911394.2428421606,0.984431234599809
Rail,100004,scenario_25,2235592.8969906117,-2911394.2428421606,2911394.2428421606,0.7678770755581977
Rail,100004,scenario_26,1371903.3340397533,-2911394.2428421606,2911394.2428421606,0.4712186738064283
Rail,100004,scenario_27,1980554.982753116,-2911394.2428421606,2911394.2428421606,0.6802771516164224
Rail,100004,scenario_28,990073.935507635,-2911394.2428421606,2911394.2428421606,0.34006865883649795
Rail,100004,scenario_29,2504898.4285645345,-2911394.2428421606,2911394.2428421606,0.8603776127959926
Rail,100004,scenario_3,2394340.361558107,-2911394.2428421606,2911394.2428421606,0.8224033441862909
Rail,100004,scenario_30,2292688.0131384046,-2911394.2428421606,2911394.2428421606,0.7874879943776482
Rail,100004,scenario_31,2616419.92193593,-2911394.2428421606,2911394.2428421606,0.8986827972091231
Rail,100004,scenario_32,2777627.218221742,-2911394.2428421606,2911394.2428421606,0.9540539640245244
Rail,100004,scenario_33,1981159.3595657493,-2911394.2428421606,2911394.2428421606,0.680484741781897
Rail,100004,scenario_34,3228427.177173697,-2911394.2428421606,2911394.2428421606,1.1088938521847327
Rail,100004,scenario_35,2640258.6206334536,-2911394.2428421606,2911394.2428421606,0.9068708668105289
Rail,100004,scenario_36,2223398.789429287,-2911394.2428421606,2911394.2428421606,0.7636886673440562
Rail,100004,scenario_37,3213984.4953767825,-2911394.2428421606,2911394.2428421606,1.1039331080902417
Rail,100004,scenario_38,2527936.4455477186,-2911394.2428421606,2911394.2428421606,0.8682906658082477
Rail,100004,scenario_39,2245467.709037502,-2911394.2428421606,2911394.2428421606,0.7712688566854593
Rail,100004,scenario_4,1722992.946414851,-2911394.2428421606,2911394.2428421606,0.5918102471525227
Rail,100004,scenario_40,2591707.99188779,-2911394.2428421606,2911394.2428421606,0.8901947918114015
Rail,100004,scenario_41,2833316.1528944806,-2911394.2428421606,2911394.2428421606,0.9731818903813388
Rail,100004,scenario_42,3280221.4067878206,-2911394.2428421606,2911394.2428421606,1.126684032865849
Rail,100004,scenario_43,2316616.14239393,-2911394.2428421606,2911394.2428421606,0.795706781412195
Rail,100004,scenario_44,2717270.2370263864,-2911394.2428421606,2911394.2428421606,0.9333226661785706
Rail,100004,scenario_45,2279474.5094141583,-2911394.2428421606,2911394.2428421606,0.7829494459633506
Rail,100004,scenario_46,2546250.3219244196,-2911394.2428421606,2911394.2428421606,0.8745810802451542
Rail,100004,scenario_47,1644254.707132644,-2911394.2428421606,2911394.2428421606,0.5647653907316551
Rail,100004,scenario_48,1877754.1718588944,-2911394.2428421606,2911394.2428421606,0.6449673301633632
Rail,100004,scenario_49,2358966.25557248,-2911394.2428421606,2911394.2428421606,0.810253115452207
Rail,100004,scenario_5,2522792.5191365313,-2911394.2428421606,2911394.2428421606,0.866523840025778
Rail,100004,scenario_50,2380104.5584798083,-2911394.2428421606,2911394.2428421606,0.8175136583894262
Rail,100004,scenario_51,2455081.3563340865,-2911394.2428421606,2911394.2428421606,0.8432665422658072
Rail,100004,scenario_52,3463607.313449106,-2911394.2428421606,2911394.2428421606,1.1896730653928422
Rail,100004,scenario_53,3069349.5229086233,-2911394.2428421606,2911394.2428421606,1.054254170645149
Rail,100004,scenario_54,3646043.030998949,-2911394.2428421606,2911394.2428421606,1.2523357288223562
Rail,100004,scenario_55,2340054.068587761,-2911394.2428421606,2911394.2428421606,0.8037571944579219
Rail,100004,scenario_56,2736585.1444256427,-2911394.2428421606,2911394.2428421606,0.9399569127931414
Rail,100004,scenario_57,2028179.330504152,-2911394.2428421606,2911394.2428421606,0.6966350694312713
Rail,100004,scenario_58,2092772.3881468428,-2911394.2428421606,2911394.2428421606,0.7188213665298167
Rail,100004,scenario_59,1833321.8135566572,-2911394.2428421606,2911394.2428421606,0.629705790641027
Rail,100004,scenario_6,2177311.454379632,-2911394.2428421606,2911394.2428421606,0.7478586796455631
Rail,100004,scenario_60,2114846.963272707,-2911394.2428421606,2911394.2428421606,0.7264034984173602
Rail,100004,scenario_61,2022622.7426909304,-2911394.2428421606,2911394.2428421606,0.6947265035175745
Rail,100004,scenario_62,2295992.5277153123,-2911394.2428421606,2911394.2428421606,0.7886230225810706
Rail,100004,scenario_63,3152743.146148205,-2911394.2428421606,2911394.2428421606,1.0828980492420135
Rail,100004,scenario_64,2870320.631398442,-2911394.2428421606,2911394.2428421606,0.9858921162790988
Rail,100004,scenario_65,1966424.1082273177,-2911394.2428421606,2911394.2428421606,0.6754235064735361
Rail,100004,scenario_66,1920151.498938157,-2911394.2428421606,2911394.2428421606,0.659529881141644
Rail,100004,scenario_67,2782379.779942379,-2911394.2428421606,2911394.2428421606,0.9556863646285721
Rail,100004,scenario_68,1529976.9029752184,-2911394.2428421606,2911394.2428421606,0.5255134740809354
Rail,100004,scenario_69,1434118.3776340864,-2911394.2428421606,2911394.2428421606,0.49258817529091203
Rail,100004,scenario_7,2986062.7893421105,-2911394.2428421606,2911394.2428421606,1.0256470063041194
Rail,100004,scenario_70,1683580.748821506,-2911394.2428421606,2911394.2428421606,0.5782730226113112
Rail,100004,scenario_71,2377887.2747868663,-2911394.2428421606,2911394.2428421606,0.8167520701234628
Rail,100004,scenario_72,1286711.1357102678,-2911394.2428421606,2911394.2428421606,0.44195702415560006
Rail,100004,scenario_73,1285700.7621977006,-2911394.2428421606,2911394.2428421606,0.44160998303774
Rail,100004,scenario_74,2572832.6565267807,-2911394.2428421606,2911394.2428421606,0.8837115285407484
Rail,100004,scenario_75,2310575.634483204,-2911394.2428421606,2911394.2428421606,0.7936319995699292
Rail,100004,scenario_76,2083138.2540143817,-2911394.2428421606,2911394.2428421606,0.71551225298185
Rail,100004,scenario_77,2633125.481736193,-2911394.2428421606,2911394.2428421606,0.9044207902141359
Rail,100004,scenario_78,3605341.5218967,-2911394.2428421606,2911394.2428421606,1.2383556540858907
Rail,100004,scenario_79,2696133.6072053513,-2911394.2428421606,2911394.2428421606,0.926062697909759
Rail,100004,scenario_8,1954529.3684083128,-2911394.2428421606,2911394.2428421606,0.6713379245059792
Rail,100004,scenario_80,4491823.0802508015,-2911394.2428421606,2911394.2428421606,1.542842605838842
Rail,100004,scenario_81,2401336.780640503,-2911394.2428421606,2911394.2428421606,0.8248064605280907
Rail,100004,scenario_82,2927544.15150529,-2911394.2428421606,2911394.2428421606,1.005547139039254
Rail,100004,scenario_83,2116940.308539252,-2911394.2428421606,2911394.2428421606,0.7271225165550416
Rail,100004,scenario_84,2156451.689950898,-2911394.2428421606,2911394.2428421606,0.740693808560165
Rail,100004,scenario_85,2037990.529038028,-2911394.2428421606,2911394.2428421606,0.7000050007135075
Rail,100004,scenario_86,2943510.549219402,-2911394.2428421606,2911394.2428421606,1.0110312460966773
Rail,100004,scenario_87,2691239.2498191395,-2911394.2428421606,2911394.2428421606,0.9243815936078442
Rail,100004,scenario_88,2049583.9621724405,-2911394.2428421606,2911394.2428421606,0.7039870904503802
Rail,100004,scenario_89,2200433.3188216095,-2911394.2428421606,2911394.2428421606,0.7558005324189633
Rail,100004,scenario_9,3213972.2130783186,-2911394.2428421606,2911394.2428421606,1.103928889390389
Rail,100004,scenario_90,2237816.1425035982,-2911394.2428421606,2911394.2428421606,0.768640711578449
Rail,100004,scenario_91,3027079.104971191,-2911394.2428421606,2911394.2428421606,1.0397352101706763
Rail,100004,scenario_92,2169330.528819612,-2911394.2428421606,2911394.2428421606,0.745117406944471
Rail,100004,scenario_93,2340035.945327452,-2911394.2428421606,2911394.2428421606,0.8037509695159192
Rail,100004,scenario_94,4274562.579539562,-2911394.2428421606,2911394.2428421606,1.4682183940044646
Rail,100004,scenario_95,3364488.2271292605,-2911394.2428421606,2911394.2428421606,1.155627835495333
Rail,100004,scenario_96,3273879.3731503757,-2911394.2428421606,2911394.2428421606,1.124505683556738
Rail,100004,scenario_97,3746561.831688834,-2911394.2428421606,2911394.2428421606,1.2868617298739198
Rail,100004,scenario_98,3204707.1722373366,-2911394.2428421606,2911394.2428421606,1.1007465512842527
Rail,100004,scenario_99,3836645.581502285,-2911394.2428421606,2911394.2428421606,1.3178035200608473
Rail,100005,scenario_1,8467309.050683854,-3394544.7283522543,3394544.7283522543,2.4943872384306363
Rail,100005,scenario_10,8366564.118705498,-3394544.7283522543,3394544.7283522543,2.4647087572084256
Rail,100005,scenario_100,5114570.559512115,-3394544.7283522543,3394544.7283522543,1.5067029510006718
Rail,100005,scenario_11,6421428.921061202,-3394544.7283522543,3394544.7283522543,1.891690767079162
Rail,100005,scenario_12,10390376.954997305,-3394544.7283522543,3394544.7283522543,3.0609044176716145
Rail,100005,scenario_13,6595172.051697277,-3394544.7283522543,3394544.7283522543,1.9428738106210313
Rail,100005,scenario_14,7247562.632017869,-3394544.7283522543,3394544.7283522543,2.1350617570256345
Rail,100005,scenario_15,5039274.000618419,-3394544.7283522543,3394544.7283522543,1.4845213140156597
Rail,100005,scenario_16,7816273.011058963,-3394544.7283522543,3394544.7283522543,2.302598326595938
Rail,100005,scenario_17,7907376.043354204,-3394544.7283522543,3394544.7283522543,2.3294363975555927
Rail,100005,scenario_18,4162200.405232158,-3394544.7283522543,3394544.7283522543,1.2261439274811181
Rail,100005,scenario_19,6304068.764395721,-3394544.7283522543,3394544.7283522543,1.8571176015865252
Rail,100005,scenario_2,4165657.12358698,-3394544.7283522543,3394544.7283522543,1.2271622432293097
Rail,100005,scenario_20,8911791.188294647,-3394544.7283522543,3394544.7283522543,2.6253273712556204
Rail,100005,scenario_21,8010357.711394507,-3394544.7283522543,3394544.7283522543,2.3597737995583326
Rail,100005,scenario_22,6566498.428365087,-3394544.7283522543,3394544.7283522543,1.9344268388982255
Rail,100005,scenario_23,4490316.371251738,-3394544.7283522543,3394544.7283522543,1.3228037131893624
Rail,100005,scenario_24,8494080.81223034,-3394544.7283522543,3394544.7283522543,2.5022739400913565
Rail,100005,scenario_25,6662933.005717908,-3394544.7283522543,3394544.7283522543,1.9628355313945625
Rail,100005,scenario_26,4104563.3265876328,-3394544.7283522543,3394544.7283522543,1.209164602341248
Rail,100005,scenario_27,5889167.973842583,-3394544.7283522543,3394544.7283522543,1.7348918471023487
Rail,100005,scenario_28,2982866.7315899455,-3394544.7283522543,3394544.7283522543,0.8787236493530779
Rail,100005,scenario_29,7475810.086354578,-3394544.7283522543,3394544.7283522543,2.2023012464423792
Rail,100005,scenario_3,7098846.184461446,-3394544.7283522543,3394544.7283522543,2.0912513319296564
Rail,100005,scenario_30,6811271.125548221,-3394544.7283522543,3394544.7283522543,2.0065345048066225
Rail,100005,scenario_31,7755833.478401924,-3394544.7283522543,3394544.7283522543,2.284793425646414
Rail,100005,scenario_32,8200746.8992722975,-3394544.7283522543,3394544.7283522543,2.4158606103425897
Rail,100005,scenario_33,5889600.125777932,-3394544.7283522543,3394544.7283522543,1.7350191548770082
Rail,100005,scenario_34,9548937.206964904,-3394544.7283522543,3394544.7283522543,2.8130244174452383
Rail,100005,scenario_35,7808489.223357426,-3394544.7283522543,3394544.7283522543,2.300305298126899
Rail,100005,scenario_36,6583524.738410528,-3394544.7283522543,3394544.7283522543,1.9394426249337524
Rail,100005,scenario_37,9525127.479193771,-3394544.7283522543,3394544.7283522543,2.8060103022467353
Rail,100005,scenario_38,7495719.55810387,-3394544.7283522543,3394544.7283522543,2.2081663839917542
Rail,100005,scenario_39,6664664.330554969,-3394544.7283522543,3394544.7283522543,1.9633455629232681
Rail,100005,scenario_4,5135070.839399581,-3394544.7283522543,3394544.7283522543,1.5127421349054355
Rail,100005,scenario_40,7716978.519725238,-3394544.7283522543,3394544.7283522543,2.273347131139773
Rail,100005,scenario_41,8412020.194359943,-3394544.7283522543,3394544.7283522543,2.478099676843328
Rail,100005,scenario_42,9703305.491511315,-3394544.7283522543,3394544.7283522543,2.8584998189790816
Rail,100005,scenario_43,6838936.764385541,-3394544.7283522543,3394544.7283522543,2.0146845340598087
Rail,100005,scenario_44,8077680.127597308,-3394544.7283522543,3394544.7283522543,2.379606331338074
Rail,100005,scenario_45,6783921.479797475,-3394544.7283522543,3394544.7283522543,1.9984775640562726
Rail,100005,scenario_46,7536587.066364407,-3394544.7283522543,3394544.7283522543,2.220205556113777
Rail,100005,scenario_47,4909627.315382439,-3394544.7283522543,3394544.7283522543,1.4463286562041033
Rail,100005,scenario_48,5590974.0878961915,-3394544.7283522543,3394544.7283522543,1.6470468163812075
Rail,100005,scenario_49,7022621.040612279,-3394544.7283522543,3394544.7283522543,2.0687961428103288
Rail,100005,scenario_5,7471618.298434496,-3394544.7283522543,3394544.7283522543,2.2010663863195856
Rail,100005,scenario_50,7059875.394767642,-3394544.7283522543,3394544.7283522543,2.0797709147272236
Rail,100005,scenario_51,7272391.2472417,-3394544.7283522543,3394544.7283522543,2.142376026599535
Rail,100005,scenario_52,10272169.304598376,-3394544.7283522543,3394544.7283522543,3.0260815887332817
Rail,100005,scenario_53,9069218.590674624,-3394544.7283522543,3394544.7283522543,2.671703959274949
Rail,100005,scenario_54,10800049.70501097,-3394544.7283522543,3394544.7283522543,3.1815900420476773
Rail,100005,scenario_55,6951930.727269833,-3394544.7283522543,3394544.7283522543,2.047971461152132
Rail,100005,scenario_56,8113612.881199545,-3394544.7283522543,3394544.7283522543,2.3901917725320336
Rail,100005,scenario_57,6029622.248094935,-3394544.7283522543,3394544.7283522543,1.7762683159640595
Rail,100005,scenario_58,6229440.367410124,-3394544.7283522543,3394544.7283522543,1.8351327986283323
Rail,100005,scenario_59,5510684.334711046,-3394544.7283522543,3394544.7283522543,1.623394232718208
Rail,100005,scenario_6,6518862.511881565,-3394544.7283522543,3394544.7283522543,1.9203937592673541
Rail,100005,scenario_60,6285875.055394866,-3394544.7283522543,3394544.7283522543,1.8517579111252696
Rail,100005,scenario_61,6028321.635993272,-3394544.7283522543,3394544.7283522543,1.7758851682356471
Rail,100005,scenario_62,6786535.362247096,-3394544.7283522543,3394544.7283522543,1.9992475885098584
Rail,100005,scenario_63,9343581.47741844,-3394544.7283522543,3394544.7283522543,2.752528608439903
Rail,100005,scenario_64,8491762.148406655,-3394544.7283522543,3394544.7283522543,2.5015908841857093
Rail,100005,scenario_65,5852288.16869772,-3394544.7283522543,3394544.7283522543,1.7240274136963514
Rail,100005,scenario_66,5717530.799255716,-3394544.7283522543,3394544.7283522543,1.6843291978158914
Rail,100005,scenario_67,8235815.071081501,-3394544.7283522543,3394544.7283522543,2.4261913541140014
Rail,100005,scenario_68,4570683.9400239615,-3394544.7283522543,3394544.7283522543,1.3464792205706528
Rail,100005,scenario_69,4299722.141003869,-3394544.7283522543,3394544.7283522543,1.2666564989087643
Rail,100005,scenario_7,8823412.660355277,-3394544.7283522543,3394544.7283522543,2.5992919128917324
Rail,100005,scenario_70,5030330.328907411,-3394544.7283522543,3394544.7283522543,1.481886594951183
Rail,100005,scenario_71,7066950.6608064305,-3394544.7283522543,3394544.7283522543,2.0818552195766173
Rail,100005,scenario_72,3856554.851495173,-3394544.7283522543,3394544.7283522543,1.1361037076000418
Rail,100005,scenario_73,3840565.2929123705,-3394544.7283522543,3394544.7283522543,1.1313933385042239
Rail,100005,scenario_74,7651089.601591533,-3394544.7283522543,3394544.7283522543,2.253936894007418
Rail,100005,scenario_75,6864116.144948671,-3394544.7283522543,3394544.7283522543,2.022102135705421
Rail,100005,scenario_76,6182067.04174643,-3394544.7283522543,3394544.7283522543,1.8211770757097276
Rail,100005,scenario_77,7811208.561334081,-3394544.7283522543,3394544.7283522543,2.301106388757387
Rail,100005,scenario_78,10676402.127672397,-3394544.7283522543,3394544.7283522543,3.145164663319911
Rail,100005,scenario_79,8000034.022738854,-3394544.7283522543,3394544.7283522543,2.356732540867756
Rail,100005,scenario_8,5820427.114905523,-3394544.7283522543,3394544.7283522543,1.7146414558310494
Rail,100005,scenario_80,13246728.2068397,-3394544.7283522543,3394544.7283522543,3.9023578320235575
Rail,100005,scenario_81,7171929.712186208,-3394544.7283522543,3394544.7283522543,2.1127810313660333
Rail,100005,scenario_82,8673307.808320826,-3394544.7283522543,3394544.7283522543,2.555072477283555
Rail,100005,scenario_83,6281638.492255756,-3394544.7283522543,3394544.7283522543,1.8505098606566086
Rail,100005,scenario_84,6398409.297432097,-3394544.7283522543,3394544.7283522543,1.8849094089085543
Rail,100005,scenario_85,6087807.772001399,-3394544.7283522543,3394544.7283522543,1.7934092077662742
Rail,100005,scenario_86,8754881.04852397,-3394544.7283522543,3394544.7283522543,2.5791031637911797
Rail,100005,scenario_87,7941906.623845173,-3394544.7283522543,3394544.7283522543,2.3396087721313523
Rail,100005,scenario_88,6100168.699283448,-3394544.7283522543,3394544.7283522543,1.797050617225047
Rail,100005,scenario_89,6542392.120892369,-3394544.7283522543,3394544.7283522543,1.9273253541920807
Rail,100005,scenario_9,9508565.344436698,-3394544.7283522543,3394544.7283522543,2.8011312577555136
Rail,100005,scenario_90,6636231.531601117,-3394544.7283522543,3394544.7283522543,1.9549695357298797
Rail,100005,scenario_91,8923433.049613746,-3394544.7283522543,3394544.7283522543,2.6287569508460327
Rail,100005,scenario_92,6439018.730318444,-3394544.7283522543,3394544.7283522543,1.896872554524862
Rail,100005,scenario_93,6953540.836156796,-3394544.7283522543,3394544.7283522543,2.0484457836359438
Rail,100005,scenario_94,12643816.005797409,-3394544.7283522543,3394544.7283522543,3.7247457369444774
Rail,100005,scenario_95,9957467.54570311,-3394544.7283522543,3394544.7283522543,2.9333734985240754
Rail,100005,scenario_96,9715486.941805985,-3394544.7283522543,3394544.7283522543,2.86208835625565
Rail,100005,scenario_97,11077235.72962798,-3394544.7283522543,3394544.7283522543,3.263246360287313
Rail,100005,scenario_98,9499345.14030318,-3394544.7283522543,3394544.7283522543,2.7984150749176475
Rail,100005,scenario_99,11370732.718493037,-3394544.7283522543,3394544.7283522543,3.349707730618858
Rail,101000,scenario_1,9151696.019333338,-10994899.813432481,10994899.813432481,0.8323582910826255
Rail,101000,scenario_10,9035489.547116838,-10994899.813432481,10994899.813432481,0.8217891659256568
Rail,101000,scenario_100,5534052.826400274,-10994899.813432481,10994899.813432481,0.5033290816928878
Rail,101000,scenario_11,6942955.605156414,-10994899.813432481,10994899.813432481,0.6314705657139502
Rail,101000,scenario_12,11219195.623651763,-10994899.813432481,10994899.813432481,1.0203999867234133
Rail,101000,scenario_13,7137489.064788726,-10994899.813432481,10994899.813432481,0.6491636291281934
Rail,101000,scenario_14,7836788.8525475105,-10994899.813432481,10994899.813432481,0.7127658264764993
Rail,101000,scenario_15,5456654.253090283,-10994899.813432481,10994899.813432481,0.4962895838690483
Rail,101000,scenario_16,8452162.769744668,-10994899.813432481,10994899.813432481,0.7687348600865513
Rail,101000,scenario_17,8542052.099447843,-10994899.813432481,10994899.813432481,0.7769104079522405
Rail,101000,scenario_18,4512242.785415981,-10994899.813432481,10994899.813432481,0.41039417020456787
Rail,101000,scenario_19,6809889.087480933,-10994899.813432481,10994899.813432481,0.6193679981659573
Rail,101000,scenario_2,4510029.601748392,-10994899.813432481,10994899.813432481,0.4101928783596995
Rail,101000,scenario_20,9632032.820215598,-10994899.813432481,10994899.813432481,0.8760455287139709
Rail,101000,scenario_21,8655547.649620092,-10994899.813432481,10994899.813432481,0.7872329713314531
Rail,101000,scenario_22,7104533.485149705,-10994899.813432481,10994899.813432481,0.6461662776108327
Rail,101000,scenario_23,4860280.013795413,-10994899.813432481,10994899.813432481,0.4420485949183096
Rail,101000,scenario_24,9178319.24187253,-10994899.813432481,10994899.813432481,0.8347797067381522
Rail,101000,scenario_25,7205596.7269375315,-10994899.813432481,10994899.813432481,0.6553581068682814
Rail,101000,scenario_26,4449198.691697807,-10994899.813432481,10994899.813432481,0.404660230397208
Rail,101000,scenario_27,6375611.580968868,-10994899.813432481,10994899.813432481,0.579869911427458
Rail,101000,scenario_28,3235781.028173659,-10994899.813432481,10994899.813432481,0.2942983640669924
Rail,101000,scenario_29,8086963.622650661,-10994899.813432481,10994899.813432481,0.7355195372285983
Rail,101000,scenario_3,7676199.940039263,-10994899.813432481,10994899.813432481,0.6981600624192357
Rail,101000,scenario_30,7364711.895422702,-10994899.813432481,10994899.813432481,0.6698298320486036
Rail,101000,scenario_31,8387999.511287608,-10994899.813432481,10994899.813432481,0.7628991308351878
Rail,101000,scenario_32,8862121.975204242,-10994899.813432481,10994899.813432481,0.8060211666847004
Rail,101000,scenario_33,6368828.675399252,-10994899.813432481,10994899.813432481,0.5792529976142617
Rail,101000,scenario_34,10317270.08120059,-10994899.813432481,10994899.813432481,0.93836872152268
Rail,101000,scenario_35,8441211.249377493,-10994899.813432481,10994899.813432481,0.7677388055018797
Rail,101000,scenario_36,7116685.039228724,-10994899.813432481,10994899.813432481,0.6472714767745553
Rail,101000,scenario_37,10287712.96512074,-10994899.813432481,10994899.813432481,0.9356804645506847
Rail,101000,scenario_38,8102193.542322277,-10994899.813432481,10994899.813432481,0.7369047176240586
Rail,101000,scenario_39,7210059.773134091,-10994899.813432481,10994899.813432481,0.6557640265467042
Rail,101000,scenario_4,5555543.470546743,-10994899.813432481,10994899.813432481,0.5052836828726287
Rail,101000,scenario_40,8354796.499082407,-10994899.813432481,10994899.813432481,0.759879275013979
Rail,101000,scenario_41,9091586.66831879,-10994899.813432481,10994899.813432481,0.8268912698241768
Rail,101000,scenario_42,10478398.117540706,-10994899.813432481,10994899.813432481,0.9530235195721598
Rail,101000,scenario_43,7398564.785988789,-10994899.813432481,10994899.813432481,0.6729087951260778
Rail,101000,scenario_44,8732391.105951441,-10994899.813432481,10994899.813432481,0.794221980566214
Rail,101000,scenario_45,7335526.562040255,-10994899.813432481,10994899.813432481,0.6671753891816672
Rail,101000,scenario_46,8147061.019443142,-10994899.813432481,10994899.813432481,0.7409854712354785
Rail,101000,scenario_47,5316412.874668564,-10994899.813432481,10994899.813432481,0.48353445369038256
Rail,101000,scenario_48,6046383.885403074,-10994899.813432481,10994899.813432481,0.549926237437489
Rail,101000,scenario_49,7596009.875958511,-10994899.813432481,10994899.813432481,0.6908666749903858
Rail,101000,scenario_5,8082664.643686514,-10994899.813432481,10994899.813432481,0.7351285396718135
Rail,101000,scenario_50,7631708.486888459,-10994899.813432481,10994899.813432481,0.69411350866197
Rail,101000,scenario_51,7861009.251507032,-10994899.813432481,10994899.813432481,0.7149687022980626
Rail,101000,scenario_52,11094896.738600511,-10994899.813432481,10994899.813432481,1.0090948464165053
Rail,101000,scenario_53,9803660.05073533,-10994899.813432481,10994899.813432481,0.8916552417110876
Rail,101000,scenario_54,11666059.274677856,-10994899.813432481,10994899.813432481,1.0610427991736149
Rail,101000,scenario_55,7518503.228375724,-10994899.813432481,10994899.813432481,0.6838173476751793
Rail,101000,scenario_56,8774472.849612411,-10994899.813432481,10994899.813432481,0.7980493682073053
Rail,101000,scenario_57,6524513.414548254,-10994899.813432481,10994899.813432481,0.5934127209214993
Rail,101000,scenario_58,6734843.2821685625,-10994899.813432481,10994899.813432481,0.6125424875577854
Rail,101000,scenario_59,5961015.272324483,-10994899.813432481,10994899.813432481,0.5421618544483602
Rail,101000,scenario_6,7051726.059073067,-10994899.813432481,10994899.813432481,0.6413633756314874
Rail,101000,scenario_60,6807481.784767055,-10994899.813432481,10994899.813432481,0.6191490509490907
Rail,101000,scenario_61,6519963.4235497955,-10994899.813432481,10994899.813432481,0.592998893503727
Rail,101000,scenario_62,7334083.299089787,-10994899.813432481,10994899.813432481,0.6670441225967088
Rail,101000,scenario_63,10098870.125864947,-10994899.813432481,10994899.813432481,0.9185049702342123
Rail,101000,scenario_64,9176330.11497535,-10994899.813432481,10994899.813432481,0.8345987931390351
Rail,101000,scenario_65,6329644.173740559,-10994899.813432481,10994899.813432481,0.5756891177860144
Rail,101000,scenario_66,6182544.301136902,-10994899.813432481,10994899.813432481,0.5623101989145622
Rail,101000,scenario_67,8900494.195776418,-10994899.813432481,10994899.813432481,0.8095111685240346
Rail,101000,scenario_68,4948412.036526358,-10994899.813432481,10994899.813432481,0.4500643134993261
Rail,101000,scenario_69,4659365.746065294,-10994899.813432481,10994899.813432481,0.42377518896288097
Rail,101000,scenario_7,9539892.247336095,-10994899.813432481,10994899.813432481,0.8676652274431095
Rail,101000,scenario_70,5444260.746699616,-10994899.813432481,10994899.813432481,0.4951623788375367
Rail,101000,scenario_71,7645505.68150676,-10994899.813432481,10994899.813432481,0.6953683809075039
Rail,101000,scenario_72,4180689.1990131834,-10994899.813432481,10994899.813432481,0.380238953510575
Rail,101000,scenario_73,4158743.877297611,-10994899.813432481,10994899.813432481,0.37824299883268325
Rail,101000,scenario_74,8272220.75393509,-10994899.813432481,10994899.813432481,0.7523689068843455
Rail,101000,scenario_75,7422696.763859144,-10994899.813432481,10994899.813432481,0.6751036289381034
Rail,101000,scenario_76,6688457.903611154,-10994899.813432481,10994899.813432481,0.6083236788969971
Rail,101000,scenario_77,8443121.571642954,-10994899.813432481,10994899.813432481,0.767912551720388
Rail,101000,scenario_78,11528885.095444253,-10994899.813432481,10994899.813432481,1.048566634628121
Rail,101000,scenario_79,8643079.501100836,-10994899.813432481,10994899.813432481,0.7860989775042403
Rail,101000,scenario_8,6299305.393769484,-10994899.813432481,10994899.813432481,0.5729297674976188
Rail,101000,scenario_80,14299455.375825848,-10994899.813432481,10994899.813432481,1.3005534946626969
Rail,101000,scenario_81,7758499.432787233,-10994899.813432481,10994899.813432481,0.7056453050448596
Rail,101000,scenario_82,9373382.472878406,-10994899.813432481,10994899.813432481,0.8525209535267374
Rail,101000,scenario_83,6794018.061290322,-10994899.813432481,10994899.813432481,0.6179245083243108
Rail,101000,scenario_84,6912159.105829405,-10994899.813432481,10994899.813432481,0.6286695852730565
Rail,101000,scenario_85,6589680.027133211,-10994899.813432481,10994899.813432481,0.5993397064957874
Rail,101000,scenario_86,9462414.074402273,-10994899.813432481,10994899.813432481,0.8606184899331262
Rail,101000,scenario_87,8583688.034814134,-10994899.813432481,10994899.813432481,0.7806972487668722
Rail,101000,scenario_88,6601695.5292966645,-10994899.813432481,10994899.813432481,0.60043253156626
Rail,101000,scenario_89,7079724.954410902,-10994899.813432481,10994899.813432481,0.6439099104624486
Rail,101000,scenario_9,10276846.388472885,-10994899.813432481,10994899.813432481,0.934692135704379
Rail,101000,scenario_90,7171267.163408591,-10994899.813432481,10994899.813432481,0.6522357897838639
Rail,101000,scenario_91,9633262.95885116,-10994899.813432481,10994899.813432481,0.8761574113737892
Rail,101000,scenario_92,6967324.091720391,-10994899.813432481,10994899.813432481,0.6336869102898421
Rail,101000,scenario_93,7522424.412053746,-10994899.813432481,10994899.813432481,0.6841739842743807
Rail,101000,scenario_94,13646363.269717071,-10994899.813432481,10994899.813432481,1.2411539442174175
Rail,101000,scenario_95,10755088.64874298,-10994899.813432481,10994899.813432481,0.9781888722263277
Rail,101000,scenario_96,10505943.18135551,-10994899.813432481,10994899.813432481,0.9555287778539271
Rail,101000,scenario_97,11961730.851510854,-10994899.813432481,10994899.813432481,1.0879345018585067
Rail,101000,scenario_98,10260219.075313224,-10994899.813432481,10994899.813432481,0.9331798606093984
Rail,101000,scenario_99,12276322.878047517,-10994899.813432481,10994899.813432481,1.116547043298159
Rail,101001,scenario_1,20543000.440040153,-13785498.359514862,13785498.359514862,1.4901891759220447
Rail,101001,scenario_10,20240725.442125943,-13785498.359514862,13785498.359514862,1.468262148691609
Rail,101001,scenario_100,12438506.892989496,-13785498.359514862,13785498.359514862,0.9022892440014211
Rail,101001,scenario_11,15595541.53154507,-13785498.359514862,13785498.359514862,1.1313005250028485
Rail,101001,scenario_12,25146914.12791821,-13785498.359514862,13785498.359514862,1.8241570578086215
Rail,101001,scenario_13,16044995.233846528,-13785498.359514862,13785498.359514862,1.1639038949050502
Rail,101001,scenario_14,17594221.21780022,-13785498.359514862,13785498.359514862,1.2762847420497168
Rail,101001,scenario_15,12279686.283344734,-13785498.359514862,13785498.359514862,0.8907683975653442
Rail,101001,scenario_16,18967908.30696655,-13785498.359514862,13785498.359514862,1.3759319984159113
Rail,101001,scenario_17,19151770.302118156,-13785498.359514862,13785498.359514862,1.3892693468640145
Rail,101001,scenario_18,10166830.85945386,-13785498.359514862,13785498.359514862,0.7375018729327716
Rail,101001,scenario_19,15280716.699838718,-13785498.359514862,13785498.359514862,1.1084631328755585
Rail,101001,scenario_2,10143946.840865783,-13785498.359514862,13785498.359514862,0.7358418663090515
Rail,101001,scenario_20,21619311.367019717,-13785498.359514862,13785498.359514862,1.5682647665833491
Rail,101001,scenario_21,19418654.569191363,-13785498.359514862,13785498.359514862,1.4086291306101713
Rail,101001,scenario_22,15971558.091352,-13785498.359514862,13785498.359514862,1.1585767648601766
Rail,101001,scenario_23,10937282.10097096,-13785498.359514862,13785498.359514862,0.7933904031421511
Rail,101001,scenario_24,20587136.00483746,-13785498.359514862,13785498.359514862,1.4933907696291628
Rail,101001,scenario_25,16190105.087492928,-13785498.359514862,13785498.359514862,1.1744301631517287
Rail,101001,scenario_26,10022460.458480636,-13785498.359514862,13785498.359514862,0.7270292445802695
Rail,101001,scenario_27,14331529.48463253,-13785498.359514862,13785498.359514862,1.0396090957960031
Rail,101001,scenario_28,7302726.808674448,-13785498.359514862,13785498.359514862,0.5297397756849354
Rail,101001,scenario_29,18178735.616045386,-13785498.359514862,13785498.359514862,1.3186854143360205
Rail,101001,scenario_3,17229513.78177783,-13785498.359514862,13785498.359514862,1.2498288659898813
Rail,101001,scenario_30,16534897.897968406,-13785498.359514862,13785498.359514862,1.1994414323480649
Rail,101001,scenario_31,18828343.107911214,-13785498.359514862,13785498.359514862,1.3658079393927562
Rail,101001,scenario_32,19865414.958635643,-13785498.359514862,13785498.359514862,1.4410371276076772
Rail,101001,scenario_33,14302259.718033385,-13785498.359514862,13785498.359514862,1.037485867035184
Rail,101001,scenario_34,23132088.786517963,-13785498.359514862,13785498.359514862,1.6780016349972584
Rail,101001,scenario_35,18933392.898551702,-13785498.359514862,13785498.359514862,1.3734282508171873
Rail,101001,scenario_36,15965675.620413618,-13785498.359514862,13785498.359514862,1.1581500504400684
Rail,101001,scenario_37,23066557.947344713,-13785498.359514862,13785498.359514862,1.673248028166061
Rail,101001,scenario_38,18180329.97077204,-13785498.359514862,13785498.359514862,1.3188010688219935
Rail,101001,scenario_39,16192638.10282254,-13785498.359514862,13785498.359514862,1.1746139080743678
Rail,101001,scenario_4,12486290.290587395,-13785498.359514862,13785498.359514862,0.9057554514863989
Rail,101001,scenario_40,18785276.92236145,-13785498.359514862,13785498.359514862,1.3626839184522987
Rail,101001,scenario_41,20402986.36486702,-13785498.359514862,13785498.359514862,1.4800325554269653
Rail,101001,scenario_42,23483052.71691963,-13785498.359514862,13785498.359514862,1.7034605572102106
Rail,101001,scenario_43,16598778.492313197,-13785498.359514862,13785498.359514862,1.204075330425511
Rail,101001,scenario_44,19605392.8947151,-13785498.359514862,13785498.359514862,1.422175128052828
Rail,101001,scenario_45,16475664.049829865,-13785498.359514862,13785498.359514862,1.1951446092232298
Rail,101001,scenario_46,18276372.018895175,-13785498.359514862,13785498.359514862,1.32576795863754
Rail,101001,scenario_47,11961814.211634511,-13785498.359514862,13785498.359514862,0.8677099586594467
Rail,101001,scenario_48,13583328.299729977,-13785498.359514862,13785498.359514862,0.985334584611129
Rail,101001,scenario_49,17066506.04192051,-13785498.359514862,13785498.359514862,1.2380042851436757
Rail,101001,scenario_5,18144191.582723953,-13785498.359514862,13785498.359514862,1.3161795902866786
Rail,101001,scenario_50,17126338.706544776,-13785498.359514862,13785498.359514862,1.24234454641417
Rail,101001,scenario_51,17636467.304150615,-13785498.359514862,13785498.359514862,1.2793492729972857
Rail,101001,scenario_52,24880604.25369419,-13785498.359514862,13785498.359514862,1.80483894051762
Rail,101001,scenario_53,21984667.17196524,-13785498.359514862,13785498.359514862,1.59476767532247
Rail,101001,scenario_54,26157452.183808178,-13785498.359514862,13785498.359514862,1.897461484644412
Rail,101001,scenario_55,16884030.366209056,-13785498.359514862,13785498.359514862,1.2247675003026324
Rail,101001,scenario_56,19696156.340896484,-13785498.359514862,13785498.359514862,1.4287591081030477
Rail,101001,scenario_57,14659677.071289403,-13785498.359514862,13785498.359514862,1.0634129205181164
Rail,101001,scenario_58,15125154.31473539,-13785498.359514862,13785498.359514862,1.0971786380356636
Rail,101001,scenario_59,13416813.99498833,-13785498.359514862,13785498.359514862,0.9732556375611866
Rail,101001,scenario_6,15860209.595385827,-13785498.359514862,13785498.359514862,1.1504995453747222
Rail,101001,scenario_60,15305805.287749143,-13785498.359514862,13785498.359514862,1.110283058949766
Rail,101001,scenario_61,14650781.47318377,-13785498.359514862,13785498.359514862,1.062767633864443
Rail,101001,scenario_62,16444277.252175864,-13785498.359514862,13785498.359514862,1.1928678110375235
Rail,101001,scenario_63,22656861.45741152,-13785498.359514862,13785498.359514862,1.6435286463019723
Rail,101001,scenario_64,20577461.51867431,-13785498.359514862,13785498.359514862,1.4926889824386784
Rail,101001,scenario_65,14219048.75246968,-13785498.359514862,13785498.359514862,1.0314497439010304
Rail,101001,scenario_66,13887671.558898518,-13785498.359514862,13785498.359514862,1.0074116435053024
Rail,101001,scenario_67,19961543.506623235,-13785498.359514862,13785498.359514862,1.4480102921230713
Rail,101001,scenario_68,11132979.743670624,-13785498.359514862,13785498.359514862,0.8075863094196047
Rail,101001,scenario_69,10497207.32469452,-13785498.359514862,13785498.359514862,0.7614673804991071
Rail,101001,scenario_7,21397162.601976,-13785498.359514862,13785498.359514862,1.5521500959889132
Rail,101001,scenario_70,12245868.06229958,-13785498.359514862,13785498.359514862,0.8883152239358385
Rail,101001,scenario_71,17174908.18127091,-13785498.359514862,13785498.359514862,1.2458677759311216
Rail,101001,scenario_72,9421216.681318425,-13785498.359514862,13785498.359514862,0.6834150232092135
Rail,101001,scenario_73,9357882.79550902,-13785498.359514862,13785498.359514862,0.6788207833669019
Rail,101001,scenario_74,18575099.409263466,-13785498.359514862,13785498.359514862,1.347437642429719
Rail,101001,scenario_75,16666852.799329268,-13785498.359514862,13785498.359514862,1.2090134404046171
Rail,101001,scenario_76,15022021.53114725,-13785498.359514862,13785498.359514862,1.0896973862957178
Rail,101001,scenario_77,18946419.52451092,-13785498.359514862,13785498.359514862,1.3743732022160773
Rail,101001,scenario_78,25842179.19595106,-13785498.359514862,13785498.359514862,1.8745915832716036
Rail,101001,scenario_79,19388681.31136049,-13785498.359514862,13785498.359514862,1.4064548705980053
Rail,101001,scenario_8,14160487.830491362,-13785498.359514862,13785498.359514862,1.0272017348373683
Rail,101001,scenario_80,32018199.775267947,-13785498.359514862,13785498.359514862,2.3226000932471713
Rail,101001,scenario_81,17443819.20495851,-13785498.359514862,13785498.359514862,1.2653745805945886
Rail,101001,scenario_82,21025921.13928561,-13785498.359514862,13785498.359514862,1.5252202416587535
Rail,101001,scenario_83,15254468.806134272,-13785498.359514862,13785498.359514862,1.1065591107633417
Rail,101001,scenario_84,15504663.104568534,-13785498.359514862,13785498.359514862,1.1247082042461736
Rail,101001,scenario_85,14822924.776391938,-13785498.359514862,13785498.359514862,1.0752549084423224
Rail,101001,scenario_86,21242083.003581796,-13785498.359514862,13785498.359514862,1.5409006224951118
Rail,101001,scenario_87,19241980.600948635,-13785498.359514862,13785498.359514862,1.395813201607446
Rail,101001,scenario_88,14837630.74445064,-13785498.359514862,13785498.359514862,1.076321679310896
Rail,101001,scenario_89,15908662.334476164,-13785498.359514862,13785498.359514862,1.1540143068890851
Rail,101001,scenario_9,23048249.67510655,-13785498.359514862,13785498.359514862,1.671919946165636
Rail,101001,scenario_90,16088261.625809792,-13785498.359514862,13785498.359514862,1.167042438818002
Rail,101001,scenario_91,21569476.52606818,-13785498.359514862,13785498.359514862,1.5646497474050878
Rail,101001,scenario_92,15650028.71558362,-13785498.359514862,13785498.359514862,1.1352530251314306
Rail,101001,scenario_93,16897401.178272065,-13785498.359514862,13785498.359514862,1.225737418960218
Rail,101001,scenario_94,30569039.514900625,-13785498.359514862,13785498.359514862,2.217478013321269
Rail,101001,scenario_95,24109533.785107344,-13785498.359514862,13785498.359514862,1.7489054915788915
Rail,101001,scenario_96,23585174.087494574,-13785498.359514862,13785498.359514862,1.7108684410539208
Rail,101001,scenario_97,26804328.79726183,-13785498.359514862,13785498.359514862,1.9443859117912314
Rail,101001,scenario_98,23007521.252557226,-13785498.359514862,13785498.359514862,1.6689655065445819
Rail,101001,scenario_99,27517090.22461979,-13785498.359514862,13785498.359514862,1.9960896230949294
Rail,101002,scenario_1,8894514.437248865,-13247927.074041102,13247927.074041102,0.6713891454518487
Rail,101002,scenario_10,8815855.06730525,-13247927.074041102,13247927.074041102,0.6654516603265157
Rail,101002,scenario_100,5371255.800769248,-13247927.074041102,13247927.074041102,0.40544122644621555
Rail,101002,scenario_11,6739759.557336173,-13247927.074041102,13247927.074041102,0.5087406897447768
Rail,101002,scenario_12,10925953.13585271,-13247927.074041102,13247927.074041102,0.8247292632869162
Rail,101002,scenario_13,6926044.80728539,-13247927.074041102,13247927.074041102,0.5228021537691552
Rail,101002,scenario_14,7619071.378504241,-13247927.074041102,13247927.074041102,0.5751142300166773
Rail,101002,scenario_15,5286150.470116552,-13247927.074041102,13247927.074041102,0.3990171775986447
Rail,101002,scenario_16,8227184.99300071,-13247927.074041102,13247927.074041102,0.6210167784756018
Rail,101002,scenario_17,8319640.004535431,-13247927.074041102,13247927.074041102,0.6279956070136817
Rail,101002,scenario_18,4365833.938645771,-13247927.074041102,13247927.074041102,0.32954845797728505
Rail,101002,scenario_19,6618166.048250006,-13247927.074041102,13247927.074041102,0.49956238521406826
Rail,101002,scenario_2,4373902.892914562,-13247927.074041102,13247927.074041102,0.3301575309457347
Rail,101002,scenario_20,9363103.536120044,-13247927.074041102,13247927.074041102,0.7067598941170767
Rail,101002,scenario_21,8420225.815921942,-13247927.074041102,13247927.074041102,0.6355881768417272
Rail,101002,scenario_22,6890764.006969529,-13247927.074041102,13247927.074041102,0.5201390352209717
Rail,101002,scenario_23,4704823.767897766,-13247927.074041102,13247927.074041102,0.35513659922817065
Rail,101002,scenario_24,8933659.513411261,-13247927.074041102,13247927.074041102,0.6743439530941023
Rail,101002,scenario_25,6992950.303690017,-13247927.074041102,13247927.074041102,0.5278524152954075
Rail,101002,scenario_26,4306578.63799653,-13247927.074041102,13247927.074041102,0.3250756600581789
Rail,101002,scenario_27,6191989.18500379,-13247927.074041102,13247927.074041102,0.467393060846236
Rail,101002,scenario_28,3120999.4736672975,-13247927.074041102,13247927.074041102,0.23558398655309615
Rail,101002,scenario_29,7842454.363492401,-13247927.074041102,13247927.074041102,0.5919759611946721
Rail,101002,scenario_3,7468369.056685264,-13247927.074041102,13247927.074041102,0.5637386902075646
Rail,101002,scenario_30,7158596.095686051,-13247927.074041102,13247927.074041102,0.5403559406447138
Rail,101002,scenario_31,8161051.832591394,-13247927.074041102,13247927.074041102,0.6160248155790893
Rail,101002,scenario_32,8641097.774815256,-13247927.074041102,13247927.074041102,0.6522603669631618
Rail,101002,scenario_33,6188401.159088293,-13247927.074041102,13247927.074041102,0.46712222406585185
Rail,101002,scenario_34,10051974.209563533,-13247927.074041102,13247927.074041102,0.7587582686245353
Rail,101002,scenario_35,8223019.579157257,-13247927.074041102,13247927.074041102,0.620702358429343
Rail,101002,scenario_36,6928998.986008259,-13247927.074041102,13247927.074041102,0.5230251455403476
Rail,101002,scenario_37,10015034.737331249,-13247927.074041102,13247927.074041102,0.7559699477026406
Rail,101002,scenario_38,7883478.03826634,-13247927.074041102,13247927.074041102,0.5950725720489335
Rail,101002,scenario_39,7010228.518850317,-13247927.074041102,13247927.074041102,0.5291566355755868
Rail,101002,scenario_4,5390821.428212895,-13247927.074041102,13247927.074041102,0.40691810862818234
Rail,101002,scenario_40,8108729.3583064275,-13247927.074041102,13247927.074041102,0.6120753317094588
Rail,101002,scenario_41,8841088.93810015,-13247927.074041102,13247927.074041102,0.6673564013968636
Rail,101002,scenario_42,10210312.739415191,-13247927.074041102,13247927.074041102,0.7707102161984254
Rail,101002,scenario_43,7211793.191837386,-13247927.074041102,13247927.074041102,0.5443714440403788
Rail,101002,scenario_44,8486064.435592921,-13247927.074041102,13247927.074041102,0.6405579067702674
Rail,101002,scenario_45,7124129.542413479,-13247927.074041102,13247927.074041102,0.5377542843191663
Rail,101002,scenario_46,7933697.111801279,-13247927.074041102,13247927.074041102,0.5988632838526949
Rail,101002,scenario_47,5152764.191667972,-13247927.074041102,13247927.074041102,0.3889487134756842
Rail,101002,scenario_48,5870686.253596439,-13247927.074041102,13247927.074041102,0.4431399886779166
Rail,101002,scenario_49,7375307.072711775,-13247927.074041102,13247927.074041102,0.556714045260972
Rail,101002,scenario_5,7866682.766189348,-13247927.074041102,13247927.074041102,0.5938048060065084
Rail,101002,scenario_50,7424162.395864829,-13247927.074041102,13247927.074041102,0.5604018164028275
Rail,101002,scenario_51,7652387.543327168,-13247927.074041102,13247927.074041102,0.5776290509872886
Rail,101002,scenario_52,10797067.339837516,-13247927.074041102,13247927.074041102,0.8150005113625686
Rail,101002,scenario_53,9554541.793559909,-13247927.074041102,13247927.074041102,0.7212103252199912
Rail,101002,scenario_54,11358983.52720917,-13247927.074041102,13247927.074041102,0.8574159159938872
Rail,101002,scenario_55,7307560.793799219,-13247927.074041102,13247927.074041102,0.5516003185221449
Rail,101002,scenario_56,8536617.2681608,-13247927.074041102,13247927.074041102,0.6443738118764281
Rail,101002,scenario_57,6338174.463816353,-13247927.074041102,13247927.074041102,0.4784276384066008
Rail,101002,scenario_58,6540640.728185168,-13247927.074041102,13247927.074041102,0.49371050215103823
Rail,101002,scenario_59,5761420.344407111,-13247927.074041102,13247927.074041102,0.4348922146240097
Rail,101002,scenario_6,6828137.529916846,-13247927.074041102,13247927.074041102,0.5154117690832075
Rail,101002,scenario_60,6611899.139527454,-13247927.074041102,13247927.074041102,0.4990893369637627
Rail,101002,scenario_61,6327233.387603125,-13247927.074041102,13247927.074041102,0.47760176760039236
Rail,101002,scenario_62,7147284.956627855,-13247927.074041102,13247927.074041102,0.5395021361970459
Rail,101002,scenario_63,9828882.626928093,-13247927.074041102,13247927.074041102,0.7419185335181593
Rail,101002,scenario_64,8939022.697151614,-13247927.074041102,13247927.074041102,0.6747487850131172
Rail,101002,scenario_65,6146755.093112024,-13247927.074041102,13247927.074041102,0.46397863294072605
Rail,101002,scenario_66,6002947.851875173,-13247927.074041102,13247927.074041102,0.45312355799706666
Rail,101002,scenario_67,8668018.047704829,-13247927.074041102,13247927.074041102,0.6542924035783333
Rail,101002,scenario_68,4795241.472119683,-13247927.074041102,13247927.074041102,0.36196164466483277
Rail,101002,scenario_69,4505990.135282871,-13247927.074041102,13247927.074041102,0.34012793926924745
Rail,101002,scenario_7,9296822.001864692,-13247927.074041102,13247927.074041102,0.701756731442274
Rail,101002,scenario_70,5275943.697302629,-13247927.074041102,13247927.074041102,0.398246734588438
Rail,101002,scenario_71,7428794.214994752,-13247927.074041102,13247927.074041102,0.5607514423559321
Rail,101002,scenario_72,4043210.2875316865,-13247927.074041102,13247927.074041102,0.3051956932533415
Rail,101002,scenario_73,4029993.019179574,-13247927.074041102,13247927.074041102,0.304198007481202
Rail,101002,scenario_74,8037199.840332115,-13247927.074041102,13247927.074041102,0.6066760328172969
Rail,101002,scenario_75,7214817.494807894,-13247927.074041102,13247927.074041102,0.54459972903573
Rail,101002,scenario_76,6503302.903578066,-13247927.074041102,13247927.074041102,0.49089211219475115
Rail,101002,scenario_77,8213471.840277638,-13247927.074041102,13247927.074041102,0.6199816616119271
Rail,101002,scenario_78,11228407.17092983,-13247927.074041102,13247927.074041102,0.8475595546515003
Rail,101002,scenario_79,8408441.694379663,-13247927.074041102,13247927.074041102,0.6346986700172694
Rail,101002,scenario_8,6114312.764089813,-13247927.074041102,13247927.074041102,0.46152977216115704
Rail,101002,scenario_80,13955243.383939816,-13247927.074041102,13247927.074041102,1.053390715841475
Rail,101002,scenario_81,7521240.46251719,-13247927.074041102,13247927.074041102,0.567729609355627
Rail,101002,scenario_82,9124475.02800338,-13247927.074041102,13247927.074041102,0.688747377382723
Rail,101002,scenario_83,6607026.494716199,-13247927.074041102,13247927.074041102,0.4987215326435832
Rail,101002,scenario_84,6724768.929772884,-13247927.074041102,13247927.074041102,0.5076091445996753
Rail,101002,scenario_85,6386363.053416891,-13247927.074041102,13247927.074041102,0.48206508216147786
Rail,101002,scenario_86,9193838.38758529,-13247927.074041102,13247927.074041102,0.6939831670420595
Rail,101002,scenario_87,8371226.61250915,-13247927.074041102,13247927.074041102,0.6318895451132356
Rail,101002,scenario_88,6409513.350021366,-13247927.074041102,13247927.074041102,0.48381254774421323
Rail,101002,scenario_89,6877110.340659665,-13247927.074041102,13247927.074041102,0.5191084086004026
Rail,101002,scenario_9,10010396.86394495,-13247927.074041102,13247927.074041102,0.7556198647530306
Rail,101002,scenario_90,6977907.186080775,-13247927.074041102,13247927.074041102,0.5267169080175392
Rail,101002,scenario_91,9403093.44821062,-13247927.074041102,13247927.074041102,0.7097784729382822
Rail,101002,scenario_92,6773496.7404743135,-13247927.074041102,13247927.074041102,0.5112872906544578
Rail,101002,scenario_93,7309863.420911323,-13247927.074041102,13247927.074041102,0.55177412889257
Rail,101002,scenario_94,13299876.230149494,-13247927.074041102,13247927.074041102,1.003921304504324
Rail,101002,scenario_95,10476709.19164814,-13247927.074041102,13247927.074041102,0.79081875474518
Rail,101002,scenario_96,10217051.29662235,-13247927.074041102,13247927.074041102,0.7712188661305619
Rail,101002,scenario_97,11658384.978187157,-13247927.074041102,13247927.074041102,0.8800157876043413
Rail,101002,scenario_98,9987298.791165128,-13247927.074041102,13247927.074041102,0.7538763412077447
Rail,101002,scenario_99,11952437.241909094,-13247927.074041102,13247927.074041102,0.9022118837995056
Rail,101003,scenario_1,8520279.422125325,-12739558.407882292,12739558.407882292,0.6688049263036943
Rail,101003,scenario_10,8418868.203651534,-12739558.407882292,12739558.407882292,0.660844586139074
Rail,101003,scenario_100,5146710.641512737,-12739558.407882292,12739558.407882292,0.4039944303193692
Rail,101003,scenario_11,6461632.487746788,-12739558.407882292,12739558.407882292,0.5072100838086201
Rail,101003,scenario_12,10455167.489338236,-12739558.407882292,12739558.407882292,0.8206852352801614
Rail,101003,scenario_13,6636642.329536934,-12739558.407882292,12739558.407882292,0.5209475962236394
Rail,101003,scenario_14,7293017.270428495,-12739558.407882292,12739558.407882292,0.5724701780805932
Rail,101003,scenario_15,5071008.256052677,-12739558.407882292,12739558.407882292,0.39805212187850353
Rail,101003,scenario_16,7865359.255219526,-12739558.407882292,12739558.407882292,0.6173965378857266
Rail,101003,scenario_17,7956807.091237768,-12739558.407882292,12739558.407882292,0.624574795804122
Rail,101003,scenario_18,4188536.4256599,-12739558.407882292,12739558.407882292,0.32878191626079795
Rail,101003,scenario_19,6343396.473524596,-12739558.407882292,12739558.407882292,0.497929070257237
Rail,101003,scenario_2,4191894.179944623,-12739558.407882292,12739558.407882292,0.32904548538754613
Rail,101003,scenario_20,8967550.147599764,-12739558.407882292,12739558.407882292,0.7039137355068219
Rail,101003,scenario_21,8060444.843171258,-12739558.407882292,12739558.407882292,0.6327099091742501
Rail,101003,scenario_22,6607721.828241314,-12739558.407882292,12739558.407882292,0.5186774624898259
Rail,101003,scenario_23,4518516.450016451,-12739558.407882292,12739558.407882292,0.3546839148852074
Rail,101003,scenario_24,8547217.256941345,-12739558.407882292,12739558.407882292,0.6709194293306872
Rail,101003,scenario_25,6704687.8309722105,-12739558.407882292,12739558.407882292,0.5262888725266841
Rail,101003,scenario_26,4130528.886481799,-12739558.407882292,12739558.407882292,0.32422857639446395
Rail,101003,scenario_27,5926296.508490353,-12739558.407882292,12739558.407882292,0.46518853470019816
Rail,101003,scenario_28,3001751.3433030187,-12739558.407882292,12739558.407882292,0.2356244421663594
Rail,101003,scenario_29,7522691.381820832,-12739558.407882292,12739558.407882292,0.5904985982219251
Rail,101003,scenario_3,7143403.785261319,-12739558.407882292,12739558.407882292,0.5607261693499134
Rail,101003,scenario_30,6853967.489113271,-12739558.407882292,12739558.407882292,0.5380066772858112
Rail,101003,scenario_31,7804550.002616778,-12739558.407882292,12739558.407882292,0.6126232756849643
Rail,101003,scenario_32,8252151.574757415,-12739558.407882292,12739558.407882292,0.6477580549143365
Rail,101003,scenario_33,5926531.992442669,-12739558.407882292,12739558.407882292,0.46520701916761664
Rail,101003,scenario_34,9608703.754114054,-12739558.407882292,12739558.407882292,0.7542415087299181
Rail,101003,scenario_35,7857483.89581267,-12739558.407882292,12739558.407882292,0.6167783563793736
Rail,101003,scenario_36,6624805.098189018,-12739558.407882292,12739558.407882292,0.5200184249785362
Rail,101003,scenario_37,9584581.79894523,-12739558.407882292,12739558.407882292,0.7523480400242918
Rail,101003,scenario_38,7542681.357627768,-12739558.407882292,12739558.407882292,0.5920677244951377
Rail,101003,scenario_39,6706572.82773791,-12739558.407882292,12739558.407882292,0.5264368365851976
Rail,101003,scenario_4,5167309.659973681,-12739558.407882292,12739558.407882292,0.4056113637955091
Rail,101003,scenario_40,7765605.498741482,-12739558.407882292,12739558.407882292,0.6095663012884892
Rail,101003,scenario_41,8464663.107224826,-12739558.407882292,12739558.407882292,0.6644392871567292
Rail,101003,scenario_42,9763871.269552063,-12739558.407882292,12739558.407882292,0.7664214847126024
Rail,101003,scenario_43,6882026.464917569,-12739558.407882292,12739558.407882292,0.5402091850106424
Rail,101003,scenario_44,8128262.7764196275,-12739558.407882292,12739558.407882292,0.6380333223630783
Rail,101003,scenario_45,6826429.446540942,-12739558.407882292,12739558.407882292,0.5358450605569857
Rail,101003,scenario_46,7583857.559709802,-12739558.407882292,12739558.407882292,0.5952998775073298
Rail,101003,scenario_47,4940559.54347135,-12739558.407882292,12739558.407882292,0.3878124645524997
Rail,101003,scenario_48,5626027.333136765,-12739558.407882292,12739558.407882292,0.441618708671707
Rail,101003,scenario_49,7066692.397720796,-12739558.407882292,12739558.407882292,0.5547046586283911
Rail,101003,scenario_5,7518625.97117137,-12739558.407882292,12739558.407882292,0.5901794811442916
Rail,101003,scenario_50,7104110.544875489,-12739558.407882292,12739558.407882292,0.5576418206521188
Rail,101003,scenario_51,7317979.367772495,-12739558.407882292,12739558.407882292,0.5744295942977642
Rail,101003,scenario_52,10336283.886528432,-12739558.407882292,12739558.407882292,0.8113533888374898
Rail,101003,scenario_53,9126133.813968496,-12739558.407882292,12739558.407882292,0.716361864499316
Rail,101003,scenario_54,10867519.374151403,-12739558.407882292,12739558.407882292,0.8530530671634105
Rail,101003,scenario_55,6995562.711811118,-12739558.407882292,12739558.407882292,0.5491212872404418
Rail,101003,scenario_56,8164564.454872056,-12739558.407882292,12739558.407882292,0.6408828464431255
Rail,101003,scenario_57,6067547.23413485,-12739558.407882292,12739558.407882292,0.476276103132484
Rail,101003,scenario_58,6268442.668769671,-12739558.407882292,12739558.407882292,0.49204552215022024
Rail,101003,scenario_59,5545140.220525043,-12739558.407882292,12739558.407882292,0.4352694216696022
Rail,101003,scenario_6,6559683.659013949,-12739558.407882292,12739558.407882292,0.514906674862082
Rail,101003,scenario_60,6325581.303568011,-12739558.407882292,12739558.407882292,0.49653065679688013
Rail,101003,scenario_61,6066117.934950721,-12739558.407882292,12739558.407882292,0.4761639093547747
Rail,101003,scenario_62,6829063.7270168,-12739558.407882292,12739558.407882292,0.5360518401321888
Rail,101003,scenario_63,9402107.032335058,-12739558.407882292,12739558.407882292,0.738024563435239
Rail,101003,scenario_64,8544941.210879698,-12739558.407882292,12739558.407882292,0.6707407696009874
Rail,101003,scenario_65,5888998.52591849,-12739558.407882292,12739558.407882292,0.46226080507428075
Rail,101003,scenario_66,5753354.633906585,-12739558.407882292,12739558.407882292,0.4516133487285428
Rail,101003,scenario_67,8287394.512491383,-12739558.407882292,12739558.407882292,0.6505244724466869
Rail,101003,scenario_68,4599447.192592634,-12739558.407882292,12739558.407882292,0.36103662665001307
Rail,101003,scenario_69,4326859.099692975,-12739558.407882292,12739558.407882292,0.33963964535975094
Rail,101003,scenario_7,8878839.372957744,-12739558.407882292,12739558.407882292,0.6969503250178732
Rail,101003,scenario_70,5061938.506104842,-12739558.407882292,12739558.407882292,0.39734018590258907
Rail,101003,scenario_71,7111369.299587066,-12739558.407882292,12739558.407882292,0.558211601368151
Rail,101003,scenario_72,3880941.4777723686,-12739558.407882292,12739558.407882292,0.3046370489083146
Rail,101003,scenario_73,3864758.285204633,-12739558.407882292,12739558.407882292,0.303366738584393
Rail,101003,scenario_74,7699016.618304864,-12739558.407882292,12739558.407882292,0.6043393634069203
Rail,101003,scenario_75,6907172.202332726,-12739558.407882292,12739558.407882292,0.5421830161757476
Rail,101003,scenario_76,6220958.295323092,-12739558.407882292,12739558.407882292,0.48831820508582346
Rail,101003,scenario_77,7860130.489287606,-12739558.407882292,12739558.407882292,0.6169861024715222
Rail,101003,scenario_78,10743012.66686231,-12739558.407882292,12739558.407882292,0.8432798314433986
Rail,101003,scenario_79,8050024.745917524,-12739558.407882292,12739558.407882292,0.6318919768001352
Rail,101003,scenario_8,5857046.988834492,-12739558.407882292,12739558.407882292,0.45975274819656126
Rail,101003,scenario_80,13329366.47617123,-12739558.407882292,12739558.407882292,1.0462973714947614
Rail,101003,scenario_81,7216904.497985824,-12739558.407882292,12739558.407882292,0.5664956560441325
Rail,101003,scenario_82,8727616.575322203,-12739558.407882292,12739558.407882292,0.6850799922485699
Rail,101003,scenario_83,6321096.645285373,-12739558.407882292,12739558.407882292,0.49617863060106915
Rail,101003,scenario_84,6438376.166004808,-12739558.407882292,12739558.407882292,0.5053845635670714
Rail,101003,scenario_85,6126084.388161436,-12739558.407882292,12739558.407882292,0.4808710154640109
Rail,101003,scenario_86,8809631.06868452,-12739558.407882292,12739558.407882292,0.6915177737427519
Rail,101003,scenario_87,7991733.829317715,-12739558.407882292,12739558.407882292,0.6273163930370635
Rail,101003,scenario_88,6138541.0696203215,-12739558.407882292,12739558.407882292,0.48184881085220727
Rail,101003,scenario_89,6583555.780612055,-12739558.407882292,12739558.407882292,0.5167805327175736
Rail,101003,scenario_9,9568156.233601011,-12739558.407882292,12739558.407882292,0.7510587044901766
Rail,101003,scenario_90,6677752.888521692,-12739558.407882292,12739558.407882292,0.52417459653782
Rail,101003,scenario_91,8979127.000120042,-12739558.407882292,12739558.407882292,0.7048224681449261
Rail,101003,scenario_92,6479544.15979947,-12739558.407882292,12739558.407882292,0.508616072264358
Rail,101003,scenario_93,6997237.996411285,-12739558.407882292,12739558.407882292,0.5492527898048581
Rail,101003,scenario_94,12722541.66222725,-12739558.407882292,12739558.407882292,0.9986642593793116
Rail,101003,scenario_95,10019675.761984298,-12739558.407882292,12739558.407882292,0.7865010262667242
Rail,101003,scenario_96,9776450.972343173,-12739558.407882292,12739558.407882292,0.767408936741028
Rail,101003,scenario_97,11146388.74578209,-12739558.407882292,12739558.407882292,0.8749431015509559
Rail,101003,scenario_98,9558657.655599307,-12739558.407882292,12739558.407882292,0.7503131073746733
Rail,101003,scenario_99,11441579.868283529,-12739558.407882292,12739558.407882292,0.8981143224873737
Rail,101004,scenario_1,2092894.8345290949,-12256103.342930473,12256103.342930473,0.1707634780785617
Rail,101004,scenario_10,2000547.6531454,-12256103.342930473,12256103.342930473,0.16322868673421798
Rail,101004,scenario_100,1330861.0891510558,-12256103.342930473,12256103.342930473,0.1085876197281511
Rail,101004,scenario_11,1611798.3867630628,-12256103.342930473,12256103.342930473,0.13150985608266555
Rail,101004,scenario_12,2452275.818004151,-12256103.342930473,12256103.342930473,0.20008609175269926
Rail,101004,scenario_13,1729788.8144329248,-12256103.342930473,12256103.342930473,0.14113693121155804
Rail,101004,scenario_14,1831794.8400297605,-12256103.342930473,12256103.342930473,0.1494598069855841
Rail,101004,scenario_15,1352790.9050653651,-12256103.342930473,12256103.342930473,0.11037691729693824
Rail,101004,scenario_16,1985482.5577202071,-12256103.342930473,12256103.342930473,0.16199949544856498
Rail,101004,scenario_17,1912268.6507220592,-12256103.342930473,12256103.342930473,0.15602582625293282
Rail,101004,scenario_18,1174419.7599904842,-12256103.342930473,12256103.342930473,0.09582325859449523
Rail,101004,scenario_19,1515777.7777370044,-12256103.342930473,12256103.342930473,0.12367534242531747
Rail,101004,scenario_2,1112878.5038097391,-12256103.342930473,12256103.342930473,0.09080198433963647
Rail,101004,scenario_20,2203114.6882639066,-12256103.342930473,12256103.342930473,0.17975653652877366
Rail,101004,scenario_21,1958131.8735062515,-12256103.342930473,12256103.342930473,0.159767898386377
Rail,101004,scenario_22,1700082.058434063,-12256103.342930473,12256103.342930473,0.13871309753721187
Rail,101004,scenario_23,1181050.856018666,-12256103.342930473,12256103.342930473,0.09636430299030695
Rail,101004,scenario_24,2078855.3717444765,-12256103.342930473,12256103.342930473,0.16961797021266103
Rail,101004,scenario_25,1689964.96584667,-12256103.342930473,12256103.342930473,0.1378876237055777
Rail,101004,scenario_26,1152858.8116355508,-12256103.342930473,12256103.342930473,0.09406405766809556
Rail,101004,scenario_27,1573384.3479890556,-12256103.342930473,12256103.342930473,0.1283755777807316
Rail,101004,scenario_28,860145.5072713248,-12256103.342930473,12256103.342930473,0.07018099335523889
Rail,101004,scenario_29,1918540.2920563545,-12256103.342930473,12256103.342930473,0.1565375420208904
Rail,101004,scenario_3,1799694.8455104954,-12256103.342930473,12256103.342930473,0.14684070419074832
Rail,101004,scenario_30,1716423.3639800365,-12256103.342930473,12256103.342930473,0.1400464173607102
Rail,101004,scenario_31,1980712.0632414797,-12256103.342930473,12256103.342930473,0.1616102612568119
Rail,101004,scenario_32,2023112.266112568,-12256103.342930473,12256103.342930473,0.16506977866497294
Rail,101004,scenario_33,1491635.5093334496,-12256103.342930473,12256103.342930473,0.12170552643013166
Rail,101004,scenario_34,2332694.008995721,-12256103.342930473,12256103.342930473,0.1903291726355472
Rail,101004,scenario_35,1957132.5483538867,-12256103.342930473,12256103.342930473,0.1596863614472371
Rail,101004,scenario_36,1644987.388985437,-12256103.342930473,12256103.342930473,0.13421781319543896
Rail,101004,scenario_37,2277709.2772472836,-12256103.342930473,12256103.342930473,0.18584285833075198
Rail,101004,scenario_38,1865024.1353020417,-12256103.342930473,12256103.342930473,0.1521710516889382
Rail,101004,scenario_39,1726169.011690729,-12256103.342930473,12256103.342930473,0.1408415842614784
Rail,101004,scenario_4,1326889.6895793637,-12256103.342930473,12256103.342930473,0.10826358528909892
Rail,101004,scenario_40,2061843.150827163,-12256103.342930473,12256103.342930473,0.16822990906130608
Rail,101004,scenario_41,2078063.597449759,-12256103.342930473,12256103.342930473,0.16955336776337
Rail,101004,scenario_42,2304825.6399039244,-12256103.342930473,12256103.342930473,0.18805533662812876
Rail,101004,scenario_43,1777929.0534435047,-12256103.342930473,12256103.342930473,0.14506478965592634
Rail,101004,scenario_44,2017251.452601641,-12256103.342930473,12256103.342930473,0.1645915831613174
Rail,101004,scenario_45,1711643.2041548635,-12256103.342930473,12256103.342930473,0.1396563945539973
Rail,101004,scenario_46,1886008.9907892789,-12256103.342930473,12256103.342930473,0.15388324804532272
Rail,101004,scenario_47,1320295.634699789,-12256103.342930473,12256103.342930473,0.10772556315473285
Rail,101004,scenario_48,1420156.1632549646,-12256103.342930473,12256103.342930473,0.11587338353132724
Rail,101004,scenario_49,1799615.2171406138,-12256103.342930473,12256103.342930473,0.14683420715268872
Rail,101004,scenario_5,1933372.3276772157,-12256103.342930473,12256103.342930473,0.1577477174906833
Rail,101004,scenario_50,1761596.031455938,-12256103.342930473,12256103.342930473,0.14373214570453635
Rail,101004,scenario_51,1813748.6957329635,-12256103.342930473,12256103.342930473,0.14798738595649688
Rail,101004,scenario_52,2459661.347728189,-12256103.342930473,12256103.342930473,0.20068869190361088
Rail,101004,scenario_53,2270220.8088015253,-12256103.342930473,12256103.342930473,0.18523185920352303
Rail,101004,scenario_54,2600031.237757365,-12256103.342930473,12256103.342930473,0.21214175215461992
Rail,101004,scenario_55,1772404.7427691189,-12256103.342930473,12256103.342930473,0.14461405009215036
Rail,101004,scenario_56,2067535.1551136773,-12256103.342930473,12256103.342930473,0.16869433108250237
Rail,101004,scenario_57,1574685.320054029,-12256103.342930473,12256103.342930473,0.12848172669515995
Rail,101004,scenario_58,1559533.3898155324,-12256103.342930473,12256103.342930473,0.12724545038330617
Rail,101004,scenario_59,1403760.788523253,-12256103.342930473,12256103.342930473,0.11453565209475537
Rail,101004,scenario_6,1666452.985737176,-12256103.342930473,12256103.342930473,0.13596923419370596
Rail,101004,scenario_60,1707651.4280873912,-12256103.342930473,12256103.342930473,0.13933069755587474
Rail,101004,scenario_61,1536488.2991556465,-12256103.342930473,12256103.342930473,0.12536515531601802
Rail,101004,scenario_62,1675505.8501851875,-12256103.342930473,12256103.342930473,0.1367078755215986
Rail,101004,scenario_63,2316793.3630440272,-12256103.342930473,12256103.342930473,0.18903180711024214
Rail,101004,scenario_64,2088476.8939534456,-12256103.342930473,12256103.342930473,0.17040300946533013
Rail,101004,scenario_65,1493247.414614402,-12256103.342930473,12256103.342930473,0.12183704500792515
Rail,101004,scenario_66,1443736.294665211,-12256103.342930473,12256103.342930473,0.11779733364421918
Rail,101004,scenario_67,2031760.9657258275,-12256103.342930473,12256103.342930473,0.16577544337513941
Rail,101004,scenario_68,1217479.103995861,-12256103.342930473,12256103.342930473,0.09933655664694795
Rail,101004,scenario_69,1189595.8229360273,-12256103.342930473,12256103.342930473,0.09706150394221391
Rail,101004,scenario_7,2230954.157866999,-12256103.342930473,12256103.342930473,0.1820280145690719
Rail,101004,scenario_70,1320436.20597169,-12256103.342930473,12256103.342930473,0.1077370326461338
Rail,101004,scenario_71,1830296.799263304,-12256103.342930473,12256103.342930473,0.1493375788414064
Rail,101004,scenario_72,1084894.3661704622,-12256103.342930473,12256103.342930473,0.0885187025447405
Rail,101004,scenario_73,1032314.5930313596,-12256103.342930473,12256103.342930473,0.08422861362594629
Rail,101004,scenario_74,1920394.3496801544,-12256103.342930473,12256103.342930473,0.15668881829295853
Rail,101004,scenario_75,1740167.3274305244,-12256103.342930473,12256103.342930473,0.14198373485764398
Rail,101004,scenario_76,1607224.5584547336,-12256103.342930473,12256103.342930473,0.13113666827734508
Rail,101004,scenario_77,1940753.241648762,-12256103.342930473,12256103.342930473,0.15834994103311156
Rail,101004,scenario_78,2531473.158923693,-12256103.342930473,12256103.342930473,0.2065479612966783
Rail,101004,scenario_79,1941673.4427402408,-12256103.342930473,12256103.342930473,0.1584250220817721
Rail,101004,scenario_8,1531663.9083782693,-12256103.342930473,12256103.342930473,0.12497152361739498
Rail,101004,scenario_80,3094063.226025805,-12256103.342930473,12256103.342930473,0.25245081078812154
Rail,101004,scenario_81,1843264.590642561,-12256103.342930473,12256103.342930473,0.15039564689259796
Rail,101004,scenario_82,2140039.9596447456,-12256103.342930473,12256103.342930473,0.17461014318871232
Rail,101004,scenario_83,1608578.773111849,-12256103.342930473,12256103.342930473,0.13124716136142114
Rail,101004,scenario_84,1546526.9487891614,-12256103.342930473,12256103.342930473,0.12618422883005667
Rail,101004,scenario_85,1607661.1940283964,-12256103.342930473,12256103.342930473,0.13117229424764296
Rail,101004,scenario_86,2161144.1056784154,-12256103.342930473,12256103.342930473,0.17633207269951748
Rail,101004,scenario_87,1974728.229398945,-12256103.342930473,12256103.342930473,0.16112202827809882
Rail,101004,scenario_88,1600651.5781424,-12256103.342930473,12256103.342930473,0.1306003656590969
Rail,101004,scenario_89,1713519.5380706082,-12256103.342930473,12256103.342930473,0.13980948839330692
Rail,101004,scenario_9,2357439.1908734976,-12256103.342930473,12256103.342930473,0.19234818154771094
Rail,101004,scenario_90,1629321.568243853,-12256103.342930473,12256103.342930473,0.1329396075289846
Rail,101004,scenario_91,2092459.2297511215,-12256103.342930473,12256103.342930473,0.1707279362129471
Rail,101004,scenario_92,1682817.7477718042,-12256103.342930473,12256103.342930473,0.1373044678790573
Rail,101004,scenario_93,1796820.932270332,-12256103.342930473,12256103.342930473,0.14660621585789488
Rail,101004,scenario_94,2921103.9689226523,-12256103.342930473,12256103.342930473,0.23833871885615213
Rail,101004,scenario_95,2390514.8981309254,-12256103.342930473,12256103.342930473,0.1950468946975561
Rail,101004,scenario_96,2463776.37834003,-12256103.342930473,12256103.342930473,0.20102444548667892
Rail,101004,scenario_97,2629609.6980949803,-12256103.342930473,12256103.342930473,0.21455511792920573
Rail,101004,scenario_98,2277825.638505304,-12256103.342930473,12256103.342930473,0.18585235247866871
Rail,101004,scenario_99,2666384.0137864407,-12256103.342930473,12256103.342930473,0.21755560794324208
Rail,101005,scenario_1,218354.78928746167,-7858592.172197513,7858592.172197513,0.027785484283045916
Rail,101005,scenario_10,217406.7716993976,-7858592.172197513,7858592.172197513,0.02766484975114871
Rail,101005,scenario_100,131616.7544288934,-7858592.172197513,7858592.172197513,0.016748133958972088
Rail,101005,scenario_11,165225.69528074877,-7858592.172197513,7858592.172197513,0.021024846646870387
Rail,101005,scenario_12,268909.91028052766,-7858592.172197513,7858592.172197513,0.03421858577060271
Rail,101005,scenario_13,169670.71970582195,-7858592.172197513,7858592.172197513,0.02159047269383577
Rail,101005,scenario_14,187093.91719655064,-7858592.172197513,7858592.172197513,0.023807561595887372
Rail,101005,scenario_15,129228.59160203874,-7858592.172197513,7858592.172197513,0.01644424201821155
Rail,101005,scenario_16,202289.37314021692,-7858592.172197513,7858592.172197513,0.025741172045533233
Rail,101005,scenario_17,204757.43899896657,-7858592.172197513,7858592.172197513,0.02605523158758216
Rail,101005,scenario_18,106549.17009726296,-7858592.172197513,7858592.172197513,0.013558302525765046
Rail,101005,scenario_19,162489.4253293071,-7858592.172197513,7858592.172197513,0.020676658333813224
Rail,101005,scenario_2,107065.28366269036,-7858592.172197513,7858592.172197513,0.013623977592509611
Rail,101005,scenario_20,229901.53517308203,-7858592.172197513,7858592.172197513,0.029254799095751297
Rail,101005,scenario_21,206935.61815847573,-7858592.172197513,7858592.172197513,0.026332403263091067
Rail,101005,scenario_22,168729.78460243475,-7858592.172197513,7858592.172197513,0.021470739402837915
Rail,101005,scenario_23,114938.84590415336,-7858592.172197513,7858592.172197513,0.014625882522672351
Rail,101005,scenario_24,219693.19883476832,-7858592.172197513,7858592.172197513,0.02795579590095144
Rail,101005,scenario_25,171363.73365713275,-7858592.172197513,7858592.172197513,0.02180590745800389
Rail,101005,scenario_26,105159.25498047251,-7858592.172197513,7858592.172197513,0.013381436862509513
Rail,101005,scenario_27,151815.22055290008,-7858592.172197513,7858592.172197513,0.019318373727294173
Rail,101005,scenario_28,75889.95658309064,-7858592.172197513,7858592.172197513,0.009656940444317443
Rail,101005,scenario_29,192006.13052312777,-7858592.172197513,7858592.172197513,0.024432637082557336
Rail,101005,scenario_3,183533.8882498936,-7858592.172197513,7858592.172197513,0.023354550564312036
Rail,101005,scenario_30,175741.11435121822,-7858592.172197513,7858592.172197513,0.022362925890589306
Rail,101005,scenario_31,200557.28548077363,-7858592.172197513,7858592.172197513,0.02552076518111149
Rail,101005,scenario_32,212915.7411342568,-7858592.172197513,7858592.172197513,0.027093369457129972
Rail,101005,scenario_33,151861.7068614127,-7858592.172197513,7858592.172197513,0.019324289075424477
Rail,101005,scenario_34,247470.64385306276,-7858592.172197513,7858592.172197513,0.0314904550879451
Rail,101005,scenario_35,202385.64691547016,-7858592.172197513,7858592.172197513,0.0257534228117193
Rail,101005,scenario_36,170430.8113648687,-7858592.172197513,7858592.172197513,0.021687193791252668
Rail,101005,scenario_37,246362.35503779887,-7858592.172197513,7858592.172197513,0.03134942616177372
Rail,101005,scenario_38,193774.6059481793,-7858592.172197513,7858592.172197513,0.024657674263047262
Rail,101005,scenario_39,172121.72457928827,-7858592.172197513,7858592.172197513,0.021902361238216227
Rail,101005,scenario_4,132071.93911897182,-7858592.172197513,7858592.172197513,0.016806055871714777
Rail,101005,scenario_40,198661.25030464557,-7858592.172197513,7858592.172197513,0.025279496117317096
Rail,101005,scenario_41,217182.4580046974,-7858592.172197513,7858592.172197513,0.02763630600059072
Rail,101005,scenario_42,251440.13644958157,-7858592.172197513,7858592.172197513,0.031995570063953434
Rail,101005,scenario_43,177577.06844948046,-7858592.172197513,7858592.172197513,0.02259654968198003
Rail,101005,scenario_44,208286.49708031907,-7858592.172197513,7858592.172197513,0.026504301599617877
Rail,101005,scenario_45,174728.00392676023,-7858592.172197513,7858592.172197513,0.02223400834374902
Rail,101005,scenario_46,195178.46845810168,-7858592.172197513,7858592.172197513,0.024836314721689335
Rail,101005,scenario_47,126035.39634977456,-7858592.172197513,7858592.172197513,0.016037910300991106
Rail,101005,scenario_48,143934.65085305646,-7858592.172197513,7858592.172197513,0.018315577103272397
Rail,101005,scenario_49,180821.38663693104,-7858592.172197513,7858592.172197513,0.023009386754621167
Rail,101005,scenario_5,193380.49268344996,-7858592.172197513,7858592.172197513,0.024607523643687772
Rail,101005,scenario_50,182442.720441174,-7858592.172197513,7858592.172197513,0.02321570027346987
Rail,101005,scenario_51,188190.2768267599,-7858592.172197513,7858592.172197513,0.023947072542146678
Rail,101005,scenario_52,265496.722849569,-7858592.172197513,7858592.172197513,0.033784260212516876
Rail,101005,scenario_53,235277.45617982428,-7858592.172197513,7858592.172197513,0.029938881039303658
Rail,101005,scenario_54,279482.25932322745,-7858592.172197513,7858592.172197513,0.03556390931088046
Rail,101005,scenario_55,179372.02816590457,-7858592.172197513,7858592.172197513,0.02282495696881881
Rail,101005,scenario_56,209767.63670087315,-7858592.172197513,7858592.172197513,0.026692775513023653
Rail,101005,scenario_57,155465.731242727,-7858592.172197513,7858592.172197513,0.019782898493287484
Rail,101005,scenario_58,160416.52310365762,-7858592.172197513,7858592.172197513,0.020412883069716548
Rail,101005,scenario_59,140526.31012247555,-7858592.172197513,7858592.172197513,0.017881868284199295
Rail,101005,scenario_6,166895.09094624748,-7858592.172197513,7858592.172197513,0.021237276001762322
Rail,101005,scenario_60,162109.47703385676,-7858592.172197513,7858592.172197513,0.02062831019624292
Rail,101005,scenario_61,155039.3116441726,-7858592.172197513,7858592.172197513,0.019728636917013934
Rail,101005,scenario_62,175996.0387849265,-7858592.172197513,7858592.172197513,0.022395364834883955
Rail,101005,scenario_63,241667.85308969015,-7858592.172197513,7858592.172197513,0.030752054285839357
Rail,101005,scenario_64,220019.9084530311,-7858592.172197513,7858592.172197513,0.027997369456507437
Rail,101005,scenario_65,150731.70542885788,-7858592.172197513,7858592.172197513,0.019180497234876675
Rail,101005,scenario_66,147184.47597259012,-7858592.172197513,7858592.172197513,0.01872911492891896
Rail,101005,scenario_67,213278.37335464335,-7858592.172197513,7858592.172197513,0.02713951413704726
Rail,101005,scenario_68,117275.81076937604,-7858592.172197513,7858592.172197513,0.014923259560952884
Rail,101005,scenario_69,109927.56782313334,-7858592.172197513,7858592.172197513,0.013988201119793457
Rail,101005,scenario_7,228892.5662015188,-7858592.172197513,7858592.172197513,0.029126408545706875
Rail,101005,scenario_70,129050.02895777504,-7858592.172197513,7858592.172197513,0.016421520054741373
Rail,101005,scenario_71,182272.15560269955,-7858592.172197513,7858592.172197513,0.023193996024828762
Rail,101005,scenario_72,98628.43130513816,-7858592.172197513,7858592.172197513,0.012550394414672686
Rail,101005,scenario_73,98551.35676558092,-7858592.172197513,7858592.172197513,0.01254058673692731
Rail,101005,scenario_74,197214.32268636292,-7858592.172197513,7858592.172197513,0.025095375655715634
Rail,101005,scenario_75,177112.47545857207,-7858592.172197513,7858592.172197513,0.022537430569965024
Rail,101005,scenario_76,159678.834304051,-7858592.172197513,7858592.172197513,0.02031901271947539
Rail,101005,scenario_77,201837.14448695583,-7858592.172197513,7858592.172197513,0.02568362628627358
Rail,101005,scenario_78,276361.6445341829,-7858592.172197513,7858592.172197513,0.035166813403539096
Rail,101005,scenario_79,206666.978913191,-7858592.172197513,7858592.172197513,0.026298219119239564
Rail,101005,scenario_8,149819.3403484752,-7858592.172197513,7858592.172197513,0.019064399458024163
Rail,101005,scenario_80,344316.9449426846,-7858592.172197513,7858592.172197513,0.043814074760212755
Rail,101005,scenario_81,184067.79055608824,-7858592.172197513,7858592.172197513,0.023422489235068296
Rail,101005,scenario_82,224406.3373208288,-7858592.172197513,7858592.172197513,0.028555539262457696
Rail,101005,scenario_83,162270.0033505384,-7858592.172197513,7858592.172197513,0.02064873705046365
Rail,101005,scenario_84,165298.92097004113,-7858592.172197513,7858592.172197513,0.021034164561286588
Rail,101005,scenario_85,156216.17451694518,-7858592.172197513,7858592.172197513,0.01987839184092208
Rail,101005,scenario_86,225628.2159861856,-7858592.172197513,7858592.172197513,0.028711022412439648
Rail,101005,scenario_87,206293.2427973815,-7858592.172197513,7858592.172197513,0.026250661476901062
Rail,101005,scenario_88,157105.61155359028,-7858592.172197513,7858592.172197513,0.019991572041288222
Rail,101005,scenario_89,168669.44843493783,-7858592.172197513,7858592.172197513,0.021463061670468703
Rail,101005,scenario_9,246362.0099166123,-7858592.172197513,7858592.172197513,0.03134938224535981
Rail,101005,scenario_90,171535.85904294168,-7858592.172197513,7858592.172197513,0.021827810285130853
Rail,101005,scenario_91,232037.7746190474,-7858592.172197513,7858592.172197513,0.0295266339739529
Rail,101005,scenario_92,166286.08729260857,-7858592.172197513,7858592.172197513,0.02115978074048722
Rail,101005,scenario_93,179370.39259212452,-7858592.172197513,7858592.172197513,0.022824748843273648
Rail,101005,scenario_94,327661.43177471776,-7858592.172197513,7858592.172197513,0.04169467311637998
Rail,101005,scenario_95,257899.85768044097,-7858592.172197513,7858592.172197513,0.03281756477869546
Rail,101005,scenario_96,250952.30030441677,-7858592.172197513,7858592.172197513,0.031933493277873266
Rail,101005,scenario_97,287188.2427738505,-7858592.172197513,7858592.172197513,0.03654448996473926
Rail,101005,scenario_98,245651.67571393697,-7858592.172197513,7858592.172197513,0.03125899274720156
Rail,101005,scenario_99,294091.29453588056,-7858592.172197513,7858592.172197513,0.037422898159333196
Rail,101006,scenario_1,5947884.257941024,-6674488.428017348,6674488.428017348,0.8911370994327784
Rail,101006,scenario_10,5744270.4638484735,-6674488.428017348,6674488.428017348,0.8606308222418785
Rail,101006,scenario_100,3733242.438915121,-6674488.428017348,6674488.428017348,0.5593301238255466
Rail,101006,scenario_11,4560751.109715334,-6674488.428017348,6674488.428017348,0.683310962166145
Rail,101006,scenario_12,7057663.000384213,-6674488.428017348,6674488.428017348,1.0574088301297253
Rail,101006,scenario_13,4842816.02167959,-6674488.428017348,6674488.428017348,0.7255711166343494
Rail,101006,scenario_14,5178625.212699155,-6674488.428017348,6674488.428017348,0.775883465609283
Rail,101006,scenario_15,3763902.0588138113,-6674488.428017348,6674488.428017348,0.5639236773584273
Rail,101006,scenario_16,5609715.4092647,-6674488.428017348,6674488.428017348,0.840471216597953
Rail,101006,scenario_17,5470088.001870857,-6674488.428017348,6674488.428017348,0.8195516496678896
Rail,101006,scenario_18,3229419.4810652197,-6674488.428017348,6674488.428017348,0.4838452438555679
Rail,101006,scenario_19,4337180.98137405,-6674488.428017348,6674488.428017348,0.6498147428300218
Rail,101006,scenario_2,3101497.897080685,-6674488.428017348,6674488.428017348,0.4646794927475787
Rail,101006,scenario_20,6261443.319909829,-6674488.428017348,6674488.428017348,0.9381158402532112
Rail,101006,scenario_21,5582783.339140218,-6674488.428017348,6674488.428017348,0.8364361402898678
Rail,101006,scenario_22,4773006.619590017,-6674488.428017348,6674488.428017348,0.7151119776542687
Rail,101006,scenario_23,3300391.591619391,-6674488.428017348,6674488.428017348,0.49447858472050266
Rail,101006,scenario_24,5926969.216463397,-6674488.428017348,6674488.428017348,0.8880035197280279
Rail,101006,scenario_25,4769241.512515462,-6674488.428017348,6674488.428017348,0.7145478734363708
Rail,101006,scenario_26,3173961.237612196,-6674488.428017348,6674488.428017348,0.47553625597565363
Rail,101006,scenario_27,4387908.725822527,-6674488.428017348,6674488.428017348,0.6574149874024057
Rail,101006,scenario_28,2350691.845414282,-6674488.428017348,6674488.428017348,0.3521905642306362
Rail,101006,scenario_29,5397135.0335633755,-6674488.428017348,6674488.428017348,0.8086215283418493
Rail,101006,scenario_3,5085973.745822569,-6674488.428017348,6674488.428017348,0.762002032166734
Rail,101006,scenario_30,4855385.071344828,-6674488.428017348,6674488.428017348,0.7274542646539754
Rail,101006,scenario_31,5587799.604269846,-6674488.428017348,6674488.428017348,0.8371876982832223
Rail,101006,scenario_32,5762032.679739733,-6674488.428017348,6674488.428017348,0.8632920323230436
Rail,101006,scenario_33,4213656.357516677,-6674488.428017348,6674488.428017348,0.63130776282855
Rail,101006,scenario_34,6657120.5303203175,-6674488.428017348,6674488.428017348,0.9973978683333803
Rail,101006,scenario_35,5549826.2715135645,-6674488.428017348,6674488.428017348,0.8314983734509427
Rail,101006,scenario_36,4666878.602875308,-6674488.428017348,6674488.428017348,0.6992114306896178
Rail,101006,scenario_37,6532205.969370192,-6674488.428017348,6674488.428017348,0.9786826420958495
Rail,101006,scenario_38,5294826.752239486,-6674488.428017348,6674488.428017348,0.7932932702397854
Rail,101006,scenario_39,4851685.072497928,-6674488.428017348,6674488.428017348,0.7268999152252807
Rail,101006,scenario_4,3727840.575763219,-6674488.428017348,6674488.428017348,0.5585207939105786
Rail,101006,scenario_40,5748210.550410282,-6674488.428017348,6674488.428017348,0.8612211426243769
Rail,101006,scenario_41,5908271.705655169,-6674488.428017348,6674488.428017348,0.8852021798186287
Rail,101006,scenario_42,6624499.507561708,-6674488.428017348,6674488.428017348,0.9925104491535557
Rail,101006,scenario_43,4999157.186439889,-6674488.428017348,6674488.428017348,0.7489948091684511
Rail,101006,scenario_44,5718172.226063979,-6674488.428017348,6674488.428017348,0.8567206742109159
Rail,101006,scenario_45,4838314.565167625,-6674488.428017348,6674488.428017348,0.7248966894388403
Rail,101006,scenario_46,5349149.955713527,-6674488.428017348,6674488.428017348,0.8014322016440275
Rail,101006,scenario_47,3672886.452662444,-6674488.428017348,6674488.428017348,0.5502873354675173
Rail,101006,scenario_48,4007340.367168047,-6674488.428017348,6674488.428017348,0.6003966312004566
Rail,101006,scenario_49,5067432.0658863345,-6674488.428017348,6674488.428017348,0.7592240394956549
Rail,101006,scenario_5,5438110.512468611,-6674488.428017348,6674488.428017348,0.8147606473690445
Rail,101006,scenario_50,4997226.356684465,-6674488.428017348,6674488.428017348,0.7487055241129376
Rail,101006,scenario_51,5147516.24193563,-6674488.428017348,6674488.428017348,0.7712225884350954
Rail,101006,scenario_52,7050322.696568423,-6674488.428017348,6674488.428017348,1.0563090748608455
Rail,101006,scenario_53,6441139.314013213,-6674488.428017348,6674488.428017348,0.9650386517977002
Rail,101006,scenario_54,7444772.799877132,-6674488.428017348,6674488.428017348,1.1154072525807939
Rail,101006,scenario_55,4999514.66920333,-6674488.428017348,6674488.428017348,0.7490483687434353
Rail,101006,scenario_56,5835581.086371007,-6674488.428017348,6674488.428017348,0.8743113647294857
Rail,101006,scenario_57,4415409.5044311,-6674488.428017348,6674488.428017348,0.6615352700135992
Rail,101006,scenario_58,4416582.4810830625,-6674488.428017348,6674488.428017348,0.6617110103215813
Rail,101006,scenario_59,3949251.965812312,-6674488.428017348,6674488.428017348,0.5916935819732082
Rail,101006,scenario_6,4688773.058071016,-6674488.428017348,6674488.428017348,0.7024917502874168
Rail,101006,scenario_60,4744332.717702063,-6674488.428017348,6674488.428017348,0.7108159327667549
Rail,101006,scenario_61,4330954.152732398,-6674488.428017348,6674488.428017348,0.6488818131068219
Rail,101006,scenario_62,4769733.668851389,-6674488.428017348,6674488.428017348,0.7146216103738507
Rail,101006,scenario_63,6583875.818473521,-6674488.428017348,6674488.428017348,0.9864240367601111
Rail,101006,scenario_64,5949726.499938382,-6674488.428017348,6674488.428017348,0.8914131118968385
Rail,101006,scenario_65,4209448.239670721,-6674488.428017348,6674488.428017348,0.6306772848688771
Rail,101006,scenario_66,4079701.9865956022,-6674488.428017348,6674488.428017348,0.6112381541438188
Rail,101006,scenario_67,5782965.352402122,-6674488.428017348,6674488.428017348,0.8664282536062389
Rail,101006,scenario_68,3394009.9547144626,-6674488.428017348,6674488.428017348,0.5085048826315294
Rail,101006,scenario_69,3284703.463024175,-6674488.428017348,6674488.428017348,0.49212812314364796
Rail,101006,scenario_7,6314056.8778302455,-6674488.428017348,6674488.428017348,0.9459986253517008
Rail,101006,scenario_70,3693598.6162906378,-6674488.428017348,6674488.428017348,0.5533905191574088
Rail,101006,scenario_71,5142775.084402107,-6674488.428017348,6674488.428017348,0.7705122482218109
Rail,101006,scenario_72,2984606.808441136,-6674488.428017348,6674488.428017348,0.44716637696347183
Rail,101006,scenario_73,2871807.5883924863,-6674488.428017348,6674488.428017348,0.43026632218546745
Rail,101006,scenario_74,5436367.156223005,-6674488.428017348,6674488.428017348,0.8144994503852745
Rail,101006,scenario_75,4915372.4821591545,-6674488.428017348,6674488.428017348,0.7364418314856922
Rail,101006,scenario_76,4513425.637387898,-6674488.428017348,6674488.428017348,0.67622046034899
Rail,101006,scenario_77,5511142.89729749,-6674488.428017348,6674488.428017348,0.8257026672131892
Rail,101006,scenario_78,7277248.857226982,-6674488.428017348,6674488.428017348,1.090308109109822
Rail,101006,scenario_79,5545814.41811715,-6674488.428017348,6674488.428017348,0.8308973006586708
Rail,101006,scenario_8,4285308.472557471,-6674488.428017348,6674488.428017348,0.6420429848329843
Rail,101006,scenario_80,8938790.321920006,-6674488.428017348,6674488.428017348,1.339247257422434
Rail,101006,scenario_81,5182630.771773714,-6674488.428017348,6674488.428017348,0.7764835953597137
Rail,101006,scenario_82,6089533.935496735,-6674488.428017348,6674488.428017348,0.9123596514056175
Rail,101006,scenario_83,4533864.310920962,-6674488.428017348,6674488.428017348,0.6792826685996283
Rail,101006,scenario_84,4421868.831875835,-6674488.428017348,6674488.428017348,0.6625030336878339
Rail,101006,scenario_85,4490912.515617935,-6674488.428017348,6674488.428017348,0.6728474495163606
Rail,101006,scenario_86,6142880.855420387,-6674488.428017348,6674488.428017348,0.9203523118917334
Rail,101006,scenario_87,5613872.166315863,-6674488.428017348,6674488.428017348,0.8410939994667815
Rail,101006,scenario_88,4481968.912959626,-6674488.428017348,6674488.428017348,0.6715074812544085
Rail,101006,scenario_89,4801292.304201861,-6674488.428017348,6674488.428017348,0.7193498581925148
Rail,101006,scenario_9,6702459.54925672,-6674488.428017348,6674488.428017348,1.0041907513273913
Rail,101006,scenario_90,4640905.817458849,-6674488.428017348,6674488.428017348,0.6953200784614181
Rail,101006,scenario_91,6039611.871188808,-6674488.428017348,6674488.428017348,0.9048801172291298
Rail,101006,scenario_92,4719588.279400932,-6674488.428017348,6674488.428017348,0.7071086166828342
Rail,101006,scenario_93,5051643.611442579,-6674488.428017348,6674488.428017348,0.756858546677137
Rail,101006,scenario_94,8456661.07722898,-6674488.428017348,6674488.428017348,1.267012621031845
Rail,101006,scenario_95,6851219.604331942,-6674488.428017348,6674488.428017348,1.0264786100418923
Rail,101006,scenario_96,6960622.9018627405,-6674488.428017348,6674488.428017348,1.0428698733889914
Rail,101006,scenario_97,7560119.199644966,-6674488.428017348,6674488.428017348,1.1326889365647899
Rail,101006,scenario_98,6527635.623158982,-6674488.428017348,6674488.428017348,0.9779978935551187
Rail,101006,scenario_99,7685406.561798219,-6674488.428017348,6674488.428017348,1.1514600174505303
Rail,101007,scenario_1,17274795.6195456,-6768283.354137817,6768283.354137817,2.5523156634665103
Rail,101007,scenario_10,17069839.42244687,-6768283.354137817,6768283.354137817,2.5220338052205147
Rail,101007,scenario_100,10434522.876383891,-6768283.354137817,6768283.354137817,1.541679378716422
Rail,101007,scenario_11,13100686.735626306,-6768283.354137817,6768283.354137817,1.9355996269891904
Rail,101007,scenario_12,21198500.490987215,-6768283.354137817,6768283.354137817,3.1320350200804503
Rail,101007,scenario_13,13455176.002600608,-6768283.354137817,6768283.354137817,1.9879746899743391
Rail,101007,scenario_14,14786341.357692556,-6768283.354137817,6768283.354137817,2.1846516441503394
Rail,101007,scenario_15,10280765.312003342,-6768283.354137817,6768283.354137817,1.5189620135685002
Rail,101007,scenario_16,15946792.204107272,-6768283.354137817,6768283.354137817,2.356105879396751
Rail,101007,scenario_17,16132689.774422036,-6768283.354137817,6768283.354137817,2.383571864579111
Rail,101007,scenario_18,8491358.519091452,-6768283.354137817,6768283.354137817,1.2545808257126565
Rail,101007,scenario_19,12861359.021910816,-6768283.354137817,6768283.354137817,1.9002394475769062
Rail,101007,scenario_2,8498552.98711192,-6768283.354137817,6768283.354137817,1.2556437936240208
Rail,101007,scenario_20,18181632.782777667,-6768283.354137817,6768283.354137817,2.6862989965782464
Rail,101007,scenario_21,16342659.363752002,-6768283.354137817,6768283.354137817,2.414594441256785
Rail,101007,scenario_22,13396584.634656671,-6768283.354137817,6768283.354137817,1.9793179353914927
Rail,101007,scenario_23,9160729.49017003,-6768283.354137817,6768283.354137817,1.3534790154093623
Rail,101007,scenario_24,17329644.333467603,-6768283.354137817,6768283.354137817,2.560419448584855
Rail,101007,scenario_25,13593380.276015883,-6768283.354137817,6768283.354137817,2.008394088244771
Rail,101007,scenario_26,8373784.636557903,-6768283.354137817,6768283.354137817,1.237209525431372
Rail,101007,scenario_27,12014898.492327772,-6768283.354137817,6768283.354137817,1.7751766383986296
Rail,101007,scenario_28,6085227.392331135,-6768283.354137817,6768283.354137817,0.8990798809584275
Rail,101007,scenario_29,15251696.89552013,-6768283.354137817,6768283.354137817,2.2534069715322933
Rail,101007,scenario_3,14483038.56305457,-6768283.354137817,6768283.354137817,2.1398392775917556
Rail,101007,scenario_30,13896228.34199318,-6768283.354137817,6768283.354137817,2.0531392695752997
Rail,101007,scenario_31,15823443.5412135,-6768283.354137817,6768283.354137817,2.3378813671475167
Rail,101007,scenario_32,16731436.832651276,-6768283.354137817,6768283.354137817,2.4720355158331904
Rail,101007,scenario_33,12015795.15358334,-6768283.354137817,6768283.354137817,1.7753091182622305
Rail,101007,scenario_34,19481889.77988276,-6768283.354137817,6768283.354137817,2.878409304180864
Rail,101007,scenario_35,15931011.327158766,-6768283.354137817,6768283.354137817,2.3537742871564733
Rail,101007,scenario_36,13431772.074950265,-6768283.354137817,6768283.354137817,1.9845168076095243
Rail,101007,scenario_37,19433184.481156196,-6768283.354137817,6768283.354137817,2.871213196072183
Rail,101007,scenario_38,15292715.799272906,-6768283.354137817,6768283.354137817,2.259467430530024
Rail,101007,scenario_39,13597160.89413011,-6768283.354137817,6768283.354137817,2.0089526668261355
Rail,101007,scenario_4,10476312.393420745,-6768283.354137817,6768283.354137817,1.547853694248189
Rail,101007,scenario_40,15743882.620378822,-6768283.354137817,6768283.354137817,2.3261264040835017
Rail,101007,scenario_41,17162056.946888946,-6768283.354137817,6768283.354137817,2.535658755539077
Rail,101007,scenario_42,19796872.509942755,-6768283.354137817,6768283.354137817,2.924947357270416
Rail,101007,scenario_43,13953057.924005313,-6768283.354137817,6768283.354137817,2.061535723895935
Rail,101007,scenario_44,16479868.769759776,-6768283.354137817,6768283.354137817,2.434866849905854
Rail,101007,scenario_45,13840308.945669089,-6768283.354137817,6768283.354137817,2.0448772933254573
Rail,101007,scenario_46,15376238.10036021,-6768283.354137817,6768283.354137817,2.2718076794110407
Rail,101007,scenario_47,10016319.226969223,-6768283.354137817,6768283.354137817,1.4798906462516388
Rail,101007,scenario_48,11406476.146559784,-6768283.354137817,6768283.354137817,1.6852834832315922
Rail,101007,scenario_49,14327245.660701131,-6768283.354137817,6768283.354137817,2.116821195427953
Rail,101007,scenario_5,15243653.93505895,-6768283.354137817,6768283.354137817,2.252218640601044
Rail,101007,scenario_50,14403508.101724196,-6768283.354137817,6768283.354137817,2.1280888148571018
Rail,101007,scenario_51,14837150.305981604,-6768283.354137817,6768283.354137817,2.19215856217232
Rail,101007,scenario_52,20957200.703981027,-6768283.354137817,6768283.354137817,3.0963834708794744
Rail,101007,scenario_53,18503236.07757624,-6768283.354137817,6768283.354137817,2.733815224544967
Rail,101007,scenario_54,22034279.72107767,-6768283.354137817,6768283.354137817,3.255519689140515
Rail,101007,scenario_55,14183180.568556082,-6768283.354137817,6768283.354137817,2.0955358731967295
Rail,101007,scenario_56,16553380.584993389,-6768283.354137817,6768283.354137817,2.445728070009571
Rail,101007,scenario_57,12301477.321535258,-6768283.354137817,6768283.354137817,1.8175180733257421
Rail,101007,scenario_58,12709064.784434875,-6768283.354137817,6768283.354137817,1.877738285981354
Rail,101007,scenario_59,11242213.200121498,-6768283.354137817,6768283.354137817,1.6610139694060717
Rail,101007,scenario_6,13299212.451452425,-6768283.354137817,6768283.354137817,1.9649313948007063
Rail,101007,scenario_60,12824248.5295036,-6768283.354137817,6768283.354137817,1.894756448348671
Rail,101007,scenario_61,12298663.525622498,-6768283.354137817,6768283.354137817,1.8171023407440028
Rail,101007,scenario_62,13846049.414676609,-6768283.354137817,6768283.354137817,2.0457254358613355
Rail,101007,scenario_63,19062791.985040817,-6768283.354137817,6768283.354137817,2.8164884635609564
Rail,101007,scenario_64,17325034.5434539,-6768283.354137817,6768283.354137817,2.559738361553993
Rail,101007,scenario_65,11939633.059532365,-6768283.354137817,6768283.354137817,1.7640563248926364
Rail,101007,scenario_66,11664671.99424924,-6768283.354137817,6768283.354137817,1.7234313907850791
Rail,101007,scenario_67,16802841.1435209,-6768283.354137817,6768283.354137817,2.4825853564845826
Rail,101007,scenario_68,9324804.782710014,-6768283.354137817,6768283.354137817,1.3777208037558382
Rail,101007,scenario_69,8771864.925293507,-6768283.354137817,6768283.354137817,1.296025072580744
Rail,101007,scenario_7,18001760.10401186,-6768283.354137817,6768283.354137817,2.6597231767795906
Rail,101007,scenario_70,10262518.815033928,-6768283.354137817,6768283.354137817,1.516266131021228
Rail,101007,scenario_71,14417807.716035116,-6768283.354137817,6768283.354137817,2.1302015535772054
Rail,101007,scenario_72,7867777.732613449,-6768283.354137817,6768283.354137817,1.1624480419844496
Rail,101007,scenario_73,7835273.360434337,-6768283.354137817,6768283.354137817,1.157645587583772
Rail,101007,scenario_74,15609562.3177084,-6768283.354137817,6768283.354137817,2.3062808545338798
Rail,101007,scenario_75,14004025.525970489,-6768283.354137817,6768283.354137817,2.069066082673544
Rail,101007,scenario_76,12612572.539282791,-6768283.354137817,6768283.354137817,1.8634817544351248
Rail,101007,scenario_77,15936370.105831811,-6768283.354137817,6768283.354137817,2.3545660357273674
Rail,101007,scenario_78,21782052.17670082,-6768283.354137817,6768283.354137817,3.218253586174739
Rail,101007,scenario_79,16321567.924241029,-6768283.354137817,6768283.354137817,2.4114782242771753
Rail,101007,scenario_8,11874606.28023011,-6768283.354137817,6768283.354137817,1.7544487514652474
Rail,101007,scenario_80,27026529.64991949,-6768283.354137817,6768283.354137817,3.9931143889531033
Rail,101007,scenario_81,14631678.088775298,-6768283.354137817,6768283.354137817,2.1618004630125545
Rail,101007,scenario_82,17695285.499720834,-6768283.354137817,6768283.354137817,2.6144421818425716
Rail,101007,scenario_83,12815719.025430145,-6768283.354137817,6768283.354137817,1.8934962315954462
Rail,101007,scenario_84,13053954.000715043,-6768283.354137817,6768283.354137817,1.9286949611432056
Rail,101007,scenario_85,12419944.252543146,-6768283.354137817,6768283.354137817,1.8350213196896024
Rail,101007,scenario_86,17861440.907799274,-6768283.354137817,6768283.354137817,2.6389913029985084
Rail,101007,scenario_87,16203401.150588952,-6768283.354137817,6768283.354137817,2.394019325547731
Rail,101007,scenario_88,12445370.650255978,-6768283.354137817,6768283.354137817,1.8387780178628974
Rail,101007,scenario_89,13347598.649657529,-6768283.354137817,6768283.354137817,1.9720803564610545
Rail,101007,scenario_9,19399543.762661144,-6768283.354137817,6768283.354137817,2.8662428488312557
Rail,101007,scenario_90,13539192.885392766,-6768283.354137817,6768283.354137817,2.000388012289043
Rail,101007,scenario_91,18206021.676397976,-6768283.354137817,6768283.354137817,2.689902405647312
Rail,101007,scenario_92,13136785.312525524,-6768283.354137817,6768283.354137817,1.9409331177741393
Rail,101007,scenario_93,14186457.803481944,-6768283.354137817,6768283.354137817,2.096020077943249
Rail,101007,scenario_94,25796071.893257853,-6768283.354137817,6768283.354137817,3.811316776134575
Rail,101007,scenario_95,20315322.180654284,-6768283.354137817,6768283.354137817,3.0015472340167952
Rail,101007,scenario_96,19821447.378729086,-6768283.354137817,6768283.354137817,2.928578243789271
Rail,101007,scenario_97,22599965.283423617,-6768283.354137817,6768283.354137817,3.339098572107954
Rail,101007,scenario_98,19380510.722625475,-6768283.354137817,6768283.354137817,2.863430756157264
Rail,101007,scenario_99,23198576.957146578,-6768283.354137817,6768283.354137817,3.4275422205785806
Rail,101008,scenario_1,9465657.0098829,-6198999.814705556,6198999.814705556,1.5269652029070928
Rail,101008,scenario_10,9342108.404860048,-6198999.814705556,6198999.814705556,1.5070347933707406
Rail,101008,scenario_100,5727499.102519075,-6198999.814705556,6198999.814705556,0.9239392278948025
Rail,101008,scenario_11,7182387.021270359,-6198999.814705556,6198999.814705556,1.1586364310306907
Rail,101008,scenario_12,11597975.64362132,-6198999.814705556,6198999.814705556,1.8709430537661997
Rail,101008,scenario_13,7387559.10165353,-6198999.814705556,6198999.814705556,1.1917340413736452
Rail,101008,scenario_14,8107796.377337557,-6198999.814705556,6198999.814705556,1.3079200870604746
Rail,101008,scenario_15,5649587.539246208,-6198999.814705556,6198999.814705556,0.911370819183442
Rail,101008,scenario_16,8745062.14219741,-6198999.814705556,6198999.814705556,1.4107214717851686
Rail,101008,scenario_17,8832968.05964451,-6198999.814705556,6198999.814705556,1.424902133194218
Rail,101008,scenario_18,4674766.086770698,-6198999.814705556,6198999.814705556,0.7541161843046036
Rail,101008,scenario_19,7041252.483201124,-6198999.814705556,6198999.814705556,1.1358691230313536
Rail,101008,scenario_2,4669181.618127329,-6198999.814705556,6198999.814705556,0.7532153182277694
Rail,101008,scenario_20,9962529.249343028,-6198999.814705556,6198999.814705556,1.6071188170887587
Rail,101008,scenario_21,8951399.932442859,-6198999.814705556,6198999.814705556,1.444007130183797
Rail,101008,scenario_22,7352369.718645914,-6198999.814705556,6198999.814705556,1.1860574186829753
Rail,101008,scenario_23,5030757.573327394,-6198999.814705556,6198999.814705556,0.8115434301825911
Rail,101008,scenario_24,9492122.972360997,-6198999.814705556,6198999.814705556,1.5312345952718598
Rail,101008,scenario_25,7455125.387345207,-6198999.814705556,6198999.814705556,1.2026335877055216
Rail,101008,scenario_26,4609177.003654303,-6198999.814705556,6198999.814705556,0.743535593067804
Rail,101008,scenario_27,6600651.208392003,-6198999.814705556,6198999.814705556,1.0647929352624967
Rail,101008,scenario_28,3353327.3290142934,-6198999.814705556,6198999.814705556,0.5409465122194993
Rail,101008,scenario_29,8368114.967727628,-6198999.814705556,6198999.814705556,1.3499137309016198
Rail,101008,scenario_3,7942017.333213795,-6198999.814705556,6198999.814705556,1.2811772173913236
Rail,101008,scenario_30,7619059.932546216,-6198999.814705556,6198999.814705556,1.2290789095479446
Rail,101008,scenario_31,8679104.662911747,-6198999.814705556,6198999.814705556,1.4000814522244007
Rail,101008,scenario_32,9166048.323647415,-6198999.814705556,6198999.814705556,1.4786334243636028
Rail,101008,scenario_33,6589232.576168245,-6198999.814705556,6198999.814705556,1.062950923233932
Rail,101008,scenario_34,10669925.53687442,-6198999.814705556,6198999.814705556,1.7212334014856274
Rail,101008,scenario_35,8732314.96653022,-6198999.814705556,6198999.814705556,1.408665143982585
Rail,101008,scenario_36,7361847.465101565,-6198999.814705556,6198999.814705556,1.1875863341111008
Rail,101008,scenario_37,10636569.785781274,-6198999.814705556,6198999.814705556,1.7158525735956156
Rail,101008,scenario_38,8380929.861907509,-6198999.814705556,6198999.814705556,1.3519809828072389
Rail,101008,scenario_39,7461703.468143436,-6198999.814705556,6198999.814705556,1.203694739664685
Rail,101008,scenario_4,5749155.2298155185,-6198999.814705556,6198999.814705556,0.9274327152223983
Rail,101008,scenario_40,8649537.114073023,-6198999.814705556,6198999.814705556,1.3953117232806151
Rail,101008,scenario_41,9403483.51044255,-6198999.814705556,6198999.814705556,1.5169356011489414
Rail,101008,scenario_42,10832976.58828504,-6198999.814705556,6198999.814705556,1.7475362013379236
Rail,101008,scenario_43,7657039.520744415,-6198999.814705556,6198999.814705556,1.2352056379450165
Rail,101008,scenario_44,9033097.03600504,-6198999.814705556,6198999.814705556,1.4571862084228986
Rail,101008,scenario_45,7588999.768955846,-6198999.814705556,6198999.814705556,1.2242297137923552
Rail,101008,scenario_46,8427942.836661503,-6198999.814705556,6198999.814705556,1.3595649441170081
Rail,101008,scenario_47,5504467.336911433,-6198999.814705556,6198999.814705556,0.8879605583877386
Rail,101008,scenario_48,6255912.276968203,-6198999.814705556,6198999.814705556,1.0091809104635938
Rail,101008,scenario_49,7860086.3433934515,-6198999.814705556,6198999.814705556,1.2679604094756365
Rail,101008,scenario_5,8364580.74151498,-6198999.814705556,6198999.814705556,1.3493436024424668
Rail,101008,scenario_50,7894395.024018058,-6198999.814705556,6198999.814705556,1.2734949604758183
Rail,101008,scenario_51,8131710.8530882895,-6198999.814705556,6198999.814705556,1.311777882909089
Rail,101008,scenario_52,11471379.337042123,-6198999.814705556,6198999.814705556,1.8505210001505699
Rail,101008,scenario_53,10141618.206705062,-6198999.814705556,6198999.814705556,1.6360087933293113
Rail,101008,scenario_54,12062661.352245407,-6198999.814705556,6198999.814705556,1.945904454397595
Rail,101008,scenario_55,7779372.233549297,-6198999.814705556,6198999.814705556,1.2549399041914322
Rail,101008,scenario_56,9078853.99383091,-6198999.814705556,6198999.814705556,1.4645675536710985
Rail,101008,scenario_57,6752801.800942902,-6198999.814705556,6198999.814705556,1.0893373129199957
Rail,101008,scenario_58,6966965.96862233,-6198999.814705556,6198999.814705556,1.1238854939299996
Rail,101008,scenario_59,6167690.966787427,-6198999.814705556,6198999.814705556,0.99494937105114
Rail,101008,scenario_6,7296415.5838913955,-6198999.814705556,6198999.814705556,1.1770311021114241
Rail,101008,scenario_60,7049323.4010188505,-6198999.814705556,6198999.814705556,1.1371710940039257
Rail,101008,scenario_61,6746145.439577629,-6198999.814705556,6198999.814705556,1.0882635330257808
Rail,101008,scenario_62,7585704.862068952,-6198999.814705556,6198999.814705556,1.2236981914524
Rail,101008,scenario_63,10445781.132181091,-6198999.814705556,6198999.814705556,1.6850752451066577
Rail,101008,scenario_64,9490723.614409035,-6198999.814705556,6198999.814705556,1.5310088559600692
Rail,101008,scenario_65,6549228.110295921,-6198999.814705556,6198999.814705556,1.0564975489690347
Rail,101008,scenario_66,6396282.6099994425,-6198999.814705556,6198999.814705556,1.0318249396984789
Rail,101008,scenario_67,9205658.43083047,-6198999.814705556,6198999.814705556,1.4850231821256676
Rail,101008,scenario_68,5122806.856013267,-6198999.814705556,6198999.814705556,0.8263924841327961
Rail,101008,scenario_69,4825899.50144096,-6198999.814705556,6198999.814705556,0.7784964745429959
Rail,101008,scenario_7,9869980.243955633,-6198999.814705556,6198999.814705556,1.5921891496982474
Rail,101008,scenario_70,5635150.339232895,-6198999.814705556,6198999.814705556,0.9090418628284079
Rail,101008,scenario_71,7912271.54846203,-6198999.814705556,6198999.814705556,1.2763787360812902
Rail,101008,scenario_72,4331089.425188704,-6198999.814705556,6198999.814705556,0.6986755209952245
Rail,101008,scenario_73,4305843.481966673,-6198999.814705556,6198999.814705556,0.6946029376790996
Rail,101008,scenario_74,8557522.091583991,-6198999.814705556,6198999.814705556,1.3804681960601837
Rail,101008,scenario_75,7679671.647654174,-6198999.814705556,6198999.814705556,1.238856569964093
Rail,101008,scenario_76,6922249.938838622,-6198999.814705556,6198999.814705556,1.116672067390184
Rail,101008,scenario_77,8733354.514108617,-6198999.814705556,6198999.814705556,1.408832839999599
Rail,101008,scenario_78,11918897.689518422,-6198999.814705556,6198999.814705556,1.9227130256148512
Rail,101008,scenario_79,8937836.090928376,-6198999.814705556,6198999.814705556,1.4418190608306882
Rail,101008,scenario_8,6520407.772136106,-6198999.814705556,6198999.814705556,1.0518483573217878
Rail,101008,scenario_80,14780612.500191664,-6198999.814705556,6198999.814705556,2.384354402645473
Rail,101008,scenario_81,8028458.652957678,-6198999.814705556,6198999.814705556,1.2951216152502851
Rail,101008,scenario_82,9694841.306229148,-6198999.814705556,6198999.814705556,1.5639363761925906
Rail,101008,scenario_83,7030170.907642566,-6198999.814705556,6198999.814705556,1.1340814837524702
Rail,101008,scenario_84,7147525.389197258,-6198999.814705556,6198999.814705556,1.1530126799232299
Rail,101008,scenario_85,6821154.863606809,-6198999.814705556,6198999.814705556,1.1003637792382808
Rail,101008,scenario_86,9786825.689028548,-6198999.814705556,6198999.814705556,1.578774960730243
Rail,101008,scenario_87,8878912.908600083,-6198999.814705556,6198999.814705556,1.432313788352939
Rail,101008,scenario_88,6833057.332522655,-6198999.814705556,6198999.814705556,1.102283842034155
Rail,101008,scenario_89,7327796.499257698,-6198999.814705556,6198999.814705556,1.182093356717701
Rail,101008,scenario_9,10629878.622315072,-6198999.814705556,6198999.814705556,1.7147731795536398
Rail,101008,scenario_90,7416792.686482085,-6198999.814705556,6198999.814705556,1.196449896463559
Rail,101008,scenario_91,9957837.15105084,-6198999.814705556,6198999.814705556,1.606361904936405
Rail,101008,scenario_92,7211259.192465994,-6198999.814705556,6198999.814705556,1.163293984193887
Rail,101008,scenario_93,7784690.594830527,-6198999.814705556,6198999.814705556,1.2557978428009178
Rail,101008,scenario_94,14103892.348702751,-6198999.814705556,6198999.814705556,2.2751883804295074
Rail,101008,scenario_95,11120456.142791051,-6198999.814705556,6198999.814705556,1.7939113526686332
Rail,101008,scenario_96,10869741.466706907,-6198999.814705556,6198999.814705556,1.7534669771922238
Rail,101008,scenario_97,12366504.62333033,-6198999.814705556,6198999.814705556,1.9949193406965318
Rail,101008,scenario_98,10608700.785142897,-6198999.814705556,6198999.814705556,1.7113568482412989
Rail,101008,scenario_99,12689909.479590328,-6198999.814705556,6198999.814705556,2.0470898304411516
Rail,101009,scenario_1,286498.64796775073,-8320472.850119613,8320472.850119613,0.03443297672242655
Rail,101009,scenario_10,285124.01098033827,-8320472.850119613,8320472.850119613,0.03426776532012113
Rail,101009,scenario_100,172719.51342893,-8320472.850119613,8320472.850119613,0.020758377142766234
Rail,101009,scenario_11,216812.62864043564,-8320472.850119613,8320472.850119613,0.026057729235582902
Rail,101009,scenario_12,352739.20484439156,-8320472.850119613,8320472.850119613,0.042394129660470035
Rail,101009,scenario_13,222656.51539631607,-8320472.850119613,8320472.850119613,0.026760079554026213
Rail,101009,scenario_14,245458.82765059348,-8320472.850119613,8320472.850119613,0.02950058633351166
Rail,101009,scenario_15,169628.80241807672,-8320472.850119613,8320472.850119613,0.02038691856504744
Rail,101009,scenario_16,265353.6452090725,-8320472.850119613,8320472.850119613,0.03189165447553354
Rail,101009,scenario_17,268581.2319567526,-8320472.850119613,8320472.850119613,0.03227956352899962
Rail,101009,scenario_18,139872.9612234994,-8320472.850119613,8320472.850119613,0.016810698591665812
Rail,101009,scenario_19,213202.0899338696,-8320472.850119613,8320472.850119613,0.02562379491819442
Rail,101009,scenario_2,140512.22123901517,-8320472.850119613,8320472.850119613,0.01688752836168382
Rail,101009,scenario_20,301643.2447096561,-8320472.850119613,8320472.850119613,0.0362531373088153
Rail,101009,scenario_21,271491.4812587867,-8320472.850119613,8320472.850119613,0.032629333230128114
Rail,101009,scenario_22,221438.11550601147,-8320472.850119613,8320472.850119613,0.02661364558179264
Rail,101009,scenario_23,150881.67089405985,-8320472.850119613,8320472.850119613,0.01813378561675023
Rail,101009,scenario_24,288201.6697768231,-8320472.850119613,8320472.850119613,0.034637655211227567
Rail,101009,scenario_25,224884.66820232617,-8320472.850119613,8320472.850119613,0.02702787116228536
Rail,101009,scenario_26,138035.06573839491,-8320472.850119613,8320472.850119613,0.0165898102457495
Rail,101009,scenario_27,199197.5399152795,-8320472.850119613,8320472.850119613,0.023940651391274704
Rail,101009,scenario_28,99666.80704716408,-8320472.850119613,8320472.850119613,0.011978502765708958
Rail,101009,scenario_29,251997.3731649179,-8320472.850119613,8320472.850119613,0.030286424546327947
Rail,101009,scenario_3,240770.68605824863,-8320472.850119613,8320472.850119613,0.02893713979906651
Rail,101009,scenario_30,230579.94999853743,-8320472.850119613,8320472.850119613,0.027712361322736925
Rail,101009,scenario_31,263095.27318793203,-8320472.850119613,8320472.850119613,0.03162023095648342
Rail,101009,scenario_32,279235.79867342534,-8320472.850119613,8320472.850119613,0.03356008771417494
Rail,101009,scenario_33,199253.56630991655,-8320472.850119613,8320472.850119613,0.023947384950249808
Rail,101009,scenario_34,324591.13436682057,-8320472.850119613,8320472.850119613,0.03901114037793589
Rail,101009,scenario_35,265450.1920152825,-8320472.850119613,8320472.850119613,0.031903257999509785
Rail,101009,scenario_36,223565.60794282256,-8320472.850119613,8320472.850119613,0.026869339275544735
Rail,101009,scenario_37,323183.55169313634,-8320472.850119613,8320472.850119613,0.0388419693826043
Rail,101009,scenario_38,254204.31904700777,-8320472.850119613,8320472.850119613,0.03055166739031585
Rail,101009,scenario_39,225820.0773730809,-8320472.850119613,8320472.850119613,0.027140293759847382
Rail,101009,scenario_4,173316.15926847665,-8320472.850119613,8320472.850119613,0.02083008530771002
Rail,101009,scenario_40,260688.00670216396,-8320472.850119613,8320472.850119613,0.03133091248514997
Rail,101009,scenario_41,284936.2417926945,-8320472.850119613,8320472.850119613,0.03424519819070118
Rail,101009,scenario_42,329809.220705491,-8320472.850119613,8320472.850119613,0.03963827857460646
Rail,101009,scenario_43,232894.14380471825,-8320472.850119613,8320472.850119613,0.027990493809660136
Rail,101009,scenario_44,273290.8909330162,-8320472.850119613,8320472.850119613,0.03284559614049909
Rail,101009,scenario_45,229273.823788395,-8320472.850119613,8320472.850119613,0.02755538392089087
Rail,101009,scenario_46,256024.59166532237,-8320472.850119613,8320472.850119613,0.030770437723577432
Rail,101009,scenario_47,165424.8935072073,-8320472.850119613,8320472.850119613,0.019881669766500014
Rail,101009,scenario_48,188878.13926042305,-8320472.850119613,8320472.850119613,0.022700409299179165
Rail,101009,scenario_49,237272.2723154046,-8320472.850119613,8320472.850119613,0.02851668127394871
Rail,101009,scenario_5,253669.57114487584,-8320472.850119613,8320472.850119613,0.030487398458517792
Rail,101009,scenario_50,239342.6338390344,-8320472.850119613,8320472.850119613,0.02876550866163738
Rail,101009,scenario_51,246863.40429638463,-8320472.850119613,8320472.850119613,0.029669396047946456
Rail,101009,scenario_52,348297.8505106981,-8320472.850119613,8320472.850119613,0.041860343370472154
Rail,101009,scenario_53,308573.1059847706,-8320472.850119613,8320472.850119613,0.037086005993077015
Rail,101009,scenario_54,366604.9784313639,-8320472.850119613,8320472.850119613,0.044060594275732015
Rail,101009,scenario_55,235342.3077085911,-8320472.850119613,8320472.850119613,0.02828472755670465
Rail,101009,scenario_56,275191.65146243846,-8320472.850119613,8320472.850119613,0.03307403995176577
Rail,101009,scenario_57,203985.1713016004,-8320472.850119613,8320472.850119613,0.02451605515408514
Rail,101009,scenario_58,210500.62607939023,-8320472.850119613,8320472.850119613,0.025299118195712175
Rail,101009,scenario_59,184524.5658038703,-8320472.850119613,8320472.850119613,0.022177172995789248
Rail,101009,scenario_6,219083.5863267413,-8320472.850119613,8320472.850119613,0.02633066536880675
Rail,101009,scenario_60,212695.32921550772,-8320472.850119613,8320472.850119613,0.025562889639433182
Rail,101009,scenario_61,203457.8400783117,-8320472.850119613,8320472.850119613,0.024452677599373075
Rail,101009,scenario_62,230837.33268608607,-8320472.850119613,8320472.850119613,0.02774329498386232
Rail,101009,scenario_63,317028.3787717501,-8320472.850119613,8320472.850119613,0.038102206987814705
Rail,101009,scenario_64,288597.5404516733,-8320472.850119613,8320472.850119613,0.03468523311719292
Rail,101009,scenario_65,197788.02286876,-8320472.850119613,8320472.850119613,0.023771247912420822
Rail,101009,scenario_66,193143.59046845135,-8320472.850119613,8320472.850119613,0.02321305458807846
Rail,101009,scenario_67,279768.63487303717,-8320472.850119613,8320472.850119613,0.033624126887093354
Rail,101009,scenario_68,153930.59044879893,-8320472.850119613,8320472.850119613,0.018500221468373167
Rail,101009,scenario_69,144316.77401470998,-8320472.850119613,8320472.850119613,0.01734478035255356
Rail,101009,scenario_7,300209.2307521519,-8320472.850119613,8320472.850119613,0.03608078965702487
Rail,101009,scenario_70,169384.0294535937,-8320472.850119613,8320472.850119613,0.020357500409506016
Rail,101009,scenario_71,239149.99585014157,-8320472.850119613,8320472.850119613,0.02874235637301594
Rail,101009,scenario_72,129482.9882009637,-8320472.850119613,8320472.850119613,0.015561974725883792
Rail,101009,scenario_73,129356.4932941294,-8320472.850119613,8320472.850119613,0.015546771875142865
Rail,101009,scenario_74,258775.88979733357,-8320472.850119613,8320472.850119613,0.03110110380248563
Rail,101009,scenario_75,232376.34834509663,-8320472.850119613,8320472.850119613,0.027928262315254842
Rail,101009,scenario_76,209492.0713024678,-8320472.850119613,8320472.850119613,0.02517790455856799
Rail,101009,scenario_77,264794.3641881534,-8320472.850119613,8320472.850119613,0.03182443701914691
Rail,101009,scenario_78,362519.01888858795,-8320472.850119613,8320472.850119613,0.04356952127827404
Rail,101009,scenario_79,271133.89814667957,-8320472.850119613,8320472.850119613,0.032586356933161774
Rail,101009,scenario_8,196606.481451394,-8320472.850119613,8320472.850119613,0.023629243793346147
Rail,101009,scenario_80,451518.5674149079,-8320472.850119613,8320472.850119613,0.05426597448826685
Rail,101009,scenario_81,241589.14941856416,-8320472.850119613,8320472.850119613,0.029035507208594658
Rail,101009,scenario_82,294369.54856806126,-8320472.850119613,8320472.850119613,0.035378944667048516
Rail,101009,scenario_83,212888.37756696137,-8320472.850119613,8320472.850119613,0.025586091247674816
Rail,101009,scenario_84,216857.4193530861,-8320472.850119613,8320472.850119613,0.02606311242875681
Rail,101009,scenario_85,205039.40715919287,-8320472.850119613,8320472.850119613,0.024642758993708543
Rail,101009,scenario_86,296055.0054113653,-8320472.850119613,8320472.850119613,0.03558151210205671
Rail,101009,scenario_87,270552.67918693076,-8320472.850119613,8320472.850119613,0.032516502855128165
Rail,101009,scenario_88,206160.01904821975,-8320472.850119613,8320472.850119613,0.02477744026834437
Rail,101009,scenario_89,221312.2668438951,-8320472.850119613,8320472.850119613,0.026598520400281527
Rail,101009,scenario_9,323149.0392594089,-8320472.850119613,8320472.850119613,0.03883782148928752
Rail,101009,scenario_90,225032.49068667015,-8320472.850119613,8320472.850119613,0.027045637278106754
Rail,101009,scenario_91,304282.497471738,-8320472.850119613,8320472.850119613,0.03657033716147078
Rail,101009,scenario_92,218156.45035741397,-8320472.850119613,8320472.850119613,0.02621923708990623
Rail,101009,scenario_93,235346.41384984623,-8320472.850119613,8320472.850119613,0.028285221055250838
Rail,101009,scenario_94,429762.5398592683,-8320472.850119613,8320472.850119613,0.05165121593457157
Rail,101009,scenario_95,338285.8642528536,-8320472.850119613,8320472.850119613,0.04065704802437887
Rail,101009,scenario_96,329244.00551260443,-8320472.850119613,8320472.850119613,0.03957034791693014
Rail,101009,scenario_97,376669.06476282695,-8320472.850119613,8320472.850119613,0.04527015129403517
Rail,101009,scenario_98,322249.84717058646,-8320472.850119613,8320472.850119613,0.03872975165900023
Rail,101009,scenario_99,385797.9706686059,-8320472.850119613,8320472.850119613,0.04636731320661178
Rail,101010,scenario_1,10410327.820500664,-5578279.183805819,5578279.183805819,1.866225672376288
Rail,101010,scenario_10,10283118.905698543,-5578279.183805819,5578279.183805819,1.843421343189714
Rail,101010,scenario_100,6289007.2124334145,-5578279.183805819,5578279.183805819,1.1274099063902887
Rail,101010,scenario_11,7895843.533896828,-5578279.183805819,5578279.183805819,1.415462237318469
Rail,101010,scenario_12,12772542.332061425,-5578279.183805819,5578279.183805819,2.2896921991895125
Rail,101010,scenario_13,8109725.536431022,-5578279.183805819,5578279.183805819,1.453804169567954
Rail,101010,scenario_14,8910563.344811734,-5578279.183805819,5578279.183805819,1.5973677636429164
Rail,101010,scenario_15,6197375.673692576,-5578279.183805819,5578279.183805819,1.110983417912112
Rail,101010,scenario_16,9608857.136008536,-5578279.183805819,5578279.183805819,1.7225486246553958
Rail,101010,scenario_17,9720301.546846991,-5578279.183805819,5578279.183805819,1.7425269023941627
Rail,101010,scenario_18,5119327.259248601,-5578279.183805819,5578279.183805819,0.91772517842248
Rail,101010,scenario_19,7750723.837693987,-5578279.183805819,5578279.183805819,1.3894471004956055
Rail,101010,scenario_2,5122542.931571222,-5578279.183805819,5578279.183805819,0.9183016415604234
Rail,101010,scenario_20,10956717.408887656,-5578279.183805819,5578279.183805819,1.96417516009164
Rail,101010,scenario_21,9847777.948852863,-5578279.183805819,5578279.183805819,1.7653791831433847
Rail,101010,scenario_22,8074796.551578535,-5578279.183805819,5578279.183805819,1.4475425638466253
Rail,101010,scenario_23,5522623.379661891,-5578279.183805819,5578279.183805819,0.9900227646716749
Rail,101010,scenario_24,10441958.092675298,-5578279.183805819,5578279.183805819,1.8718959285847723
Rail,101010,scenario_25,8192954.258239942,-5578279.183805819,5578279.183805819,1.468724312333583
Rail,101010,scenario_26,5048300.1435249895,-5578279.183805819,5578279.183805819,0.9049923779685678
Rail,101010,scenario_27,7241203.911444998,-5578279.183805819,5578279.183805819,1.2981071174183574
Rail,101010,scenario_28,3669718.367741444,-5578279.183805819,5578279.183805819,0.6578584984406883
Rail,101010,scenario_29,9193033.409491709,-5578279.183805819,5578279.183805819,1.6480052551295397
Rail,101010,scenario_3,8727201.330487465,-5578279.183805819,5578279.183805819,1.5644970505999798
Rail,101010,scenario_30,8374227.747126892,-5578279.183805819,5578279.183805819,1.501220622201544
Rail,101010,scenario_31,9534866.293882024,-5578279.183805819,5578279.183805819,1.709284526590653
Rail,101010,scenario_32,10080009.296008168,-5578279.183805819,5578279.183805819,1.8070105428339307
Rail,101010,scenario_33,7241334.081337316,-5578279.183805819,5578279.183805819,1.2981304525523707
Rail,101010,scenario_34,11737923.468087845,-5578279.183805819,5578279.183805819,2.104219434223363
Rail,101010,scenario_35,9598653.256397888,-5578279.183805819,5578279.183805819,1.7207194082833879
Rail,101010,scenario_36,8093123.602719187,-5578279.183805819,5578279.183805819,1.4508279948078178
Rail,101010,scenario_37,11709259.010341335,-5578279.183805819,5578279.183805819,2.0990808499392126
Rail,101010,scenario_38,9215055.250185616,-5578279.183805819,5578279.183805819,1.6519530390192092
Rail,101010,scenario_39,8193905.028417557,-5578279.183805819,5578279.183805819,1.4688947538167514
Rail,101010,scenario_4,6314352.956136951,-5578279.183805819,5578279.183805819,1.1319535555818023
Rail,101010,scenario_40,9489055.28868317,-5578279.183805819,5578279.183805819,1.701072136409135
Rail,101010,scenario_41,10341968.475564606,-5578279.183805819,5578279.183805819,1.8539711145308309
Rail,101010,scenario_42,11927336.56978797,-5578279.183805819,5578279.183805819,2.1381749060559683
Rail,101010,scenario_43,8406391.82811053,-5578279.183805819,5578279.183805819,1.5069865725822658
Rail,101010,scenario_44,9931446.380133549,-5578279.183805819,5578279.183805819,1.780378151198548
Rail,101010,scenario_45,8341213.123832284,-5578279.183805819,5578279.183805819,1.495302197861928
Rail,101010,scenario_46,9264620.688762626,-5578279.183805819,5578279.183805819,1.660838474284067
Rail,101010,scenario_47,6037695.7748302,-5578279.183805819,5578279.183805819,1.0823581208265989
Rail,101010,scenario_48,6874577.4424571125,-5578279.183805819,5578279.183805819,1.2323831805361318
Rail,101010,scenario_49,8635002.415916692,-5578279.183805819,5578279.183805819,1.547968850498695
Rail,101010,scenario_5,9185206.574886914,-5578279.183805819,5578279.183805819,1.6466021638989115
Rail,101010,scenario_50,8679322.51068325,-5578279.183805819,5578279.183805819,1.5559139700070952
Rail,101010,scenario_51,8940158.05786851,-5578279.183805819,5578279.183805819,1.6026731117765654
Rail,101010,scenario_52,12628043.701829463,-5578279.183805819,5578279.183805819,2.263788398847025
Rail,101010,scenario_53,11148046.322314665,-5578279.183805819,5578279.183805819,1.9984740732730475
Rail,101010,scenario_54,13276470.368371278,-5578279.183805819,5578279.183805819,2.3800297423108385
Rail,101010,scenario_55,8547280.884358732,-5578279.183805819,5578279.183805819,1.5322432963147772
Rail,101010,scenario_56,9974732.195859833,-5578279.183805819,5578279.183805819,1.7881378588610735
Rail,101010,scenario_57,7413653.315296084,-5578279.183805819,5578279.183805819,1.3290215622083779
Rail,101010,scenario_58,7659461.994840585,-5578279.183805819,5578279.183805819,1.3730868861989918
Rail,101010,scenario_59,6778346.108349413,-5578279.183805819,5578279.183805819,1.215132101675277
Rail,101010,scenario_6,8017214.849392325,-5578279.183805819,5578279.183805819,1.4372200790284801
Rail,101010,scenario_60,7729036.14292989,-5578279.183805819,5578279.183805819,1.3855592178620044
Rail,101010,scenario_61,7412698.807258493,-5578279.183805819,5578279.183805819,1.3288504506511862
Rail,101010,scenario_62,8342082.404721481,-5578279.183805819,5578279.183805819,1.4954580310249082
Rail,101010,scenario_63,11486399.285114389,-5578279.183805819,5578279.183805819,2.0591295104878053
Rail,101010,scenario_64,10438465.28692473,-5578279.183805819,5578279.183805819,1.8712697846368844
Rail,101010,scenario_65,7195767.214662034,-5578279.183805819,5578279.183805819,1.2899618282914038
Rail,101010,scenario_66,7030171.08717543,-5578279.183805819,5578279.183805819,1.2602759481068224
Rail,101010,scenario_67,10123994.64010878,-5578279.183805819,5578279.183805819,1.8148956526771785
Rail,101010,scenario_68,5620946.140003864,-5578279.183805819,5578279.183805819,1.0076487667239586
Rail,101010,scenario_69,5288647.790155164,-5578279.183805819,5578279.183805819,0.948078720317284
Rail,101010,scenario_7,10845913.135484396,-5578279.183805819,5578279.183805819,1.9443116377127432
Rail,101010,scenario_70,6186223.298373389,-5578279.183805819,5578279.183805819,1.1089841677936234
Rail,101010,scenario_71,8688975.349550515,-5578279.183805819,5578279.183805819,1.5576444030939312
Rail,101010,scenario_72,4743541.75169217,-5578279.183805819,5578279.183805819,0.850359330429901
Rail,101010,scenario_73,4723059.293154884,-5578279.183805819,5578279.183805819,0.846687506582011
Rail,101010,scenario_74,9407016.179694608,-5578279.183805819,5578279.183805819,1.686365251671862
Rail,101010,scenario_75,8439273.397403246,-5578279.183805819,5578279.183805819,1.5128811447629078
Rail,101010,scenario_76,7600572.01959008,-5578279.183805819,5578279.183805819,1.3625298715157779
Rail,101010,scenario_77,9602991.324582156,-5578279.183805819,5578279.183805819,1.7214970796837117
Rail,101010,scenario_78,13124137.783596918,-5578279.183805819,5578279.183805819,2.3527215743696224
Rail,101010,scenario_79,9835110.783537762,-5578279.183805819,5578279.183805819,1.7631083815399307
Rail,101010,scenario_8,7156915.732211752,-5578279.183805819,5578279.183805819,1.2829970491596834
Rail,101010,scenario_80,16280973.830202209,-5578279.183805819,5578279.183805819,2.9186373241172925
Rail,101010,scenario_81,8819627.31574551,-5578279.183805819,5578279.183805819,1.581065956926211
Rail,101010,scenario_82,10662353.168044366,-5578279.183805819,5578279.183805819,1.9114054382573773
Rail,101010,scenario_83,7722887.064878609,-5578279.183805819,5578279.183805819,1.3844568926020688
Rail,101010,scenario_84,7866065.904099934,-5578279.183805819,5578279.183805819,1.4101240982946388
Rail,101010,scenario_85,7486603.489361813,-5578279.183805819,5578279.183805819,1.3420991030882803
Rail,101010,scenario_86,10764179.052957363,-5578279.183805819,5578279.183805819,1.929659434078993
Rail,101010,scenario_87,9761660.100790048,-5578279.183805819,5578279.183805819,1.7499411160934562
Rail,101010,scenario_88,7500667.202324431,-5578279.183805819,5578279.183805819,1.3446202592547636
Rail,101010,scenario_89,8044195.310678387,-5578279.183805819,5578279.183805819,1.4420567787340792
Rail,101010,scenario_9,11688419.05237234,-5578279.183805819,5578279.183805819,2.0953449383287834
Rail,101010,scenario_90,8158351.786978617,-5578279.183805819,5578279.183805819,1.462521239643751
Rail,101010,scenario_91,10967183.769877477,-5578279.183805819,5578279.183805819,1.9660514306483745
Rail,101010,scenario_92,7916606.760917751,-5578279.183805819,5578279.183805819,1.419184393620936
Rail,101010,scenario_93,8549419.078648169,-5578279.183805819,5578279.183805819,1.5326266034636276
Rail,101010,scenario_94,15541736.141553804,-5578279.183805819,5578279.183805819,2.7861165835286053
Rail,101010,scenario_95,12240246.46881728,-5578279.183805819,5578279.183805819,2.1942692478267625
Rail,101010,scenario_96,11944404.646375252,-5578279.183805819,5578279.183805819,2.141234644736103
Rail,101010,scenario_97,13616133.42535608,-5578279.183805819,5578279.183805819,2.440920035857076
Rail,101010,scenario_98,11677810.981177568,-5578279.183805819,5578279.183805819,2.093443263843654
Rail,101010,scenario_99,13977896.171181262,-5578279.183805819,5578279.183805819,2.5057720688774756
Rail,101011,scenario_1,14696561.78735734,-8732862.475517157,8732862.475517157,1.682903152151954
Rail,101011,scenario_10,14056059.798997955,-8732862.475517157,8732862.475517157,1.6095592754843606
Rail,101011,scenario_100,9338893.221167268,-8732862.475517157,8732862.475517157,1.0693965749889154
Rail,101011,scenario_11,11315535.983808458,-8732862.475517157,8732862.475517157,1.2957419191624628
Rail,101011,scenario_12,17232050.167725723,-8732862.475517157,8732862.475517157,1.9732419027594095
Rail,101011,scenario_13,12136957.899841718,-8732862.475517157,8732862.475517157,1.3898029350477057
Rail,101011,scenario_14,12859411.348442834,-8732862.475517157,8732862.475517157,1.4725310726573997
Rail,101011,scenario_15,9488639.09678189,-8732862.475517157,8732862.475517157,1.0865439737982334
Rail,101011,scenario_16,13937882.728492128,-8732862.475517157,8732862.475517157,1.5960268202513668
Rail,101011,scenario_17,13432956.922337048,-8732862.475517157,8732862.475517157,1.5382077709338429
Rail,101011,scenario_18,8232381.717981503,-8732862.475517157,8732862.475517157,0.942689953158112
Rail,101011,scenario_19,10647912.023756616,-8732862.475517157,8732862.475517157,1.2192923057712586
Rail,101011,scenario_2,7806545.559932143,-8732862.475517157,8732862.475517157,0.8939274587018894
Rail,101011,scenario_20,15470585.457204215,-8732862.475517157,8732862.475517157,1.7715365953118427
Rail,101011,scenario_21,13752670.124186847,-8732862.475517157,8732862.475517157,1.5748181266729977
Rail,101011,scenario_22,11930301.121266369,-8732862.475517157,8732862.475517157,1.3661386692752036
Rail,101011,scenario_23,8285924.451199814,-8732862.475517157,8732862.475517157,0.948821131035746
Rail,101011,scenario_24,14600549.08490339,-8732862.475517157,8732862.475517157,1.6719087384962796
Rail,101011,scenario_25,11862626.345455067,-8732862.475517157,8732862.475517157,1.358389231333059
Rail,101011,scenario_26,8081738.60293962,-8732862.475517157,8732862.475517157,0.9254398114704104
Rail,101011,scenario_27,11037267.359897934,-8732862.475517157,8732862.475517157,1.2638773816536382
Rail,101011,scenario_28,6027438.976748575,-8732862.475517157,8732862.475517157,0.6902019805815884
Rail,101011,scenario_29,13464793.83094483,-8732862.475517157,8732862.475517157,1.5418534150393166
Rail,101011,scenario_3,12633837.048103468,-8732862.475517157,8732862.475517157,1.4467005616454869
Rail,101011,scenario_30,12049909.707455983,-8732862.475517157,8732862.475517157,1.3798350473556944
Rail,101011,scenario_31,13903260.444879074,-8732862.475517157,8732862.475517157,1.5920622228802161
Rail,101011,scenario_32,14208238.17183898,-8732862.475517157,8732862.475517157,1.6269852195282135
Rail,101011,scenario_33,10471012.600277085,-8732862.475517157,8732862.475517157,1.1990355544511189
Rail,101011,scenario_34,16384195.226175984,-8732862.475517157,8732862.475517157,1.8761540413706923
Rail,101011,scenario_35,13741578.54812992,-8732862.475517157,8732862.475517157,1.5735480304029577
Rail,101011,scenario_36,11550242.06984236,-8732862.475517157,8732862.475517157,1.3226181108684365
Rail,101011,scenario_37,16002304.691488538,-8732862.475517157,8732862.475517157,1.8324237598326414
Rail,101011,scenario_38,13095690.877533073,-8732862.475517157,8732862.475517157,1.4995874393129671
Rail,101011,scenario_39,12114135.072496483,-8732862.475517157,8732862.475517157,1.3871894933028919
Rail,101011,scenario_4,9311773.006314067,-8732862.475517157,8732862.475517157,1.066291039440951
Rail,101011,scenario_40,14463542.097463852,-8732862.475517157,8732862.475517157,1.6562200696521705
Rail,101011,scenario_41,14592749.60518081,-8732862.475517157,8732862.475517157,1.6710156201465467
Rail,101011,scenario_42,16194789.194584858,-8732862.475517157,8732862.475517157,1.854465158473231
Rail,101011,scenario_43,12477679.273443496,-8732862.475517157,8732862.475517157,1.4288189363367447
Rail,101011,scenario_44,14163406.149445347,-8732862.475517157,8732862.475517157,1.62185150506525
Rail,101011,scenario_45,12015854.327129086,-8732862.475517157,8732862.475517157,1.375935366074514
Rail,101011,scenario_46,13242371.944016865,-8732862.475517157,8732862.475517157,1.516383886857517
Rail,101011,scenario_47,9260634.367915137,-8732862.475517157,8732862.475517157,1.0604351544384907
Rail,101011,scenario_48,9968661.220025672,-8732862.475517157,8732862.475517157,1.1415113026196293
Rail,101011,scenario_49,12630782.856236834,-8732862.475517157,8732862.475517157,1.4463508261635418
Rail,101011,scenario_5,13568815.237126974,-8732862.475517157,8732862.475517157,1.5537649052836404
Rail,101011,scenario_50,12368913.883048462,-8732862.475517157,8732862.475517157,1.4163642125047868
Rail,101011,scenario_51,12735423.488796234,-8732862.475517157,8732862.475517157,1.4583332240145057
Rail,101011,scenario_52,17280112.109226085,-8732862.475517157,8732862.475517157,1.9787454752289297
Rail,101011,scenario_53,15940332.031739376,-8732862.475517157,8732862.475517157,1.8253272711471842
Rail,101011,scenario_54,18265183.01269818,-8732862.475517157,8732862.475517157,2.09154593512782
Rail,101011,scenario_55,12440998.73368019,-8732862.475517157,8732862.475517157,1.4246186480731724
Rail,101011,scenario_56,14513111.82925826,-8732862.475517157,8732862.475517157,1.6618962991740915
Rail,101011,scenario_57,11049606.225852598,-8732862.475517157,8732862.475517157,1.265290305078146
Rail,101011,scenario_58,10949146.65340792,-8732862.475517157,8732862.475517157,1.2537866803816253
Rail,101011,scenario_59,9851964.044456918,-8732862.475517157,8732862.475517157,1.1281483101419718
Rail,101011,scenario_6,11695669.636023557,-8732862.475517157,8732862.475517157,1.3392710201051166
Rail,101011,scenario_60,11976713.407199068,-8732862.475517157,8732862.475517157,1.3714533397011741
Rail,101011,scenario_61,10784596.9279713,-8732862.475517157,8732862.475517157,1.2349440928683169
Rail,101011,scenario_62,11766710.89774554,-8732862.475517157,8732862.475517157,1.347405954317255
Rail,101011,scenario_63,16268787.485683955,-8732862.475517157,8732862.475517157,1.8629387020915524
Rail,101011,scenario_64,14667504.057599124,-8732862.475517157,8732862.475517157,1.6795757517904253
Rail,101011,scenario_65,10481158.26545756,-8732862.475517157,8732862.475517157,1.2001973344755859
Rail,101011,scenario_66,10134963.911438638,-8732862.475517157,8732862.475517157,1.160554622250415
Rail,101011,scenario_67,14268505.437763829,-8732862.475517157,8732862.475517157,1.6338864235828758
Rail,101011,scenario_68,8540424.377142288,-8732862.475517157,8732862.475517157,0.9779639151636276
Rail,101011,scenario_69,8340566.274088671,-8732862.475517157,8732862.475517157,0.955078165661225
Rail,101011,scenario_7,15662547.965691425,-8732862.475517157,8732862.475517157,1.7935182203546487
Rail,101011,scenario_70,9264327.622129722,-8732862.475517157,8732862.475517157,1.0608580689438936
Rail,101011,scenario_71,12844655.25564687,-8732862.475517157,8732862.475517157,1.4708413526100115
Rail,101011,scenario_72,7605011.527775945,-8732862.475517157,8732862.475517157,0.8708497985737006
Rail,101011,scenario_73,7240728.507936097,-8732862.475517157,8732862.475517157,0.8291357533953726
Rail,101011,scenario_74,13482409.145747026,-8732862.475517157,8732862.475517157,1.5438705445717673
Rail,101011,scenario_75,12215625.519376235,-8732862.475517157,8732862.475517157,1.3988111634212848
Rail,101011,scenario_76,11278855.785129014,-8732862.475517157,8732862.475517157,1.2915416699564004
Rail,101011,scenario_77,13627635.228354651,-8732862.475517157,8732862.475517157,1.5605003819263312
Rail,101011,scenario_78,17787468.619865127,-8732862.475517157,8732862.475517157,2.0368428644940684
Rail,101011,scenario_79,13638392.18019083,-8732862.475517157,8732862.475517157,1.5617321603799983
Rail,101011,scenario_8,10746469.629643822,-8732862.475517157,8732862.475517157,1.2305781362951578
Rail,101011,scenario_80,21746453.564562965,-8732862.475517157,8732862.475517157,2.4901861933048646
Rail,101011,scenario_81,12936110.787307298,-8732862.475517157,8732862.475517157,1.4813139246809477
Rail,101011,scenario_82,15028645.173166322,-8732862.475517157,8732862.475517157,1.7209300175400197
Rail,101011,scenario_83,11290589.64873935,-8732862.475517157,8732862.475517157,1.292885314568145
Rail,101011,scenario_84,10863485.229335636,-8732862.475517157,8732862.475517157,1.2439775915161544
Rail,101011,scenario_85,11278719.303627027,-8732862.475517157,8732862.475517157,1.2915260414608905
Rail,101011,scenario_86,15175955.32927716,-8732862.475517157,8732862.475517157,1.7377985021318505
Rail,101011,scenario_87,13867084.515983813,-8732862.475517157,8732862.475517157,1.5879197176024014
Rail,101011,scenario_88,11230996.708440086,-8732862.475517157,8732862.475517157,1.286061327534531
Rail,101011,scenario_89,12023349.617505562,-8732862.475517157,8732862.475517157,1.3767936517050834
Rail,101011,scenario_9,16554630.464256436,-8732862.475517157,8732862.475517157,1.895670578881534
Rail,101011,scenario_90,11442700.339070763,-8732862.475517157,8732862.475517157,1.3103035082884584
Rail,101011,scenario_91,14706021.815204524,-8732862.475517157,8732862.475517157,1.6839864198518295
Rail,101011,scenario_92,11808496.142727287,-8732862.475517157,8732862.475517157,1.3521907823274169
Rail,101011,scenario_93,12610142.299065337,-8732862.475517157,8732862.475517157,1.4439872761558137
Rail,101011,scenario_94,20533147.21129163,-8732862.475517157,8732862.475517157,2.351250494194421
Rail,101011,scenario_95,16794219.999586556,-8732862.475517157,8732862.475517157,1.9231059743205228
Rail,101011,scenario_96,17295433.3555229,-8732862.475517157,8732862.475517157,1.980499910998389
Rail,101011,scenario_97,18477100.89776825,-8732862.475517157,8732862.475517157,2.1158126501555885
Rail,101011,scenario_98,16002433.780573636,-8732862.475517157,8732862.475517157,1.8324385418225628
Rail,101011,scenario_99,18738157.9288506,-8732862.475517157,8732862.475517157,2.1457062883314135
Rail,101012,scenario_1,17123052.604690205,-6870000.610543769,6870000.610543769,2.492438294461068
Rail,101012,scenario_10,16900058.36106149,-6870000.610543769,6870000.610543769,2.4599791643575752
Rail,101012,scenario_100,10357074.511886846,-6870000.610543769,6870000.610543769,1.5075798531940845
Rail,101012,scenario_11,12991702.419710388,-6870000.610543769,6870000.610543769,1.8910773311681088
Rail,101012,scenario_12,20985439.389292218,-6870000.610543769,6870000.610543769,3.054648839053188
Rail,101012,scenario_13,13358000.647911409,-6870000.610543769,6870000.610543769,1.9443958458184338
Rail,101012,scenario_14,14663351.591667077,-6870000.610543769,6870000.610543769,2.1344032443261245
Rail,101012,scenario_15,10214557.11091023,-6870000.610543769,6870000.610543769,1.4868349640658525
Rail,101012,scenario_16,15813953.896479702,-6870000.610543769,6870000.610543769,2.3018853698803396
Rail,101012,scenario_17,15978985.730719702,-6870000.610543769,6870000.610543769,2.325907468799329
Rail,101012,scenario_18,8448518.701031385,-6870000.610543769,6870000.610543769,1.2297697161867756
Rail,101012,scenario_19,12740287.724829229,-6870000.610543769,6870000.610543769,1.854481308964661
Rail,101012,scenario_2,8441677.509724941,-6870000.610543769,6870000.610543769,1.2287739096804493
Rail,101012,scenario_20,18021400.94899167,-6870000.610543769,6870000.610543769,2.62320223397553
Rail,101012,scenario_21,16193201.617100677,-6870000.610543769,6870000.610543769,2.3570888177576106
Rail,101012,scenario_22,13296453.261367638,-6870000.610543769,6870000.610543769,1.93543698394449
Rail,101012,scenario_23,9097653.90815832,-6870000.610543769,6870000.610543769,1.3242580931063743
Rail,101012,scenario_24,17170634.153819,-6870000.610543769,6870000.610543769,2.4993642835295065
Rail,101012,scenario_25,13484249.707277272,-6870000.610543769,6870000.610543769,1.9627727087217794
Rail,101012,scenario_26,8330108.813983195,-6870000.610543769,6870000.610543769,1.212533926299587
Rail,101012,scenario_27,11932418.681074716,-6870000.610543769,6870000.610543769,1.7368875721439347
Rail,101012,scenario_28,6060311.651344638,-6870000.610543769,6870000.610543769,0.8821413555689563
Rail,101012,scenario_29,15134715.042443274,-6870000.610543769,6870000.610543769,2.203015094236701
Rail,101012,scenario_3,14362563.685163286,-6870000.610543769,6870000.610543769,2.090620437954586
Rail,101012,scenario_30,13780043.287977103,-6870000.610543769,6870000.610543769,2.005828539058368
Rail,101012,scenario_31,15694320.961966155,-6870000.610543769,6870000.610543769,2.2844715527214388
Rail,101012,scenario_32,16577530.903925002,-6870000.610543769,6870000.610543769,2.4130319404167957
Rail,101012,scenario_33,11917185.574069131,-6870000.610543769,6870000.610543769,1.7346702350767145
Rail,101012,scenario_34,19300069.61880283,-6870000.610543769,6870000.610543769,2.8093257501581514
Rail,101012,scenario_35,15791850.860059736,-6870000.610543769,6870000.610543769,2.298668043176461
Rail,101012,scenario_36,13314515.680748772,-6870000.610543769,6870000.610543769,1.9380661568376356
Rail,101012,scenario_37,19244314.678075135,-6870000.610543769,6870000.610543769,2.801210038983086
Rail,101012,scenario_38,15158637.410739144,-6870000.610543769,6870000.610543769,2.206497243606405
Rail,101012,scenario_39,13491964.61680044,-6870000.610543769,6870000.610543769,1.9638956939965302
Rail,101012,scenario_4,10396856.990104089,-6870000.610543769,6870000.610543769,1.5133706064228667
Rail,101012,scenario_40,15637033.684553033,-6870000.610543769,6870000.610543769,2.2761327940137317
Rail,101012,scenario_41,17009822.764679775,-6870000.610543769,6870000.610543769,2.475956514264913
Rail,101012,scenario_42,19599635.123514794,-6870000.610543769,6870000.610543769,2.8529306232424716
Rail,101012,scenario_43,13842266.618677162,-6870000.610543769,6870000.610543769,2.0148857916304506
Rail,101012,scenario_44,16339124.02737408,-6870000.610543769,6870000.610543769,2.378329341382812
Rail,101012,scenario_45,13726317.16504865,-6870000.610543769,6870000.610543769,1.9980081434027988
Rail,101012,scenario_46,15242239.075545684,-6870000.610543769,6870000.610543769,2.218666334927624
Rail,101012,scenario_47,9951643.741739308,-6870000.610543769,6870000.610543769,1.4485651902950303
Rail,101012,scenario_48,11314768.91078652,-6870000.610543769,6870000.610543769,1.6469822278357764
Rail,101012,scenario_49,14214840.657087676,-6870000.610543769,6870000.610543769,2.069117815691512
Rail,101012,scenario_5,15123618.976325192,-6870000.610543769,6870000.610543769,2.2013999464736784
Rail,101012,scenario_50,14278455.063468223,-6870000.610543769,6870000.610543769,2.078377553788611
Rail,101012,scenario_51,14707179.61876288,-6870000.610543769,6870000.610543769,2.1407828692461774
Rail,101012,scenario_52,20754884.17745055,-6870000.610543769,6870000.610543769,3.02108913143281
Rail,101012,scenario_53,18340030.69457576,-6870000.610543769,6870000.610543769,2.6695821054845763
Rail,101012,scenario_54,21822801.040907707,-6870000.610543769,6870000.610543769,3.176535531512916
Rail,101012,scenario_55,14068714.405457666,-6870000.610543769,6870000.610543769,2.047847620838
Rail,101012,scenario_56,16417750.190768369,-6870000.610543769,6870000.610543769,2.389774196754967
Rail,101012,scenario_57,12209880.897681797,-6870000.610543769,6870000.610543769,1.7772750818890204
Rail,101012,scenario_58,12602138.665036488,-6870000.610543769,6870000.610543769,1.8343722773030458
Rail,101012,scenario_59,11158171.0440608,-6870000.610543769,6870000.610543769,1.6241877805564877
Rail,101012,scenario_6,13198120.179900182,-6870000.610543769,6870000.610543769,1.921123581800604
Rail,101012,scenario_60,12741401.791425249,-6870000.610543769,6870000.610543769,1.8546434729380252
Rail,101012,scenario_61,12201306.517674208,-6870000.610543769,6870000.610543769,1.776026991751382
Rail,101012,scenario_62,13719857.953262083,-6870000.610543769,6870000.610543769,1.9970679379861278
Rail,101012,scenario_63,18893710.086379174,-6870000.610543769,6870000.610543769,2.750175896255665
Rail,101012,scenario_64,17166506.698644206,-6870000.610543769,6870000.610543769,2.4987634895254334
Rail,101012,scenario_65,11844535.100615095,-6870000.610543769,6870000.610543769,1.7240952034904675
Rail,101012,scenario_66,11569151.55302528,-6870000.610543769,6870000.610543769,1.6840102656278464
Rail,101012,scenario_67,16650728.763812557,-6870000.610543769,6870000.610543769,2.4236866497883223
Rail,101012,scenario_68,9262535.461119212,-6870000.610543769,6870000.610543769,1.348258317023071
Rail,101012,scenario_69,8723614.825975284,-6870000.610543769,6870000.610543769,1.2698128166956304
Rail,101012,scenario_7,17847549.260608934,-6870000.610543769,6870000.610543769,2.597896313606918
Rail,101012,scenario_70,10190214.805301012,-6870000.610543769,6870000.610543769,1.4832916884550968
Rail,101012,scenario_71,14307162.184137546,-6870000.610543769,6870000.610543769,2.082556173602016
Rail,101012,scenario_72,7827951.628170653,-6870000.610543769,6870000.610543769,1.1394397281648947
Rail,101012,scenario_73,7784823.36556786,-6870000.610543769,6870000.610543769,1.1331619612405948
Rail,101012,scenario_74,15478592.600650191,-6870000.610543769,6870000.610543769,2.2530700473147474
Rail,101012,scenario_75,13888937.27156991,-6870000.610543769,6870000.610543769,2.021679190283301
Rail,101012,scenario_76,12516144.367587322,-6870000.610543769,6870000.610543769,1.8218549134301538
Rail,101012,scenario_77,15796569.220946874,-6870000.610543769,6870000.610543769,2.2993548496492138
Rail,101012,scenario_78,21565200.674315587,-6870000.610543769,6870000.610543769,3.13903912049415
Rail,101012,scenario_79,16169552.03845312,-6870000.610543769,6870000.610543769,2.3536463757567674
Rail,101012,scenario_8,11789660.12729604,-6870000.610543769,6870000.610543769,1.716107580718668
Rail,101012,scenario_80,26742377.10131282,-6870000.610543769,6870000.610543769,3.892630964292757
Rail,101012,scenario_81,14520694.260056823,-6870000.610543769,6870000.610543769,2.113637986839639
Rail,101012,scenario_82,17535699.572569195,-6870000.610543769,6870000.610543769,2.5525033499496623
Rail,101012,scenario_83,12712728.020302786,-6870000.610543769,6870000.610543769,1.8504697074978218
Rail,101012,scenario_84,12931100.757191284,-6870000.610543769,6870000.610543769,1.8822561292564093
Rail,101012,scenario_85,12334189.700582623,-6870000.610543769,6870000.610543769,1.795369520295626
Rail,101012,scenario_86,17704336.0248774,-6870000.610543769,6870000.610543769,2.5770501384971607
Rail,101012,scenario_87,16057081.32179397,-6870000.610543769,6870000.610543769,2.3372750938552
Rail,101012,scenario_88,12355062.24788544,-6870000.610543769,6870000.610543769,1.7984077365180207
Rail,101012,scenario_89,13249345.718403293,-6870000.610543769,6870000.610543769,1.9285799914004071
Rail,101012,scenario_9,19225687.885913704,-6870000.610543769,6870000.610543769,2.7984987157653203
Rail,101012,scenario_90,13416349.904816773,-6870000.610543769,6870000.610543769,1.9528891866801235
Rail,101012,scenario_91,18015887.043938167,-6870000.610543769,6870000.610543769,2.622399627779973
Rail,101012,scenario_92,13038023.042826831,-6870000.610543769,6870000.610543769,1.8978197793485867
Rail,101012,scenario_93,14076805.810781363,-6870000.610543769,6870000.610543769,2.0490254089900537
Rail,101012,scenario_94,25522558.826636,-6870000.610543769,6870000.610543769,3.715073734850201
Rail,101012,scenario_95,20118093.42316984,-6870000.610543769,6870000.610543769,2.9283976179410365
Rail,101012,scenario_96,19657731.52813998,-6870000.610543769,6870000.610543769,2.8613871588264743
Rail,101012,scenario_97,22373509.71957299,-6870000.610543769,6870000.610543769,3.2566969041072764
Rail,101012,scenario_98,19193606.621451017,-6870000.610543769,6870000.610543769,2.7938289542498045
Rail,101012,scenario_99,22962914.702586368,-6870000.610543769,6870000.610543769,3.3424909260333857
Rail,101013,scenario_1,7390597.646128676,-5200339.549725518,5200339.549725518,1.4211759781183448
Rail,101013,scenario_10,7284439.737928355,-5200339.549725518,5200339.549725518,1.400762328743099
Rail,101013,scenario_100,4467416.969392944,-5200339.549725518,5200339.549725518,0.859062552872868
Rail,101013,scenario_11,5609216.506797923,-5200339.549725518,5200339.549725518,1.0786250499919734
Rail,101013,scenario_12,9058469.83994852,-5200339.549725518,5200339.549725518,1.741899688151448
Rail,101013,scenario_13,5761487.428193462,-5200339.549725518,5200339.549725518,1.1079060075024452
Rail,101013,scenario_14,6324329.767344074,-5200339.549725518,5200339.549725518,1.2161378515519978
Rail,101013,scenario_15,4406575.95050325,-5200339.549725518,5200339.549725518,0.8473631208823347
Rail,101013,scenario_16,6815078.412665283,-5200339.549725518,5200339.549725518,1.3105064289552004
Rail,101013,scenario_17,6892802.204342596,-5200339.549725518,5200339.549725518,1.3254523360318673
Rail,101013,scenario_18,3642083.016061623,-5200339.549725518,5200339.549725518,0.7003548482240661
Rail,101013,scenario_19,5503140.703061559,-5200339.549725518,5200339.549725518,1.0582271889057753
Rail,101013,scenario_2,3640172.15712197,-5200339.549725518,5200339.549725518,0.6999873993447416
Rail,101013,scenario_20,7777637.986028611,-5200339.549725518,5200339.549725518,1.495601952845392
Rail,101013,scenario_21,6987579.923295269,-5200339.549725518,5200339.549725518,1.3436776303701332
Rail,101013,scenario_22,5738420.093860079,-5200339.549725518,5200339.549725518,1.103470271313911
Rail,101013,scenario_23,3928915.72579775,-5200339.549725518,5200339.549725518,0.7555113830990372
Rail,101013,scenario_24,7406924.128083141,-5200339.549725518,5200339.549725518,1.4243154811831642
Rail,101013,scenario_25,5820728.839861801,-5200339.549725518,5200339.549725518,1.1192978428050968
Rail,101013,scenario_26,3590848.3739516432,-5200339.549725518,5200339.549725518,0.6905026757610806
Rail,101013,scenario_27,5141588.402458664,-5200339.549725518,5200339.549725518,0.9887024401570174
Rail,101013,scenario_28,2615194.081329861,-5200339.549725518,5200339.549725518,0.5028891010526217
Rail,101013,scenario_29,6533831.480242618,-5200339.549725518,5200339.549725518,1.2564240118873555
Rail,101013,scenario_3,6191426.587617798,-5200339.549725518,5200339.549725518,1.190581216556252
Rail,101013,scenario_30,5944374.6902907025,-5200339.549725518,5200339.549725518,1.1430743384063173
Rail,101013,scenario_31,6764319.277103896,-5200339.549725518,5200339.549725518,1.3007456940885578
Rail,101013,scenario_32,7142798.67049876,-5200339.549725518,5200339.549725518,1.373525440444705
Rail,101013,scenario_33,5141176.117084724,-5200339.549725518,5200339.549725518,0.9886231596850409
Rail,101013,scenario_34,8321655.646204198,-5200339.549725518,5200339.549725518,1.600213902694763
Rail,101013,scenario_35,6805103.647027315,-5200339.549725518,5200339.549725518,1.3085883300421217
Rail,101013,scenario_36,5739420.062425509,-5200339.549725518,5200339.549725518,1.1036625604050114
Rail,101013,scenario_37,8305788.278158141,-5200339.549725518,5200339.549725518,1.5971626850013159
Rail,101013,scenario_38,6537613.482980975,-5200339.549725518,5200339.549725518,1.2571512726175815
Rail,101013,scenario_39,5814815.296813286,-5200339.549725518,5200339.549725518,1.1181606972414333
Rail,101013,scenario_4,4486282.321869369,-5200339.549725518,5200339.549725518,0.862690268389525
Rail,101013,scenario_40,6740345.191269852,-5200339.549725518,5200339.549725518,1.2961355939970534
Rail,101013,scenario_41,7339714.033336455,-5200339.549725518,5200339.549725518,1.4113913068856931
Rail,101013,scenario_42,8455946.34044948,-5200339.549725518,5200339.549725518,1.626037349983387
Rail,101013,scenario_43,5956906.218986063,-5200339.549725518,5200339.549725518,1.1454840904187649
Rail,101013,scenario_44,7050829.876253196,-5200339.549725518,5200339.549725518,1.3558402886644874
Rail,101013,scenario_45,5923841.187340928,-5200339.549725518,5200339.549725518,1.1391258456678273
Rail,101013,scenario_46,6569408.84564103,-5200339.549725518,5200339.549725518,1.2632653661985926
Rail,101013,scenario_47,4291880.67457396,-5200339.549725518,5200339.549725518,0.8253077772201417
Rail,101013,scenario_48,4882725.268222972,-5200339.549725518,5200339.549725518,0.9389243186015979
Rail,101013,scenario_49,6133001.320486201,-5200339.549725518,5200339.549725518,1.179346321878138
Rail,101013,scenario_5,6514605.52979903,-5200339.549725518,5200339.549725518,1.252726955135628
Rail,101013,scenario_50,6158300.627810632,-5200339.549725518,5200339.549725518,1.1842112556161217
Rail,101013,scenario_51,6340800.911095334,-5200339.549725518,5200339.549725518,1.2193051723766792
Rail,101013,scenario_52,8959245.694395049,-5200339.549725518,5200339.549725518,1.7228193676060888
Rail,101013,scenario_53,7901545.23700856,-5200339.549725518,5200339.549725518,1.5194287145010785
Rail,101013,scenario_54,9416391.060720744,-5200339.549725518,5200339.549725518,1.8107261979110107
Rail,101013,scenario_55,6067190.060976681,-5200339.549725518,5200339.549725518,1.1666911367925807
Rail,101013,scenario_56,7076440.680486849,-5200339.549725518,5200339.549725518,1.360765121742936
Rail,101013,scenario_57,5263715.5494228015,-5200339.549725518,5200339.549725518,1.0121868964692178
Rail,101013,scenario_58,5439784.66327349,-5200339.549725518,5200339.549725518,1.0460441306300106
Rail,101013,scenario_59,4826850.270782664,-5200339.549725518,5200339.549725518,0.9281798283801359
Rail,101013,scenario_6,5703226.401345474,-5200339.549725518,5200339.549725518,1.096702695431974
Rail,101013,scenario_60,5487457.066891802,-5200339.549725518,5200339.549725518,1.0552113019584344
Rail,101013,scenario_61,5266526.932975294,-5200339.549725518,5200339.549725518,1.0127275118512733
Rail,101013,scenario_62,5913051.232629052,-5200339.549725518,5200339.549725518,1.1370509898610663
Rail,101013,scenario_63,8147823.135100195,-5200339.549725518,5200339.549725518,1.5667867563629092
Rail,101013,scenario_64,7400793.938968642,-5200339.549725518,5200339.549725518,1.4231366756348185
Rail,101013,scenario_65,5110402.5150373,-5200339.549725518,5200339.549725518,0.9827055456998064
Rail,101013,scenario_66,4993331.304510602,-5200339.549725518,5200339.549725518,0.9601933213715166
Rail,101013,scenario_67,7178874.234726918,-5200339.549725518,5200339.549725518,1.3804625959675711
Rail,101013,scenario_68,3996202.4403992994,-5200339.549725518,5200339.549725518,0.7684502910219055
Rail,101013,scenario_69,3763889.503393976,-5200339.549725518,5200339.549725518,0.7237776432488221
Rail,101013,scenario_7,7687314.798110304,-5200339.549725518,5200339.549725518,1.478233243157373
Rail,101013,scenario_70,4398197.731806956,-5200339.549725518,5200339.549725518,0.8457520301802409
Rail,101013,scenario_71,6168575.835944806,-5200339.549725518,5200339.549725518,1.1861871281598129
Rail,101013,scenario_72,3375637.804874475,-5200339.549725518,5200339.549725518,0.6491187301515046
Rail,101013,scenario_73,3357694.392039876,-5200339.549725518,5200339.549725518,0.6456682991434859
Rail,101013,scenario_74,6679150.055421937,-5200339.549725518,5200339.549725518,1.2843680670379445
Rail,101013,scenario_75,5990488.8644782575,-5200339.549725518,5200339.549725518,1.1519418697947224
Rail,101013,scenario_76,5393584.203373345,-5200339.549725518,5200339.549725518,1.037160006918784
Rail,101013,scenario_77,6813664.428941245,-5200339.549725518,5200339.549725518,1.310234526762946
Rail,101013,scenario_78,9307088.368736869,-5200339.549725518,5200339.549725518,1.7897078219109965
Rail,101013,scenario_79,6978604.995965535,-5200339.549725518,5200339.549725518,1.3419517955003297
Rail,101013,scenario_8,5083572.529394582,-5200339.549725518,5200339.549725518,0.9775462699667181
Rail,101013,scenario_80,11533044.965740914,-5200339.549725518,5200339.549725518,2.2177484480507905
Rail,101013,scenario_81,6269637.9485249985,-5200339.549725518,5200339.549725518,1.2056208808241993
Rail,101013,scenario_82,7562701.10767021,-5200339.549725518,5200339.549725518,1.4542706366297526
Rail,101013,scenario_83,5480174.578317548,-5200339.549725518,5200339.549725518,1.0538109148289752
Rail,101013,scenario_84,5581452.172710547,-5200339.549725518,5200339.549725518,1.073286103597821
Rail,101013,scenario_85,5322456.183354151,-5200339.549725518,5200339.549725518,1.023482434648922
Rail,101013,scenario_86,7643145.929148736,-5200339.549725518,5200339.549725518,1.4697397845016014
Rail,101013,scenario_87,6916123.506768535,-5200339.549725518,5200339.549725518,1.329936909049252
Rail,101013,scenario_88,5327052.291747307,-5200339.549725518,5200339.549725518,1.0243662439366057
Rail,101013,scenario_89,5711472.564704958,-5200339.549725518,5200339.549725518,1.0982883925351412
Rail,101013,scenario_9,8287177.516288445,-5200339.549725518,5200339.549725518,1.593583926019957
Rail,101013,scenario_90,5788066.619030168,-5200339.549725518,5200339.549725518,1.1130170566142497
Rail,101013,scenario_91,7767866.855117456,-5200339.549725518,5200339.549725518,1.4937230118997626
Rail,101013,scenario_92,5618343.665326826,-5200339.549725518,5200339.549725518,1.0803801581808965
Rail,101013,scenario_93,6069145.513125677,-5200339.549725518,5200339.549725518,1.167067160729152
Rail,101013,scenario_94,11018261.198960314,-5200339.549725518,5200339.549725518,2.1187580337022176
Rail,101013,scenario_95,8679097.26961788,-5200339.549725518,5200339.549725518,1.6689481882151285
Rail,101013,scenario_96,8475843.459542228,-5200339.549725518,5200339.549725518,1.6298634692016594
Rail,101013,scenario_97,9652158.226828909,-5200339.549725518,5200339.549725518,1.856063077138562
Rail,101013,scenario_98,8283809.282060452,-5200339.549725518,5200339.549725518,1.5929362309616273
Rail,101013,scenario_99,9914782.159223337,-5200339.549725518,5200339.549725518,1.9065643818866895
Rail,101014,scenario_1,7619609.425403221,-6347134.164328245,6347134.164328245,1.2004802841928974
Rail,101014,scenario_10,7534720.9825118575,-6347134.164328245,6347134.164328245,1.1871059894807345
Rail,101014,scenario_100,4603865.036551652,-6347134.164328245,6347134.164328245,0.7253454736195742
Rail,101014,scenario_11,5777660.570904324,-6347134.164328245,6347134.164328245,0.9102786267502521
Rail,101014,scenario_12,9350359.50980432,-6347134.164328245,6347134.164328245,1.473162417513499
Rail,101014,scenario_13,5936807.094622215,-6347134.164328245,6347134.164328245,0.9353523875370204
Rail,101014,scenario_14,6524631.068583082,-6347134.164328245,6347134.164328245,1.0279648892964
Rail,101014,scenario_15,4535447.663812631,-6347134.164328245,6347134.164328245,0.714566219397482
Rail,101014,scenario_16,7039679.593505612,-6347134.164328245,6347134.164328245,1.1091115157246187
Rail,101014,scenario_17,7118414.468917901,-6347134.164328245,6347134.164328245,1.1215163071428922
Rail,101014,scenario_18,3747368.5662938375,-6347134.164328245,6347134.164328245,0.5904032385756957
Rail,101014,scenario_19,5670845.5638356935,-6347134.164328245,6347134.164328245,0.8934497707180376
Rail,101014,scenario_2,3750159.350676436,-6347134.164328245,6347134.164328245,0.590842930617859
Rail,101014,scenario_20,8020084.832211429,-6347134.164328245,6347134.164328245,1.2635757531777716
Rail,101014,scenario_21,7209445.089436251,-6347134.164328245,6347134.164328245,1.1358583106615754
Rail,101014,scenario_22,5909163.765228518,-6347134.164328245,6347134.164328245,0.9309971417397823
Rail,101014,scenario_23,4039270.8671056335,-6347134.164328245,6347134.164328245,0.6363928605459269
Rail,101014,scenario_24,7646164.524410989,-6347134.164328245,6347134.164328245,1.2046640777476345
Rail,101014,scenario_25,5995346.927353707,-6347134.164328245,6347134.164328245,0.9445754213056295
Rail,101014,scenario_26,3695716.553330401,-6347134.164328245,6347134.164328245,0.5822653905916829
Rail,101014,scenario_27,5304129.675012703,-6347134.164328245,6347134.164328245,0.8356731617274819
Rail,101014,scenario_28,2683920.310633495,-6347134.164328245,6347134.164328245,0.42285545588708223
Rail,101014,scenario_29,6726254.942352666,-6347134.164328245,6347134.164328245,1.0597310168981664
Rail,101014,scenario_3,6392429.930999212,-6347134.164328245,6347134.164328245,1.0071364123552855
Rail,101014,scenario_30,6131122.400016898,-6347134.164328245,6347134.164328245,0.9659670398137536
Rail,101014,scenario_31,6984711.782964269,-6347134.164328245,6347134.164328245,1.1004512591240463
Rail,101014,scenario_32,7386947.764721538,-6347134.164328245,6347134.164328245,1.1638241091920172
Rail,101014,scenario_33,5301349.806878144,-6347134.164328245,6347134.164328245,0.8352351895556972
Rail,101014,scenario_34,8598190.299579144,-6347134.164328245,6347134.164328245,1.3546570904239175
Rail,101014,scenario_35,7033084.248499567,-6347134.164328245,6347134.164328245,1.1080724097540673
Rail,101014,scenario_36,5928516.69505032,-6347134.164328245,6347134.164328245,0.9340462233127806
Rail,101014,scenario_37,8572100.04070016,-6347134.164328245,6347134.164328245,1.3505465330915052
Rail,101014,scenario_38,6748318.043099009,-6347134.164328245,6347134.164328245,1.063207089748547
Rail,101014,scenario_39,6002016.079503607,-6347134.164328245,6347134.164328245,0.9456261556964954
Rail,101014,scenario_4,4621518.201908059,-6347134.164328245,6347134.164328245,0.7281267548875237
Rail,101014,scenario_40,6948812.856119986,-6347134.164328245,6347134.164328245,1.0947953322261967
Rail,101014,scenario_41,7571177.87140046,-6347134.164328245,6347134.164328245,1.1928498240909269
Rail,101014,scenario_42,8734250.498802353,-6347134.164328245,6347134.164328245,1.3760935680058608
Rail,101014,scenario_43,6163988.274536921,-6347134.164328245,6347134.164328245,0.9711451050112302
Rail,101014,scenario_44,7269751.272982118,-6347134.164328245,6347134.164328245,1.1453596355090625
Rail,101014,scenario_45,6105057.8225658275,-6347134.164328245,6347134.164328245,0.9618605286267746
Rail,101014,scenario_46,6787308.8598249415,-6347134.164328245,6347134.164328245,1.0693501482874803
Rail,101014,scenario_47,4419489.797672929,-6347134.164328245,6347134.164328245,0.69629689293651
Rail,101014,scenario_48,5031599.350259702,-6347134.164328245,6347134.164328245,0.7927356220919313
Rail,101014,scenario_49,6320835.338374722,-6347134.164328245,6347134.164328245,0.9958565826288458
Rail,101014,scenario_5,6730693.453351711,-6347134.164328245,6347134.164328245,1.0604303106083877
Rail,101014,scenario_50,6355688.957902046,-6347134.164328245,6347134.164328245,1.0013478198746577
Rail,101014,scenario_51,6548407.464159083,-6347134.164328245,6347134.164328245,1.031710894179931
Rail,101014,scenario_52,9243703.31869726,-6347134.164328245,6347134.164328245,1.4563585831615355
Rail,101014,scenario_53,8169637.819231776,-6347134.164328245,6347134.164328245,1.2871380386358064
Rail,101014,scenario_54,9721002.970267812,-6347134.164328245,6347134.164328245,1.5315578209928453
Rail,101014,scenario_55,6258673.396759177,-6347134.164328245,6347134.164328245,0.9860628804624565
Rail,101014,scenario_56,7306606.000416664,-6347134.164328245,6347134.164328245,1.1511661501470665
Rail,101014,scenario_57,5429238.495623814,-6347134.164328245,6347134.164328245,0.8553842340590294
Rail,101014,scenario_58,5605456.648874121,-6347134.164328245,6347134.164328245,0.883147654318944
Rail,101014,scenario_59,4952632.22532499,-6347134.164328245,6347134.164328245,0.7802942394316249
Rail,101014,scenario_6,5862188.998464978,-6347134.164328245,6347134.164328245,0.9235962005358694
Rail,101014,scenario_60,5662984.60638351,-6347134.164328245,6347134.164328245,0.8922112657095309
Rail,101014,scenario_61,5424616.8616043525,-6347134.164328245,6347134.164328245,0.8546560890569219
Rail,101014,scenario_62,6112122.85941747,-6347134.164328245,6347134.164328245,0.962973635214524
Rail,101014,scenario_63,8412126.64804451,-6347134.164328245,6347134.164328245,1.3253424979295068
Rail,101014,scenario_64,7646537.598704801,-6347134.164328245,6347134.164328245,1.2047228561323595
Rail,101014,scenario_65,5267294.4984380985,-6347134.164328245,6347134.164328245,0.8298697273552224
Rail,101014,scenario_66,5145078.010191942,-6347134.164328245,6347134.164328245,0.8106143460946481
Rail,101014,scenario_67,7415648.19497949,-6347134.164328245,6347134.164328245,1.1683459027314151
Rail,101014,scenario_68,4113598.0560727306,-6347134.164328245,6347134.164328245,0.648103214706207
Rail,101014,scenario_69,3869484.991793097,-6347134.164328245,6347134.164328245,0.6096428548084153
Rail,101014,scenario_7,7949080.2524680225,-6347134.164328245,6347134.164328245,1.2523888808185166
Rail,101014,scenario_70,4526449.226434192,-6347134.164328245,6347134.164328245,0.7131485028114657
Rail,101014,scenario_71,6363033.576118743,-6347134.164328245,6347134.164328245,1.002504974903454
Rail,101014,scenario_72,3471546.080352793,-6347134.164328245,6347134.164328245,0.5469470142703698
Rail,101014,scenario_73,3456943.4429691825,-6347134.164328245,6347134.164328245,0.5446463480160343
Rail,101014,scenario_74,6885764.665086749,-6347134.164328245,6347134.164328245,1.0848620002056488
Rail,101014,scenario_75,6179221.596468841,-6347134.164328245,6347134.164328245,0.9735451365116723
Rail,101014,scenario_76,5567777.220924574,-6347134.164328245,6347134.164328245,0.8772112069437947
Rail,101014,scenario_77,7031686.408135344,-6347134.164328245,6347134.164328245,1.1078521780198654
Rail,101014,scenario_78,9608644.175935796,-6347134.164328245,6347134.164328245,1.513855533405561
Rail,101014,scenario_79,7199651.945089527,-6347134.164328245,6347134.164328245,1.134315386864287
Rail,101014,scenario_8,5240103.052922757,-6347134.164328245,6347134.164328245,0.8255856765046573
Rail,101014,scenario_80,11927086.662046123,-6347134.164328245,6347134.164328245,1.8791294390904745
Rail,101014,scenario_81,6452343.136420144,-6347134.164328245,6347134.164328245,1.0165758229411925
Rail,101014,scenario_82,7808692.551822611,-6347134.164328245,6347134.164328245,1.2302705992428082
Rail,101014,scenario_83,5656543.762345613,-6347134.164328245,6347134.164328245,0.8911965015858899
Rail,101014,scenario_84,5758017.749612408,-6347134.164328245,6347134.164328245,0.907183872364515
Rail,101014,scenario_85,5478490.37889917,-6347134.164328245,6347134.164328245,0.8631439382026976
Rail,101014,scenario_86,7877532.523994638,-6347134.164328245,6347134.164328245,1.241116434605627
Rail,101014,scenario_87,7154923.738146232,-6347134.164328245,6347134.164328245,1.1272683943499846
Rail,101014,scenario_88,5492115.59447305,-6347134.164328245,6347134.164328245,0.8652906102630513
Rail,101014,scenario_89,5891144.5015985565,-6347134.164328245,6347134.164328245,0.928158181169005
Rail,101014,scenario_9,8562816.293329434,-6347134.164328245,6347134.164328245,1.3490838655110873
Rail,101014,scenario_90,5973527.0525212325,-6347134.164328245,6347134.164328245,0.94113766904334
Rail,101014,scenario_91,8035261.997267906,-6347134.164328245,6347134.164328245,1.2659669370827495
Rail,101014,scenario_92,5799342.445644594,-6347134.164328245,6347134.164328245,0.9136946369020659
Rail,101014,scenario_93,6260862.777144356,-6347134.164328245,6347134.164328245,0.9864078204508822
Rail,101014,scenario_94,11378053.75004474,-6347134.164328245,6347134.164328245,1.7926285242229392
Rail,101014,scenario_95,8963548.355743155,-6347134.164328245,6347134.164328245,1.41221977095104
Rail,101014,scenario_96,8747501.526166223,-6347134.164328245,6347134.164328245,1.378181286182411
Rail,101014,scenario_97,9971777.27519212,-6347134.164328245,6347134.164328245,1.5710676688126208
Rail,101014,scenario_98,8549150.70656193,-6347134.164328245,6347134.164328245,1.3469308329118543
Rail,101014,scenario_99,10230961.237389866,-6347134.164328245,6347134.164328245,1.6119024700768507
Rail,101015,scenario_1,4967661.765207952,-4963588.781532466,4963588.781532466,1.000820572342866
Rail,101015,scenario_10,4819579.110796125,-4963588.781532466,4963588.781532466,0.9709867845474741
Rail,101015,scenario_100,3099751.8446679497,-4963588.781532466,4963588.781532466,0.6244981164033753
Rail,101015,scenario_11,3801692.652978316,-4963588.781532466,4963588.781532466,0.7659161184187735
Rail,101015,scenario_12,5927487.937070939,-4963588.781532466,4963588.781532466,1.1941939991331991
Rail,101015,scenario_13,4017459.703573549,-4963588.781532466,4963588.781532466,0.8093860874456228
Rail,101015,scenario_14,4315021.054166862,-4963588.781532466,4963588.781532466,0.8693349195689485
Rail,101015,scenario_15,3113567.111821709,-4963588.781532466,4963588.781532466,0.6272814386651147
Rail,101015,scenario_16,4672967.563110301,-4963588.781532466,4963588.781532466,0.9414493764061498
Rail,101015,scenario_17,4581846.043453173,-4963588.781532466,4963588.781532466,0.9230913851083704
Rail,101015,scenario_18,2656891.224697009,-4963588.781532466,4963588.781532466,0.5352762570868564
Rail,101015,scenario_19,3633355.2156471713,-4963588.781532466,4963588.781532466,0.7320016575840119
Rail,101015,scenario_2,2567554.839580261,-4963588.781532466,4963588.781532466,0.5172779117265129
Rail,101015,scenario_20,5229668.651106642,-4963588.781532466,4963588.781532466,1.0536063484074571
Rail,101015,scenario_21,4669416.529330774,-4963588.781532466,4963588.781532466,0.9407339598122653
Rail,101015,scenario_22,3964586.587406596,-4963588.781532466,4963588.781532466,0.7987338923315407
Rail,101015,scenario_23,2735567.081897553,-4963588.781532466,4963588.781532466,0.5511268564542467
Rail,101015,scenario_24,4957286.196525004,-4963588.781532466,4963588.781532466,0.9987302362695895
Rail,101015,scenario_25,3970760.733382823,-4963588.781532466,4963588.781532466,0.7999777798185941
Rail,101015,scenario_26,2612723.8244986148,-4963588.781532466,4963588.781532466,0.5263779776075564
Rail,101015,scenario_27,3633641.2859944263,-4963588.781532466,4963588.781532466,0.7320592913566402
Rail,101015,scenario_28,1928345.786286095,-4963588.781532466,4963588.781532466,0.38849829652704115
Rail,101015,scenario_29,4487089.659825007,-4963588.781532466,4963588.781532466,0.9040010881883845
Rail,101015,scenario_3,4237129.592382526,-4963588.781532466,4963588.781532466,0.8536423500970094
Rail,101015,scenario_30,4046802.060869402,-4963588.781532466,4963588.781532466,0.8152976080383487
Rail,101015,scenario_31,4651548.991960618,-4963588.781532466,4963588.781532466,0.9371342382888719
Rail,101015,scenario_32,4817103.15430932,-4963588.781532466,4963588.781532466,0.9704879606932466
Rail,101015,scenario_33,3509735.9141585776,-4963588.781532466,4963588.781532466,0.7070964313596857
Rail,101015,scenario_34,5570356.814776316,-4963588.781532466,4963588.781532466,1.1222438159062234
Rail,101015,scenario_35,4630648.3027736815,-4963588.781532466,4963588.781532466,0.9329234363657353
Rail,101015,scenario_36,3894779.800269903,-4963588.781532466,4963588.781532466,0.7846701190801351
Rail,101015,scenario_37,5477713.109006154,-4963588.781532466,4963588.781532466,1.1035791541367286
Rail,101015,scenario_38,4420193.61946878,-4963588.781532466,4963588.781532466,0.890523734745021
Rail,101015,scenario_39,4032021.964074662,-4963588.781532466,4963588.781532466,0.812319904315242
Rail,101015,scenario_4,3097414.3813670585,-4963588.781532466,4963588.781532466,0.62402719437422
Rail,101015,scenario_40,4759381.784266116,-4963588.781532466,4963588.781532466,0.9588590017718384
Rail,101015,scenario_41,4935517.568768487,-4963588.781532466,4963588.781532466,0.9943445732514303
Rail,101015,scenario_42,5560490.9758366,-4963588.781532466,4963588.781532466,1.1202561736227965
Rail,101015,scenario_43,4155352.502179282,-4963588.781532466,4963588.781532466,0.8371669542085538
Rail,101015,scenario_44,4770316.947997462,-4963588.781532466,4963588.781532466,0.9610620778550206
Rail,101015,scenario_45,4031229.1356796897,-4963588.781532466,4963588.781532466,0.8121601754517387
Rail,101015,scenario_46,4463614.605021238,-4963588.781532466,4963588.781532466,0.8992716362057565
Rail,101015,scenario_47,3038049.541889774,-4963588.781532466,4963588.781532466,0.6120671303781539
Rail,101015,scenario_48,3336248.066756666,-4963588.781532466,4963588.781532466,0.6721443321754441
Rail,101015,scenario_49,4214792.351086056,-4963588.781532466,4963588.781532466,0.8491421301393091
Rail,101015,scenario_5,4520896.975305672,-4963588.781532466,4963588.781532466,0.9108121511044843
Rail,101015,scenario_50,4170273.8157578753,-4963588.781532466,4963588.781532466,0.8401731084722007
Rail,101015,scenario_51,4296574.839657855,-4963588.781532466,4963588.781532466,0.865618613621599
Rail,101015,scenario_52,5910807.415142844,-4963588.781532466,4963588.781532466,1.1908334222074561
Rail,101015,scenario_53,5375646.0843799375,-4963588.781532466,4963588.781532466,1.0830160033362497
Rail,101015,scenario_54,6238566.139338751,-4963588.781532466,4963588.781532466,1.2568660326072876
Rail,101015,scenario_55,4161596.285139838,-4963588.781532466,4963588.781532466,0.8384248712591739
Rail,101015,scenario_56,4858905.033034457,-4963588.781532466,4963588.781532466,0.9789096653438545
Rail,101015,scenario_57,3665482.349022103,-4963588.781532466,4963588.781532466,0.7384742190287601
Rail,101015,scenario_58,3682938.321210734,-4963588.781532466,4963588.781532466,0.741991023695089
Rail,101015,scenario_59,3283431.5625770297,-4963588.781532466,4963588.781532466,0.6615035425161263
Rail,101015,scenario_6,3898452.356465806,-4963588.781532466,4963588.781532466,0.7854100184468125
Rail,101015,scenario_60,3921943.57120538,-4963588.781532466,4963588.781532466,0.7901427261253727
Rail,101015,scenario_61,3603905.1593112433,-4963588.781532466,4963588.781532466,0.7260684391744813
Rail,101015,scenario_62,3986690.437781594,-4963588.781532466,4963588.781532466,0.8031870916894805
Rail,101015,scenario_63,5498744.385153401,-4963588.781532466,4963588.781532466,1.1078162650403343
Rail,101015,scenario_64,4974590.626799379,-4963588.781532466,4963588.781532466,1.0022165102209606
Rail,101015,scenario_65,3502953.7090453375,-4963588.781532466,4963588.781532466,0.7057300399417515
Rail,101015,scenario_66,3398677.9182722424,-4963588.781532466,4963588.781532466,0.6847218953587305
Rail,101015,scenario_67,4833247.769852025,-4963588.781532466,4963588.781532466,0.973740570096099
Rail,101015,scenario_68,2810087.64115614,-4963588.781532466,4963588.781532466,0.56614029985952
Rail,101015,scenario_69,2707579.593272257,-4963588.781532466,4963588.781532466,0.5454882973678401
Rail,101015,scenario_7,5263761.85568851,-4963588.781532466,4963588.781532466,1.060475008581063
Rail,101015,scenario_70,3062897.388571781,-4963588.781532466,4963588.781532466,0.6170731548043625
Rail,101015,scenario_71,4273315.377167141,-4963588.781532466,4963588.781532466,0.8609325964041266
Rail,101015,scenario_72,2456002.8385096244,-4963588.781532466,4963588.781532466,0.4948038499175095
Rail,101015,scenario_73,2375453.1732005966,-4963588.781532466,4963588.781532466,0.47857573980316626
Rail,101015,scenario_74,4532536.360552795,-4963588.781532466,4963588.781532466,0.913157104677276
Rail,101015,scenario_75,4094103.996644172,-4963588.781532466,4963588.781532466,0.8248273934127459
Rail,101015,scenario_76,3749418.451850893,-4963588.781532466,4963588.781532466,0.7553845850004705
Rail,101015,scenario_77,4601284.59785895,-4963588.781532466,4963588.781532466,0.9270076149294425
Rail,101015,scenario_78,6108858.674300754,-4963588.781532466,4963588.781532466,1.2307342415289075
Rail,101015,scenario_79,4642174.905192448,-4963588.781532466,4963588.781532466,0.9352456679054737
Rail,101015,scenario_8,3553917.3131063664,-4963588.781532466,4963588.781532466,0.7159975311268885
Rail,101015,scenario_80,7519921.048451716,-4963588.781532466,4963588.781532466,1.5150169321903422
Rail,101015,scenario_81,4307712.964226691,-4963588.781532466,4963588.781532466,0.8678625796427722
Rail,101015,scenario_82,5088819.27558645,-4963588.781532466,4963588.781532466,1.0252298285707946
Rail,101015,scenario_83,3772665.36327424,-4963588.781532466,4963588.781532466,0.7600680735903874
Rail,101015,scenario_84,3703090.135356375,-4963588.781532466,4963588.781532466,0.7460509519108626
Rail,101015,scenario_85,3721756.7807031497,-4963588.781532466,4963588.781532466,0.7498116674270685
Rail,101015,scenario_86,5130908.331051763,-4963588.781532466,4963588.781532466,1.0337093898958403
Rail,101015,scenario_87,4689419.72822084,-4963588.781532466,4963588.781532466,0.9447639469386142
Rail,101015,scenario_88,3718396.5149838184,-4963588.781532466,4963588.781532466,0.7491346843272932
Rail,101015,scenario_89,3984537.813056261,-4963588.781532466,4963588.781532466,0.8027534085581659
Rail,101015,scenario_9,5598937.891673784,-4963588.781532466,4963588.781532466,1.1280019635198624
Rail,101015,scenario_90,3879976.6979385344,-4963588.781532466,4963588.781532466,0.7816877804975263
Rail,101015,scenario_91,5078932.892604856,-4963588.781532466,4963588.781532466,1.0232380473381555
Rail,101015,scenario_92,3918360.229786272,-4963588.781532466,4963588.781532466,0.7894208006039758
Rail,101015,scenario_93,4198711.0543947555,-4963588.781532466,4963588.781532466,0.8459022774038986
Rail,101015,scenario_94,7120728.718299992,-4963588.781532466,4963588.781532466,1.4345927980161013
Rail,101015,scenario_95,5743560.645105724,-4963588.781532466,4963588.781532466,1.1571386949852136
Rail,101015,scenario_96,5798153.616134727,-4963588.781532466,4963588.781532466,1.168137384327111
Rail,101015,scenario_97,6346569.456257682,-4963588.781532466,4963588.781532466,1.2786251511951867
Rail,101015,scenario_98,5472045.761812403,-4963588.781532466,4963588.781532466,1.1024373699472652
Rail,101015,scenario_99,6458975.149256473,-4963588.781532466,4963588.781532466,1.3012712038692131
Rail,101016,scenario_1,12618586.872610155,-3465799.7699635723,3465799.7699635723,3.6408874459423215
Rail,101016,scenario_10,12500811.043928888,-3465799.7699635723,3465799.7699635723,3.6069051513787476
Rail,101016,scenario_100,7622244.656164506,-3465799.7699635723,3465799.7699635723,2.1992743845801055
Rail,101016,scenario_11,9563107.518303083,-3465799.7699635723,3465799.7699635723,2.759278709976831
Rail,101016,scenario_12,15495377.628391806,-3465799.7699635723,3465799.7699635723,4.470938501030218
Rail,101016,scenario_13,9829026.58963534,-3465799.7699635723,3465799.7699635723,2.836005321143711
Rail,101016,scenario_14,10809208.331190528,-3465799.7699635723,3465799.7699635723,3.118820776915263
Rail,101016,scenario_15,7503657.9055319885,-3465799.7699635723,3465799.7699635723,2.1650581117128
Rail,101016,scenario_16,11670583.18881062,-3465799.7699635723,3465799.7699635723,3.367356443945198
Rail,101016,scenario_17,11799543.517053455,-3465799.7699635723,3465799.7699635723,3.404565843449599
Rail,101016,scenario_18,6198888.623412907,-3465799.7699635723,3465799.7699635723,1.7885882147998589
Rail,101016,scenario_19,9388504.901626175,-3465799.7699635723,3465799.7699635723,2.7088999725234717
Rail,101016,scenario_2,6207880.574052276,-3465799.7699635723,3465799.7699635723,1.7911826955073993
Rail,101016,scenario_20,13283024.765418712,-3465799.7699635723,3465799.7699635723,3.8326001636148543
Rail,101016,scenario_21,11944173.90062146,-3465799.7699635723,3465799.7699635723,3.446296581855622
Rail,101016,scenario_22,9779099.158233318,-3465799.7699635723,3465799.7699635723,2.821599575077617
Rail,101016,scenario_23,6678558.678652627,-3465799.7699635723,3465799.7699635723,1.9269891863149449
Rail,101016,scenario_24,12671792.203531768,-3465799.7699635723,3465799.7699635723,3.65623897645563
Rail,101016,scenario_25,9922983.90579818,-3465799.7699635723,3465799.7699635723,2.863115172375488
Rail,101016,scenario_26,6114348.305026747,-3465799.7699635723,3465799.7699635723,1.7641954846950125
Rail,101016,scenario_27,8786826.552899372,-3465799.7699635723,3465799.7699635723,2.5352954977522337
Rail,101016,scenario_28,4433184.594012578,-3465799.7699635723,3465799.7699635723,1.2791231139296815
Rail,101016,scenario_29,11129688.390013918,-3465799.7699635723,3465799.7699635723,3.2112900711892247
Rail,101016,scenario_3,10594701.769008026,-3465799.7699635723,3465799.7699635723,3.056928406778497
Rail,101016,scenario_30,10156192.57945148,-3465799.7699635723,3465799.7699635723,2.9304037317649856
Rail,101016,scenario_31,11577522.747607091,-3465799.7699635723,3465799.7699635723,3.3405053713558237
Rail,101016,scenario_32,12254591.067583373,-3465799.7699635723,3465799.7699635723,3.5358623927983515
Rail,101016,scenario_33,8780106.385216454,-3465799.7699635723,3465799.7699635723,2.533356502966338
Rail,101016,scenario_34,14256314.048111234,-3465799.7699635723,3465799.7699635723,4.113426912790486
Rail,101016,scenario_35,11663261.17139747,-3465799.7699635723,3465799.7699635723,3.365243795235193
Rail,101016,scenario_36,9828494.24445145,-3465799.7699635723,3465799.7699635723,2.835851721622901
Rail,101016,scenario_37,14204601.161034549,-3465799.7699635723,3465799.7699635723,4.09850600260841
Rail,101016,scenario_38,11182912.246321289,-3465799.7699635723,3465799.7699635723,3.2266469469004635
Rail,101016,scenario_39,9946035.50584774,-3465799.7699635723,3465799.7699635723,2.869766335621945
Rail,101016,scenario_4,7650002.926778835,-3465799.7699635723,3465799.7699635723,2.207283580857079
Rail,101016,scenario_40,11507746.742505904,-3465799.7699635723,3465799.7699635723,3.32037264305862
Rail,101016,scenario_41,12541890.950502576,-3465799.7699635723,3465799.7699635723,3.6187580884496393
Rail,101016,scenario_42,14479911.07308155,-3465799.7699635723,3465799.7699635723,4.177942187708594
Rail,101016,scenario_43,10229321.390922943,-3465799.7699635723,3465799.7699635723,2.951503857659515
Rail,101016,scenario_44,12039518.79458586,-3465799.7699635723,3465799.7699635723,3.473806796032075
Rail,101016,scenario_45,10108217.123707078,-3465799.7699635723,3465799.7699635723,2.916561196440186
Rail,101016,scenario_46,11253403.324292844,-3465799.7699635723,3465799.7699635723,3.24698599781231
Rail,101016,scenario_47,7313968.861110511,-3465799.7699635723,3465799.7699635723,2.1103264315778363
Rail,101016,scenario_48,8330125.357970075,-3465799.7699635723,3465799.7699635723,2.4035218162812764
Rail,101016,scenario_49,10465180.185452722,-3465799.7699635723,3465799.7699635723,3.0195570662071796
Rail,101016,scenario_5,11159921.217813946,-3465799.7699635723,3465799.7699635723,3.220013260584654
Rail,101016,scenario_50,10531722.73903167,-3465799.7699635723,3465799.7699635723,3.038756834801904
Rail,101016,scenario_51,10854633.525826512,-3465799.7699635723,3465799.7699635723,3.131927475989359
Rail,101016,scenario_52,15314296.465178557,-3465799.7699635723,3465799.7699635723,4.418690484632215
Rail,101016,scenario_53,13551094.693505524,-3465799.7699635723,3465799.7699635723,3.9099473694200038
Rail,101016,scenario_54,16110484.727178428,-3465799.7699635723,3465799.7699635723,4.64841762262214
Rail,101016,scenario_55,10367876.832884068,-3465799.7699635723,3465799.7699635723,2.9914817707409105
Rail,101016,scenario_56,12110396.005976796,-3465799.7699635723,3465799.7699635723,3.494257259444646
Rail,101016,scenario_57,8993574.424029758,-3465799.7699635723,3465799.7699635723,2.594949224122167
Rail,101016,scenario_58,9280166.05739637,-3465799.7699635723,3465799.7699635723,2.6776405659158757
Rail,101016,scenario_59,8179168.662446923,-3465799.7699635723,3465799.7699635723,2.3599657237362246
Rail,101016,scenario_6,9691706.74406713,-3465799.7699635723,3465799.7699635723,2.796383919250187
Rail,101016,scenario_60,9382961.141417757,-3465799.7699635723,3465799.7699635723,2.707300410928349
Rail,101016,scenario_61,8978426.8693341,-3465799.7699635723,3465799.7699635723,2.5905786442557437
Rail,101016,scenario_62,10136749.3287445,-3465799.7699635723,3465799.7699635723,2.924793698872871
Rail,101016,scenario_63,13942136.609438747,-3465799.7699635723,3465799.7699635723,4.022776136771827
Rail,101016,scenario_64,12678396.225516504,-3465799.7699635723,3465799.7699635723,3.6581444592945314
Rail,101016,scenario_65,8721783.094227673,-3465799.7699635723,3465799.7699635723,2.5165282685443033
Rail,101016,scenario_66,8517656.273863278,-3465799.7699635723,3465799.7699635723,2.4576308036262593
Rail,101016,scenario_67,12294558.437221857,-3465799.7699635723,3465799.7699635723,3.5473943254809206
Rail,101016,scenario_68,6806436.998770509,-3465799.7699635723,3465799.7699635723,1.963886390021328
Rail,101016,scenario_69,6397875.216979803,-3465799.7699635723,3465799.7699635723,1.8460025511072868
Rail,101016,scenario_7,13186122.248106277,-3465799.7699635723,3465799.7699635723,3.8046405226245574
Rail,101016,scenario_70,7488376.862303181,-3465799.7699635723,3465799.7699635723,2.1606490159071967
Rail,101016,scenario_71,10540567.708296591,-3465799.7699635723,3465799.7699635723,3.0413089064309617
Rail,101016,scenario_72,5741064.123169926,-3465799.7699635723,3465799.7699635723,1.65649042190059
Rail,101016,scenario_73,5720406.142450712,-3465799.7699635723,3465799.7699635723,1.6505298984744399
Rail,101016,scenario_74,11403235.64865906,-3465799.7699635723,3465799.7699635723,3.2902176713973628
Rail,101016,scenario_75,10236070.018026557,-3465799.7699635723,3465799.7699635723,2.9534510639471088
Rail,101016,scenario_76,9226854.934305107,-3465799.7699635723,3465799.7699635723,2.6622585107973755
Rail,101016,scenario_77,11651342.799387606,-3465799.7699635723,3465799.7699635723,3.3618049433681128
Rail,101016,scenario_78,15924338.852524608,-3465799.7699635723,3465799.7699635723,4.594708266338186
Rail,101016,scenario_79,11927104.336453669,-3465799.7699635723,3465799.7699635723,3.4413714375020086
Rail,101016,scenario_8,8676936.499684125,-3465799.7699635723,3465799.7699635723,2.503588515090508
Rail,101016,scenario_80,19786452.21450435,-3465799.7699635723,3465799.7699635723,5.7090580898481385
Rail,101016,scenario_81,10674270.156571897,-3465799.7699635723,3465799.7699635723,3.079886567331641
Rail,101016,scenario_82,12942362.752153024,-3465799.7699635723,3465799.7699635723,3.734307695533449
Rail,101016,scenario_83,9373453.826966727,-3465799.7699635723,3465799.7699635723,2.7045572303980063
Rail,101016,scenario_84,9538726.498164274,-3465799.7699635723,3465799.7699635723,2.752243964245093
Rail,101016,scenario_85,9064588.12040945,-3465799.7699635723,3465799.7699635723,2.615439068052314
Rail,101016,scenario_86,13043554.439207245,-3465799.7699635723,3465799.7699635723,3.763504906500799
Rail,101016,scenario_87,11871954.262879912,-3465799.7699635723,3465799.7699635723,3.4254587832131724
Rail,101016,scenario_88,9095584.495869854,-3465799.7699635723,3465799.7699635723,2.6243825666724696
Rail,101016,scenario_89,9758418.879823556,-3465799.7699635723,3465799.7699635723,2.8156326180165117
Rail,101016,scenario_9,14198349.503817502,-3465799.7699635723,3465799.7699635723,4.096702188876519
Rail,101016,scenario_90,9898012.998792917,-3465799.7699635723,3465799.7699635723,2.855910224408882
Rail,101016,scenario_91,13332137.461046357,-3465799.7699635723,3465799.7699635723,3.846770830960753
Rail,101016,scenario_92,9610413.322256168,-3465799.7699635723,3465799.7699635723,2.7729280281985766
Rail,101016,scenario_93,10371741.011155764,-3465799.7699635723,3465799.7699635723,2.9925967163604428
Rail,101016,scenario_94,18859445.35912923,-3465799.7699635723,3465799.7699635723,5.441585380256245
Rail,101016,scenario_95,14858353.71980851,-3465799.7699635723,3465799.7699635723,4.287135641412049
Rail,101016,scenario_96,14494819.270347318,-3465799.7699635723,3465799.7699635723,4.182243704892296
Rail,101016,scenario_97,16532762.325236784,-3465799.7699635723,3465799.7699635723,4.770258936629381
Rail,101016,scenario_98,14165339.144422786,-3465799.7699635723,3465799.7699635723,4.087177588038121
Rail,101016,scenario_99,16951456.21380007,-3465799.7699635723,3465799.7699635723,4.891066229708429
Rail,101017,scenario_1,4383798.240379096,-13977135.894180246,13977135.894180246,0.3136406681288981
Rail,101017,scenario_10,4317827.320026429,-13977135.894180246,13977135.894180246,0.3089207511979813
Rail,101017,scenario_100,2658254.8583072955,-13977135.894180246,13977135.894180246,0.19018594928408267
Rail,101017,scenario_11,3329145.1212868774,-13977135.894180246,13977135.894180246,0.23818507214150048
Rail,101017,scenario_12,5360454.411678985,-13977135.894180246,13977135.894180246,0.38351594005113404
Rail,101017,scenario_13,3429963.946647833,-13977135.894180246,13977135.894180246,0.2453981969278835
Rail,101017,scenario_14,3757761.802635592,-13977135.894180246,13977135.894180246,0.26885063085064775
Rail,101017,scenario_15,2626185.996898013,-13977135.894180246,13977135.894180246,0.18789156925858436
Rail,101017,scenario_16,4052782.7197324415,-13977135.894180246,13977135.894180246,0.28995802505003376
Rail,101017,scenario_17,4085845.806198673,-13977135.894180246,13977135.894180246,0.2923235373206841
Rail,101017,scenario_18,2177891.875216707,-13977135.894180246,13977135.894180246,0.1558181798978953
Rail,101017,scenario_19,3257919.555326921,-13977135.894180246,13977135.894180246,0.23308920940544356
Rail,101017,scenario_2,2169582.019617387,-13977135.894180246,13977135.894180246,0.15522364782335346
Rail,101017,scenario_20,4613760.298897736,-13977135.894180246,13977135.894180246,0.3300933992363055
Rail,101017,scenario_21,4143128.6523698578,-13977135.894180246,13977135.894180246,0.29642186237131457
Rail,101017,scenario_22,3412317.383892864,-13977135.894180246,13977135.894180246,0.24413566625718175
Rail,101017,scenario_23,2337186.7544529336,-13977135.894180246,13977135.894180246,0.16721499827629807
Rail,101017,scenario_24,4393104.844660193,-13977135.894180246,13977135.894180246,0.3143065130023798
Rail,101017,scenario_25,3456931.4392880034,-13977135.894180246,13977135.894180246,0.24732759740336996
Rail,101017,scenario_26,2146812.8260102356,-13977135.894180246,13977135.894180246,0.15359461639806468
Rail,101017,scenario_27,3066195.322056205,-13977135.894180246,13977135.894180246,0.2193722194067597
Rail,101017,scenario_28,1564630.6268781088,-13977135.894180246,13977135.894180246,0.11194214885823531
Rail,101017,scenario_29,3882566.773170484,-13977135.894180246,13977135.894180246,0.2777798543682397
Rail,101017,scenario_3,3680692.85357382,-13977135.894180246,13977135.894180246,0.263336700840576
Rail,101017,scenario_30,3530954.539898779,-13977135.894180246,13977135.894180246,0.2526236109193863
Rail,101017,scenario_31,4023414.2393532097,-13977135.894180246,13977135.894180246,0.2878568449082953
Rail,101017,scenario_32,4241851.334083506,-13977135.894180246,13977135.894180246,0.30348501768876085
Rail,101017,scenario_33,3054516.696391731,-13977135.894180246,13977135.894180246,0.21853666727698917
Rail,101017,scenario_34,4936937.019015449,-13977135.894180246,13977135.894180246,0.35321521207152856
Rail,101017,scenario_35,4044264.2424077983,-13977135.894180246,13977135.894180246,0.2893485670473974
Rail,101017,scenario_36,3409464.1935548917,-13977135.894180246,13977135.894180246,0.24393153356794028
Rail,101017,scenario_37,4918662.5901538655,-13977135.894180246,13977135.894180246,0.35190776045912825
Rail,101017,scenario_38,3881429.1795637696,-13977135.894180246,13977135.894180246,0.2776984647605742
Rail,101017,scenario_39,3461262.50941423,-13977135.894180246,13977135.894180246,0.24763746561664463
Rail,101017,scenario_4,2667838.132565892,-13977135.894180246,13977135.894180246,0.1908715886261589
Rail,101017,scenario_40,4018545.491750784,-13977135.894180246,13977135.894180246,0.2875085083363905
Rail,101017,scenario_41,4354437.353274459,-13977135.894180246,13977135.894180246,0.3115400312511482
Rail,101017,scenario_42,5007263.8699760595,-13977135.894180246,13977135.894180246,0.3582467758692228
Rail,101017,scenario_43,3550476.8053909205,-13977135.894180246,13977135.894180246,0.25402033952243797
Rail,101017,scenario_44,4185103.1784435273,-13977135.894180246,13977135.894180246,0.29942494729453883
Rail,101017,scenario_45,3517847.572267184,-13977135.894180246,13977135.894180246,0.2516858674695961
Rail,101017,scenario_46,3903228.0928976103,-13977135.894180246,13977135.894180246,0.27925807708021383
Rail,101017,scenario_47,2558657.22412202,-13977135.894180246,13977135.894180246,0.18306019512820115
Rail,101017,scenario_48,2900699.0187220746,-13977135.894180246,13977135.894180246,0.20753171756238403
Rail,101017,scenario_49,3645769.850846563,-13977135.894180246,13977135.894180246,0.2608381200875765
Rail,101017,scenario_5,3879146.55471265,-13977135.894180246,13977135.894180246,0.27753515341636165
Rail,101017,scenario_50,3656659.488240519,-13977135.894180246,13977135.894180246,0.2616172237234287
Rail,101017,scenario_51,3765930.7084569777,-13977135.894180246,13977135.894180246,0.2694350786147127
Rail,101017,scenario_52,5305388.347238135,-13977135.894180246,13977135.894180246,0.3795762155712584
Rail,101017,scenario_53,4696316.375976516,-13977135.894180246,13977135.894180246,0.33599990810219943
Rail,101017,scenario_54,5579335.703923346,-13977135.894180246,13977135.894180246,0.39917589312746476
Rail,101017,scenario_55,3606823.569500104,-13977135.894180246,13977135.894180246,0.2580516921926688
Rail,101017,scenario_56,4208328.4666487565,-13977135.894180246,13977135.894180246,0.301086610197516
Rail,101017,scenario_57,3134020.02500362,-13977135.894180246,13977135.894180246,0.2242247659843211
Rail,101017,scenario_58,3228570.438057067,-13977135.894180246,13977135.894180246,0.23098941460541772
Rail,101017,scenario_59,2862850.155039102,-13977135.894180246,13977135.894180246,0.20482380487057625
Rail,101017,scenario_6,3385974.8763081715,-13977135.894180246,13977135.894180246,0.2422509805973921
Rail,101017,scenario_60,3276705.103284634,-13977135.894180246,13977135.894180246,0.23443322924612744
Rail,101017,scenario_61,3128815.6321085333,-13977135.894180246,13977135.894180246,0.22385241553037338
Rail,101017,scenario_62,3510960.6221319875,-13977135.894180246,13977135.894180246,0.25119313775820623
Rail,101017,scenario_63,4836788.665048019,-13977135.894180246,13977135.894180246,0.3460500564398136
Rail,101017,scenario_64,4392427.659185641,-13977135.894180246,13977135.894180246,0.3142580634859926
Rail,101017,scenario_65,3037140.4208116457,-13977135.894180246,13977135.894180246,0.21729347441461452
Rail,101017,scenario_66,2965161.690404613,-13977135.894180246,13977135.894180246,0.21214372621498495
Rail,101017,scenario_67,4261167.0969670275,-13977135.894180246,13977135.894180246,0.3048669719768038
Rail,101017,scenario_68,2380493.083649798,-13977135.894180246,13977135.894180246,0.17031336760780724
Rail,101017,scenario_69,2246814.173782053,-13977135.894180246,13977135.894180246,0.16074925441038132
Rail,101017,scenario_7,4572144.189564009,-13977135.894180246,13977135.894180246,0.32711595738778954
Rail,101017,scenario_70,2617122.361126648,-13977135.894180246,13977135.894180246,0.1872431076681709
Rail,101017,scenario_71,3670847.232392956,-13977135.894180246,13977135.894180246,0.262632291778848
Rail,101017,scenario_72,2017720.175160143,-13977135.894180246,13977135.894180246,0.14435862900927185
Rail,101017,scenario_73,2001516.945416384,-13977135.894180246,13977135.894180246,0.1431993621990732
Rail,101017,scenario_74,3965594.2643554336,-13977135.894180246,13977135.894180246,0.28372009075239907
Rail,101017,scenario_75,3559849.722257314,-13977135.894180246,13977135.894180246,0.25469092875741106
Rail,101017,scenario_76,3211457.316604129,-13977135.894180246,13977135.894180246,0.2297650492145036
Rail,101017,scenario_77,4044583.8352283426,-13977135.894180246,13977135.894180246,0.2893714324486473
Rail,101017,scenario_78,5509492.65585247,-13977135.894180246,13977135.894180246,0.39417894320870805
Rail,101017,scenario_79,4135816.960595264,-13977135.894180246,13977135.894180246,0.2958987443427034
Rail,101017,scenario_8,3027463.761473756,-13977135.894180246,13977135.894180246,0.21660115379820563
Rail,101017,scenario_80,6826011.687121474,-13977135.894180246,13977135.894180246,0.48836984478083717
Rail,101017,scenario_81,3725448.5088560586,-13977135.894180246,13977135.894180246,0.26653876280957167
Rail,101017,scenario_82,4488213.4920352055,-13977135.894180246,13977135.894180246,0.321111100730157
Rail,101017,scenario_83,3259612.957376412,-13977135.894180246,13977135.894180246,0.2332103645592828
Rail,101017,scenario_84,3306905.2626872966,-13977135.894180246,13977135.894180246,0.23659391220945453
Rail,101017,scenario_85,3168599.78375984,-13977135.894180246,13977135.894180246,0.22669878920467326
Rail,101017,scenario_86,4532639.31913218,-13977135.894180246,13977135.894180246,0.3242895650044775
Rail,101017,scenario_87,4109853.275911652,-13977135.894180246,13977135.894180246,0.2940411617249067
Rail,101017,scenario_88,3172133.4266626635,-13977135.894180246,13977135.894180246,0.22695160515563606
Rail,101017,scenario_89,3401262.9428669186,-13977135.894180246,13977135.894180246,0.2433447716769446
Rail,101017,scenario_9,4921137.215453467,-13977135.894180246,13977135.894180246,0.35208480855527163
Rail,101017,scenario_90,3433259.535845502,-13977135.894180246,13977135.894180246,0.24563398122751537
Rail,101017,scenario_91,4599092.165819517,-13977135.894180246,13977135.894180246,0.32904396155541943
Rail,101017,scenario_92,3346361.027678028,-13977135.894180246,13977135.894180246,0.23941679132356258
Rail,101017,scenario_93,3611216.6444980847,-13977135.894180246,13977135.894180246,0.25836599657027814
Rail,101017,scenario_94,6512977.319791306,-13977135.894180246,13977135.894180246,0.4659736707935392
Rail,101017,scenario_95,5142466.8338272665,-13977135.894180246,13977135.894180246,0.3679199281426798
Rail,101017,scenario_96,5037981.469279543,-13977135.894180246,13977135.894180246,0.36044447928543366
Rail,101017,scenario_97,5715888.988199448,-13977135.894180246,13977135.894180246,0.40894565463725735
Rail,101017,scenario_98,4906374.452369078,-13977135.894180246,13977135.894180246,0.35102860053124174
Rail,101017,scenario_99,5864070.500655818,-13977135.894180246,13977135.894180246,0.41954736256785485
Rail,101018,scenario_1,419217.9417478973,-12897894.625035778,12897894.625035778,0.03250281956360257
Rail,101018,scenario_10,415353.99242868304,-12897894.625035778,12897894.625035778,0.03220323971498805
Rail,101018,scenario_100,253035.84737902755,-12897894.625035778,12897894.625035778,0.019618383832029924
Rail,101018,scenario_11,317661.13160003384,-12897894.625035778,12897894.625035778,0.024628913542480788
Rail,101018,scenario_12,515066.93866481894,-12897894.625035778,12897894.625035778,0.03993418721727153
Rail,101018,scenario_13,326259.00569256325,-12897894.625035778,12897894.625035778,0.025295524205886294
Rail,101018,scenario_14,358946.7670132308,-12897894.625035778,12897894.625035778,0.02782987281633456
Rail,101018,scenario_15,249013.46603725167,-12897894.625035778,12897894.625035778,0.01930652042651193
Rail,101018,scenario_16,387462.41247779265,-12897894.625035778,12897894.625035778,0.0300407487998622
Rail,101018,scenario_17,392049.04598513513,-12897894.625035778,12897894.625035778,0.03039635982326438
Rail,101018,scenario_18,205546.36245771288,-12897894.625035778,12897894.625035778,0.015936427489392883
Rail,101018,scenario_19,312051.88607425714,-12897894.625035778,12897894.625035778,0.024194017329661005
Rail,101018,scenario_2,206003.59218595343,-12897894.625035778,12897894.625035778,0.015971877440065688
Rail,101018,scenario_20,441277.2366207847,-12897894.625035778,12897894.625035778,0.034213121555841566
Rail,101018,scenario_21,396844.1262616915,-12897894.625035778,12897894.625035778,0.030768132148590158
Rail,101018,scenario_22,324690.4706017233,-12897894.625035778,12897894.625035778,0.02517391249045211
Rail,101018,scenario_23,221731.94932377455,-12897894.625035778,12897894.625035778,0.017191328954833936
Rail,101018,scenario_24,420985.9926217771,-12897894.625035778,12897894.625035778,0.03263990014343983
Rail,101018,scenario_25,329566.6580828823,-12897894.625035778,12897894.625035778,0.025551973222293876
Rail,101018,scenario_26,202747.79749949035,-12897894.625035778,12897894.625035778,0.01571944905689815
Rail,101018,scenario_27,291529.08744340495,-12897894.625035778,12897894.625035778,0.022602843015752758
Rail,101018,scenario_28,146988.8648609893,-12897894.625035778,12897894.625035778,0.011396345615638147
Rail,101018,scenario_29,369603.3115719021,-12897894.625035778,12897894.625035778,0.02865609638758208
Rail,101018,scenario_3,351776.24038139125,-12897894.625035778,12897894.625035778,0.027273927304272378
Rail,101018,scenario_30,337295.36219479,-12897894.625035778,12897894.625035778,0.026151195369519802
Rail,101018,scenario_31,384361.4341970895,-12897894.625035778,12897894.625035778,0.029800323647474623
Rail,101018,scenario_32,406980.8070809538,-12897894.625035778,12897894.625035778,0.03155404962690373
Rail,101018,scenario_33,291574.7111942146,-12897894.625035778,12897894.625035778,0.02260638031793548
Rail,101018,scenario_34,473577.6902161607,-12897894.625035778,12897894.625035778,0.0367174414107021
Rail,101018,scenario_35,387274.7558278387,-12897894.625035778,12897894.625035778,0.030026199398164522
Rail,101018,scenario_36,326395.93476313923,-12897894.625035778,12897894.625035778,0.02530614059519298
Rail,101018,scenario_37,472085.9402429058,-12897894.625035778,12897894.625035778,0.03660178300158785
Rail,101018,scenario_38,371421.4956860272,-12897894.625035778,12897894.625035778,0.028797063899488707
Rail,101018,scenario_39,330137.75436149037,-12897894.625035778,12897894.625035778,0.025596251478180655
Rail,101018,scenario_4,253995.3032189207,-12897894.625035778,12897894.625035778,0.019692772394488075
Rail,101018,scenario_40,381842.6143367532,-12897894.625035778,12897894.625035778,0.029605034421320838
Rail,101018,scenario_41,416639.69256014423,-12897894.625035778,12897894.625035778,0.03230292266083609
Rail,101018,scenario_42,481238.25452601886,-12897894.625035778,12897894.625035778,0.03731138054050306
Rail,101018,scenario_43,339424.61408043094,-12897894.625035778,12897894.625035778,0.026316280598353035
Rail,101018,scenario_44,399910.8284412204,-12897894.625035778,12897894.625035778,0.03100589980514832
Rail,101018,scenario_45,335724.31559766707,-12897894.625035778,12897894.625035778,0.02602938893189599
Rail,101018,scenario_46,373694.88977123704,-12897894.625035778,12897894.625035778,0.028973324766188375
Rail,101018,scenario_47,242698.26719322545,-12897894.625035778,12897894.625035778,0.01881689021727081
Rail,101018,scenario_48,276642.27200689533,-12897894.625035778,12897894.625035778,0.021448637940483094
Rail,101018,scenario_49,347485.22476903134,-12897894.625035778,12897894.625035778,0.02694123613744964
Rail,101018,scenario_5,370396.11111898615,-12897894.625035778,12897894.625035778,0.028717563748739242
Rail,101018,scenario_50,349790.55119786214,-12897894.625035778,12897894.625035778,0.027119972783689248
Rail,101018,scenario_51,360484.02583253494,-12897894.625035778,12897894.625035778,0.027949059618831783
Rail,101018,scenario_52,508966.8184283209,-12897894.625035778,12897894.625035778,0.03946123248986531
Rail,101018,scenario_53,449943.71959268255,-12897894.625035778,12897894.625035778,0.03488505160519052
Rail,101018,scenario_54,535341.9466416797,-12897894.625035778,12897894.625035778,0.04150614981785795
Rail,101018,scenario_55,344251.7795267289,-12897894.625035778,12897894.625035778,0.026690540552138677
Rail,101018,scenario_56,402072.1937127797,-12897894.625035778,12897894.625035778,0.031173474850098987
Rail,101018,scenario_57,298510.817595928,-12897894.625035778,12897894.625035778,0.023144150752828774
Rail,101018,scenario_58,308264.12459765276,-12897894.625035778,12897894.625035778,0.023900344479422946
Rail,101018,scenario_59,271761.7828264057,-12897894.625035778,12897894.625035778,0.021070243689144102
Rail,101018,scenario_6,321931.7642736182,-12897894.625035778,12897894.625035778,0.024960024378608624
Rail,101018,scenario_60,311201.2722228633,-12897894.625035778,12897894.625035778,0.024128067507917017
Rail,101018,scenario_61,298168.2307777758,-12897894.625035778,12897894.625035778,0.023117589300117942
Rail,101018,scenario_62,336663.0914109727,-12897894.625035778,12897894.625035778,0.02610217412983701
Rail,101018,scenario_63,463087.72676116537,-12897894.625035778,12897894.625035778,0.03590413321118917
Rail,101018,scenario_64,421126.1766935263,-12897894.625035778,12897894.625035778,0.03265076889960698
Rail,101018,scenario_65,289623.42475939245,-12897894.625035778,12897894.625035778,0.02245509311242253
Rail,101018,scenario_66,282900.85256388626,-12897894.625035778,12897894.625035778,0.021933878418788952
Rail,101018,scenario_67,408375.7272686858,-12897894.625035778,12897894.625035778,0.03166220062582912
Rail,101018,scenario_68,225901.38584296417,-12897894.625035778,12897894.625035778,0.017514593847314637
Rail,101018,scenario_69,212237.62902355756,-12897894.625035778,12897894.625035778,0.01645521499389431
Rail,101018,scenario_7,437757.4309159103,-12897894.625035778,12897894.625035778,0.03394022386151228
Rail,101018,scenario_70,248595.84767858477,-12897894.625035778,12897894.625035778,0.01927414162587758
Rail,101018,scenario_71,349896.36032920494,-12897894.625035778,12897894.625035778,0.02712817638082032
Rail,101018,scenario_72,190387.69599692797,-12897894.625035778,12897894.625035778,0.014761145251363057
Rail,101018,scenario_73,189825.45559685415,-12897894.625035778,12897894.625035778,0.014717553609748737
Rail,101018,scenario_74,378760.77282408666,-12897894.625035778,12897894.625035778,0.029366092981476504
Rail,101018,scenario_75,339907.6898054772,-12897894.625035778,12897894.625035778,0.026353734441719734
Rail,101018,scenario_76,306241.8322739142,-12897894.625035778,12897894.625035778,0.023743552042941637
Rail,101018,scenario_77,387005.9345619659,-12897894.625035778,12897894.625035778,0.030005357138734756
Rail,101018,scenario_78,529275.8379563569,-12897894.625035778,12897894.625035778,0.04103583207518171
Rail,101018,scenario_79,396315.79775851785,-12897894.625035778,12897894.625035778,0.03072716976530722
Rail,101018,scenario_8,287989.8411956927,-12897894.625035778,12897894.625035778,0.022328438056602114
Rail,101018,scenario_80,657649.3638737723,-12897894.625035778,12897894.625035778,0.05098889260555949
Rail,101018,scenario_81,354480.71874494525,-12897894.625035778,12897894.625035778,0.02748361101174386
Rail,101018,scenario_82,429898.42084522144,-12897894.625035778,12897894.625035778,0.03333089882830617
Rail,101018,scenario_83,311185.48627741134,-12897894.625035778,12897894.625035778,0.02412684359146314
Rail,101018,scenario_84,316974.9885741236,-12897894.625035778,12897894.625035778,0.024575715478311586
Rail,101018,scenario_85,300892.6377630811,-12897894.625035778,12897894.625035778,0.023328818114161518
Rail,101018,scenario_86,433360.57926051767,-12897894.625035778,12897894.625035778,0.033599327011040424
Rail,101018,scenario_87,394216.70237654046,-12897894.625035778,12897894.625035778,0.030564422631530603
Rail,101018,scenario_88,301897.3092757179,-12897894.625035778,12897894.625035778,0.023406712339680048
Rail,101018,scenario_89,323878.59569417976,-12897894.625035778,12897894.625035778,0.025110966177806043
Rail,101018,scenario_9,471554.6579862896,-12897894.625035778,12897894.625035778,0.036560591607793624
Rail,101018,scenario_90,328822.01915475563,-12897894.625035778,12897894.625035778,0.025494239851866017
Rail,101018,scenario_91,443093.3237493894,-12897894.625035778,12897894.625035778,0.03435392648419627
Rail,101018,scenario_92,318945.6671926604,-12897894.625035778,12897894.625035778,0.024728506199264724
Rail,101018,scenario_93,344306.89745037834,-12897894.625035778,12897894.625035778,0.02669481395684943
Rail,101018,scenario_94,627038.6348144758,-12897894.625035778,12897894.625035778,0.04861558053027871
Rail,101018,scenario_95,493732.07756116794,-12897894.625035778,12897894.625035778,0.038280052048401535
Rail,101018,scenario_96,481301.5773933191,-12897894.625035778,12897894.625035778,0.03731629009118099
Rail,101018,scenario_97,549436.4797240011,-12897894.625035778,12897894.625035778,0.04259892763098745
Rail,101018,scenario_98,470748.84072027635,-12897894.625035778,12897894.625035778,0.03649811495641449
Rail,101018,scenario_99,563547.4770058879,-12897894.625035778,12897894.625035778,0.043692981946991574
Rail,101019,scenario_1,257591.3442286932,-17527531.90960517,17527531.90960517,0.014696384268884538
Rail,101019,scenario_10,251847.40215460077,-17527531.90960517,17527531.90960517,0.014368674577427937
Rail,101019,scenario_100,159119.2071033936,-17527531.90960517,17527531.90960517,0.009078243755254298
Rail,101019,scenario_11,196478.5819615584,-17527531.90960517,17527531.90960517,0.01120971183934272
Rail,101019,scenario_12,310276.2922007203,-17527531.90960517,17527531.90960517,0.0177022237814719
Rail,101019,scenario_13,205910.418057936,-17527531.90960517,17527531.90960517,0.011747827310763367
Rail,101019,scenario_14,222853.73610824175,-17527531.90960517,17527531.90960517,0.0127144961000537
Rail,101019,scenario_15,158791.92010903312,-17527531.90960517,17527531.90960517,0.00905957101821132
Rail,101019,scenario_16,241226.44910398463,-17527531.90960517,17527531.90960517,0.013762716299594434
Rail,101019,scenario_17,238756.33600515375,-17527531.90960517,17527531.90960517,0.013621788694294952
Rail,101019,scenario_18,134204.26153861295,-17527531.90960517,17527531.90960517,0.007656768918222215
Rail,101019,scenario_19,189373.18682094832,-17527531.90960517,17527531.90960517,0.010804327032328545
Rail,101019,scenario_2,131119.32926761892,-17527531.90960517,17527531.90960517,0.007480763974291492
Rail,101019,scenario_20,271187.7393995901,-17527531.90960517,17527531.90960517,0.015472100738323457
Rail,101019,scenario_21,242714.01880629905,-17527531.90960517,17527531.90960517,0.013847586759964226
Rail,101019,scenario_22,203651.0806436742,-17527531.90960517,17527531.90960517,0.01161892511130289
Rail,101019,scenario_23,140002.46525776465,-17527531.90960517,17527531.90960517,0.00798757440464522
Rail,101019,scenario_24,257677.6114498506,-17527531.90960517,17527531.90960517,0.014701306081128402
Rail,101019,scenario_25,204793.71324665323,-17527531.90960517,17527531.90960517,0.011684115841456566
Rail,101019,scenario_26,132106.8739837809,-17527531.90960517,17527531.90960517,0.007537106460002261
Rail,101019,scenario_27,185665.1935734971,-17527531.90960517,17527531.90960517,0.010592774529296488
Rail,101019,scenario_28,96901.91157744153,-17527531.90960517,17527531.90960517,0.0055285542811842675
Rail,101019,scenario_29,230852.11866137243,-17527531.90960517,17527531.90960517,0.013170828605644377
Rail,101019,scenario_3,218766.3491076887,-17527531.90960517,17527531.90960517,0.012481298007953058
Rail,101019,scenario_30,209096.66717764217,-17527531.90960517,17527531.90960517,0.011929612694817357
Rail,101019,scenario_31,239840.4037142166,-17527531.90960517,17527531.90960517,0.013683638115802426
Rail,101019,scenario_32,250194.38440878145,-17527531.90960517,17527531.90960517,0.01427436479357791
Rail,101019,scenario_33,181153.6723415149,-17527531.90960517,17527531.90960517,0.010335378265221804
Rail,101019,scenario_34,289757.3410337796,-17527531.90960517,17527531.90960517,0.01653155404469646
Rail,101019,scenario_35,239713.7579791681,-17527531.90960517,17527531.90960517,0.013676412584238616
Rail,101019,scenario_36,201691.1602286607,-17527531.90960517,17527531.90960517,0.011507105579316218
Rail,101019,scenario_37,285985.3398960964,-17527531.90960517,17527531.90960517,0.016316349693214653
Rail,101019,scenario_38,229023.55498176056,-17527531.90960517,17527531.90960517,0.013066503382387486
Rail,101019,scenario_39,207295.6114095928,-17527531.90960517,17527531.90960517,0.011826856883141305
Rail,101019,scenario_4,159193.17848912222,-17527531.90960517,17527531.90960517,0.009082464051991462
Rail,101019,scenario_40,243120.58448305255,-17527531.90960517,17527531.90960517,0.013870782591462367
Rail,101019,scenario_41,256008.65550406772,-17527531.90960517,17527531.90960517,0.014606086973590032
Rail,101019,scenario_42,290778.15568277036,-17527531.90960517,17527531.90960517,0.016589794683153452
Rail,101019,scenario_43,213701.8727982104,-17527531.90960517,17527531.90960517,0.012192353943517897
Rail,101019,scenario_44,246872.738223162,-17527531.90960517,17527531.90960517,0.014084854587420524
Rail,101019,scenario_45,208175.40984722725,-17527531.90960517,17527531.90960517,0.011877052109837902
Rail,101019,scenario_46,231097.96230053203,-17527531.90960517,17527531.90960517,0.013184854746941824
Rail,101019,scenario_47,154919.9773874946,-17527531.90960517,17527531.90960517,0.008838664689727235
Rail,101019,scenario_48,172052.20062332414,-17527531.90960517,17527531.90960517,0.009816111105125914
Rail,101019,scenario_49,217006.38166746468,-17527531.90960517,17527531.90960517,0.012380886412681077
Rail,101019,scenario_5,232565.6063171615,-17527531.90960517,17527531.90960517,0.013268588385208668
Rail,101019,scenario_50,215943.54444977065,-17527531.90960517,17527531.90960517,0.012320248256483422
Rail,101019,scenario_51,222560.73288048475,-17527531.90960517,17527531.90960517,0.012697779358114898
Rail,101019,scenario_52,308477.56942492136,-17527531.90960517,17527531.90960517,0.017599601074231915
Rail,101019,scenario_53,278395.16185553814,-17527531.90960517,17527531.90960517,0.0158833065197831
Rail,101019,scenario_54,325327.348572409,-17527531.90960517,17527531.90960517,0.018560933179310207
Rail,101019,scenario_55,214556.66528941333,-17527531.90960517,17527531.90960517,0.012241122503496071
Rail,101019,scenario_56,250624.86847683057,-17527531.90960517,17527531.90960517,0.01429892524340446
Rail,101019,scenario_57,188100.08409802197,-17527531.90960517,17527531.90960517,0.010731692577603707
Rail,101019,scenario_58,190462.4639664061,-17527531.90960517,17527531.90960517,0.01086647366832245
Rail,101019,scenario_59,168935.46893542973,-17527531.90960517,17527531.90960517,0.009638291905938696
Rail,101019,scenario_6,200595.3792797829,-17527531.90960517,17527531.90960517,0.011444587881186836
Rail,101019,scenario_60,199786.91782528287,-17527531.90960517,17527531.90960517,0.011398462650397383
Rail,101019,scenario_61,185702.04454511264,-17527531.90960517,17527531.90960517,0.010594876991400428
Rail,101019,scenario_62,206988.44777930668,-17527531.90960517,17527531.90960517,0.011809332246365845
Rail,101019,scenario_63,285118.3957505215,-17527531.90960517,17527531.90960517,0.01626688784370578
Rail,101019,scenario_64,258423.56880290297,-17527531.90960517,17527531.90960517,0.014743865259277355
Rail,101019,scenario_65,180511.882837924,-17527531.90960517,17527531.90960517,0.01029876218562196
Rail,101019,scenario_66,175465.50091988622,-17527531.90960517,17527531.90960517,0.010010850462279307
Rail,101019,scenario_67,250909.56270248725,-17527531.90960517,17527531.90960517,0.01431516793103013
Rail,101019,scenario_68,143538.738913874,-17527531.90960517,17527531.90960517,0.008189329772962163
Rail,101019,scenario_69,137233.87592419315,-17527531.90960517,17527531.90960517,0.007829617805401817
Rail,101019,scenario_7,272081.3746481281,-17527531.90960517,17527531.90960517,0.015523085397951905
Rail,101019,scenario_70,156878.86309149055,-17527531.90960517,17527531.90960517,0.008950425188244569
Rail,101019,scenario_71,219649.86036970295,-17527531.90960517,17527531.90960517,0.012531705062783755
Rail,101019,scenario_72,124104.31735744169,-17527531.90960517,17527531.90960517,0.007080535810602743
Rail,101019,scenario_73,121133.3324534152,-17527531.90960517,17527531.90960517,0.006911031916994175
Rail,101019,scenario_74,234325.862119574,-17527531.90960517,17527531.90960517,0.01336901643243692
Rail,101019,scenario_75,211303.31458538,-17527531.90960517,17527531.90960517,0.012055508766159186
Rail,101019,scenario_76,192634.54185492327,-17527531.90960517,17527531.90960517,0.010990397441487961
Rail,101019,scenario_77,238448.80246223055,-17527531.90960517,17527531.90960517,0.013604242952857467
Rail,101019,scenario_78,319498.9007645486,-17527531.90960517,17527531.90960517,0.018228402173922825
Rail,101019,scenario_79,241625.80442490004,-17527531.90960517,17527531.90960517,0.013785500757952575
Rail,101019,scenario_8,182055.64529773663,-17527531.90960517,17527531.90960517,0.010386838616905855
Rail,101019,scenario_80,394734.6588167451,-17527531.90960517,17527531.90960517,0.02252083526947845
Rail,101019,scenario_81,221532.4325619215,-17527531.90960517,17527531.90960517,0.012639111639016367
Rail,101019,scenario_82,264127.08799994347,-17527531.90960517,17527531.90960517,0.015069268700358239
Rail,101019,scenario_83,194386.78158424844,-17527531.90960517,17527531.90960517,0.011090368146910836
Rail,101019,scenario_84,192899.7716432012,-17527531.90960517,17527531.90960517,0.011005529622655613
Rail,101019,scenario_85,190417.7554555518,-17527531.90960517,17527531.90960517,0.010863922909260372
Rail,101019,scenario_86,266090.3571981605,-17527531.90960517,17527531.90960517,0.015181279290802015
Rail,101019,scenario_87,243220.2898971917,-17527531.90960517,17527531.90960517,0.01387647109425063
Rail,101019,scenario_88,190603.98187539508,-17527531.90960517,17527531.90960517,0.010874547703487175
Rail,101019,scenario_89,204358.547536302,-17527531.90960517,17527531.90960517,0.011659288289431814
Rail,101019,scenario_9,290414.55986323085,-17527531.90960517,17527531.90960517,0.016569050415140438
Rail,101019,scenario_90,201536.03254528335,-17527531.90960517,17527531.90960517,0.011498255064356245
Rail,101019,scenario_91,266422.7955648335,-17527531.90960517,17527531.90960517,0.015200245929595629
Rail,101019,scenario_92,201110.37625784645,-17527531.90960517,17527531.90960517,0.011473970054371261
Rail,101019,scenario_93,215912.07645350855,-17527531.90960517,17527531.90960517,0.012318452909801162
Rail,101019,scenario_94,374346.3147744873,-17527531.90960517,17527531.90960517,0.0213576170738188
Rail,101019,scenario_95,299719.4037991103,-17527531.90960517,17527531.90960517,0.017099920590352063
Rail,101019,scenario_96,299293.0233448728,-17527531.90960517,17527531.90960517,0.01707559426440746
Rail,101019,scenario_97,331957.92691791494,-17527531.90960517,17527531.90960517,0.01893922821706577
Rail,101019,scenario_98,285531.8521055459,-17527531.90960517,17527531.90960517,0.016290476809748274
Rail,101019,scenario_99,338468.5975447782,-17527531.90960517,17527531.90960517,0.01931068214796949
Rail,101020,scenario_1,4442300.220720969,-17124664.941809565,17124664.941809565,0.2594094679117004
Rail,101020,scenario_10,4381336.048408617,-17124664.941809565,17124664.941809565,0.25584944659043596
Rail,101020,scenario_100,2686823.356767659,-17124664.941809565,17124664.941809565,0.15689786433180528
Rail,101020,scenario_11,3371285.9258311456,-17124664.941809565,17124664.941809565,0.19686726352234846
Rail,101020,scenario_12,5443642.360536092,-17124664.941809565,17124664.941809565,0.3178831456868704
Rail,101020,scenario_13,3465449.5707576866,-17124664.941809565,17124664.941809565,0.20236597811013826
Rail,101020,scenario_14,3803525.7012336175,-17124664.941809565,17124664.941809565,0.22210803622483596
Rail,101020,scenario_15,2650301.4198746984,-17124664.941809565,17124664.941809565,0.15476515475663613
Rail,101020,scenario_16,4100693.705441694,-17124664.941809565,17124664.941809565,0.23946125190630288
Rail,101020,scenario_17,4144275.599170367,-17124664.941809565,17124664.941809565,0.24200622980086411
Rail,101020,scenario_18,2192001.6740652714,-17124664.941809565,17124664.941809565,0.12800260218309664
Rail,101020,scenario_19,3305987.5384848136,-17124664.941809565,17124664.941809565,0.19305414440041416
Rail,101020,scenario_2,2189927.841656376,-17124664.941809565,17124664.941809565,0.12788150011097188
Rail,101020,scenario_20,4675232.942080779,-17124664.941809565,17124664.941809565,0.2730116447806392
Rail,101020,scenario_21,4200442.703088789,-17124664.941809565,17124664.941809565,0.2452861248592072
Rail,101020,scenario_22,3450113.841730518,-17124664.941809565,17124664.941809565,0.20147044356512495
Rail,101020,scenario_23,2361431.315149189,-17124664.941809565,17124664.941809565,0.13789649743066193
Rail,101020,scenario_24,4453445.710121859,-17124664.941809565,17124664.941809565,0.2600603121436175
Rail,101020,scenario_25,3498810.9826512374,-17124664.941809565,17124664.941809565,0.204314127869968
Rail,101020,scenario_26,2161253.328894513,-17124664.941809565,17124664.941809565,0.1262070432466011
Rail,101020,scenario_27,3094657.7723100544,-17124664.941809565,17124664.941809565,0.18071347864766116
Rail,101020,scenario_28,1573125.0297960555,-17124664.941809565,17124664.941809565,0.0918631129509167
Rail,101020,scenario_29,3927412.876148422,-17124664.941809565,17124664.941809565,0.22934246535590389
Rail,101020,scenario_3,3724696.4960433114,-17124664.941809565,17124664.941809565,0.2175047808935246
Rail,101020,scenario_30,3574521.3316444387,-17124664.941809565,17124664.941809565,0.20873525664828094
Rail,101020,scenario_31,4069990.679736633,-17124664.941809565,17124664.941809565,0.23766833941374368
Rail,101020,scenario_32,4297862.005269172,-17124664.941809565,17124664.941809565,0.25097495453916985
Rail,101020,scenario_33,3091505.098834401,-17124664.941809565,17124664.941809565,0.1805293773244314
Rail,101020,scenario_34,5004889.676194118,-17124664.941809565,17124664.941809565,0.2922620496927078
Rail,101020,scenario_35,4094672.5891033537,-17124664.941809565,17124664.941809565,0.23910964699264178
Rail,101020,scenario_36,3452596.136473782,-17124664.941809565,17124664.941809565,0.20161539791907576
Rail,101020,scenario_37,4991918.953425547,-17124664.941809565,17124664.941809565,0.29150462040503144
Rail,101020,scenario_38,3931595.388939806,-17124664.941809565,17124664.941809565,0.22958670445813428
Rail,101020,scenario_39,3498881.7738582627,-17124664.941809565,17124664.941809565,0.20431826174396003
Rail,101020,scenario_4,2697594.9432210037,-17124664.941809565,17124664.941809565,0.1575268743877653
Rail,101020,scenario_40,4056025.529626775,-17124664.941809565,17124664.941809565,0.23685284024004818
Rail,101020,scenario_41,4412512.676521997,-17124664.941809565,17124664.941809565,0.25767001523918437
Rail,101020,scenario_42,5083115.45340856,-17124664.941809565,17124664.941809565,0.2968300676644612
Rail,101020,scenario_43,3587703.3605411127,-17124664.941809565,17124664.941809565,0.2095050252213577
Rail,101020,scenario_44,4238771.5751026245,-17124664.941809565,17124664.941809565,0.24752435095846687
Rail,101020,scenario_45,3561264.401850595,-17124664.941809565,17124664.941809565,0.2079611142146105
Rail,101020,scenario_46,3952230.502523672,-17124664.941809565,17124664.941809565,0.23079169817065276
Rail,101020,scenario_47,2581825.7395124063,-17124664.941809565,17124664.941809565,0.15076649664595332
Rail,101020,scenario_48,2935504.37508023,-17124664.941809565,17124664.941809565,0.17141966777482742
Rail,101020,scenario_49,3687866.19342728,-17124664.941809565,17124664.941809565,0.21535406420848682
Rail,101020,scenario_5,3921228.26559144,-17124664.941809565,17124664.941809565,0.22898131314778783
Rail,101020,scenario_50,3703447.7625467344,-17124664.941809565,17124664.941809565,0.21626395466020668
Rail,101020,scenario_51,3814002.1566070216,-17124664.941809565,17124664.941809565,0.22271981201192456
Rail,101020,scenario_52,5384212.183398226,-17124664.941809565,17124664.941809565,0.31441270247879527
Rail,101020,scenario_53,4755013.226116225,-17124664.941809565,17124664.941809565,0.2776704386493977
Rail,101020,scenario_54,5660545.6055988,-17124664.941809565,17124664.941809565,0.33054927642868376
Rail,101020,scenario_55,3649144.062022603,-17124664.941809565,17124664.941809565,0.21309287360789658
Rail,101020,scenario_56,4257493.746226459,-17124664.941809565,17124664.941809565,0.24861763781619245
Rail,101020,scenario_57,3166916.8753640964,-17124664.941809565,17124664.941809565,0.1849330708732365
Rail,101020,scenario_58,3269711.7845619693,-17124664.941809565,17124664.941809565,0.1909358107544064
Rail,101020,scenario_59,2897726.098913024,-17124664.941809565,17124664.941809565,0.1692135938869249
Rail,101020,scenario_6,3426177.9994423357,-17124664.941809565,17124664.941809565,0.20007270279942138
Rail,101020,scenario_60,3304108.981546374,-17124664.941809565,17124664.941809565,0.19294444549857737
Rail,101020,scenario_61,3165953.0275897896,-17124664.941809565,17124664.941809565,0.18487678669030022
Rail,101020,scenario_62,3557307.1117547723,-17124664.941809565,17124664.941809565,0.2077300270599555
Rail,101020,scenario_63,4900031.859988751,-17124664.941809565,17124664.941809565,0.2861388457315396
Rail,101020,scenario_64,4451388.03028796,-17124664.941809565,17124664.941809565,0.25994015330600573
Rail,101020,scenario_65,3072848.111394493,-17124664.941809565,17124664.941809565,0.17943989688768677
Rail,101020,scenario_66,3001664.470529942,-17124664.941809565,17124664.941809565,0.17528310660265425
Rail,101020,scenario_67,4317762.839837083,-17124664.941809565,17124664.941809565,0.2521370698059815
Rail,101020,scenario_68,2403336.0284667406,-17124664.941809565,17124664.941809565,0.14034353586673912
Rail,101020,scenario_69,2263981.0254568816,-17124664.941809565,17124664.941809565,0.13220585822554765
Rail,101020,scenario_7,4626876.45684666,-17124664.941809565,17124664.941809565,0.2701878531678727
Rail,101020,scenario_70,2644322.7345091007,-17124664.941809565,17124664.941809565,0.15441602761248974
Rail,101020,scenario_71,3710966.3945295014,-17124664.941809565,17124664.941809565,0.2167030074538418
Rail,101020,scenario_72,2031203.076954602,-17124664.941809565,17124664.941809565,0.1186127193645381
Rail,101020,scenario_73,2019708.2291814357,-17124664.941809565,17124664.941809565,0.11794147424457654
Rail,101020,scenario_74,4015434.8933628,-17124664.941809565,17124664.941809565,0.23448253773182956
Rail,101020,scenario_75,3602671.0651576603,-17124664.941809565,17124664.941809565,0.21037906886935948
Rail,101020,scenario_76,3245710.643420725,-17124664.941809565,17124664.941809565,0.18953425684238528
Rail,101020,scenario_77,4097197.114327349,-17124664.941809565,17124664.941809565,0.23925706740831554
Rail,101020,scenario_78,5593671.084585164,-17124664.941809565,17124664.941809565,0.32664411850349934
Rail,101020,scenario_79,4194536.787587369,-17124664.941809565,17124664.941809565,0.244941247133337
Rail,101020,scenario_8,3058138.175504359,-17124664.941809565,17124664.941809565,0.1785809057225972
Rail,101020,scenario_80,6934348.566456044,-17124664.941809565,17124664.941809565,0.40493338643525545
Rail,101020,scenario_81,3768284.2407037625,-17124664.941809565,17124664.941809565,0.2200501004550205
Rail,101020,scenario_82,4548019.81495924,-17124664.941809565,17124664.941809565,0.2655829956623169
Rail,101020,scenario_83,3296974.4299537223,-17124664.941809565,17124664.941809565,0.1925278211957431
Rail,101020,scenario_84,3354548.7962378194,-17124664.941809565,17124664.941809565,0.19588989376649046
Rail,101020,scenario_85,3200477.074285784,-17124664.941809565,17124664.941809565,0.18689282886182934
Rail,101020,scenario_86,4593542.330618889,-17124664.941809565,17124664.941809565,0.26824129676276687
Rail,101020,scenario_87,4162352.905404428,-17124664.941809565,17124664.941809565,0.2430618595778839
Rail,101020,scenario_88,3204715.110285943,-17124664.941809565,17124664.941809565,0.18714031025866604
Rail,101020,scenario_89,3436444.59363683,-17124664.941809565,17124664.941809565,0.2006722236793557
Rail,101020,scenario_9,4985201.759250553,-17124664.941809565,17124664.941809565,0.29111236781510813
Rail,101020,scenario_90,3479964.2246525404,-17124664.941809565,17124664.941809565,0.2032135657239208
Rail,101020,scenario_91,4671097.260474354,-17124664.941809565,17124664.941809565,0.2727701403996497
Rail,101020,scenario_92,3381184.1277205586,-17124664.941809565,17124664.941809565,0.19744527202196277
Rail,101020,scenario_93,3651065.0666111647,-17124664.941809565,17124664.941809565,0.21320505125312872
Rail,101020,scenario_94,6620483.637609268,-17124664.941809565,17124664.941809565,0.38660514877844265
Rail,101020,scenario_95,5217819.259990282,-17124664.941809565,17124664.941809565,0.30469613728038963
Rail,101020,scenario_96,5098257.371753239,-17124664.941809565,17124664.941809565,0.29771428457592386
Rail,101020,scenario_97,5802641.959167799,-17124664.941809565,17124664.941809565,0.3388470360667175
Rail,101020,scenario_98,4978831.168270476,-17124664.941809565,17124664.941809565,0.2907403552238122
Rail,101020,scenario_99,5956995.857172603,-17124664.941809565,17124664.941809565,0.3478605787275115
Rail,101021,scenario_1,3886005.3960329057,-19818165.381989654,19818165.381989654,0.19608300370550083
Rail,101021,scenario_10,3851081.1216099095,-19818165.381989654,19818165.381989654,0.1943207682134742
Rail,101021,scenario_100,2345357.303197485,-19818165.381989654,19818165.381989654,0.11834381528216018
Rail,101021,scenario_11,2944467.991743642,-19818165.381989654,19818165.381989654,0.1485741961977729
Rail,101021,scenario_12,4775156.171192684,-19818165.381989654,19818165.381989654,0.2409484470006618
Rail,101021,scenario_13,3024051.3458558517,-19818165.381989654,19818165.381989654,0.15258987335952137
Rail,101021,scenario_14,3327495.405922615,-19818165.381989654,19818165.381989654,0.16790128358433093
Rail,101021,scenario_15,2307755.570488547,-19818165.381989654,19818165.381989654,0.11644647857191606
Rail,101021,scenario_16,3592122.6513460996,-19818165.381989654,19818165.381989654,0.18125404557429659
Rail,101021,scenario_17,3634720.614792474,-19818165.381989654,19818165.381989654,0.18340348587945654
Rail,101021,scenario_18,1904821.7152981695,-19818165.381989654,19818165.381989654,0.09611493690678516
Rail,101021,scenario_19,2892607.1336166807,-19818165.381989654,19818165.381989654,0.14595736173669352
Rail,101021,scenario_2,1909334.9416667928,-19818165.381989654,19818165.381989654,0.09634266870141056
Rail,101021,scenario_20,4090533.842141157,-19818165.381989654,19818165.381989654,0.206403254958128
Rail,101021,scenario_21,3678772.173902651,-19818165.381989654,19818165.381989654,0.18562627281563834
Rail,101021,scenario_22,3009418.9793330343,-19818165.381989654,19818165.381989654,0.15185154232631104
Rail,101021,scenario_23,2054869.2548081467,-19818165.381989654,19818165.381989654,0.10368614930802678
Rail,101021,scenario_24,3902758.044963266,-19818165.381989654,19818165.381989654,0.1969283215544267
Rail,101021,scenario_25,3054682.50955684,-19818165.381989654,19818165.381989654,0.1541354838189449
Rail,101021,scenario_26,1878998.3146661443,-19818165.381989654,19818165.381989654,0.09481192019790792
Rail,101021,scenario_27,2702358.574503042,-19818165.381989654,19818165.381989654,0.1363576558382589
Rail,101021,scenario_28,1361861.3651432511,-19818165.381989654,19818165.381989654,0.06871783229646893
Rail,101021,scenario_29,3425595.677696788,-19818165.381989654,19818165.381989654,0.1728513014029997
Rail,101021,scenario_3,3261135.3229819196,-19818165.381989654,19818165.381989654,0.16455283625524555
Rail,101021,scenario_30,3126644.8759882124,-19818165.381989654,19818165.381989654,0.1577666154118203
Rail,101021,scenario_31,3563263.599319392,-19818165.381989654,19818165.381989654,0.17979785366800974
Rail,101021,scenario_32,3773466.4164094552,-19818165.381989654,19818165.381989654,0.1904044266296569
Rail,101021,scenario_33,2702815.823151272,-19818165.381989654,19818165.381989654,0.13638072803689164
Rail,101021,scenario_34,4390698.299630711,-19818165.381989654,19818165.381989654,0.2215491805119806
Rail,101021,scenario_35,3590595.103053274,-19818165.381989654,19818165.381989654,0.1811769673855045
Rail,101021,scenario_36,3025944.7773742,-19818165.381989654,19818165.381989654,0.15268541356124302
Rail,101021,scenario_37,4376510.545854993,-19818165.381989654,19818165.381989654,0.22083328408553282
Rail,101021,scenario_38,3443274.9568209765,-19818165.381989654,19818165.381989654,0.17374337586011643
Rail,101021,scenario_39,3060386.8822595393,-19818165.381989654,19818165.381989654,0.15442331937752204
Rail,101021,scenario_4,2354264.705880322,-19818165.381989654,19818165.381989654,0.11879327175359178
Rail,101021,scenario_40,3539334.9546651635,-19818165.381989654,19818165.381989654,0.17859044399143217
Rail,101021,scenario_41,3862296.185589626,-19818165.381989654,19818165.381989654,0.19488666640654853
Rail,101021,scenario_42,4461597.488534693,-19818165.381989654,19818165.381989654,0.2251266654878812
Rail,101021,scenario_43,3147038.8709799517,-19818165.381989654,19818165.381989654,0.15879567105842787
Rail,101021,scenario_44,3707020.9314973033,-19818165.381989654,19818165.381989654,0.18705167002320852
Rail,101021,scenario_45,3111934.1646157796,-19818165.381989654,19818165.381989654,0.15702433119484624
Rail,101021,scenario_46,3464476.415091243,-19818165.381989654,19818165.381989654,0.17481317510044037
Rail,101021,scenario_47,2249312.8911749697,-19818165.381989654,19818165.381989654,0.11349753359203973
Rail,101021,scenario_48,2564208.921268678,-19818165.381989654,19818165.381989654,0.12938679599469782
Rail,101021,scenario_49,3220955.1370454505,-19818165.381989654,19818165.381989654,0.16252539399901209
Rail,101021,scenario_5,3433868.682029057,-19818165.381989654,19818165.381989654,0.17326874692193692
Rail,101021,scenario_50,3242699.792894077,-19818165.381989654,19818165.381989654,0.1636226023141868
Rail,101021,scenario_51,3341982.472965179,-19818165.381989654,19818165.381989654,0.16863228298631036
Rail,101021,scenario_52,4718353.786547747,-19818165.381989654,19818165.381989654,0.2380822692516075
Rail,101021,scenario_53,4171760.1999424226,-19818165.381989654,19818165.381989654,0.21050183604450257
Rail,101021,scenario_54,4963162.616244245,-19818165.381989654,19818165.381989654,0.25043501860947565
Rail,101021,scenario_55,3191157.505741504,-19818165.381989654,19818165.381989654,0.16102184254863283
Rail,101021,scenario_56,3727341.408686564,-19818165.381989654,19818165.381989654,0.188077016052853
Rail,101021,scenario_57,2767077.0662063775,-19818165.381989654,19818165.381989654,0.1396232705132757
Rail,101021,scenario_58,2857354.219278958,-19818165.381989654,19818165.381989654,0.14417854348292317
Rail,101021,scenario_59,2518122.874795669,-19818165.381989654,19818165.381989654,0.12706135135415147
Rail,101021,scenario_6,2983454.057529982,-19818165.381989654,19818165.381989654,0.15054138463499173
Rail,101021,scenario_60,2884797.223298325,-19818165.381989654,19818165.381989654,0.14556328336627822
Rail,101021,scenario_61,2763696.072488456,-19818165.381989654,19818165.381989654,0.13945266977134255
Rail,101021,scenario_62,3121339.5669820514,-19818165.381989654,19818165.381989654,0.15749891611151157
Rail,101021,scenario_63,4293072.03143098,-19818165.381989654,19818165.381989654,0.21662308032470234
Rail,101021,scenario_64,3904296.013760237,-19818165.381989654,19818165.381989654,0.1970059255489099
Rail,101021,scenario_65,2684591.5891204313,-19818165.381989654,19818165.381989654,0.13546115583232207
Rail,101021,scenario_66,2622209.946807443,-19818165.381989654,19818165.381989654,0.13231345567387656
Rail,101021,scenario_67,3785959.931510108,-19818165.381989654,19818165.381989654,0.1910348338777469
Rail,101021,scenario_68,2093623.5911999813,-19818165.381989654,19818165.381989654,0.10564164496793552
Rail,101021,scenario_69,1966774.0657280795,-19818165.381989654,19818165.381989654,0.09924097553022965
Rail,101021,scenario_7,4058677.9826183785,-19818165.381989654,19818165.381989654,0.20479584786928978
Rail,101021,scenario_70,2303975.444407539,-19818165.381989654,19818165.381989654,0.11625573810688576
Rail,101021,scenario_71,3243472.445590272,-19818165.381989654,19818165.381989654,0.16366158940917275
Rail,101021,scenario_72,1764286.4599181088,-19818165.381989654,19818165.381989654,0.08902370254319587
Rail,101021,scenario_73,1759252.1828446595,-19818165.381989654,19818165.381989654,0.08876967917743951
Rail,101021,scenario_74,3510847.4669044637,-19818165.381989654,19818165.381989654,0.17715300075631876
Rail,101021,scenario_75,3150897.5852565384,-19818165.381989654,19818165.381989654,0.15899037698615687
Rail,101021,scenario_76,2838900.6286430196,-19818165.381989654,19818165.381989654,0.14324739822904872
Rail,101021,scenario_77,3587633.9728558864,-19818165.381989654,19818165.381989654,0.18102755243511365
Rail,101021,scenario_78,4906855.6211005105,-19818165.381989654,19818165.381989654,0.24759383759910294
Rail,101021,scenario_79,3673937.250408216,-19818165.381989654,19818165.381989654,0.1853823085837711
Rail,101021,scenario_8,2669330.7371362834,-19818165.381989654,19818165.381989654,0.13469111220366123
Rail,101021,scenario_80,6097986.360566433,-19818165.381989654,19818165.381989654,0.3076968146662132
Rail,101021,scenario_81,3285375.7351104044,-19818165.381989654,19818165.381989654,0.16577597733118563
Rail,101021,scenario_82,3985524.2563532297,-19818165.381989654,19818165.381989654,0.201104601739533
Rail,101021,scenario_83,2884754.268120025,-19818165.381989654,19818165.381989654,0.14556111590135537
Rail,101021,scenario_84,2938463.4717575717,-19818165.381989654,19818165.381989654,0.1482712155802266
Rail,101021,scenario_85,2788649.7833374664,-19818165.381989654,19818165.381989654,0.14071180301440692
Rail,101021,scenario_86,4017008.46663363,-19818165.381989654,19818165.381989654,0.20269325586939574
Rail,101021,scenario_87,3655077.583479821,-19818165.381989654,19818165.381989654,0.18443067322475173
Rail,101021,scenario_88,2798280.196898886,-19818165.381989654,19818165.381989654,0.14119774171639046
Rail,101021,scenario_89,3002219.057551769,-19818165.381989654,19818165.381989654,0.15148824321953255
Rail,101021,scenario_9,4371822.178777376,-19818165.381989654,19818165.381989654,0.2205967149083537
Rail,101021,scenario_90,3048335.6117657544,-19818165.381989654,19818165.381989654,0.153815227242781
Rail,101021,scenario_91,4108505.9385581575,-19818165.381989654,19818165.381989654,0.20731010461199825
Rail,101021,scenario_92,2956703.1662665154,-19818165.381989654,19818165.381989654,0.14919156790131075
Rail,101021,scenario_93,3191616.845096067,-19818165.381989654,19818165.381989654,0.16104502024170933
Rail,101021,scenario_94,5813584.096106379,-19818165.381989654,19818165.381989654,0.29334622978722574
Rail,101021,scenario_95,4577448.311176905,-19818165.381989654,19818165.381989654,0.23097235404730235
Rail,101021,scenario_96,4461659.344474822,-19818165.381989654,19818165.381989654,0.2251297866617607
Rail,101021,scenario_97,5094148.486082691,-19818165.381989654,19818165.381989654,0.2570444028442789
Rail,101021,scenario_98,4364175.592523114,-19818165.381989654,19818165.381989654,0.22021087766727326
Rail,101021,scenario_99,5224405.003034798,-19818165.381989654,19818165.381989654,0.2636169848386991
Rail,101022,scenario_1,3200539.65859295,-20260586.765774693,20260586.765774693,0.15796875458708232
Rail,101022,scenario_10,3186679.770492477,-20260586.765774693,20260586.765774693,0.15728467330845486
Rail,101022,scenario_100,1929184.4551522532,-20260586.765774693,20260586.765774693,0.09521858756880322
Rail,101022,scenario_11,2421771.7386995987,-20260586.765774693,20260586.765774693,0.11953117482217197
Rail,101022,scenario_12,3941527.471349778,-20260586.765774693,20260586.765774693,0.19454162492509966
Rail,101022,scenario_13,2486954.833179884,-20260586.765774693,20260586.765774693,0.12274841108654297
Rail,101022,scenario_14,2742312.344702612,-20260586.765774693,20260586.765774693,0.1353520693356758
Rail,101022,scenario_15,1894193.2915014103,-20260586.765774693,20260586.765774693,0.09349153178037206
Rail,101022,scenario_16,2965048.2358265105,-20260586.765774693,20260586.765774693,0.1463456251343734
Rail,101022,scenario_17,3001221.1788573577,-20260586.765774693,20260586.765774693,0.14813100990377964
Rail,101022,scenario_18,1561759.5349329824,-20260586.765774693,20260586.765774693,0.07708362807987344
Rail,101022,scenario_19,2381678.522622123,-20260586.765774693,20260586.765774693,0.11755229748061326
Rail,101022,scenario_2,1569320.489161826,-20260586.765774693,20260586.765774693,0.07745681343310398
Rail,101022,scenario_20,3369788.680303485,-20260586.765774693,20260586.765774693,0.16632236367388525
Rail,101022,scenario_21,3033182.3490754375,-20260586.765774693,20260586.765774693,0.1497085145727002
Rail,101022,scenario_22,2473153.419778934,-20260586.765774693,20260586.765774693,0.12206721593851971
Rail,101022,scenario_23,1684713.0746029648,-20260586.765774693,20260586.765774693,0.08315223512918567
Rail,101022,scenario_24,3220167.83741689,-20260586.765774693,20260586.765774693,0.15893754088388873
Rail,101022,scenario_25,2511769.5318364073,-20260586.765774693,20260586.765774693,0.12397318798680736
Rail,101022,scenario_26,1541367.7982337666,-20260586.765774693,20260586.765774693,0.07607715492413727
Rail,101022,scenario_27,2225229.3349457392,-20260586.765774693,20260586.765774693,0.10983044867706991
Rail,101022,scenario_28,1112370.577818246,-20260586.765774693,20260586.765774693,0.0549031768269083
Rail,101022,scenario_29,2814340.9258581907,-20260586.765774693,20260586.765774693,0.13890717768412963
Rail,101022,scenario_3,2690150.3199132406,-20260586.765774693,20260586.765774693,0.13277751286342762
Rail,101022,scenario_30,2575936.5037488127,-20260586.765774693,20260586.765774693,0.12714027157891733
Rail,101022,scenario_31,2939662.406477321,-20260586.765774693,20260586.765774693,0.1450926589867161
Rail,101022,scenario_32,3120809.675157716,-20260586.765774693,20260586.765774693,0.15403352880330004
Rail,101022,scenario_33,2225906.418461697,-20260586.765774693,20260586.765774693,0.1098638674286483
Rail,101022,scenario_34,3627289.758732456,-20260586.765774693,20260586.765774693,0.17903182176638016
Rail,101022,scenario_35,2966449.073960756,-20260586.765774693,20260586.765774693,0.1464147661790253
Rail,101022,scenario_36,2498103.407854612,-20260586.765774693,20260586.765774693,0.12329867030675275
Rail,101022,scenario_37,3611063.66409749,-20260586.765774693,20260586.765774693,0.17823095183983018
Rail,101022,scenario_38,2840244.2006533914,-20260586.765774693,20260586.765774693,0.1401856833411799
Rail,101022,scenario_39,2522888.305731049,-20260586.765774693,20260586.765774693,0.12452197633253405
Rail,101022,scenario_4,1935837.4686507192,-20260586.765774693,20260586.765774693,0.09554695977121665
Rail,101022,scenario_40,2911882.3572310563,-20260586.765774693,20260586.765774693,0.14372152153806175
Rail,101022,scenario_41,3183345.363146675,-20260586.765774693,20260586.765774693,0.15712009725819778
Rail,101022,scenario_42,3685505.888484384,-20260586.765774693,20260586.765774693,0.18190519016508175
Rail,101022,scenario_43,2602855.237618448,-20260586.765774693,20260586.765774693,0.12846889716024096
Rail,101022,scenario_44,3052964.34947348,-20260586.765774693,20260586.765774693,0.15068489302741797
Rail,101022,scenario_45,2561073.642911625,-20260586.765774693,20260586.765774693,0.12640668666308977
Rail,101022,scenario_46,2860848.339641339,-20260586.765774693,20260586.765774693,0.1412026400180099
Rail,101022,scenario_47,1847387.1901870857,-20260586.765774693,20260586.765774693,0.09118132715227155
Rail,101022,scenario_48,2109731.7512288657,-20260586.765774693,20260586.765774693,0.10412984459032261
Rail,101022,scenario_49,2650375.383268204,-20260586.765774693,20260586.765774693,0.1308143448118376
Rail,101022,scenario_5,2834479.460141321,-20260586.765774693,20260586.765774693,0.13990115355047272
Rail,101022,scenario_50,2674148.487268192,-20260586.765774693,20260586.765774693,0.1319877118162003
Rail,101022,scenario_51,2758395.6267376076,-20260586.765774693,20260586.765774693,0.13614589047328296
Rail,101022,scenario_52,3891510.6423571,-20260586.765774693,20260586.765774693,0.1920729486932163
Rail,101022,scenario_53,3448556.827604586,-20260586.765774693,20260586.765774693,0.17021011619614487
Rail,101022,scenario_54,4096473.269861622,-20260586.765774693,20260586.765774693,0.2021892710818036
Rail,101022,scenario_55,2629148.1410614755,-20260586.765774693,20260586.765774693,0.12976663368421187
Rail,101022,scenario_56,3074691.446388471,-20260586.765774693,20260586.765774693,0.1517572754399399
Rail,101022,scenario_57,2278741.870701644,-20260586.765774693,20260586.765774693,0.1124716622003772
Rail,101022,scenario_58,2351311.536302109,-20260586.765774693,20260586.765774693,0.11605347680621346
Rail,101022,scenario_59,2059780.415645591,-20260586.765774693,20260586.765774693,0.10166440091089002
Rail,101022,scenario_6,2446267.0145882885,-20260586.765774693,20260586.765774693,0.12074018600096313
Rail,101022,scenario_60,2376103.4039605316,-20260586.765774693,20260586.765774693,0.11727712683891156
Rail,101022,scenario_61,2272480.8682619007,-20260586.765774693,20260586.765774693,0.11216263845332956
Rail,101022,scenario_62,2579669.0748029896,-20260586.765774693,20260586.765774693,0.12732449976032825
Rail,101022,scenario_63,3542260.479815515,-20260586.765774693,20260586.765774693,0.17483503912133966
Rail,101022,scenario_64,3224955.4341465775,-20260586.765774693,20260586.765774693,0.15917384187482422
Rail,101022,scenario_65,2209354.040389054,-20260586.765774693,20260586.765774693,0.10904689315914667
Rail,101022,scenario_66,2157367.827061243,-20260586.765774693,20260586.765774693,0.10648101419775208
Rail,101022,scenario_67,3126159.8039108454,-20260586.765774693,20260586.765774693,0.15429759463786744
Rail,101022,scenario_68,1718985.6422650109,-20260586.765774693,20260586.765774693,0.08484382323856567
Rail,101022,scenario_69,1611268.503583866,-20260586.765774693,20260586.765774693,0.07952723789351007
Rail,101022,scenario_7,3354999.8459792207,-20260586.765774693,20260586.765774693,0.16559243247814878
Rail,101022,scenario_70,1891556.983684124,-20260586.765774693,20260586.765774693,0.09336141176717778
Rail,101022,scenario_71,2671646.626782096,-20260586.765774693,20260586.765774693,0.13186422770811307
Rail,101022,scenario_72,1445659.3695712984,-20260586.765774693,20260586.765774693,0.07135328242385292
Rail,101022,scenario_73,1444539.2635398223,-20260586.765774693,20260586.765774693,0.07129799744891979
Rail,101022,scenario_74,2890697.893727081,-20260586.765774693,20260586.765774693,0.14267592183510736
Rail,101022,scenario_75,2596026.9657318788,-20260586.765774693,20260586.765774693,0.12813187474497192
Rail,101022,scenario_76,2340500.181454028,-20260586.765774693,20260586.765774693,0.11551986171534433
Rail,101022,scenario_77,2958439.6419862583,-20260586.765774693,20260586.765774693,0.14601944534912575
Rail,101022,scenario_78,4050771.2623311006,-20260586.765774693,20260586.765774693,0.19993356111353539
Rail,101022,scenario_79,3029224.4909412907,-20260586.765774693,20260586.765774693,0.14951316691668698
Rail,101022,scenario_8,2196001.3114631474,-20260586.765774693,20260586.765774693,0.10838784369131671
Rail,101022,scenario_80,5046781.50259004,-20260586.765774693,20260586.765774693,0.2490935509881354
Rail,101022,scenario_81,2697976.9907033704,-20260586.765774693,20260586.765774693,0.13316381316561585
Rail,101022,scenario_82,3289220.5046027596,-20260586.765774693,20260586.765774693,0.16234576730813607
Rail,101022,scenario_83,2378475.9198851543,-20260586.765774693,20260586.765774693,0.11739422689884815
Rail,101022,scenario_84,2422861.8647838165,-20260586.765774693,20260586.765774693,0.11958498007948364
Rail,101022,scenario_85,2289756.1221658676,-20260586.765774693,20260586.765774693,0.11301529164169374
Rail,101022,scenario_86,3307152.9925051704,-20260586.765774693,20260586.765774693,0.16323085953718758
Rail,101022,scenario_87,3023773.308422722,-20260586.765774693,20260586.765774693,0.14924411338030188
Rail,101022,scenario_88,2302803.7187177953,-20260586.765774693,20260586.765774693,0.11365928071776377
Rail,101022,scenario_89,2472274.8062675972,-20260586.765774693,20260586.765774693,0.12202385028867481
Rail,101022,scenario_9,3611065.6798586086,-20260586.765774693,20260586.765774693,0.17823105133157452
Rail,101022,scenario_90,2514282.8675984098,-20260586.765774693,20260586.765774693,0.12409723847907879
Rail,101022,scenario_91,3401092.5827613072,-20260586.765774693,20260586.765774693,0.1678674276357396
Rail,101022,scenario_92,2437328.3578161667,-20260586.765774693,20260586.765774693,0.12029900150441038
Rail,101022,scenario_93,2629132.370364829,-20260586.765774693,20260586.765774693,0.1297658552913238
Rail,101022,scenario_94,4802647.7323280955,-20260586.765774693,20260586.765774693,0.2370438619497928
Rail,101022,scenario_95,3780159.5601840233,-20260586.765774693,20260586.765774693,0.1865770031186697
Rail,101022,scenario_96,3678368.2352891094,-20260586.765774693,20260586.765774693,0.18155289764375496
Rail,101022,scenario_97,4209425.489896126,-20260586.765774693,20260586.765774693,0.20776424387702933
Rail,101022,scenario_98,3600619.213891038,-20260586.765774693,20260586.765774693,0.17771544602910533
Rail,101022,scenario_99,4310653.14644143,-20260586.765774693,20260586.765774693,0.21276052842276139
Rail,101023,scenario_1,18305061.426562667,-21415121.526016407,21415121.526016407,0.8547727083558481
Rail,101023,scenario_10,18060166.079672683,-21415121.526016407,21415121.526016407,0.8433370811242926
Rail,101023,scenario_100,11077392.620827826,-21415121.526016407,21415121.526016407,0.5172696595426894
Rail,101023,scenario_11,13890451.288499946,-21415121.526016407,21415121.526016407,0.6486281794677173
Rail,101023,scenario_12,22424106.159110237,-21415121.526016407,21415121.526016407,1.0471155221728745
Rail,101023,scenario_13,14287780.061002908,-21415121.526016407,21415121.526016407,0.6671818342774863
Rail,101023,scenario_14,15678320.286663014,-21415121.526016407,21415121.526016407,0.7321144672289638
Rail,101023,scenario_15,10928487.216606423,-21415121.526016407,21415121.526016407,0.51031637636657
Rail,101023,scenario_16,16908904.263732053,-21415121.526016407,21415121.526016407,0.7895777870412772
Rail,101023,scenario_17,17077856.78309233,-21415121.526016407,21415121.526016407,0.797467189824027
Rail,101023,scenario_18,9043251.300567606,-21415121.526016407,21415121.526016407,0.4222834453487135
Rail,101023,scenario_19,13616486.552026397,-21415121.526016407,21415121.526016407,0.6358351287189405
Rail,101023,scenario_2,9031019.97346773,-21415121.526016407,21415121.526016407,0.42171229159247553
Rail,101023,scenario_20,19265156.97639659,-21415121.526016407,21415121.526016407,0.8996053070720188
Rail,101023,scenario_21,17308941.355742898,-21415121.526016407,21415121.526016407,0.8082579094736834
Rail,101023,scenario_22,14220658.22493705,-21415121.526016407,21415121.526016407,0.6640475146340364
Rail,101023,scenario_23,9731591.118121495,-21415121.526016407,21415121.526016407,0.45442614492282757
Rail,101023,scenario_24,18353686.91887471,-21415121.526016407,21415121.526016407,0.8570433231759867
Rail,101023,scenario_25,14418732.899341382,-21415121.526016407,21415121.526016407,0.673296804868682
Rail,101023,scenario_26,8916063.008065764,-21415121.526016407,21415121.526016407,0.4163442638994125
Rail,101023,scenario_27,12765003.40132066,-21415121.526016407,21415121.526016407,0.5960742919816238
Rail,101023,scenario_28,6488718.135496668,-21415121.526016407,21415121.526016407,0.30299702607868806
Rail,101023,scenario_29,16185362.167920042,-21415121.526016407,21415121.526016407,0.7557912827278177
Rail,101023,scenario_3,15356996.917860828,-21415121.526016407,21415121.526016407,0.7171099589233806
Rail,101023,scenario_30,14733483.15480186,-21415121.526016407,21415121.526016407,0.6879943752316661
Rail,101023,scenario_31,16781748.500491325,-21415121.526016407,21415121.526016407,0.7836401245775713
Rail,101023,scenario_32,17720067.692958966,-21415121.526016407,21415121.526016407,0.8274558550336284
Rail,101023,scenario_33,12742450.861679956,-21415121.526016407,21415121.526016407,0.5950211791326817
Rail,101023,scenario_34,20629008.40860999,-21415121.526016407,21415121.526016407,0.9632916807662568
Rail,101023,scenario_35,16882874.309827853,-21415121.526016407,21415121.526016407,0.7883622929394773
Rail,101023,scenario_36,14234406.641477557,-21415121.526016407,21415121.526016407,0.6646895103623262
Rail,101023,scenario_37,20566007.592846435,-21415121.526016407,21415121.526016407,0.9603497961877818
Rail,101023,scenario_38,16205493.382530022,-21415121.526016407,21415121.526016407,0.7567313294413293
Rail,101023,scenario_39,14429085.619899465,-21415121.526016407,21415121.526016407,0.6737802352590025
Rail,101023,scenario_4,11119055.538430933,-21415121.526016407,21415121.526016407,0.5192151501415867
Rail,101023,scenario_40,16728211.264357757,-21415121.526016407,21415121.526016407,0.7811401510860116
Rail,101023,scenario_41,18183574.013075195,-21415121.526016407,21415121.526016407,0.8490997350159639
Rail,101023,scenario_42,20944249.81943502,-21415121.526016407,21415121.526016407,0.9780121861083373
Rail,101023,scenario_43,14803086.347148962,-21415121.526016407,21415121.526016407,0.6912445642283778
Rail,101023,scenario_44,17468524.113072738,-21415121.526016407,21415121.526016407,0.8157097820738911
Rail,101023,scenario_45,14676545.448483966,-21415121.526016407,21415121.526016407,0.68533561346612
Rail,101023,scenario_46,16295495.63106784,-21415121.526016407,21415121.526016407,0.760934072275568
Rail,101023,scenario_47,10647169.168936018,-21415121.526016407,21415121.526016407,0.49717995557490446
Rail,101023,scenario_48,12099003.027780076,-21415121.526016407,21415121.526016407,0.5649747545481572
Rail,101023,scenario_49,15201115.83175042,-21415121.526016407,21415121.526016407,0.7098309394734543
Rail,101023,scenario_5,16173470.944471998,-21415121.526016407,21415121.526016407,0.7552360104435303
Rail,101023,scenario_50,15264822.102091262,-21415121.526016407,21415121.526016407,0.7128057659419125
Rail,101023,scenario_51,15723089.34653844,-21415121.526016407,21415121.526016407,0.7342050021727434
Rail,101023,scenario_52,22180839.579909697,-21415121.526016407,21415121.526016407,1.035755951838193
Rail,101023,scenario_53,19606587.182327628,-21415121.526016407,21415121.526016407,0.9155487237608407
Rail,101023,scenario_54,23322778.0511986,-21415121.526016407,21415121.526016407,1.089079883243467
Rail,101023,scenario_55,15043924.970275836,-21415121.526016407,21415121.526016407,0.702490758784607
Rail,101023,scenario_56,17555230.617324963,-21415121.526016407,21415121.526016407,0.8197586269121933
Rail,101023,scenario_57,13059024.135476898,-21415121.526016407,21415121.526016407,0.6098038771160833
Rail,101023,scenario_58,13473686.195273789,-21415121.526016407,21415121.526016407,0.6291669266926703
Rail,101023,scenario_59,11932719.256660184,-21415121.526016407,21415121.526016407,0.5572099715690888
Rail,101023,scenario_6,14114093.66900131,-21415121.526016407,21415121.526016407,0.6590713786916708
Rail,101023,scenario_60,13632558.405432915,-21415121.526016407,21415121.526016407,0.6365856195992745
Rail,101023,scenario_61,13047366.27493872,-21415121.526016407,21415121.526016407,0.6092595019406253
Rail,101023,scenario_62,14665853.551032946,-21415121.526016407,21415121.526016407,0.6848363448797601
Rail,101023,scenario_63,20197788.547722384,-21415121.526016407,21415121.526016407,0.9431554485079559
Rail,101023,scenario_64,18349829.40991218,-21415121.526016407,21415121.526016407,0.8568631930301996
Rail,101023,scenario_65,12665701.11157242,-21415121.526016407,21415121.526016407,0.5914372746465785
Rail,101023,scenario_66,12370235.895083176,-21415121.526016407,21415121.526016407,0.5776402379998196
Rail,101023,scenario_67,17798907.13736728,-21415121.526016407,21415121.526016407,0.8311373398345684
Rail,101023,scenario_68,9909024.405741418,-21415121.526016407,21415121.526016407,0.4627115654563681
Rail,101023,scenario_69,9336045.095105298,-21415121.526016407,21415121.526016407,0.43595573734023857
Rail,101023,scenario_7,19082001.87765248,-21415121.526016407,21415121.526016407,0.8910527009837648
Rail,101023,scenario_70,10900020.30353148,-21415121.526016407,21415121.526016407,0.508987086077913
Rail,101023,scenario_71,15300976.278062733,-21415121.526016407,21415121.526016407,0.7144940204739986
Rail,101023,scenario_72,8378905.288426624,-21415121.526016407,21415121.526016407,0.3912611599353949
Rail,101023,scenario_73,8328985.90691136,-21415121.526016407,21415121.526016407,0.38893012569612534
Rail,101023,scenario_74,16549358.162714,-21415121.526016407,21415121.526016407,0.7727884309509438
Rail,101023,scenario_75,14850773.452235214,-21415121.526016407,21415121.526016407,0.6934713601411778
Rail,101023,scenario_76,13386025.155848518,-21415121.526016407,21415121.526016407,0.6250735089028727
Rail,101023,scenario_77,16887338.315930583,-21415121.526016407,21415121.526016407,0.7885707440611441
Rail,101023,scenario_78,23044606.16510703,-21415121.526016407,21415121.526016407,1.0760903755372588
Rail,101023,scenario_79,17282654.391651187,-21415121.526016407,21415121.526016407,0.8070304140303456
Rail,101023,scenario_8,12610846.804028776,-21415121.526016407,21415121.526016407,0.5888757992201138
Rail,101023,scenario_80,28571653.394104727,-21415121.526016407,21415121.526016407,1.3341812400828137
Rail,101023,scenario_81,15529273.342840234,-21415121.526016407,21415121.526016407,0.7251545747230207
Rail,101023,scenario_82,18744978.04684367,-21415121.526016407,21415121.526016407,0.8753150442817296
Rail,101023,scenario_83,13594220.564858723,-21415121.526016407,21415121.526016407,0.6347953967173909
Rail,101023,scenario_84,13820771.015760155,-21415121.526016407,21415121.526016407,0.6453743911268415
Rail,101023,scenario_85,13193953.723801684,-21415121.526016407,21415121.526016407,0.6161045459290463
Rail,101023,scenario_86,18926086.441411786,-21415121.526016407,21415121.526016407,0.8837720775209803
Rail,101023,scenario_87,17164940.007163107,-21415121.526016407,21415121.526016407,0.8015336259619206
Rail,101023,scenario_88,13215101.38783388,-21415121.526016407,21415121.526016407,0.6170920567403441
Rail,101023,scenario_89,14171364.594386492,-21415121.526016407,21415121.526016407,0.6617457004467729
Rail,101023,scenario_9,20552286.474408243,-21415121.526016407,21415121.526016407,0.9597090751710217
Rail,101023,scenario_90,14341262.94694809,-21415121.526016407,21415121.526016407,0.6696792698339555
Rail,101023,scenario_91,19248786.81564669,-21415121.526016407,21415121.526016407,0.8988408864391491
Rail,101023,scenario_92,13944641.068853712,-21415121.526016407,21415121.526016407,0.6511586241484973
Rail,101023,scenario_93,15054387.615688575,-21415121.526016407,21415121.526016407,0.7029793222232982
Rail,101023,scenario_94,27267019.23840634,-21415121.526016407,21415121.526016407,1.27326007490925
Rail,101023,scenario_95,21500197.77821588,-21415121.526016407,21415121.526016407,1.003972718627635
Rail,101023,scenario_96,21019053.262025096,-21415121.526016407,21415121.526016407,0.9815052058653908
Rail,101023,scenario_97,23907930.089361195,-21415121.526016407,21415121.526016407,1.1164041287515634
Rail,101023,scenario_98,20512651.753782563,-21415121.526016407,21415121.526016407,0.9578582932094283
Rail,101023,scenario_99,24536121.733366556,-21415121.526016407,21415121.526016407,1.1457381506595032
Rail,101024,scenario_1,9184044.694281278,-21522963.63703254,21522963.63703254,0.42670911168010134
Rail,101024,scenario_10,9053460.728049291,-21522963.63703254,21522963.63703254,0.42064191905578713
Rail,101024,scenario_100,5562910.325984011,-21522963.63703254,21522963.63703254,0.25846395597734667
Rail,101024,scenario_11,6971907.690005151,-21522963.63703254,21522963.63703254,0.32392879566126503
Rail,101024,scenario_12,11241267.921156494,-21522963.63703254,21522963.63703254,0.5222918233163161
Rail,101024,scenario_13,7176435.060932898,-21522963.63703254,21522963.63703254,0.33343154697269856
Rail,101024,scenario_14,7868948.175802879,-21522963.63703254,21522963.63703254,0.36560709335881236
Rail,101024,scenario_15,5491788.315826825,-21522963.63703254,21522963.63703254,0.2551594849316021
Rail,101024,scenario_16,8486345.909926487,-21522963.63703254,21522963.63703254,0.3942926287030858
Rail,101024,scenario_17,8564302.183605641,-21522963.63703254,21522963.63703254,0.3979146333207501
Rail,101024,scenario_18,4549039.603683686,-21522963.63703254,21522963.63703254,0.21135749148674773
Rail,101024,scenario_19,6829028.777248496,-21522963.63703254,21522963.63703254,0.3172903551952496
Rail,101024,scenario_2,4537560.3584186435,-21522963.63703254,21522963.63703254,0.21082414275937772
Rail,101024,scenario_20,9665894.0395588,-21522963.63703254,21522963.63703254,0.44909679738191843
Rail,101024,scenario_21,8682194.695504902,-21522963.63703254,21522963.63703254,0.4033921555564154
Rail,101024,scenario_22,7141408.225793759,-21522963.63703254,21522963.63703254,0.3318041300551291
Rail,101024,scenario_23,4889317.364458131,-21522963.63703254,21522963.63703254,0.22716747781172394
Rail,101024,scenario_24,9205938.193155916,-21522963.63703254,21522963.63703254,0.42772632748940415
Rail,101024,scenario_25,7238090.47216925,-21522963.63703254,21522963.63703254,0.3362961808714553
Rail,101024,scenario_26,4484601.303047202,-21522963.63703254,21522963.63703254,0.20836355897247208
Rail,101024,scenario_27,6413090.807337455,-21522963.63703254,21522963.63703254,0.29796504401015916
Rail,101024,scenario_28,3266151.2389024915,-21522963.63703254,21522963.63703254,0.15175192849755748
Rail,101024,scenario_29,8127017.553090736,-21522963.63703254,21522963.63703254,0.3775975135277068
Rail,101024,scenario_3,7707413.489298971,-21522963.63703254,21522963.63703254,0.35810186827791457
Rail,101024,scenario_30,7394427.190008229,-21522963.63703254,21522963.63703254,0.34355989791690833
Rail,101024,scenario_31,8423655.126285162,-21522963.63703254,21522963.63703254,0.39137988932859463
Rail,101024,scenario_32,8888156.305386767,-21522963.63703254,21522963.63703254,0.4129615444823664
Rail,101024,scenario_33,6395932.379263076,-21522963.63703254,21522963.63703254,0.29716782907434725
Rail,101024,scenario_34,10346364.423723562,-21522963.63703254,21522963.63703254,0.48071281437847835
Rail,101024,scenario_35,8471060.857652605,-21522963.63703254,21522963.63703254,0.3935824545592433
Rail,101024,scenario_36,7141811.196690711,-21522963.63703254,21522963.63703254,0.33182285289013214
Rail,101024,scenario_37,10312021.375703773,-21522963.63703254,21522963.63703254,0.4791171675800654
Rail,101024,scenario_38,8130920.717078016,-21522963.63703254,21522963.63703254,0.3777788623443988
Rail,101024,scenario_39,7244561.962399728,-21522963.63703254,21522963.63703254,0.3365968592696357
Rail,101024,scenario_4,5583591.220669151,-21522963.63703254,21522963.63703254,0.2594248317672196
Rail,101024,scenario_40,8404641.664714886,-21522963.63703254,21522963.63703254,0.3904964858210237
Rail,101024,scenario_41,9122838.052904736,-21522963.63703254,21522963.63703254,0.42386532852789505
Rail,101024,scenario_42,10499639.049301077,-21522963.63703254,21522963.63703254,0.48783426048424555
Rail,101024,scenario_43,7431322.191817732,-21522963.63703254,21522963.63703254,0.3452741135998276
Rail,101024,scenario_44,8765946.71560668,-21522963.63703254,21522963.63703254,0.4072834421614661
Rail,101024,scenario_45,7366537.975791676,-21522963.63703254,21522963.63703254,0.3422641091637012
Rail,101024,scenario_46,8175992.088257221,-21522963.63703254,21522963.63703254,0.3798729685250948
Rail,101024,scenario_47,5350421.406491554,-21522963.63703254,21522963.63703254,0.24859129517301176
Rail,101024,scenario_48,6073429.510903265,-21522963.63703254,21522963.63703254,0.28218369985317854
Rail,101024,scenario_49,7631973.775454436,-21522963.63703254,21522963.63703254,0.35459678807071054
Rail,101024,scenario_5,8119575.617722995,-21522963.63703254,21522963.63703254,0.37725174630469593
Rail,101024,scenario_50,7659447.258569972,-21522963.63703254,21522963.63703254,0.3558732611242757
Rail,101024,scenario_51,7888776.468704413,-21522963.63703254,21522963.63703254,0.36652835556210006
Rail,101024,scenario_52,11122350.77874656,-21522963.63703254,21522963.63703254,0.516766694694841
Rail,101024,scenario_53,9837269.60352099,-21522963.63703254,21522963.63703254,0.45705924934031505
Rail,101024,scenario_54,11695582.463450622,-21522963.63703254,21522963.63703254,0.5434001869206866
Rail,101024,scenario_55,7551554.980014176,-21522963.63703254,21522963.63703254,0.3508603697597168
Rail,101024,scenario_56,8811362.6798862,-21522963.63703254,21522963.63703254,0.40939355882780554
Rail,101024,scenario_57,6558137.195688182,-21522963.63703254,21522963.63703254,0.3047041897336207
Rail,101024,scenario_58,6761936.880089325,-21522963.63703254,21522963.63703254,0.31417313127150837
Rail,101024,scenario_59,5992758.306163758,-21522963.63703254,21522963.63703254,0.2784355541005785
Rail,101024,scenario_6,7087597.525733199,-21522963.63703254,21522963.63703254,0.3293039771501652
Rail,101024,scenario_60,6850907.415468207,-21522963.63703254,21522963.63703254,0.31830688054875933
Rail,101024,scenario_61,6550368.251617839,-21522963.63703254,21522963.63703254,0.3043432290313048
Rail,101024,scenario_62,7356484.104010928,-21522963.63703254,21522963.63703254,0.34179698614336357
Rail,101024,scenario_63,10133033.726115411,-21522963.63703254,21522963.63703254,0.47080104287684865
Rail,101024,scenario_64,9204007.099199088,-21522963.63703254,21522963.63703254,0.427636604996285
Rail,101024,scenario_65,6358431.672859499,-21522963.63703254,21522963.63703254,0.29542547114279116
Rail,101024,scenario_66,6209104.795516158,-21522963.63703254,21522963.63703254,0.2884874453271266
Rail,101024,scenario_67,8928283.421027834,-21522963.63703254,21522963.63703254,0.41482593064766304
Rail,101024,scenario_68,4978820.217291888,-21522963.63703254,21522963.63703254,0.23132595962413374
Rail,101024,scenario_69,4694927.090978923,-21522963.63703254,21522963.63703254,0.21813571635185053
Rail,101024,scenario_7,9575301.346065152,-21522963.63703254,21522963.63703254,0.4448876793895536
Rail,101024,scenario_70,5475475.814089031,-21522963.63703254,21522963.63703254,0.2544015734277363
Rail,101024,scenario_71,7682925.430025374,-21522963.63703254,21522963.63703254,0.356964103995701
Rail,101024,scenario_72,4214701.3369719265,-21522963.63703254,21522963.63703254,0.19582346595243447
Rail,101024,scenario_73,4185430.8120882185,-21522963.63703254,21522963.63703254,0.1944634987389349
Rail,101024,scenario_74,8305260.685728573,-21522963.63703254,21522963.63703254,0.38587904648217186
Rail,101024,scenario_75,7454042.007737821,-21522963.63703254,21522963.63703254,0.3463297217541339
Rail,101024,scenario_76,6721198.248148329,-21522963.63703254,21522963.63703254,0.3122803328340803
Rail,101024,scenario_77,8472854.978111936,-21522963.63703254,21522963.63703254,0.3936658129893177
Rail,101024,scenario_78,11552982.351071628,-21522963.63703254,21522963.63703254,0.5367747000786406
Rail,101024,scenario_79,8668131.863856096,-21522963.63703254,21522963.63703254,0.40273876823086097
Rail,101024,scenario_8,6334094.174469768,-21522963.63703254,21522963.63703254,0.29429470222080795
Rail,101024,scenario_80,14318681.053116404,-21522963.63703254,21522963.63703254,0.6652746013322997
Rail,101024,scenario_81,7797851.543737289,-21522963.63703254,21522963.63703254,0.36230380143003443
Rail,101024,scenario_82,9403700.94346751,-21522963.63703254,21522963.63703254,0.4369147809778133
Rail,101024,scenario_83,6824159.070124559,-21522963.63703254,21522963.63703254,0.31706409884849085
Rail,101024,scenario_84,6931380.291918732,-21522963.63703254,21522963.63703254,0.3220458115718115
Rail,101024,scenario_85,6628379.045863243,-21522963.63703254,21522963.63703254,0.3079677667836791
Rail,101024,scenario_86,9495958.067352649,-21522963.63703254,21522963.63703254,0.44120123173993786
Rail,101024,scenario_87,8610382.363672588,-21522963.63703254,21522963.63703254,0.40005561078296453
Rail,101024,scenario_88,6637137.918102843,-21522963.63703254,21522963.63703254,0.30837472153151546
Rail,101024,scenario_89,7116994.726556109,-21522963.63703254,21522963.63703254,0.33066982998152566
Rail,101024,scenario_9,10310112.13395652,-21522963.63703254,21522963.63703254,0.47902846038437197
Rail,101024,scenario_90,7194008.496001224,-21522963.63703254,21522963.63703254,0.3342480439646876
Rail,101024,scenario_91,9646776.980461134,-21522963.63703254,21522963.63703254,0.44820858052572426
Rail,101024,scenario_92,7002614.679179468,-21522963.63703254,21522963.63703254,0.3253555038828727
Rail,101024,scenario_93,7558581.166973451,-21522963.63703254,21522963.63703254,0.35118682047894706
Rail,101024,scenario_94,13664224.899907283,-21522963.63703254,21522963.63703254,0.6348672576111469
Rail,101024,scenario_95,10780728.42410536,-21522963.63703254,21522963.63703254,0.5008942358456608
Rail,101024,scenario_96,10549387.404028,-21522963.63703254,21522963.63703254,0.49014566868833354
Rail,101024,scenario_97,11985665.219165,-21522963.63703254,21522963.63703254,0.5568780127724786
Rail,101024,scenario_98,10285780.167719929,-21522963.63703254,21522963.63703254,0.47789794849730427
Rail,101024,scenario_99,12298915.079619654,-21522963.63703254,21522963.63703254,0.5714322287130601
Rail,101025,scenario_1,2906526.1381358965,-13822839.05103348,13822839.05103348,0.21026983873610153
Rail,101025,scenario_10,2878479.062056017,-13822839.05103348,13822839.05103348,0.208240799985355
Rail,101025,scenario_100,1754554.5271005975,-13822839.05103348,13822839.05103348,0.12693156019706503
Rail,101025,scenario_11,2202675.818454053,-13822839.05103348,13822839.05103348,0.15935046413561238
Rail,101025,scenario_12,3570324.259526566,-13822839.05103348,13822839.05103348,0.25829167556281624
Rail,101025,scenario_13,2262338.395084433,-13822839.05103348,13822839.05103348,0.16366669587426663
Rail,101025,scenario_14,2488492.4252136457,-13822839.05103348,13822839.05103348,0.18002759172889238
Rail,101025,scenario_15,1727010.701894211,-13822839.05103348,13822839.05103348,0.12493892864686788
Rail,101025,scenario_16,2685791.8181258994,-13822839.05103348,13822839.05103348,0.1943010265988081
Rail,101025,scenario_17,2717494.168087834,-13822839.05103348,13822839.05103348,0.19659450262387723
Rail,101025,scenario_18,1425693.612179536,-13822839.05103348,13822839.05103348,0.10314043351846322
Rail,101025,scenario_19,2163568.536228879,-13822839.05103348,13822839.05103348,0.1565212854060626
Rail,101025,scenario_2,1428539.0063659863,-13822839.05103348,13822839.05103348,0.10334628082493516
Rail,101025,scenario_20,3059392.6469091484,-13822839.05103348,13822839.05103348,0.22132881932676554
Rail,101025,scenario_21,2751121.9266821034,-13822839.05103348,13822839.05103348,0.19902727048510435
Rail,101025,scenario_22,2251592.3480393225,-13822839.05103348,13822839.05103348,0.16288928343349116
Rail,101025,scenario_23,1537953.0466670888,-13822839.05103348,13822839.05103348,0.1112617343650617
Rail,101025,scenario_24,2918297.0623431355,-13822839.05103348,13822839.05103348,0.21112139492971566
Rail,101025,scenario_25,2285287.8183778394,-13822839.05103348,13822839.05103348,0.16532694983574864
Rail,101025,scenario_26,1406207.8890118687,-13822839.05103348,13822839.05103348,0.10173075761210806
Rail,101025,scenario_27,2021259.206013394,-13822839.05103348,13822839.05103348,0.1462260537470609
Rail,101025,scenario_28,1019882.244402928,-13822839.05103348,13822839.05103348,0.07378240031859992
Rail,101025,scenario_29,2563125.472689377,-13822839.05103348,13822839.05103348,0.18542684778621815
Rail,101025,scenario_3,2438570.6222743127,-13822839.05103348,13822839.05103348,0.17641604689681967
Rail,101025,scenario_30,2338478.3941721637,-13822839.05103348,13822839.05103348,0.16917497089697536
Rail,101025,scenario_31,2664442.370437043,-13822839.05103348,13822839.05103348,0.1927565213340043
Rail,101025,scenario_32,2820577.439380368,-13822839.05103348,13822839.05103348,0.20405196276733648
Rail,101025,scenario_33,2021552.7078395812,-13822839.05103348,13822839.05103348,0.14624728685446406
Rail,101025,scenario_34,3282455.245040245,-13822839.05103348,13822839.05103348,0.23746606850600843
Rail,101025,scenario_35,2684265.629603414,-13822839.05103348,13822839.05103348,0.19419061595763293
Rail,101025,scenario_36,2262471.9358202843,-13822839.05103348,13822839.05103348,0.16367635675039768
Rail,101025,scenario_37,3272524.456345128,-13822839.05103348,13822839.05103348,0.23674763514666358
Rail,101025,scenario_38,2574758.452197625,-13822839.05103348,13822839.05103348,0.18626842450322245
Rail,101025,scenario_39,2288709.6803196226,-13822839.05103348,13822839.05103348,0.16557450114768607
Rail,101025,scenario_4,1761262.1634300917,-13822839.05103348,13822839.05103348,0.1274168176976935
Rail,101025,scenario_40,2647669.2101258095,-13822839.05103348,13822839.05103348,0.19154308317927304
Rail,101025,scenario_41,2888437.9441952724,-13822839.05103348,13822839.05103348,0.2089612657379032
Rail,101025,scenario_42,3335612.149997457,-13822839.05103348,13822839.05103348,0.24131165368289997
Rail,101025,scenario_43,2352385.1660565254,-13822839.05103348,13822839.05103348,0.17018104293709813
Rail,101025,scenario_44,2772674.6940690847,-13822839.05103348,13822839.05103348,0.2005864847179699
Rail,101025,scenario_45,2327807.1508149267,-13822839.05103348,13822839.05103348,0.16840297005707272
Rail,101025,scenario_46,2590266.962153785,-13822839.05103348,13822839.05103348,0.18739037274402184
Rail,101025,scenario_47,1683119.3199027833,-13822839.05103348,13822839.05103348,0.12176364881980906
Rail,101025,scenario_48,1918194.811178406,-13822839.05103348,13822839.05103348,0.13876995920277246
Rail,101025,scenario_49,2409368.0790349124,-13822839.05103348,13822839.05103348,0.17430341698544
Rail,101025,scenario_5,2567501.4148355294,-13822839.05103348,13822839.05103348,0.1857434211131589
Rail,101025,scenario_50,2424879.3652909747,-13822839.05103348,13822839.05103348,0.1754255660749863
Rail,101025,scenario_51,2498794.4769300264,-13822839.05103348,13822839.05103348,0.18077288375452807
Rail,101025,scenario_52,3528296.561851145,-13822839.05103348,13822839.05103348,0.2552512221856007
Rail,101025,scenario_53,3118461.184292932,-13822839.05103348,13822839.05103348,0.22560207586731446
Rail,101025,scenario_54,3710871.9593276223,-13822839.05103348,13822839.05103348,0.26845946376335583
Rail,101025,scenario_55,2386688.2104715607,-13822839.05103348,13822839.05103348,0.17266266370171743
Rail,101025,scenario_56,2787245.3779477063,-13822839.05103348,13822839.05103348,0.2016405868329426
Rail,101025,scenario_57,2069660.0545759592,-13822839.05103348,13822839.05103348,0.1497275665971976
Rail,101025,scenario_58,2137424.8390156375,-13822839.05103348,13822839.05103348,0.15462994476925712
Rail,101025,scenario_59,1885356.4232649668,-13822839.05103348,13822839.05103348,0.13639429760444227
Rail,101025,scenario_6,2232940.453213142,-13822839.05103348,13822839.05103348,0.16153993003674552
Rail,101025,scenario_60,2157584.035059177,-13822839.05103348,13822839.05103348,0.15608834242324934
Rail,101025,scenario_61,2067559.6409327143,-13822839.05103348,13822839.05103348,0.14957561419179882
Rail,101025,scenario_62,2333394.149568228,-13822839.05103348,13822839.05103348,0.16880715610978406
Rail,101025,scenario_63,3210139.6285108775,-13822839.05103348,13822839.05103348,0.23223446476220583
Rail,101025,scenario_64,2918961.4730973192,-13822839.05103348,13822839.05103348,0.21116946108687273
Rail,101025,scenario_65,2008165.5525976685,-13822839.05103348,13822839.05103348,0.14527880598070955
Rail,101025,scenario_66,1961600.989797774,-13822839.05103348,13822839.05103348,0.1419101374584198
Rail,101025,scenario_67,2830693.8338974207,-13822839.05103348,13822839.05103348,0.20478382360140268
Rail,101025,scenario_68,1566675.8534228974,-13822839.05103348,13822839.05103348,0.11333965820181949
Rail,101025,scenario_69,1472209.7954794655,-13822839.05103348,13822839.05103348,0.10650560207234665
Rail,101025,scenario_7,3034019.2838348453,-13822839.05103348,13822839.05103348,0.2194932077725381
Rail,101025,scenario_70,1724066.1851348714,-13822839.05103348,13822839.05103348,0.12472591041317013
Rail,101025,scenario_71,2425867.6945215445,-13822839.05103348,13822839.05103348,0.17549706580285848
Rail,101025,scenario_72,1320625.7057409375,-13822839.05103348,13822839.05103348,0.09553939685365861
Rail,101025,scenario_73,1316475.0448853096,-13822839.05103348,13822839.05103348,0.09523912128506494
Rail,101025,scenario_74,2626117.319077939,-13822839.05103348,13822839.05103348,0.1899839323443178
Rail,101025,scenario_75,2356567.781192876,-13822839.05103348,13822839.05103348,0.1704836302074055
Rail,101025,scenario_76,2123027.4024945563,-13822839.05103348,13822839.05103348,0.15358837606778222
Rail,101025,scenario_77,2682883.8584294533,-13822839.05103348,13822839.05103348,0.19409065305067447
Rail,101025,scenario_78,3668757.615381995,-13822839.05103348,13822839.05103348,0.26541274204503573
Rail,101025,scenario_79,2747438.70206927,-13822839.05103348,13822839.05103348,0.1987608111420392
Rail,101025,scenario_8,1996905.465892817,-13822839.05103348,13822839.05103348,0.14446420583501737
Rail,101025,scenario_80,4557529.150104275,-13822839.05103348,13822839.05103348,0.32971006413935827
Rail,101025,scenario_81,2458339.324746073,-13822839.05103348,13822839.05103348,0.1778461946688349
Rail,101025,scenario_82,2979987.7101167035,-13822839.05103348,13822839.05103348,0.21558434552516195
Rail,101025,scenario_83,2157283.582451628,-13822839.05103348,13822839.05103348,0.156066606468252
Rail,101025,scenario_84,2197408.6949094385,-13822839.05103348,13822839.05103348,0.15896941914730223
Rail,101025,scenario_85,2086748.0301420365,-13822839.05103348,13822839.05103348,0.1509637797588346
Rail,101025,scenario_86,3004688.7925025676,-13822839.05103348,13822839.05103348,0.21737132157940584
Rail,101025,scenario_87,2732054.347953938,-13822839.05103348,13822839.05103348,0.1976478448361643
Rail,101025,scenario_88,2093291.8904564392,-13822839.05103348,13822839.05103348,0.15143718904112768
Rail,101025,scenario_89,2245540.5751712844,-13822839.05103348,13822839.05103348,0.16245147374434588
Rail,101025,scenario_9,3268512.146063779,-13822839.05103348,13822839.05103348,0.23645736841733717
Rail,101025,scenario_90,2279470.7591577508,-13822839.05103348,13822839.05103348,0.16490612027977883
Rail,101025,scenario_91,3070592.823382274,-13822839.05103348,13822839.05103348,0.2221390853243493
Rail,101025,scenario_92,2211121.1350850672,-13822839.05103348,13822839.05103348,0.15996143244681346
Rail,101025,scenario_93,2387107.9344606623,-13822839.05103348,13822839.05103348,0.17269302823012958
Rail,101025,scenario_94,4346116.603719106,-13822839.05103348,13822839.05103348,0.31441562675173906
Rail,101025,scenario_95,3422267.0302502215,-13822839.05103348,13822839.05103348,0.2475806176730642
Rail,101025,scenario_96,3336655.740519145,-13822839.05103348,13822839.05103348,0.24138715123574242
Rail,101025,scenario_97,3808153.055888389,-13822839.05103348,13822839.05103348,0.27549717115484085
Rail,101025,scenario_98,3263238.3973688856,-13822839.05103348,13822839.05103348,0.2360758441389004
Rail,101025,scenario_99,3906529.85413066,-13822839.05103348,13822839.05103348,0.2826141460309186
Rail,101026,scenario_1,10570383.271707209,-13225354.729246467,13225354.729246467,0.7992513991577049
Rail,101026,scenario_10,10441238.898393149,-13225354.729246467,13225354.729246467,0.7894864910733516
Rail,101026,scenario_100,6386029.364781455,-13225354.729246467,13225354.729246467,0.4828626146911152
Rail,101026,scenario_11,8017291.328961746,-13225354.729246467,13225354.729246467,0.6062061466852271
Rail,101026,scenario_12,12968467.687423442,-13225354.729246467,13225354.729246467,0.9805761700096446
Rail,101026,scenario_13,8234893.422288731,-13225354.729246467,13225354.729246467,0.6226595498476981
Rail,101026,scenario_14,9047849.61708026,-13225354.729246467,13225354.729246467,0.6841290689218265
Rail,101026,scenario_15,6293117.24606748,-13225354.729246467,13225354.729246467,0.47583731211011826
Rail,101026,scenario_16,9757092.748660728,-13225354.729246467,13225354.729246467,0.7377566007423569
Rail,101026,scenario_17,9869713.61729193,-13225354.729246467,13225354.729246467,0.7462721279956375
Rail,101026,scenario_18,5198701.878136903,-13225354.729246467,13225354.729246467,0.39308600673224486
Rail,101026,scenario_19,7869618.052325755,-13225354.729246467,13225354.729246467,0.5950402248888592
Rail,101026,scenario_2,5201705.155093862,-13225354.729246467,13225354.729246467,0.3933130915264483
Rail,101026,scenario_20,11125197.332701268,-13225354.729246467,13225354.729246467,0.8412021878021219
Rail,101026,scenario_21,9999148.64736292,-13225354.729246467,13225354.729246467,0.7560590133171146
Rail,101026,scenario_22,8199253.232927858,-13225354.729246467,13225354.729246467,0.619964711781687
Rail,101026,scenario_23,5607738.832578368,-13225354.729246467,13225354.729246467,0.4240142474346982
Rail,101026,scenario_24,10602537.751135996,-13225354.729246467,13225354.729246467,0.8016826745440415
Rail,101026,scenario_25,8319064.049588717,-13225354.729246467,13225354.729246467,0.6290238878199607
Rail,101026,scenario_26,5126565.290099482,-13225354.729246467,13225354.729246467,0.38763159061152647
Rail,101026,scenario_27,7353224.033211058,-13225354.729246467,13225354.729246467,0.5559944654603618
Rail,101026,scenario_28,3726611.5049072593,-13225354.729246467,13225354.729246467,0.281777810969883
Rail,101026,scenario_29,9334596.539681396,-13225354.729246467,13225354.729246467,0.7058106743283737
Rail,101026,scenario_3,8861767.801284913,-13225354.729246467,13225354.729246467,0.6700589876570989
Rail,101026,scenario_30,8503191.11546503,-13225354.729246467,13225354.729246467,0.6429461658719161
Rail,101026,scenario_31,9681971.714375464,-13225354.729246467,13225354.729246467,0.732076523661389
Rail,101026,scenario_32,10235324.086055672,-13225354.729246467,13225354.729246467,0.7739167905584672
Rail,101026,scenario_33,7352876.509110195,-13225354.729246467,13225354.729246467,0.5559681883503729
Rail,101026,scenario_34,11918540.431444438,-13225354.729246467,13225354.729246467,0.9011887148166886
Rail,101026,scenario_35,9746646.406630475,-13225354.729246467,13225354.729246467,0.7369667283915494
Rail,101026,scenario_36,8217824.532602554,-13225354.729246467,13225354.729246467,0.6213689311810826
Rail,101026,scenario_37,11889007.263214352,-13225354.729246467,13225354.729246467,0.8989556429003054
Rail,101026,scenario_38,9356932.830977574,-13225354.729246467,13225354.729246467,0.7074995735491095
Rail,101026,scenario_39,8320421.127356465,-13225354.729246467,13225354.729246467,0.6291264996436532
Rail,101026,scenario_4,6411686.863235871,-13225354.729246467,13225354.729246467,0.4848026381520873
Rail,101026,scenario_40,9635768.83075813,-13225354.729246467,13225354.729246467,0.7285830155806445
Rail,101026,scenario_41,10501033.552033843,-13225354.729246467,13225354.729246467,0.7940077046713857
Rail,101026,scenario_42,12110461.899880216,-13225354.729246467,13225354.729246467,0.915700345874218
Rail,101026,scenario_43,8536455.190328967,-13225354.729246467,13225354.729246467,0.6454613403640133
Rail,101026,scenario_44,10084257.724743666,-13225354.729246467,13225354.729246467,0.7624943096946505
Rail,101026,scenario_45,8469607.670330873,-13225354.729246467,13225354.729246467,0.6404068430468057
Rail,101026,scenario_46,9407411.945006073,-13225354.729246467,13225354.729246467,0.7113164174116692
Rail,101026,scenario_47,6131013.108695781,-13225354.729246467,13225354.729246467,0.46358023918539565
Rail,101026,scenario_48,6980442.454036324,-13225354.729246467,13225354.729246467,0.5278075784689402
Rail,101026,scenario_49,8768080.35233284,-13225354.729246467,13225354.729246467,0.6629750605436058
Rail,101026,scenario_5,9327114.738731427,-13225354.729246467,13225354.729246467,0.7052449578615463
Rail,101026,scenario_50,8812955.776820075,-13225354.729246467,13225354.729246467,0.6663681963351168
Rail,101026,scenario_51,9077877.570993904,-13225354.729246467,13225354.729246467,0.6863995527408533
Rail,101026,scenario_52,12821879.224643826,-13225354.729246467,13225354.729246467,0.9694922735259117
Rail,101026,scenario_53,11319966.18676301,-13225354.729246467,13225354.729246467,0.8559291163457498
Rail,101026,scenario_54,13480425.175297806,-13225354.729246467,13225354.729246467,1.0192864729357525
Rail,101026,scenario_55,8679041.390197912,-13225354.729246467,13225354.729246467,0.656242616389346
Rail,101026,scenario_56,10128593.810166962,-13225354.729246467,13225354.729246467,0.7658466647982344
Rail,101026,scenario_57,7528127.311284517,-13225354.729246467,13225354.729246467,0.5692193113457186
Rail,101026,scenario_58,7777285.53640834,-13225354.729246467,13225354.729246467,0.5880587474307739
Rail,101026,scenario_59,6882414.105958334,-13225354.729246467,13225354.729246467,0.5203954258208747
Rail,101026,scenario_6,8140492.8540874,-13225354.729246467,13225354.729246467,0.6155217021200622
Rail,101026,scenario_60,7848793.039825517,-13225354.729246467,13225354.729246467,0.5934655969921733
Rail,101026,scenario_61,7526842.146674099,-13225354.729246467,13225354.729246467,0.5691221370440286
Rail,101026,scenario_62,8470578.65575931,-13225354.729246467,13225354.729246467,0.6404802615258043
Rail,101026,scenario_63,11663222.290697567,-13225354.729246467,13225354.729246467,0.881883513105746
Rail,101026,scenario_64,10599155.273385266,-13225354.729246467,13225354.729246467,0.8014269174910189
Rail,101026,scenario_65,7306626.248574649,-13225354.729246467,13225354.729246467,0.5524710979900465
Rail,101026,scenario_66,7138375.5872566365,-13225354.729246467,13225354.729246467,0.5397492720154323
Rail,101026,scenario_67,10279843.0472204,-13225354.729246467,13225354.729246467,0.7772829733245353
Rail,101026,scenario_68,5707737.110162689,-13225354.729246467,13225354.729246467,0.4315753510596306
Rail,101026,scenario_69,5370471.088540387,-13225354.729246467,13225354.729246467,0.4060738784317188
Rail,101026,scenario_7,11013305.564069442,-13225354.729246467,13225354.729246467,0.8327417895048733
Rail,101026,scenario_70,6281626.789189551,-13225354.729246467,13225354.729246467,0.47496849179390255
Rail,101026,scenario_71,8823071.331615265,-13225354.729246467,13225354.729246467,0.6671330570894994
Rail,101026,scenario_72,4817046.393685706,-13225354.729246467,13225354.729246467,0.36422814301028306
Rail,101026,scenario_73,4796046.587257723,-13225354.729246467,13225354.729246467,0.3626402985359459
Rail,101026,scenario_74,9551791.588040233,-13225354.729246467,13225354.729246467,0.7222332998688844
Rail,101026,scenario_75,8569308.50634018,-13225354.729246467,13225354.729246467,0.647945456418652
Rail,101026,scenario_76,7717970.804983247,-13225354.729246467,13225354.729246467,0.5835738218738113
Rail,101026,scenario_77,9750795.457272884,-13225354.729246467,13225354.729246467,0.7372804478136253
Rail,101026,scenario_78,13325550.038491664,-13225354.729246467,13225354.729246467,1.007576001649591
Rail,101026,scenario_79,9986210.168051926,-13225354.729246467,13225354.729246467,0.755080704638378
Rail,101026,scenario_8,7267436.218371736,-13225354.729246467,13225354.729246467,0.5495078481562822
Rail,101026,scenario_80,16530898.724062636,-13225354.729246467,13225354.729246467,1.2499399118200065
Rail,101026,scenario_81,8955431.256392108,-13225354.729246467,13225354.729246467,0.6771411005398685
Rail,101026,scenario_82,10826450.256668724,-13225354.729246467,13225354.729246467,0.8186132227309699
Rail,101026,scenario_83,7842031.488888117,-13225354.729246467,13225354.729246467,0.5929543403131786
Rail,101026,scenario_84,7986876.716523194,-13225354.729246467,13225354.729246467,0.6039064267108892
Rail,101026,scenario_85,7602120.005766105,-13225354.729246467,13225354.729246467,0.574814072015386
Rail,101026,scenario_86,10929617.190077923,-13225354.729246467,13225354.729246467,0.8264139158330653
Rail,101026,scenario_87,9912185.91458566,-13225354.729246467,13225354.729246467,0.7494835577200748
Rail,101026,scenario_88,7616482.465527601,-13225354.729246467,13225354.729246467,0.5759000511861174
Rail,101026,scenario_89,8168438.525242323,-13225354.729246467,13225354.729246467,0.6176347396700588
Rail,101026,scenario_9,11868456.597218117,-13225354.729246467,13225354.729246467,0.8974017589843761
Rail,101026,scenario_90,8283824.378884797,-13225354.729246467,13225354.729246467,0.6263593339062581
Rail,101026,scenario_91,11135607.47436818,-13225354.729246467,13225354.729246467,0.8419893229587987
Rail,101026,scenario_92,8038926.020157283,-13225354.729246467,13225354.729246467,0.6078419962815858
Rail,101026,scenario_93,8681342.60571424,-13225354.729246467,13225354.729246467,0.6564166166761767
Rail,101026,scenario_94,15779885.961068422,-13225354.729246467,13225354.729246467,1.1931540804854843
Rail,101026,scenario_95,12428303.532087898,-13225354.729246467,13225354.729246467,0.939733094992456
Rail,101026,scenario_96,12128520.794860758,-13225354.729246467,13225354.729246467,0.9170658211563749
Rail,101026,scenario_97,13825223.593421211,-13225354.729246467,13225354.729246467,1.0453574876784362
Rail,101026,scenario_98,11857122.73711189,-13225354.729246467,13225354.729246467,0.8965447793162873
Rail,101026,scenario_99,14192163.723888692,-13225354.729246467,13225354.729246467,1.073102689072243
Rail,101027,scenario_1,15083794.077961365,-11446613.836616684,11446613.836616684,1.3177516332131054
Rail,101027,scenario_10,14437566.285629498,-11446613.836616684,11446613.836616684,1.261295828766847
Rail,101027,scenario_100,9575770.312887955,-11446613.836616684,11446613.836616684,0.8365592173867115
Rail,101027,scenario_11,11609894.17436923,-11446613.836616684,11446613.836616684,1.0142645100186947
Rail,101027,scenario_12,17702680.314520735,-11446613.836616684,11446613.836616684,1.546542983558287
Rail,101027,scenario_13,12443011.49311421,-11446613.836616684,11446613.836616684,1.0870473723250924
Rail,101027,scenario_14,13193100.08887712,-11446613.836616684,11446613.836616684,1.1525766726465065
Rail,101027,scenario_15,9723525.907543523,-11446613.836616684,11446613.836616684,0.8494674535484759
Rail,101027,scenario_16,14298952.635029254,-11446613.836616684,11446613.836616684,1.2491862518580121
Rail,101027,scenario_17,13793567.835782971,-11446613.836616684,11446613.836616684,1.2050347843183626
Rail,101027,scenario_18,8428976.28835148,-11446613.836616684,11446613.836616684,0.7363729054428259
Rail,101027,scenario_19,10933968.095205735,-11446613.836616684,11446613.836616684,0.9552142014461045
Rail,101027,scenario_2,8000745.31117252,-11446613.836616684,11446613.836616684,0.6989617563212326
Rail,101027,scenario_20,15878278.533026729,-11446613.836616684,11446613.836616684,1.3871594481709124
Rail,101027,scenario_21,14118432.040493442,-11446613.836616684,11446613.836616684,1.233415597137544
Rail,101027,scenario_22,12233628.980240244,-11446613.836616684,11446613.836616684,1.0687552803699878
Rail,101027,scenario_23,8493680.1140621,-11446613.836616684,11446613.836616684,0.7420255662763415
Rail,101027,scenario_24,14988852.530207492,-11446613.836616684,11446613.836616684,1.3094573420708495
Rail,101027,scenario_25,12168881.105824756,-11446613.836616684,11446613.836616684,1.0630987713499693
Rail,101027,scenario_26,8275425.556778727,-11446613.836616684,11446613.836616684,0.7229583940629138
Rail,101027,scenario_27,11312388.744317766,-11446613.836616684,11446613.836616684,0.9882738166749765
Rail,101027,scenario_28,6168632.29647242,-11446613.836616684,11446613.836616684,0.5389045515573805
Rail,101027,scenario_29,13809187.12593389,-11446613.836616684,11446613.836616684,1.2063993180026347
Rail,101027,scenario_3,12961355.283336446,-11446613.836616684,11446613.836616684,1.1323309642782078
Rail,101027,scenario_30,12363182.343458109,-11446613.836616684,11446613.836616684,1.0800733317227322
Rail,101027,scenario_31,14261847.778402084,-11446613.836616684,11446613.836616684,1.2459446943846155
Rail,101027,scenario_32,14584979.891110796,-11446613.836616684,11446613.836616684,1.2741741880428221
Rail,101027,scenario_33,10742108.376488917,-11446613.836616684,11446613.836616684,0.9384529372455881
Rail,101027,scenario_34,16821114.884973966,-11446613.836616684,11446613.836616684,1.4695275934936094
Rail,101027,scenario_35,14101350.77005923,-11446613.836616684,11446613.836616684,1.231923341814003
Rail,101027,scenario_36,11853095.783670075,-11446613.836616684,11446613.836616684,1.0355111085999156
Rail,101027,scenario_37,16435059.383787297,-11446613.836616684,11446613.836616684,1.4358009817028181
Rail,101027,scenario_38,13439715.00322614,-11446613.836616684,11446613.836616684,1.1741214646582823
Rail,101027,scenario_39,12423217.623185707,-11446613.836616684,11446613.836616684,1.0853181386660355
Rail,101027,scenario_4,9549006.238193374,-11446613.836616684,11446613.836616684,0.8342210521374422
Rail,101027,scenario_40,14823711.275503134,-11446613.836616684,11446613.836616684,1.2950302584755171
Rail,101027,scenario_41,14977713.310235022,-11446613.836616684,11446613.836616684,1.3084841966383691
Rail,101027,scenario_42,16635512.18224926,-11446613.836616684,11446613.836616684,1.453312955228188
Rail,101027,scenario_43,12796453.1534398,-11446613.836616684,11446613.836616684,1.1179247711235878
Rail,101027,scenario_44,14533825.012132524,-11446613.836616684,11446613.836616684,1.2697051913850828
Rail,101027,scenario_45,12327543.621676728,-11446613.836616684,11446613.836616684,1.0769598588398281
Rail,101027,scenario_46,13589319.097789517,-11446613.836616684,11446613.836616684,1.1871911896178862
Rail,101027,scenario_47,9489766.736180035,-11446613.836616684,11446613.836616684,0.8290457659909106
Rail,101027,scenario_48,10225943.481744269,-11446613.836616684,11446613.836616684,0.893359698134692
Rail,101027,scenario_49,12954730.137712857,-11446613.836616684,11446613.836616684,1.1317521777725956
Rail,101027,scenario_5,13915769.681826953,-11446613.836616684,11446613.836616684,1.2157105918356101
Rail,101027,scenario_50,12693101.404349277,-11446613.836616684,11446613.836616684,1.108895747294732
Rail,101027,scenario_51,13069668.90789673,-11446613.836616684,11446613.836616684,1.1417934678715236
Rail,101027,scenario_52,17746697.70415796,-11446613.836616684,11446613.836616684,1.5503884342973009
Rail,101027,scenario_53,16358331.552557264,-11446613.836616684,11446613.836616684,1.4290978787306023
Rail,101027,scenario_54,18756848.593160205,-11446613.836616684,11446613.836616684,1.63863731762827
Rail,101027,scenario_55,12761752.98202588,-11446613.836616684,11446613.836616684,1.1148932919534846
Rail,101027,scenario_56,14888006.80466884,-11446613.836616684,11446613.836616684,1.3006472496733883
Rail,101027,scenario_57,11329530.59930166,-11446613.836616684,11446613.836616684,0.9897713647908271
Rail,101027,scenario_58,11234724.239275264,-11446613.836616684,11446613.836616684,0.9814888839297081
Rail,101027,scenario_59,10103978.974514373,-11446613.836616684,11446613.836616684,0.8827046250300379
Rail,101027,scenario_6,11994932.73887105,-11446613.836616684,11446613.836616684,1.0479022801049114
Rail,101027,scenario_60,12271843.703416506,-11446613.836616684,11446613.836616684,1.072093798094244
Rail,101027,scenario_61,11062029.980012564,-11446613.836616684,11446613.836616684,0.966401954141768
Rail,101027,scenario_62,12078294.076043164,-11446613.836616684,11446613.836616684,1.055184899957557
Rail,101027,scenario_63,16697424.670848535,-11446613.836616684,11446613.836616684,1.4587217590441448
Rail,101027,scenario_64,15056721.77495752,-11446613.836616684,11446613.836616684,1.315386540497455
Rail,101027,scenario_65,10750883.794704454,-11446613.836616684,11446613.836616684,0.939219576038579
Rail,101027,scenario_66,10397634.280722637,-11446613.836616684,11446613.836616684,0.9083589635444452
Rail,101027,scenario_67,14646188.62123731,-11446613.836616684,11446613.836616684,1.2795215100543949
Rail,101027,scenario_68,8753066.786134547,-11446613.836616684,11446613.836616684,0.7646861256150947
Rail,101027,scenario_69,8542269.09145129,-11446613.836616684,11446613.836616684,0.7462704004327761
Rail,101027,scenario_7,16070367.352565035,-11446613.836616684,11446613.836616684,1.4039407270958493
Rail,101027,scenario_70,9497336.600731568,-11446613.836616684,11446613.836616684,0.8297070851076016
Rail,101027,scenario_71,13172034.885297723,-11446613.836616684,11446613.836616684,1.1507363726346365
Rail,101027,scenario_72,7786875.719766047,-11446613.836616684,11446613.836616684,0.6802776638499444
Rail,101027,scenario_73,7419897.98379163,-11446613.836616684,11446613.836616684,0.648217725320308
Rail,101027,scenario_74,13833693.718911069,-11446613.836616684,11446613.836616684,1.2085402649522718
Rail,101027,scenario_75,12531841.958572095,-11446613.836616684,11446613.836616684,1.0948077866035688
Rail,101027,scenario_76,11565877.10706058,-11446613.836616684,11446613.836616684,1.0104190874389756
Rail,101027,scenario_77,13985909.339708485,-11446613.836616684,11446613.836616684,1.221838138277088
Rail,101027,scenario_78,18271735.462384053,-11446613.836616684,11446613.836616684,1.5962568252223572
Rail,101027,scenario_79,14002950.429655416,-11446613.836616684,11446613.836616684,1.2233268833496629
Rail,101027,scenario_8,11016963.2638491,-11446613.836616684,11446613.836616684,0.9624648320542473
Rail,101027,scenario_80,22346784.096522737,-11446613.836616684,11446613.836616684,1.952261552236295
Rail,101027,scenario_81,13266449.5640125,-11446613.836616684,11446613.836616684,1.1589846354014604
Rail,101027,scenario_82,15426058.421698868,-11446613.836616684,11446613.836616684,1.3476525583795185
Rail,101027,scenario_83,11581027.585173111,-11446613.836616684,11446613.836616684,1.011742664728188
Rail,101027,scenario_84,11154731.596234491,-11446613.836616684,11446613.836616684,0.9745005602051073
Rail,101027,scenario_85,11561260.715851087,-11446613.836616684,11446613.836616684,1.0100157898982893
Rail,101027,scenario_86,15576013.143741934,-11446613.836616684,11446613.836616684,1.3607529148852453
Rail,101027,scenario_87,14232892.100159636,-11446613.836616684,11446613.836616684,1.2434150660896675
Rail,101027,scenario_88,11514378.707411297,-11446613.836616684,11446613.836616684,1.0059200801007053
Rail,101027,scenario_89,12327299.811005194,-11446613.836616684,11446613.836616684,1.076938559032303
Rail,101027,scenario_9,16991391.30375099,-11446613.836616684,11446613.836616684,1.484403295706287
Rail,101027,scenario_90,11746164.316995025,-11446613.836616684,11446613.836616684,1.0261693531951
Rail,101027,scenario_91,15111004.400771432,-11446613.836616684,11446613.836616684,1.3201287836261841
Rail,101027,scenario_92,12107816.04213178,-11446613.836616684,11446613.836616684,1.0577640003369355
Rail,101027,scenario_93,12932125.838023916,-11446613.836616684,11446613.836616684,1.129777419122432
Rail,101027,scenario_94,21103231.500378095,-11446613.836616684,11446613.836616684,1.8436222101658364
Rail,101027,scenario_95,17247533.517583344,-11446613.836616684,11446613.836616684,1.5067804124229336
Rail,101027,scenario_96,17743455.407685444,-11446613.836616684,11446613.836616684,1.5501051805317074
Rail,101027,scenario_97,18980243.3158945,-11446613.836616684,11446613.836616684,1.6581535453898528
Rail,101027,scenario_98,16434226.70361278,-11446613.836616684,11446613.836616684,1.435728237030341
Rail,101027,scenario_99,19252127.821067713,-11446613.836616684,11446613.836616684,1.6819059414306348
Rail,101028,scenario_1,6355118.939514454,-16025202.26003876,16025202.26003876,0.3965702795129079
Rail,101028,scenario_10,6279870.208085809,-16025202.26003876,16025202.26003876,0.3918746301096995
Rail,101028,scenario_100,3838745.73339056,-16025202.26003876,16025202.26003876,0.23954429224041976
Rail,101028,scenario_11,4819538.709794914,-16025202.26003876,16025202.26003876,0.30074744964768124
Rail,101028,scenario_12,7798597.589062806,-16025202.26003876,16025202.26003876,0.48664581342038826
Rail,101028,scenario_13,4950030.579912941,-16025202.26003876,16025202.26003876,0.3088903652877183
Rail,101028,scenario_14,5439783.679266267,-16025202.26003876,16025202.26003876,0.3394517954279543
Rail,101028,scenario_15,3782150.481840328,-16025202.26003876,16025202.26003876,0.23601265185099637
Rail,101028,scenario_16,5866803.448001599,-16025202.26003876,16025202.26003876,0.3660985585580627
Rail,101028,scenario_17,5935069.45207974,-16025202.26003876,16025202.26003876,0.3703584738446468
Rail,101028,scenario_18,3123917.9585260577,-16025202.26003876,16025202.26003876,0.19493781780938982
Rail,101028,scenario_19,4731425.109989408,-16025202.26003876,16025202.26003876,0.2952490104781969
Rail,101028,scenario_2,3126542.419983211,-16025202.26003876,16025202.26003876,0.19510158868819474
Rail,101028,scenario_20,6688755.791073753,-16025202.26003876,16025202.26003876,0.4173897890670102
Rail,101028,scenario_21,6012224.046602432,-16025202.26003876,16025202.26003876,0.3751730523610808
Rail,101028,scenario_22,4928413.301142559,-16025202.26003876,16025202.26003876,0.30754141015943964
Rail,101028,scenario_23,3370055.032213715,-16025202.26003876,16025202.26003876,0.21029719173139247
Rail,101028,scenario_24,6375370.354425287,-16025202.26003876,16025202.26003876,0.3978340024027795
Rail,101028,scenario_25,5000778.355470964,-16025202.26003876,16025202.26003876,0.3120571131848459
Rail,101028,scenario_26,3080688.554377053,-16025202.26003876,16025202.26003876,0.19224022913328281
Rail,101028,scenario_27,4420280.275869368,-16025202.26003876,16025202.26003876,0.2758330412397975
Rail,101028,scenario_28,2238654.993838836,-16025202.26003876,16025202.26003876,0.13969589634579885
Rail,101028,scenario_29,5610826.038166781,-16025202.26003876,16025202.26003876,0.3501251308483148
Rail,101028,scenario_3,5328240.045506406,-16025202.26003876,16025202.26003876,0.33249128210962864
Rail,101028,scenario_30,5112262.719824396,-16025202.26003876,16025202.26003876,0.31901392799094885
Rail,101028,scenario_31,5821402.9476667205,-16025202.26003876,16025202.26003876,0.3632654897706508
Rail,101028,scenario_32,6155488.822499832,-16025202.26003876,16025202.26003876,0.38411301914419294
Rail,101028,scenario_33,4420486.917928562,-16025202.26003876,16025202.26003876,0.2758459360573381
Rail,101028,scenario_34,7167276.127165871,-16025202.26003876,16025202.26003876,0.44725027558862995
Rail,101028,scenario_35,5861015.953229788,-16025202.26003876,16025202.26003876,0.3657374089963974
Rail,101028,scenario_36,4941467.970189297,-16025202.26003876,16025202.26003876,0.3083560438117893
Rail,101028,scenario_37,7149165.996449944,-16025202.26003876,16025202.26003876,0.44612017249089325
Rail,101028,scenario_38,5626070.650316488,-16025202.26003876,16025202.26003876,0.351076420691796
Rail,101028,scenario_39,5002347.866148843,-16025202.26003876,16025202.26003876,0.3121550533326463
Rail,101028,scenario_4,3854113.23284339,-16025202.26003876,16025202.26003876,0.24050325046156817
Rail,101028,scenario_40,5792106.262134669,-16025202.26003876,16025202.26003876,0.36143732654021804
Rail,101028,scenario_41,6313709.963501734,-16025202.26003876,16025202.26003876,0.3939862886626969
Rail,101028,scenario_42,7283003.315277961,-16025202.26003876,16025202.26003876,0.4544718498461152
Rail,101028,scenario_43,5133449.881074517,-16025202.26003876,16025202.26003876,0.32033604305110974
Rail,101028,scenario_44,6062714.199754972,-16025202.26003876,16025202.26003876,0.3783237241799598
Rail,101028,scenario_45,5091653.440656129,-16025202.26003876,16025202.26003876,0.3177278737600042
Rail,101028,scenario_46,5656842.387614563,-16025202.26003876,16025202.26003876,0.35299662967254686
Rail,101028,scenario_47,3684891.801615417,-16025202.26003876,16025202.26003876,0.22994354403901948
Rail,101028,scenario_48,4196276.2944531,-16025202.26003876,16025202.26003876,0.26185481008980105
Rail,101028,scenario_49,5270844.8884187825,-16025202.26003876,16025202.26003876,0.32890972624803766
Rail,101028,scenario_5,5608155.25493962,-16025202.26003876,16025202.26003876,0.34995846941192094
Rail,101028,scenario_50,5298925.197569056,-16025202.26003876,16025202.26003876,0.3306619855140749
Rail,101028,scenario_51,5458506.050841869,-16025202.26003876,16025202.26003876,0.3406201034013449
Rail,101028,scenario_52,7709825.053120475,-16025202.26003876,16025202.26003876,0.4811062555101771
Rail,101028,scenario_53,6807377.7713539405,-16025202.26003876,16025202.26003876,0.4247920033015219
Rail,101028,scenario_54,8106173.564822756,-16025202.26003876,16025202.26003876,0.5058390797997422
Rail,101028,scenario_55,5217873.503408959,-16025202.26003876,16025202.26003876,0.3256042213220926
Rail,101028,scenario_56,6089907.003287674,-16025202.26003876,16025202.26003876,0.3800206015791619
Rail,101028,scenario_57,4525650.224921993,-16025202.26003876,16025202.26003876,0.2824083060846838
Rail,101028,scenario_58,4675455.470821061,-16025202.26003876,16025202.26003876,0.2917564093702586
Rail,101028,scenario_59,4135605.358928202,-16025202.26003876,16025202.26003876,0.2580688400570739
Rail,101028,scenario_6,4892436.448046692,-16025202.26003876,16025202.26003876,0.3052963930599937
Rail,101028,scenario_60,4718116.959054053,-16025202.26003876,16025202.26003876,0.29441855912292497
Rail,101028,scenario_61,4524503.760084943,-16025202.26003876,16025202.26003876,0.28233676472012276
Rail,101028,scenario_62,5093912.0281743165,-16025202.26003876,16025202.26003876,0.31786881347992396
Rail,101028,scenario_63,7013025.920043946,-16025202.26003876,16025202.26003876,0.4376247991285562
Rail,101028,scenario_64,6373762.296222842,-16025202.26003876,16025202.26003876,0.39773365682358797
Rail,101028,scenario_65,4392440.357473535,-16025202.26003876,16025202.26003876,0.27409578276754376
Rail,101028,scenario_66,4291248.549785775,-16025202.26003876,16025202.26003876,0.26778124108215756
Rail,101028,scenario_67,6181617.346474845,-16025202.26003876,16025202.26003876,0.38574348368067923
Rail,101028,scenario_68,3430467.514028464,-16025202.26003876,16025202.26003876,0.2140670338110395
Rail,101028,scenario_69,3227058.7405631253,-16025202.26003876,16025202.26003876,0.20137397882398522
Rail,101028,scenario_7,6622882.711955171,-16025202.26003876,16025202.26003876,0.41327919638620225
Rail,101028,scenario_70,3775420.3477257728,-16025202.26003876,16025202.26003876,0.23559267998384947
Rail,101028,scenario_71,5304239.0654275725,-16025202.26003876,16025202.26003876,0.3309935799471615
Rail,101028,scenario_72,2894478.730925877,-16025202.26003876,16025202.26003876,0.18062041801142772
Rail,101028,scenario_73,2882496.59079553,-16025202.26003876,16025202.26003876,0.17987271199587082
Rail,101028,scenario_74,5742507.79122148,-16025202.26003876,16025202.26003876,0.35834229721650895
Rail,101028,scenario_75,5151951.53081879,-16025202.26003876,16025202.26003876,0.32149057760512345
Rail,101028,scenario_76,4640138.940993661,-16025202.26003876,16025202.26003876,0.2895525975709238
Rail,101028,scenario_77,5862820.168114287,-16025202.26003876,16025202.26003876,0.36584999508768173
Rail,101028,scenario_78,8013301.332363082,-16025202.26003876,16025202.26003876,0.500043693822539
Rail,101028,scenario_79,6004465.059909368,-16025202.26003876,16025202.26003876,0.3746888783352457
Rail,101028,scenario_8,4368557.016401501,-16025202.26003876,16025202.26003876,0.27260542148008654
Rail,101028,scenario_80,9942877.925794322,-16025202.26003876,16025202.26003876,0.6204525699240862
Rail,101028,scenario_81,5382718.343146451,-16025202.26003876,16025202.26003876,0.3358908209582518
Rail,101028,scenario_82,6509970.334260674,-16025202.26003876,16025202.26003876,0.4062332711078636
Rail,101028,scenario_83,4714848.563798256,-16025202.26003876,16025202.26003876,0.29421460567492724
Rail,101028,scenario_84,4802355.81288484,-16025202.26003876,16025202.26003876,0.2996752075236038
Rail,101028,scenario_85,4569109.975860741,-16025202.26003876,16025202.26003876,0.2851202687940171
Rail,101028,scenario_86,6570916.997549682,-16025202.26003876,16025202.26003876,0.41003644702415065
Rail,101028,scenario_87,5961234.477786702,-16025202.26003876,16025202.26003876,0.3719912161515697
Rail,101028,scenario_88,4578537.062994714,-16025202.26003876,16025202.26003876,0.28570853513730565
Rail,101028,scenario_89,4910518.9974180395,-16025202.26003876,16025202.26003876,0.306424775034706
Rail,101028,scenario_9,7136985.767738095,-16025202.26003876,16025202.26003876,0.44536010540941734
Rail,101028,scenario_90,4980920.795330587,-16025202.26003876,16025202.26003876,0.3108179675055496
Rail,101028,scenario_91,6697868.955908225,-16025202.26003876,16025202.26003876,0.41795846612247534
Rail,101028,scenario_92,4833021.01500875,-16025202.26003876,16025202.26003876,0.30158876852747196
Rail,101028,scenario_93,5219102.382743495,-16025202.26003876,16025202.26003876,0.3256809054921015
Rail,101028,scenario_94,9489997.304612298,-16025202.26003876,16025202.26003876,0.5921920454181739
Rail,101028,scenario_95,7473799.420949032,-16025202.26003876,16025202.26003876,0.46637785281413074
Rail,101028,scenario_96,7292146.222077116,-16025202.26003876,16025202.26003876,0.4550423828509906
Rail,101028,scenario_97,8314324.368277953,-16025202.26003876,16025202.26003876,0.5188280455598969
Rail,101028,scenario_98,7129827.841226647,-16025202.26003876,16025202.26003876,0.44491343856582327
Rail,101028,scenario_99,8534310.347421175,-16025202.26003876,16025202.26003876,0.5325555465033197
Rail,101029,scenario_1,8637276.034979174,-18203493.123563483,18203493.123563483,0.4744845385635719
Rail,101029,scenario_10,8525943.778520351,-18203493.123563483,18203493.123563483,0.4683685554551042
Rail,101029,scenario_100,5231499.098793062,-18203493.123563483,18203493.123563483,0.28738984673338086
Rail,101029,scenario_11,6554420.382934292,-18203493.123563483,18203493.123563483,0.3600638810608241
Rail,101029,scenario_12,10576228.469548555,-18203493.123563483,18203493.123563483,0.580999943129496
Rail,101029,scenario_13,6748743.7283771625,-18203493.123563483,18203493.123563483,0.37073893909083094
Rail,101029,scenario_14,7403119.2277195165,-18203493.123563483,18203493.123563483,0.4066867374007772
Rail,101029,scenario_15,5162212.087728979,-18203493.123563483,18203493.123563483,0.28358359863617394
Rail,101029,scenario_16,7988467.333900043,-18203493.123563483,18203493.123563483,0.4388425495961203
Rail,101029,scenario_17,8059921.472194983,-18203493.123563483,18203493.123563483,0.44276784776883454
Rail,101029,scenario_18,4276076.109195463,-18203493.123563483,18203493.123563483,0.23490415164660366
Rail,101029,scenario_19,6420533.075124136,-18203493.123563483,18203493.123563483,0.35270884722740864
Rail,101029,scenario_2,4266973.770383282,-18203493.123563483,18203493.123563483,0.23440411911161732
Rail,101029,scenario_20,9091122.720882015,-18203493.123563483,18203493.123563483,0.49941638449128345
Rail,101029,scenario_21,8167690.007515121,-18203493.123563483,18203493.123563483,0.4486880595978839
Rail,101029,scenario_22,6713583.713832163,-18203493.123563483,18203493.123563483,0.3688074408719816
Rail,101029,scenario_23,4593310.409960021,-18203493.123563483,18203493.123563483,0.2523312629494291
Rail,101029,scenario_24,8662492.905603258,-18203493.123563483,18203493.123563483,0.4758698150296279
Rail,101029,scenario_25,6804766.476823512,-18203493.123563483,18203493.123563483,0.3738165214024276
Rail,101029,scenario_26,4215989.009236277,-18203493.123563483,18203493.123563483,0.23160329617060676
Rail,101029,scenario_27,6034270.768184488,-18203493.123563483,18203493.123563483,0.33148971613439593
Rail,101029,scenario_28,3066891.012487127,-18203493.123563483,18203493.123563483,0.16847815920105985
Rail,101029,scenario_29,7638940.764096822,-18203493.123563483,18203493.123563483,0.4196414782725743
Rail,101029,scenario_3,7253667.431755821,-18203493.123563483,18203493.123563483,0.3984766760158973
Rail,101029,scenario_30,6955865.848637,-18203493.123563483,18203493.123563483,0.38211709156156354
Rail,101029,scenario_31,7928325.5878673075,-18203493.123563483,18203493.123563483,0.4355386921647746
Rail,101029,scenario_32,8370380.401641335,-18203493.123563483,18203493.123563483,0.4598227573589329
Rail,101029,scenario_33,6015998.845385015,-18203493.123563483,18203493.123563483,0.33048595698358657
Rail,101029,scenario_34,9739393.239219312,-18203493.123563483,18203493.123563483,0.5350288086527838
Rail,101029,scenario_35,7975625.631021937,-18203493.123563483,18203493.123563483,0.43813709692333175
Rail,101029,scenario_36,6722478.089438214,-18203493.123563483,18203493.123563483,0.36929604904985586
Rail,101029,scenario_37,9701654.505288271,-18203493.123563483,18203493.123563483,0.5329556497444976
Rail,101029,scenario_38,7651035.255623318,-18203493.123563483,18203493.123563483,0.4203058832548709
Rail,101029,scenario_39,6817690.529999186,-18203493.123563483,18203493.123563483,0.37452649794857434
Rail,101029,scenario_4,5249943.964529976,-18203493.123563483,18203493.123563483,0.28840310641995376
Rail,101029,scenario_40,7905892.127780475,-18203493.123563483,18203493.123563483,0.4343063209965292
Rail,101029,scenario_41,8581694.481464554,-18203493.123563483,18203493.123563483,0.4714311930799695
Rail,101029,scenario_42,9881577.215271894,-18203493.123563483,18203493.123563483,0.5428396159021096
Rail,101029,scenario_43,7001234.43049097,-18203493.123563483,18203493.123563483,0.3846093924373357
Rail,101029,scenario_44,8244509.33554595,-18203493.123563483,18203493.123563483,0.4529080918471553
Rail,101029,scenario_45,6927199.380184635,-18203493.123563483,18203493.123563483,0.38054231312438225
Rail,101029,scenario_46,7696677.093105059,-18203493.123563483,18203493.123563483,0.4228131952950342
Rail,101029,scenario_47,5030417.739463964,-18203493.123563483,18203493.123563483,0.27634354051269133
Rail,101029,scenario_48,5711056.920415266,-18203493.123563483,18203493.123563483,0.3137341213386456
Rail,101029,scenario_49,7177207.570630974,-18203493.123563483,18203493.123563483,0.3942763909054603
Rail,101029,scenario_5,7644351.702538698,-18203493.123563483,18203493.123563483,0.41993872553194084
Rail,101029,scenario_50,7206928.066945657,-18203493.123563483,18203493.123563483,0.39590907184823004
Rail,101029,scenario_51,7424861.982037742,-18203493.123563483,18203493.123563483,0.4078811649851226
Rail,101029,scenario_52,10462641.996323876,-18203493.123563483,18203493.123563483,0.5747601257244702
Rail,101029,scenario_53,9263576.280068494,-18203493.123563483,18203493.123563483,0.5088900364994932
Rail,101029,scenario_54,11004870.392095756,-18203493.123563483,18203493.123563483,0.6045471776980276
Rail,101029,scenario_55,7104349.263543354,-18203493.123563483,18203493.123563483,0.3902739554062369
Rail,101029,scenario_56,8292965.917207177,-18203493.123563483,18203493.123563483,0.45557003048345485
Rail,101029,scenario_57,6169908.661718636,-18203493.123563483,18203493.123563483,0.33894091753917316
Rail,101029,scenario_58,6358121.336491134,-18203493.123563483,18203493.123563483,0.34928028886175005
Rail,101029,scenario_59,5624445.4879471185,-18203493.123563483,18203493.123563483,0.30897616461680993
Rail,101029,scenario_6,6657344.13711714,-18203493.123563483,18203493.123563483,0.36571794720539386
Rail,101029,scenario_60,6447581.971954957,-18203493.123563483,18203493.123563483,0.3541947651579517
Rail,101029,scenario_61,6158346.628283437,-18203493.123563483,18203493.123563483,0.3383057628819479
Rail,101029,scenario_62,6926422.3047895,-18203493.123563483,18203493.123563483,0.38049962486725164
Rail,101029,scenario_63,9535773.621046271,-18203493.123563483,18203493.123563483,0.5238430644227675
Rail,101029,scenario_64,8664140.895404069,-18203493.123563483,18203493.123563483,0.47596034654408087
Rail,101029,scenario_65,5979690.483516491,-18203493.123563483,18203493.123563483,0.32849137486563446
Rail,101029,scenario_66,5838286.494938189,-18203493.123563483,18203493.123563483,0.32072341584708425
Rail,101029,scenario_67,8403869.4458659,-18203493.123563483,18203493.123563483,0.46166246163971264
Rail,101029,scenario_68,4680190.444383432,-18203493.123563483,18203493.123563483,0.25710397518843053
Rail,101029,scenario_69,4411324.2964767525,-18203493.123563483,18203493.123563483,0.24233394472880157
Rail,101029,scenario_7,9017622.984436736,-18203493.123563483,18203493.123563483,0.49537871238371756
Rail,101029,scenario_70,5146331.372827031,-18203493.123563483,18203493.123563483,0.28271119932280303
Rail,101029,scenario_71,7228156.058764672,-18203493.123563483,18203493.123563483,0.39707522120620886
Rail,101029,scenario_72,3960925.3593392777,-18203493.123563483,18203493.123563483,0.2175914991948476
Rail,101029,scenario_73,3934804.5230654064,-18203493.123563483,18203493.123563483,0.21615656381752382
Rail,101029,scenario_74,7810981.595704681,-18203493.123563483,18203493.123563483,0.429092457292923
Rail,101029,scenario_75,7012325.861348233,-18203493.123563483,18203493.123563483,0.3852186947718918
Rail,101029,scenario_76,6325517.319897321,-18203493.123563483,18203493.123563483,0.347489203141416
Rail,101029,scenario_77,7971985.535613827,-18203493.123563483,18203493.123563483,0.4379371300607411
Rail,101029,scenario_78,10870431.033908382,-18203493.123563483,18203493.123563483,0.5971618172468871
Rail,101029,scenario_79,8154013.024920961,-18203493.123563483,18203493.123563483,0.4479367212420352
Rail,101029,scenario_8,5957569.721922175,-18203493.123563483,18203493.123563483,0.32727618163628214
Rail,101029,scenario_80,13482403.442503236,-18203493.123563483,18203493.123563483,0.7406492452292555
Rail,101029,scenario_81,7328599.91233814,-18203493.123563483,18203493.123563483,0.40259305522255207
Rail,101029,scenario_82,8849613.49019257,-18203493.123563483,18203493.123563483,0.4861491929116177
Rail,101029,scenario_83,6421803.073205714,-18203493.123563483,18203493.123563483,0.35277861395146304
Rail,101029,scenario_84,6520089.377004061,-18203493.123563483,18203493.123563483,0.35817792402515
Rail,101029,scenario_85,6230483.362918037,-18203493.123563483,18203493.123563483,0.3422685591510454
Rail,101029,scenario_86,8929332.074069858,-18203493.123563483,18203493.123563483,0.49052849436415574
Rail,101029,scenario_87,8110169.577593074,-18203493.123563483,18203493.123563483,0.44552820288622946
Rail,101029,scenario_88,6243097.147475572,-18203493.123563483,18203493.123563483,0.3429614912422608
Rail,101029,scenario_89,6695766.852643536,-18203493.123563483,18203493.123563483,0.36782868030840804
Rail,101029,scenario_9,9705834.020287832,-18203493.123563483,18203493.123563483,0.533185249358769
Rail,101029,scenario_90,6768627.356922141,-18203493.123563483,18203493.123563483,0.3718312365092446
Rail,101029,scenario_91,9084452.65206411,-18203493.123563483,18203493.123563483,0.49904996751995656
Rail,101029,scenario_92,6590240.96268635,-18203493.123563483,18203493.123563483,0.3620316671065523
Rail,101029,scenario_93,7111324.69715254,-18203493.123563483,18203493.123563483,0.3906571474431628
Rail,101029,scenario_94,12857429.90085599,-18203493.123563483,18203493.123563483,0.7063166290986597
Rail,101029,scenario_95,10145783.017443366,-18203493.123563483,18203493.123563483,0.557353632545952
Rail,101029,scenario_96,9926583.4738597,-18203493.123563483,18203493.123563483,0.5453120127262964
Rail,101029,scenario_97,11281044.172966884,-18203493.123563483,18203493.123563483,0.6197186494038418
Rail,101029,scenario_98,9676875.827073311,-18203493.123563483,18203493.123563483,0.5315944451643236
Rail,101029,scenario_99,11569433.634031774,-18203493.123563483,18203493.123563483,0.6355611835321727
Rail,101030,scenario_1,8552772.707943993,-19897285.21001388,19897285.21001388,0.42984621357488323
Rail,101030,scenario_10,8425917.954032013,-19897285.21001388,19897285.21001388,0.4234707330722398
Rail,101030,scenario_100,5179069.290283139,-19897285.21001388,19897285.21001388,0.2602902474191114
Rail,101030,scenario_11,6493514.85178594,-19897285.21001388,19897285.21001388,0.3263518004213907
Rail,101030,scenario_12,10468785.81782253,-19897285.21001388,19897285.21001388,0.5261414161442393
Rail,101030,scenario_13,6681071.296995221,-19897285.21001388,19897285.21001388,0.33577803335868045
Rail,101030,scenario_14,7325560.807102235,-19897285.21001388,19897285.21001388,0.3681688597103406
Rail,101030,scenario_15,5113250.065016534,-19897285.21001388,19897285.21001388,0.2569822973861351
Rail,101030,scenario_16,7897438.992121482,-19897285.21001388,19897285.21001388,0.39691037791159917
Rail,101030,scenario_17,7973330.020031719,-19897285.21001388,19897285.21001388,0.40072451773566126
Rail,101030,scenario_18,4234082.827550149,-19897285.21001388,19897285.21001388,0.2127970113942592
Rail,101030,scenario_19,6361743.643125401,-19897285.21001388,19897285.21001388,0.31972922818252963
Rail,101030,scenario_2,4223939.967253986,-19897285.21001388,19897285.21001388,0.21228725037967322
Rail,101030,scenario_20,9001046.478449948,-19897285.21001388,19897285.21001388,0.45237560719690106
Rail,101030,scenario_21,8084487.504531181,-19897285.21001388,19897285.21001388,0.4063110831050675
Rail,101030,scenario_22,6650242.398163835,-19897285.21001388,19897285.21001388,0.3342286310906831
Rail,101030,scenario_23,4554390.711366528,-19897285.21001388,19897285.21001388,0.2288950810774125
Rail,101030,scenario_24,8570924.313456738,-19897285.21001388,19897285.21001388,0.43075847900813996
Rail,101030,scenario_25,6740925.88104852,-19897285.21001388,19897285.21001388,0.33878621178209556
Rail,101030,scenario_26,4173958.111973057,-19897285.21001388,19897285.21001388,0.2097752566703116
Rail,101030,scenario_27,5967726.782744147,-19897285.21001388,19897285.21001388,0.29992668445747145
Rail,101030,scenario_28,3041415.914955309,-19897285.21001388,19897285.21001388,0.1528558234378944
Rail,101030,scenario_29,7569181.424971464,-19897285.21001388,19897285.21001388,0.3804127721485369
Rail,101030,scenario_3,7173560.836700548,-19897285.21001388,19897285.21001388,0.36052962808666217
Rail,101030,scenario_30,6884429.030616912,-19897285.21001388,19897285.21001388,0.3459984092278139
Rail,101030,scenario_31,7839557.119003222,-19897285.21001388,19897285.21001388,0.39400134421643307
Rail,101030,scenario_32,8270600.546074801,-19897285.21001388,19897285.21001388,0.41566477329843887
Rail,101030,scenario_33,5954947.959648851,-19897285.21001388,19897285.21001388,0.29928444492778605
Rail,101030,scenario_34,9630488.439052712,-19897285.21001388,19897285.21001388,0.48401017211161507
Rail,101030,scenario_35,7882924.068663255,-19897285.21001388,19897285.21001388,0.39618088525443396
Rail,101030,scenario_36,6647056.155302635,-19897285.21001388,19897285.21001388,0.33406849653827714
Rail,101030,scenario_37,9602909.492213797,-19897285.21001388,19897285.21001388,0.4826241062967151
Rail,101030,scenario_38,7569235.202859992,-19897285.21001388,19897285.21001388,0.3804154749237125
Rail,101030,scenario_39,6742116.60042762,-19897285.21001388,19897285.21001388,0.33884605509069426
Rail,101030,scenario_4,5199147.58979591,-19897285.21001388,19897285.21001388,0.26129934485631684
Rail,101030,scenario_40,7822362.19790236,-19897285.21001388,19897285.21001388,0.39313715993604653
Rail,101030,scenario_41,8494598.442062441,-19897285.21001388,19897285.21001388,0.4269224847713039
Rail,101030,scenario_42,9775960.51692155,-19897285.21001388,19897285.21001388,0.49132132417750723
Rail,101030,scenario_43,6911281.865911626,-19897285.21001388,19897285.21001388,0.3473479820469842
Rail,101030,scenario_44,8162641.344450652,-19897285.21001388,19897285.21001388,0.4102389475898233
Rail,101030,scenario_45,6859821.538409568,-19897285.21001388,19897285.21001388,0.3447616831142957
Rail,101030,scenario_46,7609056.763104232,-19897285.21001388,19897285.21001388,0.38241683138133614
Rail,101030,scenario_47,4980959.4865577025,-19897285.21001388,19897285.21001388,0.2503336226014839
Rail,101030,scenario_48,5655492.026159624,-19897285.21001388,19897285.21001388,0.28423435491156024
Rail,101030,scenario_49,7106045.89011388,-19897285.21001388,19897285.21001388,0.35713645430068813
Rail,101030,scenario_5,7554668.944270992,-19897285.21001388,19897285.21001388,0.37968340225976593
Rail,101030,scenario_50,7130538.315714986,-19897285.21001388,19897285.21001388,0.3583673973837565
Rail,101030,scenario_51,7342730.018028461,-19897285.21001388,19897285.21001388,0.369031751845876
Rail,101030,scenario_52,10358212.611646548,-19897285.21001388,19897285.21001388,0.520584215500589
Rail,101030,scenario_53,9153361.775854304,-19897285.21001388,19897285.21001388,0.4600306865605772
Rail,101030,scenario_54,10889976.13284648,-19897285.21001388,19897285.21001388,0.5473096464117521
Rail,101030,scenario_55,7029808.12907967,-19897285.21001388,19897285.21001388,0.3533048883242482
Rail,101030,scenario_56,8200611.897623637,-19897285.21001388,19897285.21001388,0.41214727592568473
Rail,101030,scenario_57,6104085.038177432,-19897285.21001388,19897285.21001388,0.30677979300941893
Rail,101030,scenario_58,6297381.856451191,-19897285.21001388,19897285.21001388,0.3164945262623995
Rail,101030,scenario_59,5586514.249034243,-19897285.21001388,19897285.21001388,0.280767662023695
Rail,101030,scenario_6,6603966.14121066,-19897285.21001388,19897285.21001388,0.33190287375923144
Rail,101030,scenario_60,6373662.167542085,-19897285.21001388,19897285.21001388,0.3203282307243782
Rail,101030,scenario_61,6100179.155954706,-19897285.21001388,19897285.21001388,0.30658349074096874
Rail,101030,scenario_62,6846198.6578461155,-19897285.21001388,19897285.21001388,0.3440770228493568
Rail,101030,scenario_63,9432818.43666488,-19897285.21001388,19897285.21001388,0.47407565087912307
Rail,101030,scenario_64,8566818.394711427,-19897285.21001388,19897285.21001388,0.4305521232816188
Rail,101030,scenario_65,5920391.978857004,-19897285.21001388,19897285.21001388,0.29754772655504763
Rail,101030,scenario_66,5782250.397036527,-19897285.21001388,19897285.21001388,0.29060499138477663
Rail,101030,scenario_67,8310499.43250465,-19897285.21001388,19897285.21001388,0.4176700160242038
Rail,101030,scenario_68,4635795.274691786,-19897285.21001388,19897285.21001388,0.232986320785043
Rail,101030,scenario_69,4371538.092275134,-19897285.21001388,19897285.21001388,0.2197052535626836
Rail,101030,scenario_7,8908663.156726042,-19897285.21001388,19897285.21001388,0.4477325958137495
Rail,101030,scenario_70,5099091.131634318,-19897285.21001388,19897285.21001388,0.25627069611828523
Rail,101030,scenario_71,7151300.340971113,-19897285.21001388,19897285.21001388,0.3594108575863412
Rail,101030,scenario_72,3923482.045603552,-19897285.21001388,19897285.21001388,0.19718680232964378
Rail,101030,scenario_73,3896595.913494781,-19897285.21001388,19897285.21001388,0.19583555607544426
Rail,101030,scenario_74,7733621.660400647,-19897285.21001388,19897285.21001388,0.38867722801241644
Rail,101030,scenario_75,6939436.2945027985,-19897285.21001388,19897285.21001388,0.34876297048857335
Rail,101030,scenario_76,6254697.738731392,-19897285.21001388,19897285.21001388,0.31434930306891995
Rail,101030,scenario_77,7888123.822687265,-19897285.21001388,19897285.21001388,0.3964422150775293
Rail,101030,scenario_78,10758192.52515978,-19897285.21001388,19897285.21001388,0.5406864510212384
Rail,101030,scenario_79,8071946.198090554,-19897285.21001388,19897285.21001388,0.40568078071415065
Rail,101030,scenario_8,5896152.046997757,-19897285.21001388,19897285.21001388,0.2963294733308818
Rail,101030,scenario_80,13329043.70523085,-19897285.21001388,19897285.21001388,0.6698925790400102
Rail,101030,scenario_81,7263070.887108456,-19897285.21001388,19897285.21001388,0.36502823427655884
Rail,101030,scenario_82,8753984.093441058,-19897285.21001388,19897285.21001388,0.4399587180383464
Rail,101030,scenario_83,6351437.269823206,-19897285.21001388,19897285.21001388,0.31921124931287925
Rail,101030,scenario_84,6454914.118615804,-19897285.21001388,19897285.21001388,0.32441180042829076
Rail,101030,scenario_85,6172232.4135724995,-19897285.21001388,19897285.21001388,0.3102047514736405
Rail,101030,scenario_86,8844058.61083955,-19897285.21001388,19897285.21001388,0.4444856932738001
Rail,101030,scenario_87,8010960.302355815,-19897285.21001388,19897285.21001388,0.40261574470089356
Rail,101030,scenario_88,6178115.944706806,-19897285.21001388,19897285.21001388,0.31050044664372056
Rail,101030,scenario_89,6624054.797892909,-19897285.21001388,19897285.21001388,0.33291249172822646
Rail,101030,scenario_9,9595665.84955678,-19897285.21001388,19897285.21001388,0.4822600544886136
Rail,101030,scenario_90,6698032.975311313,-19897285.21001388,19897285.21001388,0.336630495296933
Rail,101030,scenario_91,8979212.105147336,-19897285.21001388,19897285.21001388,0.4512782528054776
Rail,101030,scenario_92,6516461.570482254,-19897285.21001388,19897285.21001388,0.32750505919283185
Rail,101030,scenario_93,7035572.865861051,-19897285.21001388,19897285.21001388,0.3535946131143658
Rail,101030,scenario_94,12725679.43339585,-19897285.21001388,19897285.21001388,0.6395686295430537
Rail,101030,scenario_95,10037226.613497015,-19897285.21001388,19897285.21001388,0.5044520650709421
Rail,101030,scenario_96,9819709.90132674,-19897285.21001388,19897285.21001388,0.49352008566398237
Rail,101030,scenario_97,11158989.984348204,-19897285.21001388,19897285.21001388,0.5608297748444657
Rail,101030,scenario_98,9578291.678790482,-19897285.21001388,19897285.21001388,0.48138686145836274
Rail,101030,scenario_99,11455244.953986306,-19897285.21001388,19897285.21001388,0.5757189904591167
Rail,101031,scenario_1,13029223.471887404,-12295730.435018826,12295730.435018826,1.059654287376011
Rail,101031,scenario_10,12875626.140016576,-12295730.435018826,12295730.435018826,1.0471623632335156
Rail,101031,scenario_100,7869964.612605347,-12295730.435018826,12295730.435018826,0.6400566972573921
Rail,101031,scenario_11,9880779.152834384,-12295730.435018826,12295730.435018826,0.8035943212201085
Rail,101031,scenario_12,15989107.452309474,-12295730.435018826,12295730.435018826,1.3003788214786927
Rail,101031,scenario_13,10148235.037312496,-12295730.435018826,12295730.435018826,0.825346252582916
Rail,101031,scenario_14,11152565.156023769,-12295730.435018826,12295730.435018826,0.9070274608705419
Rail,101031,scenario_15,7753742.584007282,-12295730.435018826,12295730.435018826,0.6306044707945332
Rail,101031,scenario_16,12028190.209687274,-12295730.435018826,12295730.435018826,0.9782412092762228
Rail,101031,scenario_17,12168331.641082237,-12295730.435018826,12295730.435018826,0.9896387778985661
Rail,101031,scenario_18,6404151.954385105,-12295730.435018826,12295730.435018826,0.5208435552674264
Rail,101031,scenario_19,9700349.11914471,-12295730.435018826,12295730.435018826,0.7889201190941575
Rail,101031,scenario_2,6409769.20910368,-12295730.435018826,12295730.435018826,0.5213004012228791
Rail,101031,scenario_20,13713249.684054911,-12295730.435018826,12295730.435018826,1.1152854851956515
Rail,101031,scenario_21,12326378.637264682,-12295730.435018826,12295730.435018826,1.0024925889850813
Rail,101031,scenario_22,10103847.567666795,-12295730.435018826,12295730.435018826,0.8217362621166902
Rail,101031,scenario_23,6908850.144342153,-12295730.435018826,12295730.435018826,0.5618901765010575
Rail,101031,scenario_24,13071002.447787687,-12295730.435018826,12295730.435018826,1.0630521315399735
Rail,101031,scenario_25,10252317.514594303,-12295730.435018826,12295730.435018826,0.8338111809441767
Rail,101031,scenario_26,6315538.013219728,-12295730.435018826,12295730.435018826,0.5136366681586296
Rail,101031,scenario_27,9062185.585719371,-12295730.435018826,12295730.435018826,0.7370188890860713
Rail,101031,scenario_28,4589149.190891305,-12295730.435018826,12295730.435018826,0.3732311158856565
Rail,101031,scenario_29,11502907.373722551,-12295730.435018826,12295730.435018826,0.9355204584643237
Rail,101031,scenario_3,10923978.98822463,-12295730.435018826,12295730.435018826,0.8884367664008489
Rail,101031,scenario_30,10481119.431426443,-12295730.435018826,12295730.435018826,0.8524194220764401
Rail,101031,scenario_31,11935067.870565075,-12295730.435018826,12295730.435018826,0.9706676584721989
Rail,101031,scenario_32,12620389.955495724,-12295730.435018826,12295730.435018826,1.0264042483846467
Rail,101031,scenario_33,9062761.768129742,-12295730.435018826,12295730.435018826,0.7370657494506031
Rail,101031,scenario_34,14694687.89701473,-12295730.435018826,12295730.435018826,1.1951049166760812
Rail,101031,scenario_35,12016461.652517982,-12295730.435018826,12295730.435018826,0.9772873369356347
Rail,101031,scenario_36,10131154.0433536,-12295730.435018826,12295730.435018826,0.8239570716758389
Rail,101031,scenario_37,14657547.281764127,-12295730.435018826,12295730.435018826,1.1920843059488955
Rail,101031,scenario_38,11534618.694528,-12295730.435018826,12295730.435018826,0.9380995098653803
Rail,101031,scenario_39,10255715.9036139,-12295730.435018826,12295730.435018826,0.834087568673849
Rail,101031,scenario_4,7901446.60850752,-12295730.435018826,12295730.435018826,0.6426170978833289
Rail,101031,scenario_40,11874587.855172638,-12295730.435018826,12295730.435018826,0.9657488766469088
Rail,101031,scenario_41,12944368.166877776,-12295730.435018826,12295730.435018826,1.0527530865520278
Rail,101031,scenario_42,14932138.890751343,-12295730.435018826,12295730.435018826,1.2144165789633692
Rail,101031,scenario_43,10524836.128554674,-12295730.435018826,12295730.435018826,0.8559748592551638
Rail,101031,scenario_44,12429682.753080357,-12295730.435018826,12295730.435018826,1.0108942139525139
Rail,101031,scenario_45,10438735.165021978,-12295730.435018826,12295730.435018826,0.8489723502145072
Rail,101031,scenario_46,11597845.979872435,-12295730.435018826,12295730.435018826,0.9432417245291274
Rail,101031,scenario_47,7554401.330990195,-12295730.435018826,12295730.435018826,0.6143922372822114
Rail,101031,scenario_48,8603021.64831368,-12295730.435018826,12295730.435018826,0.6996755250759129
Rail,101031,scenario_49,10805991.673005192,-12295730.435018826,12295730.435018826,0.878840970864912
Rail,101031,scenario_5,11497891.136197772,-12295730.435018826,12295730.435018826,0.9351124926625937
Rail,101031,scenario_50,10863908.21511362,-12295730.435018826,12295730.435018826,0.8835512678590197
Rail,101031,scenario_51,11191135.057168216,-12295730.435018826,12295730.435018826,0.9101643140528951
Rail,101031,scenario_52,15806909.077325689,-12295730.435018826,12295730.435018826,1.2855608018460505
Rail,101031,scenario_53,13956784.09215462,-12295730.435018826,12295730.435018826,1.1350919057565734
Rail,101031,scenario_54,16619576.358701034,-12295730.435018826,12295730.435018826,1.3516542548271624
Rail,101031,scenario_55,10697574.218051206,-12295730.435018826,12295730.435018826,0.8700234829143623
Rail,101031,scenario_56,12485566.258790849,-12295730.435018826,12295730.435018826,1.0154391660402184
Rail,101031,scenario_57,9278309.16469512,-12295730.435018826,12295730.435018826,0.7545960131225757
Rail,101031,scenario_58,9585468.124079913,-12295730.435018826,12295730.435018826,0.7795769576063609
Rail,101031,scenario_59,8478192.168615917,-12295730.435018826,12295730.435018826,0.689523262844932
Rail,101031,scenario_6,10029962.48355966,-12295730.435018826,12295730.435018826,0.8157272588697821
Rail,101031,scenario_60,9672728.52778306,-12295730.435018826,12295730.435018826,0.7866737628075082
Rail,101031,scenario_61,9275849.645007756,-12295730.435018826,12295730.435018826,0.7543959827380156
Rail,101031,scenario_62,10443812.51230082,-12295730.435018826,12295730.435018826,0.8493852860141065
Rail,101031,scenario_63,14378285.361819208,-12295730.435018826,12295730.435018826,1.169372201009642
Rail,101031,scenario_64,13067794.513839506,-12295730.435018826,12295730.435018826,1.06279123333916
Rail,101031,scenario_65,9005219.252600962,-12295730.435018826,12295730.435018826,0.7323858716806013
Rail,101031,scenario_66,8797746.746842068,-12295730.435018826,12295730.435018826,0.7155123311572987
Rail,101031,scenario_67,12673857.664349468,-12295730.435018826,12295730.435018826,1.0307527260238007
Rail,101031,scenario_68,7032800.980803195,-12295730.435018826,12295730.435018826,0.5719709795176904
Rail,101031,scenario_69,6615578.922185038,-12295730.435018826,12295730.435018826,0.5380387084075586
Rail,101031,scenario_7,13578527.462345932,-12295730.435018826,12295730.435018826,1.1043286557156164
Rail,101031,scenario_70,7739982.247252906,-12295730.435018826,12295730.435018826,0.6294853557629295
Rail,101031,scenario_71,10874551.531901458,-12295730.435018826,12295730.435018826,0.8844168786370119
Rail,101031,scenario_72,5933772.408436538,-12295730.435018826,12295730.435018826,0.4825880365380223
Rail,101031,scenario_73,5909401.136286661,-12295730.435018826,12295730.435018826,0.4806059442761046
Rail,101031,scenario_74,11773222.538882976,-12295730.435018826,12295730.435018826,0.9575049323911882
Rail,101031,scenario_75,10562441.959882118,-12295730.435018826,12295730.435018826,0.8590333055610735
Rail,101031,scenario_76,9513106.993343797,-12295730.435018826,12295730.435018826,0.7736918960300248
Rail,101031,scenario_77,12020025.784321977,-12295730.435018826,12295730.435018826,0.9775772043674908
Rail,101031,scenario_78,16429275.972709589,-12295730.435018826,12295730.435018826,1.3361773063858189
Rail,101031,scenario_79,12310445.667609744,-12295730.435018826,12295730.435018826,1.001196775796988
Rail,101031,scenario_8,8956157.466796447,-12295730.435018826,12295730.435018826,0.728395723550419
Rail,101031,scenario_80,20385928.26158136,-12295730.435018826,12295730.435018826,1.657968053977604
Rail,101031,scenario_81,11035183.758103557,-12295730.435018826,12295730.435018826,0.8974809440092171
Rail,101031,scenario_82,13346885.291669374,-12295730.435018826,12295730.435018826,1.08548941945383
Rail,101031,scenario_83,9666315.370761706,-12295730.435018826,12295730.435018826,0.7861521868787542
Rail,101031,scenario_84,9845872.267513685,-12295730.435018826,12295730.435018826,0.8007553776123923
Rail,101031,scenario_85,9367159.489803515,-12295730.435018826,12295730.435018826,0.7618221251114451
Rail,101031,scenario_86,13471605.590292271,-12295730.435018826,12295730.435018826,1.095632802092383
Rail,101031,scenario_87,12222165.79255626,-12295730.435018826,12295730.435018826,0.9940170579656618
Rail,101031,scenario_88,9386710.935662176,-12295730.435018826,12295730.435018826,0.7634122255094643
Rail,101031,scenario_89,10067316.43020226,-12295730.435018826,12295730.435018826,0.8187652196351072
Rail,101031,scenario_9,14632578.74738565,-12295730.435018826,12295730.435018826,1.1900536389209841
Rail,101031,scenario_90,10211965.716183608,-12295730.435018826,12295730.435018826,0.8305294077608796
Rail,101031,scenario_91,13732735.38033202,-12295730.435018826,12295730.435018826,1.116870238243068
Rail,101031,scenario_92,9908514.714490185,-12295730.435018826,12295730.435018826,0.8058500279308549
Rail,101031,scenario_93,10700052.035191948,-12295730.435018826,12295730.435018826,0.8702250014133108
Rail,101031,scenario_94,19457061.647600524,-12295730.435018826,12295730.435018826,1.5824242203770087
Rail,101031,scenario_95,15323150.235844854,-12295730.435018826,12295730.435018826,1.246217157803313
Rail,101031,scenario_96,14950357.65944235,-12295730.435018826,12295730.435018826,1.215898294001552
Rail,101031,scenario_97,17046549.91010088,-12295730.435018826,12295730.435018826,1.3863796055215634
Rail,101031,scenario_98,14617776.545430616,-12295730.435018826,12295730.435018826,1.1888497899887664
Rail,101031,scenario_99,17497497.629189387,-12295730.435018826,12295730.435018826,1.4230547523517334
Rail,101032,scenario_1,1054798.1303327286,-9867873.558444353,9867873.558444353,0.10689214085339528
Rail,101032,scenario_10,1020143.3688652178,-9867873.558444353,9867873.558444353,0.10338026352113504
Rail,101032,scenario_100,660835.8048000338,-9867873.558444353,9867873.558444353,0.06696841025435808
Rail,101032,scenario_11,808311.7064093769,-9867873.558444353,9867873.558444353,0.08191346409355547
Rail,101032,scenario_12,1253802.3286217093,-9867873.558444353,9867873.558444353,0.12705901845983608
Rail,101032,scenario_13,857007.5096379304,-9867873.558444353,9867873.558444353,0.08684824593283862
Rail,101032,scenario_14,917699.6350217256,-9867873.558444353,9867873.558444353,0.09299872252988199
Rail,101032,scenario_15,665487.2280814644,-9867873.558444353,9867873.558444353,0.0674397806315606
Rail,101032,scenario_16,994004.7926681612,-9867873.558444353,9867873.558444353,0.1007314075095287
Rail,101032,scenario_17,970945.6305971912,-9867873.558444353,9867873.558444353,0.09839461610919328
Rail,101032,scenario_18,570016.8068450248,-9867873.558444353,9867873.558444353,0.05776490785669194
Rail,101032,scenario_19,769888.9344688447,-9867873.558444353,9867873.558444353,0.07801974051542426
Rail,101032,scenario_2,548497.8313429215,-9867873.558444353,9867873.558444353,0.05558419735461131
Rail,101032,scenario_20,1110412.20094826,-9867873.558444353,9867873.558444353,0.11252801268395193
Rail,101032,scenario_21,990493.7342173312,-9867873.558444353,9867873.558444353,0.10037560051321535
Rail,101032,scenario_22,844992.4109036644,-9867873.558444353,9867873.558444353,0.08563064837617107
Rail,101032,scenario_23,583900.8370498983,-9867873.558444353,9867873.558444353,0.059171900976601986
Rail,101032,scenario_24,1051557.696408013,-9867873.558444353,9867873.558444353,0.106563758663907
Rail,101032,scenario_25,844945.4434885093,-9867873.558444353,9867873.558444353,0.08562588874737395
Rail,101032,scenario_26,560326.5326777097,-9867873.558444353,9867873.558444353,0.05678290559349687
Rail,101032,scenario_27,776073.2910382741,-9867873.558444353,9867873.558444353,0.07864645675097404
Rail,101032,scenario_28,414543.3796553072,-9867873.558444353,9867873.558444353,0.04200939312812385
Rail,101032,scenario_29,955757.6762254155,-9867873.558444353,9867873.558444353,0.09685548467608136
Rail,101032,scenario_3,901231.3782746688,-9867873.558444353,9867873.558444353,0.0913298465912595
Rail,101032,scenario_30,860491.5353521277,-9867873.558444353,9867873.558444353,0.0872013134598557
Rail,101032,scenario_31,989911.1664959416,-9867873.558444353,9867873.558444353,0.1003165637087874
Rail,101032,scenario_32,1022141.7996580492,-9867873.558444353,9867873.558444353,0.10358278241043732
Rail,101032,scenario_33,746616.2668564109,-9867873.558444353,9867873.558444353,0.07566131268651087
Rail,101032,scenario_34,1181258.159329367,-9867873.558444353,9867873.558444353,0.11970746811186236
Rail,101032,scenario_35,983897.2376184686,-9867873.558444353,9867873.558444353,0.09970711843753881
Rail,101032,scenario_36,827419.6780641793,-9867873.558444353,9867873.558444353,0.08384984598390213
Rail,101032,scenario_37,1159888.0828492343,-9867873.558444353,9867873.558444353,0.11754184688115198
Rail,101032,scenario_38,938846.6298917223,-9867873.558444353,9867873.558444353,0.0951417369032168
Rail,101032,scenario_39,859053.2105403653,-9867873.558444353,9867873.558444353,0.08705555512567725
Rail,101032,scenario_4,660025.1372450342,-9867873.558444353,9867873.558444353,0.06688625805102895
Rail,101032,scenario_40,1016617.3357720652,-9867873.558444353,9867873.558444353,0.10302293901020886
Rail,101032,scenario_41,1047835.21670041,-9867873.558444353,9867873.558444353,0.1061865264582493
Rail,101032,scenario_42,1176631.4517762428,-9867873.558444353,9867873.558444353,0.11923860240075229
Rail,101032,scenario_43,885209.8762770545,-9867873.558444353,9867873.558444353,0.08970624431233651
Rail,101032,scenario_44,1013694.3440233244,-9867873.558444353,9867873.558444353,0.1027267260792842
Rail,101032,scenario_45,857379.4486905582,-9867873.558444353,9867873.558444353,0.08688593784796347
Rail,101032,scenario_46,948345.548978186,-9867873.558444353,9867873.558444353,0.09610434744237749
Rail,101032,scenario_47,649378.9560336386,-9867873.558444353,9867873.558444353,0.06580738516637537
Rail,101032,scenario_48,709950.0099240429,-9867873.558444353,9867873.558444353,0.07194559250473055
Rail,101032,scenario_49,897491.8956648287,-9867873.558444353,9867873.558444353,0.09095089132924766
Rail,101032,scenario_5,962987.1743408588,-9867873.558444353,9867873.558444353,0.0975881144643154
Rail,101032,scenario_50,885979.531569217,-9867873.558444353,9867873.558444353,0.08978424037578463
Rail,101032,scenario_51,912681.9835974117,-9867873.558444353,9867873.558444353,0.09249023897518341
Rail,101032,scenario_52,1251797.3488254151,-9867873.558444353,9867873.558444353,0.12685583590136293
Rail,101032,scenario_53,1141998.9583454954,-9867873.558444353,9867873.558444353,0.11572898168808
Rail,101032,scenario_54,1321636.5463743175,-9867873.558444353,9867873.558444353,0.13393326723804014
Rail,101032,scenario_55,885679.2421243106,-9867873.558444353,9867873.558444353,0.08975380935707244
Rail,101032,scenario_56,1033877.8552188,-9867873.558444353,9867873.558444353,0.10477210202334498
Rail,101032,scenario_57,781542.3288427254,-9867873.558444353,9867873.558444353,0.07920068332998925
Rail,101032,scenario_58,782851.96165735,-9867873.558444353,9867873.558444353,0.07933340015158896
Rail,101032,scenario_59,699369.6601388901,-9867873.558444353,9867873.558444353,0.07087339090805539
Rail,101032,scenario_6,830339.6788321714,-9867873.558444353,9867873.558444353,0.08414575581196163
Rail,101032,scenario_60,838655.6314515516,-9867873.558444353,9867873.558444353,0.08498848576488688
Rail,101032,scenario_61,767167.001762516,-9867873.558444353,9867873.558444353,0.07774390269786331
Rail,101032,scenario_62,846059.5921243852,-9867873.558444353,9867873.558444353,0.08573879540647099
Rail,101032,scenario_63,1167572.9710986211,-9867873.558444353,9867873.558444353,0.11832062542993166
Rail,101032,scenario_64,1055477.2651264656,-9867873.558444353,9867873.558444353,0.10696096366407629
Rail,101032,scenario_65,745652.0399550343,-9867873.558444353,9867873.558444353,0.07556359893940358
Rail,101032,scenario_66,722915.7202002379,-9867873.558444353,9867873.558444353,0.07325952404219942
Rail,101032,scenario_67,1025765.4008338256,-9867873.558444353,9867873.558444353,0.10394999436895248
Rail,101032,scenario_68,600254.7316544054,-9867873.558444353,9867873.558444353,0.060829187575143
Rail,101032,scenario_69,580124.4560870131,-9867873.558444353,9867873.558444353,0.0587892064740307
Rail,101032,scenario_7,1119076.2502735776,-9867873.558444353,9867873.558444353,0.11340601839349038
Rail,101032,scenario_70,653558.3791370434,-9867873.558444353,9867873.558444353,0.06623092353851312
Rail,101032,scenario_71,910556.5287576914,-9867873.558444353,9867873.558444353,0.09227484760163855
Rail,101032,scenario_72,526841.1676277043,-9867873.558444353,9867873.558444353,0.053389533672820955
Rail,101032,scenario_73,507746.7095890061,-9867873.558444353,9867873.558444353,0.0514545212382161
Rail,101032,scenario_74,963556.0696980912,-9867873.558444353,9867873.558444353,0.09764576572563964
Rail,101032,scenario_75,870943.5026438013,-9867873.558444353,9867873.558444353,0.08826050490872965
Rail,101032,scenario_76,799060.7319422862,-9867873.558444353,9867873.558444353,0.08097598000315848
Rail,101032,scenario_77,977235.4797180304,-9867873.558444353,9867873.558444353,0.09903202284972218
Rail,101032,scenario_78,1292606.156575186,-9867873.558444353,9867873.558444353,0.1309913578563285
Rail,101032,scenario_79,984182.1025679692,-9867873.558444353,9867873.558444353,0.09973598635399654
Rail,101032,scenario_8,758276.0881112355,-9867873.558444353,9867873.558444353,0.07684290679447822
Rail,101032,scenario_80,1588816.034824889,-9867873.558444353,9867873.558444353,0.16100895754438121
Rail,101032,scenario_81,917703.865588809,-9867873.558444353,9867873.558444353,0.09299915125113165
Rail,101032,scenario_82,1080105.4758304446,-9867873.558444353,9867873.558444353,0.10945676081410195
Rail,101032,scenario_83,803098.0665598098,-9867873.558444353,9867873.558444353,0.0813851192765401
Rail,101032,scenario_84,784838.1843839131,-9867873.558444353,9867873.558444353,0.07953468188820621
Rail,101032,scenario_85,794482.6110882848,-9867873.558444353,9867873.558444353,0.08051203801739157
Rail,101032,scenario_86,1089405.3241146868,-9867873.558444353,9867873.558444353,0.11039919772608325
Rail,101032,scenario_87,995600.7974445096,-9867873.558444353,9867873.558444353,0.10089314496663086
Rail,101032,scenario_88,793166.3381595584,-9867873.558444353,9867873.558444353,0.08037864829356399
Rail,101032,scenario_89,849759.0711688197,-9867873.558444353,9867873.558444353,0.086113696748946
Rail,101032,scenario_9,1188676.6270758165,-9867873.558444353,9867873.558444353,0.1204592478851349
Rail,101032,scenario_90,823277.0102439511,-9867873.558444353,9867873.558444353,0.08343003235377276
Rail,101032,scenario_91,1073368.078351976,-9867873.558444353,9867873.558444353,0.10877399999044879
Rail,101032,scenario_92,835406.5042401935,-9867873.558444353,9867873.558444353,0.08465922260680987
Rail,101032,scenario_93,894494.3670184338,-9867873.558444353,9867873.558444353,0.09064712490696412
Rail,101032,scenario_94,1503555.4951834069,-9867873.558444353,9867873.558444353,0.15236874350672555
Rail,101032,scenario_95,1216421.0919698891,-9867873.558444353,9867873.558444353,0.12327084298004068
Rail,101032,scenario_96,1233367.096105323,-9867873.558444353,9867873.558444353,0.12498813334002229
Rail,101032,scenario_97,1342867.545973234,-9867873.558444353,9867873.558444353,0.13608479456286568
Rail,101032,scenario_98,1158956.4738627998,-9867873.558444353,9867873.558444353,0.11744743859947741
Rail,101032,scenario_99,1365605.461830401,-9867873.558444353,9867873.558444353,0.13838903120741705
Road,0,scenario_100,1571686.405670731,-6743124.053537033,6743124.053537033,0.23307985930443026
Road,0,scenario_19,5660247.865055105,-6711216.778603394,6711216.778603394,0.8434011374958155
Road,0,scenario_26,541416.4913804381,-6763538.454343893,6763538.454343893,0.08004929594696288
Road,0,scenario_44,2431803.868883065,-6733277.175936874,6733277.175936874,0.3611620025941828
Road,0,scenario_64,4762624.239245066,-6716048.040032931,6716048.040032931,0.7091408832777965
Road,0,scenario_70,1322027.1030319757,-6746792.466210499,6746792.466210499,0.19594898014915885
Road,0,scenario_75,2447087.0320855365,-6733133.94796921,6733133.94796921,0.3634395291992677
Road,0,scenario_78,6400591.34869073,-6707545.033773537,6707545.033773537,0.9542375513638377
Road,0,scenario_89,1423339.540580715,-6745217.612322806,6745217.612322806,0.21101462137862279
Road,0,scenario_96,1700507.9326027995,-6741393.660171041,6741393.660171041,0.25224872160330936
Road,103,scenario_100,-3444464.961049008,-13246093.168582937,13246093.168582937,-0.2600362927552544
Road,103,scenario_19,-10635995.908287866,-13635941.462599492,13635941.462599492,-0.7799971815264943
Road,103,scenario_26,-1477821.06615249,-13003488.244887976,13003488.244887976,-0.1136480487636432
Road,103,scenario_44,-4994180.006306782,-13364601.685424365,13364601.685424365,-0.3736871568535791
Road,103,scenario_64,-9073314.137207666,-13575694.973493857,13575694.973493857,-0.668349882265552
Road,103,scenario_70,-2986149.9746807963,-13202507.794061583,13202507.794061583,-0.2261805121617842
Road,103,scenario_75,-5021117.052846972,-13366453.531399217,13366453.531399217,-0.37565065715089163
Road,103,scenario_78,-11900916.457511596,-13681092.2927932,13681092.2927932,-0.8698805769902344
Road,103,scenario_89,-3170833.0348476334,-13221012.164650837,13221012.164650837,-0.23983285056839476
Road,103,scenario_96,-3677268.770106418,-13266693.807701033,13266693.807701033,-0.27718049601565703
Road,104,scenario_100,31466.763110353353,-5475717.023922632,5475717.023922632,0.005746601399027656
Road,104,scenario_19,123305.66815650064,-5498129.489591557,5498129.489591557,0.02242683959879976
Road,104,scenario_26,7939.177417640439,-5461990.863307642,5461990.863307642,0.0014535318011924825
Road,104,scenario_44,51443.014500638295,-5482432.240004211,5482432.240004211,0.009383246750460301
Road,104,scenario_64,103779.14489699456,-5494437.397247499,5494437.397247499,0.018888038463953365
Road,104,scenario_70,25598.968352886674,-5473307.341695381,5473307.341695381,0.00467705662312712
Road,104,scenario_75,51789.97508169161,-5482520.288190706,5482520.288190706,0.009446380926897199
Road,104,scenario_78,139757.59972023906,-5500557.306956327,5500557.306956327,0.02540789813124816
Road,104,scenario_89,28141.473815228095,-5474228.478057585,5474228.478057585,0.005140719633465775
Road,104,scenario_96,34560.12463344102,-5476790.67085212,5476790.67085212,0.006310287668537804
Road,109,scenario_100,-6999089.260061512,-81227608.55680095,81227608.55680095,-0.08616638338142357
Road,109,scenario_19,-22188540.76937612,-81825746.43254234,81825746.43254234,-0.271168204834752
Road,109,scenario_26,-2907898.178323274,-80855041.39061432,80855041.39061432,-0.035964339740735374
Road,109,scenario_44,-10258554.37006405,-81409616.23779553,81409616.23779553,-0.12601158000916082
Road,109,scenario_64,-18895123.38217711,-81734179.5427746,81734179.5427746,-0.2311777458081484
Road,109,scenario_70,-6036401.461524094,-81160412.01605767,81160412.01605767,-0.07437618059811951
Road,109,scenario_75,-10316494.28239136,-81412535.48239236,81412535.48239236,-0.12671874449386947
Road,109,scenario_78,-24889581.559936676,-81895744.09355457,81895744.09355457,-0.30391788774156286
Road,109,scenario_89,-6428222.550555192,-81189311.77605568,81189311.77605568,-0.07917572411854094
Road,109,scenario_96,-7492029.707194947,-81259620.92987409,81259620.92987409,-0.09219867901747245
Road,114,scenario_100,-156034.37897843192,-6992482.498777157,6992482.498777157,-0.022314589847842903
Road,114,scenario_19,-543242.9319559698,-7066639.411990173,7066639.411990173,-0.07687429629340273
Road,114,scenario_26,-58399.54654715196,-6946506.82842687,6946506.82842687,-0.008407037952970289
Road,114,scenario_44,-237355.10575758823,-7015029.286123705,7015029.286123705,-0.033835226636486866
Road,114,scenario_64,-459941.9397851958,-7055603.267449209,7055603.267449209,-0.06518818056382544
Road,114,scenario_70,-132279.89454092708,-6984080.629218389,6984080.629218389,-0.018940201518797606
Road,114,scenario_75,-238902.14469348136,-7015410.136898581,7015410.136898581,-0.034053909897147766
Road,114,scenario_78,-615843.3041154954,-7075678.902561345,7075678.902561345,-0.0870366381228188
Road,114,scenario_89,-142245.48710803903,-6987848.734549451,6987848.734549451,-0.02035611996074647
Road,114,scenario_96,-168616.91452236308,-6996593.490493277,6996593.490493277,-0.024099858702877872
Road,12,scenario_100,-304007.43032058247,-15481004.407845292,15481004.407845292,-0.019637448728231158
Road,12,scenario_19,69735.80212445158,-15611346.488749875,15611346.488749875,0.004466994706363467
Road,12,scenario_26,-293045.880325313,-15399894.899715094,15399894.899715094,-0.01902908313554364
Road,12,scenario_44,-251506.0227573496,-15520651.318462806,15520651.318462806,-0.016204604922614756
Road,12,scenario_64,-29152.2252342208,-15591523.682389509,15591523.682389509,-0.001869748321464437
Road,12,scenario_70,-312466.5407923646,-15466338.685700433,15466338.685700433,-0.020203006486677992
Road,12,scenario_75,-250435.2534027507,-15521309.706113238,15521309.706113238,-0.016134930501651806
Road,12,scenario_78,157734.7219523261,-15626719.721816707,15626719.721816707,0.010093911246908088
Road,12,scenario_89,-309644.77094799856,-15472702.722738093,15472702.722738093,-0.020012325997380953
Road,12,scenario_96,-298136.19832660444,-15488034.76852259,15488034.76852259,-0.01924945306376296
Road,126,scenario_100,-4002035.8000610126,-24433828.879143864,24433828.879143864,-0.16379077629855449
Road,126,scenario_19,-12232244.178918824,-24817456.658345822,24817456.658345822,-0.4928887092386746
Road,126,scenario_26,-1736294.7063553936,-24194989.039401084,24194989.039401084,-0.07176257461939207
Road,126,scenario_44,-5779647.772458328,-24550458.005161505,24550458.005161505,-0.2354191425366977
Road,126,scenario_64,-10447984.50885944,-24758187.14716169,24758187.14716169,-0.4220011928481287
Road,126,scenario_70,-3474855.5535398503,-24390916.86361606,24390916.86361606,-0.14246514688110365
Road,126,scenario_75,-5810664.32948469,-24552283.34424003,24552283.34424003,-0.23666492635390154
Road,126,scenario_78,-13678585.109411756,-24861898.16974442,24861898.16974442,-0.5501826536341401
Road,126,scenario_89,-3688111.33783513,-24409141.236014172,24409141.236014172,-0.15109549746852832
Road,126,scenario_96,-4270018.060127345,-24454100.85284354,24454100.85284354,-0.1746135785495799
Road,140,scenario_100,-72250.57067027877,-6252900.439724299,6252900.439724299,-0.01155472909999898
Road,140,scenario_19,-255056.25490018513,-6271017.538121848,6271017.538121848,-0.04067222796773962
Road,140,scenario_26,-26617.14086874557,-6241809.677339781,6241809.677339781,-0.004264330738147342
Road,140,scenario_44,-110063.37782789856,-6258318.115177397,6258318.115177397,-0.017586734295429583
Road,140,scenario_64,-212921.37223904527,-6267961.820133453,6267961.820133453,-0.033969794065291846
Road,140,scenario_70,-61403.81855674053,-6250962.531985304,6250962.531985304,-0.009823098161690419
Road,140,scenario_75,-110645.27068178428,-6258380.83955146,6258380.83955146,-0.01767953621207147
Road,140,scenario_78,-286456.8836110844,-6272911.239044917,6272911.239044917,-0.04566570013426477
Road,140,scenario_89,-65438.064520934466,-6251676.220611636,6251676.220611636,-0.010467283047254854
Road,140,scenario_96,-77504.04115635234,-6253733.005647302,6253733.005647302,-0.012393244336840723
Road,143,scenario_100,-23976.557478377938,-19404324.79125623,19404324.79125623,-0.001235629568990826
Road,143,scenario_19,-26689.608706384548,-19406971.85171554,19406971.85171554,-0.0013752587941237848
Road,143,scenario_26,-19823.308491852506,-19403128.88387381,19403128.88387381,-0.00102165525006268
Road,143,scenario_44,-25023.809826746612,-19405004.337021142,19405004.337021142,-0.0012895544567854507
Road,143,scenario_64,-26374.553750973995,-19406471.285858087,19406471.285858087,-0.0013590597364392413
Road,143,scenario_70,-23546.551184377957,-19404115.30314449,19404115.30314449,-0.001213482336943348
Road,143,scenario_75,-25010.460399498872,-19405010.85801601,19405010.85801601,-0.0012888660863164274
Road,143,scenario_78,-26936.662520616253,-19407310.427680694,19407310.427680694,-0.001387964737359816
Road,143,scenario_89,-23674.06637166161,-19404183.716612536,19404183.716612536,-0.001220049589171509
Road,143,scenario_96,-24202.16502927364,-19404427.59321737,19404427.59321737,-0.0012472496244997856
Road,144,scenario_100,-2993435.4967934308,-7710097.868830478,7710097.868830478,-0.38824870289843627
Road,144,scenario_19,-8996583.643556442,-7944777.512084838,7944777.512084838,-1.1323896270061304
Road,144,scenario_26,-1324208.999488548,-7564360.010773805,7564360.010773805,-0.1750589603882545
Road,144,scenario_44,-4294790.497911041,-7781414.157918124,7781414.157918124,-0.5519293036910001
Road,144,scenario_64,-7707675.865301584,-7909095.772734418,7909095.772734418,-0.9745331308128544
Road,144,scenario_70,-2605223.796311968,-7683702.474333806,7683702.474333806,-0.33905839079718486
Road,144,scenario_75,-4318070.835998804,-7782589.053414234,7782589.053414234,-0.5548373178080706
Road,144,scenario_78,-10060075.234162211,-7972611.252268466,7972611.252268466,-1.261829395143253
Road,144,scenario_89,-2764441.085792218,-7695179.493048515,7695179.493048515,-0.3592432234088226
Road,144,scenario_96,-3192435.2738823234,-7722773.429951757,7722773.429951757,-0.413379377608164
Road,15,scenario_100,1128244.9128593176,-8598464.172142234,8598464.172142234,0.13121470186672013
Road,15,scenario_19,4035829.325806883,-8570581.83594505,8570581.83594505,0.4708932722491023
Road,15,scenario_26,392555.7625953589,-8616354.912239624,8616354.912239624,0.04555937709085419
Road,15,scenario_44,1740835.8986319809,-8589844.030713525,8589844.030713525,0.20266210799724804
Road,15,scenario_64,3397886.802480487,-8574813.664246459,8574813.664246459,0.3962636315525217
Road,15,scenario_70,950278.7400591052,-8601672.280264463,8601672.280264463,0.11047604571490235
Road,15,scenario_75,1751615.8539625702,-8589726.05681016,8589726.05681016,0.20391987385602867
Road,15,scenario_78,4561455.413460559,-8567392.780918224,8567392.780918224,0.5324204842831635
Road,15,scenario_89,1022527.5488675836,-8600292.48729034,8600292.48729034,0.1188945085738296
Road,15,scenario_96,1219972.6392083452,-8596960.534346089,8596960.534346089,0.1419074374407536
Road,150,scenario_100,-3001074.7111166045,-24259406.957837515,24259406.957837515,-0.12370767003218287
Road,150,scenario_19,-9646020.823654436,-24508108.503999837,24508108.503999837,-0.3935848750661505
Road,150,scenario_26,-1225748.301058009,-24104609.559125055,24104609.559125055,-0.050851199147259746
Road,150,scenario_44,-4423253.67204362,-24335034.20519429,24335034.20519429,-0.18176484301384216
Road,150,scenario_64,-8203082.613589665,-24469954.298918243,24469954.298918243,-0.33523081054353676
Road,150,scenario_70,-2581971.6288464777,-24231504.62484882,24231504.62484882,-0.10655432540489988
Road,150,scenario_75,-4448543.162281398,-24336245.15208121,24336245.15208121,-0.1827949683478991
Road,150,scenario_78,-10831115.185158154,-24537167.433295406,24537167.433295406,-0.4414166881569633
Road,150,scenario_89,-2752402.952739301,-24243470.836296294,24243470.836296294,-0.11353172040937803
Road,150,scenario_96,-3215927.3679876854,-24272673.88424404,24272673.88424404,-0.1324916811112112
Road,17,scenario_100,-1478436.3050867526,-110813062.61157376,110813062.61157376,-0.01334171504914565
Road,17,scenario_19,-1587804.5600933004,-111267755.98385279,111267755.98385279,-0.014270122966474879
Road,17,scenario_26,-1115620.4806316774,-110530016.79428634,110530016.79428634,-0.010093371131102076
Road,17,scenario_44,-1583409.0807324052,-110951183.28698498,110951183.28698498,-0.014271223017394762
Road,17,scenario_64,-1600900.371448921,-111196979.55672461,111196979.55672461,-0.014396977128612187
Road,17,scenario_70,-1428868.777994031,-110762385.88400725,110762385.88400725,-0.012900306964228572
Road,17,scenario_75,-1583502.5287128026,-110953292.17917895,110953292.17917895,-0.014271793991976348
Road,17,scenario_78,-1525728.05429771,-111319978.85524553,111319978.85524553,-0.013705788215084771
Road,17,scenario_89,-1446550.938679641,-110783660.90547335,110783660.90547335,-0.013057439399063705
Road,17,scenario_96,-1495846.1531218458,-110836838.9254173,110836838.9254173,-0.01349592940058863
Road,176,scenario_100,734017.5360019158,-35525350.39846395,35525350.39846395,0.020661795809722775
Road,176,scenario_19,3624911.381257881,-35595854.63047731,35595854.63047731,0.10183521139998751
Road,176,scenario_26,95389.19830549772,-35481499.87310474,35481499.87310474,0.0026884206881514464
Road,176,scenario_44,1319598.7012171722,-35546793.05316394,35546793.05316394,0.03712286222961308
Road,176,scenario_64,2977337.064187694,-35585120.39185114,35585120.39185114,0.0836680340378866
Road,176,scenario_70,569669.7568405339,-35517411.940899044,35517411.940899044,0.01603916855733926
Road,176,scenario_75,1330463.5434229893,-35547140.07421793,35547140.07421793,0.037428145854916876
Road,176,scenario_78,4167842.8470112337,-35604146.285769664,35604146.285769664,0.11706060337913636
Road,176,scenario_89,636382.7038867001,-35520842.41550806,35520842.41550806,0.017915754824802847
Road,176,scenario_96,820495.827457424,-35529145.325773135,35529145.325773135,0.02309359878866069
Road,177,scenario_100,64331.86554200928,-5861596.00290736,5861596.00290736,0.010975144911061864
Road,177,scenario_19,351729.4311322434,-5862752.748811337,5862752.748811337,0.05999390494568545
Road,177,scenario_26,1096.9010113004024,-5861379.764512471,5861379.764512471,0.000187140409830046
Road,177,scenario_44,122564.8248578302,-5861843.652739892,5861843.652739892,0.020908920830828032
Road,177,scenario_64,286897.2973492432,-5862486.879761229,5862486.879761229,0.04893781482730211
Road,177,scenario_70,48029.0721736266,-5861540.855394376,5861540.855394376,0.008193932851193119
Road,177,scenario_75,123556.97744168848,-5861848.467077588,5861848.467077588,0.02107815958321549
Road,177,scenario_78,404733.7900138578,-5862919.354723254,5862919.354723254,0.06903280866174602
Road,177,scenario_89,54507.72410138612,-5861547.266656046,5861547.266656046,0.009299204053417491
Road,177,scenario_96,72767.15230072808,-5861621.02262772,5861621.02262772,0.012414168712003685
Road,195,scenario_100,-2897446.2434213767,-17181989.655969135,17181989.655969135,-0.168632754496787
Road,195,scenario_19,-9292024.31951497,-17440889.048258293,17440889.048258293,-0.5327724001800759
Road,195,scenario_26,-1186569.674323112,-17020782.250613507,17020782.250613507,-0.06971299302535537
Road,195,scenario_44,-4266606.210416288,-17260727.31953026,17260727.31953026,-0.24718577215391646
Road,195,scenario_64,-7904854.439182525,-17401260.704453535,17401260.704453535,-0.4542690655257766
Road,195,scenario_70,-2493587.613492871,-17152899.80608568,17152899.80608568,-0.1453741140963332
Road,195,scenario_75,-4291026.446730452,-17261996.9776453,17261996.9776453,-0.24858227308737418
Road,195,scenario_78,-10433160.03484017,-17471216.603054672,17471216.603054672,-0.597162766158828
Road,195,scenario_89,-2658136.844015264,-17165422.89189978,17165422.89189978,-0.15485414258390434
Road,195,scenario_96,-3104621.7839908586,-17195844.26276874,17195844.26276874,-0.18054488843637484
Road,197,scenario_100,-289197.9362024737,-6684030.9141182555,6684030.9141182555,-0.04326699560763838
Road,197,scenario_19,-920560.1438715204,-6738869.268434597,6738869.268434597,-0.13660454108873987
Road,197,scenario_26,-119739.54830475476,-6650021.11043226,6650021.11043226,-0.018005889953779643
Road,197,scenario_44,-423992.73940278974,-6700577.983394359,6700577.983394359,-0.06327703974993583
Road,197,scenario_64,-782292.538768843,-6729973.197830626,6729973.197830626,-0.11624006749700151
Road,197,scenario_70,-249577.5457637119,-6678056.708485177,6678056.708485177,-0.03737278023509403
Road,197,scenario_75,-426279.47259210626,-6700793.189138252,6700793.189138252,-0.06361627057571187
Road,197,scenario_78,-1031833.0866937286,-6744866.736398514,6744866.736398514,-0.15298050013730674
Road,197,scenario_89,-265362.28131409903,-6680400.1690191,6680400.1690191,-0.039722512813639255
Road,197,scenario_96,-309268.32771370956,-6686720.535571402,6686720.535571402,-0.04625112206626437
Road,2,scenario_100,-3156823.497530805,-9722056.383660842,9722056.383660842,-0.3247073842151595
Road,2,scenario_19,-10086475.67815615,-10076869.039779363,10076869.039779363,-1.0009533356381695
Road,2,scenario_26,-1299844.4150831816,-9501322.126218481,9501322.126218481,-0.1368066883551204
Road,2,scenario_44,-4640377.034570345,-9829881.059287313,9829881.059287313,-0.47206848247528865
Road,2,scenario_64,-8572873.960088959,-10021916.355165225,10021916.355165225,-0.8554126432786041
Road,2,scenario_70,-2720680.911159348,-9682448.444102632,9682448.444102632,-0.28099100417275713
Road,2,scenario_75,-4666115.8909852905,-9831553.808854744,9831553.808854744,-0.47460614890626696
Road,2,scenario_78,-11310848.541469555,-10117864.521840675,10117864.521840675,-1.1179086769795816
Road,2,scenario_89,-2895882.13372567,-9699198.489240468,9699198.489240468,-0.2985692206359253
Road,2,scenario_96,-3378585.9809650034,-9740728.008764917,9740728.008764917,-0.34685148563073304
Road,201,scenario_100,-3801982.050137135,-17365858.763011746,17365858.763011746,-0.21893429527568958
Road,201,scenario_19,-11790854.53033525,-17761442.28860982,17761442.28860982,-0.6638455559375698
Road,201,scenario_26,-1622240.8680070336,-17119614.345434517,17119614.345434517,-0.09475919464503914
Road,201,scenario_44,-5522296.577730372,-17486111.941665348,17486111.941665348,-0.3158104326538148
Road,201,scenario_64,-10054352.788209584,-17700290.199060008,17700290.199060008,-0.5680332172601062
Road,201,scenario_70,-3293220.23829196,-17321635.35475551,17321635.35475551,-0.1901217853190654
Road,201,scenario_75,-5552312.497810715,-17487992.981933147,17487992.981933147,-0.31749283657345995
Road,201,scenario_78,-13197234.448903508,-17807247.31611448,17807247.31611448,-0.741115918402549
Road,201,scenario_89,-3498664.692560018,-17340401.273033798,17340401.273033798,-0.20176376760097361
Road,201,scenario_96,-4060730.036473057,-17386752.746854365,17386752.746854365,-0.23355310192742748
Road,202,scenario_100,-1462207.491498191,-8868886.303180922,8868886.303180922,-0.16486934678300638
Road,202,scenario_19,-4391754.105754092,-9023654.681986226,9023654.681986226,-0.48669350285769236
Road,202,scenario_26,-647533.0842713144,-8772688.286190268,8772688.286190268,-0.07381238944630505
Road,202,scenario_44,-2096531.195981595,-8915860.329202928,8915860.329202928,-0.2351462583049485
Road,202,scenario_64,-3755214.5939280232,-8999522.017749447,8999522.017749447,-0.4172682267482365
Road,202,scenario_70,-1274046.6893231657,-8851671.017914692,8851671.017914692,-0.14393290111490273
Road,202,scenario_75,-2107358.8862137576,-8916573.45262194,8916573.45262194,-0.23634178503784808
Road,202,scenario_78,-4902477.030525916,-9041421.242487095,9041421.242487095,-0.5422241591275924
Road,202,scenario_89,-1349429.4689270882,-8858881.663752928,8858881.663752928,-0.1523250360650402
Road,202,scenario_96,-1557189.9637569217,-8876951.38729161,8876951.38729161,-0.1754194537987693
Road,206,scenario_100,16505.24875635286,-6409975.133506867,6409975.133506867,0.002574931791868421
Road,206,scenario_19,243527.186269624,-6464037.425606141,6464037.425606141,0.03767416093615642
Road,206,scenario_26,-25182.010496573363,-6376574.114257084,6376574.114257084,-0.003949144171361559
Road,206,scenario_44,60908.180250693986,-6426245.077684086,6426245.077684086,0.009478035698047841
Road,206,scenario_64,192426.87949438303,-6455042.805598411,6455042.805598411,0.029810318117099492
Road,206,scenario_70,4390.391606556943,-6404167.742024843,6404167.742024843,0.0006855522502552076
Road,206,scenario_75,61774.18859967626,-6426442.849413256,6426442.849413256,0.00961250104407547
Road,206,scenario_78,288478.1887843084,-6469759.650171647,6469759.650171647,0.04458870257671085
Road,206,scenario_89,9629.399110903829,-6406342.355019424,6406342.355019424,0.0015031040455337377
Road,206,scenario_96,23198.77665991878,-6412521.118867946,6412521.118867946,0.0036177310343134196
Road,209,scenario_100,-144205.7914014876,-11997665.672587808,11997665.672587808,-0.012019487401700824
Road,209,scenario_19,932147.460622964,-12148398.73316743,12148398.73316743,0.0767300679782616
Road,209,scenario_26,-284985.85746997275,-11904028.231401848,11904028.231401848,-0.02394028743297193
Road,209,scenario_44,50571.55540789364,-12043400.49385398,12043400.49385398,0.004199109332426622
Road,209,scenario_64,681826.1300072167,-12124931.31254882,12124931.31254882,0.05623340144628728
Road,209,scenario_70,-193071.50483158047,-11980875.442021811,11980875.442021811,-0.016114974716655517
Road,209,scenario_75,54923.41185352951,-12044088.234061938,12044088.234061938,0.004560196736038547
Road,209,scenario_78,1159448.8225366694,-12165722.731265265,12165722.731265265,0.09530455757938221
Road,209,scenario_89,-172455.00429739495,-11987935.253194025,11987935.253194025,-0.014385713690891568
Road,209,scenario_96,-115748.24673224102,-12005531.393375363,12005531.393375363,-0.009641243102001363
Road,227,scenario_100,41292.21495481471,-7337244.047224716,7337244.047224716,0.005627755420024952
Road,227,scenario_19,92030.8031688728,-7364847.187834314,7364847.187834314,0.012495955560475806
Road,227,scenario_26,21571.34986880095,-7320507.708938855,7320507.708938855,0.002946701339097125
Road,227,scenario_44,54204.22086950261,-7345536.747039795,7345536.747039795,0.0073792049153312824
Road,227,scenario_64,82521.10975859512,-7360663.153503311,7360663.153503311,0.011211097157641178
Road,227,scenario_70,37098.19012521928,-7334172.258854302,7334172.258854302,0.005058265447805902
Road,227,scenario_75,54386.14749425868,-7345678.250313206,7345678.250313206,0.007403829250476599
Road,227,scenario_78,99886.1354968053,-7368206.925338201,7368206.925338201,0.013556369481604987
Road,227,scenario_89,38977.23777002629,-7335527.068025471,7335527.068025471,0.005313488370852393
Road,227,scenario_96,43425.90130363098,-7338737.751271972,7338737.751271972,0.0059173529257268076
Road,233,scenario_100,-208548.15818678137,-6140830.334907594,6140830.334907594,-0.03396090541718566
Road,233,scenario_19,-484651.12678046554,-6188963.800926159,6188963.800926159,-0.07830892898548526
Road,233,scenario_26,-116477.8794481198,-6111116.265285377,6111116.265285377,-0.01906000056156361
Road,233,scenario_44,-271687.8627696178,-6155335.147961392,6155335.147961392,-0.04413859785678756
Road,233,scenario_64,-427370.95043423626,-6181145.458237926,6181145.458237926,-0.06914106023255889
Road,233,scenario_70,-188878.5944209532,-6135598.630075493,6135598.630075493,-0.030784053163958217
Road,233,scenario_75,-272841.716335601,-6155536.120870042,6155536.120870042,-0.04432460649699457
Road,233,scenario_78,-530767.5540185671,-6194235.918989007,6194235.918989007,-0.08568733270094697
Road,233,scenario_89,-196786.12135104748,-6137649.710828515,6137649.710828515,-0.0320621297438761
Road,233,scenario_96,-218311.76544603475,-6143187.684606339,6143187.684606339,-0.03553721238129881
Road,240,scenario_100,-7653.117802019348,-8395645.504873157,8395645.504873157,-0.0009115579972471663
Road,240,scenario_19,12988.755507342868,-8428539.704668788,8428539.704668788,0.001541044589271859
Road,240,scenario_26,-11034.34523795982,-8375623.430279144,8375623.430279144,-0.001317435690586207
Road,240,scenario_44,-3253.256179629361,-8405546.616291504,8405546.616291504,-0.00038703683747633367
Road,240,scenario_64,8579.66793087846,-8423560.038170975,8423560.038170975,0.0010185322941844172
Road,240,scenario_70,-8847.98223785474,-8391982.97134015,8391982.97134015,-0.0010543374871078617
Road,240,scenario_75,-3225.5075617750936,-8405716.421729805,8405716.421729805,-0.00038372785851266194
Road,240,scenario_78,16928.22066576202,-8432528.808708642,8432528.808708642,0.0020074904040979385
Road,240,scenario_89,-8228.221755615818,-8393594.993247684,8393594.993247684,-0.0009802976867760592
Road,240,scenario_96,-6993.5507778026185,-8397429.350771096,8397429.350771096,-0.0008328204365494822
Road,243,scenario_100,-2148139.2187320995,-23091685.412832983,23091685.412832983,-0.09302652363080834
Road,243,scenario_19,-5273636.431172773,-23533818.606985044,23533818.606985044,-0.22408757878364507
Road,243,scenario_26,-1140413.5368710984,-22816311.83725714,22816311.83725714,-0.049982378616025835
Road,243,scenario_44,-2861241.035162142,-23226293.11610135,23226293.11610135,-0.12318974107747829
Road,243,scenario_64,-4631052.6743435385,-23466627.115707308,23466627.115707308,-0.19734632725483411
Road,243,scenario_70,-1926310.957005576,-23041854.224258628,23041854.224258628,-0.08360051835487885
Road,243,scenario_75,-2874004.05739732,-23228498.344566725,23228498.344566725,-0.12372750122564705
Road,243,scenario_78,-5806692.707788744,-23585988.03356445,23585988.03356445,-0.24619247239188918
Road,243,scenario_89,-2019065.7844819184,-23063531.064357266,23063531.064357266,-0.08754365404186584
Road,243,scenario_96,-2260735.1899485267,-23115576.150570747,23115576.150570747,-0.09780137753099902
Road,245,scenario_100,-3376657.7608884345,-11279194.661656603,11279194.661656603,-0.2993704659045663
Road,245,scenario_19,-10214771.631266585,-11541916.614173075,11541916.614173075,-0.8850151991847869
Road,245,scenario_26,-1482965.648051207,-11116040.736011803,11116040.736011803,-0.13340771982302604
Road,245,scenario_44,-4857210.364907136,-11359005.934310388,11359005.934310388,-0.42760875317757463
Road,245,scenario_64,-8744632.872968175,-11501625.497390505,11501625.497390505,-0.7602953925905657
Road,245,scenario_70,-2935735.559273223,-11249753.921180638,11249753.921180638,-0.26095998008862437
Road,245,scenario_75,-4883571.623099197,-11360285.031305086,11360285.031305086,-0.42988108217722815
Road,245,scenario_78,-11426751.537746591,-11572760.155880226,11572760.155880226,-0.9873834231275029
Road,245,scenario_89,-3116073.868157222,-11262388.177929763,11262388.177929763,-0.276679672102193
Road,245,scenario_96,-3602424.1869817902,-11293209.896069905,11293209.896069905,-0.31899028001201435
Road,249,scenario_100,-3688695.836426466,-12042984.68236343,12042984.68236343,-0.30629415661621195
Road,249,scenario_19,-11264813.396670427,-12441394.799867788,12441394.799867788,-0.9054301047331234
Road,249,scenario_26,-1602423.922734197,-11795028.265508352,11795028.265508352,-0.13585587814317412
Road,249,scenario_44,-5324903.072397206,-12164089.28855482,12164089.28855482,-0.4377560001476972
Road,249,scenario_64,-9620881.303014698,-12379785.940056901,12379785.940056901,-0.7771443989095725
Road,249,scenario_70,-3203709.5081832446,-11998451.301349172,11998451.301349172,-0.2670102522167175
Road,249,scenario_75,-5353406.843429737,-12165983.168826867,12165983.168826867,-0.44003076193191476
Road,249,scenario_78,-12594562.911978144,-12487506.234250067,12487506.234250067,-1.0085731030455423
Road,249,scenario_89,-3399460.3867587103,-12017336.957074737,12017336.957074737,-0.28287967616297977
Road,249,scenario_96,-3934896.7457484086,-12064008.98219781,12064008.98219781,-0.3261682539821479
Road,25,scenario_100,-3700539.3421425014,-7420426.136649018,7420426.136649018,-0.49869633818814935
Road,25,scenario_19,-11463537.37568412,-7707685.278527975,7707685.278527975,-1.4872866446193873
Road,25,scenario_26,-1581757.3387523948,-7241976.29912029,7241976.29912029,-0.2184151498734588
Road,25,scenario_44,-5373688.060507975,-7507784.720610436,7507784.720610436,-0.7157488207881186
Road,25,scenario_64,-9789573.097603688,-7664039.540876605,7664039.540876605,-1.2773385426041222
Road,25,scenario_70,-3204172.7747508776,-7388118.139978282,7388118.139978282,-0.433692682499565
Road,25,scenario_75,-5403550.85142371,-7509214.140572689,7509214.140572689,-0.7195893938126006
Road,25,scenario_78,-12845292.622862034,-7741748.604950646,7741748.604950646,-1.6592236816689971
Road,25,scenario_89,-3407275.525327639,-7402155.563935386,7402155.563935386,-0.4603085541633966
Road,25,scenario_96,-3955350.775796058,-7435944.782660706,7435944.782660706,-0.531923096715192
Road,250,scenario_100,233361.5570425671,-72065233.5416212,72065233.5416212,0.0032381988592014954
Road,250,scenario_19,472828.0603465762,-72168533.70019552,72168533.70019552,0.006551720481266965
Road,250,scenario_26,138257.18036644082,-72001089.01278068,72001089.01278068,0.0019202095726899248
Road,250,scenario_44,292911.8574620345,-72096681.254143,72096681.254143,0.004062764781495438
Road,250,scenario_64,427301.6780228136,-72153200.5379568,72153200.5379568,0.0059221444764328635
Road,250,scenario_70,213678.1722811577,-72053494.92384014,72053494.92384014,0.0029655490341865235
Road,250,scenario_75,293890.5247946897,-72097213.06519689,72097213.06519689,0.004076309087411286
Road,250,scenario_78,510604.8708717777,-72181091.78638782,72181091.78638782,0.007073942195039914
Road,250,scenario_89,222157.6302974678,-72058766.38874558,72058766.38874558,0.0030830062937653242
Road,250,scenario_96,243230.3220971604,-72070971.13904296,72070971.13904296,0.003374872271776499
Road,255,scenario_100,-326536.4149307861,-6361750.60094002,6361750.60094002,-0.051328075464407034
Road,255,scenario_19,-1083869.7058101,-6431932.527068101,6431932.527068101,-0.1685138488702657
Road,255,scenario_26,-128358.54937566064,-6318224.185072755,6318224.185072755,-0.020315605400472597
Road,255,scenario_44,-487137.7359994981,-6383040.95626279,6383040.95626279,-0.0763175012251077
Road,255,scenario_64,-917621.757953722,-6421112.309681989,6421112.309681989,-0.14290697837041383
Road,255,scenario_70,-279543.656647663,-6353908.078038955,6353908.078038955,-0.04399554623930604
Road,255,scenario_75,-490000.6438870496,-6383382.701174366,6383382.701174366,-0.07676190929252964
Road,255,scenario_78,-1218677.0733851406,-6440096.395335112,6440096.395335112,-0.1892327379242165
Road,255,scenario_89,-298340.3306430959,-6357243.166246916,6357243.166246916,-0.046929199157757735
Road,255,scenario_96,-350450.4312342591,-6365464.328518761,6365464.328518761,-0.0550549674222758
Road,261,scenario_100,-1537677.216963988,-5814440.287924217,5814440.287924217,-0.26445833834729193
Road,261,scenario_19,-4910623.928294616,-5940679.0441185385,5940679.0441185385,-0.8266098693138944
Road,261,scenario_26,-634031.7416663038,-5736092.529856545,5736092.529856545,-0.11053373674956399
Road,261,scenario_44,-2259499.823934047,-5852739.666747746,5852739.666747746,-0.386058487578281
Road,261,scenario_64,-4173231.876893281,-5920997.621190955,5920997.621190955,-0.7048190429865218
Road,261,scenario_70,-1325568.8183651655,-5800423.3367611235,5800423.3367611235,-0.22852966781996034
Road,261,scenario_75,-2272032.3471673545,-5853327.62550279,5853327.62550279,-0.3881608022876032
Road,261,scenario_78,-5506129.690229594,-5955178.804605024,5955178.804605024,-0.9245951919985695
Road,261,scenario_89,-1410861.6474985764,-5806314.014389415,5806314.014389415,-0.2429874863815716
Road,261,scenario_96,-1645564.2983993103,-5821023.009398218,5821023.009398218,-0.2826933162336752
Road,267,scenario_100,22112.35325728825,-6353013.876498828,6353013.876498828,0.0034806083674847033
Road,267,scenario_19,31646.40027090233,-6379931.908557488,6379931.908557488,0.004960303765696087
Road,267,scenario_26,15169.916692461731,-6336336.477815067,6336336.477815067,0.0023941147610413377
Road,267,scenario_44,24767.10625894619,-6361206.120407742,6361206.120407742,0.0038934607352982082
Road,267,scenario_64,21557.454600326797,-6376084.013110528,6376084.013110528,0.003380986598670952
Road,267,scenario_70,22319.051913378706,-6349894.831955706,6349894.831955706,0.0035148695378478664
Road,267,scenario_75,24204.500353984684,-6361364.62178438,6361364.62178438,0.003804922653088742
Road,267,scenario_78,22442.650149810263,-6383348.856821891,6383348.856821891,0.0035158113167864514
Road,267,scenario_89,20222.538213477965,-6351367.4949561665,6351367.4949561665,0.0031839660088220935
Road,267,scenario_96,20442.80631348463,-6354575.34511702,6354575.34511702,0.0032170216266604315
Road,27,scenario_100,-3493126.368909431,-7229496.1940802885,7229496.1940802885,-0.483177011943059
Road,27,scenario_19,-10728769.51374136,-7507685.265496196,7507685.265496196,-1.4290382633710839
Road,27,scenario_26,-1508162.8888029272,-7056710.504824675,7056710.504824675,-0.21372038540787466
Road,27,scenario_44,-5055102.748319016,-7314056.93988876,7314056.93988876,-0.6911489464554126
Road,27,scenario_64,-9170065.040584652,-7465225.609518433,7465225.609518433,-1.2283707847881364
Road,27,scenario_70,-3029074.541844953,-7198254.73179771,7198254.73179771,-0.4208068003573505
Road,27,scenario_75,-5082922.261553971,-7315420.738277792,7315420.738277792,-0.6948229559726733
Road,27,scenario_78,-12014675.378504165,-7540507.427797075,7540507.427797075,-1.5933510434872944
Road,27,scenario_89,-3218977.8518706723,-7211757.07666011,7211757.07666011,-0.44635139781516836
Road,27,scenario_96,-3731133.143855648,-7244435.963343596,7244435.963343596,-0.5150343191291846
Road,270,scenario_100,-334977.33672522934,-20197096.007284,20197096.007284,-0.016585420825074117
Road,270,scenario_19,-965625.543728521,-20275065.391085215,20275065.391085215,-0.047626260389428826
Road,270,scenario_26,-155365.47043317408,-20148715.75318769,20148715.75318769,-0.007710936634191884
Road,270,scenario_44,-472469.66723487934,-20220773.90488012,20220773.90488012,-0.023365558086817468
Road,270,scenario_64,-829826.7785328117,-20263076.61456952,20263076.61456952,-0.04095265463962917
Road,270,scenario_70,-293988.0638959215,-20188385.856599215,20188385.856599215,-0.014562237218178698
Road,270,scenario_75,-474894.40940420696,-20221155.220174465,20221155.220174465,-0.02348502863626748
Road,270,scenario_78,-1075368.5751932622,-20284156.00023046,20284156.00023046,-0.05301519940889057
Road,270,scenario_89,-310496.2262269547,-20192114.936875533,20192114.936875533,-0.015377102755091585
Road,270,scenario_96,-355724.5724689595,-20201242.555061538,20201242.555061538,-0.017609044171385917
Road,273,scenario_100,37542.98322698238,-6363680.921702565,6363680.921702565,0.00589957034127003
Road,273,scenario_19,106292.87970508036,-6406722.581104612,6406722.581104612,0.01659083538571978
Road,273,scenario_26,15772.262031256529,-6337324.278310908,6337324.278310908,0.0024887888545069565
Road,273,scenario_44,53382.03986982864,-6376703.6545497,6376703.6545497,0.00837141613625736
Road,273,scenario_64,92086.28488972588,-6400242.062078062,6400242.062078062,0.01438793783056181
Road,273,scenario_70,32711.09540538879,-6358850.852098157,6358850.852098157,0.005144183464311871
Road,273,scenario_75,53566.17017805077,-6376925.417384392,6376925.417384392,0.008399999478121837
Road,273,scenario_78,117609.77919774925,-6411937.568177724,6411937.568177724,0.018342315087633333
Road,273,scenario_89,34660.76920928782,-6360992.782352619,6360992.782352619,0.005448955909122806
Road,273,scenario_96,39930.63445819637,-6366030.347463834,6366030.347463834,0.0062724543049192906
Road,277,scenario_100,-2143844.2127171913,-46311360.371100605,46311360.371100605,-0.04629197232683757
Road,277,scenario_19,-7093185.741537757,-46541404.52782872,46541404.52782872,-0.15240592357492122
Road,277,scenario_26,-843834.4954284532,-46168350.58306429,46168350.58306429,-0.01827733685027927
Road,277,scenario_44,-3196684.878701514,-46381245.82711513,46381245.82711513,-0.0689219278545702
Road,277,scenario_64,-6006741.90177925,-46505721.03058339,46505721.03058339,-0.12916135410155363
Road,277,scenario_70,-1836233.71363444,-46285727.21618769,46285727.21618769,-0.03967170495254197
Road,277,scenario_75,-3214985.1892972863,-46382330.34466754,46382330.34466754,-0.06931486980940157
Road,277,scenario_78,-7971523.146734482,-46567945.44081161,46567945.44081161,-0.1711804777143621
Road,277,scenario_89,-1959526.634965224,-46296556.14105701,46296556.14105701,-0.04232553775695346
Road,277,scenario_96,-2300551.1064121956,-46323446.958389364,46323446.958389364,-0.04966277894817921
Road,28,scenario_100,-549643.5249596785,-114897354.34320356,114897354.34320356,-0.004783778774556189
Road,28,scenario_19,1978567.756000301,-115416885.12956583,115416885.12956583,0.017142792874536347
Road,28,scenario_26,-829879.2346489634,-114573902.73550722,114573902.73550722,-0.0072431785496975855
Road,28,scenario_44,-106227.79641183202,-115055276.06845403,115055276.06845403,-0.0009232761855147786
Road,28,scenario_64,1375500.0841893104,-115336614.70466444,115336614.70466444,0.011925962000111336
Road,28,scenario_70,-656959.3729753487,-114839250.87046753,114839250.87046753,-0.005720686681562939
Road,28,scenario_75,-96769.82130120082,-115057739.33911097,115057739.33911097,-0.0008410544293416894
Road,28,scenario_78,2514950.5001469995,-115477060.85469534,115477060.85469534,0.021778788631549594
Road,28,scenario_89,-612672.1429064032,-114863930.81355712,114863930.81355712,-0.005333894970918851
Road,28,scenario_96,-487125.86048041674,-114924809.1524659,114924809.1524659,-0.004238648417803048
Road,284,scenario_100,-199066.7446952966,-7634552.953389985,7634552.953389985,-0.026074446783017548
Road,284,scenario_19,-589914.1630953004,-7708636.47116742,7708636.47116742,-0.07652639546588477
Road,284,scenario_26,-89882.97311480924,-7588618.600676409,7588618.600676409,-0.011844444667017203
Road,284,scenario_44,-283622.21153295913,-7656929.047786523,7656929.047786523,-0.037041248490470094
Road,284,scenario_64,-507141.73190776,-7696672.411688017,7696672.411688017,-0.06589103768241772
Road,284,scenario_70,-173652.8568599936,-7626455.476996844,7626455.476996844,-0.022769798812013107
Road,284,scenario_75,-285213.402458892,-7657228.053919806,7657228.053919806,-0.037247604544426306
Road,284,scenario_78,-660581.9918419077,-7716787.09119829,7716787.09119829,-0.0856032418719136
Road,284,scenario_89,-184262.41527742872,-7629659.429567947,7629659.429567947,-0.024150804761132457
Road,284,scenario_96,-212255.1032366657,-7638212.000364553,7638212.000364553,-0.027788584975978053
Road,285,scenario_100,-3644269.3570079394,-50765288.66389067,50765288.66389067,-0.07178663714760096
Road,285,scenario_19,-11054606.788913883,-51173048.37356944,51173048.37356944,-0.21602400365547736
Road,285,scenario_26,-1595287.637970821,-50511491.07634939,50511491.07634939,-0.031582667705443566
Road,285,scenario_44,-5246791.361168321,-50889245.94448953,50889245.94448953,-0.10310216360626705
Road,285,scenario_64,-9448341.393106865,-51110057.53120955,51110057.53120955,-0.18486266401358253
Road,285,scenario_70,-3168817.1536365235,-50719694.66079668,50719694.66079668,-0.06247705501440708
Road,285,scenario_75,-5274635.547637971,-50891183.496739365,50891183.496739365,-0.10364537008607633
Road,285,scenario_78,-12354004.812695246,-51220294.01079309,51220294.01079309,-0.2411935552359778
Road,285,scenario_89,-3360683.720642932,-50739052.106085196,50739052.106085196,-0.06623465715552619
Road,285,scenario_96,-3885528.776253802,-50786836.145958506,50786836.145958506,-0.0765066121679053
Road,289,scenario_100,-3555869.39274495,-84081040.04811443,84081040.04811443,-0.042290977736599636
Road,289,scenario_19,-10787530.337023914,-84468781.94472541,84468781.94472541,-0.1277102627581755
Road,289,scenario_26,-1556535.8063160088,-83839734.93259014,83839734.93259014,-0.01856560982173326
Road,289,scenario_44,-5119806.454283432,-84198918.31713983,84198918.31713983,-0.060806083458215
Road,289,scenario_64,-9220479.228801152,-84408905.1476755,84408905.1476755,-0.10923585861787559
Road,289,scenario_70,-3091853.3504773164,-84037670.93432961,84037670.93432961,-0.03679127843623146
Road,289,scenario_75,-5146997.2661818825,-84200766.08708613,84200766.08708613,-0.06112767739973422
Road,289,scenario_78,-12056262.931054302,-84513724.93861124,84513724.93861124,-0.14265449712235123
Road,289,scenario_89,-3279148.061217905,-84056099.16830002,84056099.16830002,-0.039011423247851194
Road,289,scenario_96,-3791429.030605817,-84101546.01210201,84101546.01210201,-0.04508156164049874
Road,308,scenario_100,-600833.0778549487,-59402148.90276086,59402148.90276086,-0.010114669064220056
Road,308,scenario_19,-737477.8691536727,-59588530.02124909,59588530.02124909,-0.012376171536547223
Road,308,scenario_26,-438184.3540530058,-59286146.99127178,59286146.99127178,-0.007391007449303733
Road,308,scenario_44,-661250.6626840736,-59458842.70630517,59458842.70630517,-0.011121149228388073
Road,308,scenario_64,-727060.9477449459,-59560106.28437767,59560106.28437767,-0.012207180159711208
Road,308,scenario_70,-575098.0827458875,-59381186.74004463,59381186.74004463,-0.009684853306545001
Road,308,scenario_75,-662139.6884789399,-59459774.812741004,59459774.812741004,-0.011135926608606279
Road,308,scenario_78,-736526.1439681638,-59610441.96577954,59610441.96577954,-0.01235565648701246
Road,308,scenario_89,-585990.72134518,-59390245.327669114,59390245.327669114,-0.009866783982994844
Road,308,scenario_96,-612028.9222755514,-59412169.707764685,59412169.707764685,-0.01030140668630663
Road,331,scenario_100,-4066252.4416861543,-86233648.52142705,86233648.52142705,-0.047153895392420805
Road,331,scenario_19,-12564705.46520164,-86633394.53159788,86633394.53159788,-0.1450330502820007
Road,331,scenario_26,-1742156.843815623,-85984770.5998657,85984770.5998657,-0.0202612256991745
Road,331,scenario_44,-5897740.418734108,-86355163.04451033,86355163.04451033,-0.06829632659826275
Road,331,scenario_64,-10718750.973193228,-86571549.99897622,86571549.99897622,-0.12381378147116445
Road,331,scenario_70,-3524199.3195716976,-86188962.97031972,86188962.97031972,-0.04088921827247534
Road,331,scenario_75,-5929597.971179649,-86357050.42055576,86357050.42055576,-0.0686637390033902
Road,331,scenario_78,-14060240.922194757,-86679635.80451179,86679635.80451179,-0.16220927547393899
Road,331,scenario_89,-3743137.705784992,-86207899.70625344,86207899.70625344,-0.04341989212751309
Road,331,scenario_96,-4341849.184209853,-86254733.74502876,86254733.74502876,-0.05033751767229927
Road,334,scenario_100,2366989.181519851,-6782283.354276039,6782283.354276039,0.34899591448468914
Road,334,scenario_19,8278164.111312145,-6732625.398988072,6732625.398988072,1.2295595879367314
Road,334,scenario_26,856210.0339297748,-6813745.382114888,6813745.382114888,0.1256592352536689
Road,334,scenario_44,3615567.1714323894,-6767050.289610634,6767050.289610634,0.534289981113828
Road,334,scenario_64,6981960.59336846,-6740331.08245467,6740331.08245467,1.0358483148613813
Road,334,scenario_70,2003584.6103883588,-6787885.411999635,6787885.411999635,0.29517065901649114
Road,334,scenario_75,3637493.448470916,-6766849.41021014,6766849.41021014,0.5375460909448487
Road,334,scenario_78,9342382.704033785,-6727039.661760828,6727039.661760828,1.388780678243895
Road,334,scenario_89,2150731.797441778,-6785549.001482594,6785549.001482594,0.31695766944898024
Road,334,scenario_96,2553930.607338892,-6779678.679847456,6779678.679847456,0.37670378316459624
Road,348,scenario_100,-4178897.392675257,-24918623.34987367,24918623.34987367,-0.16770177605724124
Road,348,scenario_19,-12047949.72615948,-25426025.212578025,25426025.212578025,-0.4738432226598858
Road,348,scenario_26,-1929954.043163729,-24602644.598160654,24602644.598160654,-0.07844498324005446
Road,348,scenario_44,-5900220.891340369,-25073036.54514878,25073036.54514878,-0.2353213533078013
Road,348,scenario_64,-10364855.78649938,-25348493.334343623,25348493.334343623,-0.40889435319836015
Road,348,scenario_70,-3662380.5876436704,-24861588.966088854,24861588.966088854,-0.14731080111730382
Road,348,scenario_75,-5930648.861177109,-25075533.97012608,25075533.97012608,-0.236511368740647
Road,348,scenario_78,-13425185.2524359,-25485536.750382014,25485536.750382014,-0.5267766335050669
Road,348,scenario_89,-3873597.903755157,-24886203.38294128,24886203.38294128,-0.15565242492594863
Road,348,scenario_96,-4441997.201667335,-24945853.390264947,24945853.390264947,-0.17806555390888382
Road,351,scenario_100,-6329287.108228042,-10909659.651099252,10909659.651099252,-0.5801544054209158
Road,351,scenario_19,-20327411.13714484,-11294096.995136732,11294096.995136732,-1.799826152183559
Road,351,scenario_26,-2585745.4363562814,-10669945.198208665,10669945.198208665,-0.24233914873249696
Road,351,scenario_44,-9328728.457356011,-11026895.383637669,11026895.383637669,-0.8459977294423693
Road,351,scenario_64,-17309948.849490233,-11236662.183350505,11236662.183350505,-1.5404884980113212
Road,351,scenario_70,-5442377.242218979,-10865983.908711417,10865983.908711417,-0.5008637310658767
Road,351,scenario_75,-9383000.120278217,-11028873.406972967,11028873.406972967,-0.8507668711063314
Road,351,scenario_78,-22847084.76184978,-11340364.000082664,11340364.000082664,-2.0146694375668397
Road,351,scenario_89,-5807895.209553059,-10885368.563535212,10885368.563535212,-0.533550625838143
Road,351,scenario_96,-6787762.43745613,-10930883.8895819,10930883.8895819,-0.6209710491871081
Road,356,scenario_100,-2795819.931018986,-14197139.346350476,14197139.346350476,-0.196928399645361
Road,356,scenario_19,-8392461.063542416,-14403666.825872866,14403666.825872866,-0.5826614267741389
Road,356,scenario_26,-1237971.0559557604,-14068643.18460733,14068643.18460733,-0.08799505678772486
Road,356,scenario_44,-4008705.913578858,-14259877.729884638,14259877.729884638,-0.28111783211000146
Road,356,scenario_64,-7181792.511990414,-14371615.945343299,14371615.945343299,-0.4997205978300209
Road,356,scenario_70,-2435172.750270658,-14174098.48246776,14174098.48246776,-0.1718044186925027
Road,356,scenario_75,-4029773.220202124,-14260847.255910518,14260847.255910518,-0.28257600322673354
Road,356,scenario_78,-9372838.85267723,-14427472.10220466,14427472.10220466,-0.6496521903684684
Road,356,scenario_89,-2580976.5018287823,-14183814.458579943,14183814.458579943,-0.1819663186772386
Road,356,scenario_96,-2978912.741923858,-14207981.21598545,14207981.21598545,-0.20966474382527142
Road,358,scenario_100,-3181827.9908542633,-72582839.22660725,72582839.22660725,-0.043837193815475274
Road,358,scenario_19,-10121655.228917316,-72937573.700712,72937573.700712,-0.13877148245224
Road,358,scenario_26,-1317343.72288645,-72362152.0115249,72362152.0115249,-0.018204872108787486
Road,358,scenario_44,-4668743.209585545,-72690637.85655266,72690637.85655266,-0.06422757245298658
Road,358,scenario_64,-8606753.912196113,-72882638.38709903,72882638.38709903,-0.11809059197999063
Road,358,scenario_70,-2744251.4194899537,-72543221.50382753,72543221.50382753,-0.037829191516469414
Road,358,scenario_75,-4694579.041565586,-72692314.87924922,72692314.87924922,-0.06458150423966898
Road,358,scenario_78,-11347089.750194944,-72978565.4755179,72978565.4755179,-0.15548523975853637
Road,358,scenario_89,-2920128.069240959,-72559984.11580542,72559984.11580542,-0.04024433170465483
Road,358,scenario_96,-3404266.901497949,-72601515.92098363,72601515.92098363,-0.04688974959149623
Road,390,scenario_100,-2338123.9566372815,-17915693.02177883,17915693.02177883,-0.13050703390569324
Road,390,scenario_19,-7825760.740547492,-18079505.84302532,18079505.84302532,-0.4328525795170724
Road,390,scenario_26,-905097.4530204335,-17813903.97761334,17813903.97761334,-0.05080848387629493
Road,390,scenario_44,-3503739.3767604292,-17965440.57784701,17965440.57784701,-0.1950266324712822
Road,390,scenario_64,-6624670.114644124,-18054183.29938903,18054183.29938903,-0.36693269392408956
Road,390,scenario_70,-1996969.2120258997,-17897383.389784873,17897383.389784873,-0.11157883633233737
Road,390,scenario_75,-3524201.782448566,-17966211.342907507,17966211.342907507,-0.19615720394159838
Road,390,scenario_78,-8805919.893624857,-18098468.349960066,18098468.349960066,-0.48655608437960923
Road,390,scenario_89,-2134882.341183193,-17905154.82013883,17905154.82013883,-0.1192328333727661
Road,390,scenario_96,-2512801.8404066567,-17924331.77964162,17924331.77964162,-0.14018942916804777
Road,392,scenario_100,103687.57952677752,-5448351.144045556,5448351.144045556,0.01903100163433786
Road,392,scenario_19,370941.7290169822,-5452862.316210947,5452862.316210947,0.0680269751015353
Road,392,scenario_26,34494.29137711935,-5446026.295698488,5446026.295698488,0.006333845909698318
Road,392,scenario_44,160799.28932344125,-5449570.220308393,5449570.220308393,0.029506783621982863
Road,392,scenario_64,311624.8290363462,-5452054.862943679,5452054.862943679,0.057157317171253365
Road,392,scenario_70,87150.3180229592,-5447938.260002349,5447938.260002349,0.01599693569635307
Road,392,scenario_75,161673.4896322241,-5449591.55533764,5449591.55533764,0.02966708385215987
Road,392,scenario_78,417400.429150508,-5453391.610790281,5453391.610790281,0.07653960304714304
Road,392,scenario_89,93737.69463514887,-5448071.254558752,5448071.254558752,0.01720566605231393
Road,392,scenario_96,112019.11770608414,-5448529.977420199,5448529.977420199,0.02055951204642607
Road,394,scenario_100,5651.63553811245,-10279756.333183307,10279756.333183307,0.000549783025485617
Road,394,scenario_19,-91796.79632386212,-10363414.604502227,10363414.604502227,-0.008857775147197372
Road,394,scenario_26,18455.62827612698,-10227855.108504253,10227855.108504253,0.0018044475679736118
Road,394,scenario_44,-11468.611494138016,-10305188.38059986,10305188.38059986,-0.0011128968312436064
Road,394,scenario_64,-68779.80922322634,-10350997.751623232,10350997.751623232,-0.00664475163396112
Road,394,scenario_70,9899.677216567774,-10270263.030208416,10270263.030208416,0.0009639166190242041
Road,394,scenario_75,-11882.282027224886,-10305622.67017096,10305622.67017096,-0.0011529902081140113
Road,394,scenario_78,-112505.069114903,-10373612.188510045,10373612.188510045,-0.01084531280622917
Road,394,scenario_89,8167.799763214999,-10274532.938093182,10274532.938093182,0.0007949558206127894
Road,394,scenario_96,3120.8820005521293,-10284414.109798932,10284414.109798932,0.0003034574422259573
Road,423,scenario_100,1547166.1682390394,-10014507.27159754,10014507.27159754,0.15449249037214305
Road,423,scenario_19,5735944.253956357,-10017568.261416567,10017568.261416567,0.5725884869733093
Road,423,scenario_26,506719.2793531583,-10013088.650737317,10013088.650737317,0.05060569191263935
Road,423,scenario_44,2424280.886022567,-10015342.281596731,10015342.281596731,0.24205671836869735
Road,423,scenario_64,4810062.561084061,-10017332.542137053,10017332.542137053,0.480173992512572
Road,423,scenario_70,1294092.9336384388,-10014145.08471609,10014145.08471609,0.12922650138288141
Road,423,scenario_75,2439569.7078551487,-10015404.469626702,10015404.469626702,0.24358174602468924
Road,423,scenario_78,6493017.442892337,-10018249.407410689,10018249.407410689,0.6481189655838803
Road,423,scenario_89,1395889.7776714242,-10014425.517733235,10014425.517733235,0.13938790349976898
Road,423,scenario_96,1677314.1834710974,-10014784.492252177,10014784.492252177,0.1674838020497328
Road,459,scenario_100,-961147.3862607622,-60352013.69969626,60352013.69969626,-0.015925688760665156
Road,459,scenario_19,-1785650.060929015,-60586614.02568353,60586614.02568353,-0.02947268286311647
Road,459,scenario_26,-603248.8593229977,-60205994.33766914,60205994.33766914,-0.010019747467995267
Road,459,scenario_44,-1171644.1219365357,-60423382.902024195,60423382.902024195,-0.01939057473555135
Road,459,scenario_64,-1626835.276475007,-60550777.64046093,60550777.64046093,-0.026867289568679814
Road,459,scenario_70,-890629.0613721344,-60325648.898478664,60325648.898478664,-0.014763688043720238
Road,459,scenario_75,-1175025.0273840644,-60424537.06126119,60424537.06126119,-0.01944615688478953
Road,459,scenario_78,-1904127.729404023,-60614138.549212426,60614138.549212426,-0.03141392049741114
Road,459,scenario_89,-919629.6180599108,-60337024.35581328,60337024.35581328,-0.015241547422636652
Road,459,scenario_96,-994941.15509133,-60364596.846025884,60364596.846025884,-0.016482196636368858
Road,464,scenario_100,-3041.658563237297,-5692811.975267099,5692811.975267099,-0.0005342980896702787
Road,464,scenario_19,8788.491263188147,-5692187.967869125,5692187.967869125,0.0015439566143628466
Road,464,scenario_26,-6285.87084925553,-5693701.297667256,5693701.297667256,-0.001104004323484776
Road,464,scenario_44,-175.03261410373176,-5692508.290042796,5692508.290042796,-3.0747889187951604e-05
Road,464,scenario_64,6370.49142559308,-5692233.743187114,5692233.743187114,0.001119154924587866
Road,464,scenario_70,-4097.687677360531,-5692977.854620467,5692977.854620467,-0.0007197793109338753
Road,464,scenario_75,-220.1204580957539,-5692514.040031844,5692514.040031844,-3.866840846553671e-05
Road,464,scenario_78,10577.136862093044,-5692168.835819741,5692168.835819741,0.0018581909931295651
Road,464,scenario_89,-3573.799808559992,-5692891.693822345,5692891.693822345,-0.0006277652906058462
Road,464,scenario_96,-2672.462717824684,-5692761.506589365,5692761.506589365,-0.0004694492672372295
Road,469,scenario_100,-2183273.974515578,-7560125.396986726,7560125.396986726,-0.28878806367230037
Road,469,scenario_19,-7105279.576326909,-7812677.529282286,7812677.529282286,-0.90945511954077
Road,469,scenario_26,-878425.3194702131,-7403092.319092352,7403092.319092352,-0.11865653994409617
Road,469,scenario_44,-3233360.0348640676,-7636862.798867569,7636862.798867569,-0.4233885196082776
Road,469,scenario_64,-6027272.278810798,-7773562.928801655,7773562.928801655,-0.775355179345019
Road,469,scenario_70,-1875678.6367366735,-7531960.619668965,7531960.619668965,-0.24902926760377975
Road,469,scenario_75,-3251629.1617032667,-7638059.6469583325,7638059.6469583325,-0.42571403104951494
Road,469,scenario_78,-7976923.815360247,-7841858.754623239,7841858.754623239,-1.0172236028425505
Road,469,scenario_89,-1999117.3313021609,-7543884.95766326,7543884.95766326,-0.26499838511871915
Road,469,scenario_96,-2339884.0470732045,-7573422.6006495375,7573422.6006495375,-0.3089599208252981
Road,486,scenario_100,-3769030.130683664,-83107634.68480597,83107634.68480597,-0.04535118999569761
Road,486,scenario_19,-11504586.885890568,-83516036.07500046,83516036.07500046,-0.1377530283592366
Road,486,scenario_26,-1637981.3897560325,-82853361.34639187,82853361.34639187,-0.019769643176068486
Road,486,scenario_44,-5440050.948956972,-83231818.4881944,83231818.4881944,-0.06536023179318842
Road,486,scenario_64,-9827313.451236635,-83453015.8452674,83453015.8452674,-0.11775863762021178
Road,486,scenario_70,-3273445.170438918,-83061924.70169643,83061924.70169643,-0.03940969562401751
Road,486,scenario_75,-5469246.606899175,-83233767.1127652,83233767.1127652,-0.06570946860412354
Road,486,scenario_78,-12863183.234474136,-83563413.31681782,83563413.31681782,-0.15393319544889048
Road,486,scenario_89,-3473795.471752666,-83081374.0794523,83081374.0794523,-0.04181196459787255
Road,486,scenario_96,-4020693.745995204,-83129253.18783109,83129253.18783109,-0.04836677332960541
Road,493,scenario_100,-6424.021120815924,-5499505.443462216,5499505.443462216,-0.0011681088757631412
Road,493,scenario_19,33427.37273784999,-5499859.462933808,5499859.462933808,0.006077859436797085
Road,493,scenario_26,-13307.048397669509,-5499816.04215207,5499816.04215207,-0.002419544271241203
Road,493,scenario_44,1666.735178836417,-5499459.39090512,5499459.39090512,0.00030307254956602196
Road,493,scenario_64,24347.25320329817,-5499723.573888108,5499723.573888108,0.004426995807370284
Road,493,scenario_70,-8547.204626116076,-5499545.84263394,5499545.84263394,-0.0015541655385169944
Road,493,scenario_75,1759.4952118538667,-5499464.236083367,5499464.236083367,0.00031993938615135936
Road,493,scenario_78,40660.562121088165,-5499955.351695656,5499955.351695656,0.007392889491103299
Road,493,scenario_89,-7681.032080002928,-5499519.460387555,5499519.460387555,-0.0013966733157921474
Road,493,scenario_96,-5256.8828846322795,-5499484.099918714,5499484.099918714,-0.0009558865502875042
Road,499,scenario_100,-3040389.5091155823,-7126805.50539068,7126805.50539068,-0.4266132290008261
Road,499,scenario_19,-9087607.022371365,-7369363.25540964,7369363.25540964,-1.2331604112065464
Road,499,scenario_26,-1353359.281042504,-6976241.729289824,6976241.729289824,-0.19399546827060346
Road,499,scenario_44,-4352761.613089844,-7200487.541368359,7200487.541368359,-0.6045092902504569
Road,499,scenario_64,-7789660.808767405,-7332219.250575175,7332219.250575175,-1.0623878722879634
Road,499,scenario_70,-2648689.909019492,-7099610.518043168,7099610.518043168,-0.3730753824154199
Road,499,scenario_75,-4376132.320878008,-7201671.476231548,7201671.476231548,-0.6076550888666651
Road,499,scenario_78,-10157379.866996132,-7397897.411536519,7397897.411536519,-1.3730090189080464
Road,499,scenario_89,-2809151.320896752,-7111314.684772704,7111314.684772704,-0.39502559588762454
Road,499,scenario_96,-3240905.3660966926,-7139772.542958686,7139772.542958686,-0.453922775073963
Road,517,scenario_100,-94907.31127972064,-6017291.512212959,6017291.512212959,-0.01577243035127891
Road,517,scenario_19,-304892.08290724544,-6051055.4541847035,6051055.4541847035,-0.0503865953990543
Road,517,scenario_26,-40371.50546620909,-5996579.637442011,5996579.637442011,-0.006732422131798878
Road,517,scenario_44,-139272.2217617464,-6027503.713542345,6027503.713542345,-0.023106119611147703
Road,517,scenario_64,-260061.34944686585,-6046018.870803441,6046018.870803441,-0.043013651628299815
Road,517,scenario_70,-81792.98947887773,-6013488.554148944,6013488.554148944,-0.013601587288703743
Road,517,scenario_75,-140128.0460227662,-6027678.604083825,6027678.604083825,-0.02324743159461551
Road,517,scenario_78,-343990.3913408428,-6055192.984757996,6055192.984757996,-0.056809154094135096
Road,517,scenario_89,-87273.33650264914,-6015191.788677655,6015191.788677655,-0.014508820261878101
Road,517,scenario_96,-101740.97139864112,-6019144.446473357,6019144.446473357,-0.01690289580245106
Road,521,scenario_100,-6191978.734390478,-63640343.52848011,63640343.52848011,-0.0972964379367227
Road,521,scenario_19,-19442013.391093887,-64192002.584382094,64192002.584382094,-0.3028728285199834
Road,521,scenario_26,-2603020.801105832,-63296801.91691317,63296801.91691317,-0.04112404927697136
Road,521,scenario_44,-9040254.99264708,-63808191.68639011,63808191.68639011,-0.14167859570568758
Road,521,scenario_64,-16571328.029168827,-64107472.93706532,64107472.93706532,-0.2584929224310089
Road,521,scenario_70,-5349737.576198936,-63578411.10672071,63578411.10672071,-0.08414393318541787
Road,521,scenario_75,-9090810.128233522,-63810879.50711733,63810879.50711733,-0.1424648931099524
Road,521,scenario_78,-21793163.295466054,-64256492.52681604,64256492.52681604,-0.33915893069281916
Road,521,scenario_89,-5692280.195443332,-63605008.10864743,63605008.10864743,-0.08949421381599411
Road,521,scenario_96,-6622786.991412197,-63669835.82047937,63669835.82047937,-0.1040176546094058
Road,531,scenario_100,-3311276.744446234,-8957344.213653725,8957344.213653725,-0.36967170909864533
Road,531,scenario_19,-10699069.114643518,-9248244.443813344,9248244.443813344,-1.1568756837737684
Road,531,scenario_26,-1342881.1506798016,-8776182.253176738,8776182.253176738,-0.15301427339817555
Road,531,scenario_44,-4891388.90380975,-9045847.32980052,9045847.32980052,-0.5407330817640071
Road,531,scenario_64,-9097619.946777778,-9203833.37235244,9203833.37235244,-0.9884598708736168
Road,531,scenario_70,-2845461.679666363,-8924631.601061761,8924631.601061761,-0.3188323963229854
Road,531,scenario_75,-4919768.392915418,-9047286.415115396,9047286.415115396,-0.5437838670273454
Road,531,scenario_78,-12021443.588852135,-9282404.896081848,9282404.896081848,-1.2950785624452184
Road,531,scenario_89,-3035695.5286136875,-8938747.10319898,8938747.10319898,-0.3396108530162218
Road,531,scenario_96,-3550877.035514406,-8972967.223610306,8972967.223610306,-0.39573052559147737
Road,533,scenario_100,-336305.1878615568,-13155305.26442469,13155305.26442469,-0.025564225314558993
Road,533,scenario_19,-522777.86658552446,-13258940.079475747,13258940.079475747,-0.03942833012683732
Road,533,scenario_26,-228158.54791723337,-13091009.98459361,13091009.98459361,-0.01742864364061641
Road,533,scenario_44,-390430.8637376914,-13186566.87942219,13186566.87942219,-0.029608226865095864
Road,533,scenario_64,-490271.0008739155,-13241765.59550886,13241765.59550886,-0.03702459444231501
Road,533,scenario_70,-317216.59777631046,-13144111.195914224,13144111.195914224,-0.024133742711710742
Road,533,scenario_75,-391124.3134195744,-13186946.788814407,13186946.788814407,-0.0296599599348758
Road,533,scenario_78,-543912.8019647155,-13269947.02660066,13269947.02660066,-0.04098831750227783
Road,533,scenario_89,-324354.9134808995,-13148342.171112731,13148342.171112731,-0.02466888291008399
Road,533,scenario_96,-344728.2279434592,-13160224.789563058,13160224.789563058,-0.026194706660090775
Road,538,scenario_100,78729.35703718617,-23891726.69406176,23891726.69406176,0.003295256054337596
Road,538,scenario_19,768762.4769120126,-23953107.304157242,23953107.304157242,0.032094478062918715
Road,538,scenario_26,-53288.135604616815,-23854220.560272373,23854220.560272373,-0.0022339080612579177
Road,538,scenario_44,214142.06897877323,-23910042.66979686,23910042.66979686,0.008956155868733653
Road,538,scenario_64,613502.9730862549,-23942471.58287003,23942471.58287003,0.025624045160199505
Road,538,scenario_70,41581.183262150305,-23885301.618752137,23885301.618752137,0.001740869088691151
Road,538,scenario_75,216812.90479540615,-23910234.501179468,23910234.501179468,0.009067786632737164
Road,538,scenario_78,904276.6721680644,-23959335.40564094,23959335.40564094,0.03774214337995215
Road,538,scenario_89,57436.66950371383,-23887536.55541901,23887536.55541901,0.0024044618150750262
Road,538,scenario_96,99210.02470365286,-23894418.00614364,23894418.00614364,0.0041520167881111125
Road,540,scenario_100,510270.8332733665,-8488780.408506537,8488780.408506537,0.06011120664189031
Road,540,scenario_19,2184649.658605056,-8551295.803610226,8551295.803610226,0.2554758610598794
Road,540,scenario_26,120051.3817986606,-8450116.886664174,8450116.886664174,0.014207067595493688
Road,540,scenario_44,854257.6352390434,-8507566.6526121,8507566.6526121,0.10041151249479292
Road,540,scenario_64,1807927.4972351196,-8540755.244876765,8540755.244876765,0.211682391708815
Road,540,scenario_70,412792.91551031056,-8482088.25183988,8482088.25183988,0.048666425443141335
Road,540,scenario_75,860252.4596502625,-8507779.223090777,8507779.223090777,0.10111363225264122
Road,540,scenario_78,2489588.6891331817,-8557795.022582898,8557795.022582898,0.2909147370979889
Road,540,scenario_89,451731.2696533341,-8484538.393665478,8484538.393665478,0.05324170257637055
Road,540,scenario_96,560644.3089415891,-8491651.558950035,8491651.558950035,0.06602299977213277
Road,546,scenario_100,-522651.17006922775,-6174068.238841248,6174068.238841248,-0.08465263904619869
Road,546,scenario_19,-1792435.6865585537,-6211443.565865118,6211443.565865118,-0.2885699061018365
Road,546,scenario_26,-195338.7040435261,-6150830.146478347,6150830.146478347,-0.03175810409191142
Road,546,scenario_44,-791688.6205243756,-6185454.326787103,6185454.326787103,-0.1279919919699093
Road,546,scenario_64,-1520249.093242589,-6205985.537381084,6205985.537381084,-0.24496497519782034
Road,546,scenario_70,-443420.2970134464,-6169793.26667992,6169793.26667992,-0.0718695550802562
Road,546,scenario_75,-796936.0093258169,-6185671.010013664,6185671.010013664,-0.12883582202087668
Road,546,scenario_78,-2027487.878297664,-6216060.703512918,6216060.703512918,-0.32616925332660573
Road,546,scenario_89,-476803.6752207974,-6171747.992714824,6171747.992714824,-0.0772558561664572
Road,546,scenario_96,-564446.0179165347,-6176191.36904975,6176191.36904975,-0.09139062962736186
Road,550,scenario_100,37430.334454251526,-11260665.692027135,11260665.692027135,0.0033239894938674225
Road,550,scenario_19,701511.8543930257,-11349149.710026795,11349149.710026795,0.06181184250069863
Road,550,scenario_26,-80732.48657646021,-11206336.972800147,11206336.972800147,-0.007204181595860708
Road,550,scenario_44,165408.60110279536,-11287186.451748881,11287186.451748881,0.014654546711874888
Road,550,scenario_64,550670.8331797714,-11334151.560681034,11334151.560681034,0.04858509525230694
Road,550,scenario_70,2856.0568330212877,-11251274.985831695,11251274.985831695,0.000253842949942812
Road,550,scenario_75,167996.34605930728,-11287485.684493957,11287485.684493957,0.014883416090625937
Road,550,scenario_78,833637.3524935688,-11358382.619214123,11358382.619214123,0.0733940192403245
Road,550,scenario_89,17566.01343285597,-11254701.948947854,11254701.948947854,0.0015607710903884156
Road,550,scenario_96,56628.50549551629,-11264709.897704948,11264709.897704948,0.005027071802981245
Road,552,scenario_100,-1272192.996800903,-6523909.134844843,6523909.134844843,-0.19500470814438456
Road,552,scenario_19,-4293244.559973771,-6615272.9456097735,6615272.9456097735,-0.6489897839851012
Road,552,scenario_26,-487358.79890456813,-6467309.604471208,6467309.604471208,-0.07535727044328142
Road,552,scenario_44,-1912721.113977078,-6551630.652772136,6551630.652772136,-0.29194580942498105
Road,552,scenario_64,-3631357.5595201184,-6601169.997474479,6601169.997474479,-0.5501081718709605
Road,552,scenario_70,-1084915.109329481,-6513700.064780349,6513700.064780349,-0.16655896012093485
Road,552,scenario_75,-1924054.1001710969,-6552071.981626138,6552071.981626138,-0.29365582453408456
Road,552,scenario_78,-4833717.587510747,-6625879.689909197,6625879.689909197,-0.729520880808053
Road,552,scenario_89,-1160611.2819661088,-6518041.712584803,6518041.712584803,-0.17806134620544725
Road,552,scenario_96,-1368086.8599882042,-6528725.166107907,6528725.166107907,-0.20954885144962962
Road,556,scenario_100,-413085.555302874,-7119770.942058564,7119770.942058564,-0.05801950072054385
Road,556,scenario_19,-1633752.444777218,-7173407.109605157,7173407.109605157,-0.22775125122755566
Road,556,scenario_26,-119970.58436448406,-7086567.946373423,7086567.946373423,-0.016929292892179135
Road,556,scenario_44,-665935.825041548,-7136035.633773474,7136035.633773474,-0.0933201372888054
Road,556,scenario_64,-1364925.3392880647,-7165156.227411123,7165156.227411123,-0.1904948470022729
Road,556,scenario_70,-340219.9903082078,-7113780.762621663,7113780.762621663,-0.04782548150708338
Road,556,scenario_75,-670618.4243830848,-7136286.520578948,7136286.520578948,-0.09397302398792688
Road,556,scenario_78,-1859468.6203810668,-7179656.524999825,7179656.524999825,-0.2589913060473477
Road,556,scenario_89,-370364.5581003695,-7116336.140410858,7116336.140410858,-0.05204427542386814
Road,556,scenario_96,-451379.83765836695,-7122611.847640952,7122611.847640952,-0.06337279741108824
Road,558,scenario_100,-3140756.385644479,-97943925.08524534,97943925.08524534,-0.03206688299362035
Road,558,scenario_19,-8218682.166842567,-98386003.07897048,98386003.07897048,-0.0835350752102996
Road,558,scenario_26,-1586255.6066233153,-97668748.22856985,97668748.22856985,-0.016241178835537766
Road,558,scenario_44,-4275772.55989363,-98078283.70926152,98078283.70926152,-0.04359550756993793
Road,558,scenario_64,-7135328.885057257,-98317539.82850523,98317539.82850523,-0.07257432292857788
Road,558,scenario_70,-2795435.9270187262,-97894534.57829618,97894534.57829618,-0.028555587286468304
Road,558,scenario_75,-4294769.177830685,-98080366.48920983,98080366.48920983,-0.04378826600635886
Road,558,scenario_78,-9072745.153045531,-98437071.12916364,98437071.12916364,-0.09216797136457647
Road,558,scenario_89,-2933986.648852382,-97915427.17975132,97915427.17975132,-0.02996449827529449
Road,558,scenario_96,-3312593.251403859,-97967209.67621347,97967209.67621347,-0.033813285714190955
Road,564,scenario_100,-3415292.498192778,-94744666.65319717,94744666.65319717,-0.03604733246562675
Road,564,scenario_19,-10484890.442887647,-95137143.82503389,95137143.82503389,-0.11020816918963157
Road,564,scenario_26,-1475181.8255178735,-94500423.080919,94500423.080919,-0.015610319799888113
Road,564,scenario_44,-4940387.42570502,-94863967.6370486,94863967.6370486,-0.052078650606382386
Road,564,scenario_64,-8949424.019678412,-95076461.68027298,95076461.68027298,-0.09412870295672027
Road,564,scenario_70,-2963877.646757852,-94700793.88696516,94700793.88696516,-0.03129728405757121
Road,564,scenario_75,-4966800.297878086,-94865823.58640565,94865823.58640565,-0.05235605521681079
Road,564,scenario_78,-11726662.012266984,-95182575.00871342,95182575.00871342,-0.12320177313120048
Road,564,scenario_89,-3145676.42406821,-94719402.83708692,94719402.83708692,-0.033210475677075704
Road,564,scenario_96,-3644244.729954745,-94765372.01961103,94765372.01961103,-0.03845544688201714
Road,565,scenario_100,-398369.814154641,-30813635.296932388,30813635.296932388,-0.012928361432067062
Road,565,scenario_19,186452.8600233823,-30972668.002913825,30972668.002913825,0.006019916011298778
Road,565,scenario_26,-399239.1631919844,-30714643.99794235,30714643.99794235,-0.0129983327568026
Road,565,scenario_44,-312346.4749647904,-30862073.595615424,30862073.595615424,-0.010120722251442154
Road,565,scenario_64,32716.28249955163,-30948622.957614597,30948622.957614597,0.0010571159351534935
Road,565,scenario_70,-413810.4949159495,-30795693.82020415,30795693.82020415,-0.013437284359687347
Road,565,scenario_75,-310581.2873126205,-30862881.989294156,30862881.989294156,-0.010063262640875736
Road,565,scenario_78,319249.73513606354,-30991504.37885391,30991504.37885391,0.010301201620722022
Road,565,scenario_89,-408723.084856722,-30803540.94946635,30803540.94946635,-0.01326870457936112
Road,565,scenario_96,-388722.18531612726,-30822290.227552198,30822290.227552198,-0.012611722959140998
Road,569,scenario_100,328503.80099971144,-8581054.51920081,8581054.51920081,0.03828245121443494
Road,569,scenario_19,1394098.8935127875,-8633441.3321568,8633441.3321568,0.16147661631986962
Road,569,scenario_26,79199.60311178166,-8548650.10484852,8548650.10484852,0.009264574188954369
Road,569,scenario_44,547664.2819014684,-8596826.452478243,8596826.452478243,0.06370540163034127
Road,569,scenario_64,1153898.2495376442,-8624710.999829328,8624710.999829328,0.1337897872242303
Road,569,scenario_70,266387.4782217418,-8575417.033040192,8575417.033040192,0.031064084369935418
Road,569,scenario_75,551452.7452888167,-8597013.29452183,8597013.29452183,0.06414468913758832
Road,569,scenario_78,1587412.3632260652,-8638973.03637637,8638973.03637637,0.18375012360171777
Road,569,scenario_89,291135.61762142397,-8577523.978101246,8577523.978101246,0.03394168507889976
Road,569,scenario_96,360555.6050779705,-8583503.497244311,8583503.497244311,0.04200564550287944
Road,57,scenario_100,1153394.8685774575,-6230231.916915086,6230231.916915086,0.18512872136364447
Road,57,scenario_19,2932408.981099449,-6241299.840664184,6241299.840664184,0.46983946548983446
Road,57,scenario_26,593050.1957565042,-6223869.183322771,6223869.183322771,0.09528641722509489
Road,57,scenario_44,1556861.628626114,-6233457.2116168,6233457.2116168,0.2497589340510294
Road,57,scenario_64,2566987.5506003173,-6239427.5059922,6239427.5059922,0.41141395554881316
Road,57,scenario_70,1028173.6057396568,-6229103.22022246,6229103.22022246,0.16505965134784484
Road,57,scenario_75,1563999.3775743195,-6233504.373074289,6233504.373074289,0.2509021064186683
Road,57,scenario_78,3239825.5808919664,-6242558.72206017,6242558.72206017,0.5189900047624636
Road,57,scenario_89,1081225.5333103016,-6229537.39380231,6229537.39380231,0.17356433792114315
Road,57,scenario_96,1217666.4773406438,-6230743.020716686,6230743.020716686,0.1954287752346722
Road,594,scenario_100,-575296.9929898962,-68636544.78289697,68636544.78289697,-0.008381788372500509
Road,594,scenario_19,-394868.56369517295,-68839997.2813643,68839997.2813643,-0.005736033981542122
Road,594,scenario_26,-469878.1469382388,-68509931.64757769,68509931.64757769,-0.006858540588762248
Road,594,scenario_44,-575028.1519837533,-68698456.28723748,68698456.28723748,-0.008370321300663341
Road,594,scenario_64,-459476.8836336651,-68809054.2385299,68809054.2385299,-0.00667756429322319
Road,594,scenario_70,-565615.7530136235,-68613636.97577877,68613636.97577877,-0.008243488873987119
Road,594,scenario_75,-574725.3253343559,-68699471.6569015,68699471.6569015,-0.008365789597402522
Road,594,scenario_78,-334229.87800330407,-68863992.53329444,68863992.53329444,-0.004853478076248778
Road,594,scenario_89,-570519.2480546412,-68623590.70590669,68623590.70590669,-0.008313748117606653
Road,594,scenario_96,-578276.220846216,-68647527.93418762,68647527.93418762,-0.008423846251253348
Road,602,scenario_100,-462421.6923014324,-32673581.72200313,32673581.72200313,-0.014152770156509264
Road,602,scenario_19,218.51037652628395,-32830895.210838445,32830895.210838445,6.655632602249215e-06
Road,602,scenario_26,-428701.38871506864,-32575684.549667224,32575684.549667224,-0.013160165155130962
Road,602,scenario_44,-403064.2057979204,-32721497.605000705,32721497.605000705,-0.012318024396790495
Road,602,scenario_64,-127446.91446468288,-32807117.442817,32807117.442817,-0.0038847336919137624
Road,602,scenario_70,-469875.148832604,-32655833.099623,32655833.099623,-0.014388704994882784
Road,602,scenario_75,-401837.51020543824,-32722303.663999002,32722303.663999002,-0.012280232905714976
Road,602,scenario_78,111489.7344564198,-32849532.84256529,32849532.84256529,0.0033939519015611466
Road,602,scenario_89,-468107.889832829,-32663611.165571578,32663611.165571578,-0.014331173839291497
Road,602,scenario_96,-456835.03493353,-32682145.896797247,32682145.896797247,-0.013978122378380867
Road,612,scenario_100,-6997583.50643055,-73942554.65674071,73942554.65674071,-0.09463540364428888
Road,612,scenario_19,-22192687.36778828,-74540050.19468856,74540050.19468856,-0.2977283662919997
Road,612,scenario_26,-2905887.891620829,-73570399.39850596,73570399.39850596,-0.039498057851781086
Road,612,scenario_44,-10258031.024778863,-74124368.46187507,74124368.46187507,-0.13838945595947913
Road,612,scenario_64,-18897893.50361949,-74448583.87205611,74448583.87205611,-0.25383818631253663
Road,612,scenario_70,-6034728.81604694,-73875437.77637556,73875437.77637556,-0.08168789245370497
Road,612,scenario_75,-10316046.999907233,-74127290.37487034,74127290.37487034,-0.13916665438245188
Road,612,scenario_78,-24894874.5006397,-74609971.826392,74609971.826392,-0.33366685298537485
Road,612,scenario_89,-6426590.538172769,-73904301.18041252,73904301.18041252,-0.0869582748977547
Road,612,scenario_96,-7490657.853904717,-73974534.02351281,73974534.02351281,-0.10125995320935459
Road,614,scenario_100,-552367.3006589814,-5931447.172917505,5931447.172917505,-0.09312521625094204
Road,614,scenario_19,-1720053.586848488,-5995883.414263852,5995883.414263852,-0.28687242029366056
Road,614,scenario_26,-235955.2631711824,-5891752.154013142,5891752.154013142,-0.04004840275069318
Road,614,scenario_44,-802797.5277358111,-5950873.843789893,5950873.843789893,-0.1349041416116694
Road,614,scenario_64,-1464073.7709083625,-5985458.584912869,5985458.584912869,-0.2446051125637644
Road,614,scenario_70,-478678.11796622985,-5924432.482230863,5924432.482230863,-0.08079729482983021
Road,614,scenario_75,-807049.0964693074,-5951137.216518171,5951137.216518171,-0.13561258413421146
Road,614,scenario_78,-1924231.5174963,-6002990.458254452,6002990.458254452,-0.32054548993166776
Road,614,scenario_89,-507954.6996035632,-5927212.495000303,5927212.495000303,-0.08569874962843511
Road,614,scenario_96,-589528.9920016916,-5934625.094256997,5934625.094256997,-0.09933719192677991
Road,62,scenario_100,263982.3797290999,-6204041.117065543,6204041.117065543,0.04255006934157156
Road,62,scenario_19,1055404.2053120653,-6211186.379286367,6211186.379286367,0.16991990593483458
Road,62,scenario_26,72217.34478874184,-6200180.3123667305,6200180.3123667305,0.011647620093354199
Road,62,scenario_44,428940.3497132028,-6206047.754237194,6206047.754237194,0.06911650807397393
Road,62,scenario_64,880599.7509820721,-6209922.335551595,6209922.335551595,0.14180527604035695
Road,62,scenario_70,216553.26976044365,-6203359.593075243,6203359.593075243,0.03490903058435951
Road,62,scenario_75,431813.8857761987,-6206080.869124486,6206080.869124486,0.06957915871262506
Road,62,scenario_78,1200044.2639554143,-6211980.031704425,6211980.031704425,0.19318224750090668
Road,62,scenario_89,235815.6846223189,-6203600.228060462,6203600.228060462,0.038012714545283655
Road,62,scenario_96,288532.71987708285,-6204347.536718575,6204347.536718575,0.046504925484829505
Road,625,scenario_100,-558527.853191603,-8196722.462507773,8196722.462507773,-0.06814038852069688
Road,625,scenario_19,-1561156.0170599683,-8297819.320004634,8297819.320004634,-0.18814051702671883
Road,625,scenario_26,-266726.24171822955,-8133995.710818456,8133995.710818456,-0.032791539509109374
Road,625,scenario_44,-779076.1793105492,-8227341.873129129,8227341.873129129,-0.09469354638769141
Road,625,scenario_64,-1350384.0253653454,-8281817.88162745,8281817.88162745,-0.16305405946695162
Road,625,scenario_70,-491675.8587850217,-8185556.593753134,8185556.593753134,-0.060066270772625
Road,625,scenario_75,-783153.0660210523,-8227782.984437581,8227782.984437581,-0.09518397209823656
Road,625,scenario_78,-1739048.7277944712,-8309208.768400678,8309208.768400678,-0.20929173598429107
Road,625,scenario_89,-519529.7642229544,-8190120.451915499,8190120.451915499,-0.06343371471434797
Road,625,scenario_96,-592961.493762976,-8201871.131934721,8201871.131934721,-0.07229588032104373
Road,627,scenario_100,173182.74945002387,-7723640.721644098,7723640.721644098,0.022422424306287412
Road,627,scenario_19,331706.129771935,-7799891.732213537,7799891.732213537,0.0425270171894809
Road,627,scenario_26,105167.45211445689,-7676488.407537573,7676488.407537573,0.01369994280342983
Road,627,scenario_44,214111.7165423029,-7746798.500051596,7746798.500051596,0.02763873573591424
Road,627,scenario_64,302266.2742490376,-7788547.662982273,7788547.662982273,0.03880906779137542
Road,627,scenario_70,159580.72809854223,-7714992.226504818,7714992.226504818,0.020684496291558586
Road,627,scenario_75,214704.2855401385,-7747194.514609331,7747194.514609331,0.02771381112675798
Road,627,scenario_78,355374.7049514634,-7809177.78917707,7809177.78917707,0.04550731389980464
Road,627,scenario_89,165348.69647794135,-7718869.187937877,7718869.187937877,0.021421362696018798
Road,627,scenario_96,180011.74629330277,-7727848.285045732,7727848.285045732,0.023293902733785034
Road,628,scenario_100,-863814.8631592772,-8149559.85408389,8149559.85408389,-0.10599527810405665
Road,628,scenario_19,-3253211.7697375393,-8224569.695189699,8224569.695189699,-0.39554796059911124
Road,628,scenario_26,-276106.982551986,-8102983.368538524,8102983.368538524,-0.03407473149013576
Road,628,scenario_44,-1362655.3389413734,-8172393.40178476,8172393.40178476,-0.16673883303804055
Road,628,scenario_64,-2729166.232538383,-8213325.861573694,8213325.861573694,-0.33228515202433084
Road,628,scenario_70,-719182.025780581,-8141058.944851906,8141058.944851906,-0.08834010792114019
Road,628,scenario_75,-1371788.7684672798,-8172767.061602291,8172767.061602291,-0.16784875405446065
Road,628,scenario_78,-3692148.119396806,-8233555.66455668,8233555.66455668,-0.44842693361393615
Road,628,scenario_89,-779001.2912839991,-8144822.560389098,8144822.560389098,-0.09564373999656345
Road,628,scenario_96,-939512.0548694084,-8153681.179268576,8153681.179268576,-0.1152255078673173
Road,629,scenario_100,-397051.61640874256,-18366109.813083004,18366109.813083004,-0.02161871079121529
Road,629,scenario_19,-776215.9352522212,-18419757.007524826,18419757.007524826,-0.04214040038286727
Road,629,scenario_26,-244449.04684530973,-18333146.56687737,18333146.56687737,-0.01333372020747151
Road,629,scenario_44,-490809.9352761857,-18382345.61423491,18382345.61423491,-0.02670007112128893
Road,629,scenario_64,-703255.066192437,-18411676.59370691,18411676.59370691,-0.0381961448547716
Road,629,scenario_70,-365901.5246038316,-18360069.322270636,18360069.322270636,-0.01992920169206527
Road,629,scenario_75,-492569.45322877984,-18382630.50430444,18382630.50430444,-0.0267953736606652
Road,629,scenario_78,-835997.350398066,-18426271.26248345,18426271.26248345,-0.045369860157230324
Road,629,scenario_89,-379137.6363439747,-18362747.228074394,18362747.228074394,-0.02064710860716525
Road,629,scenario_96,-412513.8788613101,-18369038.96906351,18369038.96906351,-0.022457020182495745
Road,63,scenario_100,-3904277.63240749,-53036053.815387495,53036053.815387495,-0.07361553795080303
Road,63,scenario_19,-11881490.729708718,-53453844.636025704,53453844.636025704,-0.22227569991665444
Road,63,scenario_26,-1702570.935597327,-52775916.06303399,52775916.06303399,-0.03226037675146798
Road,63,scenario_44,-5628442.309254744,-53163088.986707844,53163088.986707844,-0.1058712429343976
Road,63,scenario_64,-10152898.15155688,-53389391.98136108,53389391.98136108,-0.19016695592078264
Road,63,scenario_70,-3392596.162181681,-52989286.64087345,52989286.64087345,-0.06402419011930596
Road,63,scenario_75,-5658687.8579808725,-53165091.215094805,53165091.215094805,-0.10643615441356075
Road,63,scenario_78,-13282074.264334569,-53502319.64654179,53502319.64654179,-0.2482523066678489
Road,63,scenario_89,-3599495.598059686,-53009184.87895977,53009184.87895977,-0.06790324367897206
Road,63,scenario_96,-4164050.158578437,-53058173.63012075,53058173.63012075,-0.07848084232237001
Road,648,scenario_100,-480793.75735659606,-49899145.00454993,49899145.00454993,-0.009635310531127459
Road,648,scenario_19,-627978.5488392917,-49982071.920823164,49982071.920823164,-0.012564075971761944
Road,648,scenario_26,-344308.17441800225,-49847558.066547595,49847558.066547595,-0.006907222495399739
Road,648,scenario_44,-536965.359928532,-49924401.44981674,49924401.44981674,-0.01075556930749148
Road,648,scenario_64,-613803.5037911673,-49969577.20644187,49969577.20644187,-0.012283544070331623
Road,648,scenario_70,-457917.5704023992,-49889779.61840361,49889779.61840361,-0.009178584750321888
Road,648,scenario_75,-537954.0272249575,-49924833.86516357,49924833.86516357,-0.010775279266383893
Road,648,scenario_78,-637652.6836539995,-49991950.123638354,49991950.123638354,-0.012755107213801003
Road,648,scenario_89,-468300.744086161,-49893907.79923931,49893907.79923931,-0.009385930361888808
Road,648,scenario_96,-491615.66800806375,-49903677.95476261,49903677.95476261,-0.009851291290668205
Road,662,scenario_100,-5839113.005014972,-25872786.325349905,25872786.325349905,-0.2256855110844349
Road,662,scenario_19,-18295572.874255534,-26422685.816595048,26422685.816595048,-0.692419120495495
Road,662,scenario_26,-2460992.882185419,-25530382.65743894,25530382.65743894,-0.09639467277895832
Road,662,scenario_44,-8517498.084881466,-26040064.533076525,26040064.533076525,-0.3270920497935939
Road,662,scenario_64,-15594994.358142592,-26338273.225651987,26338273.225651987,-0.5921039023527916
Road,662,scenario_70,-5047075.4459849605,-25811094.546170637,25811094.546170637,-0.1955389933951387
Road,662,scenario_75,-8564837.72178741,-26042727.879824985,26042727.879824985,-0.32887636661221253
Road,662,scenario_78,-20502797.876485087,-26486850.28213251,26486850.28213251,-0.7740745939246637
Road,662,scenario_89,-5368729.00861544,-25837527.3933577,25837527.3933577,-0.2077880335405326
Road,662,scenario_96,-6243669.971023876,-25902101.20676262,25902101.20676262,-0.24104878292243545
Road,669,scenario_100,1417799.8453163432,-6402450.996961518,6402450.996961518,0.22144641887758362
Road,669,scenario_19,5218052.615124834,-6361318.944726512,6361318.944726512,0.8202784140308768
Road,669,scenario_26,470964.2111763305,-6428476.11634779,6428476.11634779,0.07326218572682501
Road,669,scenario_44,2212503.1848656544,-6389886.229921694,6389886.229921694,0.34625079465503533
Road,669,scenario_64,4364069.788055304,-6367980.70367487,6367980.70367487,0.6853145433585976
Road,669,scenario_70,1189674.77152381,-6407000.685379096,6407000.685379096,0.18568357175904032
Road,669,scenario_75,2225585.0615145755,-6389736.836795225,6389736.836795225,0.3483062164154508
Road,669,scenario_78,5889172.094209995,-6356923.895499241,6356923.895499241,0.926418530569413
Road,669,scenario_89,1278838.1518356614,-6405227.014136877,6405227.014136877,0.19965539847583194
Road,669,scenario_96,1532798.5740532696,-6400430.1359921275,6400430.1359921275,0.23948368179721896
Road,670,scenario_100,112023.80663442778,-7583618.918690788,7583618.918690788,0.014771813804927742
Road,670,scenario_19,135337.7120179968,-7686737.563125378,7686737.563125378,0.01760665183461387
Road,670,scenario_26,80341.20624832479,-7519595.140748443,7519595.140748443,0.010684246258546339
Road,670,scenario_44,123765.31598977302,-7615005.601504996,7615005.601504996,0.016252820085294828
Road,670,scenario_64,135022.76766860468,-7671391.422846677,7671391.422846677,0.01760081844689667
Road,670,scenario_70,106872.4948524212,-7571914.320900398,7571914.320900398,0.014114329656032435
Road,670,scenario_75,123938.9256801723,-7615528.855658028,7615528.855658028,0.016274500173167974
Road,670,scenario_78,134809.92158566808,-7699242.812037182,7699242.812037182,0.01750950384041701
Road,670,scenario_89,109248.07477381943,-7577154.819755282,7577154.819755282,0.01441808665291965
Road,670,scenario_96,114366.9962099869,-7589333.233573431,7589333.233573431,0.015069439262997983
Road,673,scenario_100,726354.184367793,-5223870.890121935,5223870.890121935,0.13904520223524103
Road,673,scenario_19,2605920.528080956,-5201058.197810113,5201058.197810113,0.5010366023549149
Road,673,scenario_26,250940.33894387868,-5238571.067857584,5238571.067857584,0.047902440511608
Road,673,scenario_44,1122566.9554382316,-5216786.651084123,5216786.651084123,0.21518360449050492
Road,673,scenario_64,2193512.287281686,-5204507.994127983,5204507.994127983,0.42146390970222913
Road,673,scenario_70,611355.6928335051,-5226496.096394171,5226496.096394171,0.1169723810289053
Road,673,scenario_75,1129454.658864542,-5216694.837556389,5216694.837556389,0.21650771111495618
Road,673,scenario_78,2945386.00442219,-5198468.207661146,5198468.207661146,0.5665872881710582
Road,673,scenario_89,658008.0590411517,-5225367.866451419,5225367.866451419,0.1259256909481493
Road,673,scenario_96,785674.5509554138,-5222630.028131746,5222630.028131746,0.15043657060204735
Road,678,scenario_100,-3313746.6290221964,-9023805.828648547,9023805.828648547,-0.36722273195438215
Road,678,scenario_19,-9580093.549628433,-9324383.84837371,9324383.84837371,-1.0274237639090031
Road,678,scenario_26,-1527560.6290684838,-8837200.756020777,8837200.756020777,-0.1728557120338992
Road,678,scenario_44,-4682947.213461855,-9114971.803056914,9114971.803056914,-0.513764311579255
Road,678,scenario_64,-8239120.00138697,-9277466.211875614,9277466.211875614,-0.8880786858420989
Road,678,scenario_70,-2903402.7417470263,-8990404.048290841,8990404.048290841,-0.3229446336506967
Road,678,scenario_75,-4707052.855143384,-9116358.697568953,9116358.697568953,-0.5163303695365352
Road,678,scenario_78,-10679451.70322667,-9358964.62636705,9358964.62636705,-1.1410932864453198
Road,678,scenario_89,-3070681.4751112224,-9004385.57625903,9004385.57625903,-0.3410206558909898
Road,678,scenario_96,-3522588.034831424,-9039449.29972623,9039449.29972623,-0.3896905572486711
Road,680,scenario_100,-327226.47220153775,-19117292.551731504,19117292.551731504,-0.017116779026949608
Road,680,scenario_19,113612.87166501832,-19275277.388140887,19275277.388140887,0.005894227583719165
Road,680,scenario_26,-321724.9287822963,-19018986.736436594,19018986.736436594,-0.016915986810482148
Road,680,scenario_44,-263562.34188082814,-19165365.985439926,19165365.985439926,-0.013752011940761186
Road,680,scenario_64,-1948.0519529532048,-19251285.928778782,19251285.928778782,-0.00010119074435651379
Road,680,scenario_70,-338090.85040769906,-19099488.99678301,19099488.99678301,-0.017701565233742368
Road,680,scenario_75,-262133.5421360905,-19166154.781346627,19166154.781346627,-0.013676897902922645
Road,680,scenario_78,215797.6095007564,-19293941.262832776,19293941.262832776,0.011184734449070907
Road,680,scenario_89,-334462.6912176825,-19107240.567414626,19107240.567414626,-0.017504499932244177
Road,680,scenario_96,-320004.9516631204,-19125834.390273158,19125834.390273158,-0.016731555085819715
Road,682,scenario_100,-3143523.4758599866,-94744475.86309086,94744475.86309086,-0.03317896317672906
Road,682,scenario_19,-8222862.578690968,-95187301.32170989,95187301.32170989,-0.08638612991978517
Road,682,scenario_26,-1588109.6943485206,-94468824.77211405,94468824.77211405,-0.016810939462616345
Road,682,scenario_44,-4278942.98780551,-94879059.31845886,94879059.31845886,-0.04509891875554289
Road,682,scenario_64,-7139286.062976467,-95118723.54974464,95118723.54974464,-0.07505657978308346
Road,682,scenario_70,-2798020.199075964,-94694997.693647,94694997.693647,-0.029547708614218387
Road,682,scenario_75,-4297945.160261767,-94881145.62863886,94881145.62863886,-0.045298200520088136
Road,682,scenario_78,-9077114.041309057,-95238458.56139636,95238458.56139636,-0.09530933383867622
Road,682,scenario_89,-2936641.530494216,-94715927.08844459,94715927.08844459,-0.031004727723902396
Road,682,scenario_96,-3315394.487981594,-94767795.36639003,94767795.36639003,-0.034984400292986224
Road,689,scenario_100,-3819224.563953134,-12326603.679244893,12326603.679244893,-0.3098359177705869
Road,689,scenario_19,-11346450.562763676,-12733289.143544639,12733289.143544639,-0.8910855973545496
Road,689,scenario_26,-1710372.1513104872,-12073499.820220025,12073499.820220025,-0.14166332685457544
Road,689,scenario_44,-5454057.533953543,-12450220.130441023,12450220.130441023,-0.438069164786755
Road,689,scenario_64,-9719669.775025954,-12670387.646837858,12670387.646837858,-0.7671170011480815
Road,689,scenario_70,-3332609.4071472324,-12281156.808300233,12281156.808300233,-0.27135956809010736
Road,689,scenario_75,-5482326.257977172,-12452144.487627102,12452144.487627102,-0.440271654687641
Road,689,scenario_78,-12661637.764167665,-12780351.247476397,12780351.247476397,-0.9907112503396827
Road,689,scenario_89,-3529062.8297212548,-12300429.35601036,12300429.35601036,-0.2869056621992507
Road,689,scenario_96,-4065819.759867756,-12348059.135161193,12348059.135161193,-0.3292679210039012
Road,694,scenario_100,308264.53122768505,-11409619.61637864,11409619.61637864,0.027017949904759992
Road,694,scenario_19,1934708.397692139,-11517871.019323781,11517871.019323781,0.16797448021828312
Road,694,scenario_26,-27505.415258855977,-11342473.60683137,11342473.60683137,-0.0024249926614146986
Road,694,scenario_44,633118.3350799487,-11442403.28757935,11442403.28757935,0.055330888028321305
Road,694,scenario_64,1574747.7316221092,-11500806.109853335,11500806.109853335,0.136924987394835
Road,694,scenario_70,217786.83299573325,-11397645.603612429,11397645.603612429,0.019108054467556593
Road,694,scenario_75,639705.5865244077,-11442882.570715155,11442882.570715155,0.055904234144773496
Road,694,scenario_78,2253025.0883612237,-11530134.64735489,11530134.64735489,0.19540318975182885
Road,694,scenario_89,256048.7618199621,-11402579.719476072,11402579.719476072,0.022455336258918702
Road,694,scenario_96,357597.91201557737,-11415176.904222474,11415176.904222474,0.031326532651745585
Road,726,scenario_100,-824792.3330563932,-7493926.921457355,7493926.921457355,-0.11006143263750891
Road,726,scenario_19,-3102785.10960968,-7568581.897433558,7568581.897433558,-0.40995594044662553
Road,726,scenario_26,-263236.6594130826,-7447382.878088469,7447382.878088469,-0.03534619660653837
Road,726,scenario_44,-1301756.2183979382,-7516772.8619374335,7516772.8619374335,-0.17318019877780544
Road,726,scenario_64,-2613992.3182550375,-7558002.403229947,7558002.403229947,-0.34585756643024296
Road,726,scenario_70,-685117.6581546927,-7485251.444815181,7485251.444815181,-0.09152901050895947
Road,726,scenario_75,-1311248.1527080543,-7517212.277189628,7517212.277189628,-0.1744327690049316
Road,726,scenario_78,-3532569.6312438003,-7578052.104133794,7578052.104133794,-0.46615800243928107
Road,726,scenario_89,-745208.7815231058,-7489359.663103209,7489359.663103209,-0.09950233598666956
Road,726,scenario_96,-899671.4645144002,-7498311.972651287,7498311.972651287,-0.11998319992496796
Road,73,scenario_100,-1666737.2642473937,-7822794.525452053,7822794.525452053,-0.2130616186868437
Road,73,scenario_19,-5469597.384546983,-7959256.751641943,7959256.751641943,-0.6871995156355071
Road,73,scenario_26,-662899.5952491893,-7738023.477083253,7738023.477083253,-0.08566781907710891
Road,73,scenario_44,-2477936.2728439844,-7864315.303570475,7864315.303570475,-0.31508607897740026
Road,73,scenario_64,-4645782.8203571895,-7938609.5132666305,7938609.5132666305,-0.5852136715621767
Road,73,scenario_70,-1427938.612746982,-7807407.19679987,7807407.19679987,-0.18289536804642018
Road,73,scenario_75,-2492632.948919464,-7865009.312816618,7865009.312816618,-0.3169268909647104
Road,73,scenario_78,-6154109.754945426,-7975450.668353809,7975450.668353809,-0.7716315993733905
Road,73,scenario_89,-1525939.943012838,-7814138.807113081,7814138.807113081,-0.1952793494817113
Road,73,scenario_96,-1790116.3129232528,-7830210.033349403,7830210.033349403,-0.22861664058805886
Road,736,scenario_100,-31393.819025025292,-7203431.84269918,7203431.84269918,-0.004358175340666761
Road,736,scenario_19,-62753.12497114363,-7202581.355380936,7202581.355380936,-0.008712588150672086
Road,736,scenario_26,-19062.464975127452,-7204351.308757218,7204351.308757218,-0.002645965494763721
Road,736,scenario_44,-38862.100065056184,-7203047.78718158,7203047.78718158,-0.00539523007666484
Road,736,scenario_64,-56636.08943390966,-7202662.866752778,7202662.866752778,-0.007863215380430997
Road,736,scenario_70,-28920.48013090242,-7203588.4453783,7203588.4453783,-0.004014732428177141
Road,736,scenario_75,-39015.9321901865,-7203046.348948811,7203046.348948811,-0.005416587690828944
Road,736,scenario_78,-67628.22846274327,-7202536.37340932,7202536.37340932,-0.009389501830551875
Road,736,scenario_89,-29879.37177396585,-7203514.35092661,7203514.35092661,-0.004147888144364198
Road,736,scenario_96,-32547.969255920412,-7203356.281817624,7203356.281817624,-0.00451844501126183
Road,750,scenario_100,-3853904.775234732,-20356020.253111705,20356020.253111705,-0.1893250609556457
Road,750,scenario_19,-11638271.220236542,-20776929.072076637,20776929.072076637,-0.5601535809196131
Road,750,scenario_26,-1695606.2900982054,-20094077.883150335,20094077.883150335,-0.08438338399793091
Road,750,scenario_44,-5538883.04019415,-20483961.179923825,20483961.179923825,-0.2704009733050445
Road,750,scenario_64,-9951607.099546686,-20711804.230608407,20711804.230608407,-0.48047997116735774
Road,750,scenario_70,-3353741.4505260927,-20308985.608135853,20308985.608135853,-0.16513584258893618
Road,750,scenario_75,-5568081.244048772,-20485951.48481778,20485951.48481778,-0.2717999819620436
Road,750,scenario_78,-13001947.832636876,-20825617.96513702,20825617.96513702,-0.6243247069259935
Road,750,scenario_89,-3555437.497605564,-20328913.73126053,20328913.73126053,-0.17489559671544255
Road,750,scenario_96,-4107497.925653728,-20378211.631244525,20378211.631244525,-0.2015632185974544
Road,755,scenario_100,241509.60607681505,-73675564.95963128,73675564.95963128,0.0032780149865039286
Road,755,scenario_19,484388.4780832154,-73786700.06061508,73786700.06061508,0.006564712579439043
Road,755,scenario_26,143992.13998033403,-73606514.7193282,73606514.7193282,0.001956241788235674
Road,755,scenario_44,302213.1861171892,-73709402.32011987,73709402.32011987,0.00410006290384336
Road,755,scenario_64,438438.3948049557,-73770205.1462828,73770205.1462828,0.005943299112908161
Road,755,scenario_70,221378.85447496697,-73662933.2147077,73662933.2147077,0.0030052951303161787
Road,755,scenario_75,303156.50687044486,-73709979.76923685,73709979.76923685,0.004112828518194336
Road,755,scenario_78,522511.2464280008,-73800207.32058716,73800207.32058716,0.007080078300569247
Road,755,scenario_89,230066.4833239988,-73668605.16144799,73668605.16144799,0.0031229922545675734
Road,755,scenario_96,251629.74327156416,-73681734.18622231,73681734.18622231,0.0034150898597961636
Road,759,scenario_100,-6795809.131908369,-104994537.00118203,104994537.00118203,-0.06472535929971159
Road,759,scenario_19,-21553318.030063685,-105592745.50324976,105592745.50324976,-0.2041174128709472
Road,759,scenario_26,-2821840.4540815675,-104621975.42117472,104621975.42117472,-0.026971775697426256
Road,759,scenario_44,-9962494.289730376,-105176570.22836,105176570.22836,-0.09472161212425684
Road,759,scenario_64,-18353141.020551316,-105501127.07205866,105501127.07205866,-0.17396156353870873
Road,759,scenario_70,-5860701.5842861375,-104927356.409062,104927356.409062,-0.05585484839090048
Road,759,scenario_75,-10018730.33110781,-105179483.45331515,105179483.45331515,-0.09525365596185603
Road,759,scenario_78,-24177415.695741232,-105662714.58656907,105662714.58656907,-0.22881690850307243
Road,759,scenario_89,-6241207.244340273,-104956231.29699837,104956231.29699837,-0.05946485660941185
Road,759,scenario_96,-7274593.17933463,-105026530.672089,105026530.672089,-0.06926433857029106
Road,761,scenario_100,808059.5326250297,-8733136.002734771,8733136.002734771,0.09252799136209339
Road,761,scenario_19,3162634.207370428,-8728758.104996927,8728758.104996927,0.3623235023044027
Road,761,scenario_26,236900.47815114897,-8736357.738981385,8736357.738981385,0.027116618301252206
Road,761,scenario_44,1298036.7231294715,-8731664.308208048,8731664.308208048,0.14865856923854423
Road,761,scenario_64,2641878.622313128,-8729348.03007924,8729348.03007924,0.30264329171088694
Road,761,scenario_70,667391.6664199007,-8733693.96852316,8733693.96852316,0.0764157375819701
Road,761,scenario_75,1306816.869534653,-8731643.86407312,8731643.86407312,0.1496644721060636
Road,761,scenario_78,3592653.1704093087,-8728285.817382382,8728285.817382382,0.41161039470711874
Road,761,scenario_89,724338.1356562733,-8733442.683463655,8733442.683463655,0.08293844270917035
Road,761,scenario_96,880946.9300123473,-8732869.343544353,8732869.343544353,0.10087714534096111
Road,764,scenario_100,-706042.9820617215,-57888571.16654615,57888571.16654615,-0.012196586784469544
Road,764,scenario_19,-1010179.2533509756,-58097299.867949344,58097299.867949344,-0.017387714328325664
Road,764,scenario_26,-491843.21663424216,-57758673.45417183,57758673.45417183,-0.00851548671775662
Road,764,scenario_44,-804067.6849569693,-57952071.537422605,57952071.537422605,-0.013874701345882725
Road,764,scenario_64,-964136.0286630607,-58065450.59080694,58065450.59080694,-0.016604297716682235
Road,764,scenario_70,-668927.1785800712,-57865108.915507935,57865108.915507935,-0.011560112667493792
Road,764,scenario_75,-805480.65941348,-57953102.93458361,57953102.93458361,-0.01389883575902211
Road,764,scenario_78,-1037410.2550416332,-58121822.62412229,58121822.62412229,-0.017848894067734843
Road,764,scenario_89,-684400.5508143847,-57875241.08010222,57875241.08010222,-0.011825446219172378
Road,764,scenario_96,-722987.9774324092,-57899789.35861336,57899789.35861336,-0.012486884416011354
Road,767,scenario_100,641354.4026219188,-6694030.506699351,6694030.506699351,0.09580990137108797
Road,767,scenario_19,2441413.8051643986,-6690124.601864547,6690124.601864547,0.3649280021606733
Road,767,scenario_26,198656.97487634505,-6696957.378522325,6696957.378522325,0.029663765744344404
Road,767,scenario_44,1017296.9747335193,-6692685.356704867,6692685.356704867,0.15200131494518423
Road,767,scenario_64,2042163.607666926,-6690518.636606404,6690518.636606404,0.30523248175312784
Road,767,scenario_70,533172.7322824318,-6694582.960033501,6694582.960033501,0.07964241170293358
Road,767,scenario_75,1023837.3435750846,-6692659.590029572,6692659.590029572,0.15297914525644665
Road,767,scenario_78,2766445.377724224,-6689611.185759598,6689611.185759598,0.4135435230695096
Road,767,scenario_89,576633.0822534715,-6694282.171147444,6694282.171147444,0.08613815006764687
Road,767,scenario_96,696997.3623063909,-6693729.033035748,6693729.033035748,0.1041269162325634
Road,770,scenario_100,370415.1356672765,-6340570.56417942,6340570.56417942,0.058419842807192965
Road,770,scenario_19,1404135.9638347512,-6345897.808673535,6345897.808673535,0.2212667153126208
Road,770,scenario_26,114818.10212132151,-6337796.9585784115,6337796.9585784115,0.018116405885472794
Road,770,scenario_44,587022.2254600421,-6342044.76113681,6342044.76113681,0.09256040402887641
Road,770,scenario_64,1176131.5435101877,-6345009.926602502,6345009.926602502,0.18536323143941222
Road,770,scenario_70,307982.36539654975,-6340046.225276924,6340046.225276924,0.0485773059774651
Road,770,scenario_75,590799.6072672969,-6342077.621573656,6342077.621573656,0.09315553080864093
Road,770,scenario_78,1591510.1449758392,-6346569.696465844,6346569.696465844,0.2507669845431759
Road,770,scenario_89,333206.71912043064,-6340266.908870513,6340266.908870513,0.05255405236240911
Road,770,scenario_96,402665.0081780312,-6340822.65464183,6340822.65464183,0.0635035909549147
Road,775,scenario_100,-4162553.6267459113,-19764174.631569594,19764174.631569594,-0.2106110527933206
Road,775,scenario_19,-12888638.89811381,-20157534.84686114,20157534.84686114,-0.6393955905833785
Road,775,scenario_26,-1779150.354095922,-19519271.12933537,19519271.12933537,-0.09114840110100474
Road,775,scenario_44,-6042392.207897962,-19883740.397820562,19883740.397820562,-0.3038860942159687
Road,775,scenario_64,-10992925.337229457,-20096645.108592287,20096645.108592287,-0.547003008603135
Road,775,scenario_70,-3606339.9037773865,-19720211.251771655,19720211.251771655,-0.18287531800418186
Road,775,scenario_75,-6075112.356925439,-19885595.937242214,19885595.937242214,-0.30550315796912203
Road,775,scenario_78,-14424859.352252873,-20203005.246528022,20203005.246528022,-0.7139957237169876
Road,775,scenario_89,-3830947.0937974704,-19738819.133268032,19738819.133268032,-0.19408187835009583
Road,775,scenario_96,-4445351.899236097,-19784899.838868387,19784899.838868387,-0.22468407398772822
Road,776,scenario_100,-1314168.328159031,-10003635.485652499,10003635.485652499,-0.13136907377761303
Road,776,scenario_19,-4830570.514716977,-10107590.488127353,10107590.488127353,-0.4779151391611181
Road,776,scenario_26,-438097.3352387178,-9938858.450813565,9938858.450813565,-0.04407924083100876
Road,776,scenario_44,-2051782.9471198248,-10035369.78107002,10035369.78107002,-0.20445514135315238
Road,776,scenario_64,-4067200.48791323,-10092412.959180443,10092412.959180443,-0.4029958449345406
Road,776,scenario_70,-1098891.1411997245,-9991696.465016162,9991696.465016162,-0.10998043676039022
Road,776,scenario_75,-2065641.368598126,-10035927.68966885,10035927.68966885,-0.20582465642160133
Road,776,scenario_78,-5480917.009797882,-10120386.364153948,10120386.364153948,-0.5415719136189402
Road,776,scenario_89,-1189122.3867858606,-9997155.438752122,9997155.438752122,-0.11894607361774609
Road,776,scenario_96,-1427477.1136189855,-10009524.76185776,10009524.76185776,-0.14261187694529934
Road,780,scenario_100,76974.11814913603,-8068680.143118969,8068680.143118969,0.009539864858167681
Road,780,scenario_19,759587.4657817591,-8139777.450205972,8139777.450205972,0.09331796482501352
Road,780,scenario_26,-53426.359512045594,-8025158.096937711,8025158.096937711,-0.006657359128218589
Road,780,scenario_44,210858.49633869,-8089935.591665696,8089935.591665696,0.026064298528645613
Road,780,scenario_64,605829.1732121314,-8127632.764802946,8127632.764802946,0.07453943734216191
Road,780,scenario_70,40274.35090516785,-8061180.078099245,8061180.078099245,0.0049960862448149386
Road,780,scenario_75,213422.39065371928,-8090179.256513502,8090179.256513502,0.026380427909788316
Road,780,scenario_78,893521.0411058436,-8147141.592245178,8147141.592245178,0.10967294860277595
Road,780,scenario_89,55902.67700214426,-8063865.722041552,8063865.722041552,0.006932491056906044
Road,780,scenario_96,97139.24348532828,-8071882.22390907,8071882.22390907,0.012034274137152296
Road,789,scenario_100,-3291944.9318953543,-12254218.718007436,12254218.718007436,-0.2686376836948306
Road,789,scenario_19,-9427210.59219865,-12701360.674315922,12701360.674315922,-0.7422205253380372
Road,789,scenario_26,-1531517.6005870935,-11975931.900747105,11975931.900747105,-0.12788295836013824
Road,789,scenario_44,-4634819.344907102,-12390166.011789346,12390166.011789346,-0.3740724168261372
Road,789,scenario_64,-8107491.8971462995,-12632374.063251631,12632374.063251631,-0.641802709178119
Road,789,scenario_70,-2889694.542339348,-12204183.10187242,12204183.10187242,-0.2367790222596708
Road,789,scenario_75,-4657921.867037478,-12392296.257756786,12392296.257756786,-0.3758723783029248
Road,789,scenario_78,-10490553.21471516,-12753240.876158183,12753240.876158183,-0.8225793989610082
Road,789,scenario_89,-3052139.652402593,-12225472.215723174,12225472.215723174,-0.24965413184426835
Road,789,scenario_96,-3495116.3480817433,-12277895.035228271,12277895.035228271,-0.28466739111658823
Road,791,scenario_100,-851174.3849006098,-10592610.352105303,10592610.352105303,-0.08035548902555802
Road,791,scenario_19,-2152403.5339979143,-10750980.421474308,10750980.421474308,-0.2002053254323339
Road,791,scenario_26,-443143.24930609815,-10494465.493315512,10494465.493315512,-0.04222637633030094
Road,791,scenario_44,-1143892.1960109118,-10640412.46799043,10640412.46799043,-0.10750449754199704
Road,791,scenario_64,-1874540.638171114,-10725020.176788466,10725020.176788466,-0.17478201507052385
Road,791,scenario_70,-762006.1516789984,-10575419.380389217,10575419.380389217,-0.07205446179203472
Road,791,scenario_75,-1148545.7338993822,-10641015.383304836,10641015.383304836,-0.10793572723345432
Road,791,scenario_78,-2367868.273678415,-10768077.004332121,10768077.004332121,-0.21989704129398352
Road,791,scenario_89,-796906.9990174754,-10582052.798263503,10582052.798263503,-0.07530741097306247
Road,791,scenario_96,-894815.263581742,-10600254.586603317,10600254.586603317,-0.08441450686595926
Road,809,scenario_100,-894864.9167095298,-10661477.95464333,10661477.95464333,-0.08393441514549066
Road,809,scenario_19,-2275522.6838821894,-10827681.212365564,10827681.212365564,-0.2101578943129087
Road,809,scenario_26,-463855.14619600534,-10558480.772244755,10558480.772244755,-0.0439319970554238
Road,809,scenario_44,-1204978.993103362,-10711644.826604687,10711644.826604687,-0.11249243347861348
Road,809,scenario_64,-1980429.325589558,-10800440.443060119,10800440.443060119,-0.1833656077296453
Road,809,scenario_70,-800524.2801038973,-10643439.302034881,10643439.302034881,-0.07521293234141412
Road,809,scenario_75,-1209933.54313787,-10712279.310623523,10712279.310623523,-0.1129482818785318
Road,809,scenario_78,-2504518.541298568,-10845624.67010703,10845624.67010703,-0.2309243236308538
Road,809,scenario_89,-837519.959730447,-10650408.949948812,10650408.949948812,-0.07863735220556693
Road,809,scenario_96,-941069.1074675824,-10669498.985494873,10669498.985494873,-0.0882018086085355
Road,810,scenario_100,-637311.5809747226,-16858452.680771008,16858452.680771008,-0.03780368181129988
Road,810,scenario_19,-569286.0228908004,-17058292.572176937,17058292.572176937,-0.033372978009495444
Road,810,scenario_26,-499127.90187225817,-16734085.746563198,16734085.746563198,-0.029827019499691982
Road,810,scenario_44,-661883.2745248814,-16919274.522595033,16919274.522595033,-0.03912007418763506
Road,810,scenario_64,-610421.0546869132,-17027939.032731045,17027939.032731045,-0.0358482053238248
Road,810,scenario_70,-620116.2263821083,-16835944.36051779,16835944.36051779,-0.036832874539330956
Road,810,scenario_75,-662119.4101979224,-16920283.543445807,16920283.543445807,-0.03913169708402429
Road,810,scenario_78,-528576.077577104,-17081888.89681574,17081888.89681574,-0.030943655047167333
Road,810,scenario_89,-628220.0511083889,-16845742.071156044,16845742.071156044,-0.037292512758108326
Road,810,scenario_96,-644292.9124500271,-16869267.32974419,16869267.32974419,-0.03819329552706764
Road,811,scenario_100,-87053.17853706692,-5812404.773555948,5812404.773555948,-0.014977136302193387
Road,811,scenario_19,-109383.2829338796,-5822305.411168968,5822305.411168968,-0.018786936652970643
Road,811,scenario_26,-64965.72883491742,-5806717.003805703,5806717.003805703,-0.011188030825738382
Road,811,scenario_44,-95347.26001082546,-5815285.493522419,5815285.493522419,-0.016395972324494076
Road,811,scenario_64,-107294.27778905664,-5820779.2076411545,5820779.2076411545,-0.018432975029907924
Road,811,scenario_70,-83457.17346179909,-5811342.242540301,5811342.242540301,-0.014361083890546708
Road,811,scenario_75,-95512.19477876624,-5815337.884314875,5815337.884314875,-0.016424186638644273
Road,811,scenario_78,-111266.49823633484,-5823572.158455615,5823572.158455615,-0.019106228137789952
Road,811,scenario_89,-85053.08511833959,-5811807.76496323,5811807.76496323,-0.014634531725410174
Road,811,scenario_96,-88699.86698575923,-5812921.706340448,5812921.706340448,-0.015259085098120245
Road,813,scenario_100,1140376.4309968462,-17561275.0678656,17561275.0678656,0.06493699498412604
Road,813,scenario_19,5360326.337480874,-17786765.454588834,17786765.454588834,0.3013659988470785
Road,813,scenario_26,190459.18544180124,-17421143.342233878,17421143.342233878,0.010932645561791184
Road,813,scenario_44,2001106.0123397843,-17629687.109432217,17629687.109432217,0.11350774406365696
Road,813,scenario_64,4428834.30596304,-17751453.893805876,17751453.893805876,0.2494913561704611
Road,813,scenario_70,896237.8375926059,-17536232.208004814,17536232.208004814,0.051107776571497364
Road,813,scenario_75,2017738.62576975,-17630702.397974387,17630702.397974387,0.1144445967167803
Road,813,scenario_78,6160556.767657328,-17812505.755543318,17812505.755543318,0.3458557067828674
Road,813,scenario_89,997698.1465635631,-17546674.136581995,17546674.136581995,0.056859672596502084
Road,813,scenario_96,1270524.2543972589,-17572965.108716533,17572965.108716533,0.07229993609712763
Road,822,scenario_100,-466359.5165746941,-10425278.75586547,10425278.75586547,-0.04473352967298941
Road,822,scenario_19,-1351081.5078836954,-10490017.914754678,10490017.914754678,-0.12879687326208844
Road,822,scenario_26,-215317.69010712908,-10385287.169366157,10385287.169366157,-0.020732954861591036
Road,822,scenario_44,-658975.6450580428,-10444832.147957986,10444832.147957986,-0.06309107084950864
Road,822,scenario_64,-1159496.636080684,-10479595.065773148,10479595.065773148,-0.11064326711130801
Road,822,scenario_70,-408952.0978477401,-10418199.581187597,10418199.581187597,-0.039253624838037765
Road,822,scenario_75,-662259.1308054846,-10445102.075831937,10445102.075831937,-0.06340379691815856
Road,822,scenario_78,-1504177.4298567127,-10497176.93006122,10497176.93006122,-0.14329351976045435
Road,822,scenario_89,-431793.3051681679,-10421017.50547225,10421017.50547225,-0.041434850765909
Road,822,scenario_96,-495195.9757085867,-10428497.115350576,10428497.115350576,-0.047484883989627455
Road,831,scenario_100,-905083.3083150416,-8150891.300942418,8150891.300942418,-0.11104102298731361
Road,831,scenario_19,-3403263.3008194864,-8230358.538018164,8230358.538018164,-0.4135012205238604
Road,831,scenario_26,-290037.44597794686,-8101522.135776996,8101522.135776996,-0.0358003645632365
Road,831,scenario_44,-1426823.830256617,-8175085.553985506,8175085.553985506,-0.17453319856218677
Road,831,scenario_64,-2855921.246485985,-8218456.101114437,8218456.101114437,-0.34750094316360913
Road,831,scenario_70,-753718.3952965635,-8141880.382803064,8141880.382803064,-0.09257301260388641
Road,831,scenario_75,-1436410.8154910882,-8175483.334154537,8175483.334154537,-0.17569735718134563
Road,831,scenario_78,-3862489.448832354,-8239883.105775054,8239883.105775054,-0.4687553693723236
Road,831,scenario_89,-816415.9167318885,-8145873.989427055,8145873.989427055,-0.100224471651729
Road,831,scenario_96,-984304.7144246574,-8155254.613985657,8155254.613985657,-0.12069576745484412
Road,837,scenario_100,26155.632100435934,-6297811.864848075,6297811.864848075,0.004153130112766063
Road,837,scenario_19,226863.22998127993,-6352174.125170473,6352174.125170473,0.03571426499193953
Road,837,scenario_26,-13515.65944986696,-6264223.913686408,6264223.913686408,-0.002157595200314796
Road,837,scenario_44,66154.97429652265,-6314179.69219544,6314179.69219544,0.010477208049414977
Road,837,scenario_64,182104.3692504416,-6343157.773427355,6343157.773427355,0.02870878760312569
Road,837,scenario_70,15054.978749030148,-6291964.983290598,6291964.983290598,0.002392730854194397
Road,837,scenario_75,66962.38475527885,-6314376.451715236,6314376.451715236,0.010604750170872248
Road,837,scenario_78,266024.08318548,-6357950.748558997,6357950.748558997,0.04184116765072036
Road,837,scenario_89,19828.65679473436,-6294167.408264621,6294167.408264621,0.003150322434814514
Road,837,scenario_96,32261.183011461773,-6300377.578271001,6300377.578271001,0.0051205158120563215
Road,858,scenario_100,-704662.4320362662,-33087121.338677485,33087121.338677485,-0.02129718160801571
Road,858,scenario_19,-498309.9067997429,-33285127.529986326,33285127.529986326,-0.01497094780096063
Road,858,scenario_26,-572590.8223827789,-32963819.768868815,32963819.768868815,-0.017370281308343286
Road,858,scenario_44,-707663.1255736719,-33147425.78641843,33147425.78641843,-0.021348961760512465
Road,858,scenario_64,-576065.2166238187,-33255204.89807164,33255204.89807164,-0.017322558029321384
Road,858,scenario_70,-691697.3883738148,-33064759.957992688,33064759.957992688,-0.02091947406400608
Road,858,scenario_75,-707494.3220093602,-33148434.689232673,33148434.689232673,-0.02134321963139845
Road,858,scenario_78,-428205.7110215518,-33308612.994479217,33308612.994479217,-0.012855705252347955
Road,858,scenario_89,-698550.4793838778,-33074555.031621743,33074555.031621743,-0.021120480040200434
Road,858,scenario_96,-709239.3619964618,-33097900.63457273,33097900.63457273,-0.021428530160478486
Road,863,scenario_100,-305381.16525588254,-12351289.120010626,12351289.120010626,-0.02472463904687706
Road,863,scenario_19,429573.22980017785,-12518790.950916715,12518790.950916715,0.03431427455610012
Road,863,scenario_26,-353222.3854447951,-12247191.339401782,12247191.339401782,-0.02884109308461644
Road,863,scenario_44,-184362.76158145888,-12402153.42484022,12402153.42484022,-0.014865383072281585
Road,863,scenario_64,252031.18556875948,-12492825.729046522,12492825.729046522,0.020174073587112706
Road,863,scenario_70,-332356.0253845304,-12332596.98231013,12332596.98231013,-0.026949394832350537
Road,863,scenario_75,-181425.52135169983,-12402934.07562944,12402934.07562944,-0.014627629256546914
Road,863,scenario_78,595192.5901252626,-12538140.31951256,12538140.31951256,0.04747056381232155
Road,863,scenario_89,-320947.11322889413,-12340514.533851694,12340514.533851694,-0.026007595740719962
Road,863,scenario_96,-288445.5219040931,-12360099.311132602,12360099.311132602,-0.023336828826633575
Road,866,scenario_100,-324693.9163776517,-7204468.404032073,7204468.404032073,-0.04506840729510765
Road,866,scenario_19,-1014096.5441654656,-7271945.293708504,7271945.293708504,-0.13945326913320363
Road,866,scenario_26,-137650.39992866095,-7162629.400575656,7162629.400575656,-0.01921785872623789
Road,866,scenario_44,-472587.5516073521,-7224852.020741109,7224852.020741109,-0.0654113814719869
Road,866,scenario_64,-863644.015554948,-7260992.9321814785,7260992.9321814785,-0.11894296325881101
Road,866,scenario_70,-281072.8698499087,-7197110.152322094,7197110.152322094,-0.039053573434501714
Road,866,scenario_75,-475117.5991826868,-7225118.440803636,7225118.440803636,-0.06575914333797972
Road,866,scenario_78,-1135334.8731824274,-7279315.93612758,7279315.93612758,-0.15596724790412078
Road,866,scenario_89,-298512.8784775513,-7199998.232956096,7199998.232956096,-0.04146013218603127
Road,866,scenario_96,-346786.90795365104,-7207778.866463767,7207778.866463767,-0.04811286727554522
Road,873,scenario_100,-3581601.740747814,-44380081.79582634,44380081.79582634,-0.08070290985999581
Road,873,scenario_19,-10951735.056871936,-44780158.41368148,44780158.41368148,-0.2445666885699516
Road,873,scenario_26,-1553581.3973947298,-44131042.65262601,44131042.65262601,-0.03520382261583127
Road,873,scenario_44,-5172869.497278504,-44501707.029627316,44501707.029627316,-0.11623979938195698
Road,873,scenario_64,-9352173.435626756,-44718352.84652248,44718352.84652248,-0.20913501594578585
Road,873,scenario_70,-3109981.656979284,-44335337.92186424,44335337.92186424,-0.07014679041040031
Road,873,scenario_75,-5200570.88938577,-44503607.20901831,44503607.20901831,-0.1168572890049217
Road,873,scenario_78,-12245549.0900641,-44826514.26723596,44826514.26723596,-0.2731764735723488
Road,873,scenario_89,-3300373.4007974938,-44354343.60582183,44354343.60582183,-0.0744092490721539
Road,873,scenario_96,-3820953.6407660926,-44401221.87592521,44401221.87592521,-0.08605514621744795
Road,878,scenario_100,-879301.5304964498,-12558498.748517917,12558498.748517917,-0.07001645245218661
Road,878,scenario_19,-2410250.0645966125,-12699219.32728243,12699219.32728243,-0.18979513641586926
Road,878,scenario_26,-428069.6236627976,-12471330.148100588,12471330.148100588,-0.03432429569094469
Road,878,scenario_44,-1216350.4642624413,-12600946.815292038,12600946.815292038,-0.09652849758768316
Road,878,scenario_64,-2076983.5821919548,-12676011.622570932,12676011.622570932,-0.1638515050344127
Road,878,scenario_70,-778495.2095929016,-12543275.810858907,12543275.810858907,-0.062064744595582144
Road,878,scenario_75,-1221669.6629717487,-12601465.537129851,12601465.537129851,-0.09694663365718334
Road,878,scenario_78,-2667626.8579674643,-12714282.375183811,12714282.375183811,-0.2098134034819168
Road,878,scenario_89,-817610.4182022724,-12549086.985476766,12549086.985476766,-0.06515298038403147
Road,878,scenario_96,-928811.1538700344,-12565225.437615206,12565225.437615206,-0.07391917944341446
Road,887,scenario_100,-1831127.3413675148,-5628378.990239438,5628378.990239438,-0.3253383157998066
Road,887,scenario_19,-5895810.48375148,-5751844.6185214855,5751844.6185214855,-1.0250295122309825
Road,887,scenario_26,-745589.1637463927,-5551446.43726022,5551446.43726022,-0.13430538728468033
Road,887,scenario_44,-2701658.424361574,-5665988.815409609,5665988.815409609,-0.4768202889871508
Road,887,scenario_64,-5021108.919096267,-5733351.861480386,5733351.861480386,-0.8757719812786419
Road,887,scenario_70,-1573563.684553546,-5614372.524302858,5614372.524302858,-0.28027418518135055
Road,887,scenario_75,-2717668.19252828,-5666635.611592766,5666635.611592766,-0.47959113287053295
Road,887,scenario_78,-6629283.573166233,-5766654.306223567,5766654.306223567,-1.14958921085519
Road,887,scenario_89,-1680073.0681000105,-5620574.36097378,5620574.36097378,-0.2989148368475519
Road,887,scenario_96,-1964638.2573676184,-5635181.095284932,5635181.095284932,-0.3486379983442715
Road,895,scenario_100,-3231038.482900961,-74018362.8785221,74018362.8785221,-0.043651850125403284
Road,895,scenario_19,-9925111.171838494,-74384545.07212242,74384545.07212242,-0.13342974891108383
Road,895,scenario_26,-1394525.7747577594,-73790524.84174393,73790524.84174393,-0.018898439572676198
Road,895,scenario_44,-4674663.318342546,-74129619.8785986,74129619.8785986,-0.06306066759816385
Road,895,scenario_64,-8469189.961151559,-74327750.34422688,74327750.34422688,-0.11394384899218694
Road,895,scenario_70,-2803822.0205667536,-73977479.44386439,73977479.44386439,-0.03790102125193858
Road,895,scenario_75,-4699599.180505348,-74131342.16315363,74131342.16315363,-0.0633955765991951
Road,895,scenario_78,-11099223.235574167,-74426794.85779803,74426794.85779803,-0.1491293996574844
Road,895,scenario_89,-2975581.3465257166,-73994747.35355787,73994747.35355787,-0.040213413153611405
Road,895,scenario_96,-3447465.5079207113,-74037599.21039443,74037599.21039443,-0.04656371282547892
Road,90,scenario_100,22611.06347811116,-6127182.00154304,6127182.00154304,0.0036902875534653443
Road,90,scenario_19,163943.12716734348,-6173128.214564199,6173128.214564199,0.026557544484586297
Road,90,scenario_26,-6737.13000521566,-6098842.585330618,6098842.585330618,-0.001104657139605521
Road,90,scenario_44,51264.35492123042,-6141012.268355061,6141012.268355061,0.00834786720511831
Road,90,scenario_64,132585.18836037122,-6165537.637570155,6165537.637570155,0.021504237935789032
Road,90,scenario_70,14586.911039423494,-6122232.8852839535,6122232.8852839535,0.0023826128983897585
Road,90,scenario_75,51809.123539063825,-6141183.849934213,6141183.849934213,0.008436341396882105
Road,90,scenario_78,191054.1028861455,-6178039.275185913,6178039.275185913,0.030924714844969354
Road,90,scenario_89,18031.197040926683,-6124110.303767348,6124110.303767348,0.0029442965829394835
Road,90,scenario_96,26938.127843513255,-6129370.170438647,6129370.170438647,0.0043949259213341705
Road,935,scenario_100,-631030.1366042489,-6237715.56302341,6237715.56302341,-0.10116366003364054
Road,935,scenario_19,-1942547.6136260913,-6322234.710685439,6322234.710685439,-0.30725648485383195
Road,935,scenario_26,-272743.6847255196,-6185493.593799939,6185493.593799939,-0.044094085716765694
Road,935,scenario_44,-912900.5398841336,-6263211.92040471,6263211.92040471,-0.14575597177384741
Road,935,scenario_64,-1654774.9564468209,-6308487.646913061,6308487.646913061,-0.2623092964692661
Road,935,scenario_70,-547949.8380864885,-6228518.957858734,6228518.957858734,-0.08797433897108423
Road,935,scenario_75,-917680.4375897656,-6263551.924593401,6263551.924593401,-0.14651118864147308
Road,935,scenario_78,-2170747.780720048,-6331475.75495073,6331475.75495073,-0.3428502081876708
Road,935,scenario_89,-580778.9843511244,-6232115.948857955,6232115.948857955,-0.09319129957098328
Road,935,scenario_96,-672719.4135845547,-6241844.767213981,6241844.767213981,-0.10777573596800934
Road,938,scenario_100,1167387.5977662294,-9614578.04711514,9614578.04711514,0.12141849512745957
Road,938,scenario_19,4729211.519656291,-9752785.528275214,9752785.528275214,0.4849087992292449
Road,938,scenario_26,317502.1355122731,-9528832.072976124,9528832.072976124,0.03332015225797848
Road,938,scenario_44,1906303.670020748,-9656428.8408866,9656428.8408866,0.1974129050637442
Road,938,scenario_64,3952542.234616996,-9730917.953268463,9730917.953268463,0.4061839030601834
Road,938,scenario_70,954580.6592676794,-9599315.390279604,9599315.390279604,0.099442576939841
Road,938,scenario_75,1920569.85668899,-9657025.54332151,9657025.54332151,0.198877992822251
Road,938,scenario_78,5397244.5188727,-9768387.721616179,9768387.721616179,0.5525215289038227
Road,938,scenario_89,1043440.3700846748,-9605580.839999963,9605580.839999963,0.10862855536434993
Road,938,scenario_96,1280282.0438642849,-9621629.144605443,9621629.144605443,0.13306291737320808
Road,94,scenario_100,35828.1798685283,-5178144.934401831,5178144.934401831,0.006919114919031732
Road,94,scenario_19,185040.3695683164,-5176470.885261604,5176470.885261604,0.03574643297910967
Road,94,scenario_26,1569.083411891876,-5179665.471756974,5179665.471756974,0.00030293141911337247
Road,94,scenario_44,66967.73411752898,-5177493.461481403,5177493.461481403,0.012934392793683594
Road,94,scenario_64,152008.88975098543,-5176661.372093192,5176661.372093192,0.02936427145311233
Road,94,scenario_70,27053.253608290877,-5178406.395890089,5178406.395890089,0.005224243047004201
Road,94,scenario_75,67434.53159381096,-5177493.532778821,5177493.532778821,0.013024551584059258
Road,94,scenario_78,212347.19583380225,-5176323.574950132,5176323.574950132,0.04102278243605511
Road,94,scenario_89,30618.887402370125,-5178285.1461009085,5178285.1461009085,0.005912939619677996
Road,94,scenario_96,40387.20641918009,-5178026.60353614,5178026.60353614,0.007799729416530837
Road,940,scenario_100,-541122.4987304256,-6294153.70414249,6294153.70414249,-0.08597224093435889
Road,940,scenario_19,-1670996.6559798643,-6374677.491978625,6374677.491978625,-0.262130383549993
Road,940,scenario_26,-232439.0396515931,-6244195.596087741,6244195.596087741,-0.037224817204193
Road,940,scenario_44,-784205.1790288842,-6318479.823841792,6318479.823841792,-0.12411295135735166
Road,940,scenario_64,-1424821.7697041892,-6361645.980581938,6361645.980581938,-0.22397061610364116
Road,940,scenario_70,-469234.53915874165,-6285347.735347755,6285347.735347755,-0.0746553029229941
Road,940,scenario_75,-788407.9482803995,-6318806.3128920635,6318806.3128920635,-0.12477165927239064
Road,940,scenario_78,-1869231.43867482,-6383515.317054079,6383515.317054079,-0.29282164228242963
Road,940,scenario_89,-498048.9613849506,-6288826.3310974585,6288826.3310974585,-0.07919585232019541
Road,940,scenario_96,-577507.5356631962,-6298124.62842133,6298124.62842133,-0.09169515843765585
Road,945,scenario_100,-4722617.326621942,-8566281.820278198,8566281.820278198,-0.5513030537289247
Road,945,scenario_19,-15522594.36273716,-8964449.886077972,8964449.886077972,-1.7315724400271522
Road,945,scenario_26,-1872062.6042304111,-8318218.448468277,8318218.448468277,-0.22505571545492822
Road,945,scenario_44,-7028018.753038317,-8687693.929333193,8687693.929333193,-0.8089625175800523
Road,945,scenario_64,-13191598.779827803,-8904829.781610772,8904829.781610772,-1.4813981966358944
Road,945,scenario_70,-4042967.573140031,-8521106.840393579,8521106.840393579,-0.4744650723043031
Road,945,scenario_75,-7070274.775214295,-8689766.449213302,8689766.449213302,-0.8136323129667516
Road,945,scenario_78,-17475425.32675345,-9012174.055483505,9012174.055483505,-1.9390909695225464
Road,945,scenario_89,-4323951.676353832,-8541158.766727468,8541158.766727468,-0.5062488351344097
Road,945,scenario_96,-5075257.978088797,-8588230.283511784,8588230.283511784,-0.5909550408577878
Road,952,scenario_100,-3495504.026560049,-81073226.72973897,81073226.72973897,-0.04311539293005396
Road,952,scenario_19,-9417936.359917697,-81511353.10736582,81511353.10736582,-0.11554140620770335
Road,952,scenario_26,-1721217.1902900557,-80800454.77123865,80800454.77123865,-0.0213020730534642
Road,952,scenario_44,-4810128.081411681,-81206439.72316454,81206439.72316454,-0.05923333294514041
Road,952,scenario_64,-8153696.456687452,-81443824.73286171,81443824.73286171,-0.10011436083007927
Road,952,scenario_70,-3097207.823402364,-81024180.45860574,81024180.45860574,-0.03822572231982883
Road,952,scenario_75,-4832555.841296383,-81208535.3993745,81208535.3993745,-0.05950797927250397
Road,952,scenario_78,-10427420.03524306,-81562243.83992,81562243.83992,-0.12784616440553884
Road,952,scenario_89,-3258140.6884888727,-81045074.99569502,81045074.99569502,-0.040201587680213015
Road,952,scenario_96,-3695319.7234199303,-81096460.88358617,81096460.88358617,-0.04556696658716779
Road,958,scenario_100,109877.88814597296,-7144414.07335014,7144414.07335014,0.015379552055337312
Road,958,scenario_19,844003.7501957449,-7196995.523813119,7196995.523813119,0.11727167918934234
Road,958,scenario_26,-36530.898439953875,-7112387.575388577,7112387.575388577,-0.005136235624498859
Road,958,scenario_44,255283.0308913025,-7160067.897177384,7160067.897177384,0.03565371649505436
Road,958,scenario_64,679343.7180977353,-7187805.148864328,7187805.148864328,0.0945133742537625
Road,958,scenario_70,69605.26591812704,-7138951.671585023,7138951.671585023,0.00975006823413233
Road,958,scenario_75,258095.5708896158,-7160228.222503722,7160228.222503722,0.03604571849797371
Road,958,scenario_78,986655.8743901912,-7202285.771879942,7202285.771879942,0.13699204747504126
Road,958,scenario_89,86697.21441355135,-7140816.545452919,7140816.545452919,0.012141078525362456
Road,958,scenario_96,131875.77715021814,-7146679.451204245,7146679.451204245,0.018452734315374468
Road,964,scenario_100,23566.58823354517,-6717342.122152447,6717342.122152447,0.003508320375082176
Road,964,scenario_19,87550.71160903758,-6731655.407090068,6731655.407090068,0.013005821943414604
Road,964,scenario_26,6994.3739181519495,-6708596.494279781,6708596.494279781,0.0010425986902202035
Road,964,scenario_44,37419.07254420511,-6721620.771469671,6721620.771469671,0.0055669716897794414
Road,964,scenario_64,73331.39500640136,-6729279.785318208,6729279.785318208,0.01089736158190274
Road,964,scenario_70,19593.450979419205,-6715807.475631225,6715807.475631225,0.002917512309653814
Road,964,scenario_75,37636.16361140193,-6721673.632124651,6721673.632124651,0.0055992250845873824
Road,964,scenario_78,98545.51802978967,-6733185.947208664,6733185.947208664,0.014635793338017507
Road,964,scenario_89,21175.52791622724,-6716385.124993794,6716385.124993794,0.003152816213207668
Road,964,scenario_96,25580.80634306439,-6718016.0642695185,6718016.0642695185,0.003807791779349654
Road,970,scenario_100,-1121054.7263918044,-6093482.099554677,6093482.099554677,-0.1839760432665804
Road,970,scenario_19,-3316390.437851047,-6185938.76381201,6185938.76381201,-0.5361175667066193
Road,970,scenario_26,-503437.4839265398,-6035800.781468402,6035800.781468402,-0.08340856535096947
Road,970,scenario_44,-1599924.64035928,-6121701.780962645,6121701.780962645,-0.2613529207408875
Road,970,scenario_64,-2858172.7951131505,-6172438.289047472,6172438.289047472,-0.4630540900157339
Road,970,scenario_70,-976452.1455219424,-6082885.546704911,6082885.546704911,-0.16052449746500408
Road,970,scenario_75,-1609251.1724540154,-6122222.206271195,6122222.206271195,-0.2628540941891338
Road,970,scenario_78,-3716588.731190463,-6197336.489091422,6197336.489091422,-0.5997074287853206
Road,970,scenario_89,-1038208.5743164872,-6087729.591025861,6087729.591025861,-0.17054117775647384
Road,970,scenario_96,-1197207.5063387807,-6098750.943428602,6098750.943428602,-0.19630372144131752
Road,971,scenario_100,-61550.28831769165,-17042642.87393682,17042642.87393682,-0.003611545977520894
Road,971,scenario_19,-108249.77188513524,-17083110.585349474,17083110.585349474,-0.006336654635834914
Road,971,scenario_26,-41666.805275932835,-17017920.64459457,17017920.64459457,-0.0024484075432075502
Road,971,scenario_44,-73224.59354526395,-17054887.837575465,17054887.837575465,-0.0042934667318031226
Road,971,scenario_64,-99648.18125051956,-17077071.65814524,17077071.65814524,-0.00583520308664808
Road,971,scenario_70,-57659.85225118775,-17038096.72451067,17038096.72451067,-0.003384172139851714
Road,971,scenario_75,-73474.6527169642,-17055098.928130515,17055098.928130515,-0.004308075434014389
Road,971,scenario_78,-115825.780929036,-17088067.15752136,17088067.15752136,-0.006778167469809771
Road,971,scenario_89,-59368.512927059564,-17040143.43390666,17040143.43390666,-0.003484038333206014
Road,971,scenario_96,-63501.55504462559,-17044870.522063676,17044870.522063676,-0.003725552210116598
Road,987,scenario_100,-26598.337704889997,-7334984.781690107,7334984.781690107,-0.003626229432852522
Road,987,scenario_19,-62895.139925824406,-7334803.485908285,7334803.485908285,-0.00857489093561393
Road,987,scenario_26,-13387.870525167078,-7335210.369646674,7335210.369646674,-0.0018251515431059072
Road,987,scenario_44,-35500.784413874244,-7334906.802601514,7334906.802601514,-0.004839977571532739
Road,987,scenario_64,-55884.1657051986,-7334823.262104118,7334823.262104118,-0.0076190200783607265
Road,987,scenario_70,-23871.8469076252,-7335035.7966191815,7335035.7966191815,-0.0032544963064294876
Road,987,scenario_75,-35488.19505380929,-7334884.164362926,7334884.164362926,-0.00483827614159625
Road,987,scenario_78,-68381.74255942814,-7334793.900094773,7334793.900094773,-0.00932292624589555
Road,987,scenario_89,-24946.053436393016,-7335009.007588966,7335009.007588966,-0.0034009574372142236
Road,987,scenario_96,-28026.12682503121,-7334973.833905436,7334973.833905436,-0.003820889816332033
