ID_edge,length_m,flow,development,scenario,capacity,ffs,length_m_geom,fftt_min,flow_cap,link_tt_min,delay_min,run
0,37236.74375509389,0.0,status_quo,scenario_44,2305,117,37236.74375509389,19.09576602825328,0.0,19.09576602825328,0.0,2iter_status_quo
1,10819.895495329189,0.0,status_quo,scenario_44,2351,107,10819.895495329189,6.0672311188761805,0.0,6.0672311188761805,0.0,2iter_status_quo
2,2123.634621150368,0.0,status_quo,scenario_44,2337,117,2123.634621150368,1.089043395461727,0.0,1.089043395461727,0.0,2iter_status_quo
3,779.8331461040191,0.0,status_quo,scenario_44,1998,102,779.8331461040191,0.4587253800611877,0.0,0.4587253800611877,0.0,2iter_status_quo
4,9409.23092441937,0.0,status_quo,scenario_44,2333,120,9409.23092441937,4.704615462209684,0.0,4.704615462209684,0.0,2iter_status_quo
5,9097.302692033603,0.0,status_quo,scenario_44,2333,120,9097.302692033603,4.548651346016802,0.0,4.548651346016802,0.0,2iter_status_quo
6,4378.276828732016,0.0,status_quo,scenario_44,2333,120,4378.276828732016,2.189138414366008,0.0,2.189138414366008,0.0,2iter_status_quo
7,3456.727321633321,0.0,status_quo,scenario_44,2333,120,3456.727321633321,1.7283636608166608,0.0,1.7283636608166608,0.0,2iter_status_quo
8,3587.030410135984,0.0,status_quo,scenario_44,2342,115,3587.030410135984,1.8714941270274696,0.0,1.8714941270274696,0.0,2iter_status_quo
9,7103.441939135965,0.0,status_quo,scenario_44,2190,116,7103.441939135965,3.6741941064496375,0.0,3.6741941064496375,0.0,2iter_status_quo
10,4529.7780642419175,0.0,status_quo,scenario_44,2333,120,4529.7780642419175,2.264889032120959,0.0,2.264889032120959,0.0,2iter_status_quo
11,10161.999278378476,0.0,status_quo,scenario_44,2333,120,10161.999278378476,5.080999639189237,0.0,5.080999639189237,0.0,2iter_status_quo
12,8351.740437819251,0.0,status_quo,scenario_44,2340,114,8351.740437819251,4.395652862010132,0.0,4.395652862010132,0.0,2iter_status_quo
13,6557.238504212162,0.0,status_quo,scenario_44,2333,120,6557.238504212162,3.2786192521060813,0.0,3.2786192521060813,0.0,2iter_status_quo
14,1618.3943928055903,0.0,status_quo,scenario_44,2333,119,1618.3943928055903,0.815997172843155,0.0,0.815997172843155,0.0,2iter_status_quo
15,2454.397749167046,0.0,status_quo,scenario_44,2347,110,2454.397749167046,1.3387624086365708,0.0,1.3387624086365708,0.0,2iter_status_quo
16,2707.6929544388604,0.0,status_quo,scenario_44,3174,98,2707.6929544388604,1.6577711965952209,0.0,1.6577711965952209,0.0,2iter_status_quo
17,3366.6204522024627,0.0,status_quo,scenario_44,3383,96,3366.6204522024627,2.1041377826265397,0.0,2.1041377826265397,0.0,2iter_status_quo
18,1792.8277013627728,0.0,status_quo,scenario_44,3383,100,1792.8277013627728,1.0756966208176637,0.0,1.0756966208176637,0.0,2iter_status_quo
19,5241.531215082299,0.0,status_quo,scenario_44,2340,114,5241.531215082299,2.7587006395169995,0.0,2.7587006395169995,0.0,2iter_status_quo
20,4259.587149128142,0.0,status_quo,scenario_44,2333,119,4259.587149128142,2.147690999560408,0.0,2.147690999560408,0.0,2iter_status_quo
21,4431.25231599406,0.0,status_quo,scenario_44,2239,117,4431.25231599406,2.272437085125159,0.0,2.272437085125159,0.0,2iter_status_quo
22,312.37327151232336,0.0,status_quo,scenario_44,2744,80,312.37327151232336,0.2342799536342425,0.0,0.2342799536342425,0.0,2iter_status_quo
23,10429.862112566574,0.0,status_quo,scenario_44,2465,100,10429.862112566574,6.257917267539945,0.0,6.257917267539945,0.0,2iter_status_quo
24,908.422568222344,0.0,status_quo,scenario_44,729,92,908.422568222344,0.5924495010145723,0.0,0.5924495010145723,0.0,2iter_status_quo
26,3097.519920748141,0.0,status_quo,scenario_44,3184,98,3097.519920748141,1.896440767804984,0.0,1.896440767804984,0.0,2iter_status_quo
27,1950.2102913634324,0.0,status_quo,scenario_44,3383,100,1950.2102913634324,1.1701261748180594,0.0,1.1701261748180594,0.0,2iter_status_quo
28,3094.2230215374693,0.0,status_quo,scenario_44,3235,100,3094.2230215374693,1.8565338129224815,0.0,1.8565338129224815,0.0,2iter_status_quo
29,2447.233413479223,3282.8991969095787,status_quo,scenario_44,2391,98,2447.233413479223,1.4983061715178918,1.3730235035171805,2.204455450843267,0.7061492793253752,2iter_status_quo
30,2208.921363389983,3282.8991969095787,status_quo,scenario_44,2608,99,2208.921363389983,1.3387402202363534,1.258780366913182,1.86905806521744,0.5303178449810868,2iter_status_quo
31,782.2308016477537,3282.8991969095787,status_quo,scenario_44,2746,99,782.2308016477537,0.4740792737259113,1.1955204650071298,0.6434759976959905,0.1693967239700792,2iter_status_quo
32,4235.803391000821,3282.8991969095787,status_quo,scenario_44,2391,86,4235.803391000821,2.9552116681401075,1.3730235035171805,4.3479981555620855,1.392786487421978,2iter_status_quo
33,1142.2004966082045,3282.8991969095787,status_quo,scenario_44,2391,100,1142.2004966082045,0.6853202979649226,1.3730235035171805,1.0083106478109205,0.3229903498459977,2iter_status_quo
34,3201.231578453541,3282.8991969095787,status_quo,scenario_44,2391,100,3201.231578453541,1.9207389470721248,1.3730235035171805,2.825980111415125,0.905241164343001,2iter_status_quo
35,1834.4909824602885,3284.1630621505665,status_quo,scenario_44,2391,87,1834.4909824602885,1.2651661948001989,1.3735520962570331,1.8618961779204328,0.5967299831202337,2iter_status_quo
36,3652.46808775102,0.0,status_quo,scenario_44,3250,99,3652.46808775102,2.2136170228794056,0.0,2.2136170228794056,0.0,2iter_status_quo
37,2087.5000694047385,0.0,status_quo,scenario_44,3383,100,2087.5000694047385,1.252500041642843,0.0,1.252500041642843,0.0,2iter_status_quo
38,2.9651927315463684,0.0,status_quo,scenario_44,3383,100,2.9651927315463684,0.0017791156389278,0.0,0.0017791156389278,0.0,2iter_status_quo
39,429.0603753941272,0.0,status_quo,scenario_44,3325,120,429.0603753941272,0.2145301876970635,0.0,0.2145301876970635,0.0,2iter_status_quo
40,4272.879103330798,0.0,status_quo,scenario_44,3083,116,4272.879103330798,2.2101098810331714,0.0,2.2101098810331714,0.0,2iter_status_quo
41,424.7698655376553,0.0,status_quo,scenario_44,1239,92,424.7698655376553,0.2770238253506447,0.0,0.2770238253506447,0.0,2iter_status_quo
42,5584.246522656695,0.0,status_quo,scenario_44,2333,119,5584.246522656695,2.815586482011779,0.0,2.815586482011779,0.0,2iter_status_quo
43,5376.107615468753,0.0,status_quo,scenario_44,2333,119,5376.107615468753,2.710642495194329,0.0,2.710642495194329,0.0,2iter_status_quo
44,4705.268039949857,0.0,status_quo,scenario_44,2335,118,4705.268039949857,2.3925091728558594,0.0,2.3925091728558594,0.0,2iter_status_quo
45,5931.50774269518,0.0,status_quo,scenario_44,2333,120,5931.50774269518,2.96575387134759,0.0,2.96575387134759,0.0,2iter_status_quo
46,3019.908646687248,0.0,status_quo,scenario_44,2338,118,3019.908646687248,1.5355467695019904,0.0,1.5355467695019904,0.0,2iter_status_quo
47,1923.2122059320616,0.0,status_quo,scenario_44,2391,88,1923.2122059320616,1.311281049499133,0.0,1.311281049499133,0.0,2iter_status_quo
48,661.9150670575519,0.0,status_quo,scenario_44,2333,119,661.9150670575519,0.3337386892727152,0.0,0.3337386892727152,0.0,2iter_status_quo
49,3086.7798993936267,0.0,status_quo,scenario_44,2333,120,3086.7798993936267,1.543389949696813,0.0,1.543389949696813,0.0,2iter_status_quo
50,60.406023075776496,0.0,status_quo,scenario_44,1516,109,60.406023075776496,0.0332510218765742,0.0,0.0332510218765742,0.0,2iter_status_quo
51,89.83860284702587,0.0,status_quo,scenario_44,2333,120,89.83860284702587,0.0449193014235129,0.0,0.0449193014235129,0.0,2iter_status_quo
52,161.90388362602724,0.0,status_quo,scenario_44,1516,109,161.90388362602724,0.0891214038308406,0.0,0.0891214038308406,0.0,2iter_status_quo
53,666.8849192453416,0.0,status_quo,scenario_44,1169,105,666.8849192453416,0.3810770967116238,0.0,0.3810770967116238,0.0,2iter_status_quo
54,224.7870581054576,0.0,status_quo,scenario_44,2333,120,224.7870581054576,0.1123935290527288,0.0,0.1123935290527288,0.0,2iter_status_quo
55,3897.802473376,0.0,status_quo,scenario_44,2333,120,3897.8024733759994,1.948901236687999,0.0,1.948901236687999,0.0,2iter_status_quo
56,2953.672126356878,0.0,status_quo,scenario_44,2186,118,2953.672126356878,1.5018671828933277,0.0,1.5018671828933277,0.0,2iter_status_quo
57,1607.524113232189,0.0,status_quo,scenario_44,2391,99,1607.524113232189,0.9742570383225386,0.0,0.9742570383225386,0.0,2iter_status_quo
58,980.986779978202,0.0,status_quo,scenario_44,2391,100,980.986779978202,0.5885920679869212,0.0,0.5885920679869212,0.0,2iter_status_quo
59,1517.319045671118,3282.8991969095787,status_quo,scenario_44,2391,100,1517.319045671118,0.9103914274026708,1.3730235035171805,1.3394574371309227,0.4290660097282518,2iter_status_quo
60,3341.26037136498,3282.8991969095787,status_quo,scenario_44,2338,118,3341.26037136498,1.6989459515415155,1.4041485016721893,2.5363704336245503,0.8374244820830348,2iter_status_quo
61,8361.831024084971,3282.8991969095787,status_quo,scenario_44,2333,120,8361.831024084971,4.1809155120424855,1.4071578212214224,6.250566036666529,2.069650524624044,2iter_status_quo
62,2086.0938139797604,3282.8991969095787,status_quo,scenario_44,2333,120,2086.0938139797604,1.0430469069898802,1.4071578212214224,1.5593794116867976,0.5163325046969174,2iter_status_quo
63,5114.75070314698,3282.8991969095787,status_quo,scenario_44,2333,119,5114.75070314698,2.578865900746377,1.4071578212214224,3.855464566526963,1.2765986657805866,2iter_status_quo
64,2948.5542693597213,3282.8991969095787,status_quo,scenario_44,2335,118,2948.5542693597213,1.499264882725282,1.4059525468563503,2.240165067179283,0.7409001844540011,2iter_status_quo
65,2912.9705151237267,3282.8991969095787,status_quo,scenario_44,2333,120,2912.9705151237267,1.4564852575618634,1.4071578212214224,2.177479372065621,0.7209941145037575,2iter_status_quo
66,3047.1705599093475,3282.8991969095787,status_quo,scenario_44,2333,120,3047.1705599093475,1.523585279954674,1.4071578212214224,2.277795467863302,0.7542101879086283,2iter_status_quo
67,4872.77147040362,3282.8991969095787,status_quo,scenario_44,2333,120,4872.77147040362,2.4363857352018097,1.4071578212214224,3.642453401607148,1.2060676664053385,2iter_status_quo
68,8865.80644588534,3282.8991969095787,status_quo,scenario_44,2335,119,8865.80644588534,4.470154510530423,1.4059525468563503,6.6791959811540895,2.2090414706236663,2iter_status_quo
69,263.4135778567169,0.0,status_quo,scenario_44,2333,119,263.4135778567169,0.1328135686672522,0.0,0.1328135686672522,0.0,2iter_status_quo
70,5513.998529520909,0.0,status_quo,scenario_44,2333,119,5513.998529520909,2.7801673258088617,0.0,2.7801673258088617,0.0,2iter_status_quo
71,3232.558652026233,0.0,status_quo,scenario_44,2333,120,3232.558652026233,1.6162793260131163,0.0,1.6162793260131163,0.0,2iter_status_quo
72,113.6803311893096,0.0,status_quo,scenario_44,2333,120,113.6803311893096,0.0568401655946548,0.0,0.0568401655946548,0.0,2iter_status_quo
73,1949.3522223086493,541.9205307490628,status_quo,scenario_44,2881,79,1949.3522223086495,1.4805206751711264,0.1881015379205355,1.4936166905980846,0.0130960154269581,2iter_status_quo
74,802.4785240978157,256.5832632461341,status_quo,scenario_44,1289,80,802.4785240978157,0.6018588930733618,0.1990560614787696,0.6078208042918112,0.0059619112184493,2iter_status_quo
75,1790.6201179575862,0.0,status_quo,scenario_44,729,80,1790.6201179575862,1.3429650884681896,0.0,1.3429650884681896,0.0,2iter_status_quo
76,550.4281597313835,945.0805140266104,status_quo,scenario_44,2391,79,550.4281597313835,0.4180467035934558,0.3952657942394857,0.4343750903040064,0.0163283867105505,2iter_status_quo
77,1011.8689371854967,826.7781525397644,status_quo,scenario_44,2391,93,1011.8689371854967,0.6528186691519334,0.3457876003930424,0.6723328985555581,0.0195142294036246,2iter_status_quo
78,1190.0072044742778,672.5083964083759,status_quo,scenario_44,2391,100,1190.0072044742778,0.7140043226845667,0.281266581517514,0.7281257020207433,0.0141213793361766,2iter_status_quo
79,656.5663213618884,643.9477383804758,status_quo,scenario_44,2391,99,656.5663213618884,0.3979189826435687,0.2693215133335323,0.4051346542294196,0.0072156715858508,2iter_status_quo
80,381.9039017049991,47.417010597848375,status_quo,scenario_44,2391,100,381.9039017049991,0.2291423410229994,0.0198314557080085,0.2291648706780872,2.252965508778293e-05,2iter_status_quo
81,269.29106997647665,3287.3493243678386,status_quo,scenario_44,2391,80,269.29106997647665,0.2019683024823575,1.374884702788724,0.2974138742360938,0.0954455717537363,2iter_status_quo
82,1362.7606945394907,3287.863424560894,status_quo,scenario_44,3013,80,1362.7606945394907,1.022070520904618,1.0912258295920658,1.3263342232698598,0.3042637023652417,2iter_status_quo
83,2095.9886952448405,3289.065232289908,status_quo,scenario_44,3262,80,2095.9886952448405,1.5719915214336304,1.0082971282311182,1.9715379643002944,0.3995464428666642,2iter_status_quo
84,1676.4231695514936,3288.6591516992075,status_quo,scenario_44,3021,80,1676.4231695514936,1.25731737716362,1.0885995205889465,1.6298130259537384,0.3724956487901183,2iter_status_quo
85,910.3365754780752,943.6131133286908,status_quo,scenario_44,729,100,910.3365754780752,0.5462019452868451,1.2943938454440205,0.7749861986708901,0.228784253384045,2iter_status_quo
86,2224.3324582106734,943.6131133286908,status_quo,scenario_44,729,99,2224.3324582106734,1.3480802777034384,1.2943938454440205,1.9127423820724856,0.5646621043690474,2iter_status_quo
87,794.1532861069165,1140.4620588420414,status_quo,scenario_44,729,100,794.1532861069165,0.4764919716641499,1.564419833802526,0.7680347062359819,0.291542734571832,2iter_status_quo
88,2951.1891622424446,1193.2314538780631,status_quo,scenario_44,1404,100,2951.1891622424446,1.7707134973454668,0.8498799529046034,2.0904582873529067,0.3197447900074399,2iter_status_quo
89,2140.272239606062,1469.2513520523692,status_quo,scenario_44,2391,100,2140.272239606062,1.2841633437636373,0.6144924098922497,1.405388659355242,0.1212253155916047,2iter_status_quo
90,1395.0130328637335,1650.0732212803714,status_quo,scenario_44,2391,99,1395.0130328637335,0.8454624441598385,0.6901184530658182,0.9461281654700592,0.1006657213102207,2iter_status_quo
91,4008.729740907578,1733.6567677218443,status_quo,scenario_44,2391,100,4008.729740907578,2.4052378445445464,0.725076021631888,2.721367416692802,0.3161295721482555,2iter_status_quo
92,2550.193392452562,3287.120813642508,status_quo,scenario_44,2166,97,2550.193392452562,1.577439211826327,1.5175996369540663,2.4856926884155817,0.9082534765892548,2iter_status_quo
93,970.6857419960515,3289.3857433816547,status_quo,scenario_44,3061,87,970.6857419960515,0.6694384427558976,1.0746114810132814,0.8627036199900959,0.1932651772341983,2iter_status_quo
94,3121.847228370543,3289.384788333753,status_quo,scenario_44,2333,120,3121.847228370543,1.5609236141852714,1.409937757536971,2.336673180247614,0.7757495660623426,2iter_status_quo
95,1906.501637835958,3289.579048959835,status_quo,scenario_44,2333,119,1906.501637835958,0.9612613300013236,1.410021023986213,1.4390464903806417,0.4777851603793182,2iter_status_quo
96,2437.745041650941,3289.728234835439,status_quo,scenario_44,2333,120,2437.745041650941,1.2188725208254705,1.4100849699251774,1.8247556527811424,0.6058831319556717,2iter_status_quo
97,1687.4477039097997,3289.88544154385,status_quo,scenario_44,2333,120,1687.4477039097997,0.8437238519548999,1.4101523538550578,1.2631663282987715,0.4194424763438716,2iter_status_quo
98,2007.6948653871616,3290.0039126438187,status_quo,scenario_44,1536,108,2007.6948653871616,1.115386036326201,2.141929630627486,2.394695490465061,1.2793094541388603,2iter_status_quo
99,426.5896754365461,2.128369586534743,status_quo,scenario_44,729,100,426.5896754365461,0.2559538052619277,0.0029195741927774,0.2559543506939496,5.45432021936687e-07,2iter_status_quo
100,1461.1312385017154,0.0,status_quo,scenario_44,2013,112,1461.1312385017154,0.7827488777687761,0.0,0.7827488777687761,0.0,2iter_status_quo
101,3181.077676394208,0.0,status_quo,scenario_44,2721,120,3181.077676394208,1.590538838197104,0.0,1.590538838197104,0.0,2iter_status_quo
102,5030.979565723924,257.0024770730167,status_quo,scenario_44,3324,119,5030.979565723924,2.536628352465844,0.0773172313697402,2.5404193145364964,0.0037909620706524,2iter_status_quo
103,6088.671354567422,895.881527772264,status_quo,scenario_44,3293,106,6088.671354567422,3.4464177478683524,0.2720563400462387,3.5101891005694283,0.0637713527010759,2iter_status_quo
104,4526.605938756334,0.0,status_quo,scenario_44,729,96,4526.605938756334,2.8291287117227086,0.0,2.8291287117227086,0.0,2iter_status_quo
105,2027.6844882076089,0.0,status_quo,scenario_44,729,100,2027.6844882076089,1.2166106929245653,0.0,1.2166106929245653,0.0,2iter_status_quo
106,2361.841828044352,0.0,status_quo,scenario_44,729,99,2361.841828044352,1.4314192897238494,0.0,1.4314192897238494,0.0,2iter_status_quo
107,1832.0017704127936,0.0,status_quo,scenario_44,729,100,1832.0017704127936,1.099201062247676,0.0,1.099201062247676,0.0,2iter_status_quo
108,3976.529508207863,0.0,status_quo,scenario_44,729,99,3976.529508207863,2.410017883762341,0.0,2.410017883762341,0.0,2iter_status_quo
109,3787.9535621091854,0.0,status_quo,scenario_44,729,99,3787.9535621091854,2.2957294315813246,0.0,2.2957294315813246,0.0,2iter_status_quo
110,2664.418268404272,0.0,status_quo,scenario_44,729,88,2664.418268404272,1.816648819366549,0.0,1.816648819366549,0.0,2iter_status_quo
111,2236.141648525741,0.0,status_quo,scenario_44,729,90,2236.141648525741,1.4907610990171607,0.0,1.4907610990171607,0.0,2iter_status_quo
112,6295.230880371994,0.0,status_quo,scenario_44,729,85,6295.230880371994,4.443692386144937,0.0,4.443692386144937,0.0,2iter_status_quo
113,1386.837480073949,0.0,status_quo,scenario_44,2347,110,1386.837480073949,0.7564568073130633,0.0,0.7564568073130633,0.0,2iter_status_quo
114,4482.098099171079,0.0,status_quo,scenario_44,2333,120,4482.098099171079,2.2410490495855395,0.0,2.2410490495855395,0.0,2iter_status_quo
115,967.2338545450544,0.0,status_quo,scenario_44,2096,114,967.2338545450544,0.5090704497605549,0.0,0.5090704497605549,0.0,2iter_status_quo
116,6641.566474985803,0.0,status_quo,scenario_44,2339,115,6641.566474985803,3.465165117383897,0.0,3.465165117383897,0.0,2iter_status_quo
117,2900.4197279862065,0.0,status_quo,scenario_44,2333,120,2900.4197279862065,1.4502098639931031,0.0,1.4502098639931031,0.0,2iter_status_quo
118,7150.926141131028,0.0,status_quo,scenario_44,2334,118,7150.926141131028,3.6360641395581497,0.0,3.6360641395581497,0.0,2iter_status_quo
119,138.61280402907454,0.0,status_quo,scenario_44,2139,117,138.61280402907454,0.0710834892456792,0.0,0.0710834892456792,0.0,2iter_status_quo
120,4646.296659299301,0.0,status_quo,scenario_44,2333,120,4646.296659299301,2.3231483296496505,0.0,2.3231483296496505,0.0,2iter_status_quo
121,6375.642888146268,0.0,status_quo,scenario_44,2333,119,6375.642888146268,3.214609859569547,0.0,3.214609859569547,0.0,2iter_status_quo
122,9246.570828344114,0.0,status_quo,scenario_44,2333,120,9246.570828344114,4.623285414172058,0.0,4.623285414172058,0.0,2iter_status_quo
123,1534.8660954570962,0.0,status_quo,scenario_44,2348,109,1534.8660954570962,0.8448804195176677,0.0,0.8448804195176677,0.0,2iter_status_quo
124,1877.417300305622,1090.4711012003936,status_quo,scenario_44,729,79,1877.417300305622,1.425886557194143,1.495845131962131,2.223510621498654,0.7976240643045109,2iter_status_quo
126,1897.1851262924465,3285.569354051603,status_quo,scenario_44,1811,106,1897.1851262924465,1.0738783733730828,1.8142293506635023,1.957526746780771,0.8836483734076883,2iter_status_quo
127,1483.4622208121002,3284.7036386021223,status_quo,scenario_44,2333,119,1483.4622208121002,0.7479641449472775,1.4079312638671764,1.1186309493303144,0.3706668043830369,2iter_status_quo
128,1875.2605068342427,3283.615282103643,status_quo,scenario_44,1934,115,1875.2605068342427,0.9783967861743876,1.6978362368684814,1.683490143307408,0.7050933571330203,2iter_status_quo
129,3327.5142290398862,3282.8991969095787,status_quo,scenario_44,729,96,3327.5142290398862,2.079696393149929,4.503291079437008,12.623565018453451,10.543868625303524,2iter_status_quo
130,225.05482885543543,3282.8991969095787,status_quo,scenario_44,729,100,225.05482885543543,0.1350328973132612,4.503291079437008,0.8196372145851074,0.6846043172718461,2iter_status_quo
131,3113.508108488663,3282.8991969095787,status_quo,scenario_44,2339,118,3113.508108488663,1.583139716180676,1.4035481816629238,2.3628152469979837,0.7796755308173073,2iter_status_quo
132,1886.9484527400857,3282.8991969095787,status_quo,scenario_44,2343,113,1886.9484527400857,1.001919532428364,1.4011520259964056,1.493668401889485,0.4917488694611209,2iter_status_quo
133,9519.946896653411,0.0,status_quo,scenario_44,2279,117,9519.946896653411,4.882024049565852,0.0,4.882024049565852,0.0,2iter_status_quo
134,162.64281702292567,0.0,status_quo,scenario_44,2335,118,162.64281702292567,0.0826997374692842,0.0,0.0826997374692842,0.0,2iter_status_quo
135,11699.839149833915,0.0,status_quo,scenario_44,2334,119,11699.839149833915,5.899078562941471,0.0,5.899078562941471,0.0,2iter_status_quo
136,2636.004394110598,0.0,status_quo,scenario_44,2335,118,2636.004394110598,1.3403412173443716,0.0,1.3403412173443716,0.0,2iter_status_quo
137,58.97222645443464,0.0,status_quo,scenario_44,1517,109,58.97222645443464,0.032461776029964,0.0,0.032461776029964,0.0,2iter_status_quo
138,6789.364867404183,0.0,status_quo,scenario_44,2333,120,6789.364867404183,3.394682433702092,0.0,3.394682433702092,0.0,2iter_status_quo
139,7798.900064235726,0.0,status_quo,scenario_44,2253,119,7798.900064235726,3.932218519782719,0.0,3.932218519782719,0.0,2iter_status_quo
140,2412.9461209653914,0.0,status_quo,scenario_44,729,94,2412.9461209653914,1.5401783750842923,0.0,1.5401783750842923,0.0,2iter_status_quo
141,2559.286814415442,0.0,status_quo,scenario_44,2238,106,2559.286814415442,1.4486529138200617,0.0,1.4486529138200617,0.0,2iter_status_quo
142,2445.4737403799013,0.0,status_quo,scenario_44,729,92,2445.4737403799013,1.5948741785086311,0.0,1.5948741785086311,0.0,2iter_status_quo
143,3171.1314226729214,0.0,status_quo,scenario_44,729,97,3171.1314226729214,1.9615245913440755,0.0,1.9615245913440755,0.0,2iter_status_quo
144,24.710247395683616,0.0,status_quo,scenario_44,729,100,24.710247395683616,0.0148261484374101,0.0,0.0148261484374101,0.0,2iter_status_quo
145,205.36392899365336,0.0,status_quo,scenario_44,729,100,205.36392899365336,0.123218357396192,0.0,0.123218357396192,0.0,2iter_status_quo
146,3089.813140762068,0.0,status_quo,scenario_44,729,98,3089.813140762068,1.891722331078817,0.0,1.891722331078817,0.0,2iter_status_quo
147,7546.426764537397,0.0,status_quo,scenario_44,1499,90,7546.426764537397,5.030951176358264,0.0,5.030951176358264,0.0,2iter_status_quo
148,7642.263383915135,0.0,status_quo,scenario_44,2123,96,7642.263383915135,4.77641461494696,0.0,4.77641461494696,0.0,2iter_status_quo
149,23430.110217879137,0.0,status_quo,scenario_44,2339,107,23430.110217879137,13.138379561427554,0.0,13.138379561427554,0.0,2iter_status_quo
150,615.6253856732188,0.0,status_quo,scenario_44,1273,106,615.6253856732188,0.348467199437671,0.0,0.348467199437671,0.0,2iter_status_quo
151,3933.61599115291,0.0,status_quo,scenario_44,2171,114,3933.61599115291,2.0703242058699525,0.0,2.0703242058699525,0.0,2iter_status_quo
152,2229.1270243173267,0.0,status_quo,scenario_44,2391,95,2229.1270243173267,1.4078696995688382,0.0,1.4078696995688382,0.0,2iter_status_quo
153,2110.272848365732,0.0,status_quo,scenario_44,2391,89,2110.272848365732,1.4226558528308306,0.0,1.4226558528308306,0.0,2iter_status_quo
154,4371.245634827746,0.0,status_quo,scenario_44,2391,100,4371.245634827746,2.6227473808966475,0.0,2.6227473808966475,0.0,2iter_status_quo
155,5706.035925528771,0.0,status_quo,scenario_44,2237,117,5706.035925528771,2.926172269501934,0.0,2.926172269501934,0.0,2iter_status_quo
156,927.6132174427204,0.0,status_quo,scenario_44,1133,105,927.6132174427204,0.5300646956815545,0.0,0.5300646956815545,0.0,2iter_status_quo
157,7965.478607659928,0.0,status_quo,scenario_44,729,97,7965.478607659928,4.927100169686553,0.0,4.927100169686553,0.0,2iter_status_quo
158,4507.309332662633,0.0,status_quo,scenario_44,2247,114,4507.309332662633,2.372268069822438,0.0,2.372268069822438,0.0,2iter_status_quo
159,6341.623671310632,0.0,status_quo,scenario_44,2333,119,6341.623671310632,3.197457313265865,0.0,3.197457313265865,0.0,2iter_status_quo
160,256.2691180365969,0.0,status_quo,scenario_44,2333,119,256.2691180365969,0.1292113200184522,0.0,0.1292113200184522,0.0,2iter_status_quo
161,9348.916857720986,0.0,status_quo,scenario_44,2333,120,9348.916857720986,4.6744584288604925,0.0,4.6744584288604925,0.0,2iter_status_quo
162,3996.142575471632,0.0,status_quo,scenario_44,2333,120,3996.142575471632,1.998071287735816,0.0,1.998071287735816,0.0,2iter_status_quo
163,8177.201557824537,0.0,status_quo,scenario_44,2333,120,8177.201557824537,4.0886007789122685,0.0,4.0886007789122685,0.0,2iter_status_quo
164,6578.624943132748,0.0,status_quo,scenario_44,2333,120,6578.624943132748,3.2893124715663737,0.0,3.2893124715663737,0.0,2iter_status_quo
165,4481.499816312526,0.0,status_quo,scenario_44,2129,117,4481.499816312526,2.2982050340064237,0.0,2.2982050340064237,0.0,2iter_status_quo
166,4371.380928348,0.0,status_quo,scenario_44,729,100,4371.380928348,2.6228285570088,0.0,2.6228285570088,0.0,2iter_status_quo
167,2538.5998876238605,0.0,status_quo,scenario_44,1949,115,2538.5998876238605,1.3244868978907098,0.0,1.3244868978907098,0.0,2iter_status_quo
168,6709.510529003125,0.0,status_quo,scenario_44,2333,119,6709.510529003125,3.3829464852116597,0.0,3.3829464852116597,0.0,2iter_status_quo
169,9968.376672865634,0.0,status_quo,scenario_44,2271,118,9968.376672865634,5.068666104846932,0.0,5.068666104846932,0.0,2iter_status_quo
171,49865.043318396056,0.0,status_quo,scenario_44,1754,110,49865.043318396056,27.199114537306937,0.0,27.199114537306937,0.0,2iter_status_quo
172,619.3997546912561,0.0,status_quo,scenario_44,2200,100,619.3997546912561,0.3716398528147537,0.0,0.3716398528147537,0.0,2iter_status_quo
173,1910.9416835043069,0.0,status_quo,scenario_44,2200,100,1910.9416835043069,1.1465650101025842,0.0,1.1465650101025842,0.0,2iter_status_quo
174,6978.5477473254405,3282.8991969095787,status_quo,scenario_44,2200,100,6978.5477473254405,4.187128648395264,1.492226907686172,6.518041557569671,2.3309129091744065,2iter_status_quo
175,5286.2980122217705,3282.8991969095787,status_quo,scenario_44,2200,100,5286.2980122217705,3.1717788073330624,1.492226907686172,4.937461399839957,1.7656825925068942,2iter_status_quo
176,4439.9389635413945,3282.8991969095787,status_quo,scenario_44,2200,100,4439.9389635413945,2.663963378124837,1.492226907686172,4.146952593184864,1.4829892150600266,2iter_status_quo
177,16886.709860095605,0.0,status_quo,scenario_44,2200,100,16886.709860095605,10.132025916057362,0.0,10.132025916057362,0.0,2iter_status_quo
178,6719.55714161299,3290.1051644946706,status_quo,scenario_44,1000,80,6719.55714161299,5.039667856209742,3.2901051644946704,18.67800692107685,13.638339064867107,2iter_status_quo
0,37236.74375509389,0.0,status_quo,scenario_44,2305,117,37236.74375509389,19.09576602825328,0.0,19.09576602825328,0.0,5iter_status_quo
1,10819.895495329189,0.0,status_quo,scenario_44,2351,107,10819.895495329189,6.0672311188761805,0.0,6.0672311188761805,0.0,5iter_status_quo
2,2123.634621150368,0.0,status_quo,scenario_44,2337,117,2123.634621150368,1.089043395461727,0.0,1.089043395461727,0.0,5iter_status_quo
3,779.8331461040191,0.0,status_quo,scenario_44,1998,102,779.8331461040191,0.4587253800611877,0.0,0.4587253800611877,0.0,5iter_status_quo
4,9409.23092441937,0.0,status_quo,scenario_44,2333,120,9409.23092441937,4.704615462209684,0.0,4.704615462209684,0.0,5iter_status_quo
5,9097.302692033603,0.0,status_quo,scenario_44,2333,120,9097.302692033603,4.548651346016802,0.0,4.548651346016802,0.0,5iter_status_quo
6,4378.276828732016,0.0,status_quo,scenario_44,2333,120,4378.276828732016,2.189138414366008,0.0,2.189138414366008,0.0,5iter_status_quo
7,3456.727321633321,0.0,status_quo,scenario_44,2333,120,3456.727321633321,1.7283636608166608,0.0,1.7283636608166608,0.0,5iter_status_quo
8,3587.030410135984,0.0,status_quo,scenario_44,2342,115,3587.030410135984,1.8714941270274696,0.0,1.8714941270274696,0.0,5iter_status_quo
9,7103.441939135965,0.0,status_quo,scenario_44,2190,116,7103.441939135965,3.6741941064496375,0.0,3.6741941064496375,0.0,5iter_status_quo
10,4529.7780642419175,0.0,status_quo,scenario_44,2333,120,4529.7780642419175,2.264889032120959,0.0,2.264889032120959,0.0,5iter_status_quo
11,10161.999278378476,0.0,status_quo,scenario_44,2333,120,10161.999278378476,5.080999639189237,0.0,5.080999639189237,0.0,5iter_status_quo
12,8351.740437819251,0.0,status_quo,scenario_44,2340,114,8351.740437819251,4.395652862010132,0.0,4.395652862010132,0.0,5iter_status_quo
13,6557.238504212162,0.0,status_quo,scenario_44,2333,120,6557.238504212162,3.2786192521060813,0.0,3.2786192521060813,0.0,5iter_status_quo
14,1618.3943928055903,0.0,status_quo,scenario_44,2333,119,1618.3943928055903,0.815997172843155,0.0,0.815997172843155,0.0,5iter_status_quo
15,2454.397749167046,0.0,status_quo,scenario_44,2347,110,2454.397749167046,1.3387624086365708,0.0,1.3387624086365708,0.0,5iter_status_quo
16,2707.6929544388604,0.0,status_quo,scenario_44,3174,98,2707.6929544388604,1.6577711965952209,0.0,1.6577711965952209,0.0,5iter_status_quo
17,3366.6204522024627,0.0,status_quo,scenario_44,3383,96,3366.6204522024627,2.1041377826265397,0.0,2.1041377826265397,0.0,5iter_status_quo
18,1792.8277013627728,0.0,status_quo,scenario_44,3383,100,1792.8277013627728,1.0756966208176637,0.0,1.0756966208176637,0.0,5iter_status_quo
19,5241.531215082299,0.0,status_quo,scenario_44,2340,114,5241.531215082299,2.7587006395169995,0.0,2.7587006395169995,0.0,5iter_status_quo
20,4259.587149128142,0.0,status_quo,scenario_44,2333,119,4259.587149128142,2.147690999560408,0.0,2.147690999560408,0.0,5iter_status_quo
21,4431.25231599406,0.0,status_quo,scenario_44,2239,117,4431.25231599406,2.272437085125159,0.0,2.272437085125159,0.0,5iter_status_quo
22,312.37327151232336,0.0,status_quo,scenario_44,2744,80,312.37327151232336,0.2342799536342425,0.0,0.2342799536342425,0.0,5iter_status_quo
23,10429.862112566574,0.0,status_quo,scenario_44,2465,100,10429.862112566574,6.257917267539945,0.0,6.257917267539945,0.0,5iter_status_quo
24,908.422568222344,0.0,status_quo,scenario_44,729,92,908.422568222344,0.5924495010145723,0.0,0.5924495010145723,0.0,5iter_status_quo
26,3097.519920748141,0.0,status_quo,scenario_44,3184,98,3097.519920748141,1.896440767804984,0.0,1.896440767804984,0.0,5iter_status_quo
27,1950.2102913634324,0.0,status_quo,scenario_44,3383,100,1950.2102913634324,1.1701261748180594,0.0,1.1701261748180594,0.0,5iter_status_quo
28,3094.2230215374693,0.0,status_quo,scenario_44,3235,100,3094.2230215374693,1.8565338129224815,0.0,1.8565338129224815,0.0,5iter_status_quo
29,2447.233413479223,2918.5972317087617,status_quo,scenario_44,2391,98,2447.233413479223,1.4983061715178918,1.2206596535795742,2.056428962381899,0.5581227908640072,5iter_status_quo
30,2208.921363389983,2918.5972317087617,status_quo,scenario_44,2608,99,2208.921363389983,1.3387402202363534,1.1190940305631756,1.7578902276803872,0.4191500074440337,5iter_status_quo
31,782.2308016477537,2918.5972317087617,status_quo,scenario_44,2746,99,782.2308016477537,0.4740792737259113,1.0628540537905178,0.6079662224398206,0.1338869487139092,5iter_status_quo
32,4235.803391000821,2918.5972317087617,status_quo,scenario_44,2391,86,4235.803391000821,2.9552116681401075,1.2206596535795742,4.05603539507257,1.1008237269324623,5iter_status_quo
33,1142.2004966082045,2918.5972317087617,status_quo,scenario_44,2391,100,1142.2004966082045,0.6853202979649226,1.2206596535795742,0.9406038205232278,0.2552835225583052,5iter_status_quo
34,3201.231578453541,2918.5972317087617,status_quo,scenario_44,2391,100,3201.231578453541,1.9207389470721248,1.2206596535795742,2.636219001842951,0.7154800547708267,5iter_status_quo
35,1834.4909824602885,2973.643605078896,status_quo,scenario_44,2391,87,1834.4909824602885,1.2651661948001989,1.243681976193599,1.7543885213520167,0.4892223265518178,5iter_status_quo
36,3652.46808775102,0.0,status_quo,scenario_44,3250,99,3652.46808775102,2.2136170228794056,0.0,2.2136170228794056,0.0,5iter_status_quo
37,2087.5000694047385,0.0,status_quo,scenario_44,3383,100,2087.5000694047385,1.252500041642843,0.0,1.252500041642843,0.0,5iter_status_quo
38,2.9651927315463684,0.0,status_quo,scenario_44,3383,100,2.9651927315463684,0.0017791156389278,0.0,0.0017791156389278,0.0,5iter_status_quo
39,429.0603753941272,0.0,status_quo,scenario_44,3325,120,429.0603753941272,0.2145301876970635,0.0,0.2145301876970635,0.0,5iter_status_quo
40,4272.879103330798,0.0,status_quo,scenario_44,3083,116,4272.879103330798,2.2101098810331714,0.0,2.2101098810331714,0.0,5iter_status_quo
41,424.7698655376553,0.0,status_quo,scenario_44,1239,92,424.7698655376553,0.2770238253506447,0.0,0.2770238253506447,0.0,5iter_status_quo
42,5584.246522656695,0.0,status_quo,scenario_44,2333,119,5584.246522656695,2.815586482011779,0.0,2.815586482011779,0.0,5iter_status_quo
43,5376.107615468753,0.0,status_quo,scenario_44,2333,119,5376.107615468753,2.710642495194329,0.0,2.710642495194329,0.0,5iter_status_quo
44,4705.268039949857,0.0,status_quo,scenario_44,2335,118,4705.268039949857,2.3925091728558594,0.0,2.3925091728558594,0.0,5iter_status_quo
45,5931.50774269518,0.0,status_quo,scenario_44,2333,120,5931.50774269518,2.96575387134759,0.0,2.96575387134759,0.0,5iter_status_quo
46,3019.908646687248,0.0,status_quo,scenario_44,2338,118,3019.908646687248,1.5355467695019904,0.0,1.5355467695019904,0.0,5iter_status_quo
47,1923.2122059320616,0.0,status_quo,scenario_44,2391,88,1923.2122059320616,1.311281049499133,0.0,1.311281049499133,0.0,5iter_status_quo
48,661.9150670575519,0.0,status_quo,scenario_44,2333,119,661.9150670575519,0.3337386892727152,0.0,0.3337386892727152,0.0,5iter_status_quo
49,3086.7798993936267,0.0,status_quo,scenario_44,2333,120,3086.7798993936267,1.543389949696813,0.0,1.543389949696813,0.0,5iter_status_quo
50,60.406023075776496,0.0,status_quo,scenario_44,1516,109,60.406023075776496,0.0332510218765742,0.0,0.0332510218765742,0.0,5iter_status_quo
51,89.83860284702587,0.0,status_quo,scenario_44,2333,120,89.83860284702587,0.0449193014235129,0.0,0.0449193014235129,0.0,5iter_status_quo
52,161.90388362602724,0.0,status_quo,scenario_44,1516,109,161.90388362602724,0.0891214038308406,0.0,0.0891214038308406,0.0,5iter_status_quo
53,666.8849192453416,0.0,status_quo,scenario_44,1169,105,666.8849192453416,0.3810770967116238,0.0,0.3810770967116238,0.0,5iter_status_quo
54,224.7870581054576,0.0,status_quo,scenario_44,2333,120,224.7870581054576,0.1123935290527288,0.0,0.1123935290527288,0.0,5iter_status_quo
55,3897.802473376,0.0,status_quo,scenario_44,2333,120,3897.8024733759994,1.948901236687999,0.0,1.948901236687999,0.0,5iter_status_quo
56,2953.672126356878,0.0,status_quo,scenario_44,2186,118,2953.672126356878,1.5018671828933277,0.0,1.5018671828933277,0.0,5iter_status_quo
57,1607.524113232189,0.0,status_quo,scenario_44,2391,99,1607.524113232189,0.9742570383225386,0.0,0.9742570383225386,0.0,5iter_status_quo
58,980.986779978202,0.0,status_quo,scenario_44,2391,100,980.986779978202,0.5885920679869212,0.0,0.5885920679869212,0.0,5iter_status_quo
59,1517.319045671118,2918.5972317087617,status_quo,scenario_44,2391,100,1517.319045671118,0.9103914274026708,1.2206596535795742,1.2495145077847625,0.3391230803820916,5iter_status_quo
60,3341.26037136498,2918.5972317087617,status_quo,scenario_44,2338,118,3341.26037136498,1.6989459515415155,1.248330723570899,2.3608253908642456,0.6618794393227301,5iter_status_quo
61,8361.831024084971,2918.5972317087617,status_quo,scenario_44,2333,120,8361.831024084971,4.1809155120424855,1.2510061001752086,5.816715704347263,1.6358001923047771,5iter_status_quo
62,2086.0938139797604,2918.5972317087617,status_quo,scenario_44,2333,120,2086.0938139797604,1.0430469069898802,1.2510061001752086,1.4511432500330377,0.4080963430431574,5iter_status_quo
63,5114.75070314698,2918.5972317087617,status_quo,scenario_44,2333,119,5114.75070314698,2.578865900746377,1.2510061001752086,3.5878576692282764,1.0089917684819,5iter_status_quo
64,2948.5542693597213,2918.5972317087617,status_quo,scenario_44,2335,118,2948.5542693597213,1.499264882725282,1.2499345746076067,2.084853922898456,0.5855890401731736,5iter_status_quo
65,2912.9705151237267,2918.5972317087617,status_quo,scenario_44,2333,120,2912.9705151237267,1.4564852575618634,1.2510061001752086,2.026341036169752,0.5698557786078882,5iter_status_quo
66,3047.1705599093475,2918.5972317087617,status_quo,scenario_44,2333,120,3047.1705599093475,1.523585279954674,1.2510061001752086,2.1196942151302234,0.5961089351755495,5iter_status_quo
67,4872.77147040362,2918.5972317087617,status_quo,scenario_44,2333,120,4872.77147040362,2.4363857352018097,1.2510061001752086,3.38963155963722,0.9532458244354104,5iter_status_quo
68,8865.80644588534,2918.5972317087617,status_quo,scenario_44,2335,119,8865.80644588534,4.470154510530423,1.2499345746076067,6.216125832481905,1.7459713219514814,5iter_status_quo
69,263.4135778567169,0.0,status_quo,scenario_44,2333,119,263.4135778567169,0.1328135686672522,0.0,0.1328135686672522,0.0,5iter_status_quo
70,5513.998529520909,0.0,status_quo,scenario_44,2333,119,5513.998529520909,2.7801673258088617,0.0,2.7801673258088617,0.0,5iter_status_quo
71,3232.558652026233,0.0,status_quo,scenario_44,2333,120,3232.558652026233,1.6162793260131163,0.0,1.6162793260131163,0.0,5iter_status_quo
72,113.6803311893096,0.0,status_quo,scenario_44,2333,120,113.6803311893096,0.0568401655946548,0.0,0.0568401655946548,0.0,5iter_status_quo
73,1949.3522223086493,543.5239998831034,status_quo,scenario_44,2881,79,1949.3522223086495,1.4805206751711264,0.1886581047841386,1.4936943039085189,0.0131736287373924,5iter_status_quo
74,802.4785240978157,257.3646478775894,status_quo,scenario_44,1289,80,802.4785240978157,0.6018588930733618,0.1996622559174471,0.6078571717398,0.0059982786664382,5iter_status_quo
75,1790.6201179575862,0.0,status_quo,scenario_44,729,80,1790.6201179575862,1.3429650884681896,0.0,1.3429650884681896,0.0,5iter_status_quo
76,550.4281597313835,953.2492753286604,status_quo,scenario_44,2391,79,550.4281597313835,0.4180467035934558,0.3986822565155418,0.4346585775523013,0.0166118739588455,5iter_status_quo
77,1011.8689371854967,833.0216545400068,status_quo,scenario_44,2391,93,1011.8689371854967,0.6528186691519334,0.3483988517524077,0.6726287388916339,0.0198100697397004,5iter_status_quo
78,1190.0072044742778,677.761979122482,status_quo,scenario_44,2391,100,1190.0072044742778,0.7140043226845667,0.2834638139366298,0.7283471940037195,0.0143428713191527,5iter_status_quo
79,656.5663213618884,646.3112827372205,status_quo,scenario_44,2391,99,656.5663213618884,0.3979189826435687,0.2703100304212549,0.4051877202077526,0.0072687375641838,5iter_status_quo
80,381.9039017049991,49.441008148847466,status_quo,scenario_44,2391,100,381.9039017049991,0.2291423410229994,0.0206779624210989,0.2291668350864126,2.4494063413205147e-05,5iter_status_quo
81,269.29106997647665,3105.188022003377,status_quo,scenario_44,2391,80,269.29106997647665,0.2019683024823575,1.2986984617329054,0.28712913065645,0.0851608281740925,5iter_status_quo
82,1362.7606945394907,3126.8022494394727,status_quo,scenario_44,3013,80,1362.7606945394907,1.022070520904618,1.037770411363914,1.297254685606382,0.2751841647017639,5iter_status_quo
83,2095.9886952448405,3177.449074907569,status_quo,scenario_44,3262,80,2095.9886952448405,1.5719915214336304,0.9740800352261094,1.944880452855296,0.3728889314216654,5iter_status_quo
84,1676.4231695514936,3159.9585017593377,status_quo,scenario_44,3021,80,1676.4231695514936,1.25731737716362,1.0459975179607208,1.6012285098918304,0.3439111327282103,5iter_status_quo
85,910.3365754780752,944.1639213599244,status_quo,scenario_44,729,100,910.3365754780752,0.5462019452868451,1.2951494120163571,0.7752533695731135,0.2290514242862684,5iter_status_quo
86,2224.3324582106734,944.1639213599244,status_quo,scenario_44,729,99,2224.3324582106734,1.3480802777034384,1.2951494120163571,1.9134017862126056,0.5653215085091672,5iter_status_quo
87,794.1532861069165,1142.9723920569909,status_quo,scenario_44,729,100,794.1532861069165,0.4764919716641499,1.5678633635898367,0.7693195799997732,0.2928276083356232,5iter_status_quo
88,2951.1891622424446,1198.7724871849423,status_quo,scenario_44,1404,100,2951.1891622424446,1.7707134973454668,0.8538265578240329,2.0934347932160517,0.3227212958705845,5iter_status_quo
89,2140.272239606062,1476.0762490889638,status_quo,scenario_44,2391,100,2140.272239606062,1.2841633437636373,0.6173468210326072,1.4065174953168482,0.1223541515532109,5iter_status_quo
90,1395.0130328637335,1658.9403895312562,status_quo,scenario_44,2391,99,1395.0130328637335,0.8454624441598385,0.6938270136057115,0.9472129879592436,0.101750543799405,5iter_status_quo
91,4008.729740907578,1744.1747889371604,status_quo,scenario_44,2391,100,4008.729740907578,2.4052378445445464,0.7294750267407614,2.725214941877101,0.3199770973325542,5iter_status_quo
92,2550.193392452562,3094.627896777081,status_quo,scenario_44,2166,97,2550.193392452562,1.577439211826327,1.428729407560979,2.38243314767881,0.8049939358524829,5iter_status_quo
93,970.6857419960515,3188.672070965032,status_quo,scenario_44,3061,87,970.6857419960515,0.6694384427558976,1.0417092685282692,0.8510500966668916,0.181611653910994,5iter_status_quo
94,3121.847228370543,3187.672785490678,status_quo,scenario_44,2333,120,3121.847228370543,1.5609236141852714,1.3663406710204364,2.289440548395712,0.7285169342104405,5iter_status_quo
95,1906.501637835958,3195.699738318132,status_quo,scenario_44,2333,119,1906.501637835958,0.9612613300013236,1.369781285177082,1.4121651732273854,0.4509038432260619,5iter_status_quo
96,2437.745041650941,3201.641853898468,status_quo,scenario_44,2333,120,2437.745041650941,1.2188725208254705,1.372328269995057,1.792743568296243,0.5738710474707724,5iter_status_quo
97,1687.4477039097997,3208.068590393492,status_quo,scenario_44,2333,120,1687.4477039097997,0.8437238519548999,1.3750829791656631,1.2425633382149657,0.3988394862600656,5iter_status_quo
98,2007.6948653871616,3212.736943243661,status_quo,scenario_44,1536,108,2007.6948653871616,1.115386036326201,2.091625614090925,2.3353109902150684,1.2199249538888677,5iter_status_quo
99,426.5896754365461,15.05768925178951,status_quo,scenario_44,729,100,426.5896754365461,0.2559538052619277,0.02065526646336,0.2559811052968875,2.7300034959876207e-05,5iter_status_quo
100,1461.1312385017154,0.0,status_quo,scenario_44,2013,112,1461.1312385017154,0.7827488777687761,0.0,0.7827488777687761,0.0,5iter_status_quo
101,3181.077676394208,0.0,status_quo,scenario_44,2721,120,3181.077676394208,1.590538838197104,0.0,1.590538838197104,0.0,5iter_status_quo
102,5030.979565723924,260.0037762826881,status_quo,scenario_44,3324,119,5030.979565723924,2.536628352465844,0.0782201493028544,2.540508373966394,0.0038800215005498,5iter_status_quo
103,6088.671354567422,899.4703568879958,status_quo,scenario_44,3293,106,6088.671354567422,3.4464177478683524,0.2731461757935001,3.51070104972018,0.0642833018518271,5iter_status_quo
104,4526.605938756334,0.0,status_quo,scenario_44,729,96,4526.605938756334,2.8291287117227086,0.0,2.8291287117227086,0.0,5iter_status_quo
105,2027.6844882076089,0.0,status_quo,scenario_44,729,100,2027.6844882076089,1.2166106929245653,0.0,1.2166106929245653,0.0,5iter_status_quo
106,2361.841828044352,0.0,status_quo,scenario_44,729,99,2361.841828044352,1.4314192897238494,0.0,1.4314192897238494,0.0,5iter_status_quo
107,1832.0017704127936,0.0,status_quo,scenario_44,729,100,1832.0017704127936,1.099201062247676,0.0,1.099201062247676,0.0,5iter_status_quo
108,3976.529508207863,0.0,status_quo,scenario_44,729,99,3976.529508207863,2.410017883762341,0.0,2.410017883762341,0.0,5iter_status_quo
109,3787.9535621091854,0.0,status_quo,scenario_44,729,99,3787.9535621091854,2.2957294315813246,0.0,2.2957294315813246,0.0,5iter_status_quo
110,2664.418268404272,0.0,status_quo,scenario_44,729,88,2664.418268404272,1.816648819366549,0.0,1.816648819366549,0.0,5iter_status_quo
111,2236.141648525741,0.0,status_quo,scenario_44,729,90,2236.141648525741,1.4907610990171607,0.0,1.4907610990171607,0.0,5iter_status_quo
112,6295.230880371994,0.0,status_quo,scenario_44,729,85,6295.230880371994,4.443692386144937,0.0,4.443692386144937,0.0,5iter_status_quo
113,1386.837480073949,0.0,status_quo,scenario_44,2347,110,1386.837480073949,0.7564568073130633,0.0,0.7564568073130633,0.0,5iter_status_quo
114,4482.098099171079,0.0,status_quo,scenario_44,2333,120,4482.098099171079,2.2410490495855395,0.0,2.2410490495855395,0.0,5iter_status_quo
115,967.2338545450544,0.0,status_quo,scenario_44,2096,114,967.2338545450544,0.5090704497605549,0.0,0.5090704497605549,0.0,5iter_status_quo
116,6641.566474985803,0.0,status_quo,scenario_44,2339,115,6641.566474985803,3.465165117383897,0.0,3.465165117383897,0.0,5iter_status_quo
117,2900.4197279862065,0.0,status_quo,scenario_44,2333,120,2900.4197279862065,1.4502098639931031,0.0,1.4502098639931031,0.0,5iter_status_quo
118,7150.926141131028,0.0,status_quo,scenario_44,2334,118,7150.926141131028,3.6360641395581497,0.0,3.6360641395581497,0.0,5iter_status_quo
119,138.61280402907454,0.0,status_quo,scenario_44,2139,117,138.61280402907454,0.0710834892456792,0.0,0.0710834892456792,0.0,5iter_status_quo
120,4646.296659299301,0.0,status_quo,scenario_44,2333,120,4646.296659299301,2.3231483296496505,0.0,2.3231483296496505,0.0,5iter_status_quo
121,6375.642888146268,0.0,status_quo,scenario_44,2333,119,6375.642888146268,3.214609859569547,0.0,3.214609859569547,0.0,5iter_status_quo
122,9246.570828344114,0.0,status_quo,scenario_44,2333,120,9246.570828344114,4.623285414172058,0.0,4.623285414172058,0.0,5iter_status_quo
123,1534.8660954570962,0.0,status_quo,scenario_44,2348,109,1534.8660954570962,0.8448804195176677,0.0,0.8448804195176677,0.0,5iter_status_quo
124,1877.417300305622,1090.9843770704708,status_quo,scenario_44,729,79,1877.417300305622,1.425886557194143,1.496549214088437,2.224261668520537,0.7983751113263939,5iter_status_quo
126,1897.1851262924465,3030.686612418579,status_quo,scenario_44,1811,106,1897.1851262924465,1.0738783733730828,1.6734879140908774,1.8257440605781343,0.7518656872050518,5iter_status_quo
127,1483.4622208121002,2994.0555404478414,status_quo,scenario_44,2333,119,1483.4622208121002,0.7479641449472775,1.283349995905633,1.0559359903862624,0.3079718454389849,5iter_status_quo
128,1875.2605068342427,2947.248060853075,status_quo,scenario_44,1934,115,1875.2605068342427,0.9783967861743876,1.5239131648671536,1.546432272608433,0.5680354864340454,5iter_status_quo
129,3327.5142290398862,2918.5972317087617,status_quo,scenario_44,729,96,3327.5142290398862,2.079696393149929,4.003562732110784,10.413307367418582,8.333610974268653,5iter_status_quo
130,225.05482885543543,2918.5972317087617,status_quo,scenario_44,729,100,225.05482885543543,0.1350328973132612,4.003562732110784,0.6761270871400167,0.5410941898267554,5iter_status_quo
131,3113.508108488663,2918.5972317087617,status_quo,scenario_44,2339,118,3113.508108488663,1.583139716180676,1.2477970208246096,2.199375823712868,0.616236107532192,5iter_status_quo
132,1886.9484527400857,2918.5972317087617,status_quo,scenario_44,2343,113,1886.9484527400857,1.001919532428364,1.2456667655607176,1.3905855828845295,0.3886660504561654,5iter_status_quo
133,9519.946896653411,0.0,status_quo,scenario_44,2279,117,9519.946896653411,4.882024049565852,0.0,4.882024049565852,0.0,5iter_status_quo
134,162.64281702292567,0.0,status_quo,scenario_44,2335,118,162.64281702292567,0.0826997374692842,0.0,0.0826997374692842,0.0,5iter_status_quo
135,11699.839149833915,0.0,status_quo,scenario_44,2334,119,11699.839149833915,5.899078562941471,0.0,5.899078562941471,0.0,5iter_status_quo
136,2636.004394110598,0.0,status_quo,scenario_44,2335,118,2636.004394110598,1.3403412173443716,0.0,1.3403412173443716,0.0,5iter_status_quo
137,58.97222645443464,0.0,status_quo,scenario_44,1517,109,58.97222645443464,0.032461776029964,0.0,0.032461776029964,0.0,5iter_status_quo
138,6789.364867404183,0.0,status_quo,scenario_44,2333,120,6789.364867404183,3.394682433702092,0.0,3.394682433702092,0.0,5iter_status_quo
139,7798.900064235726,0.0,status_quo,scenario_44,2253,119,7798.900064235726,3.932218519782719,0.0,3.932218519782719,0.0,5iter_status_quo
140,2412.9461209653914,0.0,status_quo,scenario_44,729,94,2412.9461209653914,1.5401783750842923,0.0,1.5401783750842923,0.0,5iter_status_quo
141,2559.286814415442,0.0,status_quo,scenario_44,2238,106,2559.286814415442,1.4486529138200617,0.0,1.4486529138200617,0.0,5iter_status_quo
142,2445.4737403799013,0.0,status_quo,scenario_44,729,92,2445.4737403799013,1.5948741785086311,0.0,1.5948741785086311,0.0,5iter_status_quo
143,3171.1314226729214,0.0,status_quo,scenario_44,729,97,3171.1314226729214,1.9615245913440755,0.0,1.9615245913440755,0.0,5iter_status_quo
144,24.710247395683616,0.0,status_quo,scenario_44,729,100,24.710247395683616,0.0148261484374101,0.0,0.0148261484374101,0.0,5iter_status_quo
145,205.36392899365336,0.0,status_quo,scenario_44,729,100,205.36392899365336,0.123218357396192,0.0,0.123218357396192,0.0,5iter_status_quo
146,3089.813140762068,0.0,status_quo,scenario_44,729,98,3089.813140762068,1.891722331078817,0.0,1.891722331078817,0.0,5iter_status_quo
147,7546.426764537397,0.0,status_quo,scenario_44,1499,90,7546.426764537397,5.030951176358264,0.0,5.030951176358264,0.0,5iter_status_quo
148,7642.263383915135,0.0,status_quo,scenario_44,2123,96,7642.263383915135,4.77641461494696,0.0,4.77641461494696,0.0,5iter_status_quo
149,23430.110217879137,0.0,status_quo,scenario_44,2339,107,23430.110217879137,13.138379561427554,0.0,13.138379561427554,0.0,5iter_status_quo
150,615.6253856732188,0.0,status_quo,scenario_44,1273,106,615.6253856732188,0.348467199437671,0.0,0.348467199437671,0.0,5iter_status_quo
151,3933.61599115291,0.0,status_quo,scenario_44,2171,114,3933.61599115291,2.0703242058699525,0.0,2.0703242058699525,0.0,5iter_status_quo
152,2229.1270243173267,0.0,status_quo,scenario_44,2391,95,2229.1270243173267,1.4078696995688382,0.0,1.4078696995688382,0.0,5iter_status_quo
153,2110.272848365732,0.0,status_quo,scenario_44,2391,89,2110.272848365732,1.4226558528308306,0.0,1.4226558528308306,0.0,5iter_status_quo
154,4371.245634827746,0.0,status_quo,scenario_44,2391,100,4371.245634827746,2.6227473808966475,0.0,2.6227473808966475,0.0,5iter_status_quo
155,5706.035925528771,0.0,status_quo,scenario_44,2237,117,5706.035925528771,2.926172269501934,0.0,2.926172269501934,0.0,5iter_status_quo
156,927.6132174427204,0.0,status_quo,scenario_44,1133,105,927.6132174427204,0.5300646956815545,0.0,0.5300646956815545,0.0,5iter_status_quo
157,7965.478607659928,0.0,status_quo,scenario_44,729,97,7965.478607659928,4.927100169686553,0.0,4.927100169686553,0.0,5iter_status_quo
158,4507.309332662633,0.0,status_quo,scenario_44,2247,114,4507.309332662633,2.372268069822438,0.0,2.372268069822438,0.0,5iter_status_quo
159,6341.623671310632,0.0,status_quo,scenario_44,2333,119,6341.623671310632,3.197457313265865,0.0,3.197457313265865,0.0,5iter_status_quo
160,256.2691180365969,0.0,status_quo,scenario_44,2333,119,256.2691180365969,0.1292113200184522,0.0,0.1292113200184522,0.0,5iter_status_quo
161,9348.916857720986,0.0,status_quo,scenario_44,2333,120,9348.916857720986,4.6744584288604925,0.0,4.6744584288604925,0.0,5iter_status_quo
162,3996.142575471632,0.0,status_quo,scenario_44,2333,120,3996.142575471632,1.998071287735816,0.0,1.998071287735816,0.0,5iter_status_quo
163,8177.201557824537,0.0,status_quo,scenario_44,2333,120,8177.201557824537,4.0886007789122685,0.0,4.0886007789122685,0.0,5iter_status_quo
164,6578.624943132748,0.0,status_quo,scenario_44,2333,120,6578.624943132748,3.2893124715663737,0.0,3.2893124715663737,0.0,5iter_status_quo
165,4481.499816312526,0.0,status_quo,scenario_44,2129,117,4481.499816312526,2.2982050340064237,0.0,2.2982050340064237,0.0,5iter_status_quo
166,4371.380928348,0.0,status_quo,scenario_44,729,100,4371.380928348,2.6228285570088,0.0,2.6228285570088,0.0,5iter_status_quo
167,2538.5998876238605,0.0,status_quo,scenario_44,1949,115,2538.5998876238605,1.3244868978907098,0.0,1.3244868978907098,0.0,5iter_status_quo
168,6709.510529003125,0.0,status_quo,scenario_44,2333,119,6709.510529003125,3.3829464852116597,0.0,3.3829464852116597,0.0,5iter_status_quo
169,9968.376672865634,0.0,status_quo,scenario_44,2271,118,9968.376672865634,5.068666104846932,0.0,5.068666104846932,0.0,5iter_status_quo
171,49865.043318396056,0.0,status_quo,scenario_44,1754,110,49865.043318396056,27.199114537306937,0.0,27.199114537306937,0.0,5iter_status_quo
172,619.3997546912561,0.0,status_quo,scenario_44,2200,100,619.3997546912561,0.3716398528147537,0.0,0.3716398528147537,0.0,5iter_status_quo
173,1910.9416835043069,0.0,status_quo,scenario_44,2200,100,1910.9416835043069,1.1465650101025842,0.0,1.1465650101025842,0.0,5iter_status_quo
174,6978.5477473254405,2918.5972317087617,status_quo,scenario_44,2200,100,6978.5477473254405,4.187128648395264,1.3266351053221643,6.029424117948416,1.842295469553152,5iter_status_quo
175,5286.2980122217705,2918.5972317087617,status_quo,scenario_44,2200,100,5286.2980122217705,3.1717788073330624,1.3266351053221643,4.567330321952488,1.3955515146194255,5iter_status_quo
176,4439.9389635413945,2918.5972317087617,status_quo,scenario_44,2200,100,4439.9389635413945,2.663963378124837,1.3266351053221643,3.8360810928398688,1.1721177147150317,5iter_status_quo
177,16886.709860095605,0.0,status_quo,scenario_44,2200,100,16886.709860095605,10.132025916057362,0.0,10.132025916057362,0.0,5iter_status_quo
178,6719.55714161299,3217.551487685965,status_quo,scenario_44,1000,80,6719.55714161299,5.039667856209742,3.217551487685965,18.083131560785645,13.043463704575904,5iter_status_quo
0,37236.74375509389,0.0,status_quo,scenario_44,2305,117,37236.74375509389,19.09576602825328,0.0,19.09576602825328,0.0,8iter_status_quo
1,10819.895495329189,0.0,status_quo,scenario_44,2351,107,10819.895495329189,6.0672311188761805,0.0,6.0672311188761805,0.0,8iter_status_quo
2,2123.634621150368,0.0,status_quo,scenario_44,2337,117,2123.634621150368,1.089043395461727,0.0,1.089043395461727,0.0,8iter_status_quo
3,779.8331461040191,0.0,status_quo,scenario_44,1998,102,779.8331461040191,0.4587253800611877,0.0,0.4587253800611877,0.0,8iter_status_quo
4,9409.23092441937,0.0,status_quo,scenario_44,2333,120,9409.23092441937,4.704615462209684,0.0,4.704615462209684,0.0,8iter_status_quo
5,9097.302692033603,0.0,status_quo,scenario_44,2333,120,9097.302692033603,4.548651346016802,0.0,4.548651346016802,0.0,8iter_status_quo
6,4378.276828732016,0.0,status_quo,scenario_44,2333,120,4378.276828732016,2.189138414366008,0.0,2.189138414366008,0.0,8iter_status_quo
7,3456.727321633321,0.0,status_quo,scenario_44,2333,120,3456.727321633321,1.7283636608166608,0.0,1.7283636608166608,0.0,8iter_status_quo
8,3587.030410135984,0.0,status_quo,scenario_44,2342,115,3587.030410135984,1.8714941270274696,0.0,1.8714941270274696,0.0,8iter_status_quo
9,7103.441939135965,0.0,status_quo,scenario_44,2190,116,7103.441939135965,3.6741941064496375,0.0,3.6741941064496375,0.0,8iter_status_quo
10,4529.7780642419175,0.0,status_quo,scenario_44,2333,120,4529.7780642419175,2.264889032120959,0.0,2.264889032120959,0.0,8iter_status_quo
11,10161.999278378476,0.0,status_quo,scenario_44,2333,120,10161.999278378476,5.080999639189237,0.0,5.080999639189237,0.0,8iter_status_quo
12,8351.740437819251,0.0,status_quo,scenario_44,2340,114,8351.740437819251,4.395652862010132,0.0,4.395652862010132,0.0,8iter_status_quo
13,6557.238504212162,0.0,status_quo,scenario_44,2333,120,6557.238504212162,3.2786192521060813,0.0,3.2786192521060813,0.0,8iter_status_quo
14,1618.3943928055903,0.0,status_quo,scenario_44,2333,119,1618.3943928055903,0.815997172843155,0.0,0.815997172843155,0.0,8iter_status_quo
15,2454.397749167046,0.0,status_quo,scenario_44,2347,110,2454.397749167046,1.3387624086365708,0.0,1.3387624086365708,0.0,8iter_status_quo
16,2707.6929544388604,0.0,status_quo,scenario_44,3174,98,2707.6929544388604,1.6577711965952209,0.0,1.6577711965952209,0.0,8iter_status_quo
17,3366.6204522024627,0.0,status_quo,scenario_44,3383,96,3366.6204522024627,2.1041377826265397,0.0,2.1041377826265397,0.0,8iter_status_quo
18,1792.8277013627728,0.0,status_quo,scenario_44,3383,100,1792.8277013627728,1.0756966208176637,0.0,1.0756966208176637,0.0,8iter_status_quo
19,5241.531215082299,0.0,status_quo,scenario_44,2340,114,5241.531215082299,2.7587006395169995,0.0,2.7587006395169995,0.0,8iter_status_quo
20,4259.587149128142,0.0,status_quo,scenario_44,2333,119,4259.587149128142,2.147690999560408,0.0,2.147690999560408,0.0,8iter_status_quo
21,4431.25231599406,0.0,status_quo,scenario_44,2239,117,4431.25231599406,2.272437085125159,0.0,2.272437085125159,0.0,8iter_status_quo
22,312.37327151232336,0.0,status_quo,scenario_44,2744,80,312.37327151232336,0.2342799536342425,0.0,0.2342799536342425,0.0,8iter_status_quo
23,10429.862112566574,0.0,status_quo,scenario_44,2465,100,10429.862112566574,6.257917267539945,0.0,6.257917267539945,0.0,8iter_status_quo
24,908.422568222344,0.0,status_quo,scenario_44,729,92,908.422568222344,0.5924495010145723,0.0,0.5924495010145723,0.0,8iter_status_quo
26,3097.519920748141,0.0,status_quo,scenario_44,3184,98,3097.519920748141,1.896440767804984,0.0,1.896440767804984,0.0,8iter_status_quo
27,1950.2102913634324,0.0,status_quo,scenario_44,3383,100,1950.2102913634324,1.1701261748180594,0.0,1.1701261748180594,0.0,8iter_status_quo
28,3094.2230215374693,0.0,status_quo,scenario_44,3235,100,3094.2230215374693,1.8565338129224815,0.0,1.8565338129224815,0.0,8iter_status_quo
29,2447.233413479223,2839.423778628626,status_quo,scenario_44,2391,98,2447.233413479223,1.4983061715178918,1.1875465406225956,2.026559028809716,0.5282528572918244,8iter_status_quo
30,2208.921363389983,2839.423778628626,status_quo,scenario_44,2608,99,2208.921363389983,1.3387402202363534,1.0887361114373566,1.7354579187260233,0.3967176984896698,8iter_status_quo
31,782.2308016477537,2839.423778628626,status_quo,scenario_44,2746,99,782.2308016477537,0.4740792737259113,1.0340217693476426,0.6008007844220042,0.1267215106960929,8iter_status_quo
32,4235.803391000821,2839.423778628626,status_quo,scenario_44,2391,86,4235.803391000821,2.9552116681401075,1.1875465406225956,3.99712088354142,1.0419092154013123,8iter_status_quo
33,1142.2004966082045,2839.423778628626,status_quo,scenario_44,2391,100,1142.2004966082045,0.6853202979649226,1.1875465406225956,0.9269414114876016,0.2416211135226789,8iter_status_quo
34,3201.231578453541,2839.423778628626,status_quo,scenario_44,2391,100,3201.231578453541,1.9207389470721248,1.1875465406225956,2.597927532549712,0.6771885854775872,8iter_status_quo
35,1834.4909824602885,2906.332708086465,status_quo,scenario_44,2391,87,1834.4909824602885,1.2651661948001989,1.2155301999525157,1.732491280760044,0.467325085959845,8iter_status_quo
36,3652.46808775102,0.0,status_quo,scenario_44,3250,99,3652.46808775102,2.2136170228794056,0.0,2.2136170228794056,0.0,8iter_status_quo
37,2087.5000694047385,0.0,status_quo,scenario_44,3383,100,2087.5000694047385,1.252500041642843,0.0,1.252500041642843,0.0,8iter_status_quo
38,2.9651927315463684,0.0,status_quo,scenario_44,3383,100,2.9651927315463684,0.0017791156389278,0.0,0.0017791156389278,0.0,8iter_status_quo
39,429.0603753941272,0.0,status_quo,scenario_44,3325,120,429.0603753941272,0.2145301876970635,0.0,0.2145301876970635,0.0,8iter_status_quo
40,4272.879103330798,0.0,status_quo,scenario_44,3083,116,4272.879103330798,2.2101098810331714,0.0,2.2101098810331714,0.0,8iter_status_quo
41,424.7698655376553,0.0,status_quo,scenario_44,1239,92,424.7698655376553,0.2770238253506447,0.0,0.2770238253506447,0.0,8iter_status_quo
42,5584.246522656695,0.0,status_quo,scenario_44,2333,119,5584.246522656695,2.815586482011779,0.0,2.815586482011779,0.0,8iter_status_quo
43,5376.107615468753,0.0,status_quo,scenario_44,2333,119,5376.107615468753,2.710642495194329,0.0,2.710642495194329,0.0,8iter_status_quo
44,4705.268039949857,0.0,status_quo,scenario_44,2335,118,4705.268039949857,2.3925091728558594,0.0,2.3925091728558594,0.0,8iter_status_quo
45,5931.50774269518,0.0,status_quo,scenario_44,2333,120,5931.50774269518,2.96575387134759,0.0,2.96575387134759,0.0,8iter_status_quo
46,3019.908646687248,0.0,status_quo,scenario_44,2338,118,3019.908646687248,1.5355467695019904,0.0,1.5355467695019904,0.0,8iter_status_quo
47,1923.2122059320616,0.0,status_quo,scenario_44,2391,88,1923.2122059320616,1.311281049499133,0.0,1.311281049499133,0.0,8iter_status_quo
48,661.9150670575519,0.0,status_quo,scenario_44,2333,119,661.9150670575519,0.3337386892727152,0.0,0.3337386892727152,0.0,8iter_status_quo
49,3086.7798993936267,0.0,status_quo,scenario_44,2333,120,3086.7798993936267,1.543389949696813,0.0,1.543389949696813,0.0,8iter_status_quo
50,60.406023075776496,0.0,status_quo,scenario_44,1516,109,60.406023075776496,0.0332510218765742,0.0,0.0332510218765742,0.0,8iter_status_quo
51,89.83860284702587,0.0,status_quo,scenario_44,2333,120,89.83860284702587,0.0449193014235129,0.0,0.0449193014235129,0.0,8iter_status_quo
52,161.90388362602724,0.0,status_quo,scenario_44,1516,109,161.90388362602724,0.0891214038308406,0.0,0.0891214038308406,0.0,8iter_status_quo
53,666.8849192453416,0.0,status_quo,scenario_44,1169,105,666.8849192453416,0.3810770967116238,0.0,0.3810770967116238,0.0,8iter_status_quo
54,224.7870581054576,0.0,status_quo,scenario_44,2333,120,224.7870581054576,0.1123935290527288,0.0,0.1123935290527288,0.0,8iter_status_quo
55,3897.802473376,0.0,status_quo,scenario_44,2333,120,3897.8024733759994,1.948901236687999,0.0,1.948901236687999,0.0,8iter_status_quo
56,2953.672126356878,0.0,status_quo,scenario_44,2186,118,2953.672126356878,1.5018671828933277,0.0,1.5018671828933277,0.0,8iter_status_quo
57,1607.524113232189,0.0,status_quo,scenario_44,2391,99,1607.524113232189,0.9742570383225386,0.0,0.9742570383225386,0.0,8iter_status_quo
58,980.986779978202,0.0,status_quo,scenario_44,2391,100,980.986779978202,0.5885920679869212,0.0,0.5885920679869212,0.0,8iter_status_quo
59,1517.319045671118,2839.423778628626,status_quo,scenario_44,2391,100,1517.319045671118,0.9103914274026708,1.1875465406225956,1.2313651255168825,0.3209736981142114,8iter_status_quo
60,3341.26037136498,2839.423778628626,status_quo,scenario_44,2338,118,3341.26037136498,1.6989459515415155,1.2144669711841858,2.325402549853296,0.6264565983117802,8iter_status_quo
61,8361.831024084971,2839.423778628626,status_quo,scenario_44,2333,120,8361.831024084971,4.1809155120424855,1.2170697722368735,5.729170017481712,1.5482545054392265,8iter_status_quo
62,2086.0938139797604,2839.423778628626,status_quo,scenario_44,2333,120,2086.0938139797604,1.0430469069898802,1.2170697722368735,1.429302517389099,0.3862556103992187,8iter_status_quo
63,5114.75070314698,2839.423778628626,status_quo,scenario_44,2333,119,5114.75070314698,2.578865900746377,1.2170697722368735,3.533857872780657,0.9549919720342804,8iter_status_quo
64,2948.5542693597213,2839.423778628626,status_quo,scenario_44,2335,118,2948.5542693597213,1.499264882725282,1.2160273141878486,2.053514034943884,0.5542491522186019,8iter_status_quo
65,2912.9705151237267,2839.423778628626,status_quo,scenario_44,2333,120,2912.9705151237267,1.4564852575618634,1.2170697722368735,1.9958431698733556,0.539357912311492,8iter_status_quo
66,3047.1705599093475,2839.423778628626,status_quo,scenario_44,2333,120,3047.1705599093475,1.523585279954674,1.2170697722368735,2.087791317440068,0.5642060374853943,8iter_status_quo
67,4872.77147040362,2839.423778628626,status_quo,scenario_44,2333,120,4872.77147040362,2.4363857352018097,1.2170697722368735,3.338615206390352,0.902229471188542,8iter_status_quo
68,8865.80644588534,2839.423778628626,status_quo,scenario_44,2335,119,8865.80644588534,4.470154510530423,1.2160273141878486,6.122683944318026,1.6525294337876026,8iter_status_quo
69,263.4135778567169,0.0,status_quo,scenario_44,2333,119,263.4135778567169,0.1328135686672522,0.0,0.1328135686672522,0.0,8iter_status_quo
70,5513.998529520909,0.0,status_quo,scenario_44,2333,119,5513.998529520909,2.7801673258088617,0.0,2.7801673258088617,0.0,8iter_status_quo
71,3232.558652026233,0.0,status_quo,scenario_44,2333,120,3232.558652026233,1.6162793260131163,0.0,1.6162793260131163,0.0,8iter_status_quo
72,113.6803311893096,0.0,status_quo,scenario_44,2333,120,113.6803311893096,0.0568401655946548,0.0,0.0568401655946548,0.0,8iter_status_quo
73,1949.3522223086493,544.05004312546,status_quo,scenario_44,2881,79,1949.3522223086495,1.4805206751711264,0.188840695288254,1.493719816128351,0.0131991409572245,8iter_status_quo
74,802.4785240978157,257.65260507014153,status_quo,scenario_44,1289,80,802.4785240978157,0.6018588930733618,0.1998856517223751,0.6078706018187215,0.0060117087453597,8iter_status_quo
75,1790.6201179575862,0.0,status_quo,scenario_44,729,80,1790.6201179575862,1.3429650884681896,0.0,1.3429650884681896,0.0,8iter_status_quo
76,550.4281597313835,956.1680323945484,status_quo,scenario_44,2391,79,550.4281597313835,0.4180467035934558,0.399902983017377,0.4347604611949331,0.0167137576014773,8iter_status_quo
77,1011.8689371854967,835.4189889062602,status_quo,scenario_44,2391,93,1011.8689371854967,0.6528186691519334,0.3494015010063823,0.6727429248744059,0.0199242557224724,8iter_status_quo
78,1190.0072044742778,679.7718412966559,status_quo,scenario_44,2391,100,1190.0072044742778,0.7140043226845667,0.2843044087397139,0.7284323859680787,0.0144280632835119,8iter_status_quo
79,656.5663213618884,647.1878449238368,status_quo,scenario_44,2391,99,656.5663213618884,0.3979189826435687,0.2706766394495344,0.4052074500851342,0.0072884674415654,8iter_status_quo
80,381.9039017049991,50.230058767495954,status_quo,scenario_44,2391,100,381.9039017049991,0.2291423410229994,0.0210079710445403,0.229167623148027,2.5282125027531462e-05,8iter_status_quo
81,269.29106997647665,3066.579534503376,status_quo,scenario_44,2391,80,269.29106997647665,0.2019683024823575,1.282551039106389,0.2850245943557327,0.0830562918733751,8iter_status_quo
82,1362.7606945394907,3092.2874665970444,status_quo,scenario_44,3013,80,1362.7606945394907,1.022070520904618,1.026315123331246,1.291213049345293,0.2691425284406745,8iter_status_quo
83,2095.9886952448405,3154.6572097182725,status_quo,scenario_44,3262,80,2095.9886952448405,1.5719915214336304,0.9670929520902124,1.9395501687461756,0.3675586473125449,8iter_status_quo
84,1676.4231695514936,3133.4275486679417,status_quo,scenario_44,3021,80,1676.4231695514936,1.25731737716362,1.0372153421608543,1.5954778100396396,0.3381604328760195,8iter_status_quo
85,910.3365754780752,944.2554548006624,status_quo,scenario_44,729,100,910.3365754780752,0.5462019452868451,1.295274972291718,0.7752977832194747,0.2290958379326296,8iter_status_quo
86,2224.3324582106734,944.2554548006624,status_quo,scenario_44,729,99,2224.3324582106734,1.3480802777034384,1.295274972291718,1.9135114034727363,0.5654311257692979,8iter_status_quo
87,794.1532861069165,1143.297665633026,status_quo,scenario_44,729,100,794.1532861069165,0.4764919716641499,1.568309555052162,0.769486272803991,0.292994301139841,8iter_status_quo
88,2951.1891622424446,1199.2806053705615,status_quo,scenario_44,1404,100,2951.1891622424446,1.7707134973454668,0.8541884653636478,2.0937084319822303,0.3229949346367635,8iter_status_quo
89,2140.272239606062,1476.9762740351175,status_quo,scenario_44,2391,100,2140.272239606062,1.2841633437636373,0.6177232430092503,1.4066667496140346,0.1225034058503973,8iter_status_quo
90,1395.0130328637335,1660.3286667019515,status_quo,scenario_44,2391,99,1395.0130328637335,0.8454624441598385,0.6944076397749692,0.9473833582311508,0.1019209140713123,8iter_status_quo
91,4008.729740907578,1745.8549793546124,status_quo,scenario_44,2391,100,4008.729740907578,2.4052378445445464,0.7301777412608166,2.72583171653311,0.3205938719885637,8iter_status_quo
92,2550.193392452562,3052.1646660426286,status_quo,scenario_44,2166,97,2550.193392452562,1.577439211826327,1.4091249612385173,2.36049311212255,0.7830539002962229,8iter_status_quo
93,970.6857419960515,3167.943478013971,status_quo,scenario_44,3061,87,970.6857419960515,0.6694384427558976,1.0349374315628783,0.8486965665127696,0.179258123756872,8iter_status_quo
94,3121.847228370543,3167.291644405026,status_quo,scenario_44,2333,120,3121.847228370543,1.5609236141852714,1.357604648266192,2.280154438878076,0.7192308246928043,8iter_status_quo
95,1906.501637835958,3177.2256757363657,status_quo,scenario_44,2333,119,1906.501637835958,0.9612613300013236,1.3618626985582365,1.406966970066616,0.4457056400652923,8iter_status_quo
96,2437.745041650941,3184.5201612567125,status_quo,scenario_44,2333,120,2437.745041650941,1.2188725208254705,1.3649893533033488,1.786622102234485,0.5677495814090145,8iter_status_quo
97,1687.4477039097997,3191.776314869792,status_quo,scenario_44,2333,120,1687.4477039097997,0.8437238519548999,1.3680995777410163,1.2385225875494552,0.3947987355945553,8iter_status_quo
98,2007.6948653871616,3197.1696868749177,status_quo,scenario_44,1536,108,2007.6948653871616,1.115386036326201,2.081490681559192,2.3235173856617948,1.208131349335594,8iter_status_quo
99,426.5896754365461,14.750529596075353,status_quo,scenario_44,729,100,426.5896754365461,0.2559538052619277,0.0202339226283612,0.2559800028777576,2.6197615829892665e-05,8iter_status_quo
100,1461.1312385017154,0.0,status_quo,scenario_44,2013,112,1461.1312385017154,0.7827488777687761,0.0,0.7827488777687761,0.0,8iter_status_quo
101,3181.077676394208,0.0,status_quo,scenario_44,2721,120,3181.077676394208,1.590538838197104,0.0,1.590538838197104,0.0,8iter_status_quo
102,5030.979565723924,260.5626838355145,status_quo,scenario_44,3324,119,5030.979565723924,2.536628352465844,0.0783882923692883,2.5405250729863065,0.0038967205204625,8iter_status_quo
103,6088.671354567422,900.2168263547504,status_quo,scenario_44,3293,106,6088.671354567422,3.4464177478683524,0.2733728595064532,3.510807791278149,0.0643900434097961,8iter_status_quo
104,4526.605938756334,0.0,status_quo,scenario_44,729,96,4526.605938756334,2.8291287117227086,0.0,2.8291287117227086,0.0,8iter_status_quo
105,2027.6844882076089,0.0,status_quo,scenario_44,729,100,2027.6844882076089,1.2166106929245653,0.0,1.2166106929245653,0.0,8iter_status_quo
106,2361.841828044352,0.0,status_quo,scenario_44,729,99,2361.841828044352,1.4314192897238494,0.0,1.4314192897238494,0.0,8iter_status_quo
107,1832.0017704127936,0.0,status_quo,scenario_44,729,100,1832.0017704127936,1.099201062247676,0.0,1.099201062247676,0.0,8iter_status_quo
108,3976.529508207863,0.0,status_quo,scenario_44,729,99,3976.529508207863,2.410017883762341,0.0,2.410017883762341,0.0,8iter_status_quo
109,3787.9535621091854,0.0,status_quo,scenario_44,729,99,3787.9535621091854,2.2957294315813246,0.0,2.2957294315813246,0.0,8iter_status_quo
110,2664.418268404272,0.0,status_quo,scenario_44,729,88,2664.418268404272,1.816648819366549,0.0,1.816648819366549,0.0,8iter_status_quo
111,2236.141648525741,0.0,status_quo,scenario_44,729,90,2236.141648525741,1.4907610990171607,0.0,1.4907610990171607,0.0,8iter_status_quo
112,6295.230880371994,0.0,status_quo,scenario_44,729,85,6295.230880371994,4.443692386144937,0.0,4.443692386144937,0.0,8iter_status_quo
113,1386.837480073949,0.0,status_quo,scenario_44,2347,110,1386.837480073949,0.7564568073130633,0.0,0.7564568073130633,0.0,8iter_status_quo
114,4482.098099171079,0.0,status_quo,scenario_44,2333,120,4482.098099171079,2.2410490495855395,0.0,2.2410490495855395,0.0,8iter_status_quo
115,967.2338545450544,0.0,status_quo,scenario_44,2096,114,967.2338545450544,0.5090704497605549,0.0,0.5090704497605549,0.0,8iter_status_quo
116,6641.566474985803,0.0,status_quo,scenario_44,2339,115,6641.566474985803,3.465165117383897,0.0,3.465165117383897,0.0,8iter_status_quo
117,2900.4197279862065,0.0,status_quo,scenario_44,2333,120,2900.4197279862065,1.4502098639931031,0.0,1.4502098639931031,0.0,8iter_status_quo
118,7150.926141131028,0.0,status_quo,scenario_44,2334,118,7150.926141131028,3.6360641395581497,0.0,3.6360641395581497,0.0,8iter_status_quo
119,138.61280402907454,0.0,status_quo,scenario_44,2139,117,138.61280402907454,0.0710834892456792,0.0,0.0710834892456792,0.0,8iter_status_quo
120,4646.296659299301,0.0,status_quo,scenario_44,2333,120,4646.296659299301,2.3231483296496505,0.0,2.3231483296496505,0.0,8iter_status_quo
121,6375.642888146268,0.0,status_quo,scenario_44,2333,119,6375.642888146268,3.214609859569547,0.0,3.214609859569547,0.0,8iter_status_quo
122,9246.570828344114,0.0,status_quo,scenario_44,2333,120,9246.570828344114,4.623285414172058,0.0,4.623285414172058,0.0,8iter_status_quo
123,1534.8660954570962,0.0,status_quo,scenario_44,2348,109,1534.8660954570962,0.8448804195176677,0.0,0.8448804195176677,0.0,8iter_status_quo
124,1877.417300305622,1091.0285746218128,status_quo,scenario_44,729,79,1877.417300305622,1.425886557194143,1.4966098417308815,2.2243263567790783,0.7984397995849353,8iter_status_quo
126,1897.1851262924465,2975.0544608564096,status_quo,scenario_44,1811,106,1897.1851262924465,1.0738783733730828,1.6427688905888511,1.7983944803314806,0.7245161069583979,8iter_status_quo
127,1483.4622208121002,2930.428614081577,status_quo,scenario_44,2333,119,1483.4622208121002,0.7479641449472775,1.2560774170945466,1.04298560188134,0.2950214569340624,8iter_status_quo
128,1875.2605068342427,2873.785094719021,status_quo,scenario_44,1934,115,1875.2605068342427,0.9783967861743876,1.4859281772073532,1.518467543353142,0.5400707571787545,8iter_status_quo
129,3327.5142290398862,2839.423778628626,status_quo,scenario_44,729,96,3327.5142290398862,2.079696393149929,3.894957172330077,9.967304426323008,7.887608033173079,8iter_status_quo
130,225.05482885543543,2839.423778628626,status_quo,scenario_44,729,100,225.05482885543543,0.1350328973132612,3.894957172330077,0.6471684999420297,0.5121356026287684,8iter_status_quo
131,3113.508108488663,2839.423778628626,status_quo,scenario_44,2339,118,3113.508108488663,1.583139716180676,1.213947746314077,2.1663957485429006,0.5832560323622247,8iter_status_quo
132,1886.9484527400857,2839.423778628626,status_quo,scenario_44,2343,113,1886.9484527400857,1.001919532428364,1.2118752789708178,1.3697847317117684,0.3678651992834043,8iter_status_quo
133,9519.946896653411,0.0,status_quo,scenario_44,2279,117,9519.946896653411,4.882024049565852,0.0,4.882024049565852,0.0,8iter_status_quo
134,162.64281702292567,0.0,status_quo,scenario_44,2335,118,162.64281702292567,0.0826997374692842,0.0,0.0826997374692842,0.0,8iter_status_quo
135,11699.839149833915,0.0,status_quo,scenario_44,2334,119,11699.839149833915,5.899078562941471,0.0,5.899078562941471,0.0,8iter_status_quo
136,2636.004394110598,0.0,status_quo,scenario_44,2335,118,2636.004394110598,1.3403412173443716,0.0,1.3403412173443716,0.0,8iter_status_quo
137,58.97222645443464,0.0,status_quo,scenario_44,1517,109,58.97222645443464,0.032461776029964,0.0,0.032461776029964,0.0,8iter_status_quo
138,6789.364867404183,0.0,status_quo,scenario_44,2333,120,6789.364867404183,3.394682433702092,0.0,3.394682433702092,0.0,8iter_status_quo
139,7798.900064235726,0.0,status_quo,scenario_44,2253,119,7798.900064235726,3.932218519782719,0.0,3.932218519782719,0.0,8iter_status_quo
140,2412.9461209653914,0.0,status_quo,scenario_44,729,94,2412.9461209653914,1.5401783750842923,0.0,1.5401783750842923,0.0,8iter_status_quo
141,2559.286814415442,0.0,status_quo,scenario_44,2238,106,2559.286814415442,1.4486529138200617,0.0,1.4486529138200617,0.0,8iter_status_quo
142,2445.4737403799013,0.0,status_quo,scenario_44,729,92,2445.4737403799013,1.5948741785086311,0.0,1.5948741785086311,0.0,8iter_status_quo
143,3171.1314226729214,0.0,status_quo,scenario_44,729,97,3171.1314226729214,1.9615245913440755,0.0,1.9615245913440755,0.0,8iter_status_quo
144,24.710247395683616,0.0,status_quo,scenario_44,729,100,24.710247395683616,0.0148261484374101,0.0,0.0148261484374101,0.0,8iter_status_quo
145,205.36392899365336,0.0,status_quo,scenario_44,729,100,205.36392899365336,0.123218357396192,0.0,0.123218357396192,0.0,8iter_status_quo
146,3089.813140762068,0.0,status_quo,scenario_44,729,98,3089.813140762068,1.891722331078817,0.0,1.891722331078817,0.0,8iter_status_quo
147,7546.426764537397,0.0,status_quo,scenario_44,1499,90,7546.426764537397,5.030951176358264,0.0,5.030951176358264,0.0,8iter_status_quo
148,7642.263383915135,0.0,status_quo,scenario_44,2123,96,7642.263383915135,4.77641461494696,0.0,4.77641461494696,0.0,8iter_status_quo
149,23430.110217879137,0.0,status_quo,scenario_44,2339,107,23430.110217879137,13.138379561427554,0.0,13.138379561427554,0.0,8iter_status_quo
150,615.6253856732188,0.0,status_quo,scenario_44,1273,106,615.6253856732188,0.348467199437671,0.0,0.348467199437671,0.0,8iter_status_quo
151,3933.61599115291,0.0,status_quo,scenario_44,2171,114,3933.61599115291,2.0703242058699525,0.0,2.0703242058699525,0.0,8iter_status_quo
152,2229.1270243173267,0.0,status_quo,scenario_44,2391,95,2229.1270243173267,1.4078696995688382,0.0,1.4078696995688382,0.0,8iter_status_quo
153,2110.272848365732,0.0,status_quo,scenario_44,2391,89,2110.272848365732,1.4226558528308306,0.0,1.4226558528308306,0.0,8iter_status_quo
154,4371.245634827746,0.0,status_quo,scenario_44,2391,100,4371.245634827746,2.6227473808966475,0.0,2.6227473808966475,0.0,8iter_status_quo
155,5706.035925528771,0.0,status_quo,scenario_44,2237,117,5706.035925528771,2.926172269501934,0.0,2.926172269501934,0.0,8iter_status_quo
156,927.6132174427204,0.0,status_quo,scenario_44,1133,105,927.6132174427204,0.5300646956815545,0.0,0.5300646956815545,0.0,8iter_status_quo
157,7965.478607659928,0.0,status_quo,scenario_44,729,97,7965.478607659928,4.927100169686553,0.0,4.927100169686553,0.0,8iter_status_quo
158,4507.309332662633,0.0,status_quo,scenario_44,2247,114,4507.309332662633,2.372268069822438,0.0,2.372268069822438,0.0,8iter_status_quo
159,6341.623671310632,0.0,status_quo,scenario_44,2333,119,6341.623671310632,3.197457313265865,0.0,3.197457313265865,0.0,8iter_status_quo
160,256.2691180365969,0.0,status_quo,scenario_44,2333,119,256.2691180365969,0.1292113200184522,0.0,0.1292113200184522,0.0,8iter_status_quo
161,9348.916857720986,0.0,status_quo,scenario_44,2333,120,9348.916857720986,4.6744584288604925,0.0,4.6744584288604925,0.0,8iter_status_quo
162,3996.142575471632,0.0,status_quo,scenario_44,2333,120,3996.142575471632,1.998071287735816,0.0,1.998071287735816,0.0,8iter_status_quo
163,8177.201557824537,0.0,status_quo,scenario_44,2333,120,8177.201557824537,4.0886007789122685,0.0,4.0886007789122685,0.0,8iter_status_quo
164,6578.624943132748,0.0,status_quo,scenario_44,2333,120,6578.624943132748,3.2893124715663737,0.0,3.2893124715663737,0.0,8iter_status_quo
165,4481.499816312526,0.0,status_quo,scenario_44,2129,117,4481.499816312526,2.2982050340064237,0.0,2.2982050340064237,0.0,8iter_status_quo
166,4371.380928348,0.0,status_quo,scenario_44,729,100,4371.380928348,2.6228285570088,0.0,2.6228285570088,0.0,8iter_status_quo
167,2538.5998876238605,0.0,status_quo,scenario_44,1949,115,2538.5998876238605,1.3244868978907098,0.0,1.3244868978907098,0.0,8iter_status_quo
168,6709.510529003125,0.0,status_quo,scenario_44,2333,119,6709.510529003125,3.3829464852116597,0.0,3.3829464852116597,0.0,8iter_status_quo
169,9968.376672865634,0.0,status_quo,scenario_44,2271,118,9968.376672865634,5.068666104846932,0.0,5.068666104846932,0.0,8iter_status_quo
171,49865.043318396056,0.0,status_quo,scenario_44,1754,110,49865.043318396056,27.199114537306937,0.0,27.199114537306937,0.0,8iter_status_quo
172,619.3997546912561,0.0,status_quo,scenario_44,2200,100,619.3997546912561,0.3716398528147537,0.0,0.3716398528147537,0.0,8iter_status_quo
173,1910.9416835043069,0.0,status_quo,scenario_44,2200,100,1910.9416835043069,1.1465650101025842,0.0,1.1465650101025842,0.0,8iter_status_quo
174,6978.5477473254405,2839.423778628626,status_quo,scenario_44,2200,100,6978.5477473254405,4.187128648395264,1.290647172103921,5.930827099162107,1.7436984507668427,8iter_status_quo
175,5286.2980122217705,2839.423778628626,status_quo,scenario_44,2200,100,5286.2980122217705,3.1717788073330624,1.290647172103921,4.492642400726927,1.3208635933938648,8iter_status_quo
176,4439.9389635413945,2839.423778628626,status_quo,scenario_44,2200,100,4439.9389635413945,2.663963378124837,1.290647172103921,3.773351029043124,1.1093876509182867,8iter_status_quo
177,16886.709860095605,0.0,status_quo,scenario_44,2200,100,16886.709860095605,10.132025916057362,0.0,10.132025916057362,0.0,8iter_status_quo
178,6719.55714161299,3202.17025449521,status_quo,scenario_44,1000,80,6719.55714161299,5.039667856209742,3.20217025449521,17.95872328123223,12.919055425022488,8iter_status_quo
0,37236.74375509389,0.0,status_quo,scenario_44,2305,117,37236.74375509389,19.09576602825328,0.0,19.09576602825328,0.0,15iter_status_quo
1,10819.895495329189,0.0,status_quo,scenario_44,2351,107,10819.895495329189,6.0672311188761805,0.0,6.0672311188761805,0.0,15iter_status_quo
2,2123.634621150368,0.0,status_quo,scenario_44,2337,117,2123.634621150368,1.089043395461727,0.0,1.089043395461727,0.0,15iter_status_quo
3,779.8331461040191,0.0,status_quo,scenario_44,1998,102,779.8331461040191,0.4587253800611877,0.0,0.4587253800611877,0.0,15iter_status_quo
4,9409.23092441937,0.0,status_quo,scenario_44,2333,120,9409.23092441937,4.704615462209684,0.0,4.704615462209684,0.0,15iter_status_quo
5,9097.302692033603,0.0,status_quo,scenario_44,2333,120,9097.302692033603,4.548651346016802,0.0,4.548651346016802,0.0,15iter_status_quo
6,4378.276828732016,0.0,status_quo,scenario_44,2333,120,4378.276828732016,2.189138414366008,0.0,2.189138414366008,0.0,15iter_status_quo
7,3456.727321633321,0.0,status_quo,scenario_44,2333,120,3456.727321633321,1.7283636608166608,0.0,1.7283636608166608,0.0,15iter_status_quo
8,3587.030410135984,0.0,status_quo,scenario_44,2342,115,3587.030410135984,1.8714941270274696,0.0,1.8714941270274696,0.0,15iter_status_quo
9,7103.441939135965,0.0,status_quo,scenario_44,2190,116,7103.441939135965,3.6741941064496375,0.0,3.6741941064496375,0.0,15iter_status_quo
10,4529.7780642419175,0.0,status_quo,scenario_44,2333,120,4529.7780642419175,2.264889032120959,0.0,2.264889032120959,0.0,15iter_status_quo
11,10161.999278378476,0.0,status_quo,scenario_44,2333,120,10161.999278378476,5.080999639189237,0.0,5.080999639189237,0.0,15iter_status_quo
12,8351.740437819251,0.0,status_quo,scenario_44,2340,114,8351.740437819251,4.395652862010132,0.0,4.395652862010132,0.0,15iter_status_quo
13,6557.238504212162,0.0,status_quo,scenario_44,2333,120,6557.238504212162,3.2786192521060813,0.0,3.2786192521060813,0.0,15iter_status_quo
14,1618.3943928055903,0.0,status_quo,scenario_44,2333,119,1618.3943928055903,0.815997172843155,0.0,0.815997172843155,0.0,15iter_status_quo
15,2454.397749167046,0.0,status_quo,scenario_44,2347,110,2454.397749167046,1.3387624086365708,0.0,1.3387624086365708,0.0,15iter_status_quo
16,2707.6929544388604,0.0,status_quo,scenario_44,3174,98,2707.6929544388604,1.6577711965952209,0.0,1.6577711965952209,0.0,15iter_status_quo
17,3366.6204522024627,0.0,status_quo,scenario_44,3383,96,3366.6204522024627,2.1041377826265397,0.0,2.1041377826265397,0.0,15iter_status_quo
18,1792.8277013627728,0.0,status_quo,scenario_44,3383,100,1792.8277013627728,1.0756966208176637,0.0,1.0756966208176637,0.0,15iter_status_quo
19,5241.531215082299,0.0,status_quo,scenario_44,2340,114,5241.531215082299,2.7587006395169995,0.0,2.7587006395169995,0.0,15iter_status_quo
20,4259.587149128142,0.0,status_quo,scenario_44,2333,119,4259.587149128142,2.147690999560408,0.0,2.147690999560408,0.0,15iter_status_quo
21,4431.25231599406,0.0,status_quo,scenario_44,2239,117,4431.25231599406,2.272437085125159,0.0,2.272437085125159,0.0,15iter_status_quo
22,312.37327151232336,0.0,status_quo,scenario_44,2744,80,312.37327151232336,0.2342799536342425,0.0,0.2342799536342425,0.0,15iter_status_quo
23,10429.862112566574,0.0,status_quo,scenario_44,2465,100,10429.862112566574,6.257917267539945,0.0,6.257917267539945,0.0,15iter_status_quo
24,908.422568222344,0.0,status_quo,scenario_44,729,92,908.422568222344,0.5924495010145723,0.0,0.5924495010145723,0.0,15iter_status_quo
26,3097.519920748141,0.0,status_quo,scenario_44,3184,98,3097.519920748141,1.896440767804984,0.0,1.896440767804984,0.0,15iter_status_quo
27,1950.2102913634324,0.0,status_quo,scenario_44,3383,100,1950.2102913634324,1.1701261748180594,0.0,1.1701261748180594,0.0,15iter_status_quo
28,3094.2230215374693,0.0,status_quo,scenario_44,3235,100,3094.2230215374693,1.8565338129224815,0.0,1.8565338129224815,0.0,15iter_status_quo
29,2447.233413479223,2832.03485626888,status_quo,scenario_44,2391,98,2447.233413479223,1.4983061715178918,1.184456234324082,2.023813302173186,0.5255071306552943,15iter_status_quo
30,2208.921363389983,2832.03485626888,status_quo,scenario_44,2608,99,2208.921363389983,1.3387402202363534,1.0859029356859202,1.7333958790476949,0.3946556588113414,15iter_status_quo
31,782.2308016477537,2832.03485626888,status_quo,scenario_44,2746,99,782.2308016477537,0.4740792737259113,1.0313309746062929,0.6001421176064126,0.1260628438805012,15iter_status_quo
32,4235.803391000821,2832.03485626888,status_quo,scenario_44,2391,86,4235.803391000821,2.9552116681401075,1.184456234324082,3.991705299231588,1.03649363109148,15iter_status_quo
33,1142.2004966082045,2832.03485626888,status_quo,scenario_44,2391,100,1142.2004966082045,0.6853202979649226,1.184456234324082,0.9256855251858246,0.240365227220902,15iter_status_quo
34,3201.231578453541,2832.03485626888,status_quo,scenario_44,2391,100,3201.231578453541,1.9207389470721248,1.184456234324082,2.594407675134018,0.6736687280618934,15iter_status_quo
35,1834.4909824602885,2898.940532482526,status_quo,scenario_44,2391,87,1834.4909824602885,1.2651661948001989,1.2124385330332603,1.7301170475446634,0.4649508527444645,15iter_status_quo
36,3652.46808775102,0.0,status_quo,scenario_44,3250,99,3652.46808775102,2.2136170228794056,0.0,2.2136170228794056,0.0,15iter_status_quo
37,2087.5000694047385,0.0,status_quo,scenario_44,3383,100,2087.5000694047385,1.252500041642843,0.0,1.252500041642843,0.0,15iter_status_quo
38,2.9651927315463684,0.0,status_quo,scenario_44,3383,100,2.9651927315463684,0.0017791156389278,0.0,0.0017791156389278,0.0,15iter_status_quo
39,429.0603753941272,0.0,status_quo,scenario_44,3325,120,429.0603753941272,0.2145301876970635,0.0,0.2145301876970635,0.0,15iter_status_quo
40,4272.879103330798,0.0,status_quo,scenario_44,3083,116,4272.879103330798,2.2101098810331714,0.0,2.2101098810331714,0.0,15iter_status_quo
41,424.7698655376553,0.0,status_quo,scenario_44,1239,92,424.7698655376553,0.2770238253506447,0.0,0.2770238253506447,0.0,15iter_status_quo
42,5584.246522656695,0.0,status_quo,scenario_44,2333,119,5584.246522656695,2.815586482011779,0.0,2.815586482011779,0.0,15iter_status_quo
43,5376.107615468753,0.0,status_quo,scenario_44,2333,119,5376.107615468753,2.710642495194329,0.0,2.710642495194329,0.0,15iter_status_quo
44,4705.268039949857,0.0,status_quo,scenario_44,2335,118,4705.268039949857,2.3925091728558594,0.0,2.3925091728558594,0.0,15iter_status_quo
45,5931.50774269518,0.0,status_quo,scenario_44,2333,120,5931.50774269518,2.96575387134759,0.0,2.96575387134759,0.0,15iter_status_quo
46,3019.908646687248,0.0,status_quo,scenario_44,2338,118,3019.908646687248,1.5355467695019904,0.0,1.5355467695019904,0.0,15iter_status_quo
47,1923.2122059320616,0.0,status_quo,scenario_44,2391,88,1923.2122059320616,1.311281049499133,0.0,1.311281049499133,0.0,15iter_status_quo
48,661.9150670575519,0.0,status_quo,scenario_44,2333,119,661.9150670575519,0.3337386892727152,0.0,0.3337386892727152,0.0,15iter_status_quo
49,3086.7798993936267,0.0,status_quo,scenario_44,2333,120,3086.7798993936267,1.543389949696813,0.0,1.543389949696813,0.0,15iter_status_quo
50,60.406023075776496,0.0,status_quo,scenario_44,1516,109,60.406023075776496,0.0332510218765742,0.0,0.0332510218765742,0.0,15iter_status_quo
51,89.83860284702587,0.0,status_quo,scenario_44,2333,120,89.83860284702587,0.0449193014235129,0.0,0.0449193014235129,0.0,15iter_status_quo
52,161.90388362602724,0.0,status_quo,scenario_44,1516,109,161.90388362602724,0.0891214038308406,0.0,0.0891214038308406,0.0,15iter_status_quo
53,666.8849192453416,0.0,status_quo,scenario_44,1169,105,666.8849192453416,0.3810770967116238,0.0,0.3810770967116238,0.0,15iter_status_quo
54,224.7870581054576,0.0,status_quo,scenario_44,2333,120,224.7870581054576,0.1123935290527288,0.0,0.1123935290527288,0.0,15iter_status_quo
55,3897.802473376,0.0,status_quo,scenario_44,2333,120,3897.8024733759994,1.948901236687999,0.0,1.948901236687999,0.0,15iter_status_quo
56,2953.672126356878,0.0,status_quo,scenario_44,2186,118,2953.672126356878,1.5018671828933277,0.0,1.5018671828933277,0.0,15iter_status_quo
57,1607.524113232189,0.0,status_quo,scenario_44,2391,99,1607.524113232189,0.9742570383225386,0.0,0.9742570383225386,0.0,15iter_status_quo
58,980.986779978202,0.0,status_quo,scenario_44,2391,100,980.986779978202,0.5885920679869212,0.0,0.5885920679869212,0.0,15iter_status_quo
59,1517.319045671118,2832.03485626888,status_quo,scenario_44,2391,100,1517.319045671118,0.9103914274026708,1.184456234324082,1.229696784266338,0.3193053568636671,15iter_status_quo
60,3341.26037136498,2832.03485626888,status_quo,scenario_44,2338,118,3341.26037136498,1.6989459515415155,1.2113066108934474,2.3221463846572696,0.6232004331157541,15iter_status_quo
61,8361.831024084971,2832.03485626888,status_quo,scenario_44,2333,120,8361.831024084971,4.1809155120424855,1.2139026387779168,5.721122576607455,1.54020706456497,15iter_status_quo
62,2086.0938139797604,2832.03485626888,status_quo,scenario_44,2333,120,2086.0938139797604,1.0430469069898802,1.2139026387779168,1.4272948570360255,0.3842479500461453,15iter_status_quo
63,5114.75070314698,2832.03485626888,status_quo,scenario_44,2333,119,5114.75070314698,2.578865900746377,1.2139026387779168,3.5288940626297185,0.950028161883342,15iter_status_quo
64,2948.5542693597213,2832.03485626888,status_quo,scenario_44,2335,118,2948.5542693597213,1.499264882725282,1.2128628934770365,2.0506331860482945,0.5513683033230123,15iter_status_quo
65,2912.9705151237267,2832.03485626888,status_quo,scenario_44,2333,120,2912.9705151237267,1.4564852575618634,1.2139026387779168,1.9930397219297904,0.5365544643679268,15iter_status_quo
66,3047.1705599093475,2832.03485626888,status_quo,scenario_44,2333,120,3047.1705599093475,1.523585279954674,1.2139026387779168,2.0848587151375324,0.5612734351828585,15iter_status_quo
67,4872.77147040362,2832.03485626888,status_quo,scenario_44,2333,120,4872.77147040362,2.4363857352018097,1.2139026387779168,3.3339256425628974,0.8975399073610877,15iter_status_quo
68,8865.80644588534,2832.03485626888,status_quo,scenario_44,2335,119,8865.80644588534,4.470154510530423,1.2128628934770365,6.114094508366343,1.6439399978359202,15iter_status_quo
69,263.4135778567169,0.0,status_quo,scenario_44,2333,119,263.4135778567169,0.1328135686672522,0.0,0.1328135686672522,0.0,15iter_status_quo
70,5513.998529520909,0.0,status_quo,scenario_44,2333,119,5513.998529520909,2.7801673258088617,0.0,2.7801673258088617,0.0,15iter_status_quo
71,3232.558652026233,0.0,status_quo,scenario_44,2333,120,3232.558652026233,1.6162793260131163,0.0,1.6162793260131163,0.0,15iter_status_quo
72,113.6803311893096,0.0,status_quo,scenario_44,2333,120,113.6803311893096,0.0568401655946548,0.0,0.0568401655946548,0.0,15iter_status_quo
73,1949.3522223086493,541.9540407663587,status_quo,scenario_44,2881,79,1949.3522223086495,1.4805206751711264,0.1881131693045327,1.493618310249848,0.0130976350787217,15iter_status_quo
74,802.4785240978157,256.58005327960404,status_quo,scenario_44,1289,80,802.4785240978157,0.6018588930733618,0.1990535712021753,0.6078206551206181,0.0059617620472562,15iter_status_quo
75,1790.6201179575862,0.0,status_quo,scenario_44,729,80,1790.6201179575862,1.3429650884681896,0.0,1.3429650884681896,0.0,15iter_status_quo
76,550.4281597313835,945.1623062848316,status_quo,scenario_44,2391,79,550.4281597313835,0.4180467035934558,0.3953000026285369,0.4343779167159247,0.0163312131224688,15iter_status_quo
77,1011.8689371854967,826.840465584956,status_quo,scenario_44,2391,93,1011.8689371854967,0.6528186691519334,0.3458136618924952,0.6723358401835601,0.0195171710316266,15iter_status_quo
78,1190.0072044742778,672.5556031085691,status_quo,scenario_44,2391,100,1190.0072044742778,0.7140043226845667,0.2812863250140398,0.7281276845896479,0.0141233619050812,15iter_status_quo
79,656.5663213618884,643.9592853014277,status_quo,scenario_44,2391,99,656.5663213618884,0.3979189826435687,0.269326342660572,0.405134913006744,0.0072159303631753,15iter_status_quo
80,381.9039017049991,47.42098539908633,status_quo,scenario_44,2391,100,381.9039017049991,0.2291423410229994,0.0198331181091954,0.2291648744554091,2.253343240962713e-05,15iter_status_quo
81,269.29106997647665,3053.464937335596,status_quo,scenario_44,2391,80,269.29106997647665,0.2019683024823575,1.2770660549291493,0.2843157129170754,0.0823474104347179,15iter_status_quo
82,1362.7606945394907,3077.553624073069,status_quo,scenario_44,3013,80,1362.7606945394907,1.022070520904618,1.021425032881868,1.28865438916728,0.266583868262662,15iter_status_quo
83,2095.9886952448405,3142.0037665857885,status_quo,scenario_44,3262,80,2095.9886952448405,1.5719915214336304,0.963213907598341,1.936607500364177,0.3646159789305465,15iter_status_quo
84,1676.4231695514936,3120.9539078651187,status_quo,scenario_44,3021,80,1676.4231695514936,1.25731737716362,1.0330863647352264,1.592790850819445,0.3354734736558249,15iter_status_quo
85,910.3365754780752,943.6365570302418,status_quo,scenario_44,729,100,910.3365754780752,0.5462019452868451,1.2944260041567102,0.7749975669240603,0.2287956216372152,15iter_status_quo
86,2224.3324582106734,943.6365570302418,status_quo,scenario_44,729,99,2224.3324582106734,1.3480802777034384,1.2944260041567102,1.9127704400426613,0.5646901623392231,15iter_status_quo
87,794.1532861069165,1140.5400194421152,status_quo,scenario_44,729,100,794.1532861069165,0.4764919716641499,1.5645267756407617,0.7680745666122502,0.2915825949481002,15iter_status_quo
88,2951.1891622424446,1193.382624833739,status_quo,scenario_44,1404,100,2951.1891622424446,1.7707134973454668,0.8499876245254552,2.090539309667869,0.319825812322402,15iter_status_quo
89,2140.272239606062,1469.4359898065322,status_quo,scenario_44,2391,100,2140.272239606062,1.2841633437636373,0.6145696318722427,1.4054191295350182,0.1212557857713809,15iter_status_quo
90,1395.0130328637335,1650.2806132240128,status_quo,scenario_44,2391,99,1395.0130328637335,0.8454624441598385,0.690205191645342,0.946153471706566,0.1006910275467274,15iter_status_quo
91,4008.729740907578,1733.898373804902,status_quo,scenario_44,2391,100,4008.729740907578,2.4052378445445464,0.7251770697636561,2.7214555358075483,0.3162176912630019,15iter_status_quo
92,2550.193392452562,3037.557208992383,status_quo,scenario_44,2166,97,2550.193392452562,1.577439211826327,1.4023809829143044,2.3530157603465547,0.7755765485202277,15iter_status_quo
93,970.6857419960515,3153.1117868711704,status_quo,scenario_44,3061,87,970.6857419960515,0.6694384427558976,1.0300920571287715,0.8470219928433007,0.1775835500874031,15iter_status_quo
94,3121.847228370543,3153.896164441908,status_quo,scenario_44,2333,120,3121.847228370543,1.5609236141852714,1.351862908033394,2.274083593735799,0.7131599795505275,15iter_status_quo
95,1906.501637835958,3164.769920602972,status_quo,scenario_44,2333,119,1906.501637835958,0.9612613300013236,1.3565237550805709,1.4034791987574295,0.442217868756106,15iter_status_quo
96,2437.745041650941,3172.374455794695,status_quo,scenario_44,2333,120,2437.745041650941,1.2188725208254705,1.359783307241618,1.7822995865863525,0.563427065760882,15iter_status_quo
97,1687.4477039097997,3178.542452817025,status_quo,scenario_44,2333,120,1687.4477039097997,0.8437238519548999,1.3624271122233285,1.235255516148969,0.391531664194069,15iter_status_quo
98,2007.6948653871616,3183.382487886169,status_quo,scenario_44,1536,108,2007.6948653871616,1.115386036326201,2.0725146405508914,2.3131201691328527,1.1977341328066518,15iter_status_quo
99,426.5896754365461,2.5291130582142536,status_quo,scenario_44,729,100,426.5896754365461,0.2559538052619277,0.0034692908891827,0.2559545754256014,7.701636737800222e-07,15iter_status_quo
100,1461.1312385017154,0.0,status_quo,scenario_44,2013,112,1461.1312385017154,0.7827488777687761,0.0,0.7827488777687761,0.0,15iter_status_quo
101,3181.077676394208,0.0,status_quo,scenario_44,2721,120,3181.077676394208,1.590538838197104,0.0,1.590538838197104,0.0,15iter_status_quo
102,5030.979565723924,257.05263267283607,status_quo,scenario_44,3324,119,5030.979565723924,2.536628352465844,0.0773323202986871,2.5404207943395862,0.0037924418737422,15iter_status_quo
103,6088.671354567422,895.9506215724924,status_quo,scenario_44,3293,106,6088.671354567422,3.4464177478683524,0.27207732206878,3.5101989375286218,0.0637811896602693,15iter_status_quo
104,4526.605938756334,0.0,status_quo,scenario_44,729,96,4526.605938756334,2.8291287117227086,0.0,2.8291287117227086,0.0,15iter_status_quo
105,2027.6844882076089,0.0,status_quo,scenario_44,729,100,2027.6844882076089,1.2166106929245653,0.0,1.2166106929245653,0.0,15iter_status_quo
106,2361.841828044352,0.0,status_quo,scenario_44,729,99,2361.841828044352,1.4314192897238494,0.0,1.4314192897238494,0.0,15iter_status_quo
107,1832.0017704127936,0.0,status_quo,scenario_44,729,100,1832.0017704127936,1.099201062247676,0.0,1.099201062247676,0.0,15iter_status_quo
108,3976.529508207863,0.0,status_quo,scenario_44,729,99,3976.529508207863,2.410017883762341,0.0,2.410017883762341,0.0,15iter_status_quo
109,3787.9535621091854,0.0,status_quo,scenario_44,729,99,3787.9535621091854,2.2957294315813246,0.0,2.2957294315813246,0.0,15iter_status_quo
110,2664.418268404272,0.0,status_quo,scenario_44,729,88,2664.418268404272,1.816648819366549,0.0,1.816648819366549,0.0,15iter_status_quo
111,2236.141648525741,0.0,status_quo,scenario_44,729,90,2236.141648525741,1.4907610990171607,0.0,1.4907610990171607,0.0,15iter_status_quo
112,6295.230880371994,0.0,status_quo,scenario_44,729,85,6295.230880371994,4.443692386144937,0.0,4.443692386144937,0.0,15iter_status_quo
113,1386.837480073949,0.0,status_quo,scenario_44,2347,110,1386.837480073949,0.7564568073130633,0.0,0.7564568073130633,0.0,15iter_status_quo
114,4482.098099171079,0.0,status_quo,scenario_44,2333,120,4482.098099171079,2.2410490495855395,0.0,2.2410490495855395,0.0,15iter_status_quo
115,967.2338545450544,0.0,status_quo,scenario_44,2096,114,967.2338545450544,0.5090704497605549,0.0,0.5090704497605549,0.0,15iter_status_quo
116,6641.566474985803,0.0,status_quo,scenario_44,2339,115,6641.566474985803,3.465165117383897,0.0,3.465165117383897,0.0,15iter_status_quo
117,2900.4197279862065,0.0,status_quo,scenario_44,2333,120,2900.4197279862065,1.4502098639931031,0.0,1.4502098639931031,0.0,15iter_status_quo
118,7150.926141131028,0.0,status_quo,scenario_44,2334,118,7150.926141131028,3.6360641395581497,0.0,3.6360641395581497,0.0,15iter_status_quo
119,138.61280402907454,0.0,status_quo,scenario_44,2139,117,138.61280402907454,0.0710834892456792,0.0,0.0710834892456792,0.0,15iter_status_quo
120,4646.296659299301,0.0,status_quo,scenario_44,2333,120,4646.296659299301,2.3231483296496505,0.0,2.3231483296496505,0.0,15iter_status_quo
121,6375.642888146268,0.0,status_quo,scenario_44,2333,119,6375.642888146268,3.214609859569547,0.0,3.214609859569547,0.0,15iter_status_quo
122,9246.570828344114,0.0,status_quo,scenario_44,2333,120,9246.570828344114,4.623285414172058,0.0,4.623285414172058,0.0,15iter_status_quo
123,1534.8660954570962,0.0,status_quo,scenario_44,2348,109,1534.8660954570962,0.8448804195176677,0.0,0.8448804195176677,0.0,15iter_status_quo
124,1877.417300305622,1090.500486441422,status_quo,scenario_44,729,79,1877.417300305622,1.425886557194143,1.4958854409347353,2.2235536096918382,0.7976670524976952,15iter_status_quo
126,1897.1851262924465,2963.926479624305,status_quo,scenario_44,1811,106,1897.1851262924465,1.0738783733730828,1.6366242294998925,1.7929846141765418,0.719106240803459,15iter_status_quo
127,1483.4622208121002,2919.1088275212824,status_quo,scenario_44,2333,119,1483.4622208121002,0.7479641449472775,1.2512253868500995,1.0407107607402142,0.2927466157929367,15iter_status_quo
128,1875.2605068342427,2863.5642285226977,status_quo,scenario_44,1934,115,1875.2605068342427,0.9783967861743876,1.4806433446342802,1.5146327577999217,0.5362359716255342,15iter_status_quo
129,3327.5142290398862,2832.03485626888,status_quo,scenario_44,729,96,3327.5142290398862,2.079696393149929,3.884821476363347,9.926306606479258,7.846610213329329,15iter_status_quo
130,225.05482885543543,2832.03485626888,status_quo,scenario_44,729,100,225.05482885543543,0.1350328973132612,3.884821476363347,0.6445065467765277,0.5094736494632665,15iter_status_quo
131,3113.508108488663,2832.03485626888,status_quo,scenario_44,2339,118,3113.508108488663,1.583139716180676,1.2107887371820778,2.1633641291169607,0.5802244129362848,15iter_status_quo
132,1886.9484527400857,2832.03485626888,status_quo,scenario_44,2343,113,1886.9484527400857,1.001919532428364,1.2087216629401965,1.3678726601301718,0.3659531277018077,15iter_status_quo
133,9519.946896653411,0.0,status_quo,scenario_44,2279,117,9519.946896653411,4.882024049565852,0.0,4.882024049565852,0.0,15iter_status_quo
134,162.64281702292567,0.0,status_quo,scenario_44,2335,118,162.64281702292567,0.0826997374692842,0.0,0.0826997374692842,0.0,15iter_status_quo
135,11699.839149833915,0.0,status_quo,scenario_44,2334,119,11699.839149833915,5.899078562941471,0.0,5.899078562941471,0.0,15iter_status_quo
136,2636.004394110598,0.0,status_quo,scenario_44,2335,118,2636.004394110598,1.3403412173443716,0.0,1.3403412173443716,0.0,15iter_status_quo
137,58.97222645443464,0.0,status_quo,scenario_44,1517,109,58.97222645443464,0.032461776029964,0.0,0.032461776029964,0.0,15iter_status_quo
138,6789.364867404183,0.0,status_quo,scenario_44,2333,120,6789.364867404183,3.394682433702092,0.0,3.394682433702092,0.0,15iter_status_quo
139,7798.900064235726,0.0,status_quo,scenario_44,2253,119,7798.900064235726,3.932218519782719,0.0,3.932218519782719,0.0,15iter_status_quo
140,2412.9461209653914,0.0,status_quo,scenario_44,729,94,2412.9461209653914,1.5401783750842923,0.0,1.5401783750842923,0.0,15iter_status_quo
141,2559.286814415442,0.0,status_quo,scenario_44,2238,106,2559.286814415442,1.4486529138200617,0.0,1.4486529138200617,0.0,15iter_status_quo
142,2445.4737403799013,0.0,status_quo,scenario_44,729,92,2445.4737403799013,1.5948741785086311,0.0,1.5948741785086311,0.0,15iter_status_quo
143,3171.1314226729214,0.0,status_quo,scenario_44,729,97,3171.1314226729214,1.9615245913440755,0.0,1.9615245913440755,0.0,15iter_status_quo
144,24.710247395683616,0.0,status_quo,scenario_44,729,100,24.710247395683616,0.0148261484374101,0.0,0.0148261484374101,0.0,15iter_status_quo
145,205.36392899365336,0.0,status_quo,scenario_44,729,100,205.36392899365336,0.123218357396192,0.0,0.123218357396192,0.0,15iter_status_quo
146,3089.813140762068,0.0,status_quo,scenario_44,729,98,3089.813140762068,1.891722331078817,0.0,1.891722331078817,0.0,15iter_status_quo
147,7546.426764537397,0.0,status_quo,scenario_44,1499,90,7546.426764537397,5.030951176358264,0.0,5.030951176358264,0.0,15iter_status_quo
148,7642.263383915135,0.0,status_quo,scenario_44,2123,96,7642.263383915135,4.77641461494696,0.0,4.77641461494696,0.0,15iter_status_quo
149,23430.110217879137,0.0,status_quo,scenario_44,2339,107,23430.110217879137,13.138379561427554,0.0,13.138379561427554,0.0,15iter_status_quo
150,615.6253856732188,0.0,status_quo,scenario_44,1273,106,615.6253856732188,0.348467199437671,0.0,0.348467199437671,0.0,15iter_status_quo
151,3933.61599115291,0.0,status_quo,scenario_44,2171,114,3933.61599115291,2.0703242058699525,0.0,2.0703242058699525,0.0,15iter_status_quo
152,2229.1270243173267,0.0,status_quo,scenario_44,2391,95,2229.1270243173267,1.4078696995688382,0.0,1.4078696995688382,0.0,15iter_status_quo
153,2110.272848365732,0.0,status_quo,scenario_44,2391,89,2110.272848365732,1.4226558528308306,0.0,1.4226558528308306,0.0,15iter_status_quo
154,4371.245634827746,0.0,status_quo,scenario_44,2391,100,4371.245634827746,2.6227473808966475,0.0,2.6227473808966475,0.0,15iter_status_quo
155,5706.035925528771,0.0,status_quo,scenario_44,2237,117,5706.035925528771,2.926172269501934,0.0,2.926172269501934,0.0,15iter_status_quo
156,927.6132174427204,0.0,status_quo,scenario_44,1133,105,927.6132174427204,0.5300646956815545,0.0,0.5300646956815545,0.0,15iter_status_quo
157,7965.478607659928,0.0,status_quo,scenario_44,729,97,7965.478607659928,4.927100169686553,0.0,4.927100169686553,0.0,15iter_status_quo
158,4507.309332662633,0.0,status_quo,scenario_44,2247,114,4507.309332662633,2.372268069822438,0.0,2.372268069822438,0.0,15iter_status_quo
159,6341.623671310632,0.0,status_quo,scenario_44,2333,119,6341.623671310632,3.197457313265865,0.0,3.197457313265865,0.0,15iter_status_quo
160,256.2691180365969,0.0,status_quo,scenario_44,2333,119,256.2691180365969,0.1292113200184522,0.0,0.1292113200184522,0.0,15iter_status_quo
161,9348.916857720986,0.0,status_quo,scenario_44,2333,120,9348.916857720986,4.6744584288604925,0.0,4.6744584288604925,0.0,15iter_status_quo
162,3996.142575471632,0.0,status_quo,scenario_44,2333,120,3996.142575471632,1.998071287735816,0.0,1.998071287735816,0.0,15iter_status_quo
163,8177.201557824537,0.0,status_quo,scenario_44,2333,120,8177.201557824537,4.0886007789122685,0.0,4.0886007789122685,0.0,15iter_status_quo
164,6578.624943132748,0.0,status_quo,scenario_44,2333,120,6578.624943132748,3.2893124715663737,0.0,3.2893124715663737,0.0,15iter_status_quo
165,4481.499816312526,0.0,status_quo,scenario_44,2129,117,4481.499816312526,2.2982050340064237,0.0,2.2982050340064237,0.0,15iter_status_quo
166,4371.380928348,0.0,status_quo,scenario_44,729,100,4371.380928348,2.6228285570088,0.0,2.6228285570088,0.0,15iter_status_quo
167,2538.5998876238605,0.0,status_quo,scenario_44,1949,115,2538.5998876238605,1.3244868978907098,0.0,1.3244868978907098,0.0,15iter_status_quo
168,6709.510529003125,0.0,status_quo,scenario_44,2333,119,6709.510529003125,3.3829464852116597,0.0,3.3829464852116597,0.0,15iter_status_quo
169,9968.376672865634,0.0,status_quo,scenario_44,2271,118,9968.376672865634,5.068666104846932,0.0,5.068666104846932,0.0,15iter_status_quo
171,49865.043318396056,0.0,status_quo,scenario_44,1754,110,49865.043318396056,27.199114537306937,0.0,27.199114537306937,0.0,15iter_status_quo
172,619.3997546912561,0.0,status_quo,scenario_44,2200,100,619.3997546912561,0.3716398528147537,0.0,0.3716398528147537,0.0,15iter_status_quo
173,1910.9416835043069,0.0,status_quo,scenario_44,2200,100,1910.9416835043069,1.1465650101025842,0.0,1.1465650101025842,0.0,15iter_status_quo
174,6978.5477473254405,2832.03485626888,status_quo,scenario_44,2200,100,6978.5477473254405,4.187128648395264,1.2872885710313091,5.92176378939244,1.7346351409971756,15iter_status_quo
175,5286.2980122217705,2832.03485626888,status_quo,scenario_44,2200,100,5286.2980122217705,3.1717788073330624,1.2872885710313091,4.485776881115357,1.3139980737822947,15iter_status_quo
176,4439.9389635413945,2832.03485626888,status_quo,scenario_44,2200,100,4439.9389635413945,2.663963378124837,1.2872885710313091,3.767584708650688,1.1036213305258509,15iter_status_quo
177,16886.709860095605,0.0,status_quo,scenario_44,2200,100,16886.709860095605,10.132025916057362,0.0,10.132025916057362,0.0,15iter_status_quo
178,6719.55714161299,3187.6622808953925,status_quo,scenario_44,1000,80,6719.55714161299,5.039667856209742,3.1876622808953927,17.84192454157632,12.802256685366576,15iter_status_quo
0,37236.74375509389,0.0,,,2305,117,,19.09576602825328,0.0,19.09576602825328,0.0,100iter_status_quo
1,10819.895495329189,0.0,,,2351,107,,6.0672311188761805,0.0,6.0672311188761805,0.0,100iter_status_quo
2,2123.634621150368,0.0,,,2337,117,,1.089043395461727,0.0,1.089043395461727,0.0,100iter_status_quo
3,779.8331461040191,0.0,,,1998,102,,0.4587253800611877,0.0,0.4587253800611877,0.0,100iter_status_quo
4,9409.23092441937,0.0,,,2333,120,,4.704615462209684,0.0,4.704615462209684,0.0,100iter_status_quo
5,9097.302692033603,0.0,,,2333,120,,4.548651346016802,0.0,4.548651346016802,0.0,100iter_status_quo
6,4378.276828732016,0.0,,,2333,120,,2.189138414366008,0.0,2.189138414366008,0.0,100iter_status_quo
7,3456.727321633321,0.0,,,2333,120,,1.7283636608166608,0.0,1.7283636608166608,0.0,100iter_status_quo
8,3587.030410135984,0.0,,,2342,115,,1.8714941270274696,0.0,1.8714941270274696,0.0,100iter_status_quo
9,7103.441939135965,0.0,,,2190,116,,3.6741941064496375,0.0,3.6741941064496375,0.0,100iter_status_quo
10,4529.7780642419175,0.0,,,2333,120,,2.264889032120959,0.0,2.264889032120959,0.0,100iter_status_quo
11,10161.999278378476,0.0,,,2333,120,,5.080999639189237,0.0,5.080999639189237,0.0,100iter_status_quo
12,8351.740437819251,0.0,,,2340,114,,4.395652862010132,0.0,4.395652862010132,0.0,100iter_status_quo
13,6557.238504212162,0.0,,,2333,120,,3.2786192521060813,0.0,3.2786192521060813,0.0,100iter_status_quo
14,1618.3943928055903,0.0,,,2333,119,,0.815997172843155,0.0,0.815997172843155,0.0,100iter_status_quo
15,2454.397749167046,0.0,,,2347,110,,1.3387624086365708,0.0,1.3387624086365708,0.0,100iter_status_quo
16,2707.6929544388604,0.0,,,3174,98,,1.6577711965952209,0.0,1.6577711965952209,0.0,100iter_status_quo
17,3366.6204522024627,0.0,,,3383,96,,2.1041377826265397,0.0,2.1041377826265397,0.0,100iter_status_quo
18,1792.8277013627728,0.0,,,3383,100,,1.0756966208176637,0.0,1.0756966208176637,0.0,100iter_status_quo
19,5241.531215082299,0.0,,,2340,114,,2.7587006395169995,0.0,2.7587006395169995,0.0,100iter_status_quo
20,4259.587149128142,0.0,,,2333,119,,2.147690999560408,0.0,2.147690999560408,0.0,100iter_status_quo
21,4431.25231599406,0.0,,,2239,117,,2.272437085125159,0.0,2.272437085125159,0.0,100iter_status_quo
22,312.37327151232336,0.0,,,2744,80,,0.2342799536342425,0.0,0.2342799536342425,0.0,100iter_status_quo
23,10429.862112566574,0.0,,,2465,100,,6.257917267539945,0.0,6.257917267539945,0.0,100iter_status_quo
24,908.422568222344,0.0,,,729,92,,0.5924495010145723,0.0,0.5924495010145723,0.0,100iter_status_quo
26,3097.519920748141,0.0,,,3184,98,,1.896440767804984,0.0,1.896440767804984,0.0,100iter_status_quo
27,1950.2102913634324,0.0,,,3383,100,,1.1701261748180594,0.0,1.1701261748180594,0.0,100iter_status_quo
28,3094.2230215374693,0.0,,,3235,100,,1.8565338129224815,0.0,1.8565338129224815,0.0,100iter_status_quo
29,2447.233413479223,1796.3826272304923,,,2391,98,,1.4983061715178918,0.751310174500415,1.7097422608220665,0.21143608930417468,100iter_status_quo
30,2208.921363389983,1796.3826272304923,,,2608,99,,1.3387402202363534,0.6887970196435936,1.4975286443187812,0.15878842408242777,100iter_status_quo
31,782.2308016477537,1796.3826272304923,,,2746,99,,0.4740792737259113,0.654181583113799,0.5248002500205978,0.050720976294686526,100iter_status_quo
32,4235.803391000821,1796.3826272304923,,,2391,86,,2.9552116681401075,0.751310174500415,3.37224151828389,0.41702985014378235,100iter_status_quo
33,1142.2004966082045,1796.3826272304923,,,2391,100,,0.6853202979649226,0.751310174500415,0.7820304674062454,0.09671016944132282,100iter_status_quo
34,3201.231578453541,1796.3826272304923,,,2391,100,,1.9207389470721248,0.751310174500415,2.1917873744651226,0.27104842739299784,100iter_status_quo
35,1834.4909824602885,2045.099303547515,,,2391,87,,1.2651661948001989,0.8553322055823986,1.4965629353237875,0.2313967405235886,100iter_status_quo
36,3652.46808775102,0.0,,,3250,99,,2.2136170228794056,0.0,2.2136170228794056,0.0,100iter_status_quo
37,2087.5000694047385,0.0,,,3383,100,,1.252500041642843,0.0,1.252500041642843,0.0,100iter_status_quo
38,2.9651927315463684,0.0,,,3383,100,,0.0017791156389278,0.0,0.0017791156389278,0.0,100iter_status_quo
39,429.0603753941272,0.0,,,3325,120,,0.2145301876970635,0.0,0.2145301876970635,0.0,100iter_status_quo
40,4272.879103330798,0.0,,,3083,116,,2.2101098810331714,0.0,2.2101098810331714,0.0,100iter_status_quo
41,424.7698655376553,0.0,,,1239,92,,0.2770238253506447,0.0,0.2770238253506447,0.0,100iter_status_quo
42,5584.246522656695,0.0,,,2333,119,,2.815586482011779,0.0,2.815586482011779,0.0,100iter_status_quo
43,5376.107615468753,0.0,,,2333,119,,2.710642495194329,0.0,2.710642495194329,0.0,100iter_status_quo
44,4705.268039949857,0.0,,,2335,118,,2.3925091728558594,0.0,2.3925091728558594,0.0,100iter_status_quo
45,5931.50774269518,0.0,,,2333,120,,2.96575387134759,0.0,2.96575387134759,0.0,100iter_status_quo
46,3019.908646687248,0.0,,,2338,118,,1.5355467695019904,0.0,1.5355467695019904,0.0,100iter_status_quo
47,1923.2122059320616,0.0,,,2391,88,,1.311281049499133,0.0,1.311281049499133,0.0,100iter_status_quo
48,661.9150670575519,0.0,,,2333,119,,0.3337386892727152,0.0,0.3337386892727152,0.0,100iter_status_quo
49,3086.7798993936267,0.0,,,2333,120,,1.543389949696813,0.0,1.543389949696813,0.0,100iter_status_quo
50,60.406023075776496,0.0,,,1516,109,,0.0332510218765742,0.0,0.0332510218765742,0.0,100iter_status_quo
51,89.83860284702587,0.0,,,2333,120,,0.0449193014235129,0.0,0.0449193014235129,0.0,100iter_status_quo
52,161.90388362602724,0.0,,,1516,109,,0.0891214038308406,0.0,0.0891214038308406,0.0,100iter_status_quo
53,666.8849192453416,0.0,,,1169,105,,0.3810770967116238,0.0,0.3810770967116238,0.0,100iter_status_quo
54,224.7870581054576,0.0,,,2333,120,,0.1123935290527288,0.0,0.1123935290527288,0.0,100iter_status_quo
55,3897.802473376,0.0,,,2333,120,,1.948901236687999,0.0,1.948901236687999,0.0,100iter_status_quo
56,2953.672126356878,0.0,,,2186,118,,1.5018671828933277,0.0,1.5018671828933277,0.0,100iter_status_quo
57,1607.524113232189,0.0,,,2391,99,,0.9742570383225386,0.0,0.9742570383225386,0.0,100iter_status_quo
58,980.986779978202,0.0,,,2391,100,,0.5885920679869212,0.0,0.5885920679869212,0.0,100iter_status_quo
59,1517.319045671118,1796.3826272304923,,,2391,100,,0.9103914274026708,0.751310174500415,1.0388629019285083,0.12847147452583751,100iter_status_quo
60,3341.26037136498,1796.3826272304923,,,2338,118,,1.6989459515415155,0.7683415856417846,1.949688624179188,0.25074267263767247,100iter_status_quo
61,8361.831024084971,1796.3826272304923,,,2333,120,,4.1809155120424855,0.7699882671369448,4.800612828126847,0.6196973160843617,100iter_status_quo
62,2086.0938139797604,1796.3826272304923,,,2333,120,,1.0430469069898802,0.7699882671369448,1.1976478232126415,0.1546009162227613,100iter_status_quo
63,5114.75070314698,1796.3826272304923,,,2333,119,,2.578865900746377,0.7699882671369448,2.9611066498432868,0.38224074909690975,100iter_status_quo
64,2948.5542693597213,1796.3826272304923,,,2335,118,,1.499264882725282,0.7693287482785834,1.7211061309601527,0.22184124823487084,100iter_status_quo
65,2912.9705151237267,1796.3826272304923,,,2333,120,,1.4564852575618634,0.7699882671369448,1.672366205748399,0.21588094818653558,100iter_status_quo
66,3047.1705599093475,1796.3826272304923,,,2333,120,,1.523585279954674,0.7699882671369448,1.7494118258616744,0.22582654590700035,100iter_status_quo
67,4872.77147040362,1796.3826272304923,,,2333,120,,2.4363857352018097,0.7699882671369448,2.7975080053605765,0.36112227015876686,100iter_status_quo
68,8865.80644588534,1796.3826272304923,,,2335,119,,4.470154510530423,0.7693287482785834,5.1315884358126675,0.6614339252822443,100iter_status_quo
69,263.4135778567169,0.0,,,2333,119,,0.1328135686672522,0.0,0.1328135686672522,0.0,100iter_status_quo
70,5513.998529520909,0.0,,,2333,119,,2.7801673258088617,0.0,2.7801673258088617,0.0,100iter_status_quo
71,3232.558652026233,0.0,,,2333,120,,1.6162793260131163,0.0,1.6162793260131163,0.0,100iter_status_quo
72,113.6803311893096,0.0,,,2333,120,,0.0568401655946548,0.0,0.0568401655946548,0.0,100iter_status_quo
73,1949.3522223086493,554.2118561759663,,,2881,79,,1.4805206751711264,0.19236787788127951,1.4942174902824306,0.013696815111304161,100iter_status_quo
74,802.4785240978157,262.9979660498006,,,1289,80,,0.6018588930733618,0.20403255705958154,0.6081226318214799,0.006263738748118031,100iter_status_quo
75,1790.6201179575862,0.0,,,729,80,,1.3429650884681896,0.0,1.3429650884681896,0.0,100iter_status_quo
76,550.4281597313835,951.3549940650762,,,2391,79,,0.4180467035934558,0.3978900017001573,0.43459262146610905,0.01654591787265325,100iter_status_quo
77,1011.8689371854967,832.5336585161227,,,2391,93,,0.6528186691519334,0.3481947547118874,0.6726055356444898,0.019786866492556343,100iter_status_quo
78,1190.0072044742778,676.0616791650432,,,2391,100,,0.7140043226845667,0.28275268890215105,0.7282753204132629,0.014270997728696222,100iter_status_quo
79,656.5663213618884,645.4586181831656,,,2391,99,,0.3979189826435687,0.26995341622047914,0.4051685538811527,0.007249571237584018,100iter_status_quo
80,381.9039017049991,48.25812305633934,,,2391,100,,0.2291423410229994,0.020183238417540505,0.22916567705734034,2.3336034340931677e-05,100iter_status_quo
81,269.29106997647665,2445.683997575099,,,2391,80,,0.2019683024823575,1.0228707643559594,0.2547963738136929,0.05282807133133541,100iter_status_quo
82,1362.7606945394907,2539.844477998634,,,3013,80,,1.022070520904618,0.8429619907064833,1.2036374951691466,0.18156697426452872,100iter_status_quo
83,2095.9886952448405,2780.408288705716,,,3262,80,,1.5719915214336304,0.852363056010336,1.8575134337114825,0.28552191227785206,100iter_status_quo
84,1676.4231695514936,2691.210174517289,,,3021,80,,1.25731737716362,0.8908342186419361,1.5067646200544693,0.2494472428908494,100iter_status_quo
85,910.3365754780752,943.95560538579,,,729,100,,0.5462019452868451,1.2948636562219342,0.7751523070231026,0.2289503617362575,100iter_status_quo
86,2224.3324582106734,943.95560538579,,,729,99,,1.3480802777034384,1.2948636562219342,1.9131523538704842,0.5650720761670458,100iter_status_quo
87,794.1532861069165,1144.230347795826,,,729,100,,0.4764919716641499,1.5695889544524362,0.7699645070055551,0.29347253534140516,100iter_status_quo
88,2951.1891622424446,1198.753786141513,,,1404,100,,1.7707134973454668,0.8538132379925306,2.093424724286444,0.3227112269409771,100iter_status_quo
89,2140.272239606062,1479.782607000028,,,2391,100,,1.2841633437636373,0.618896949811806,1.407132717764455,0.12296937400081775,100iter_status_quo
90,1395.0130328637335,1662.8576534885915,,,2391,99,,0.8454624441598385,0.6954653506853163,0.9476940833973145,0.10223163923747602,100iter_status_quo
91,4008.729740907578,1749.4630976137732,,,2391,100,,2.4052378445445464,0.7316867827744765,2.727158213775511,0.32192036923096445,100iter_status_quo
92,2550.193392452562,2381.4768372928384,,,2166,97,,1.577439211826327,1.0994814576605902,2.054164796481136,0.47672558465480885,100iter_status_quo
93,970.6857419960515,2829.7645129807847,,,3061,87,,0.6694384427558976,0.9244575344595833,0.8124676032803093,0.14302916052441172,100iter_status_quo
94,3121.847228370543,2805.077583683829,,,2333,120,,1.5609236141852714,1.2023478712746802,2.125057175069068,0.5641335608837967,100iter_status_quo
95,1906.501637835958,2846.4936499117844,,,2333,119,,0.9612613300013236,1.2201001499836195,1.3190053981921201,0.3577440681907965,100iter_status_quo
96,2437.745041650941,2870.161819947171,,,2333,120,,1.2188725208254705,1.2302451007060313,1.6800643274274107,0.46119180660194026,100iter_status_quo
97,1687.4477039097997,2893.5247025598924,,,2333,120,,0.8437238519548999,1.2402591952678492,1.1681869021396416,0.32446305018474175,100iter_status_quo
98,2007.6948653871616,2905.604542137506,,,1536,108,,1.115386036326201,1.8916696237874389,2.1132142786713044,0.9978282423451035,100iter_status_quo
99,426.5896754365461,2.497065608316107,,,729,100,,0.2559538052619277,0.0034253300525598175,0.25595455603113026,7.507692025843227e-07,100iter_status_quo
100,1461.1312385017154,0.0,,,2013,112,,0.7827488777687761,0.0,0.7827488777687761,0.0,100iter_status_quo
101,3181.077676394208,0.0,,,2721,120,,1.590538838197104,0.0,1.590538838197104,0.0,100iter_status_quo
102,5030.979565723924,257.72619990581194,,,3324,119,,2.536628352465844,0.07753495785373404,2.5404406954107794,0.0038123429449354873,100iter_status_quo
103,6088.671354567422,897.7356399470262,,,3293,106,,3.4464177478683524,0.27261938656150203,3.51045333549662,0.06403558762826744,100iter_status_quo
104,4526.605938756334,0.0,,,729,96,,2.8291287117227086,0.0,2.8291287117227086,0.0,100iter_status_quo
105,2027.6844882076089,0.0,,,729,100,,1.2166106929245653,0.0,1.2166106929245653,0.0,100iter_status_quo
106,2361.841828044352,0.0,,,729,99,,1.4314192897238494,0.0,1.4314192897238494,0.0,100iter_status_quo
107,1832.0017704127936,0.0,,,729,100,,1.099201062247676,0.0,1.099201062247676,0.0,100iter_status_quo
108,3976.529508207863,0.0,,,729,99,,2.410017883762341,0.0,2.410017883762341,0.0,100iter_status_quo
109,3787.9535621091854,0.0,,,729,99,,2.2957294315813246,0.0,2.2957294315813246,0.0,100iter_status_quo
110,2664.418268404272,0.0,,,729,88,,1.816648819366549,0.0,1.816648819366549,0.0,100iter_status_quo
111,2236.141648525741,0.0,,,729,90,,1.4907610990171607,0.0,1.4907610990171607,0.0,100iter_status_quo
112,6295.230880371994,0.0,,,729,85,,4.443692386144937,0.0,4.443692386144937,0.0,100iter_status_quo
113,1386.837480073949,0.0,,,2347,110,,0.7564568073130633,0.0,0.7564568073130633,0.0,100iter_status_quo
114,4482.098099171079,0.0,,,2333,120,,2.2410490495855395,0.0,2.2410490495855395,0.0,100iter_status_quo
115,967.2338545450544,0.0,,,2096,114,,0.5090704497605549,0.0,0.5090704497605549,0.0,100iter_status_quo
116,6641.566474985803,0.0,,,2339,115,,3.465165117383897,0.0,3.465165117383897,0.0,100iter_status_quo
117,2900.4197279862065,0.0,,,2333,120,,1.4502098639931031,0.0,1.4502098639931031,0.0,100iter_status_quo
118,7150.926141131028,0.0,,,2334,118,,3.6360641395581497,0.0,3.6360641395581497,0.0,100iter_status_quo
119,138.61280402907454,0.0,,,2139,117,,0.0710834892456792,0.0,0.0710834892456792,0.0,100iter_status_quo
120,4646.296659299301,0.0,,,2333,120,,2.3231483296496505,0.0,2.3231483296496505,0.0,100iter_status_quo
121,6375.642888146268,0.0,,,2333,119,,3.214609859569547,0.0,3.214609859569547,0.0,100iter_status_quo
122,9246.570828344114,0.0,,,2333,120,,4.623285414172058,0.0,4.623285414172058,0.0,100iter_status_quo
123,1534.8660954570962,0.0,,,2348,109,,0.8448804195176677,0.0,0.8448804195176677,0.0,100iter_status_quo
124,1877.417300305622,1091.7649591285233,,,729,79,,1.425886557194143,1.4976199713697165,2.2254045267401388,0.7995179695459957,100iter_status_quo
126,1897.1851262924465,2154.0773349916635,,,1811,106,,1.0738783733730828,1.1894408255061644,1.453700959639974,0.37982258626689114,100iter_status_quo
127,1483.4622208121002,2050.1500286916576,,,2333,119,,0.7479641449472775,0.878761263905554,0.8923626170598388,0.1443984721125613,100iter_status_quo
128,1875.2605068342427,1863.3213036587315,,,1934,115,,0.9783967861743876,0.9634546554595302,1.2054447363368774,0.2270479501624898,100iter_status_quo
129,3327.5142290398862,1796.3826272304923,,,729,96,,2.079696393149929,2.4641736999046535,5.236754558529623,3.157058165379694,100iter_status_quo
130,225.05482885543543,1796.3826272304923,,,729,100,,0.1350328973132612,2.4641736999046535,0.3400179674715167,0.20498507015825548,100iter_status_quo
131,3113.508108488663,1796.3826272304923,,,2339,118,,1.583139716180676,0.7680130941558325,1.8165911265108827,0.23345141033020678,100iter_status_quo
132,1886.9484527400857,1796.3826272304923,,,2343,113,,1.001919532428364,0.7667019322366591,1.1491595862282353,0.14724005379987126,100iter_status_quo
133,9519.946896653411,0.0,,,2279,117,,4.882024049565852,0.0,4.882024049565852,0.0,100iter_status_quo
134,162.64281702292567,0.0,,,2335,118,,0.0826997374692842,0.0,0.0826997374692842,0.0,100iter_status_quo
135,11699.839149833915,0.0,,,2334,119,,5.899078562941471,0.0,5.899078562941471,0.0,100iter_status_quo
136,2636.004394110598,0.0,,,2335,118,,1.3403412173443716,0.0,1.3403412173443716,0.0,100iter_status_quo
137,58.97222645443464,0.0,,,1517,109,,0.032461776029964,0.0,0.032461776029964,0.0,100iter_status_quo
138,6789.364867404183,0.0,,,2333,120,,3.394682433702092,0.0,3.394682433702092,0.0,100iter_status_quo
139,7798.900064235726,0.0,,,2253,119,,3.932218519782719,0.0,3.932218519782719,0.0,100iter_status_quo
140,2412.9461209653914,0.0,,,729,94,,1.5401783750842923,0.0,1.5401783750842923,0.0,100iter_status_quo
141,2559.286814415442,0.0,,,2238,106,,1.4486529138200617,0.0,1.4486529138200617,0.0,100iter_status_quo
142,2445.4737403799013,0.0,,,729,92,,1.5948741785086311,0.0,1.5948741785086311,0.0,100iter_status_quo
143,3171.1314226729214,0.0,,,729,97,,1.9615245913440755,0.0,1.9615245913440755,0.0,100iter_status_quo
144,24.710247395683616,0.0,,,729,100,,0.0148261484374101,0.0,0.0148261484374101,0.0,100iter_status_quo
145,205.36392899365336,0.0,,,729,100,,0.123218357396192,0.0,0.123218357396192,0.0,100iter_status_quo
146,3089.813140762068,0.0,,,729,98,,1.891722331078817,0.0,1.891722331078817,0.0,100iter_status_quo
147,7546.426764537397,0.0,,,1499,90,,5.030951176358264,0.0,5.030951176358264,0.0,100iter_status_quo
148,7642.263383915135,0.0,,,2123,96,,4.77641461494696,0.0,4.77641461494696,0.0,100iter_status_quo
149,23430.110217879137,0.0,,,2339,107,,13.138379561427554,0.0,13.138379561427554,0.0,100iter_status_quo
150,615.6253856732188,0.0,,,1273,106,,0.348467199437671,0.0,0.348467199437671,0.0,100iter_status_quo
151,3933.61599115291,0.0,,,2171,114,,2.0703242058699525,0.0,2.0703242058699525,0.0,100iter_status_quo
152,2229.1270243173267,0.0,,,2391,95,,1.4078696995688382,0.0,1.4078696995688382,0.0,100iter_status_quo
153,2110.272848365732,0.0,,,2391,89,,1.4226558528308306,0.0,1.4226558528308306,0.0,100iter_status_quo
154,4371.245634827746,0.0,,,2391,100,,2.6227473808966475,0.0,2.6227473808966475,0.0,100iter_status_quo
155,5706.035925528771,0.0,,,2237,117,,2.926172269501934,0.0,2.926172269501934,0.0,100iter_status_quo
156,927.6132174427204,0.0,,,1133,105,,0.5300646956815545,0.0,0.5300646956815545,0.0,100iter_status_quo
157,7965.478607659928,0.0,,,729,97,,4.927100169686553,0.0,4.927100169686553,0.0,100iter_status_quo
158,4507.309332662633,0.0,,,2247,114,,2.372268069822438,0.0,2.372268069822438,0.0,100iter_status_quo
159,6341.623671310632,0.0,,,2333,119,,3.197457313265865,0.0,3.197457313265865,0.0,100iter_status_quo
160,256.2691180365969,0.0,,,2333,119,,0.1292113200184522,0.0,0.1292113200184522,0.0,100iter_status_quo
161,9348.916857720986,0.0,,,2333,120,,4.6744584288604925,0.0,4.6744584288604925,0.0,100iter_status_quo
162,3996.142575471632,0.0,,,2333,120,,1.998071287735816,0.0,1.998071287735816,0.0,100iter_status_quo
163,8177.201557824537,0.0,,,2333,120,,4.0886007789122685,0.0,4.0886007789122685,0.0,100iter_status_quo
164,6578.624943132748,0.0,,,2333,120,,3.2893124715663737,0.0,3.2893124715663737,0.0,100iter_status_quo
165,4481.499816312526,0.0,,,2129,117,,2.2982050340064237,0.0,2.2982050340064237,0.0,100iter_status_quo
166,4371.380928348,0.0,,,729,100,,2.6228285570088,0.0,2.6228285570088,0.0,100iter_status_quo
167,2538.5998876238605,0.0,,,1949,115,,1.3244868978907098,0.0,1.3244868978907098,0.0,100iter_status_quo
168,6709.510529003125,0.0,,,2333,119,,3.3829464852116597,0.0,3.3829464852116597,0.0,100iter_status_quo
169,9968.376672865634,0.0,,,2271,118,,5.068666104846932,0.0,5.068666104846932,0.0,100iter_status_quo
171,49865.043318396056,0.0,,,1754,110,,27.199114537306937,0.0,27.199114537306937,0.0,100iter_status_quo
172,619.3997546912561,0.0,,,2200,100,,0.3716398528147537,0.0,0.3716398528147537,0.0,100iter_status_quo
173,1910.9416835043069,0.0,,,2200,100,,1.1465650101025842,0.0,1.1465650101025842,0.0,100iter_status_quo
174,6978.5477473254405,1796.3826272304923,,,2200,100,,4.187128648395264,0.816537557832042,4.885053470318598,0.6979248219233343,100iter_status_quo
175,5286.2980122217705,1796.3826272304923,,,2200,100,,3.1717788073330624,0.816537557832042,3.700461669785003,0.5286828624519404,100iter_status_quo
176,4439.9389635413945,1796.3826272304923,,,2200,100,,2.663963378124837,0.816537557832042,3.108001840377633,0.444038462252796,100iter_status_quo
177,16886.709860095605,0.0,,,2200,100,,10.132025916057362,0.0,10.132025916057362,0.0,100iter_status_quo
178,6719.55714161299,2913.2545176758968,,,1000,80,,5.039667856209742,2.9132545176758966,15.732648500610829,10.692980644401086,100iter_status_quo
