run,case,case_type,scenario,source,n_links,total_flow,mean_link_tt_min_unweighted,median_link_tt_min_unweighted,p95_link_tt_min_unweighted,max_link_tt_min,mean_delay_min_unweighted,p95_delay_min_unweighted,max_delay_min,flow_weighted_link_tt_min,flow_weighted_delay_min,edge_max_delay
2iter_xscen_xdev_test,dev0,development,scenario_44,all_links,177,143001.18113216927,2.548114482148897,1.8610854101403376,6.2271446297782305,27.199114537306937,0.3210388455985456,1.2579804563513062,13.435915115254168,2.918145579834909,1.254581551980379,178
2iter_xscen_xdev_test,dev0,development,scenario_44,used_links,58,143001.18113216927,2.5143354501487503,1.8569996707466936,6.507447234075527,18.47558297146391,0.979721994326596,2.1938372269506354,13.435915115254168,2.918145579834909,1.254581551980379,178
2iter_xscen_xdev_test,dev103,development,scenario_44,all_links,177,146043.74761509625,2.56960198157723,1.8827387483584723,6.267125233802583,27.199114537306937,0.3348884111943537,1.3101486619156508,13.99269329080732,2.9800140347337756,1.3061762285331278,178
2iter_xscen_xdev_test,dev103,development,scenario_44,used_links,58,146043.74761509625,2.5799093708179743,1.8984277152025513,6.601874015168373,19.032361147017063,1.021987047955183,2.284780726362257,13.99269329080732,2.9800140347337756,1.3061762285331278,178
2iter_xscen_xdev_test,dev104,development,scenario_44,all_links,177,143858.45182896184,2.548076508192954,1.8688065158356433,6.251250913365255,27.199114537306937,0.32632898861228676,1.2765478546961901,13.63198709382242,2.9363423140394196,1.2759949704688032,178
2iter_xscen_xdev_test,dev104,development,scenario_44,used_links,58,143858.45182896187,2.514219564110788,1.865213803936906,6.541117754063745,18.671654950032163,0.9958660514547372,2.2262656850564633,13.63198709382242,2.9363423140394196,1.2759949704688032,178
2iter_xscen_xdev_test,dev109,development,scenario_44,all_links,177,147343.39577464527,2.5987726559604636,1.894596588840766,6.420425161646832,27.199114537306937,0.34345191585692586,1.3472182788239317,14.38743208497273,3.0304097067815454,1.348123117954129,178
2iter_xscen_xdev_test,dev109,development,scenario_44,used_links,58,147343.39577464524,2.668930221953014,1.9062099092373814,6.679849124721435,19.427099941182473,1.0481205018392392,2.3494673386772233,14.38743208497273,3.0304097067815454,1.348123117954129,178
2iter_xscen_xdev_test,dev114,development,scenario_44,all_links,177,144121.1739958491,2.555519741422942,1.8690528026222746,6.25201985234324,27.199114537306937,0.3283013343737281,1.2771521579494438,13.63979347541147,2.9413595919666182,1.278105685609142,178
2iter_xscen_xdev_test,dev114,development,scenario_44,used_links,58,144121.17399584915,2.536934258622992,1.865466589114499,6.5421917717626785,18.679461331621212,1.0018851066232737,2.22730008363323,13.63979347541147,2.9413595919666182,1.278105685609142,178
2iter_xscen_xdev_test,dev126,development,scenario_44,all_links,177,145798.5969906894,2.5808564815878583,1.8846514614529088,6.268618167784277,27.199114537306937,0.3357053637094593,1.314744289326279,14.0411163126434,2.991284128976017,1.314601837883838,178
2iter_xscen_xdev_test,dev126,development,scenario_44,used_links,58,145798.59699068943,2.614255000160754,1.8994761989162563,6.610215054265546,19.080784168853143,1.0244801616650743,2.292814075327952,14.0411163126434,2.991284128976017,1.314601837883838,178
2iter_xscen_xdev_test,dev12,development,scenario_44,all_links,177,143569.69665009153,2.5689450136751617,1.8714941270274699,6.249310485575947,27.199114537306937,0.32494685713249605,1.2750845209991946,13.61922565130235,2.948179476445758,1.274215855513733,178
2iter_xscen_xdev_test,dev12,development,scenario_44,used_links,58,143569.69665009153,2.577904486013386,1.8905040695617064,6.538407456044154,18.658893507512094,0.9916481674560655,2.2236553664212493,13.61922565130235,2.948179476445758,1.274215855513733,178
2iter_xscen_xdev_test,dev140,development,scenario_44,all_links,177,143561.0573515157,2.5516288082408076,1.869383202095891,6.25305140193242,27.199114537306937,0.3266312547688127,1.2779632855119119,13.648059297339387,2.9443471332231455,1.28069365706001,178
2iter_xscen_xdev_test,dev140,development,scenario_44,used_links,58,143561.0573515157,2.525060203911996,1.8658181061969514,6.543632591577807,18.68772715354913,0.9967884843806872,2.2286877534710974,13.648059297339387,2.9443471332231455,1.28069365706001,178
2iter_xscen_xdev_test,dev143,development,scenario_44,all_links,177,143431.65793678013,2.549089809229374,1.8690574166939395,6.252034258067555,27.199114537306937,0.326441297524132,1.277156112806658,13.639699414661873,2.9445086609155697,1.2807115705562468,178
2iter_xscen_xdev_test,dev143,development,scenario_44,used_links,58,143431.65793678013,2.5173118793426217,1.865472178924728,6.542211892998982,18.679367270871616,0.99620878727192,2.227319462623181,13.639699414661873,2.9445086609155697,1.2807115705562468,178
2iter_xscen_xdev_test,dev144,development,scenario_44,all_links,177,145410.94980837265,2.5625294050030876,1.8799183424748553,6.264923816455637,27.199114537306937,0.33364909119082325,1.3033536003634312,13.92145025863211,2.969566404173327,1.3036729154007793,178
2iter_xscen_xdev_test,dev144,development,scenario_44,used_links,58,145410.94980837265,2.558325818169298,1.8981338210074044,6.589574671469846,18.961118114841852,1.0182049851857882,2.2729350895263414,13.92145025863211,2.969566404173327,1.3036729154007793,178
2iter_xscen_xdev_test,dev150,development,scenario_44,all_links,177,145777.7100562005,2.5612169155663125,1.8762312244314165,6.266399792623305,27.199114537306937,0.33426655212038486,1.3079034689175377,13.968380872283795,2.968551617572717,1.3054242882436637,178
2iter_xscen_xdev_test,dev150,development,scenario_44,used_links,58,145777.7100562005,2.554320462474311,1.8790202770173488,6.597820967067617,19.008048728493538,1.0200893056087608,2.280877189957645,13.968380872283795,2.968551617572717,1.3054242882436637,178
2iter_xscen_xdev_test,dev152,development,scenario_44,all_links,177,135452.54087834296,2.5433744003809697,1.8565338129224818,6.255493798294664,27.199114537306937,0.2890525064873911,1.133003092275405,12.101205648210065,2.794348710735125,1.1327248588509695,178
2iter_xscen_xdev_test,dev152,development,scenario_44,used_links,57,135452.54087834296,2.431515884640551,1.8091866459117536,6.289870605430825,17.140873504419808,0.8975840990924251,1.9812692906698792,12.101205648210065,2.794348710735125,1.1327248588509695,178
2iter_xscen_xdev_test,dev15,development,scenario_44,all_links,177,143307.54765098228,2.546557287994194,1.8634750797571618,6.234605485222482,27.199114537306937,0.3225183779550765,1.2637292658883923,13.497078970681137,2.9214599850593563,1.2605646838026028,178
2iter_xscen_xdev_test,dev15,development,scenario_44,used_links,58,143307.5476509823,2.5095833231593967,1.8595388948571663,6.517868205083271,18.53674682689088,0.9842371189318714,2.2038737818320264,13.497078970681137,2.9214599850593563,1.2605646838026028,178
2iter_xscen_xdev_test,dev176,development,scenario_44,all_links,177,142895.58731589373,2.5759568837890394,1.8714941270274699,6.264900953685297,27.199114537306937,0.3224435076705769,1.2622647701763876,13.481220518784873,2.9377372602856964,1.2624188765271294,178
2iter_xscen_xdev_test,dev176,development,scenario_44,used_links,58,142895.58731589373,2.599302779291945,1.8878612167094933,6.51522258860822,18.520888374994616,0.9840086354774502,2.2013257587229287,13.481220518784873,2.9377372602856964,1.2624188765271294,178
2iter_xscen_xdev_test,dev177,development,scenario_44,all_links,177,143342.10973101627,2.5490611418346942,1.861614720023459,6.251270933071326,27.199114537306937,0.32511420251494233,1.2766023433822733,13.635418662089108,2.9431479554859177,1.2788193555905107,178
2iter_xscen_xdev_test,dev177,development,scenario_44,used_links,58,143342.10973101627,2.517224394362303,1.8430849766053141,6.541145716644995,18.67508651829885,0.9921588593990481,2.2262926161343,13.635418662089108,2.9431479554859177,1.2788193555905107,178
2iter_xscen_xdev_test,dev17,development,scenario_44,all_links,177,143931.5394187127,2.5916568864590537,1.8714941270274699,6.308686170641522,27.199114537306937,0.3261887787163086,1.2737484404800743,13.605066118357783,2.9736393803458556,1.2709297908667212,178
2iter_xscen_xdev_test,dev17,development,scenario_44,used_links,58,143931.5394187127,2.6472148564056086,1.8907497261483792,6.970886544380562,18.644733974567526,0.9954381695308039,2.221321498408438,13.605066118357783,2.9736393803458556,1.2709297908667212,178
2iter_xscen_xdev_test,dev195,development,scenario_44,all_links,177,145655.61900729066,2.563377482101095,1.8813165191427734,6.26601513823621,27.199114537306937,0.33401362310189314,1.306717707089688,13.955682711168873,2.970166502610994,1.304772626075271,178
2iter_xscen_xdev_test,dev195,development,scenario_44,used_links,58,145655.61900729066,2.5609139155201137,1.8973395890642766,6.595671898641963,18.995350567378615,1.0193174360178463,2.278807397883383,13.955682711168873,2.970166502610994,1.304772626075271,178
2iter_xscen_xdev_test,dev197,development,scenario_44,all_links,177,143906.60873064032,2.553459858112998,1.8702274212754137,6.255687162632283,27.199114537306937,0.3271879712454141,1.2800102649776708,13.670649207394515,2.9442109799463676,1.2806764943671558,178
2iter_xscen_xdev_test,dev197,development,scenario_44,used_links,58,143906.6087306403,2.530648063004715,1.866714203152566,6.547314097812833,18.710317063604258,0.9984874294903155,2.2322334537082957,13.670649207394515,2.9442109799463676,1.2806764943671558,178
2iter_xscen_xdev_test,dev201,development,scenario_44,all_links,177,145820.47750993958,2.579167859113254,1.8843262095038418,6.268364298195164,27.199114537306937,0.33553035252264324,1.3139646742099063,14.032946962987733,2.9903201550048437,1.3132094633108071,178
2iter_xscen_xdev_test,dev201,development,scenario_44,used_links,58,145820.47750993958,2.6091017901951497,1.8993591586294447,6.608796681990324,19.072614819197476,1.0239460758018595,2.2914480249693128,14.032946962987733,2.9903201550048437,1.3132094633108071,178
2iter_xscen_xdev_test,dev202,development,scenario_44,all_links,177,144877.38475008577,2.5569671446053857,1.8714941270274699,6.260664237089011,27.199114537306937,0.3299545737392649,1.2902206913923169,13.780076861181701,2.950421091438135,1.2874336061462563,178
2iter_xscen_xdev_test,dev202,development,scenario_44,used_links,58,144877.38475008577,2.541351333852174,1.8712126627720518,6.565776353211846,18.819744717391444,1.00693033710086,2.250014660412426,13.780076861181701,2.950421091438135,1.2874336061462563,178
2iter_xscen_xdev_test,dev206,development,scenario_44,all_links,177,144034.92600105336,2.5505084857886113,1.8684951047042238,6.250278647819049,27.199114537306937,0.3261288668882073,1.27579734187263,13.623930766787812,2.934309845195847,1.2731423887058517,178
2iter_xscen_xdev_test,dev206,development,scenario_44,used_links,58,144034.92600105333,2.5216412888423605,1.8648831221368407,6.539759739403824,18.663598622997554,0.9952553351588393,2.224957765798853,13.623930766787812,2.934309845195847,1.2731423887058517,178
2iter_xscen_xdev_test,dev209,development,scenario_44,all_links,177,143733.82173177024,2.5575319692530085,1.8669377408117234,6.2454163577375095,27.199114537306937,0.32335577979233726,1.2720692701703158,13.58631767985472,2.94013534810532,1.2670933749739528,178
2iter_xscen_xdev_test,dev209,development,scenario_44,used_links,58,143733.82173177018,2.5430750228630234,1.8632180787506745,6.532968321938416,18.625985536064462,0.9867926383317878,2.218416874929535,13.58631767985472,2.94013534810532,1.2670933749739528,178
2iter_xscen_xdev_test,dev227,development,scenario_44,all_links,177,143896.14900853645,2.5493847215697114,1.8690375989477728,6.2519723845188695,27.199114537306937,0.3264105528977856,1.2771161915591915,13.639969261508291,2.9369682450029995,1.276269668321248,178
2iter_xscen_xdev_test,dev227,development,scenario_44,used_links,58,143896.14900853642,2.5182118704502012,1.8654492059682088,6.542125470944324,18.679637117718034,0.996114963153587,2.227236228566212,13.639969261508291,2.9369682450029995,1.276269668321248,178
2iter_xscen_xdev_test,dev233,development,scenario_44,all_links,177,143997.9823050687,2.5504206984713793,1.8694325985409599,6.253205623977814,27.199114537306937,0.32672308421227136,1.2780554667377513,13.64806757761033,2.9383148233219702,1.27697417876583,178
2iter_xscen_xdev_test,dev233,development,scenario_44,used_links,58,143997.98230506873,2.52137338616736,1.86587905948823,6.543848001657229,18.687735433820073,0.9970687225098629,2.2288952173516225,13.64806757761033,2.9383148233219702,1.27697417876583,178
2iter_xscen_xdev_test,dev240,development,scenario_44,all_links,177,143888.66025789187,2.549888890774929,1.8690340975215687,6.2519614526165785,27.199114537306937,0.32643845852606385,1.2771099532258556,13.64002988571513,2.9376316362530477,1.2764053747402622,178
2iter_xscen_xdev_test,dev240,development,scenario_44,used_links,58,143888.66025789184,2.5197504557833654,1.8654451815767703,6.542110201778786,18.679697741924873,0.996200123432988,2.227221522660418,13.64002988571513,2.9376316362530477,1.2764053747402622,178
2iter_xscen_xdev_test,dev243,development,scenario_44,all_links,177,144756.4948725736,2.574145339451448,1.8714941270274699,6.26094074695215,27.199114537306937,0.3285863774922241,1.2910511319266085,13.789646739117568,2.9790001024275874,1.2872535214841343,178
2iter_xscen_xdev_test,dev243,development,scenario_44,used_links,58,144756.49487257362,2.5937744457099834,1.8715878910635977,6.567321216954968,18.82931459532731,1.0027549795883393,2.251502536132509,13.789646739117568,2.9790001024275874,1.2872535214841343,178
2iter_xscen_xdev_test,dev245,development,scenario_44,all_links,177,145737.0604233798,2.564781114921078,1.881243673496833,6.2659582798706985,27.199114537306937,0.3350152525446987,1.3065442321377596,13.955515532331138,2.972377683317463,1.3067380694709663,178
2iter_xscen_xdev_test,dev245,development,scenario_44,used_links,58,145737.06042337976,2.5651974156776456,1.9295252225026363,6.59535423030863,18.99518338854088,1.0223741327657185,2.2785014479235195,13.955515532331138,2.972377683317463,1.3067380694709663,178
2iter_xscen_xdev_test,dev249,development,scenario_44,all_links,177,145831.62820844597,2.576155292504444,1.8834324407352907,6.267666682975073,27.199114537306937,0.33510805899080015,1.3118190925803122,14.01032246568381,2.9871743323033297,1.3100799049415808,178
2iter_xscen_xdev_test,dev249,development,scenario_44,used_links,58,145831.62820844597,2.5999082679579204,1.8988713906550418,6.604899097839309,19.049990321893553,1.0226573524374418,2.2876942176506443,14.01032246568381,2.9871743323033297,1.3100799049415808,178
2iter_xscen_xdev_test,dev250,development,scenario_44,all_links,177,143782.2548883611,2.5590030871533025,1.8714941270274699,6.252020840885971,27.199114537306937,0.32603327122695047,1.277149639583345,13.639805431512546,2.9459429263178314,1.2763322648370223,178
2iter_xscen_xdev_test,dev250,development,scenario_44,used_links,58,143782.2548883611,2.547564468869092,1.8908977656144828,6.542193152512543,18.67947328772229,0.9949636035719006,2.2273014134490197,13.639805431512546,2.9459429263178314,1.2763322648370223,178
2iter_xscen_xdev_test,dev254,development,scenario_44,all_links,177,134223.82296803442,2.5328000795153405,1.8565338129224818,6.096650059824075,27.199114537306937,0.28424206518782774,1.1107864592777872,11.864315594634697,2.7714005976598073,1.1111482531105963,178
2iter_xscen_xdev_test,dev254,development,scenario_44,used_links,57,134223.8229680344,2.4165781984998014,1.7999581546702086,6.249732654826452,16.90398345084444,0.8826464129516757,1.9424038103554313,11.864315594634697,2.7714005976598073,1.1111482531105963,178
2iter_xscen_xdev_test,dev255,development,scenario_44,all_links,177,144497.0803970456,2.5497202352611925,1.8706051975839912,6.256866628784723,27.199114537306937,0.32724901872683065,1.2809377636579926,13.681111471160218,2.9344936934207184,1.2764181471043003,178
2iter_xscen_xdev_test,dev255,development,scenario_44,used_links,58,144497.0803970456,2.519235765681102,1.8671153815547423,6.5489615205073255,18.72077932736996,0.9986737295629144,2.2338201051128395,13.681111471160218,2.9344936934207184,1.2764181471043003,178
2iter_xscen_xdev_test,dev25,development,scenario_44,all_links,177,145978.56009546207,2.5633858441769446,1.877848306695729,6.2675194213490695,27.199114537306937,0.33590053413120535,1.3113597581751828,14.006884342099113,2.9764399516262614,1.3111534275194774,178
2iter_xscen_xdev_test,dev25,development,scenario_44,used_links,58,145978.56009546202,2.5609394342688265,1.8805460395909543,6.604076345463739,19.046552198308856,1.0250757679521267,2.286901815544826,14.006884342099113,2.9764399516262614,1.3111534275194774,178
2iter_xscen_xdev_test,dev261,development,scenario_44,all_links,177,144966.08087477775,2.5533028201090073,1.8714941270274699,6.261480595632814,27.199114537306937,0.3303835553902543,1.2927389047410818,13.806864217606876,2.9494072181783855,1.2901328378238037,178
2iter_xscen_xdev_test,dev261,development,scenario_44,used_links,58,144966.08087477772,2.5301688263373636,1.8723234713109984,6.570337357659909,18.84653207381662,1.0082394707599138,2.2544074153124463,13.806864217606876,2.9494072181783855,1.2901328378238037,178
2iter_xscen_xdev_test,dev267,development,scenario_44,all_links,177,143569.6698443644,2.551343711391208,1.8622381854452486,6.252980682339107,27.199114537306937,0.3258167637574183,1.2779060831011888,13.647344025689605,2.9427267094909304,1.278795553923394,178
2iter_xscen_xdev_test,dev267,development,scenario_44,used_links,58,143569.6698443644,2.5241901669744227,1.8578679439277543,6.54353381378522,18.68701188189935,0.9943028825010869,2.2285926194633707,13.647344025689605,2.9427267094909304,1.278795553923394,178
2iter_xscen_xdev_test,dev270,development,scenario_44,all_links,177,144443.45089171448,2.550638932969412,1.8702701917791111,6.255820697637758,27.199114537306937,0.32709260154629805,1.2801316788595318,13.672527545693136,2.935258718755208,1.2757455091862318,178
2iter_xscen_xdev_test,dev270,development,scenario_44,used_links,58,144443.45089171446,2.522039377652736,1.8667593951565709,6.547500613210559,18.71219540190288,0.9981963874774957,2.23241308879452,13.672527545693136,2.935258718755208,1.2757455091862318,178
2iter_xscen_xdev_test,dev273,development,scenario_44,all_links,177,143894.5577929599,2.55105406762165,1.8690439209367338,6.251992122580325,27.199114537306937,0.32631388049618787,1.2771328801874584,13.640045755211137,2.9384565584652407,1.2761461076272316,178
2iter_xscen_xdev_test,dev273,development,scenario_44,used_links,58,143894.55779295988,2.523306254091463,1.865456960776978,6.542153040137658,18.67971361142088,0.9958199456521594,2.227262780767703,13.640045755211137,2.9384565584652407,1.2761461076272316,178
2iter_xscen_xdev_test,dev277,development,scenario_44,all_links,177,145557.70882067533,2.559097446243592,1.8727966230450066,6.264017784729859,27.199114537306937,0.33234158720363355,1.300562609550515,13.890444575857039,2.9595422346816846,1.2963010496671719,178
2iter_xscen_xdev_test,dev277,development,scenario_44,used_links,58,145557.70882067533,2.547852426782561,1.8757770891299645,6.584512661936497,18.93011243206678,1.0142148437076401,2.26805981096988,13.890444575857039,2.9595422346816846,1.2963010496671719,178
2iter_xscen_xdev_test,dev27,development,scenario_44,all_links,177,145834.5563157522,2.5619820385363576,1.876735934543537,6.266747579670826,27.199114537306937,0.33511186495054546,1.3089738238581463,13.981244558264343,2.974385093246516,1.308653956183092,178
2iter_xscen_xdev_test,dev27,development,scenario_44,used_links,58,145834.55631575218,2.5566554067104854,1.8794954205047882,6.599764057248719,19.020912414474086,1.0226689671766644,2.2827486020580747,13.981244558264343,2.974385093246516,1.308653956183092,178
2iter_xscen_xdev_test,dev284,development,scenario_44,all_links,177,143740.13459774668,2.555583478223732,1.8701086759179204,6.255316424375959,27.199114537306937,0.3263019262759101,1.279709307077268,13.66662539833089,2.9463610762858665,1.2799063110072244,178
2iter_xscen_xdev_test,dev284,development,scenario_44,used_links,58,143740.1345977467,2.5371287657564388,1.8665938955248846,6.5467962681015495,18.706293254540633,0.9957834646695877,2.2317347260645244,13.66662539833089,2.9463610762858665,1.2799063110072244,178
2iter_xscen_xdev_test,dev285,development,scenario_44,all_links,177,145911.1319930093,2.574238299041116,1.883056928988155,6.267373583999877,27.199114537306937,0.3350095317514545,1.3109175599883955,14.00081810795448,2.985479103042475,1.3082424676773234,178
2iter_xscen_xdev_test,dev285,development,scenario_44,used_links,58,145911.1319930093,2.5940581327336276,1.8986410172222643,6.60326155053887,19.040485964164223,1.022356674482887,2.2861170773496586,14.00081810795448,2.985479103042475,1.3082424676773234,178
2iter_xscen_xdev_test,dev289,development,scenario_44,all_links,177,145980.63812322347,2.5706037211491157,1.8827138966827117,6.267105836271738,27.199114537306937,0.3348234199529432,1.3100902881755718,13.99201219124533,2.981154846253762,1.3065186331532823,178
2iter_xscen_xdev_test,dev289,development,scenario_44,used_links,58,145980.63812322344,2.582966403649419,1.8984083943321188,6.6017656409434275,19.031680047455072,1.0217887126150162,2.2846763499221376,13.99201219124533,2.981154846253762,1.3065186331532823,178
2iter_xscen_xdev_test,dev28,development,scenario_44,all_links,177,143147.73418337834,2.587109901985014,1.8624225175607199,6.304109063792876,27.199114537306937,0.32217876151754593,1.2612057504128338,13.470921859565095,2.975047338385823,1.2585773839993577,178
2iter_xscen_xdev_test,dev28,development,scenario_44,used_links,58,143147.7341833783,2.6333387141313844,1.8584215271229327,6.974784380429801,18.510589715774838,0.9832007032518214,2.199453045937703,13.470921859565095,2.975047338385823,1.2585773839993577,178
2iter_xscen_xdev_test,dev2,development,scenario_44,all_links,177,146033.14683712175,2.5669467799352725,1.882375918548599,6.266842033486599,27.199114537306937,0.3347652135347512,1.309274432118717,13.983379483356376,2.9757169390849216,1.3052454463002672,178
2iter_xscen_xdev_test,dev2,development,scenario_44,used_links,58,146033.14683712175,2.5718064278761372,1.898242496184793,6.600291771789283,19.02304733956612,1.0216110826836373,2.283256849892575,13.983379483356376,2.9757169390849216,1.3052454463002672,178
2iter_xscen_xdev_test,dev308,development,scenario_44,all_links,177,143718.5242316382,2.5731906021096824,1.8714941270274699,6.252455309296218,27.199114537306937,0.3253770172720972,1.2775094747869316,13.64508920398011,2.954059046776597,1.2760852956841484,178
2iter_xscen_xdev_test,dev308,development,scenario_44,used_links,58,143718.52423163824,2.5908608507187347,1.891066572710959,6.542799997497116,18.684757060189852,0.9929608975372622,2.2278858727079154,13.64508920398011,2.954059046776597,1.2760852956841484,178
2iter_xscen_xdev_test,dev331,development,scenario_44,all_links,177,145887.92346228045,2.582318468220757,1.885125642977106,6.26898828168846,27.199114537306937,0.3362588780056849,1.315885328667011,14.053266991995567,2.9934179389549795,1.3159756883336977,178
2iter_xscen_xdev_test,dev331,development,scenario_44,used_links,58,145887.92346228045,2.6187165800577032,1.8997391800123893,6.612282884848181,19.09293484820531,1.0261693346035556,2.29480562631803,14.053266991995567,2.9934179389549795,1.3159756883336977,178
2iter_xscen_xdev_test,dev334,development,scenario_44,all_links,177,142696.67382364697,2.5456484948136455,1.8565338129224818,6.217014952453833,27.199114537306937,0.3180778482632421,1.2501740591384412,13.352887886308444,2.9082957072949966,1.2440641941975046,178
2iter_xscen_xdev_test,dev334,development,scenario_44,used_links,58,142696.67382364697,2.5068099370739327,1.8324670807099082,6.493298578535402,18.392555742518187,0.9706858472861009,2.1802104969922844,13.352887886308444,2.9082957072949966,1.2440641941975046,178
2iter_xscen_xdev_test,dev348,development,scenario_44,all_links,177,145899.61504385553,2.5793776631742737,1.878753698679194,6.268153936008959,27.199114537306937,0.33433934314177455,1.313304374575913,14.027112805054784,2.9967378691151674,1.3097481016061967,178
2iter_xscen_xdev_test,dev348,development,scenario_44,used_links,58,145899.61504385553,2.6097420543124,1.881405198464992,6.607621386068855,19.066780661264527,1.0203114437257603,2.2903160841924954,14.027112805054784,2.9967378691151674,1.3097481016061967,178
2iter_xscen_xdev_test,dev351,development,scenario_44,all_links,177,146814.3804214034,2.5711181021231138,1.891722331078817,6.277621067183814,27.199114537306937,0.34158137392112947,1.342463754455794,14.335068815911487,3.0115761682454796,1.3451264052442118,178
2iter_xscen_xdev_test,dev351,development,scenario_44,used_links,58,146814.3804214034,2.5845361524838597,1.894302802049406,6.660514355373447,19.37473667212123,1.0424121238627573,2.341257900350576,14.335068815911487,3.0115761682454796,1.3451264052442118,178
2iter_xscen_xdev_test,dev356,development,scenario_44,all_links,177,144887.1774428452,2.5771411456436337,1.8794614468932347,6.264567194784634,27.199114537306937,0.332731270967224,1.3022261320452415,13.906939758210108,2.973903976061985,1.3049491117001035,178
2iter_xscen_xdev_test,dev356,development,scenario_44,used_links,58,144887.17744284522,2.60291681977924,1.8965714349800487,6.587582222147095,18.94660761441985,1.0154040510551492,2.2710161390790846,13.906939758210108,2.973903976061985,1.3049491117001035,178
2iter_xscen_xdev_test,dev358,development,scenario_44,all_links,177,146031.80552221902,2.5671721251178914,1.8823764884450256,6.266842478309057,27.199114537306937,0.33475818858433776,1.3092759146122486,13.983398949796129,2.976037092589183,1.3052367834545755,178
2iter_xscen_xdev_test,dev358,development,scenario_44,used_links,58,146031.80552221902,2.572494119209302,1.8982414842831568,6.6002942570174055,19.023066806005872,1.021589644472893,2.2832592434438506,13.983398949796129,2.976037092589183,1.3052367834545755,178
2iter_xscen_xdev_test,dev390,development,scenario_44,all_links,177,144821.4614708943,2.561280873509495,1.8741586972025202,6.264964483648011,27.199114537306937,0.3326220546358464,1.3034475533484646,13.921506089323664,2.971346003097148,1.3062971363839466,178
2iter_xscen_xdev_test,dev390,development,scenario_44,used_links,58,144821.4614708943,2.554515644473333,1.8770645707800964,6.589801879535122,18.961173945533407,1.0150707529404277,2.273153916180303,13.921506089323664,2.971346003097148,1.3062971363839466,178
2iter_xscen_xdev_test,dev392,development,scenario_44,all_links,177,143531.5683667286,2.548604456192117,1.8685302983046552,6.2503885267594415,27.199114537306937,0.32615119862905534,1.2758923560071975,13.626560503295256,2.9407216581555424,1.2779817262559636,178
2iter_xscen_xdev_test,dev392,development,scenario_44,used_links,58,143531.56836672858,2.5158307157634052,1.8649118207531166,6.539913213125536,18.666228359505,0.9953234854714273,2.225105578073704,13.626560503295256,2.9407216581555424,1.2779817262559636,178
2iter_xscen_xdev_test,dev394,development,scenario_44,all_links,177,144099.8928316097,2.556140814042453,1.8714941270274699,6.252021501453867,27.199114537306937,0.32714406229085913,1.277149562722302,13.639695398319883,2.9404894516721947,1.2760863102195714,178
2iter_xscen_xdev_test,dev394,development,scenario_44,used_links,58,144099.89283160967,2.538829600927361,1.8881259627384965,6.542194075162624,18.679363254529626,0.9983534314738287,2.2273023020637344,13.639695398319883,2.9404894516721947,1.2760863102195714,178
2iter_xscen_xdev_test,dev423,development,scenario_44,all_links,177,143078.46237187675,2.548450779952994,1.8611892715293714,6.227468898373506,27.199114537306937,0.32006276494259167,1.2582339263663413,13.438904851158664,2.9179630844903253,1.2525949973414978,178
2iter_xscen_xdev_test,dev423,development,scenario_44,used_links,58,143078.46237187675,2.5153617382750477,1.857110626453701,6.507900157155906,18.478572707368407,0.976743265428254,2.194273442285071,13.438904851158664,2.9179630844903253,1.2525949973414978,178
2iter_xscen_xdev_test,dev459,development,scenario_44,all_links,177,143892.541703787,2.576703865837618,1.8714941270274699,6.256595262916511,27.199114537306937,0.3260861049751064,1.280700995575915,13.679093421985229,2.95997376330569,1.279065037348667,178
2iter_xscen_xdev_test,dev459,development,scenario_44,used_links,58,143892.541703787,2.6015823624401917,1.8897161002719707,6.548582489461051,18.71876127819497,0.9951248375964452,2.233455056031053,13.679093421985229,2.95997376330569,1.279065037348667,178
2iter_xscen_xdev_test,dev464,development,scenario_44,all_links,177,143378.44935135084,2.549534495969561,1.8690653506598114,6.252059028927951,27.199114537306937,0.32640799381308505,1.2771713493480756,13.639504231821864,2.9451373757494466,1.2811118014262817,178
2iter_xscen_xdev_test,dev464,development,scenario_44,used_links,58,143378.44935135084,2.518668940601466,1.8654811637270905,6.5422464917685135,18.679172088031606,0.9961071535330355,2.227352785088907,13.639504231821864,2.9451373757494466,1.2811118014262817,178
2iter_xscen_xdev_test,dev469,development,scenario_44,all_links,177,145546.6907134974,2.560526810797494,1.8786603095792664,6.263941881388964,27.199114537306937,0.3322931641952868,1.300331378821118,13.88796689435166,2.961218251647245,1.2960168513435364,178
2iter_xscen_xdev_test,dev469,development,scenario_44,used_links,58,145546.6907134974,2.5522144530936064,1.8791395141275178,6.58408858910958,18.927634750561403,1.0140670700442374,2.2676513816404165,13.88796689435166,2.961218251647245,1.2960168513435364,178
2iter_xscen_xdev_test,dev486,development,scenario_44,all_links,177,145750.94102639955,2.5813654346799066,1.8837844732271978,6.267941455637715,27.199114537306937,0.3351481797100033,1.312661912810916,14.019106049224995,2.9910152256282694,1.3117388510046555,178
2iter_xscen_xdev_test,dev486,development,scenario_44,used_links,58,145750.94102639952,2.6158081845968306,1.8990184407642539,6.606434255823541,19.058773905434737,1.0227797898046653,2.289172745644716,14.019106049224995,2.9910152256282694,1.3117388510046555,178
2iter_xscen_xdev_test,dev493,development,scenario_44,all_links,177,143391.68446780124,2.5490220866597455,1.8689877827950252,6.251816852092201,27.199114537306937,0.32635710666297507,1.2769959373566513,13.638636664209105,2.944615178382125,1.280695110276079,178
2iter_xscen_xdev_test,dev493,development,scenario_44,used_links,58,143391.68446780127,2.5171052087422017,1.8653973314517065,6.54190823058614,18.67830452041885,0.9959518599887344,2.227027001923536,13.638636664209105,2.944615178382125,1.280695110276079,178
2iter_xscen_xdev_test,dev499,development,scenario_44,all_links,177,145520.95286890783,2.560426399709337,1.8740925767706915,6.264913262391375,27.199114537306937,0.3336723082295162,1.303315485510226,13.920875694798696,2.9683676089378,1.302942457482691,178
2iter_xscen_xdev_test,dev499,development,scenario_44,used_links,58,145520.95286890783,2.551908026152162,1.8769986988091136,6.58951570579305,18.96054355100844,1.0182758371831788,2.2728782990170098,13.920875694798696,2.9683676089378,1.302942457482691,178
2iter_xscen_xdev_test,dev517,development,scenario_44,all_links,177,143926.11560410613,2.5496258129294898,1.8690493761844154,6.252009154564194,27.199114537306937,0.3274422964698068,1.27714989835473,13.640008775573808,2.9394158859110813,1.2781804831906234,178
2iter_xscen_xdev_test,dev517,development,scenario_44,used_links,58,143926.1156041061,2.5189476147722827,1.8654638820983713,6.542176829609445,18.67967663178355,0.9992635599164794,2.227285692676681,13.640008775573808,2.9394158859110813,1.2781804831906234,178
2iter_xscen_xdev_test,dev521,development,scenario_44,all_links,177,147042.28597829983,2.588189586016087,1.891722331078817,6.276221287503161,27.199114537306937,0.34135529543261134,1.3381923457813378,14.291823558428483,3.0183466897708557,1.3376697327453382,178
2iter_xscen_xdev_test,dev521,development,scenario_44,used_links,58,147042.28597829983,2.63663361195035,1.9042803949209641,6.652693770413288,19.331491414638226,1.0417221946822794,2.333725806642718,14.291823558428483,3.0183466897708557,1.3376697327453382,178
2iter_xscen_xdev_test,dev531,development,scenario_44,all_links,177,145733.80756914345,2.5678478305421844,1.8832698288471317,6.267539759175384,27.199114537306937,0.335150713573117,1.3114141045682906,14.00551537317315,2.978766813358033,1.3109355251299848,178
2iter_xscen_xdev_test,dev531,development,scenario_44,used_links,58,145733.80756914345,2.574556185762749,1.8982242509126481,6.604189973130149,19.045183229382893,1.0227875224558916,2.2870112516337597,14.00551537317315,2.978766813358033,1.3109355251299848,178
2iter_xscen_xdev_test,dev533,development,scenario_44,all_links,177,143637.90709204267,2.5752158019546854,1.8714941270274699,6.251984705061919,27.199114537306937,0.3265399978091219,1.2771407133773318,13.639248150503484,2.9500270473745376,1.2788362360642764,178
2iter_xscen_xdev_test,dev533,development,scenario_44,used_links,58,143637.90709204267,2.5970412019698634,1.890891957529736,6.542142679697782,18.678916006713226,0.9965099933140444,2.227252802511038,13.639248150503484,2.9500270473745376,1.2788362360642764,178
2iter_xscen_xdev_test,dev538,development,scenario_44,all_links,177,143876.79964876862,2.5550370000817937,1.8667392174406554,6.244796542277073,27.199114537306937,0.32646029631056567,1.271609852501439,13.582262795932177,2.936462248402662,1.2717325581319014,178
2iter_xscen_xdev_test,dev538,development,scenario_44,used_links,58,143876.79964876862,2.5354610652198306,1.8630115797107387,6.532102592935673,18.62193065214192,0.996266766327071,2.2175830815486695,13.582262795932177,2.936462248402662,1.2717325581319014,178
2iter_xscen_xdev_test,dev540,development,scenario_44,all_links,177,143521.74326945253,2.5567105415058253,1.8714941270274699,6.240547018039129,27.199114537306937,0.32454862021186814,1.268344376508218,13.546517984350675,2.934459168302225,1.2670753959554346,178
2iter_xscen_xdev_test,dev540,development,scenario_44,used_links,58,143521.74326945256,2.540568251979378,1.8890602443990225,6.526167057900687,18.586185840560418,0.99043285823277,2.2118665007151965,13.546517984350675,2.934459168302225,1.2670753959554346,178
2iter_xscen_xdev_test,dev546,development,scenario_44,all_links,177,143893.21707515107,2.552672759011389,1.8714941270274699,6.258404299885957,27.199114537306937,0.3278552437163588,1.2832050216292241,13.70346937974838,2.947235106552509,1.2853572069168298,178
2iter_xscen_xdev_test,dev546,development,scenario_44,used_links,58,143893.21707515107,2.528246053677391,1.868139980527176,6.553150058413172,18.743137235958123,1.0005237609964743,2.2378541332790776,13.70346937974838,2.947235106552509,1.2853572069168298,178
2iter_xscen_xdev_test,dev550,development,scenario_44,all_links,177,143892.5130681555,2.5589019920312595,1.8714941270274699,6.244867628096141,27.199114537306937,0.3264564973055389,1.2716749789993622,13.583478068914403,2.9387517825584704,1.2716768264149432,178
2iter_xscen_xdev_test,dev550,development,scenario_44,used_links,58,143892.5130681555,2.547255954444925,1.910228153228681,6.532201882255122,18.623145925124145,0.9962551728117306,2.2176787082136937,13.583478068914403,2.9387517825584704,1.2716768264149432,178
2iter_xscen_xdev_test,dev552,development,scenario_44,all_links,177,144276.47794038727,2.5548309758302885,1.8714941270274699,6.261149371125841,27.199114537306937,0.3298467116832145,1.2916855721959077,13.796001663269003,2.9576083132452076,1.2941503758785464,178
2iter_xscen_xdev_test,dev552,development,scenario_44,used_links,58,144276.4779403873,2.5348323360385154,1.8718711145034668,6.568486802580794,18.835669519478746,1.0066011718608443,2.2526251248139144,13.796001663269003,2.9576083132452076,1.2941503758785464,178
2iter_xscen_xdev_test,dev556,development,scenario_44,all_links,177,143581.15205377643,2.5545204796008325,1.8654631967427695,6.258921391761795,27.199114537306937,0.3266897896061823,1.2848149934889088,13.721225358339431,2.953701690679576,1.2873244909169441,178
2iter_xscen_xdev_test,dev556,development,scenario_44,used_links,58,143581.1520537764,2.533884787200348,1.8469979596236366,6.556039056591313,18.760893214549174,0.9969671165567975,2.2406365600553926,13.721225358339431,2.953701690679576,1.2873244909169441,178
2iter_xscen_xdev_test,dev557,development,scenario_44,all_links,177,133959.60838661122,2.534205970962756,1.8399468749366528,6.095319387266251,27.199114537306937,0.2823587226829844,1.1071408513922951,11.825367049958107,2.7675900438509102,1.106362223690263,178
2iter_xscen_xdev_test,dev557,development,scenario_44,used_links,57,133959.6083866112,2.410729924405814,1.7824643392279667,6.24314886605626,16.86503490616785,0.8767981388576882,1.9360287436420234,11.825367049958107,2.7675900438509102,1.106362223690263,178
2iter_xscen_xdev_test,dev558,development,scenario_44,all_links,177,144996.3829949943,2.59658415270217,1.8780029423446545,6.339851302924892,27.199114537306937,0.3318303902509201,1.298725445351395,13.871552036106124,2.9885723045978634,1.2978917391012836,178
2iter_xscen_xdev_test,dev558,development,scenario_44,used_links,58,144996.3829949943,2.66225151373374,1.8960463328233947,6.965946954349088,18.911219892315867,1.012654811627808,2.2648904550751023,13.871552036106124,2.9885723045978634,1.2978917391012836,178
2iter_xscen_xdev_test,dev564,development,scenario_44,all_links,177,146026.68389588236,2.569986040185841,1.8824560495790255,6.266904578328614,27.199114537306937,0.33478946862631587,1.3094677134081212,13.985448327508692,2.980035385904871,1.305441485870357,178
2iter_xscen_xdev_test,dev564,development,scenario_44,used_links,58,146026.68389588234,2.581081411744252,1.898287395163743,6.600641210531363,19.025116183718435,1.021685102532033,2.2835933982919476,13.985448327508692,2.980035385904871,1.305441485870357,178
2iter_xscen_xdev_test,dev565,development,scenario_44,all_links,177,143491.6829680577,2.5713549430013707,1.8714941270274699,6.247858809696515,27.199114537306937,0.32423102181246455,1.273957942481094,13.60670166680654,2.9499448277344302,1.27240971282582,178
2iter_xscen_xdev_test,dev565,development,scenario_44,used_links,58,143491.6829680577,2.585258925508887,1.8804861900882388,6.536379823641243,18.646369523016283,0.9894636355311419,2.2217025307520997,13.60670166680654,2.9499448277344302,1.27240971282582,178
2iter_xscen_xdev_test,dev569,development,scenario_44,all_links,177,143514.8917656113,2.5577595676399167,1.8714941270274699,6.244734744328836,27.199114537306937,0.32519860805680917,1.2715763563853362,13.581051976295203,2.9385448635229916,1.2717002845335956,178
2iter_xscen_xdev_test,dev569,development,scenario_44,used_links,58,143514.8917656113,2.5437695903541053,1.8897308968936608,6.532016276476155,18.620719832504946,0.9924164418285385,2.2174999491915726,13.581051976295203,2.9385448635229916,1.2717002845335956,178
2iter_xscen_xdev_test,dev57,development,scenario_44,all_links,177,143593.6693725824,2.5493832496361533,1.8661431573642813,6.242935566167819,27.199114537306937,0.3246613387621213,1.2701481559951604,13.565612070935469,2.930252783424565,1.2684470932292888,178
2iter_xscen_xdev_test,dev57,development,scenario_44,used_links,58,143593.6693725824,2.5182073785150325,1.8623752338436468,6.529503269275599,18.60527992714521,0.9907768441533702,2.2150796435725497,13.565612070935469,2.930252783424565,1.2684470932292888,178
2iter_xscen_xdev_test,dev594,development,scenario_44,all_links,177,143566.04542882933,2.566722468533295,1.8688551108639249,6.2514026332845125,27.199114537306937,0.3236349784270882,1.2766909149604566,13.636062420044276,2.95459762852706,1.2742182526299406,178
2iter_xscen_xdev_test,dev594,development,scenario_44,used_links,58,143566.04542882938,2.571121891356309,1.865254240714637,6.541329669291387,18.67573027625402,0.9876446755447346,2.226469783005768,13.636062420044276,2.95459762852706,1.2742182526299406,178
2iter_xscen_xdev_test,dev602,development,scenario_44,all_links,177,143511.40042297327,2.570533733987172,1.8714941270274699,6.248677173601359,27.199114537306937,0.32427286478604955,1.2745886904742725,13.613414390358418,2.950116741964428,1.2730010148760065,178
2iter_xscen_xdev_test,dev602,development,scenario_44,used_links,58,143511.40042297327,2.5827528221379703,1.8712132869107718,6.53752287574698,18.65308224656816,0.9895913287436338,2.2228034171457947,13.613414390358418,2.950116741964428,1.2730010148760065,178
2iter_xscen_xdev_test,dev612,development,scenario_44,all_links,177,147345.1344074746,2.598657342148906,1.8946173867017428,6.418810732069314,27.199114537306937,0.34345490501398995,1.3472628098245805,14.387904765065269,3.030390768574354,1.3481596600997412,178
2iter_xscen_xdev_test,dev612,development,scenario_44,used_links,58,147345.1344074746,2.6685783160108474,1.9062191616778001,6.669118925205939,19.42757262127501,1.0481296239220037,2.34954505874401,14.387904765065269,3.030390768574354,1.3481596600997412,178
2iter_xscen_xdev_test,dev614,development,scenario_44,all_links,177,144207.71821661625,2.5511015495500167,1.8712603929151606,6.258166008843476,27.199114537306937,0.3278032228310774,1.2824881329462101,13.69763859586449,2.9427902424720327,1.2816580215623514,178
2iter_xscen_xdev_test,dev614,development,scenario_44,used_links,58,144207.71821661625,2.5234511558383748,1.8678118829634882,6.551818723654764,18.737306452074233,1.0003650076051842,2.2365719097359618,13.69763859586449,2.9427902424720327,1.2816580215623514,178
2iter_xscen_xdev_test,dev625,development,scenario_44,all_links,177,143757.30570733297,2.557358768337952,1.8714442584318645,6.2583095217826346,27.199114537306937,0.32649928207347284,1.2829169162591652,13.700561606285653,2.9521996392459826,1.2832555256674354,178
2iter_xscen_xdev_test,dev625,development,scenario_44,used_links,58,143757.30570733294,2.542546461449834,1.8680141182946346,6.552620532074391,18.740229462495396,0.9963857401207706,2.2373441404812504,13.700561606285653,2.9521996392459826,1.2832555256674354,178
2iter_xscen_xdev_test,dev627,development,scenario_44,all_links,177,143858.3969891108,2.5558326202883115,1.8714941270274699,6.2519869185330785,27.199114537306937,0.32626309508950146,1.2771297056961193,13.64000349932492,2.942300602613019,1.2762352216574482,178
2iter_xscen_xdev_test,dev627,development,scenario_44,used_links,58,143858.39698911077,2.5378890786086865,1.8908923329104053,6.542145771369903,18.679671355534662,0.9956649626007201,2.227255780135378,13.64000349932492,2.942300602613019,1.2762352216574482,178
2iter_xscen_xdev_test,dev628,development,scenario_44,all_links,177,143577.5704627015,2.5584057229373185,1.8714941270274699,6.260965264655191,27.199114537306937,0.32753072790522747,1.2911204909366558,13.788537268093542,2.964202893601514,1.2954216053976642,178
2iter_xscen_xdev_test,dev628,development,scenario_44,used_links,58,143577.57046270146,2.545741478072038,1.87162797492835,6.56745819764008,18.828205124303285,0.9995334282625045,2.2516344637775227,13.788537268093542,2.964202893601514,1.2954216053976642,178
2iter_xscen_xdev_test,dev629,development,scenario_44,all_links,177,143748.5896043849,2.551921655549823,1.8695525826804513,6.2535802298706304,27.199114537306937,0.3265292495669167,1.278385311703948,13.65451967229006,2.9443467721991974,1.2794505991264167,178
2iter_xscen_xdev_test,dev629,development,scenario_44,used_links,58,143748.5896043849,2.5259538931136456,1.866000209672543,6.544371233500754,18.694187528499803,0.9964771926438665,2.229399147849974,13.65451967229006,2.9443467721991974,1.2794505991264167,178
2iter_xscen_xdev_test,dev62,development,scenario_44,all_links,177,143434.01184363148,2.550425232798198,1.8673626119059659,6.2467428598590855,27.199114537306937,0.3255370792712024,1.2730860898370884,13.596929900052395,2.9388859724826633,1.2748865227665283,178
2iter_xscen_xdev_test,dev62,development,scenario_44,used_links,58,143434.0118436315,2.5213872236819634,1.8636702419614628,6.5348211175399324,18.636597756262137,0.9934493626034969,2.2202013233004965,13.596929900052395,2.9388859724826633,1.2748865227665283,178
2iter_xscen_xdev_test,dev63,development,scenario_44,all_links,177,145796.20217253742,2.5826515302669093,1.8842159404874559,6.268278229687468,27.199114537306937,0.335399541684687,1.313699941539998,14.030143753296095,2.992678527826276,1.3128552744511852,178
2iter_xscen_xdev_test,dev63,development,scenario_44,used_links,58,145796.2021725374,2.6197329935433737,1.8992403144491772,6.608315816261138,19.069811609505837,1.0235468772101657,2.2909848977542033,14.030143753296095,2.992678527826276,1.3128552744511852,178
2iter_xscen_xdev_test,dev648,development,scenario_44,all_links,177,143530.8874901772,2.5716764304578996,1.8714941270274699,6.252215007692991,27.199114537306937,0.3257618345926887,1.277315593244874,13.642592010614283,2.948692706656128,1.2785392800453284,178
2iter_xscen_xdev_test,dev648,development,scenario_44,used_links,58,143530.8874901772,2.5862400165400175,1.890933742202697,6.542464355551085,18.682259866824026,0.9941352538432052,2.2275626121586516,13.642592010614283,2.948692706656128,1.2785392800453284,178
2iter_xscen_xdev_test,dev662,development,scenario_44,all_links,177,146962.33488772297,2.585253750752187,1.891722331078817,6.2750102654955295,27.199114537306937,0.3406336974096343,1.3344567108891692,14.25217644287186,3.0141554517914146,1.333173634717918,178
2iter_xscen_xdev_test,dev662,development,scenario_44,used_links,58,146962.33488772297,2.6276742526105146,1.9035280932534258,6.6459277767142675,19.291844299081603,1.0395200765776773,2.327209401689965,14.25217644287186,3.0141554517914146,1.333173634717918,178
2iter_xscen_xdev_test,dev669,development,scenario_44,all_links,177,143144.95717689898,2.5477081323295456,1.860922919797762,6.2266373140603966,27.199114537306937,0.32224068953705104,1.2575932084938533,13.432263678346668,2.918249178829593,1.2560661220162768,178
2iter_xscen_xdev_test,dev669,development,scenario_44,used_links,58,143144.95717689898,2.513095382596593,1.856827689816582,6.506738639407418,18.47193153455641,0.9833896904837592,2.1931547714222748,13.432263678346668,2.918249178829593,1.2560661220162768,178
2iter_xscen_xdev_test,dev670,development,scenario_44,all_links,177,144090.16787815426,2.555996385144706,1.8714941270274699,6.252020621303762,27.199114537306937,0.326879939263843,1.2771494289601573,13.639803182058358,2.9422883877141035,1.2756397846743246,178
2iter_xscen_xdev_test,dev670,development,scenario_44,used_links,58,144090.1678781543,2.538388843773892,1.8905691924383552,6.542192845810468,18.6794710382681,0.9975474008569002,2.2273011180607867,13.639803182058358,2.9422883877141035,1.2756397846743246,178
2iter_xscen_xdev_test,dev673,development,scenario_44,all_links,177,143506.610655443,2.5457089205936767,1.8654811146075134,6.240868583656354,27.199114537306937,0.3238596524636119,1.2685572072763747,13.54862779495037,2.925824741832191,1.2663004472114796,178
2iter_xscen_xdev_test,dev673,development,scenario_44,used_links,58,143506.61065544302,2.506994339885406,1.8616702234986713,6.526616205588806,18.588295651160113,0.9883303187251606,2.2122990799267024,13.54862779495037,2.925824741832191,1.2663004472114796,178
2iter_xscen_xdev_test,dev678,development,scenario_44,all_links,177,146029.76424638473,2.566224785309556,1.8792051974566917,6.264367183872011,27.199114537306937,0.3352289247375113,1.3016346614892138,13.903142322158754,2.966438304580176,1.3001606556437193,178
2iter_xscen_xdev_test,dev678,development,scenario_44,used_links,58,146029.76424638473,2.569603099449384,1.9268119741148548,6.586464758908594,18.942810178368497,1.0230262013541296,2.2699398976124496,13.903142322158754,2.966438304580176,1.3001606556437193,178
2iter_xscen_xdev_test,dev680,development,scenario_44,all_links,177,143562.70853927667,2.5698822479803107,1.8714941270274699,6.249217754789596,27.199114537306937,0.32452442313841456,1.2750108009905607,13.618343759323292,2.949967043922075,1.2734172011563132,178
2iter_xscen_xdev_test,dev680,development,scenario_44,used_links,58,143562.70853927667,2.5807646665653072,1.8849073704836836,6.538277934055246,18.658011615533034,0.9903590154396444,2.2235306223307947,13.618343759323292,2.949967043922075,1.2734172011563132,178
2iter_xscen_xdev_test,dev682,development,scenario_44,all_links,177,144996.381901195,2.5966862024111683,1.8780029321795946,6.339851262252546,27.199114537306937,0.33183205695040685,1.2987254241673205,13.871551957972152,2.9886430158669364,1.2978928792142856,178
2iter_xscen_xdev_test,dev682,development,scenario_44,used_links,58,144996.38190119498,2.6625629412939578,1.8960463277408648,6.968656460714257,18.911219814181894,1.0126598979348622,2.2648904123820963,13.871551957972152,2.9886430158669364,1.2978928792142856,178
2iter_xscen_xdev_test,dev689,development,scenario_44,all_links,177,146058.1374444195,2.5719637407938403,1.8829658666168285,6.267302506895317,27.199114537306937,0.33536188829485664,1.3106958073582435,13.998505971547445,2.9830595724067708,1.3074299164661192,178
2iter_xscen_xdev_test,dev689,development,scenario_44,used_links,58,146058.1374444195,2.587116808427285,1.8985334442991628,6.602864441949127,19.038173827757188,1.0234319694515452,2.285734617581575,13.998505971547445,2.9830595724067708,1.3074299164661192,178
2iter_xscen_xdev_test,dev694,development,scenario_44,all_links,177,143633.6936759784,2.5555349787514468,1.8660199209848969,6.242550806364378,27.199114537306937,0.3231499100741657,1.2698590575464996,13.562697234085526,2.9351961594119973,1.2651295816457988,178
2iter_xscen_xdev_test,dev694,development,scenario_44,used_links,58,143633.6936759784,2.5369807587461874,1.862242705081183,6.528965854928601,18.60236509029527,0.9861643807435745,2.2145620537449155,13.562697234085526,2.9351961594119973,1.2651295816457988,178
2iter_xscen_xdev_test,dev726,development,scenario_44,all_links,177,143589.19696405053,2.55598503705589,1.8714941270274699,6.2608611238441085,27.199114537306937,0.32720193653773616,1.2907985757680769,13.785033616390791,2.9627484611367385,1.2943376949557759,178
2iter_xscen_xdev_test,dev726,development,scenario_44,used_links,58,143589.19696405053,2.538354212537334,1.8714862856462238,6.5668763617468,18.824701472600534,0.9985300477099879,2.2510740910569265,13.785033616390791,2.9627484611367385,1.2943376949557759,178
2iter_xscen_xdev_test,dev736,development,scenario_44,all_links,177,143393.07486629183,2.5550085479502616,1.8692062690093885,6.2524989941131945,27.199114537306937,0.3265362740813782,1.2775167288407343,13.643639942282327,2.945721143225473,1.2815956066863736,178
2iter_xscen_xdev_test,dev736,development,scenario_44,used_links,58,143393.07486629183,2.5353742371632593,1.8656308570795357,6.542861014389157,18.68330779849207,0.9964986295242058,2.2279446387658197,13.643639942282327,2.945721143225473,1.2815956066863736,178
2iter_xscen_xdev_test,dev73,development,scenario_44,all_links,177,144608.77504271123,2.558675389346026,1.8714941270274699,6.262254357282906,27.199114537306937,0.330783468131352,1.2950951528608057,13.832497157685953,2.9608958133302483,1.2964581555016577,178
2iter_xscen_xdev_test,dev73,development,scenario_44,used_links,58,144608.77504271118,2.546564425560679,1.8733748725884523,6.57466037277943,18.872165013895696,1.0094598941249882,2.258570960002084,13.832497157685953,2.9608958133302483,1.2964581555016577,178
2iter_xscen_xdev_test,dev750,development,scenario_44,all_links,177,146106.04122905442,2.573026104506706,1.8835782319907803,6.267780477730903,27.199114537306937,0.3356915383736146,1.3121710978206245,14.01421936597622,2.985357501904968,1.3090912951766427,178
2iter_xscen_xdev_test,dev750,development,scenario_44,used_links,58,146106.04122905445,2.5903588494130982,1.898907701198974,6.605534870431446,19.053887222185963,1.0244379705539615,2.2883065374151195,14.01421936597622,2.985357501904968,1.3090912951766427,178
2iter_xscen_xdev_test,dev755,development,scenario_44,all_links,177,143780.94149360212,2.56000567985407,1.8714941270274699,6.252020183661285,27.199114537306937,0.3260549080506963,1.2771492215382119,13.639804239594174,2.9467800724540147,1.276360317371715,178
2iter_xscen_xdev_test,dev755,development,scenario_44,used_links,58,143780.9414936021,2.5506241052145353,1.8908976603614016,6.542192234532096,18.679472095803916,0.9950296331891938,2.2273005293316834,13.639804239594174,2.9467800724540147,1.276360317371715,178
2iter_xscen_xdev_test,dev759,development,scenario_44,all_links,177,147342.63995388406,2.593133125738693,1.8936794080644177,6.27851029606673,27.199114537306937,0.3430951094671177,1.3452544846728474,14.366890002789496,3.0274461441000495,1.3453659305681944,178
2iter_xscen_xdev_test,dev759,development,scenario_44,used_links,58,147342.63995388412,2.6517199314486457,1.9057920188168356,6.665482487233052,19.40655785899924,1.0470316271668936,2.346042764259117,14.366890002789496,3.0274461441000495,1.3453659305681944,178
2iter_xscen_xdev_test,dev761,development,scenario_44,all_links,177,143292.7452535133,2.5509269599846185,1.8642166002076765,6.236920607300988,27.199114537306937,0.3235296919407575,1.2655163734277006,13.516321163951336,2.9282101066688835,1.2643946526903873,178
2iter_xscen_xdev_test,dev761,development,scenario_44,used_links,58,143292.7452535133,2.5229183566474185,1.860326788959007,6.521101858414284,18.55598902016108,0.9873233702330012,2.2069881498789172,13.516321163951336,2.9282101066688835,1.2643946526903873,178
2iter_xscen_xdev_test,dev764,development,scenario_44,all_links,177,143763.83398030227,2.574270519638685,1.8714941270274699,6.253566925684618,27.199114537306937,0.325435017602033,1.2783655828235623,13.654174610326116,2.95632014957993,1.2766581684507878,178
2iter_xscen_xdev_test,dev764,development,scenario_44,used_links,58,143763.83398030224,2.5941564611089665,1.884572820421265,6.544352650841199,18.69384246653586,0.9931378985441354,2.229381250680667,13.654174610326116,2.95632014957993,1.2766581684507878,178
2iter_xscen_xdev_test,dev767,development,scenario_44,all_links,177,143392.57256779005,2.550901354428962,1.865218440759441,6.240048482167991,27.199114537306937,0.324429455922487,1.267922656082166,13.541579016625622,2.9313360408009905,1.2680583118782223,178
2iter_xscen_xdev_test,dev767,development,scenario_44,used_links,58,143392.57256779008,2.522840215555155,1.8613925508756632,6.525470726508358,18.581246872835365,0.9900692016944861,2.2111958560862504,13.541579016625622,2.9313360408009905,1.2680583118782223,178
2iter_xscen_xdev_test,dev770,development,scenario_44,all_links,177,143432.93354041473,2.550498378646741,1.866790906023062,6.244957920669609,27.199114537306937,0.32534299351391827,1.2717151454356008,13.582642895095496,2.93728854734696,1.273354975146471,178
2iter_xscen_xdev_test,dev770,development,scenario_44,used_links,58,143432.93354041473,2.5216104446335486,1.8630620636236959,6.532327998663267,18.62231075130524,0.9928570664131643,2.217800172350851,13.582642895095496,2.93728854734696,1.273354975146471,178
2iter_xscen_xdev_test,dev775,development,scenario_44,all_links,177,145895.21388711347,2.583442650898061,1.8855459835814898,6.2693163710260595,27.199114537306937,0.3365047951085231,1.3168942416495253,14.063905417771302,2.994279997133775,1.317463775153616,178
2iter_xscen_xdev_test,dev775,development,scenario_44,used_links,58,145895.21388711347,2.6221472754694757,1.899955980503732,6.614115923700425,19.103573273981045,1.026919805762217,2.296571046740617,14.063905417771302,2.994279997133775,1.317463775153616,178
2iter_xscen_xdev_test,dev776,development,scenario_44,all_links,177,143684.2400812949,2.5587796795489113,1.8714941270274699,6.262942575941526,27.199114537306937,0.3282450536006449,1.297218766721929,13.853490324164675,2.9724188277048467,1.3020781928222251,178
2iter_xscen_xdev_test,dev776,development,scenario_44,used_links,58,143684.24008129488,2.546882690490175,1.87431953280227,6.578505458234879,18.893158180374417,1.0017133532295541,2.262274205234084,13.853490324164675,2.9724188277048467,1.3020781928222251,178
2iter_xscen_xdev_test,dev780,development,scenario_44,all_links,177,143892.91264731658,2.555604850882636,1.8714941270274699,6.2449371947142405,27.199114537306937,0.32639794805591854,1.2717283695064983,13.584035529791059,2.9371115888688935,1.2716592149933783,178
2iter_xscen_xdev_test,dev780,development,scenario_44,used_links,58,143892.91264731658,2.5371939892155067,1.9102586915225759,6.532299049626309,18.623703386000802,0.9960764966534067,2.2177722912063804,13.584035529791059,2.9371115888688935,1.2716592149933783,178
2iter_xscen_xdev_test,dev789,development,scenario_44,all_links,177,145663.426231534,2.5766398034746083,1.8803691027616494,6.265275649332042,27.199114537306937,0.33356344473428906,1.304429197263227,13.932179549519141,2.984499943608736,1.3010303282150326,178
2iter_xscen_xdev_test,dev789,development,scenario_44,used_links,58,145663.42623153405,2.601386861780663,1.8970854994753696,6.5915403657428335,18.971847405728884,1.0179436158270545,2.2748282718829786,13.932179549519141,2.984499943608736,1.3010303282150326,178
2iter_xscen_xdev_test,dev791,development,scenario_44,all_links,177,144229.48585417622,2.5637271629667913,1.8714941270274699,6.258102509452099,27.199114537306937,0.3280131263592841,1.2822939000491327,13.695761153619525,2.951705390136473,1.2814007250094313,178
2iter_xscen_xdev_test,dev791,development,scenario_44,used_links,58,144229.48585417625,2.561981045058532,1.8919607036721593,6.551463951834561,18.735429009829268,1.00100557526885,2.236230224988813,13.695761153619525,2.951705390136473,1.2814007250094313,178
2iter_xscen_xdev_test,dev809,development,scenario_44,all_links,177,144265.0666963759,2.5640240899457423,1.8714941270274699,6.258212799803451,27.199114537306937,0.32812041894949967,1.2826342590026572,13.699393004159084,2.952251398434539,1.2816120185993596,178
2iter_xscen_xdev_test,dev809,development,scenario_44,used_links,58,144265.06669637587,2.5628871842874,1.8920313544143994,6.552080145279117,18.739060860368827,1.0013330026562317,2.2368236878551064,13.699393004159084,2.952251398434539,1.2816120185993596,178
2iter_xscen_xdev_test,dev810,development,scenario_44,all_links,177,143580.48072084095,2.5678734033452715,1.8690382874851752,6.251974534221066,27.199114537306937,0.32387283733407773,1.277133134442874,13.64083116625141,2.9547022983530926,1.2748179585111636,178
2iter_xscen_xdev_test,dev810,development,scenario_44,used_links,58,143580.48072084098,2.574634226903205,1.8654487878325887,6.542128473546966,18.680499022461152,0.9883705553126163,2.2272391204067308,13.64083116625141,2.9547022983530926,1.2748179585111636,178
2iter_xscen_xdev_test,dev811,development,scenario_44,all_links,177,143541.73773741178,2.54986819570272,1.8690465839171737,6.25200043674726,27.199114537306937,0.32639074383009015,1.2771309285697188,13.63965314839903,2.9426414527025457,1.2795385691448955,178
2iter_xscen_xdev_test,dev811,development,scenario_44,used_links,58,143541.73773741178,2.519687300131968,1.8654590610076682,6.542164652973912,18.679321004608774,0.9960545113435512,2.227273965221465,13.63965314839903,2.9426414527025457,1.2795385691448955,178
2iter_xscen_xdev_test,dev813,development,scenario_44,all_links,177,142942.71511116868,2.5633926730672876,1.860511645926967,6.225353264216689,27.199114537306937,0.3197828035002515,1.256600515959506,13.421463409757447,2.940145578960889,1.2519937083056702,178
2iter_xscen_xdev_test,dev813,development,scenario_44,used_links,58,142942.71511116865,2.5609602741583237,1.8563914281863487,6.504945139145448,18.46113126596719,0.9758889003369744,2.1914274310625648,13.421463409757447,2.940145578960889,1.2519937083056702,178
2iter_xscen_xdev_test,dev822,development,scenario_44,all_links,177,143857.71442430737,2.55732795268875,1.8714941270274699,6.257029857631613,27.199114537306937,0.327407345729038,1.2810392159652735,13.682384302518642,2.9476514491034527,1.282551667075277,178
2iter_xscen_xdev_test,dev822,development,scenario_44,used_links,58,143857.71442430737,2.5424524205893366,1.8916999236758205,6.5491895108622895,18.722052158728385,0.9991568998972367,2.2340396851988324,13.682384302518642,2.9476514491034527,1.282551667075277,178
2iter_xscen_xdev_test,dev831,development,scenario_44,all_links,177,143599.43666996737,2.558457203834632,1.8714941270274699,6.261157380850893,27.199114537306937,0.3276084383038071,1.2917135955505237,13.794872706722785,2.9649409889725513,1.295972467213305,178
2iter_xscen_xdev_test,dev831,development,scenario_44,used_links,58,143599.43666996737,2.5458985835690116,1.8718894922267415,6.568531553005555,18.834540562932528,0.9997705789616181,2.252668224453453,13.794872706722785,2.9649409889725513,1.295972467213305,178
2iter_xscen_xdev_test,dev837,development,scenario_44,all_links,177,144047.25676449164,2.5504022175539056,1.8685620854013267,6.250487770157602,27.199114537306937,0.32619110060115053,1.2759582769020748,13.62563453242598,2.934324553316063,1.2733254813896882,178
2iter_xscen_xdev_test,dev837,development,scenario_44,used_links,58,144047.25676449164,2.521316987505416,1.8649542869949063,6.540051831623466,18.665302388635723,0.9954452552828212,2.225239083114743,13.62563453242598,2.934324553316063,1.2733254813896882,178
2iter_xscen_xdev_test,dev858,development,scenario_44,all_links,177,143562.66631099125,2.5729376882865527,1.8684127574630658,6.250021549156461,27.199114537306937,0.3243030361521961,1.27562681783221,13.624563541821605,2.9540990423847022,1.273683210324204,178
2iter_xscen_xdev_test,dev858,development,scenario_44,used_links,58,143562.6663109913,2.5900890274998734,1.8647855111835456,6.539400636117482,18.664231398031347,0.9896834034299778,2.2246119093677414,13.624563541821605,2.9540990423847022,1.273683210324204,178
2iter_xscen_xdev_test,dev863,development,scenario_44,all_links,177,143787.918590351,2.558780552861912,1.8676128080473164,6.247524004344577,27.199114537306937,0.3236973431806935,1.2736956330805145,13.603786111150164,2.9430582314108067,1.2689311638412735,178
2iter_xscen_xdev_test,dev863,development,scenario_44,used_links,58,143787.91859035104,2.546885355600538,1.8639352248233452,6.5359121833161025,18.643453967359907,0.9878349955686683,2.2212521410730046,13.603786111150164,2.9430582314108067,1.2689311638412735,178
2iter_xscen_xdev_test,dev866,development,scenario_44,all_links,177,143956.92567266995,2.5548394982240743,1.8703268205837214,6.255997500038476,27.199114537306937,0.3272717842763089,1.2802497342227062,13.673191351939288,2.9447679076519977,1.2805969037723646,178
2iter_xscen_xdev_test,dev866,development,scenario_44,used_links,58,143956.92567266995,2.5348583440333448,1.8668198528732374,6.547747562465339,18.71285920814903,0.9987432037397701,2.2326509284110663,13.673191351939288,2.9447679076519977,1.2805969037723646,178
2iter_xscen_xdev_test,dev873,development,scenario_44,all_links,177,145744.67083975492,2.577921798543448,1.8830859112240161,6.267396205565499,27.199114537306937,0.3348410751359703,1.3109841659463752,14.001389510488742,2.987823219785447,1.3094872410415186,178
2iter_xscen_xdev_test,dev873,development,scenario_44,used_links,58,145744.67083975495,2.6052991570769506,1.8986888849740349,6.603387937482705,19.041057366698485,1.0218425913632196,2.2862388020427944,14.001389510488742,2.987823219785447,1.3094872410415186,178
2iter_xscen_xdev_test,dev878,development,scenario_44,all_links,177,143772.14002583234,2.5738089993858413,1.8714941270274699,6.258819323794559,27.199114537306937,0.32751093942848225,1.2845022582859058,13.71798023258351,2.960102718593526,1.2867534006612014,178
2iter_xscen_xdev_test,dev878,development,scenario_44,used_links,58,143772.14002583234,2.59274802861322,1.8687060124496004,6.555468801700119,18.757648088793253,0.9994730392903682,2.2400873411287114,13.71798023258351,2.960102718593526,1.2867534006612014,178
2iter_xscen_xdev_test,dev887,development,scenario_44,all_links,177,144943.44317384105,2.553365439701639,1.8714941270274699,6.262570981610725,27.199114537306937,0.3310872178969412,1.2960839889658835,13.842017346819599,2.954504851172754,1.2950943486954187,178
2iter_xscen_xdev_test,dev887,development,scenario_44,used_links,58,144943.44317384102,2.530359924059705,1.8738083354414954,6.576429356491934,18.881685203029342,1.0103868546165273,2.2602746881960907,13.842017346819599,2.954504851172754,1.2950943486954187,178
2iter_xscen_xdev_test,dev895,development,scenario_44,all_links,177,145918.64303823008,2.569161221431831,1.8816248998733127,6.266255839297578,27.199114537306937,0.33455199291060145,1.3074669784679145,13.964091176233836,2.9770810494830533,1.3039710880017013,178
2iter_xscen_xdev_test,dev895,development,scenario_44,used_links,58,145918.64303823005,2.578564292443222,1.8978805655858015,6.597016698203236,19.00375903244358,1.0209603921582149,2.2801025895302227,13.964091176233836,2.9770810494830533,1.3039710880017013,178
2iter_xscen_xdev_test,dev90,development,scenario_44,all_links,177,144004.49912301576,2.5499437403716456,1.8686866931425676,6.250876811528882,27.199114537306937,0.3262793161727807,1.2762590875534492,13.628878124205482,2.935010888751046,1.2742199316160854,178
2iter_xscen_xdev_test,dev90,development,scenario_44,used_links,58,144004.4991230158,2.5199178416216217,1.8650866254671175,6.540595226262488,18.668545980415225,0.9957144648721067,2.2257624326291725,13.628878124205482,2.935010888751046,1.2742199316160854,178
2iter_xscen_xdev_test,dev935,development,scenario_44,all_links,177,144336.7998897562,2.552253498757171,1.8714941270274699,6.258362276810467,27.199114537306937,0.32800794140226613,1.2830937065086312,13.70410903213197,2.94289436741789,1.2814670470081677,178
2iter_xscen_xdev_test,dev935,development,scenario_44,used_links,58,144336.79988975616,2.5269665870395164,1.8680781472735752,6.552915275013543,18.743776888341714,1.000989752210364,2.23762801073504,13.70410903213197,2.94289436741789,1.2814670470081677,178
2iter_xscen_xdev_test,dev938,development,scenario_44,all_links,177,143233.55519824236,2.556238143225203,1.862286595156355,6.230894883664044,27.199114537306937,0.32060921090024225,1.260873052577598,13.466941295632747,2.9315196030961674,1.255238364874961,178
2iter_xscen_xdev_test,dev938,development,scenario_44,used_links,58,143233.55519824233,2.5391266227436837,1.8582770284670644,6.512685411829775,18.50660915184249,0.978410867747291,2.1988821751104495,13.466941295632747,2.9315196030961674,1.255238364874961,178
2iter_xscen_xdev_test,dev940,development,scenario_44,all_links,177,144322.55755290692,2.5522990604219506,1.8711643521864516,6.258091045971139,27.199114537306937,0.327824468871906,1.2822524276810428,13.69393105318376,2.941912516562645,1.2803776233893263,178
2iter_xscen_xdev_test,dev940,development,scenario_44,used_links,58,144322.55755290692,2.527105628671691,1.8677099814857425,6.551399905236354,18.733598909393503,1.0004298446608164,2.2361685409866787,13.69393105318376,2.941912516562645,1.2803776233893263,178
2iter_xscen_xdev_test,dev945,development,scenario_44,all_links,177,146629.21958205715,2.567853026732551,1.8862900769935755,6.273383511927245,27.199114537306937,0.3375245800096163,1.3294211944189374,14.198437818887019,2.994595964659265,1.3259568829670603,178
2iter_xscen_xdev_test,dev945,development,scenario_44,used_links,58,146629.21958205715,2.574572043102314,1.8885233945414124,6.6368390860682664,19.23810567509676,1.0300319079603808,2.318455981072944,14.198437818887019,2.994595964659265,1.3259568829670603,178
2iter_xscen_xdev_test,dev94,development,scenario_44,all_links,177,143398.49891868737,2.5477935869867805,1.8687462922549292,6.25106288761187,27.199114537306937,0.32625544811119306,1.2764091264759823,13.631996807741658,2.943554981747639,1.279891544896668,178
2iter_xscen_xdev_test,dev94,development,scenario_44,used_links,58,143398.49891868737,2.5133561666367745,1.8651407873828023,6.540855128559287,18.6716646639514,0.9956416261324338,2.2260127474667915,13.631996807741658,2.943554981747639,1.279891544896668,178
2iter_xscen_xdev_test,dev952,development,scenario_44,all_links,177,145187.09913255318,2.590787174652154,1.8798837113003894,6.347376618789964,27.199114537306937,0.33236353776152633,1.3032514648622096,13.919743458939003,2.989917807104468,1.3018926694030952,178
2iter_xscen_xdev_test,dev952,development,scenario_44,used_links,58,145187.0991325532,2.64456073589145,1.896957035601385,6.8043516310402525,18.959411315148746,1.0142818307550028,2.2727896394270113,13.919743458939003,2.989917807104468,1.3018926694030952,178
2iter_xscen_xdev_test,dev958,development,scenario_44,all_links,177,143803.71378723596,2.5541526528968768,1.8667688125168784,6.244888941905878,27.199114537306937,0.3262432168540707,1.2716903313707608,13.583579877730955,2.936576042058644,1.2720395951538115,178
2iter_xscen_xdev_test,dev958,development,scenario_44,used_links,58,143803.71378723596,2.5327622815693096,1.8630425269734994,6.5322316523793384,18.623247733940698,0.9956042997098364,2.217707380156578,13.583579877730955,2.936576042058644,1.2720395951538115,178
2iter_xscen_xdev_test,dev964,development,scenario_44,all_links,177,143498.93519302615,2.5527802339979395,1.8688812352448005,6.25148419695671,27.199114537306937,0.3263386675415546,1.2767505281454299,13.634988644501437,2.9433707646993796,1.2794602571720988,178
2iter_xscen_xdev_test,dev964,development,scenario_44,used_links,58,143498.93519302615,2.5285740376880703,1.8652852547400118,6.54144359358192,18.67465650071118,0.9958955888768132,2.2265795047767423,13.634988644501437,2.9433707646993796,1.2794602571720988,178
2iter_xscen_xdev_test,dev970,development,scenario_44,all_links,177,144509.3468724334,2.5530639529578862,1.8714941270274699,6.259602842741983,27.199114537306937,0.3289170974525718,1.2869231426576109,13.744121202085601,2.9462540680726996,1.2855348712132062,178
2iter_xscen_xdev_test,dev970,development,scenario_44,used_links,58,144509.3468724334,2.5294398696865277,1.8697691627931077,6.559846330950558,18.783789058295344,1.0037642456742277,2.2443033889935657,13.744121202085601,2.9462540680726996,1.2855348712132062,178
2iter_xscen_xdev_test,dev971,development,scenario_44,all_links,177,143717.9612989223,2.5520577448484034,1.869029199923964,6.251946161687868,27.199114537306937,0.32659127169259966,1.2771172415412944,13.640500919622482,2.9425687294818843,1.278397571780217,178
2iter_xscen_xdev_test,dev971,development,scenario_44,used_links,58,143717.96129892234,2.5263692001110383,1.8654439070328521,6.542088844130731,18.680168775832225,0.9966664670618988,2.227200952868343,13.640500919622482,2.9425687294818843,1.278397571780217,178
2iter_xscen_xdev_test,dev987,development,scenario_44,all_links,177,143387.59297177693,2.555230271369639,1.86920004680344,6.252479567587118,27.199114537306937,0.3265180302656536,1.2775107653366604,13.643462406266867,2.945730924132966,1.2815944743578143,178
2iter_xscen_xdev_test,dev987,development,scenario_44,used_links,58,143387.59297177693,2.5360508758741194,1.8661739261217551,6.542833880333746,18.68313026247661,0.9964429544313912,2.2279185056505773,13.643462406266867,2.945730924132966,1.2815944743578143,178
2iter_xscen_xdev_test,dev9,development,scenario_44,all_links,177,135727.1995960257,2.547365835579374,1.8565338129224818,6.259052378905355,27.199114537306937,0.2903216027638378,1.1377713675237682,12.152070309806138,2.799301569530637,1.1376274651547216,178
2iter_xscen_xdev_test,dev9,development,scenario_44,used_links,57,135727.1995960257,2.4354567625516226,1.811167140456118,6.298484472000483,17.19173816601588,0.9015249770034961,1.9896100767975555,12.152070309806138,2.799301569530637,1.1376274651547216,178
2iter_xscen_xdev_test,status_quo,status_quo,scenario_44,all_links,176,143366.48330859418,2.5590664071527223,1.870276096122455,6.252403844384883,27.199114537306937,0.3282770946074354,1.2772763628701551,13.638339064867107,2.9453440276093037,1.2812100251641811,178
2iter_xscen_xdev_test,status_quo,status_quo,scenario_44,used_links,57,143366.48330859415,2.547559305739506,1.8690580652174402,6.550272442286554,18.67800692107685,1.0136275201913796,2.233415758333814,13.638339064867107,2.9453440276093037,1.2812100251641811,178
5iter_5scen_4dev_test_1542375,dev0,development,scenario_44,all_links,177,143001.18113216927,2.548114482148897,1.8610854101403376,6.2271446297782305,27.199114537306937,0.3210388455985456,1.2579804563513062,13.435915115254168,2.918145579834909,1.254581551980379,178
5iter_5scen_4dev_test_1542375,dev0,development,scenario_44,used_links,58,143001.18113216927,2.5143354501487503,1.8569996707466936,6.507447234075527,18.47558297146391,0.979721994326596,2.1938372269506354,13.435915115254168,2.918145579834909,1.254581551980379,178
5iter_5scen_4dev_test_1542375,dev103,development,scenario_44,all_links,177,146043.74761509625,2.56960198157723,1.8827387483584723,6.267125233802583,27.199114537306937,0.3348884111943537,1.3101486619156508,13.99269329080732,2.9800140347337756,1.3061762285331278,178
5iter_5scen_4dev_test_1542375,dev103,development,scenario_44,used_links,58,146043.74761509625,2.5799093708179743,1.8984277152025513,6.601874015168373,19.032361147017063,1.021987047955183,2.284780726362257,13.99269329080732,2.9800140347337756,1.3061762285331278,178
5iter_5scen_4dev_test_1542375,dev104,development,scenario_44,all_links,177,143858.45182896184,2.548076508192954,1.8688065158356433,6.251250913365255,27.199114537306937,0.32632898861228676,1.2765478546961901,13.63198709382242,2.9363423140394196,1.2759949704688032,178
5iter_5scen_4dev_test_1542375,dev104,development,scenario_44,used_links,58,143858.45182896187,2.514219564110788,1.865213803936906,6.541117754063745,18.671654950032163,0.9958660514547372,2.2262656850564633,13.63198709382242,2.9363423140394196,1.2759949704688032,178
5iter_5scen_4dev_test_1542375,dev109,development,scenario_44,all_links,177,130651.32449331714,2.5271945938445644,1.8565338129224818,6.07250986052699,27.199114537306937,0.27187385374102696,0.9552765595781069,13.505689312682808,2.7339020554644105,1.064915880722965,178
5iter_5scen_4dev_test_1542375,dev109,development,scenario_44,used_links,58,130651.32449331714,2.4504937220475984,1.8054112577279984,6.178417793833168,18.54535716889255,0.829684001933824,1.6369051931441978,13.505689312682808,2.7339020554644105,1.064915880722965,178
5iter_5scen_4dev_test_1542375,dev114,development,scenario_44,all_links,177,144121.1739958491,2.555519741422942,1.8690528026222746,6.25201985234324,27.199114537306937,0.3283013343737281,1.2771521579494438,13.63979347541147,2.9413595919666182,1.278105685609142,178
5iter_5scen_4dev_test_1542375,dev114,development,scenario_44,used_links,58,144121.17399584915,2.536934258622992,1.865466589114499,6.5421917717626785,18.679461331621212,1.0018851066232737,2.22730008363323,13.63979347541147,2.9413595919666182,1.278105685609142,178
5iter_5scen_4dev_test_1542375,dev126,development,scenario_44,all_links,177,145798.5969906894,2.5808564815878583,1.8846514614529088,6.268618167784277,27.199114537306937,0.3357053637094593,1.314744289326279,14.0411163126434,2.991284128976017,1.314601837883838,178
5iter_5scen_4dev_test_1542375,dev126,development,scenario_44,used_links,58,145798.59699068943,2.614255000160754,1.8994761989162563,6.610215054265546,19.080784168853143,1.0244801616650743,2.292814075327952,14.0411163126434,2.991284128976017,1.314601837883838,178
5iter_5scen_4dev_test_1542375,dev12,development,scenario_44,all_links,177,143569.69665009153,2.5689450136751617,1.8714941270274699,6.249310485575947,27.199114537306937,0.32494685713249605,1.2750845209991946,13.61922565130235,2.948179476445758,1.274215855513733,178
5iter_5scen_4dev_test_1542375,dev12,development,scenario_44,used_links,58,143569.69665009153,2.577904486013386,1.8905040695617064,6.538407456044154,18.658893507512094,0.9916481674560655,2.2236553664212493,13.61922565130235,2.948179476445758,1.274215855513733,178
5iter_5scen_4dev_test_1542375,dev140,development,scenario_44,all_links,177,143561.0573515157,2.5516288082408076,1.869383202095891,6.25305140193242,27.199114537306937,0.3266312547688127,1.2779632855119119,13.648059297339387,2.9443471332231455,1.28069365706001,178
5iter_5scen_4dev_test_1542375,dev140,development,scenario_44,used_links,58,143561.0573515157,2.525060203911996,1.8658181061969514,6.543632591577807,18.68772715354913,0.9967884843806872,2.2286877534710974,13.648059297339387,2.9443471332231455,1.28069365706001,178
5iter_5scen_4dev_test_1542375,dev143,development,scenario_44,all_links,177,143431.65793678013,2.549089809229374,1.8690574166939395,6.252034258067555,27.199114537306937,0.326441297524132,1.277156112806658,13.639699414661873,2.9445086609155697,1.2807115705562468,178
5iter_5scen_4dev_test_1542375,dev143,development,scenario_44,used_links,58,143431.65793678013,2.5173118793426217,1.865472178924728,6.542211892998982,18.679367270871616,0.99620878727192,2.227319462623181,13.639699414661873,2.9445086609155697,1.2807115705562468,178
5iter_5scen_4dev_test_1542375,dev144,development,scenario_44,all_links,177,145410.94980837265,2.5625294050030876,1.8799183424748553,6.264923816455637,27.199114537306937,0.33364909119082325,1.3033536003634312,13.92145025863211,2.969566404173327,1.3036729154007793,178
5iter_5scen_4dev_test_1542375,dev144,development,scenario_44,used_links,58,145410.94980837265,2.558325818169298,1.8981338210074044,6.589574671469846,18.961118114841852,1.0182049851857882,2.2729350895263414,13.92145025863211,2.969566404173327,1.3036729154007793,178
5iter_5scen_4dev_test_1542375,dev150,development,scenario_44,all_links,177,145777.7100562005,2.5612169155663125,1.8762312244314165,6.266399792623305,27.199114537306937,0.33426655212038486,1.3079034689175377,13.968380872283795,2.968551617572717,1.3054242882436637,178
5iter_5scen_4dev_test_1542375,dev150,development,scenario_44,used_links,58,145777.7100562005,2.554320462474311,1.8790202770173488,6.597820967067617,19.008048728493538,1.0200893056087608,2.280877189957645,13.968380872283795,2.968551617572717,1.3054242882436637,178
5iter_5scen_4dev_test_1542375,dev152,development,scenario_44,all_links,177,135452.54087834296,2.5433744003809697,1.8565338129224818,6.255493798294664,27.199114537306937,0.2890525064873911,1.133003092275405,12.101205648210065,2.794348710735125,1.1327248588509695,178
5iter_5scen_4dev_test_1542375,dev152,development,scenario_44,used_links,57,135452.54087834296,2.431515884640551,1.8091866459117536,6.289870605430825,17.140873504419808,0.8975840990924251,1.9812692906698792,12.101205648210065,2.794348710735125,1.1327248588509695,178
5iter_5scen_4dev_test_1542375,dev15,development,scenario_44,all_links,177,143307.54765098228,2.546557287994194,1.8634750797571618,6.234605485222482,27.199114537306937,0.3225183779550765,1.2637292658883923,13.497078970681137,2.9214599850593563,1.2605646838026028,178
5iter_5scen_4dev_test_1542375,dev15,development,scenario_44,used_links,58,143307.5476509823,2.5095833231593967,1.8595388948571663,6.517868205083271,18.53674682689088,0.9842371189318714,2.2038737818320264,13.497078970681137,2.9214599850593563,1.2605646838026028,178
5iter_5scen_4dev_test_1542375,dev176,development,scenario_44,all_links,177,142895.58731589373,2.5759568837890394,1.8714941270274699,6.264900953685297,27.199114537306937,0.3224435076705769,1.2622647701763876,13.481220518784873,2.9377372602856964,1.2624188765271294,178
5iter_5scen_4dev_test_1542375,dev176,development,scenario_44,used_links,58,142895.58731589373,2.599302779291945,1.8878612167094933,6.51522258860822,18.520888374994616,0.9840086354774502,2.2013257587229287,13.481220518784873,2.9377372602856964,1.2624188765271294,178
5iter_5scen_4dev_test_1542375,dev177,development,scenario_44,all_links,177,143342.10973101627,2.5490611418346942,1.861614720023459,6.251270933071326,27.199114537306937,0.32511420251494233,1.2766023433822733,13.635418662089108,2.9431479554859177,1.2788193555905107,178
5iter_5scen_4dev_test_1542375,dev177,development,scenario_44,used_links,58,143342.10973101627,2.517224394362303,1.8430849766053141,6.541145716644995,18.67508651829885,0.9921588593990481,2.2262926161343,13.635418662089108,2.9431479554859177,1.2788193555905107,178
5iter_5scen_4dev_test_1542375,dev17,development,scenario_44,all_links,177,143931.5394187127,2.5916568864590537,1.8714941270274699,6.308686170641522,27.199114537306937,0.3261887787163086,1.2737484404800743,13.605066118357783,2.9736393803458556,1.2709297908667212,178
5iter_5scen_4dev_test_1542375,dev17,development,scenario_44,used_links,58,143931.5394187127,2.6472148564056086,1.8907497261483792,6.970886544380562,18.644733974567526,0.9954381695308039,2.221321498408438,13.605066118357783,2.9736393803458556,1.2709297908667212,178
5iter_5scen_4dev_test_1542375,dev195,development,scenario_44,all_links,177,145655.61900729066,2.563377482101095,1.8813165191427734,6.26601513823621,27.199114537306937,0.33401362310189314,1.306717707089688,13.955682711168873,2.970166502610994,1.304772626075271,178
5iter_5scen_4dev_test_1542375,dev195,development,scenario_44,used_links,58,145655.61900729066,2.5609139155201137,1.8973395890642766,6.595671898641963,18.995350567378615,1.0193174360178463,2.278807397883383,13.955682711168873,2.970166502610994,1.304772626075271,178
5iter_5scen_4dev_test_1542375,dev197,development,scenario_44,all_links,177,143906.60873064032,2.553459858112998,1.8702274212754137,6.255687162632283,27.199114537306937,0.3271879712454141,1.2800102649776708,13.670649207394515,2.9442109799463676,1.2806764943671558,178
5iter_5scen_4dev_test_1542375,dev197,development,scenario_44,used_links,58,143906.6087306403,2.530648063004715,1.866714203152566,6.547314097812833,18.710317063604258,0.9984874294903155,2.2322334537082957,13.670649207394515,2.9442109799463676,1.2806764943671558,178
5iter_5scen_4dev_test_1542375,dev201,development,scenario_44,all_links,177,145820.47750993958,2.579167859113254,1.8843262095038418,6.268364298195164,27.199114537306937,0.33553035252264324,1.3139646742099063,14.032946962987733,2.9903201550048437,1.3132094633108071,178
5iter_5scen_4dev_test_1542375,dev201,development,scenario_44,used_links,58,145820.47750993958,2.6091017901951497,1.8993591586294447,6.608796681990324,19.072614819197476,1.0239460758018595,2.2914480249693128,14.032946962987733,2.9903201550048437,1.3132094633108071,178
5iter_5scen_4dev_test_1542375,dev202,development,scenario_44,all_links,177,144877.38475008577,2.5569671446053857,1.8714941270274699,6.260664237089011,27.199114537306937,0.3299545737392649,1.2902206913923169,13.780076861181701,2.950421091438135,1.2874336061462563,178
5iter_5scen_4dev_test_1542375,dev202,development,scenario_44,used_links,58,144877.38475008577,2.541351333852174,1.8712126627720518,6.565776353211846,18.819744717391444,1.00693033710086,2.250014660412426,13.780076861181701,2.950421091438135,1.2874336061462563,178
5iter_5scen_4dev_test_1542375,dev206,development,scenario_44,all_links,177,144034.92600105336,2.5505084857886113,1.8684951047042238,6.250278647819049,27.199114537306937,0.3261288668882073,1.27579734187263,13.623930766787812,2.934309845195847,1.2731423887058517,178
5iter_5scen_4dev_test_1542375,dev206,development,scenario_44,used_links,58,144034.92600105333,2.5216412888423605,1.8648831221368407,6.539759739403824,18.663598622997554,0.9952553351588393,2.224957765798853,13.623930766787812,2.934309845195847,1.2731423887058517,178
5iter_5scen_4dev_test_1542375,dev209,development,scenario_44,all_links,177,143733.82173177024,2.5575319692530085,1.8669377408117234,6.2454163577375095,27.199114537306937,0.32335577979233726,1.2720692701703158,13.58631767985472,2.94013534810532,1.2670933749739528,178
5iter_5scen_4dev_test_1542375,dev209,development,scenario_44,used_links,58,143733.82173177018,2.5430750228630234,1.8632180787506745,6.532968321938416,18.625985536064462,0.9867926383317878,2.218416874929535,13.58631767985472,2.94013534810532,1.2670933749739528,178
5iter_5scen_4dev_test_1542375,dev227,development,scenario_44,all_links,177,143896.14900853645,2.5493847215697114,1.8690375989477728,6.2519723845188695,27.199114537306937,0.3264105528977856,1.2771161915591915,13.639969261508291,2.9369682450029995,1.276269668321248,178
5iter_5scen_4dev_test_1542375,dev227,development,scenario_44,used_links,58,143896.14900853642,2.5182118704502012,1.8654492059682088,6.542125470944324,18.679637117718034,0.996114963153587,2.227236228566212,13.639969261508291,2.9369682450029995,1.276269668321248,178
5iter_5scen_4dev_test_1542375,dev233,development,scenario_44,all_links,177,143997.9823050687,2.5504206984713793,1.8694325985409599,6.253205623977814,27.199114537306937,0.32672308421227136,1.2780554667377513,13.64806757761033,2.9383148233219702,1.27697417876583,178
5iter_5scen_4dev_test_1542375,dev233,development,scenario_44,used_links,58,143997.98230506873,2.52137338616736,1.86587905948823,6.543848001657229,18.687735433820073,0.9970687225098629,2.2288952173516225,13.64806757761033,2.9383148233219702,1.27697417876583,178
5iter_5scen_4dev_test_1542375,dev240,development,scenario_44,all_links,177,143888.66025789187,2.549888890774929,1.8690340975215687,6.2519614526165785,27.199114537306937,0.32643845852606385,1.2771099532258556,13.64002988571513,2.9376316362530477,1.2764053747402622,178
5iter_5scen_4dev_test_1542375,dev240,development,scenario_44,used_links,58,143888.66025789184,2.5197504557833654,1.8654451815767703,6.542110201778786,18.679697741924873,0.996200123432988,2.227221522660418,13.64002988571513,2.9376316362530477,1.2764053747402622,178
5iter_5scen_4dev_test_1542375,dev243,development,scenario_44,all_links,177,144756.4948725736,2.574145339451448,1.8714941270274699,6.26094074695215,27.199114537306937,0.3285863774922241,1.2910511319266085,13.789646739117568,2.9790001024275874,1.2872535214841343,178
5iter_5scen_4dev_test_1542375,dev243,development,scenario_44,used_links,58,144756.49487257362,2.5937744457099834,1.8715878910635977,6.567321216954968,18.82931459532731,1.0027549795883393,2.251502536132509,13.789646739117568,2.9790001024275874,1.2872535214841343,178
5iter_5scen_4dev_test_1542375,dev245,development,scenario_44,all_links,177,145737.0604233798,2.564781114921078,1.881243673496833,6.2659582798706985,27.199114537306937,0.3350152525446987,1.3065442321377596,13.955515532331138,2.972377683317463,1.3067380694709663,178
5iter_5scen_4dev_test_1542375,dev245,development,scenario_44,used_links,58,145737.06042337976,2.5651974156776456,1.9295252225026363,6.59535423030863,18.99518338854088,1.0223741327657185,2.2785014479235195,13.955515532331138,2.972377683317463,1.3067380694709663,178
5iter_5scen_4dev_test_1542375,dev249,development,scenario_44,all_links,177,145831.62820844597,2.576155292504444,1.8834324407352907,6.267666682975073,27.199114537306937,0.33510805899080015,1.3118190925803122,14.01032246568381,2.9871743323033297,1.3100799049415808,178
5iter_5scen_4dev_test_1542375,dev249,development,scenario_44,used_links,58,145831.62820844597,2.5999082679579204,1.8988713906550418,6.604899097839309,19.049990321893553,1.0226573524374418,2.2876942176506443,14.01032246568381,2.9871743323033297,1.3100799049415808,178
5iter_5scen_4dev_test_1542375,dev250,development,scenario_44,all_links,177,143782.2548883611,2.5590030871533025,1.8714941270274699,6.252020840885971,27.199114537306937,0.32603327122695047,1.277149639583345,13.639805431512546,2.9459429263178314,1.2763322648370223,178
5iter_5scen_4dev_test_1542375,dev250,development,scenario_44,used_links,58,143782.2548883611,2.547564468869092,1.8908977656144828,6.542193152512543,18.67947328772229,0.9949636035719006,2.2273014134490197,13.639805431512546,2.9459429263178314,1.2763322648370223,178
5iter_5scen_4dev_test_1542375,dev254,development,scenario_44,all_links,177,134122.8436927924,2.532378276491979,1.8565338129224818,6.095727470406523,27.199114537306937,0.28382026216446615,1.1087099002539307,11.86127929748126,2.769576086662328,1.1094305854997004,178
5iter_5scen_4dev_test_1542375,dev254,development,scenario_44,used_links,57,134122.8436927924,2.415268389111468,1.7989086396287135,6.245167945190663,16.900947153691003,0.8813366035633421,1.9379838130755604,11.86127929748126,2.769576086662328,1.1094305854997004,178
5iter_5scen_4dev_test_1542375,dev255,development,scenario_44,all_links,177,144497.0803970456,2.5497202352611925,1.8706051975839912,6.256866628784723,27.199114537306937,0.32724901872683065,1.2809377636579926,13.681111471160218,2.9344936934207184,1.2764181471043003,178
5iter_5scen_4dev_test_1542375,dev255,development,scenario_44,used_links,58,144497.0803970456,2.519235765681102,1.8671153815547423,6.5489615205073255,18.72077932736996,0.9986737295629144,2.2338201051128395,13.681111471160218,2.9344936934207184,1.2764181471043003,178
5iter_5scen_4dev_test_1542375,dev25,development,scenario_44,all_links,177,145978.56009546207,2.5633858441769446,1.877848306695729,6.2675194213490695,27.199114537306937,0.33590053413120535,1.3113597581751828,14.006884342099113,2.9764399516262614,1.3111534275194774,178
5iter_5scen_4dev_test_1542375,dev25,development,scenario_44,used_links,58,145978.56009546202,2.5609394342688265,1.8805460395909543,6.604076345463739,19.046552198308856,1.0250757679521267,2.286901815544826,14.006884342099113,2.9764399516262614,1.3111534275194774,178
5iter_5scen_4dev_test_1542375,dev261,development,scenario_44,all_links,177,144966.08087477775,2.5533028201090073,1.8714941270274699,6.261480595632814,27.199114537306937,0.3303835553902543,1.2927389047410818,13.806864217606876,2.9494072181783855,1.2901328378238037,178
5iter_5scen_4dev_test_1542375,dev261,development,scenario_44,used_links,58,144966.08087477772,2.5301688263373636,1.8723234713109984,6.570337357659909,18.84653207381662,1.0082394707599138,2.2544074153124463,13.806864217606876,2.9494072181783855,1.2901328378238037,178
5iter_5scen_4dev_test_1542375,dev267,development,scenario_44,all_links,177,129204.41335013087,2.49023426727025,1.816648819366549,5.932709074128411,27.199114537306937,0.26470731963646105,0.9482821126595392,12.818339532473235,2.684509776873208,1.0345778395103131,178
5iter_5scen_4dev_test_1542375,dev267,development,scenario_44,used_links,58,129204.41335013087,2.33770100129495,1.7537398042520833,5.916739487458354,17.858007388682978,0.8078137168216138,1.6249199241983845,12.818339532473235,2.684509776873208,1.0345778395103131,178
5iter_5scen_4dev_test_1542375,dev270,development,scenario_44,all_links,177,144443.45089171448,2.550638932969412,1.8702701917791111,6.255820697637758,27.199114537306937,0.32709260154629805,1.2801316788595318,13.672527545693136,2.935258718755208,1.2757455091862318,178
5iter_5scen_4dev_test_1542375,dev270,development,scenario_44,used_links,58,144443.45089171446,2.522039377652736,1.8667593951565709,6.547500613210559,18.71219540190288,0.9981963874774957,2.23241308879452,13.672527545693136,2.935258718755208,1.2757455091862318,178
5iter_5scen_4dev_test_1542375,dev273,development,scenario_44,all_links,177,143894.5577929599,2.55105406762165,1.8690439209367338,6.251992122580325,27.199114537306937,0.32631388049618787,1.2771328801874584,13.640045755211137,2.9384565584652407,1.2761461076272316,178
5iter_5scen_4dev_test_1542375,dev273,development,scenario_44,used_links,58,143894.55779295988,2.523306254091463,1.865456960776978,6.542153040137658,18.67971361142088,0.9958199456521594,2.227262780767703,13.640045755211137,2.9384565584652407,1.2761461076272316,178
5iter_5scen_4dev_test_1542375,dev277,development,scenario_44,all_links,177,145557.70882067533,2.559097446243592,1.8727966230450066,6.264017784729859,27.199114537306937,0.33234158720363355,1.300562609550515,13.890444575857039,2.9595422346816846,1.2963010496671719,178
5iter_5scen_4dev_test_1542375,dev277,development,scenario_44,used_links,58,145557.70882067533,2.547852426782561,1.8757770891299645,6.584512661936497,18.93011243206678,1.0142148437076401,2.26805981096988,13.890444575857039,2.9595422346816846,1.2963010496671719,178
5iter_5scen_4dev_test_1542375,dev27,development,scenario_44,all_links,177,145834.5563157522,2.5619820385363576,1.876735934543537,6.266747579670826,27.199114537306937,0.33511186495054546,1.3089738238581463,13.981244558264343,2.974385093246516,1.308653956183092,178
5iter_5scen_4dev_test_1542375,dev27,development,scenario_44,used_links,58,145834.55631575218,2.5566554067104854,1.8794954205047882,6.599764057248719,19.020912414474086,1.0226689671766644,2.2827486020580747,13.981244558264343,2.974385093246516,1.308653956183092,178
5iter_5scen_4dev_test_1542375,dev284,development,scenario_44,all_links,177,143740.13459774668,2.555583478223732,1.8701086759179204,6.255316424375959,27.199114537306937,0.3263019262759101,1.279709307077268,13.66662539833089,2.9463610762858665,1.2799063110072244,178
5iter_5scen_4dev_test_1542375,dev284,development,scenario_44,used_links,58,143740.1345977467,2.5371287657564388,1.8665938955248846,6.5467962681015495,18.706293254540633,0.9957834646695877,2.2317347260645244,13.66662539833089,2.9463610762858665,1.2799063110072244,178
5iter_5scen_4dev_test_1542375,dev285,development,scenario_44,all_links,177,145911.1319930093,2.574238299041116,1.883056928988155,6.267373583999877,27.199114537306937,0.3350095317514545,1.3109175599883955,14.00081810795448,2.985479103042475,1.3082424676773234,178
5iter_5scen_4dev_test_1542375,dev285,development,scenario_44,used_links,58,145911.1319930093,2.5940581327336276,1.8986410172222643,6.60326155053887,19.040485964164223,1.022356674482887,2.2861170773496586,14.00081810795448,2.985479103042475,1.3082424676773234,178
5iter_5scen_4dev_test_1542375,dev289,development,scenario_44,all_links,177,145980.63812322347,2.5706037211491157,1.8827138966827117,6.267105836271738,27.199114537306937,0.3348234199529432,1.3100902881755718,13.99201219124533,2.981154846253762,1.3065186331532823,178
5iter_5scen_4dev_test_1542375,dev289,development,scenario_44,used_links,58,145980.63812322344,2.582966403649419,1.8984083943321188,6.6017656409434275,19.031680047455072,1.0217887126150162,2.2846763499221376,13.99201219124533,2.981154846253762,1.3065186331532823,178
5iter_5scen_4dev_test_1542375,dev28,development,scenario_44,all_links,177,130314.34786925718,2.5330840818388682,1.816648819366549,6.077154777367858,27.199114537306937,0.2681529413713999,0.9689422858125243,12.815691562455097,2.7536525413839192,1.0438047646720467,178
5iter_5scen_4dev_test_1542375,dev28,development,scenario_44,used_links,58,130314.34786925718,2.4684668147198696,1.7561956881491358,6.520355885219742,17.85535941866484,0.8183288038403067,1.6603219702198162,12.815691562455097,2.7536525413839192,1.0438047646720467,178
5iter_5scen_4dev_test_1542375,dev2,development,scenario_44,all_links,177,146033.14683712175,2.5669467799352725,1.882375918548599,6.266842033486599,27.199114537306937,0.3347652135347512,1.309274432118717,13.983379483356376,2.9757169390849216,1.3052454463002672,178
5iter_5scen_4dev_test_1542375,dev2,development,scenario_44,used_links,58,146033.14683712175,2.5718064278761372,1.898242496184793,6.600291771789283,19.02304733956612,1.0216110826836373,2.283256849892575,13.983379483356376,2.9757169390849216,1.3052454463002672,178
5iter_5scen_4dev_test_1542375,dev308,development,scenario_44,all_links,177,143718.5242316382,2.5731906021096824,1.8714941270274699,6.252455309296218,27.199114537306937,0.3253770172720972,1.2775094747869316,13.64508920398011,2.954059046776597,1.2760852956841484,178
5iter_5scen_4dev_test_1542375,dev308,development,scenario_44,used_links,58,143718.52423163824,2.5908608507187347,1.891066572710959,6.542799997497116,18.684757060189852,0.9929608975372622,2.2278858727079154,13.64508920398011,2.954059046776597,1.2760852956841484,178
5iter_5scen_4dev_test_1542375,dev331,development,scenario_44,all_links,177,145887.92346228045,2.582318468220757,1.885125642977106,6.26898828168846,27.199114537306937,0.3362588780056849,1.315885328667011,14.053266991995567,2.9934179389549795,1.3159756883336977,178
5iter_5scen_4dev_test_1542375,dev331,development,scenario_44,used_links,58,145887.92346228045,2.6187165800577032,1.8997391800123893,6.612282884848181,19.09293484820531,1.0261693346035556,2.29480562631803,14.053266991995567,2.9934179389549795,1.3159756883336977,178
5iter_5scen_4dev_test_1542375,dev334,development,scenario_44,all_links,177,142696.67382364697,2.5456484948136455,1.8565338129224818,6.217014952453833,27.199114537306937,0.3180778482632421,1.2501740591384412,13.352887886308444,2.9082957072949966,1.2440641941975046,178
5iter_5scen_4dev_test_1542375,dev334,development,scenario_44,used_links,58,142696.67382364697,2.5068099370739327,1.8324670807099082,6.493298578535402,18.392555742518187,0.9706858472861009,2.1802104969922844,13.352887886308444,2.9082957072949966,1.2440641941975046,178
5iter_5scen_4dev_test_1542375,dev348,development,scenario_44,all_links,177,145899.61504385553,2.5793776631742737,1.878753698679194,6.268153936008959,27.199114537306937,0.33433934314177455,1.313304374575913,14.027112805054784,2.9967378691151674,1.3097481016061967,178
5iter_5scen_4dev_test_1542375,dev348,development,scenario_44,used_links,58,145899.61504385553,2.6097420543124,1.881405198464992,6.607621386068855,19.066780661264527,1.0203114437257603,2.2903160841924954,14.027112805054784,2.9967378691151674,1.3097481016061967,178
5iter_5scen_4dev_test_1542375,dev351,development,scenario_44,all_links,177,146814.3804214034,2.5711181021231138,1.891722331078817,6.277621067183814,27.199114537306937,0.34158137392112947,1.342463754455794,14.335068815911487,3.0115761682454796,1.3451264052442118,178
5iter_5scen_4dev_test_1542375,dev351,development,scenario_44,used_links,58,146814.3804214034,2.5845361524838597,1.894302802049406,6.660514355373447,19.37473667212123,1.0424121238627573,2.341257900350576,14.335068815911487,3.0115761682454796,1.3451264052442118,178
5iter_5scen_4dev_test_1542375,dev356,development,scenario_44,all_links,177,144887.1774428452,2.5771411456436337,1.8794614468932347,6.264567194784634,27.199114537306937,0.332731270967224,1.3022261320452415,13.906939758210108,2.973903976061985,1.3049491117001035,178
5iter_5scen_4dev_test_1542375,dev356,development,scenario_44,used_links,58,144887.17744284522,2.60291681977924,1.8965714349800487,6.587582222147095,18.94660761441985,1.0154040510551492,2.2710161390790846,13.906939758210108,2.973903976061985,1.3049491117001035,178
5iter_5scen_4dev_test_1542375,dev358,development,scenario_44,all_links,177,146031.80552221902,2.5671721251178914,1.8823764884450256,6.266842478309057,27.199114537306937,0.33475818858433776,1.3092759146122486,13.983398949796129,2.976037092589183,1.3052367834545755,178
5iter_5scen_4dev_test_1542375,dev358,development,scenario_44,used_links,58,146031.80552221902,2.572494119209302,1.8982414842831568,6.6002942570174055,19.023066806005872,1.021589644472893,2.2832592434438506,13.983398949796129,2.976037092589183,1.3052367834545755,178
5iter_5scen_4dev_test_1542375,dev390,development,scenario_44,all_links,177,144821.4614708943,2.561280873509495,1.8741586972025202,6.264964483648011,27.199114537306937,0.3326220546358464,1.3034475533484646,13.921506089323664,2.971346003097148,1.3062971363839466,178
5iter_5scen_4dev_test_1542375,dev390,development,scenario_44,used_links,58,144821.4614708943,2.554515644473333,1.8770645707800964,6.589801879535122,18.961173945533407,1.0150707529404277,2.273153916180303,13.921506089323664,2.971346003097148,1.3062971363839466,178
5iter_5scen_4dev_test_1542375,dev392,development,scenario_44,all_links,177,143531.5683667286,2.548604456192117,1.8685302983046552,6.2503885267594415,27.199114537306937,0.32615119862905534,1.2758923560071975,13.626560503295256,2.9407216581555424,1.2779817262559636,178
5iter_5scen_4dev_test_1542375,dev392,development,scenario_44,used_links,58,143531.56836672858,2.5158307157634052,1.8649118207531166,6.539913213125536,18.666228359505,0.9953234854714273,2.225105578073704,13.626560503295256,2.9407216581555424,1.2779817262559636,178
5iter_5scen_4dev_test_1542375,dev394,development,scenario_44,all_links,177,144099.8928316097,2.556140814042453,1.8714941270274699,6.252021501453867,27.199114537306937,0.32714406229085913,1.277149562722302,13.639695398319883,2.9404894516721947,1.2760863102195714,178
5iter_5scen_4dev_test_1542375,dev394,development,scenario_44,used_links,58,144099.89283160967,2.538829600927361,1.8881259627384965,6.542194075162624,18.679363254529626,0.9983534314738287,2.2273023020637344,13.639695398319883,2.9404894516721947,1.2760863102195714,178
5iter_5scen_4dev_test_1542375,dev423,development,scenario_44,all_links,177,143078.46237187675,2.548450779952994,1.8611892715293714,6.227468898373506,27.199114537306937,0.32006276494259167,1.2582339263663413,13.438904851158664,2.9179630844903253,1.2525949973414978,178
5iter_5scen_4dev_test_1542375,dev423,development,scenario_44,used_links,58,143078.46237187675,2.5153617382750477,1.857110626453701,6.507900157155906,18.478572707368407,0.976743265428254,2.194273442285071,13.438904851158664,2.9179630844903253,1.2525949973414978,178
5iter_5scen_4dev_test_1542375,dev459,development,scenario_44,all_links,177,143892.541703787,2.576703865837618,1.8714941270274699,6.256595262916511,27.199114537306937,0.3260861049751064,1.280700995575915,13.679093421985229,2.95997376330569,1.279065037348667,178
5iter_5scen_4dev_test_1542375,dev459,development,scenario_44,used_links,58,143892.541703787,2.6015823624401917,1.8897161002719707,6.548582489461051,18.71876127819497,0.9951248375964452,2.233455056031053,13.679093421985229,2.95997376330569,1.279065037348667,178
5iter_5scen_4dev_test_1542375,dev464,development,scenario_44,all_links,177,143378.44935135084,2.549534495969561,1.8690653506598114,6.252059028927951,27.199114537306937,0.32640799381308505,1.2771713493480756,13.639504231821864,2.9451373757494466,1.2811118014262817,178
5iter_5scen_4dev_test_1542375,dev464,development,scenario_44,used_links,58,143378.44935135084,2.518668940601466,1.8654811637270905,6.5422464917685135,18.679172088031606,0.9961071535330355,2.227352785088907,13.639504231821864,2.9451373757494466,1.2811118014262817,178
5iter_5scen_4dev_test_1542375,dev469,development,scenario_44,all_links,177,145546.6907134974,2.560526810797494,1.8786603095792664,6.263941881388964,27.199114537306937,0.3322931641952868,1.300331378821118,13.88796689435166,2.961218251647245,1.2960168513435364,178
5iter_5scen_4dev_test_1542375,dev469,development,scenario_44,used_links,58,145546.6907134974,2.5522144530936064,1.8791395141275178,6.58408858910958,18.927634750561403,1.0140670700442374,2.2676513816404165,13.88796689435166,2.961218251647245,1.2960168513435364,178
5iter_5scen_4dev_test_1542375,dev486,development,scenario_44,all_links,177,145750.94102639955,2.5813654346799066,1.8837844732271978,6.267941455637715,27.199114537306937,0.3351481797100033,1.312661912810916,14.019106049224995,2.9910152256282694,1.3117388510046555,178
5iter_5scen_4dev_test_1542375,dev486,development,scenario_44,used_links,58,145750.94102639952,2.6158081845968306,1.8990184407642539,6.606434255823541,19.058773905434737,1.0227797898046653,2.289172745644716,14.019106049224995,2.9910152256282694,1.3117388510046555,178
5iter_5scen_4dev_test_1542375,dev493,development,scenario_44,all_links,177,143391.68446780124,2.5490220866597455,1.8689877827950252,6.251816852092201,27.199114537306937,0.32635710666297507,1.2769959373566513,13.638636664209105,2.944615178382125,1.280695110276079,178
5iter_5scen_4dev_test_1542375,dev493,development,scenario_44,used_links,58,143391.68446780127,2.5171052087422017,1.8653973314517065,6.54190823058614,18.67830452041885,0.9959518599887344,2.227027001923536,13.638636664209105,2.944615178382125,1.280695110276079,178
5iter_5scen_4dev_test_1542375,dev499,development,scenario_44,all_links,177,145520.95286890783,2.560426399709337,1.8740925767706915,6.264913262391375,27.199114537306937,0.3336723082295162,1.303315485510226,13.920875694798696,2.9683676089378,1.302942457482691,178
5iter_5scen_4dev_test_1542375,dev499,development,scenario_44,used_links,58,145520.95286890783,2.551908026152162,1.8769986988091136,6.58951570579305,18.96054355100844,1.0182758371831788,2.2728782990170098,13.920875694798696,2.9683676089378,1.302942457482691,178
5iter_5scen_4dev_test_1542375,dev517,development,scenario_44,all_links,177,143926.11560410613,2.5496258129294898,1.8690493761844154,6.252009154564194,27.199114537306937,0.3274422964698068,1.27714989835473,13.640008775573808,2.9394158859110813,1.2781804831906234,178
5iter_5scen_4dev_test_1542375,dev517,development,scenario_44,used_links,58,143926.1156041061,2.5189476147722827,1.8654638820983713,6.542176829609445,18.67967663178355,0.9992635599164794,2.227285692676681,13.640008775573808,2.9394158859110813,1.2781804831906234,178
5iter_5scen_4dev_test_1542375,dev521,development,scenario_44,all_links,177,147042.28597829983,2.588189586016087,1.891722331078817,6.276221287503161,27.199114537306937,0.34135529543261134,1.3381923457813378,14.291823558428483,3.0183466897708557,1.3376697327453382,178
5iter_5scen_4dev_test_1542375,dev521,development,scenario_44,used_links,58,147042.28597829983,2.63663361195035,1.9042803949209641,6.652693770413288,19.331491414638226,1.0417221946822794,2.333725806642718,14.291823558428483,3.0183466897708557,1.3376697327453382,178
5iter_5scen_4dev_test_1542375,dev531,development,scenario_44,all_links,177,145733.80756914345,2.5678478305421844,1.8832698288471317,6.267539759175384,27.199114537306937,0.335150713573117,1.3114141045682906,14.00551537317315,2.978766813358033,1.3109355251299848,178
5iter_5scen_4dev_test_1542375,dev531,development,scenario_44,used_links,58,145733.80756914345,2.574556185762749,1.8982242509126481,6.604189973130149,19.045183229382893,1.0227875224558916,2.2870112516337597,14.00551537317315,2.978766813358033,1.3109355251299848,178
5iter_5scen_4dev_test_1542375,dev533,development,scenario_44,all_links,177,143637.90709204267,2.5752158019546854,1.8714941270274699,6.251984705061919,27.199114537306937,0.3265399978091219,1.2771407133773318,13.639248150503484,2.9500270473745376,1.2788362360642764,178
5iter_5scen_4dev_test_1542375,dev533,development,scenario_44,used_links,58,143637.90709204267,2.5970412019698634,1.890891957529736,6.542142679697782,18.678916006713226,0.9965099933140444,2.227252802511038,13.639248150503484,2.9500270473745376,1.2788362360642764,178
5iter_5scen_4dev_test_1542375,dev538,development,scenario_44,all_links,177,143876.79964876862,2.5550370000817937,1.8667392174406554,6.244796542277073,27.199114537306937,0.32646029631056567,1.271609852501439,13.582262795932177,2.936462248402662,1.2717325581319014,178
5iter_5scen_4dev_test_1542375,dev538,development,scenario_44,used_links,58,143876.79964876862,2.5354610652198306,1.8630115797107387,6.532102592935673,18.62193065214192,0.996266766327071,2.2175830815486695,13.582262795932177,2.936462248402662,1.2717325581319014,178
5iter_5scen_4dev_test_1542375,dev540,development,scenario_44,all_links,177,143521.74326945253,2.5567105415058253,1.8714941270274699,6.240547018039129,27.199114537306937,0.32454862021186814,1.268344376508218,13.546517984350675,2.934459168302225,1.2670753959554346,178
5iter_5scen_4dev_test_1542375,dev540,development,scenario_44,used_links,58,143521.74326945256,2.540568251979378,1.8890602443990225,6.526167057900687,18.586185840560418,0.99043285823277,2.2118665007151965,13.546517984350675,2.934459168302225,1.2670753959554346,178
5iter_5scen_4dev_test_1542375,dev546,development,scenario_44,all_links,177,143893.21707515107,2.552672759011389,1.8714941270274699,6.258404299885957,27.199114537306937,0.3278552437163588,1.2832050216292241,13.70346937974838,2.947235106552509,1.2853572069168298,178
5iter_5scen_4dev_test_1542375,dev546,development,scenario_44,used_links,58,143893.21707515107,2.528246053677391,1.868139980527176,6.553150058413172,18.743137235958123,1.0005237609964743,2.2378541332790776,13.70346937974838,2.947235106552509,1.2853572069168298,178
5iter_5scen_4dev_test_1542375,dev550,development,scenario_44,all_links,177,143892.5130681555,2.5589019920312595,1.8714941270274699,6.244867628096141,27.199114537306937,0.3264564973055389,1.2716749789993622,13.583478068914403,2.9387517825584704,1.2716768264149432,178
5iter_5scen_4dev_test_1542375,dev550,development,scenario_44,used_links,58,143892.5130681555,2.547255954444925,1.910228153228681,6.532201882255122,18.623145925124145,0.9962551728117306,2.2176787082136937,13.583478068914403,2.9387517825584704,1.2716768264149432,178
5iter_5scen_4dev_test_1542375,dev552,development,scenario_44,all_links,177,144276.47794038727,2.5548309758302885,1.8714941270274699,6.261149371125841,27.199114537306937,0.3298467116832145,1.2916855721959077,13.796001663269003,2.9576083132452076,1.2941503758785464,178
5iter_5scen_4dev_test_1542375,dev552,development,scenario_44,used_links,58,144276.4779403873,2.5348323360385154,1.8718711145034668,6.568486802580794,18.835669519478746,1.0066011718608443,2.2526251248139144,13.796001663269003,2.9576083132452076,1.2941503758785464,178
5iter_5scen_4dev_test_1542375,dev556,development,scenario_44,all_links,177,143581.15205377643,2.5545204796008325,1.8654631967427695,6.258921391761795,27.199114537306937,0.3266897896061823,1.2848149934889088,13.721225358339431,2.953701690679576,1.2873244909169441,178
5iter_5scen_4dev_test_1542375,dev556,development,scenario_44,used_links,58,143581.1520537764,2.533884787200348,1.8469979596236366,6.556039056591313,18.760893214549174,0.9969671165567975,2.2406365600553926,13.721225358339431,2.953701690679576,1.2873244909169441,178
5iter_5scen_4dev_test_1542375,dev557,development,scenario_44,all_links,177,133959.60838661122,2.534205970962756,1.8399468749366528,6.095319387266251,27.199114537306937,0.2823587226829844,1.1071408513922951,11.825367049958107,2.7675900438509102,1.106362223690263,178
5iter_5scen_4dev_test_1542375,dev557,development,scenario_44,used_links,57,133959.6083866112,2.410729924405814,1.7824643392279667,6.24314886605626,16.86503490616785,0.8767981388576882,1.9360287436420234,11.825367049958107,2.7675900438509102,1.106362223690263,178
5iter_5scen_4dev_test_1542375,dev558,development,scenario_44,all_links,177,144996.3829949943,2.59658415270217,1.8780029423446545,6.339851302924892,27.199114537306937,0.3318303902509201,1.298725445351395,13.871552036106124,2.9885723045978634,1.2978917391012836,178
5iter_5scen_4dev_test_1542375,dev558,development,scenario_44,used_links,58,144996.3829949943,2.66225151373374,1.8960463328233947,6.965946954349088,18.911219892315867,1.012654811627808,2.2648904550751023,13.871552036106124,2.9885723045978634,1.2978917391012836,178
5iter_5scen_4dev_test_1542375,dev564,development,scenario_44,all_links,177,146026.68389588236,2.569986040185841,1.8824560495790255,6.266904578328614,27.199114537306937,0.33478946862631587,1.3094677134081212,13.985448327508692,2.980035385904871,1.305441485870357,178
5iter_5scen_4dev_test_1542375,dev564,development,scenario_44,used_links,58,146026.68389588234,2.581081411744252,1.898287395163743,6.600641210531363,19.025116183718435,1.021685102532033,2.2835933982919476,13.985448327508692,2.980035385904871,1.305441485870357,178
5iter_5scen_4dev_test_1542375,dev565,development,scenario_44,all_links,177,143491.6829680577,2.5713549430013707,1.8714941270274699,6.247858809696515,27.199114537306937,0.32423102181246455,1.273957942481094,13.60670166680654,2.9499448277344302,1.27240971282582,178
5iter_5scen_4dev_test_1542375,dev565,development,scenario_44,used_links,58,143491.6829680577,2.585258925508887,1.8804861900882388,6.536379823641243,18.646369523016283,0.9894636355311419,2.2217025307520997,13.60670166680654,2.9499448277344302,1.27240971282582,178
5iter_5scen_4dev_test_1542375,dev569,development,scenario_44,all_links,177,143514.8917656113,2.5577595676399167,1.8714941270274699,6.244734744328836,27.199114537306937,0.32519860805680917,1.2715763563853362,13.581051976295203,2.9385448635229916,1.2717002845335956,178
5iter_5scen_4dev_test_1542375,dev569,development,scenario_44,used_links,58,143514.8917656113,2.5437695903541053,1.8897308968936608,6.532016276476155,18.620719832504946,0.9924164418285385,2.2174999491915726,13.581051976295203,2.9385448635229916,1.2717002845335956,178
5iter_5scen_4dev_test_1542375,dev57,development,scenario_44,all_links,177,143593.6693725824,2.5493832496361533,1.8661431573642813,6.242935566167819,27.199114537306937,0.3246613387621213,1.2701481559951604,13.565612070935469,2.930252783424565,1.2684470932292888,178
5iter_5scen_4dev_test_1542375,dev57,development,scenario_44,used_links,58,143593.6693725824,2.5182073785150325,1.8623752338436468,6.529503269275599,18.60527992714521,0.9907768441533702,2.2150796435725497,13.565612070935469,2.930252783424565,1.2684470932292888,178
5iter_5scen_4dev_test_1542375,dev594,development,scenario_44,all_links,177,143566.04542882933,2.566722468533295,1.8688551108639249,6.2514026332845125,27.199114537306937,0.3236349784270882,1.2766909149604566,13.636062420044276,2.95459762852706,1.2742182526299406,178
5iter_5scen_4dev_test_1542375,dev594,development,scenario_44,used_links,58,143566.04542882938,2.571121891356309,1.865254240714637,6.541329669291387,18.67573027625402,0.9876446755447346,2.226469783005768,13.636062420044276,2.95459762852706,1.2742182526299406,178
5iter_5scen_4dev_test_1542375,dev602,development,scenario_44,all_links,177,143511.40042297327,2.570533733987172,1.8714941270274699,6.248677173601359,27.199114537306937,0.32427286478604955,1.2745886904742725,13.613414390358418,2.950116741964428,1.2730010148760065,178
5iter_5scen_4dev_test_1542375,dev602,development,scenario_44,used_links,58,143511.40042297327,2.5827528221379703,1.8712132869107718,6.53752287574698,18.65308224656816,0.9895913287436338,2.2228034171457947,13.613414390358418,2.950116741964428,1.2730010148760065,178
5iter_5scen_4dev_test_1542375,dev612,development,scenario_44,all_links,177,147345.1344074746,2.598657342148906,1.8946173867017428,6.418810732069314,27.199114537306937,0.34345490501398995,1.3472628098245805,14.387904765065269,3.030390768574354,1.3481596600997412,178
5iter_5scen_4dev_test_1542375,dev612,development,scenario_44,used_links,58,147345.1344074746,2.6685783160108474,1.9062191616778001,6.669118925205939,19.42757262127501,1.0481296239220037,2.34954505874401,14.387904765065269,3.030390768574354,1.3481596600997412,178
5iter_5scen_4dev_test_1542375,dev614,development,scenario_44,all_links,177,144207.71821661625,2.5511015495500167,1.8712603929151606,6.258166008843476,27.199114537306937,0.3278032228310774,1.2824881329462101,13.69763859586449,2.9427902424720327,1.2816580215623514,178
5iter_5scen_4dev_test_1542375,dev614,development,scenario_44,used_links,58,144207.71821661625,2.5234511558383748,1.8678118829634882,6.551818723654764,18.737306452074233,1.0003650076051842,2.2365719097359618,13.69763859586449,2.9427902424720327,1.2816580215623514,178
5iter_5scen_4dev_test_1542375,dev625,development,scenario_44,all_links,177,143757.30570733297,2.557358768337952,1.8714442584318645,6.2583095217826346,27.199114537306937,0.32649928207347284,1.2829169162591652,13.700561606285653,2.9521996392459826,1.2832555256674354,178
5iter_5scen_4dev_test_1542375,dev625,development,scenario_44,used_links,58,143757.30570733294,2.542546461449834,1.8680141182946346,6.552620532074391,18.740229462495396,0.9963857401207706,2.2373441404812504,13.700561606285653,2.9521996392459826,1.2832555256674354,178
5iter_5scen_4dev_test_1542375,dev627,development,scenario_44,all_links,177,143858.3969891108,2.5558326202883115,1.8714941270274699,6.2519869185330785,27.199114537306937,0.32626309508950146,1.2771297056961193,13.64000349932492,2.942300602613019,1.2762352216574482,178
5iter_5scen_4dev_test_1542375,dev627,development,scenario_44,used_links,58,143858.39698911077,2.5378890786086865,1.8908923329104053,6.542145771369903,18.679671355534662,0.9956649626007201,2.227255780135378,13.64000349932492,2.942300602613019,1.2762352216574482,178
5iter_5scen_4dev_test_1542375,dev628,development,scenario_44,all_links,177,143577.5704627015,2.5584057229373185,1.8714941270274699,6.260965264655191,27.199114537306937,0.32753072790522747,1.2911204909366558,13.788537268093542,2.964202893601514,1.2954216053976642,178
5iter_5scen_4dev_test_1542375,dev628,development,scenario_44,used_links,58,143577.57046270146,2.545741478072038,1.87162797492835,6.56745819764008,18.828205124303285,0.9995334282625045,2.2516344637775227,13.788537268093542,2.964202893601514,1.2954216053976642,178
5iter_5scen_4dev_test_1542375,dev629,development,scenario_44,all_links,177,143748.5896043849,2.551921655549823,1.8695525826804513,6.2535802298706304,27.199114537306937,0.3265292495669167,1.278385311703948,13.65451967229006,2.9443467721991974,1.2794505991264167,178
5iter_5scen_4dev_test_1542375,dev629,development,scenario_44,used_links,58,143748.5896043849,2.5259538931136456,1.866000209672543,6.544371233500754,18.694187528499803,0.9964771926438665,2.229399147849974,13.65451967229006,2.9443467721991974,1.2794505991264167,178
5iter_5scen_4dev_test_1542375,dev62,development,scenario_44,all_links,177,143434.01184363148,2.550425232798198,1.8673626119059659,6.2467428598590855,27.199114537306937,0.3255370792712024,1.2730860898370884,13.596929900052395,2.9388859724826633,1.2748865227665283,178
5iter_5scen_4dev_test_1542375,dev62,development,scenario_44,used_links,58,143434.0118436315,2.5213872236819634,1.8636702419614628,6.5348211175399324,18.636597756262137,0.9934493626034969,2.2202013233004965,13.596929900052395,2.9388859724826633,1.2748865227665283,178
5iter_5scen_4dev_test_1542375,dev63,development,scenario_44,all_links,177,145796.20217253742,2.5826515302669093,1.8842159404874559,6.268278229687468,27.199114537306937,0.335399541684687,1.313699941539998,14.030143753296095,2.992678527826276,1.3128552744511852,178
5iter_5scen_4dev_test_1542375,dev63,development,scenario_44,used_links,58,145796.2021725374,2.6197329935433737,1.8992403144491772,6.608315816261138,19.069811609505837,1.0235468772101657,2.2909848977542033,14.030143753296095,2.992678527826276,1.3128552744511852,178
5iter_5scen_4dev_test_1542375,dev648,development,scenario_44,all_links,177,143530.8874901772,2.5716764304578996,1.8714941270274699,6.252215007692991,27.199114537306937,0.3257618345926887,1.277315593244874,13.642592010614283,2.948692706656128,1.2785392800453284,178
5iter_5scen_4dev_test_1542375,dev648,development,scenario_44,used_links,58,143530.8874901772,2.5862400165400175,1.890933742202697,6.542464355551085,18.682259866824026,0.9941352538432052,2.2275626121586516,13.642592010614283,2.948692706656128,1.2785392800453284,178
5iter_5scen_4dev_test_1542375,dev662,development,scenario_44,all_links,177,146962.33488772297,2.585253750752187,1.891722331078817,6.2750102654955295,27.199114537306937,0.3406336974096343,1.3344567108891692,14.25217644287186,3.0141554517914146,1.333173634717918,178
5iter_5scen_4dev_test_1542375,dev662,development,scenario_44,used_links,58,146962.33488772297,2.6276742526105146,1.9035280932534258,6.6459277767142675,19.291844299081603,1.0395200765776773,2.327209401689965,14.25217644287186,3.0141554517914146,1.333173634717918,178
5iter_5scen_4dev_test_1542375,dev669,development,scenario_44,all_links,177,143144.95717689898,2.5477081323295456,1.860922919797762,6.2266373140603966,27.199114537306937,0.32224068953705104,1.2575932084938533,13.432263678346668,2.918249178829593,1.2560661220162768,178
5iter_5scen_4dev_test_1542375,dev669,development,scenario_44,used_links,58,143144.95717689898,2.513095382596593,1.856827689816582,6.506738639407418,18.47193153455641,0.9833896904837592,2.1931547714222748,13.432263678346668,2.918249178829593,1.2560661220162768,178
5iter_5scen_4dev_test_1542375,dev670,development,scenario_44,all_links,177,144090.16787815426,2.555996385144706,1.8714941270274699,6.252020621303762,27.199114537306937,0.326879939263843,1.2771494289601573,13.639803182058358,2.9422883877141035,1.2756397846743246,178
5iter_5scen_4dev_test_1542375,dev670,development,scenario_44,used_links,58,144090.1678781543,2.538388843773892,1.8905691924383552,6.542192845810468,18.6794710382681,0.9975474008569002,2.2273011180607867,13.639803182058358,2.9422883877141035,1.2756397846743246,178
5iter_5scen_4dev_test_1542375,dev673,development,scenario_44,all_links,177,143506.610655443,2.5457089205936767,1.8654811146075134,6.240868583656354,27.199114537306937,0.3238596524636119,1.2685572072763747,13.54862779495037,2.925824741832191,1.2663004472114796,178
5iter_5scen_4dev_test_1542375,dev673,development,scenario_44,used_links,58,143506.61065544302,2.506994339885406,1.8616702234986713,6.526616205588806,18.588295651160113,0.9883303187251606,2.2122990799267024,13.54862779495037,2.925824741832191,1.2663004472114796,178
5iter_5scen_4dev_test_1542375,dev678,development,scenario_44,all_links,177,146029.76424638473,2.566224785309556,1.8792051974566917,6.264367183872011,27.199114537306937,0.3352289247375113,1.3016346614892138,13.903142322158754,2.966438304580176,1.3001606556437193,178
5iter_5scen_4dev_test_1542375,dev678,development,scenario_44,used_links,58,146029.76424638473,2.569603099449384,1.9268119741148548,6.586464758908594,18.942810178368497,1.0230262013541296,2.2699398976124496,13.903142322158754,2.966438304580176,1.3001606556437193,178
5iter_5scen_4dev_test_1542375,dev680,development,scenario_44,all_links,177,143562.70853927667,2.5698822479803107,1.8714941270274699,6.249217754789596,27.199114537306937,0.32452442313841456,1.2750108009905607,13.618343759323292,2.949967043922075,1.2734172011563132,178
5iter_5scen_4dev_test_1542375,dev680,development,scenario_44,used_links,58,143562.70853927667,2.5807646665653072,1.8849073704836836,6.538277934055246,18.658011615533034,0.9903590154396444,2.2235306223307947,13.618343759323292,2.949967043922075,1.2734172011563132,178
5iter_5scen_4dev_test_1542375,dev682,development,scenario_44,all_links,177,144996.381901195,2.5966862024111683,1.8780029321795946,6.339851262252546,27.199114537306937,0.33183205695040685,1.2987254241673205,13.871551957972152,2.9886430158669364,1.2978928792142856,178
5iter_5scen_4dev_test_1542375,dev682,development,scenario_44,used_links,58,144996.38190119498,2.6625629412939578,1.8960463277408648,6.968656460714257,18.911219814181894,1.0126598979348622,2.2648904123820963,13.871551957972152,2.9886430158669364,1.2978928792142856,178
5iter_5scen_4dev_test_1542375,dev689,development,scenario_44,all_links,177,146058.1374444195,2.5719637407938403,1.8829658666168285,6.267302506895317,27.199114537306937,0.33536188829485664,1.3106958073582435,13.998505971547445,2.9830595724067708,1.3074299164661192,178
5iter_5scen_4dev_test_1542375,dev689,development,scenario_44,used_links,58,146058.1374444195,2.587116808427285,1.8985334442991628,6.602864441949127,19.038173827757188,1.0234319694515452,2.285734617581575,13.998505971547445,2.9830595724067708,1.3074299164661192,178
5iter_5scen_4dev_test_1542375,dev694,development,scenario_44,all_links,177,143633.6936759784,2.5555349787514468,1.8660199209848969,6.242550806364378,27.199114537306937,0.3231499100741657,1.2698590575464996,13.562697234085526,2.9351961594119973,1.2651295816457988,178
5iter_5scen_4dev_test_1542375,dev694,development,scenario_44,used_links,58,143633.6936759784,2.5369807587461874,1.862242705081183,6.528965854928601,18.60236509029527,0.9861643807435745,2.2145620537449155,13.562697234085526,2.9351961594119973,1.2651295816457988,178
5iter_5scen_4dev_test_1542375,dev726,development,scenario_44,all_links,177,143589.19696405053,2.55598503705589,1.8714941270274699,6.2608611238441085,27.199114537306937,0.32720193653773616,1.2907985757680769,13.785033616390791,2.9627484611367385,1.2943376949557759,178
5iter_5scen_4dev_test_1542375,dev726,development,scenario_44,used_links,58,143589.19696405053,2.538354212537334,1.8714862856462238,6.5668763617468,18.824701472600534,0.9985300477099879,2.2510740910569265,13.785033616390791,2.9627484611367385,1.2943376949557759,178
5iter_5scen_4dev_test_1542375,dev736,development,scenario_44,all_links,177,143393.07486629183,2.5550085479502616,1.8692062690093885,6.2524989941131945,27.199114537306937,0.3265362740813782,1.2775167288407343,13.643639942282327,2.945721143225473,1.2815956066863736,178
5iter_5scen_4dev_test_1542375,dev736,development,scenario_44,used_links,58,143393.07486629183,2.5353742371632593,1.8656308570795357,6.542861014389157,18.68330779849207,0.9964986295242058,2.2279446387658197,13.643639942282327,2.945721143225473,1.2815956066863736,178
5iter_5scen_4dev_test_1542375,dev73,development,scenario_44,all_links,177,144608.77504271123,2.558675389346026,1.8714941270274699,6.262254357282906,27.199114537306937,0.330783468131352,1.2950951528608057,13.832497157685953,2.9608958133302483,1.2964581555016577,178
5iter_5scen_4dev_test_1542375,dev73,development,scenario_44,used_links,58,144608.77504271118,2.546564425560679,1.8733748725884523,6.57466037277943,18.872165013895696,1.0094598941249882,2.258570960002084,13.832497157685953,2.9608958133302483,1.2964581555016577,178
5iter_5scen_4dev_test_1542375,dev750,development,scenario_44,all_links,177,146106.04122905442,2.573026104506706,1.8835782319907803,6.267780477730903,27.199114537306937,0.3356915383736146,1.3121710978206245,14.01421936597622,2.985357501904968,1.3090912951766427,178
5iter_5scen_4dev_test_1542375,dev750,development,scenario_44,used_links,58,146106.04122905445,2.5903588494130982,1.898907701198974,6.605534870431446,19.053887222185963,1.0244379705539615,2.2883065374151195,14.01421936597622,2.985357501904968,1.3090912951766427,178
5iter_5scen_4dev_test_1542375,dev755,development,scenario_44,all_links,177,143780.94149360212,2.56000567985407,1.8714941270274699,6.252020183661285,27.199114537306937,0.3260549080506963,1.2771492215382119,13.639804239594174,2.9467800724540147,1.276360317371715,178
5iter_5scen_4dev_test_1542375,dev755,development,scenario_44,used_links,58,143780.9414936021,2.5506241052145353,1.8908976603614016,6.542192234532096,18.679472095803916,0.9950296331891938,2.2273005293316834,13.639804239594174,2.9467800724540147,1.276360317371715,178
5iter_5scen_4dev_test_1542375,dev759,development,scenario_44,all_links,177,147342.63995388406,2.593133125738693,1.8936794080644177,6.27851029606673,27.199114537306937,0.3430951094671177,1.3452544846728474,14.366890002789496,3.0274461441000495,1.3453659305681944,178
5iter_5scen_4dev_test_1542375,dev759,development,scenario_44,used_links,58,147342.63995388412,2.6517199314486457,1.9057920188168356,6.665482487233052,19.40655785899924,1.0470316271668936,2.346042764259117,14.366890002789496,3.0274461441000495,1.3453659305681944,178
5iter_5scen_4dev_test_1542375,dev761,development,scenario_44,all_links,177,143292.7452535133,2.5509269599846185,1.8642166002076765,6.236920607300988,27.199114537306937,0.3235296919407575,1.2655163734277006,13.516321163951336,2.9282101066688835,1.2643946526903873,178
5iter_5scen_4dev_test_1542375,dev761,development,scenario_44,used_links,58,143292.7452535133,2.5229183566474185,1.860326788959007,6.521101858414284,18.55598902016108,0.9873233702330012,2.2069881498789172,13.516321163951336,2.9282101066688835,1.2643946526903873,178
5iter_5scen_4dev_test_1542375,dev764,development,scenario_44,all_links,177,143763.83398030227,2.574270519638685,1.8714941270274699,6.253566925684618,27.199114537306937,0.325435017602033,1.2783655828235623,13.654174610326116,2.95632014957993,1.2766581684507878,178
5iter_5scen_4dev_test_1542375,dev764,development,scenario_44,used_links,58,143763.83398030224,2.5941564611089665,1.884572820421265,6.544352650841199,18.69384246653586,0.9931378985441354,2.229381250680667,13.654174610326116,2.95632014957993,1.2766581684507878,178
5iter_5scen_4dev_test_1542375,dev767,development,scenario_44,all_links,177,143392.57256779005,2.550901354428962,1.865218440759441,6.240048482167991,27.199114537306937,0.324429455922487,1.267922656082166,13.541579016625622,2.9313360408009905,1.2680583118782223,178
5iter_5scen_4dev_test_1542375,dev767,development,scenario_44,used_links,58,143392.57256779008,2.522840215555155,1.8613925508756632,6.525470726508358,18.581246872835365,0.9900692016944861,2.2111958560862504,13.541579016625622,2.9313360408009905,1.2680583118782223,178
5iter_5scen_4dev_test_1542375,dev770,development,scenario_44,all_links,177,143432.93354041473,2.550498378646741,1.866790906023062,6.244957920669609,27.199114537306937,0.32534299351391827,1.2717151454356008,13.582642895095496,2.93728854734696,1.273354975146471,178
5iter_5scen_4dev_test_1542375,dev770,development,scenario_44,used_links,58,143432.93354041473,2.5216104446335486,1.8630620636236959,6.532327998663267,18.62231075130524,0.9928570664131643,2.217800172350851,13.582642895095496,2.93728854734696,1.273354975146471,178
5iter_5scen_4dev_test_1542375,dev775,development,scenario_44,all_links,177,145895.21388711347,2.583442650898061,1.8855459835814898,6.2693163710260595,27.199114537306937,0.3365047951085231,1.3168942416495253,14.063905417771302,2.994279997133775,1.317463775153616,178
5iter_5scen_4dev_test_1542375,dev775,development,scenario_44,used_links,58,145895.21388711347,2.6221472754694757,1.899955980503732,6.614115923700425,19.103573273981045,1.026919805762217,2.296571046740617,14.063905417771302,2.994279997133775,1.317463775153616,178
5iter_5scen_4dev_test_1542375,dev776,development,scenario_44,all_links,177,143684.2400812949,2.5587796795489113,1.8714941270274699,6.262942575941526,27.199114537306937,0.3282450536006449,1.297218766721929,13.853490324164675,2.9724188277048467,1.3020781928222251,178
5iter_5scen_4dev_test_1542375,dev776,development,scenario_44,used_links,58,143684.24008129488,2.546882690490175,1.87431953280227,6.578505458234879,18.893158180374417,1.0017133532295541,2.262274205234084,13.853490324164675,2.9724188277048467,1.3020781928222251,178
5iter_5scen_4dev_test_1542375,dev780,development,scenario_44,all_links,177,143892.91264731658,2.555604850882636,1.8714941270274699,6.2449371947142405,27.199114537306937,0.32639794805591854,1.2717283695064983,13.584035529791059,2.9371115888688935,1.2716592149933783,178
5iter_5scen_4dev_test_1542375,dev780,development,scenario_44,used_links,58,143892.91264731658,2.5371939892155067,1.9102586915225759,6.532299049626309,18.623703386000802,0.9960764966534067,2.2177722912063804,13.584035529791059,2.9371115888688935,1.2716592149933783,178
5iter_5scen_4dev_test_1542375,dev789,development,scenario_44,all_links,177,145663.426231534,2.5766398034746083,1.8803691027616494,6.265275649332042,27.199114537306937,0.33356344473428906,1.304429197263227,13.932179549519141,2.984499943608736,1.3010303282150326,178
5iter_5scen_4dev_test_1542375,dev789,development,scenario_44,used_links,58,145663.42623153405,2.601386861780663,1.8970854994753696,6.5915403657428335,18.971847405728884,1.0179436158270545,2.2748282718829786,13.932179549519141,2.984499943608736,1.3010303282150326,178
5iter_5scen_4dev_test_1542375,dev791,development,scenario_44,all_links,177,144229.48585417622,2.5637271629667913,1.8714941270274699,6.258102509452099,27.199114537306937,0.3280131263592841,1.2822939000491327,13.695761153619525,2.951705390136473,1.2814007250094313,178
5iter_5scen_4dev_test_1542375,dev791,development,scenario_44,used_links,58,144229.48585417625,2.561981045058532,1.8919607036721593,6.551463951834561,18.735429009829268,1.00100557526885,2.236230224988813,13.695761153619525,2.951705390136473,1.2814007250094313,178
5iter_5scen_4dev_test_1542375,dev809,development,scenario_44,all_links,177,144265.0666963759,2.5640240899457423,1.8714941270274699,6.258212799803451,27.199114537306937,0.32812041894949967,1.2826342590026572,13.699393004159084,2.952251398434539,1.2816120185993596,178
5iter_5scen_4dev_test_1542375,dev809,development,scenario_44,used_links,58,144265.06669637587,2.5628871842874,1.8920313544143994,6.552080145279117,18.739060860368827,1.0013330026562317,2.2368236878551064,13.699393004159084,2.952251398434539,1.2816120185993596,178
5iter_5scen_4dev_test_1542375,dev810,development,scenario_44,all_links,177,143580.48072084095,2.5678734033452715,1.8690382874851752,6.251974534221066,27.199114537306937,0.32387283733407773,1.277133134442874,13.64083116625141,2.9547022983530926,1.2748179585111636,178
5iter_5scen_4dev_test_1542375,dev810,development,scenario_44,used_links,58,143580.48072084098,2.574634226903205,1.8654487878325887,6.542128473546966,18.680499022461152,0.9883705553126163,2.2272391204067308,13.64083116625141,2.9547022983530926,1.2748179585111636,178
5iter_5scen_4dev_test_1542375,dev811,development,scenario_44,all_links,177,143541.73773741178,2.54986819570272,1.8690465839171737,6.25200043674726,27.199114537306937,0.32639074383009015,1.2771309285697188,13.63965314839903,2.9426414527025457,1.2795385691448955,178
5iter_5scen_4dev_test_1542375,dev811,development,scenario_44,used_links,58,143541.73773741178,2.519687300131968,1.8654590610076682,6.542164652973912,18.679321004608774,0.9960545113435512,2.227273965221465,13.63965314839903,2.9426414527025457,1.2795385691448955,178
5iter_5scen_4dev_test_1542375,dev813,development,scenario_44,all_links,177,142942.71511116868,2.5633926730672876,1.860511645926967,6.225353264216689,27.199114537306937,0.3197828035002515,1.256600515959506,13.421463409757447,2.940145578960889,1.2519937083056702,178
5iter_5scen_4dev_test_1542375,dev813,development,scenario_44,used_links,58,142942.71511116865,2.5609602741583237,1.8563914281863487,6.504945139145448,18.46113126596719,0.9758889003369744,2.1914274310625648,13.421463409757447,2.940145578960889,1.2519937083056702,178
5iter_5scen_4dev_test_1542375,dev822,development,scenario_44,all_links,177,143857.71442430737,2.55732795268875,1.8714941270274699,6.257029857631613,27.199114537306937,0.327407345729038,1.2810392159652735,13.682384302518642,2.9476514491034527,1.282551667075277,178
5iter_5scen_4dev_test_1542375,dev822,development,scenario_44,used_links,58,143857.71442430737,2.5424524205893366,1.8916999236758205,6.5491895108622895,18.722052158728385,0.9991568998972367,2.2340396851988324,13.682384302518642,2.9476514491034527,1.282551667075277,178
5iter_5scen_4dev_test_1542375,dev831,development,scenario_44,all_links,177,143599.43666996737,2.558457203834632,1.8714941270274699,6.261157380850893,27.199114537306937,0.3276084383038071,1.2917135955505237,13.794872706722785,2.9649409889725513,1.295972467213305,178
5iter_5scen_4dev_test_1542375,dev831,development,scenario_44,used_links,58,143599.43666996737,2.5458985835690116,1.8718894922267415,6.568531553005555,18.834540562932528,0.9997705789616181,2.252668224453453,13.794872706722785,2.9649409889725513,1.295972467213305,178
5iter_5scen_4dev_test_1542375,dev837,development,scenario_44,all_links,177,144047.25676449164,2.5504022175539056,1.8685620854013267,6.250487770157602,27.199114537306937,0.32619110060115053,1.2759582769020748,13.62563453242598,2.934324553316063,1.2733254813896882,178
5iter_5scen_4dev_test_1542375,dev837,development,scenario_44,used_links,58,144047.25676449164,2.521316987505416,1.8649542869949063,6.540051831623466,18.665302388635723,0.9954452552828212,2.225239083114743,13.62563453242598,2.934324553316063,1.2733254813896882,178
5iter_5scen_4dev_test_1542375,dev858,development,scenario_44,all_links,177,143562.66631099125,2.5729376882865527,1.8684127574630658,6.250021549156461,27.199114537306937,0.3243030361521961,1.27562681783221,13.624563541821605,2.9540990423847022,1.273683210324204,178
5iter_5scen_4dev_test_1542375,dev858,development,scenario_44,used_links,58,143562.6663109913,2.5900890274998734,1.8647855111835456,6.539400636117482,18.664231398031347,0.9896834034299778,2.2246119093677414,13.624563541821605,2.9540990423847022,1.273683210324204,178
5iter_5scen_4dev_test_1542375,dev863,development,scenario_44,all_links,177,143787.918590351,2.558780552861912,1.8676128080473164,6.247524004344577,27.199114537306937,0.3236973431806935,1.2736956330805145,13.603786111150164,2.9430582314108067,1.2689311638412735,178
5iter_5scen_4dev_test_1542375,dev863,development,scenario_44,used_links,58,143787.91859035104,2.546885355600538,1.8639352248233452,6.5359121833161025,18.643453967359907,0.9878349955686683,2.2212521410730046,13.603786111150164,2.9430582314108067,1.2689311638412735,178
5iter_5scen_4dev_test_1542375,dev866,development,scenario_44,all_links,177,143956.92567266995,2.5548394982240743,1.8703268205837214,6.255997500038476,27.199114537306937,0.3272717842763089,1.2802497342227062,13.673191351939288,2.9447679076519977,1.2805969037723646,178
5iter_5scen_4dev_test_1542375,dev866,development,scenario_44,used_links,58,143956.92567266995,2.5348583440333448,1.8668198528732374,6.547747562465339,18.71285920814903,0.9987432037397701,2.2326509284110663,13.673191351939288,2.9447679076519977,1.2805969037723646,178
5iter_5scen_4dev_test_1542375,dev873,development,scenario_44,all_links,177,145744.67083975492,2.577921798543448,1.8830859112240161,6.267396205565499,27.199114537306937,0.3348410751359703,1.3109841659463752,14.001389510488742,2.987823219785447,1.3094872410415186,178
5iter_5scen_4dev_test_1542375,dev873,development,scenario_44,used_links,58,145744.67083975495,2.6052991570769506,1.8986888849740349,6.603387937482705,19.041057366698485,1.0218425913632196,2.2862388020427944,14.001389510488742,2.987823219785447,1.3094872410415186,178
5iter_5scen_4dev_test_1542375,dev878,development,scenario_44,all_links,177,143772.14002583234,2.5738089993858413,1.8714941270274699,6.258819323794559,27.199114537306937,0.32751093942848225,1.2845022582859058,13.71798023258351,2.960102718593526,1.2867534006612014,178
5iter_5scen_4dev_test_1542375,dev878,development,scenario_44,used_links,58,143772.14002583234,2.59274802861322,1.8687060124496004,6.555468801700119,18.757648088793253,0.9994730392903682,2.2400873411287114,13.71798023258351,2.960102718593526,1.2867534006612014,178
5iter_5scen_4dev_test_1542375,dev887,development,scenario_44,all_links,177,144943.44317384105,2.553365439701639,1.8714941270274699,6.262570981610725,27.199114537306937,0.3310872178969412,1.2960839889658835,13.842017346819599,2.954504851172754,1.2950943486954187,178
5iter_5scen_4dev_test_1542375,dev887,development,scenario_44,used_links,58,144943.44317384102,2.530359924059705,1.8738083354414954,6.576429356491934,18.881685203029342,1.0103868546165273,2.2602746881960907,13.842017346819599,2.954504851172754,1.2950943486954187,178
5iter_5scen_4dev_test_1542375,dev895,development,scenario_44,all_links,177,145918.64303823008,2.569161221431831,1.8816248998733127,6.266255839297578,27.199114537306937,0.33455199291060145,1.3074669784679145,13.964091176233836,2.9770810494830533,1.3039710880017013,178
5iter_5scen_4dev_test_1542375,dev895,development,scenario_44,used_links,58,145918.64303823005,2.578564292443222,1.8978805655858015,6.597016698203236,19.00375903244358,1.0209603921582149,2.2801025895302227,13.964091176233836,2.9770810494830533,1.3039710880017013,178
5iter_5scen_4dev_test_1542375,dev90,development,scenario_44,all_links,177,144004.49912301576,2.5499437403716456,1.8686866931425676,6.250876811528882,27.199114537306937,0.3262793161727807,1.2762590875534492,13.628878124205482,2.935010888751046,1.2742199316160854,178
5iter_5scen_4dev_test_1542375,dev90,development,scenario_44,used_links,58,144004.4991230158,2.5199178416216217,1.8650866254671175,6.540595226262488,18.668545980415225,0.9957144648721067,2.2257624326291725,13.628878124205482,2.935010888751046,1.2742199316160854,178
5iter_5scen_4dev_test_1542375,dev935,development,scenario_44,all_links,177,144336.7998897562,2.552253498757171,1.8714941270274699,6.258362276810467,27.199114537306937,0.32800794140226613,1.2830937065086312,13.70410903213197,2.94289436741789,1.2814670470081677,178
5iter_5scen_4dev_test_1542375,dev935,development,scenario_44,used_links,58,144336.79988975616,2.5269665870395164,1.8680781472735752,6.552915275013543,18.743776888341714,1.000989752210364,2.23762801073504,13.70410903213197,2.94289436741789,1.2814670470081677,178
5iter_5scen_4dev_test_1542375,dev938,development,scenario_44,all_links,177,143233.55519824236,2.556238143225203,1.862286595156355,6.230894883664044,27.199114537306937,0.32060921090024225,1.260873052577598,13.466941295632747,2.9315196030961674,1.255238364874961,178
5iter_5scen_4dev_test_1542375,dev938,development,scenario_44,used_links,58,143233.55519824233,2.5391266227436837,1.8582770284670644,6.512685411829775,18.50660915184249,0.978410867747291,2.1988821751104495,13.466941295632747,2.9315196030961674,1.255238364874961,178
5iter_5scen_4dev_test_1542375,dev940,development,scenario_44,all_links,177,144322.55755290692,2.5522990604219506,1.8711643521864516,6.258091045971139,27.199114537306937,0.327824468871906,1.2822524276810428,13.69393105318376,2.941912516562645,1.2803776233893263,178
5iter_5scen_4dev_test_1542375,dev940,development,scenario_44,used_links,58,144322.55755290692,2.527105628671691,1.8677099814857425,6.551399905236354,18.733598909393503,1.0004298446608164,2.2361685409866787,13.69393105318376,2.941912516562645,1.2803776233893263,178
5iter_5scen_4dev_test_1542375,dev945,development,scenario_44,all_links,177,146629.21958205715,2.567853026732551,1.8862900769935755,6.273383511927245,27.199114537306937,0.3375245800096163,1.3294211944189374,14.198437818887019,2.994595964659265,1.3259568829670603,178
5iter_5scen_4dev_test_1542375,dev945,development,scenario_44,used_links,58,146629.21958205715,2.574572043102314,1.8885233945414124,6.6368390860682664,19.23810567509676,1.0300319079603808,2.318455981072944,14.198437818887019,2.994595964659265,1.3259568829670603,178
5iter_5scen_4dev_test_1542375,dev94,development,scenario_44,all_links,177,143398.49891868737,2.5477935869867805,1.8687462922549292,6.25106288761187,27.199114537306937,0.32625544811119306,1.2764091264759823,13.631996807741658,2.943554981747639,1.279891544896668,178
5iter_5scen_4dev_test_1542375,dev94,development,scenario_44,used_links,58,143398.49891868737,2.5133561666367745,1.8651407873828023,6.540855128559287,18.6716646639514,0.9956416261324338,2.2260127474667915,13.631996807741658,2.943554981747639,1.279891544896668,178
5iter_5scen_4dev_test_1542375,dev952,development,scenario_44,all_links,177,145187.09913255318,2.590787174652154,1.8798837113003894,6.347376618789964,27.199114537306937,0.33236353776152633,1.3032514648622096,13.919743458939003,2.989917807104468,1.3018926694030952,178
5iter_5scen_4dev_test_1542375,dev952,development,scenario_44,used_links,58,145187.0991325532,2.64456073589145,1.896957035601385,6.8043516310402525,18.959411315148746,1.0142818307550028,2.2727896394270113,13.919743458939003,2.989917807104468,1.3018926694030952,178
5iter_5scen_4dev_test_1542375,dev958,development,scenario_44,all_links,177,143803.71378723596,2.5541526528968768,1.8667688125168784,6.244888941905878,27.199114537306937,0.3262432168540707,1.2716903313707608,13.583579877730955,2.936576042058644,1.2720395951538115,178
5iter_5scen_4dev_test_1542375,dev958,development,scenario_44,used_links,58,143803.71378723596,2.5327622815693096,1.8630425269734994,6.5322316523793384,18.623247733940698,0.9956042997098364,2.217707380156578,13.583579877730955,2.936576042058644,1.2720395951538115,178
5iter_5scen_4dev_test_1542375,dev964,development,scenario_44,all_links,177,143498.93519302615,2.5527802339979395,1.8688812352448005,6.25148419695671,27.199114537306937,0.3263386675415546,1.2767505281454299,13.634988644501437,2.9433707646993796,1.2794602571720988,178
5iter_5scen_4dev_test_1542375,dev964,development,scenario_44,used_links,58,143498.93519302615,2.5285740376880703,1.8652852547400118,6.54144359358192,18.67465650071118,0.9958955888768132,2.2265795047767423,13.634988644501437,2.9433707646993796,1.2794602571720988,178
5iter_5scen_4dev_test_1542375,dev970,development,scenario_44,all_links,177,144509.3468724334,2.5530639529578862,1.8714941270274699,6.259602842741983,27.199114537306937,0.3289170974525718,1.2869231426576109,13.744121202085601,2.9462540680726996,1.2855348712132062,178
5iter_5scen_4dev_test_1542375,dev970,development,scenario_44,used_links,58,144509.3468724334,2.5294398696865277,1.8697691627931077,6.559846330950558,18.783789058295344,1.0037642456742277,2.2443033889935657,13.744121202085601,2.9462540680726996,1.2855348712132062,178
5iter_5scen_4dev_test_1542375,dev971,development,scenario_44,all_links,177,143717.9612989223,2.5520577448484034,1.869029199923964,6.251946161687868,27.199114537306937,0.32659127169259966,1.2771172415412944,13.640500919622482,2.9425687294818843,1.278397571780217,178
5iter_5scen_4dev_test_1542375,dev971,development,scenario_44,used_links,58,143717.96129892234,2.5263692001110383,1.8654439070328521,6.542088844130731,18.680168775832225,0.9966664670618988,2.227200952868343,13.640500919622482,2.9425687294818843,1.278397571780217,178
5iter_5scen_4dev_test_1542375,dev987,development,scenario_44,all_links,177,143387.59297177693,2.555230271369639,1.86920004680344,6.252479567587118,27.199114537306937,0.3265180302656536,1.2775107653366604,13.643462406266867,2.945730924132966,1.2815944743578143,178
5iter_5scen_4dev_test_1542375,dev987,development,scenario_44,used_links,58,143387.59297177693,2.5360508758741194,1.8661739261217551,6.542833880333746,18.68313026247661,0.9964429544313912,2.2279185056505773,13.643462406266867,2.945730924132966,1.2815944743578143,178
5iter_5scen_4dev_test_1542375,dev9,development,scenario_44,all_links,177,135727.1995960257,2.547365835579374,1.8565338129224818,6.259052378905355,27.199114537306937,0.2903216027638378,1.1377713675237682,12.152070309806138,2.799301569530637,1.1376274651547216,178
5iter_5scen_4dev_test_1542375,dev9,development,scenario_44,used_links,57,135727.1995960257,2.4354567625516226,1.811167140456118,6.298484472000483,17.19173816601588,0.9015249770034961,1.9896100767975555,12.152070309806138,2.799301569530637,1.1376274651547216,178
5iter_5scen_4dev_test_1542375,status_quo,status_quo,scenario_44,all_links,176,132484.89355963218,2.5118753697988883,1.8411389367503082,6.038875868180357,27.199114537306937,0.2810860572536021,1.0319497580945405,13.043463704575903,2.7463160191399782,1.0925358646734673,178
5iter_5scen_4dev_test_1542375,status_quo,status_quo,scenario_44,used_links,57,132484.89355963218,2.4018466289978453,1.792743568296243,6.066764460855113,18.083131560785645,0.8679148434497188,1.7652361514718151,13.043463704575903,2.7463160191399782,1.0925358646734673,178
8iter_5scen_4dev_test_1547628,dev0,development,scenario_44,all_links,177,143001.18113216927,2.548114482148897,1.8610854101403376,6.2271446297782305,27.199114537306937,0.3210388455985456,1.2579804563513062,13.435915115254168,2.918145579834909,1.254581551980379,178
8iter_5scen_4dev_test_1547628,dev0,development,scenario_44,used_links,58,143001.18113216927,2.5143354501487503,1.8569996707466936,6.507447234075527,18.47558297146391,0.979721994326596,2.1938372269506354,13.435915115254168,2.918145579834909,1.254581551980379,178
8iter_5scen_4dev_test_1547628,dev103,development,scenario_44,all_links,177,146043.74761509625,2.56960198157723,1.8827387483584723,6.267125233802583,27.199114537306937,0.3348884111943537,1.3101486619156508,13.99269329080732,2.9800140347337756,1.3061762285331278,178
8iter_5scen_4dev_test_1547628,dev103,development,scenario_44,used_links,58,146043.74761509625,2.5799093708179743,1.8984277152025513,6.601874015168373,19.032361147017063,1.021987047955183,2.284780726362257,13.99269329080732,2.9800140347337756,1.3061762285331278,178
8iter_5scen_4dev_test_1547628,dev104,development,scenario_44,all_links,177,143858.45182896184,2.548076508192954,1.8688065158356433,6.251250913365255,27.199114537306937,0.32632898861228676,1.2765478546961901,13.63198709382242,2.9363423140394196,1.2759949704688032,178
8iter_5scen_4dev_test_1547628,dev104,development,scenario_44,used_links,58,143858.45182896187,2.514219564110788,1.865213803936906,6.541117754063745,18.671654950032163,0.9958660514547372,2.2262656850564633,13.63198709382242,2.9363423140394196,1.2759949704688032,178
8iter_5scen_4dev_test_1547628,dev109,development,scenario_44,all_links,177,133392.5689906939,2.538140620410917,1.8565338129224818,6.095427412150275,27.199114537306937,0.28281988030737987,1.022701875719697,13.572050516535548,2.7783543431331448,1.1063835602254302,178
8iter_5scen_4dev_test_1547628,dev109,development,scenario_44,used_links,58,133392.56899069386,2.483897975534572,1.8238991212876872,6.275777092647314,18.61171837274529,0.863088255420797,1.7524412115201775,13.572050516535548,2.7783543431331448,1.1063835602254302,178
8iter_5scen_4dev_test_1547628,dev114,development,scenario_44,all_links,177,144121.1739958491,2.555519741422942,1.8690528026222746,6.25201985234324,27.199114537306937,0.3283013343737281,1.2771521579494438,13.63979347541147,2.9413595919666182,1.278105685609142,178
8iter_5scen_4dev_test_1547628,dev114,development,scenario_44,used_links,58,144121.17399584915,2.536934258622992,1.865466589114499,6.5421917717626785,18.679461331621212,1.0018851066232737,2.22730008363323,13.63979347541147,2.9413595919666182,1.278105685609142,178
8iter_5scen_4dev_test_1547628,dev126,development,scenario_44,all_links,177,145798.5969906894,2.5808564815878583,1.8846514614529088,6.268618167784277,27.199114537306937,0.3357053637094593,1.314744289326279,14.0411163126434,2.991284128976017,1.314601837883838,178
8iter_5scen_4dev_test_1547628,dev126,development,scenario_44,used_links,58,145798.59699068943,2.614255000160754,1.8994761989162563,6.610215054265546,19.080784168853143,1.0244801616650743,2.292814075327952,14.0411163126434,2.991284128976017,1.314601837883838,178
8iter_5scen_4dev_test_1547628,dev12,development,scenario_44,all_links,177,143569.69665009153,2.5689450136751617,1.8714941270274699,6.249310485575947,27.199114537306937,0.32494685713249605,1.2750845209991946,13.61922565130235,2.948179476445758,1.274215855513733,178
8iter_5scen_4dev_test_1547628,dev12,development,scenario_44,used_links,58,143569.69665009153,2.577904486013386,1.8905040695617064,6.538407456044154,18.658893507512094,0.9916481674560655,2.2236553664212493,13.61922565130235,2.948179476445758,1.274215855513733,178
8iter_5scen_4dev_test_1547628,dev140,development,scenario_44,all_links,177,143561.0573515157,2.5516288082408076,1.869383202095891,6.25305140193242,27.199114537306937,0.3266312547688127,1.2779632855119119,13.648059297339387,2.9443471332231455,1.28069365706001,178
8iter_5scen_4dev_test_1547628,dev140,development,scenario_44,used_links,58,143561.0573515157,2.525060203911996,1.8658181061969514,6.543632591577807,18.68772715354913,0.9967884843806872,2.2286877534710974,13.648059297339387,2.9443471332231455,1.28069365706001,178
8iter_5scen_4dev_test_1547628,dev143,development,scenario_44,all_links,177,143431.65793678013,2.549089809229374,1.8690574166939395,6.252034258067555,27.199114537306937,0.326441297524132,1.277156112806658,13.639699414661873,2.9445086609155697,1.2807115705562468,178
8iter_5scen_4dev_test_1547628,dev143,development,scenario_44,used_links,58,143431.65793678013,2.5173118793426217,1.865472178924728,6.542211892998982,18.679367270871616,0.99620878727192,2.227319462623181,13.639699414661873,2.9445086609155697,1.2807115705562468,178
8iter_5scen_4dev_test_1547628,dev144,development,scenario_44,all_links,177,145410.94980837265,2.5625294050030876,1.8799183424748553,6.264923816455637,27.199114537306937,0.33364909119082325,1.3033536003634312,13.92145025863211,2.969566404173327,1.3036729154007793,178
8iter_5scen_4dev_test_1547628,dev144,development,scenario_44,used_links,58,145410.94980837265,2.558325818169298,1.8981338210074044,6.589574671469846,18.961118114841852,1.0182049851857882,2.2729350895263414,13.92145025863211,2.969566404173327,1.3036729154007793,178
8iter_5scen_4dev_test_1547628,dev150,development,scenario_44,all_links,177,145777.7100562005,2.5612169155663125,1.8762312244314165,6.266399792623305,27.199114537306937,0.33426655212038486,1.3079034689175377,13.968380872283795,2.968551617572717,1.3054242882436637,178
8iter_5scen_4dev_test_1547628,dev150,development,scenario_44,used_links,58,145777.7100562005,2.554320462474311,1.8790202770173488,6.597820967067617,19.008048728493538,1.0200893056087608,2.280877189957645,13.968380872283795,2.968551617572717,1.3054242882436637,178
8iter_5scen_4dev_test_1547628,dev152,development,scenario_44,all_links,177,135452.54087834296,2.5433744003809697,1.8565338129224818,6.255493798294664,27.199114537306937,0.2890525064873911,1.133003092275405,12.101205648210065,2.794348710735125,1.1327248588509695,178
8iter_5scen_4dev_test_1547628,dev152,development,scenario_44,used_links,57,135452.54087834296,2.431515884640551,1.8091866459117536,6.289870605430825,17.140873504419808,0.8975840990924251,1.9812692906698792,12.101205648210065,2.794348710735125,1.1327248588509695,178
8iter_5scen_4dev_test_1547628,dev15,development,scenario_44,all_links,177,143307.54765098228,2.546557287994194,1.8634750797571618,6.234605485222482,27.199114537306937,0.3225183779550765,1.2637292658883923,13.497078970681137,2.9214599850593563,1.2605646838026028,178
8iter_5scen_4dev_test_1547628,dev15,development,scenario_44,used_links,58,143307.5476509823,2.5095833231593967,1.8595388948571663,6.517868205083271,18.53674682689088,0.9842371189318714,2.2038737818320264,13.497078970681137,2.9214599850593563,1.2605646838026028,178
8iter_5scen_4dev_test_1547628,dev176,development,scenario_44,all_links,177,142895.58731589373,2.5759568837890394,1.8714941270274699,6.264900953685297,27.199114537306937,0.3224435076705769,1.2622647701763876,13.481220518784873,2.9377372602856964,1.2624188765271294,178
8iter_5scen_4dev_test_1547628,dev176,development,scenario_44,used_links,58,142895.58731589373,2.599302779291945,1.8878612167094933,6.51522258860822,18.520888374994616,0.9840086354774502,2.2013257587229287,13.481220518784873,2.9377372602856964,1.2624188765271294,178
8iter_5scen_4dev_test_1547628,dev177,development,scenario_44,all_links,177,143342.10973101627,2.5490611418346942,1.861614720023459,6.251270933071326,27.199114537306937,0.32511420251494233,1.2766023433822733,13.635418662089108,2.9431479554859177,1.2788193555905107,178
8iter_5scen_4dev_test_1547628,dev177,development,scenario_44,used_links,58,143342.10973101627,2.517224394362303,1.8430849766053141,6.541145716644995,18.67508651829885,0.9921588593990481,2.2262926161343,13.635418662089108,2.9431479554859177,1.2788193555905107,178
8iter_5scen_4dev_test_1547628,dev17,development,scenario_44,all_links,177,143931.5394187127,2.5916568864590537,1.8714941270274699,6.308686170641522,27.199114537306937,0.3261887787163086,1.2737484404800743,13.605066118357783,2.9736393803458556,1.2709297908667212,178
8iter_5scen_4dev_test_1547628,dev17,development,scenario_44,used_links,58,143931.5394187127,2.6472148564056086,1.8907497261483792,6.970886544380562,18.644733974567526,0.9954381695308039,2.221321498408438,13.605066118357783,2.9736393803458556,1.2709297908667212,178
8iter_5scen_4dev_test_1547628,dev195,development,scenario_44,all_links,177,145655.61900729066,2.563377482101095,1.8813165191427734,6.26601513823621,27.199114537306937,0.33401362310189314,1.306717707089688,13.955682711168873,2.970166502610994,1.304772626075271,178
8iter_5scen_4dev_test_1547628,dev195,development,scenario_44,used_links,58,145655.61900729066,2.5609139155201137,1.8973395890642766,6.595671898641963,18.995350567378615,1.0193174360178463,2.278807397883383,13.955682711168873,2.970166502610994,1.304772626075271,178
8iter_5scen_4dev_test_1547628,dev197,development,scenario_44,all_links,177,143906.60873064032,2.553459858112998,1.8702274212754137,6.255687162632283,27.199114537306937,0.3271879712454141,1.2800102649776708,13.670649207394515,2.9442109799463676,1.2806764943671558,178
8iter_5scen_4dev_test_1547628,dev197,development,scenario_44,used_links,58,143906.6087306403,2.530648063004715,1.866714203152566,6.547314097812833,18.710317063604258,0.9984874294903155,2.2322334537082957,13.670649207394515,2.9442109799463676,1.2806764943671558,178
8iter_5scen_4dev_test_1547628,dev201,development,scenario_44,all_links,177,145820.47750993958,2.579167859113254,1.8843262095038418,6.268364298195164,27.199114537306937,0.33553035252264324,1.3139646742099063,14.032946962987733,2.9903201550048437,1.3132094633108071,178
8iter_5scen_4dev_test_1547628,dev201,development,scenario_44,used_links,58,145820.47750993958,2.6091017901951497,1.8993591586294447,6.608796681990324,19.072614819197476,1.0239460758018595,2.2914480249693128,14.032946962987733,2.9903201550048437,1.3132094633108071,178
8iter_5scen_4dev_test_1547628,dev202,development,scenario_44,all_links,177,144877.38475008577,2.5569671446053857,1.8714941270274699,6.260664237089011,27.199114537306937,0.3299545737392649,1.2902206913923169,13.780076861181701,2.950421091438135,1.2874336061462563,178
8iter_5scen_4dev_test_1547628,dev202,development,scenario_44,used_links,58,144877.38475008577,2.541351333852174,1.8712126627720518,6.565776353211846,18.819744717391444,1.00693033710086,2.250014660412426,13.780076861181701,2.950421091438135,1.2874336061462563,178
8iter_5scen_4dev_test_1547628,dev206,development,scenario_44,all_links,177,144034.92600105336,2.5505084857886113,1.8684951047042238,6.250278647819049,27.199114537306937,0.3261288668882073,1.27579734187263,13.623930766787812,2.934309845195847,1.2731423887058517,178
8iter_5scen_4dev_test_1547628,dev206,development,scenario_44,used_links,58,144034.92600105333,2.5216412888423605,1.8648831221368407,6.539759739403824,18.663598622997554,0.9952553351588393,2.224957765798853,13.623930766787812,2.934309845195847,1.2731423887058517,178
8iter_5scen_4dev_test_1547628,dev209,development,scenario_44,all_links,177,143733.82173177024,2.5575319692530085,1.8669377408117234,6.2454163577375095,27.199114537306937,0.32335577979233726,1.2720692701703158,13.58631767985472,2.94013534810532,1.2670933749739528,178
8iter_5scen_4dev_test_1547628,dev209,development,scenario_44,used_links,58,143733.82173177018,2.5430750228630234,1.8632180787506745,6.532968321938416,18.625985536064462,0.9867926383317878,2.218416874929535,13.58631767985472,2.94013534810532,1.2670933749739528,178
8iter_5scen_4dev_test_1547628,dev227,development,scenario_44,all_links,177,143896.14900853645,2.5493847215697114,1.8690375989477728,6.2519723845188695,27.199114537306937,0.3264105528977856,1.2771161915591915,13.639969261508291,2.9369682450029995,1.276269668321248,178
8iter_5scen_4dev_test_1547628,dev227,development,scenario_44,used_links,58,143896.14900853642,2.5182118704502012,1.8654492059682088,6.542125470944324,18.679637117718034,0.996114963153587,2.227236228566212,13.639969261508291,2.9369682450029995,1.276269668321248,178
8iter_5scen_4dev_test_1547628,dev233,development,scenario_44,all_links,177,143997.9823050687,2.5504206984713793,1.8694325985409599,6.253205623977814,27.199114537306937,0.32672308421227136,1.2780554667377513,13.64806757761033,2.9383148233219702,1.27697417876583,178
8iter_5scen_4dev_test_1547628,dev233,development,scenario_44,used_links,58,143997.98230506873,2.52137338616736,1.86587905948823,6.543848001657229,18.687735433820073,0.9970687225098629,2.2288952173516225,13.64806757761033,2.9383148233219702,1.27697417876583,178
8iter_5scen_4dev_test_1547628,dev240,development,scenario_44,all_links,177,143888.66025789187,2.549888890774929,1.8690340975215687,6.2519614526165785,27.199114537306937,0.32643845852606385,1.2771099532258556,13.64002988571513,2.9376316362530477,1.2764053747402622,178
8iter_5scen_4dev_test_1547628,dev240,development,scenario_44,used_links,58,143888.66025789184,2.5197504557833654,1.8654451815767703,6.542110201778786,18.679697741924873,0.996200123432988,2.227221522660418,13.64002988571513,2.9376316362530477,1.2764053747402622,178
8iter_5scen_4dev_test_1547628,dev243,development,scenario_44,all_links,177,144756.4948725736,2.574145339451448,1.8714941270274699,6.26094074695215,27.199114537306937,0.3285863774922241,1.2910511319266085,13.789646739117568,2.9790001024275874,1.2872535214841343,178
8iter_5scen_4dev_test_1547628,dev243,development,scenario_44,used_links,58,144756.49487257362,2.5937744457099834,1.8715878910635977,6.567321216954968,18.82931459532731,1.0027549795883393,2.251502536132509,13.789646739117568,2.9790001024275874,1.2872535214841343,178
8iter_5scen_4dev_test_1547628,dev245,development,scenario_44,all_links,177,145737.0604233798,2.564781114921078,1.881243673496833,6.2659582798706985,27.199114537306937,0.3350152525446987,1.3065442321377596,13.955515532331138,2.972377683317463,1.3067380694709663,178
8iter_5scen_4dev_test_1547628,dev245,development,scenario_44,used_links,58,145737.06042337976,2.5651974156776456,1.9295252225026363,6.59535423030863,18.99518338854088,1.0223741327657185,2.2785014479235195,13.955515532331138,2.972377683317463,1.3067380694709663,178
8iter_5scen_4dev_test_1547628,dev249,development,scenario_44,all_links,177,145831.62820844597,2.576155292504444,1.8834324407352907,6.267666682975073,27.199114537306937,0.33510805899080015,1.3118190925803122,14.01032246568381,2.9871743323033297,1.3100799049415808,178
8iter_5scen_4dev_test_1547628,dev249,development,scenario_44,used_links,58,145831.62820844597,2.5999082679579204,1.8988713906550418,6.604899097839309,19.049990321893553,1.0226573524374418,2.2876942176506443,14.01032246568381,2.9871743323033297,1.3100799049415808,178
8iter_5scen_4dev_test_1547628,dev250,development,scenario_44,all_links,177,143782.2548883611,2.5590030871533025,1.8714941270274699,6.252020840885971,27.199114537306937,0.32603327122695047,1.277149639583345,13.639805431512546,2.9459429263178314,1.2763322648370223,178
8iter_5scen_4dev_test_1547628,dev250,development,scenario_44,used_links,58,143782.2548883611,2.547564468869092,1.8908977656144828,6.542193152512543,18.67947328772229,0.9949636035719006,2.2273014134490197,13.639805431512546,2.9459429263178314,1.2763322648370223,178
8iter_5scen_4dev_test_1547628,dev254,development,scenario_44,all_links,177,133052.02946517593,2.527907690423024,1.8565338129224818,6.085857323874806,27.199114537306937,0.2793496760955107,1.0865735499092117,11.832526582931962,2.750138503391906,1.091205005109214,178
8iter_5scen_4dev_test_1547628,dev254,development,scenario_44,used_links,57,133052.02946517596,2.4013860428973435,1.7876806035709398,6.196333271691468,16.872194439141705,0.8674542573492174,1.8906973170545451,11.832526582931962,2.750138503391906,1.091205005109214,178
8iter_5scen_4dev_test_1547628,dev255,development,scenario_44,all_links,177,144497.0803970456,2.5497202352611925,1.8706051975839912,6.256866628784723,27.199114537306937,0.32724901872683065,1.2809377636579926,13.681111471160218,2.9344936934207184,1.2764181471043003,178
8iter_5scen_4dev_test_1547628,dev255,development,scenario_44,used_links,58,144497.0803970456,2.519235765681102,1.8671153815547423,6.5489615205073255,18.72077932736996,0.9986737295629144,2.2338201051128395,13.681111471160218,2.9344936934207184,1.2764181471043003,178
8iter_5scen_4dev_test_1547628,dev25,development,scenario_44,all_links,177,145978.56009546207,2.5633858441769446,1.877848306695729,6.2675194213490695,27.199114537306937,0.33590053413120535,1.3113597581751828,14.006884342099113,2.9764399516262614,1.3111534275194774,178
8iter_5scen_4dev_test_1547628,dev25,development,scenario_44,used_links,58,145978.56009546202,2.5609394342688265,1.8805460395909543,6.604076345463739,19.046552198308856,1.0250757679521267,2.286901815544826,14.006884342099113,2.9764399516262614,1.3111534275194774,178
8iter_5scen_4dev_test_1547628,dev261,development,scenario_44,all_links,177,144966.08087477775,2.5533028201090073,1.8714941270274699,6.261480595632814,27.199114537306937,0.3303835553902543,1.2927389047410818,13.806864217606876,2.9494072181783855,1.2901328378238037,178
8iter_5scen_4dev_test_1547628,dev261,development,scenario_44,used_links,58,144966.08087477772,2.5301688263373636,1.8723234713109984,6.570337357659909,18.84653207381662,1.0082394707599138,2.2544074153124463,13.806864217606876,2.9494072181783855,1.2901328378238037,178
8iter_5scen_4dev_test_1547628,dev267,development,scenario_44,all_links,177,134927.4468228308,2.513547405633763,1.8504380448750872,6.079992811185754,27.199114537306937,0.28802045799997344,1.084024138186558,13.108478934451394,2.7818764591520746,1.125746300722093,178
8iter_5scen_4dev_test_1547628,dev267,development,scenario_44,used_links,58,134927.4468228308,2.4088462683698073,1.7905405745730896,6.158247895178074,18.148146790661137,0.8789589838964708,1.857519399486693,13.108478934451394,2.7818764591520746,1.125746300722093,178
8iter_5scen_4dev_test_1547628,dev270,development,scenario_44,all_links,177,144443.45089171448,2.550638932969412,1.8702701917791111,6.255820697637758,27.199114537306937,0.32709260154629805,1.2801316788595318,13.672527545693136,2.935258718755208,1.2757455091862318,178
8iter_5scen_4dev_test_1547628,dev270,development,scenario_44,used_links,58,144443.45089171446,2.522039377652736,1.8667593951565709,6.547500613210559,18.71219540190288,0.9981963874774957,2.23241308879452,13.672527545693136,2.935258718755208,1.2757455091862318,178
8iter_5scen_4dev_test_1547628,dev273,development,scenario_44,all_links,177,143894.5577929599,2.55105406762165,1.8690439209367338,6.251992122580325,27.199114537306937,0.32631388049618787,1.2771328801874584,13.640045755211137,2.9384565584652407,1.2761461076272316,178
8iter_5scen_4dev_test_1547628,dev273,development,scenario_44,used_links,58,143894.55779295988,2.523306254091463,1.865456960776978,6.542153040137658,18.67971361142088,0.9958199456521594,2.227262780767703,13.640045755211137,2.9384565584652407,1.2761461076272316,178
8iter_5scen_4dev_test_1547628,dev277,development,scenario_44,all_links,177,145557.70882067533,2.559097446243592,1.8727966230450066,6.264017784729859,27.199114537306937,0.33234158720363355,1.300562609550515,13.890444575857039,2.9595422346816846,1.2963010496671719,178
8iter_5scen_4dev_test_1547628,dev277,development,scenario_44,used_links,58,145557.70882067533,2.547852426782561,1.8757770891299645,6.584512661936497,18.93011243206678,1.0142148437076401,2.26805981096988,13.890444575857039,2.9595422346816846,1.2963010496671719,178
8iter_5scen_4dev_test_1547628,dev27,development,scenario_44,all_links,177,145834.5563157522,2.5619820385363576,1.876735934543537,6.266747579670826,27.199114537306937,0.33511186495054546,1.3089738238581463,13.981244558264343,2.974385093246516,1.308653956183092,178
8iter_5scen_4dev_test_1547628,dev27,development,scenario_44,used_links,58,145834.55631575218,2.5566554067104854,1.8794954205047882,6.599764057248719,19.020912414474086,1.0226689671766644,2.2827486020580747,13.981244558264343,2.974385093246516,1.308653956183092,178
8iter_5scen_4dev_test_1547628,dev284,development,scenario_44,all_links,177,143740.13459774668,2.555583478223732,1.8701086759179204,6.255316424375959,27.199114537306937,0.3263019262759101,1.279709307077268,13.66662539833089,2.9463610762858665,1.2799063110072244,178
8iter_5scen_4dev_test_1547628,dev284,development,scenario_44,used_links,58,143740.1345977467,2.5371287657564388,1.8665938955248846,6.5467962681015495,18.706293254540633,0.9957834646695877,2.2317347260645244,13.66662539833089,2.9463610762858665,1.2799063110072244,178
8iter_5scen_4dev_test_1547628,dev285,development,scenario_44,all_links,177,145911.1319930093,2.574238299041116,1.883056928988155,6.267373583999877,27.199114537306937,0.3350095317514545,1.3109175599883955,14.00081810795448,2.985479103042475,1.3082424676773234,178
8iter_5scen_4dev_test_1547628,dev285,development,scenario_44,used_links,58,145911.1319930093,2.5940581327336276,1.8986410172222643,6.60326155053887,19.040485964164223,1.022356674482887,2.2861170773496586,14.00081810795448,2.985479103042475,1.3082424676773234,178
8iter_5scen_4dev_test_1547628,dev289,development,scenario_44,all_links,177,145980.63812322347,2.5706037211491157,1.8827138966827117,6.267105836271738,27.199114537306937,0.3348234199529432,1.3100902881755718,13.99201219124533,2.981154846253762,1.3065186331532823,178
8iter_5scen_4dev_test_1547628,dev289,development,scenario_44,used_links,58,145980.63812322344,2.582966403649419,1.8984083943321188,6.6017656409434275,19.031680047455072,1.0217887126150162,2.2846763499221376,13.99201219124533,2.981154846253762,1.3065186331532823,178
8iter_5scen_4dev_test_1547628,dev28,development,scenario_44,all_links,177,136007.9170603634,2.556218095580281,1.8565338129224818,6.185223842614112,27.199114537306937,0.2912869551128125,1.1041056607778998,13.086883271451168,2.8472103784231497,1.1341704155632224,178
8iter_5scen_4dev_test_1547628,dev28,development,scenario_44,used_links,58,136007.91706036337,2.5390654428617667,1.7922082990197925,6.715546873141024,18.12655112766091,0.8889274319822037,1.8919299042629527,13.086883271451168,2.8472103784231497,1.1341704155632224,178
8iter_5scen_4dev_test_1547628,dev2,development,scenario_44,all_links,177,146033.14683712175,2.5669467799352725,1.882375918548599,6.266842033486599,27.199114537306937,0.3347652135347512,1.309274432118717,13.983379483356376,2.9757169390849216,1.3052454463002672,178
8iter_5scen_4dev_test_1547628,dev2,development,scenario_44,used_links,58,146033.14683712175,2.5718064278761372,1.898242496184793,6.600291771789283,19.02304733956612,1.0216110826836373,2.283256849892575,13.983379483356376,2.9757169390849216,1.3052454463002672,178
8iter_5scen_4dev_test_1547628,dev308,development,scenario_44,all_links,177,143718.5242316382,2.5731906021096824,1.8714941270274699,6.252455309296218,27.199114537306937,0.3253770172720972,1.2775094747869316,13.64508920398011,2.954059046776597,1.2760852956841484,178
8iter_5scen_4dev_test_1547628,dev308,development,scenario_44,used_links,58,143718.52423163824,2.5908608507187347,1.891066572710959,6.542799997497116,18.684757060189852,0.9929608975372622,2.2278858727079154,13.64508920398011,2.954059046776597,1.2760852956841484,178
8iter_5scen_4dev_test_1547628,dev331,development,scenario_44,all_links,177,145887.92346228045,2.582318468220757,1.885125642977106,6.26898828168846,27.199114537306937,0.3362588780056849,1.315885328667011,14.053266991995567,2.9934179389549795,1.3159756883336977,178
8iter_5scen_4dev_test_1547628,dev331,development,scenario_44,used_links,58,145887.92346228045,2.6187165800577032,1.8997391800123893,6.612282884848181,19.09293484820531,1.0261693346035556,2.29480562631803,14.053266991995567,2.9934179389549795,1.3159756883336977,178
8iter_5scen_4dev_test_1547628,dev334,development,scenario_44,all_links,177,142696.67382364697,2.5456484948136455,1.8565338129224818,6.217014952453833,27.199114537306937,0.3180778482632421,1.2501740591384412,13.352887886308444,2.9082957072949966,1.2440641941975046,178
8iter_5scen_4dev_test_1547628,dev334,development,scenario_44,used_links,58,142696.67382364697,2.5068099370739327,1.8324670807099082,6.493298578535402,18.392555742518187,0.9706858472861009,2.1802104969922844,13.352887886308444,2.9082957072949966,1.2440641941975046,178
8iter_5scen_4dev_test_1547628,dev348,development,scenario_44,all_links,177,145899.61504385553,2.5793776631742737,1.878753698679194,6.268153936008959,27.199114537306937,0.33433934314177455,1.313304374575913,14.027112805054784,2.9967378691151674,1.3097481016061967,178
8iter_5scen_4dev_test_1547628,dev348,development,scenario_44,used_links,58,145899.61504385553,2.6097420543124,1.881405198464992,6.607621386068855,19.066780661264527,1.0203114437257603,2.2903160841924954,14.027112805054784,2.9967378691151674,1.3097481016061967,178
8iter_5scen_4dev_test_1547628,dev351,development,scenario_44,all_links,177,146814.3804214034,2.5711181021231138,1.891722331078817,6.277621067183814,27.199114537306937,0.34158137392112947,1.342463754455794,14.335068815911487,3.0115761682454796,1.3451264052442118,178
8iter_5scen_4dev_test_1547628,dev351,development,scenario_44,used_links,58,146814.3804214034,2.5845361524838597,1.894302802049406,6.660514355373447,19.37473667212123,1.0424121238627573,2.341257900350576,14.335068815911487,3.0115761682454796,1.3451264052442118,178
8iter_5scen_4dev_test_1547628,dev356,development,scenario_44,all_links,177,144887.1774428452,2.5771411456436337,1.8794614468932347,6.264567194784634,27.199114537306937,0.332731270967224,1.3022261320452415,13.906939758210108,2.973903976061985,1.3049491117001035,178
8iter_5scen_4dev_test_1547628,dev356,development,scenario_44,used_links,58,144887.17744284522,2.60291681977924,1.8965714349800487,6.587582222147095,18.94660761441985,1.0154040510551492,2.2710161390790846,13.906939758210108,2.973903976061985,1.3049491117001035,178
8iter_5scen_4dev_test_1547628,dev358,development,scenario_44,all_links,177,146031.80552221902,2.5671721251178914,1.8823764884450256,6.266842478309057,27.199114537306937,0.33475818858433776,1.3092759146122486,13.983398949796129,2.976037092589183,1.3052367834545755,178
8iter_5scen_4dev_test_1547628,dev358,development,scenario_44,used_links,58,146031.80552221902,2.572494119209302,1.8982414842831568,6.6002942570174055,19.023066806005872,1.021589644472893,2.2832592434438506,13.983398949796129,2.976037092589183,1.3052367834545755,178
8iter_5scen_4dev_test_1547628,dev390,development,scenario_44,all_links,177,144821.4614708943,2.561280873509495,1.8741586972025202,6.264964483648011,27.199114537306937,0.3326220546358464,1.3034475533484646,13.921506089323664,2.971346003097148,1.3062971363839466,178
8iter_5scen_4dev_test_1547628,dev390,development,scenario_44,used_links,58,144821.4614708943,2.554515644473333,1.8770645707800964,6.589801879535122,18.961173945533407,1.0150707529404277,2.273153916180303,13.921506089323664,2.971346003097148,1.3062971363839466,178
8iter_5scen_4dev_test_1547628,dev392,development,scenario_44,all_links,177,143531.5683667286,2.548604456192117,1.8685302983046552,6.2503885267594415,27.199114537306937,0.32615119862905534,1.2758923560071975,13.626560503295256,2.9407216581555424,1.2779817262559636,178
8iter_5scen_4dev_test_1547628,dev392,development,scenario_44,used_links,58,143531.56836672858,2.5158307157634052,1.8649118207531166,6.539913213125536,18.666228359505,0.9953234854714273,2.225105578073704,13.626560503295256,2.9407216581555424,1.2779817262559636,178
8iter_5scen_4dev_test_1547628,dev394,development,scenario_44,all_links,177,144099.8928316097,2.556140814042453,1.8714941270274699,6.252021501453867,27.199114537306937,0.32714406229085913,1.277149562722302,13.639695398319883,2.9404894516721947,1.2760863102195714,178
8iter_5scen_4dev_test_1547628,dev394,development,scenario_44,used_links,58,144099.89283160967,2.538829600927361,1.8881259627384965,6.542194075162624,18.679363254529626,0.9983534314738287,2.2273023020637344,13.639695398319883,2.9404894516721947,1.2760863102195714,178
8iter_5scen_4dev_test_1547628,dev423,development,scenario_44,all_links,177,143078.46237187675,2.548450779952994,1.8611892715293714,6.227468898373506,27.199114537306937,0.32006276494259167,1.2582339263663413,13.438904851158664,2.9179630844903253,1.2525949973414978,178
8iter_5scen_4dev_test_1547628,dev423,development,scenario_44,used_links,58,143078.46237187675,2.5153617382750477,1.857110626453701,6.507900157155906,18.478572707368407,0.976743265428254,2.194273442285071,13.438904851158664,2.9179630844903253,1.2525949973414978,178
8iter_5scen_4dev_test_1547628,dev459,development,scenario_44,all_links,177,143892.541703787,2.576703865837618,1.8714941270274699,6.256595262916511,27.199114537306937,0.3260861049751064,1.280700995575915,13.679093421985229,2.95997376330569,1.279065037348667,178
8iter_5scen_4dev_test_1547628,dev459,development,scenario_44,used_links,58,143892.541703787,2.6015823624401917,1.8897161002719707,6.548582489461051,18.71876127819497,0.9951248375964452,2.233455056031053,13.679093421985229,2.95997376330569,1.279065037348667,178
8iter_5scen_4dev_test_1547628,dev464,development,scenario_44,all_links,177,143378.44935135084,2.549534495969561,1.8690653506598114,6.252059028927951,27.199114537306937,0.32640799381308505,1.2771713493480756,13.639504231821864,2.9451373757494466,1.2811118014262817,178
8iter_5scen_4dev_test_1547628,dev464,development,scenario_44,used_links,58,143378.44935135084,2.518668940601466,1.8654811637270905,6.5422464917685135,18.679172088031606,0.9961071535330355,2.227352785088907,13.639504231821864,2.9451373757494466,1.2811118014262817,178
8iter_5scen_4dev_test_1547628,dev469,development,scenario_44,all_links,177,145546.6907134974,2.560526810797494,1.8786603095792664,6.263941881388964,27.199114537306937,0.3322931641952868,1.300331378821118,13.88796689435166,2.961218251647245,1.2960168513435364,178
8iter_5scen_4dev_test_1547628,dev469,development,scenario_44,used_links,58,145546.6907134974,2.5522144530936064,1.8791395141275178,6.58408858910958,18.927634750561403,1.0140670700442374,2.2676513816404165,13.88796689435166,2.961218251647245,1.2960168513435364,178
8iter_5scen_4dev_test_1547628,dev486,development,scenario_44,all_links,177,145750.94102639955,2.5813654346799066,1.8837844732271978,6.267941455637715,27.199114537306937,0.3351481797100033,1.312661912810916,14.019106049224995,2.9910152256282694,1.3117388510046555,178
8iter_5scen_4dev_test_1547628,dev486,development,scenario_44,used_links,58,145750.94102639952,2.6158081845968306,1.8990184407642539,6.606434255823541,19.058773905434737,1.0227797898046653,2.289172745644716,14.019106049224995,2.9910152256282694,1.3117388510046555,178
8iter_5scen_4dev_test_1547628,dev493,development,scenario_44,all_links,177,143391.68446780124,2.5490220866597455,1.8689877827950252,6.251816852092201,27.199114537306937,0.32635710666297507,1.2769959373566513,13.638636664209105,2.944615178382125,1.280695110276079,178
8iter_5scen_4dev_test_1547628,dev493,development,scenario_44,used_links,58,143391.68446780127,2.5171052087422017,1.8653973314517065,6.54190823058614,18.67830452041885,0.9959518599887344,2.227027001923536,13.638636664209105,2.944615178382125,1.280695110276079,178
8iter_5scen_4dev_test_1547628,dev499,development,scenario_44,all_links,177,145520.95286890783,2.560426399709337,1.8740925767706915,6.264913262391375,27.199114537306937,0.3336723082295162,1.303315485510226,13.920875694798696,2.9683676089378,1.302942457482691,178
8iter_5scen_4dev_test_1547628,dev499,development,scenario_44,used_links,58,145520.95286890783,2.551908026152162,1.8769986988091136,6.58951570579305,18.96054355100844,1.0182758371831788,2.2728782990170098,13.920875694798696,2.9683676089378,1.302942457482691,178
8iter_5scen_4dev_test_1547628,dev517,development,scenario_44,all_links,177,143926.11560410613,2.5496258129294898,1.8690493761844154,6.252009154564194,27.199114537306937,0.3274422964698068,1.27714989835473,13.640008775573808,2.9394158859110813,1.2781804831906234,178
8iter_5scen_4dev_test_1547628,dev517,development,scenario_44,used_links,58,143926.1156041061,2.5189476147722827,1.8654638820983713,6.542176829609445,18.67967663178355,0.9992635599164794,2.227285692676681,13.640008775573808,2.9394158859110813,1.2781804831906234,178
8iter_5scen_4dev_test_1547628,dev521,development,scenario_44,all_links,177,147042.28597829983,2.588189586016087,1.891722331078817,6.276221287503161,27.199114537306937,0.34135529543261134,1.3381923457813378,14.291823558428483,3.0183466897708557,1.3376697327453382,178
8iter_5scen_4dev_test_1547628,dev521,development,scenario_44,used_links,58,147042.28597829983,2.63663361195035,1.9042803949209641,6.652693770413288,19.331491414638226,1.0417221946822794,2.333725806642718,14.291823558428483,3.0183466897708557,1.3376697327453382,178
8iter_5scen_4dev_test_1547628,dev531,development,scenario_44,all_links,177,145733.80756914345,2.5678478305421844,1.8832698288471317,6.267539759175384,27.199114537306937,0.335150713573117,1.3114141045682906,14.00551537317315,2.978766813358033,1.3109355251299848,178
8iter_5scen_4dev_test_1547628,dev531,development,scenario_44,used_links,58,145733.80756914345,2.574556185762749,1.8982242509126481,6.604189973130149,19.045183229382893,1.0227875224558916,2.2870112516337597,14.00551537317315,2.978766813358033,1.3109355251299848,178
8iter_5scen_4dev_test_1547628,dev533,development,scenario_44,all_links,177,143637.90709204267,2.5752158019546854,1.8714941270274699,6.251984705061919,27.199114537306937,0.3265399978091219,1.2771407133773318,13.639248150503484,2.9500270473745376,1.2788362360642764,178
8iter_5scen_4dev_test_1547628,dev533,development,scenario_44,used_links,58,143637.90709204267,2.5970412019698634,1.890891957529736,6.542142679697782,18.678916006713226,0.9965099933140444,2.227252802511038,13.639248150503484,2.9500270473745376,1.2788362360642764,178
8iter_5scen_4dev_test_1547628,dev538,development,scenario_44,all_links,177,143876.79964876862,2.5550370000817937,1.8667392174406554,6.244796542277073,27.199114537306937,0.32646029631056567,1.271609852501439,13.582262795932177,2.936462248402662,1.2717325581319014,178
8iter_5scen_4dev_test_1547628,dev538,development,scenario_44,used_links,58,143876.79964876862,2.5354610652198306,1.8630115797107387,6.532102592935673,18.62193065214192,0.996266766327071,2.2175830815486695,13.582262795932177,2.936462248402662,1.2717325581319014,178
8iter_5scen_4dev_test_1547628,dev540,development,scenario_44,all_links,177,143521.74326945253,2.5567105415058253,1.8714941270274699,6.240547018039129,27.199114537306937,0.32454862021186814,1.268344376508218,13.546517984350675,2.934459168302225,1.2670753959554346,178
8iter_5scen_4dev_test_1547628,dev540,development,scenario_44,used_links,58,143521.74326945256,2.540568251979378,1.8890602443990225,6.526167057900687,18.586185840560418,0.99043285823277,2.2118665007151965,13.546517984350675,2.934459168302225,1.2670753959554346,178
8iter_5scen_4dev_test_1547628,dev546,development,scenario_44,all_links,177,143893.21707515107,2.552672759011389,1.8714941270274699,6.258404299885957,27.199114537306937,0.3278552437163588,1.2832050216292241,13.70346937974838,2.947235106552509,1.2853572069168298,178
8iter_5scen_4dev_test_1547628,dev546,development,scenario_44,used_links,58,143893.21707515107,2.528246053677391,1.868139980527176,6.553150058413172,18.743137235958123,1.0005237609964743,2.2378541332790776,13.70346937974838,2.947235106552509,1.2853572069168298,178
8iter_5scen_4dev_test_1547628,dev550,development,scenario_44,all_links,177,143892.5130681555,2.5589019920312595,1.8714941270274699,6.244867628096141,27.199114537306937,0.3264564973055389,1.2716749789993622,13.583478068914403,2.9387517825584704,1.2716768264149432,178
8iter_5scen_4dev_test_1547628,dev550,development,scenario_44,used_links,58,143892.5130681555,2.547255954444925,1.910228153228681,6.532201882255122,18.623145925124145,0.9962551728117306,2.2176787082136937,13.583478068914403,2.9387517825584704,1.2716768264149432,178
8iter_5scen_4dev_test_1547628,dev552,development,scenario_44,all_links,177,144276.47794038727,2.5548309758302885,1.8714941270274699,6.261149371125841,27.199114537306937,0.3298467116832145,1.2916855721959077,13.796001663269003,2.9576083132452076,1.2941503758785464,178
8iter_5scen_4dev_test_1547628,dev552,development,scenario_44,used_links,58,144276.4779403873,2.5348323360385154,1.8718711145034668,6.568486802580794,18.835669519478746,1.0066011718608443,2.2526251248139144,13.796001663269003,2.9576083132452076,1.2941503758785464,178
8iter_5scen_4dev_test_1547628,dev556,development,scenario_44,all_links,177,143581.15205377643,2.5545204796008325,1.8654631967427695,6.258921391761795,27.199114537306937,0.3266897896061823,1.2848149934889088,13.721225358339431,2.953701690679576,1.2873244909169441,178
8iter_5scen_4dev_test_1547628,dev556,development,scenario_44,used_links,58,143581.1520537764,2.533884787200348,1.8469979596236366,6.556039056591313,18.760893214549174,0.9969671165567975,2.2406365600553926,13.721225358339431,2.953701690679576,1.2873244909169441,178
8iter_5scen_4dev_test_1547628,dev557,development,scenario_44,all_links,177,133959.60838661122,2.534205970962756,1.8399468749366528,6.095319387266251,27.199114537306937,0.2823587226829844,1.1071408513922951,11.825367049958107,2.7675900438509102,1.106362223690263,178
8iter_5scen_4dev_test_1547628,dev557,development,scenario_44,used_links,57,133959.6083866112,2.410729924405814,1.7824643392279667,6.24314886605626,16.86503490616785,0.8767981388576882,1.9360287436420234,11.825367049958107,2.7675900438509102,1.106362223690263,178
8iter_5scen_4dev_test_1547628,dev558,development,scenario_44,all_links,177,144996.3829949943,2.59658415270217,1.8780029423446545,6.339851302924892,27.199114537306937,0.3318303902509201,1.298725445351395,13.871552036106124,2.9885723045978634,1.2978917391012836,178
8iter_5scen_4dev_test_1547628,dev558,development,scenario_44,used_links,58,144996.3829949943,2.66225151373374,1.8960463328233947,6.965946954349088,18.911219892315867,1.012654811627808,2.2648904550751023,13.871552036106124,2.9885723045978634,1.2978917391012836,178
8iter_5scen_4dev_test_1547628,dev564,development,scenario_44,all_links,177,146026.68389588236,2.569986040185841,1.8824560495790255,6.266904578328614,27.199114537306937,0.33478946862631587,1.3094677134081212,13.985448327508692,2.980035385904871,1.305441485870357,178
8iter_5scen_4dev_test_1547628,dev564,development,scenario_44,used_links,58,146026.68389588234,2.581081411744252,1.898287395163743,6.600641210531363,19.025116183718435,1.021685102532033,2.2835933982919476,13.985448327508692,2.980035385904871,1.305441485870357,178
8iter_5scen_4dev_test_1547628,dev565,development,scenario_44,all_links,177,143491.6829680577,2.5713549430013707,1.8714941270274699,6.247858809696515,27.199114537306937,0.32423102181246455,1.273957942481094,13.60670166680654,2.9499448277344302,1.27240971282582,178
8iter_5scen_4dev_test_1547628,dev565,development,scenario_44,used_links,58,143491.6829680577,2.585258925508887,1.8804861900882388,6.536379823641243,18.646369523016283,0.9894636355311419,2.2217025307520997,13.60670166680654,2.9499448277344302,1.27240971282582,178
8iter_5scen_4dev_test_1547628,dev569,development,scenario_44,all_links,177,143514.8917656113,2.5577595676399167,1.8714941270274699,6.244734744328836,27.199114537306937,0.32519860805680917,1.2715763563853362,13.581051976295203,2.9385448635229916,1.2717002845335956,178
8iter_5scen_4dev_test_1547628,dev569,development,scenario_44,used_links,58,143514.8917656113,2.5437695903541053,1.8897308968936608,6.532016276476155,18.620719832504946,0.9924164418285385,2.2174999491915726,13.581051976295203,2.9385448635229916,1.2717002845335956,178
8iter_5scen_4dev_test_1547628,dev57,development,scenario_44,all_links,177,143593.6693725824,2.5493832496361533,1.8661431573642813,6.242935566167819,27.199114537306937,0.3246613387621213,1.2701481559951604,13.565612070935469,2.930252783424565,1.2684470932292888,178
8iter_5scen_4dev_test_1547628,dev57,development,scenario_44,used_links,58,143593.6693725824,2.5182073785150325,1.8623752338436468,6.529503269275599,18.60527992714521,0.9907768441533702,2.2150796435725497,13.565612070935469,2.930252783424565,1.2684470932292888,178
8iter_5scen_4dev_test_1547628,dev594,development,scenario_44,all_links,177,143566.04542882933,2.566722468533295,1.8688551108639249,6.2514026332845125,27.199114537306937,0.3236349784270882,1.2766909149604566,13.636062420044276,2.95459762852706,1.2742182526299406,178
8iter_5scen_4dev_test_1547628,dev594,development,scenario_44,used_links,58,143566.04542882938,2.571121891356309,1.865254240714637,6.541329669291387,18.67573027625402,0.9876446755447346,2.226469783005768,13.636062420044276,2.95459762852706,1.2742182526299406,178
8iter_5scen_4dev_test_1547628,dev602,development,scenario_44,all_links,177,143511.40042297327,2.570533733987172,1.8714941270274699,6.248677173601359,27.199114537306937,0.32427286478604955,1.2745886904742725,13.613414390358418,2.950116741964428,1.2730010148760065,178
8iter_5scen_4dev_test_1547628,dev602,development,scenario_44,used_links,58,143511.40042297327,2.5827528221379703,1.8712132869107718,6.53752287574698,18.65308224656816,0.9895913287436338,2.2228034171457947,13.613414390358418,2.950116741964428,1.2730010148760065,178
8iter_5scen_4dev_test_1547628,dev612,development,scenario_44,all_links,177,147345.1344074746,2.598657342148906,1.8946173867017428,6.418810732069314,27.199114537306937,0.34345490501398995,1.3472628098245805,14.387904765065269,3.030390768574354,1.3481596600997412,178
8iter_5scen_4dev_test_1547628,dev612,development,scenario_44,used_links,58,147345.1344074746,2.6685783160108474,1.9062191616778001,6.669118925205939,19.42757262127501,1.0481296239220037,2.34954505874401,14.387904765065269,3.030390768574354,1.3481596600997412,178
8iter_5scen_4dev_test_1547628,dev614,development,scenario_44,all_links,177,144207.71821661625,2.5511015495500167,1.8712603929151606,6.258166008843476,27.199114537306937,0.3278032228310774,1.2824881329462101,13.69763859586449,2.9427902424720327,1.2816580215623514,178
8iter_5scen_4dev_test_1547628,dev614,development,scenario_44,used_links,58,144207.71821661625,2.5234511558383748,1.8678118829634882,6.551818723654764,18.737306452074233,1.0003650076051842,2.2365719097359618,13.69763859586449,2.9427902424720327,1.2816580215623514,178
8iter_5scen_4dev_test_1547628,dev625,development,scenario_44,all_links,177,143757.30570733297,2.557358768337952,1.8714442584318645,6.2583095217826346,27.199114537306937,0.32649928207347284,1.2829169162591652,13.700561606285653,2.9521996392459826,1.2832555256674354,178
8iter_5scen_4dev_test_1547628,dev625,development,scenario_44,used_links,58,143757.30570733294,2.542546461449834,1.8680141182946346,6.552620532074391,18.740229462495396,0.9963857401207706,2.2373441404812504,13.700561606285653,2.9521996392459826,1.2832555256674354,178
8iter_5scen_4dev_test_1547628,dev627,development,scenario_44,all_links,177,143858.3969891108,2.5558326202883115,1.8714941270274699,6.2519869185330785,27.199114537306937,0.32626309508950146,1.2771297056961193,13.64000349932492,2.942300602613019,1.2762352216574482,178
8iter_5scen_4dev_test_1547628,dev627,development,scenario_44,used_links,58,143858.39698911077,2.5378890786086865,1.8908923329104053,6.542145771369903,18.679671355534662,0.9956649626007201,2.227255780135378,13.64000349932492,2.942300602613019,1.2762352216574482,178
8iter_5scen_4dev_test_1547628,dev628,development,scenario_44,all_links,177,143577.5704627015,2.5584057229373185,1.8714941270274699,6.260965264655191,27.199114537306937,0.32753072790522747,1.2911204909366558,13.788537268093542,2.964202893601514,1.2954216053976642,178
8iter_5scen_4dev_test_1547628,dev628,development,scenario_44,used_links,58,143577.57046270146,2.545741478072038,1.87162797492835,6.56745819764008,18.828205124303285,0.9995334282625045,2.2516344637775227,13.788537268093542,2.964202893601514,1.2954216053976642,178
8iter_5scen_4dev_test_1547628,dev629,development,scenario_44,all_links,177,143748.5896043849,2.551921655549823,1.8695525826804513,6.2535802298706304,27.199114537306937,0.3265292495669167,1.278385311703948,13.65451967229006,2.9443467721991974,1.2794505991264167,178
8iter_5scen_4dev_test_1547628,dev629,development,scenario_44,used_links,58,143748.5896043849,2.5259538931136456,1.866000209672543,6.544371233500754,18.694187528499803,0.9964771926438665,2.229399147849974,13.65451967229006,2.9443467721991974,1.2794505991264167,178
8iter_5scen_4dev_test_1547628,dev62,development,scenario_44,all_links,177,143434.01184363148,2.550425232798198,1.8673626119059659,6.2467428598590855,27.199114537306937,0.3255370792712024,1.2730860898370884,13.596929900052395,2.9388859724826633,1.2748865227665283,178
8iter_5scen_4dev_test_1547628,dev62,development,scenario_44,used_links,58,143434.0118436315,2.5213872236819634,1.8636702419614628,6.5348211175399324,18.636597756262137,0.9934493626034969,2.2202013233004965,13.596929900052395,2.9388859724826633,1.2748865227665283,178
8iter_5scen_4dev_test_1547628,dev63,development,scenario_44,all_links,177,145796.20217253742,2.5826515302669093,1.8842159404874559,6.268278229687468,27.199114537306937,0.335399541684687,1.313699941539998,14.030143753296095,2.992678527826276,1.3128552744511852,178
8iter_5scen_4dev_test_1547628,dev63,development,scenario_44,used_links,58,145796.2021725374,2.6197329935433737,1.8992403144491772,6.608315816261138,19.069811609505837,1.0235468772101657,2.2909848977542033,14.030143753296095,2.992678527826276,1.3128552744511852,178
8iter_5scen_4dev_test_1547628,dev648,development,scenario_44,all_links,177,143530.8874901772,2.5716764304578996,1.8714941270274699,6.252215007692991,27.199114537306937,0.3257618345926887,1.277315593244874,13.642592010614283,2.948692706656128,1.2785392800453284,178
8iter_5scen_4dev_test_1547628,dev648,development,scenario_44,used_links,58,143530.8874901772,2.5862400165400175,1.890933742202697,6.542464355551085,18.682259866824026,0.9941352538432052,2.2275626121586516,13.642592010614283,2.948692706656128,1.2785392800453284,178
8iter_5scen_4dev_test_1547628,dev662,development,scenario_44,all_links,177,146962.33488772297,2.585253750752187,1.891722331078817,6.2750102654955295,27.199114537306937,0.3406336974096343,1.3344567108891692,14.25217644287186,3.0141554517914146,1.333173634717918,178
8iter_5scen_4dev_test_1547628,dev662,development,scenario_44,used_links,58,146962.33488772297,2.6276742526105146,1.9035280932534258,6.6459277767142675,19.291844299081603,1.0395200765776773,2.327209401689965,14.25217644287186,3.0141554517914146,1.333173634717918,178
8iter_5scen_4dev_test_1547628,dev669,development,scenario_44,all_links,177,143144.95717689898,2.5477081323295456,1.860922919797762,6.2266373140603966,27.199114537306937,0.32224068953705104,1.2575932084938533,13.432263678346668,2.918249178829593,1.2560661220162768,178
8iter_5scen_4dev_test_1547628,dev669,development,scenario_44,used_links,58,143144.95717689898,2.513095382596593,1.856827689816582,6.506738639407418,18.47193153455641,0.9833896904837592,2.1931547714222748,13.432263678346668,2.918249178829593,1.2560661220162768,178
8iter_5scen_4dev_test_1547628,dev670,development,scenario_44,all_links,177,144090.16787815426,2.555996385144706,1.8714941270274699,6.252020621303762,27.199114537306937,0.326879939263843,1.2771494289601573,13.639803182058358,2.9422883877141035,1.2756397846743246,178
8iter_5scen_4dev_test_1547628,dev670,development,scenario_44,used_links,58,144090.1678781543,2.538388843773892,1.8905691924383552,6.542192845810468,18.6794710382681,0.9975474008569002,2.2273011180607867,13.639803182058358,2.9422883877141035,1.2756397846743246,178
8iter_5scen_4dev_test_1547628,dev673,development,scenario_44,all_links,177,143506.610655443,2.5457089205936767,1.8654811146075134,6.240868583656354,27.199114537306937,0.3238596524636119,1.2685572072763747,13.54862779495037,2.925824741832191,1.2663004472114796,178
8iter_5scen_4dev_test_1547628,dev673,development,scenario_44,used_links,58,143506.61065544302,2.506994339885406,1.8616702234986713,6.526616205588806,18.588295651160113,0.9883303187251606,2.2122990799267024,13.54862779495037,2.925824741832191,1.2663004472114796,178
8iter_5scen_4dev_test_1547628,dev678,development,scenario_44,all_links,177,146029.76424638473,2.566224785309556,1.8792051974566917,6.264367183872011,27.199114537306937,0.3352289247375113,1.3016346614892138,13.903142322158754,2.966438304580176,1.3001606556437193,178
8iter_5scen_4dev_test_1547628,dev678,development,scenario_44,used_links,58,146029.76424638473,2.569603099449384,1.9268119741148548,6.586464758908594,18.942810178368497,1.0230262013541296,2.2699398976124496,13.903142322158754,2.966438304580176,1.3001606556437193,178
8iter_5scen_4dev_test_1547628,dev680,development,scenario_44,all_links,177,143562.70853927667,2.5698822479803107,1.8714941270274699,6.249217754789596,27.199114537306937,0.32452442313841456,1.2750108009905607,13.618343759323292,2.949967043922075,1.2734172011563132,178
8iter_5scen_4dev_test_1547628,dev680,development,scenario_44,used_links,58,143562.70853927667,2.5807646665653072,1.8849073704836836,6.538277934055246,18.658011615533034,0.9903590154396444,2.2235306223307947,13.618343759323292,2.949967043922075,1.2734172011563132,178
8iter_5scen_4dev_test_1547628,dev682,development,scenario_44,all_links,177,144996.381901195,2.5966862024111683,1.8780029321795946,6.339851262252546,27.199114537306937,0.33183205695040685,1.2987254241673205,13.871551957972152,2.9886430158669364,1.2978928792142856,178
8iter_5scen_4dev_test_1547628,dev682,development,scenario_44,used_links,58,144996.38190119498,2.6625629412939578,1.8960463277408648,6.968656460714257,18.911219814181894,1.0126598979348622,2.2648904123820963,13.871551957972152,2.9886430158669364,1.2978928792142856,178
8iter_5scen_4dev_test_1547628,dev689,development,scenario_44,all_links,177,146058.1374444195,2.5719637407938403,1.8829658666168285,6.267302506895317,27.199114537306937,0.33536188829485664,1.3106958073582435,13.998505971547445,2.9830595724067708,1.3074299164661192,178
8iter_5scen_4dev_test_1547628,dev689,development,scenario_44,used_links,58,146058.1374444195,2.587116808427285,1.8985334442991628,6.602864441949127,19.038173827757188,1.0234319694515452,2.285734617581575,13.998505971547445,2.9830595724067708,1.3074299164661192,178
8iter_5scen_4dev_test_1547628,dev694,development,scenario_44,all_links,177,143633.6936759784,2.5555349787514468,1.8660199209848969,6.242550806364378,27.199114537306937,0.3231499100741657,1.2698590575464996,13.562697234085526,2.9351961594119973,1.2651295816457988,178
8iter_5scen_4dev_test_1547628,dev694,development,scenario_44,used_links,58,143633.6936759784,2.5369807587461874,1.862242705081183,6.528965854928601,18.60236509029527,0.9861643807435745,2.2145620537449155,13.562697234085526,2.9351961594119973,1.2651295816457988,178
8iter_5scen_4dev_test_1547628,dev726,development,scenario_44,all_links,177,143589.19696405053,2.55598503705589,1.8714941270274699,6.2608611238441085,27.199114537306937,0.32720193653773616,1.2907985757680769,13.785033616390791,2.9627484611367385,1.2943376949557759,178
8iter_5scen_4dev_test_1547628,dev726,development,scenario_44,used_links,58,143589.19696405053,2.538354212537334,1.8714862856462238,6.5668763617468,18.824701472600534,0.9985300477099879,2.2510740910569265,13.785033616390791,2.9627484611367385,1.2943376949557759,178
8iter_5scen_4dev_test_1547628,dev736,development,scenario_44,all_links,177,143393.07486629183,2.5550085479502616,1.8692062690093885,6.2524989941131945,27.199114537306937,0.3265362740813782,1.2775167288407343,13.643639942282327,2.945721143225473,1.2815956066863736,178
8iter_5scen_4dev_test_1547628,dev736,development,scenario_44,used_links,58,143393.07486629183,2.5353742371632593,1.8656308570795357,6.542861014389157,18.68330779849207,0.9964986295242058,2.2279446387658197,13.643639942282327,2.945721143225473,1.2815956066863736,178
8iter_5scen_4dev_test_1547628,dev73,development,scenario_44,all_links,177,144608.77504271123,2.558675389346026,1.8714941270274699,6.262254357282906,27.199114537306937,0.330783468131352,1.2950951528608057,13.832497157685953,2.9608958133302483,1.2964581555016577,178
8iter_5scen_4dev_test_1547628,dev73,development,scenario_44,used_links,58,144608.77504271118,2.546564425560679,1.8733748725884523,6.57466037277943,18.872165013895696,1.0094598941249882,2.258570960002084,13.832497157685953,2.9608958133302483,1.2964581555016577,178
8iter_5scen_4dev_test_1547628,dev750,development,scenario_44,all_links,177,146106.04122905442,2.573026104506706,1.8835782319907803,6.267780477730903,27.199114537306937,0.3356915383736146,1.3121710978206245,14.01421936597622,2.985357501904968,1.3090912951766427,178
8iter_5scen_4dev_test_1547628,dev750,development,scenario_44,used_links,58,146106.04122905445,2.5903588494130982,1.898907701198974,6.605534870431446,19.053887222185963,1.0244379705539615,2.2883065374151195,14.01421936597622,2.985357501904968,1.3090912951766427,178
8iter_5scen_4dev_test_1547628,dev755,development,scenario_44,all_links,177,143780.94149360212,2.56000567985407,1.8714941270274699,6.252020183661285,27.199114537306937,0.3260549080506963,1.2771492215382119,13.639804239594174,2.9467800724540147,1.276360317371715,178
8iter_5scen_4dev_test_1547628,dev755,development,scenario_44,used_links,58,143780.9414936021,2.5506241052145353,1.8908976603614016,6.542192234532096,18.679472095803916,0.9950296331891938,2.2273005293316834,13.639804239594174,2.9467800724540147,1.276360317371715,178
8iter_5scen_4dev_test_1547628,dev759,development,scenario_44,all_links,177,147342.63995388406,2.593133125738693,1.8936794080644177,6.27851029606673,27.199114537306937,0.3430951094671177,1.3452544846728474,14.366890002789496,3.0274461441000495,1.3453659305681944,178
8iter_5scen_4dev_test_1547628,dev759,development,scenario_44,used_links,58,147342.63995388412,2.6517199314486457,1.9057920188168356,6.665482487233052,19.40655785899924,1.0470316271668936,2.346042764259117,14.366890002789496,3.0274461441000495,1.3453659305681944,178
8iter_5scen_4dev_test_1547628,dev761,development,scenario_44,all_links,177,143292.7452535133,2.5509269599846185,1.8642166002076765,6.236920607300988,27.199114537306937,0.3235296919407575,1.2655163734277006,13.516321163951336,2.9282101066688835,1.2643946526903873,178
8iter_5scen_4dev_test_1547628,dev761,development,scenario_44,used_links,58,143292.7452535133,2.5229183566474185,1.860326788959007,6.521101858414284,18.55598902016108,0.9873233702330012,2.2069881498789172,13.516321163951336,2.9282101066688835,1.2643946526903873,178
8iter_5scen_4dev_test_1547628,dev764,development,scenario_44,all_links,177,143763.83398030227,2.574270519638685,1.8714941270274699,6.253566925684618,27.199114537306937,0.325435017602033,1.2783655828235623,13.654174610326116,2.95632014957993,1.2766581684507878,178
8iter_5scen_4dev_test_1547628,dev764,development,scenario_44,used_links,58,143763.83398030224,2.5941564611089665,1.884572820421265,6.544352650841199,18.69384246653586,0.9931378985441354,2.229381250680667,13.654174610326116,2.95632014957993,1.2766581684507878,178
8iter_5scen_4dev_test_1547628,dev767,development,scenario_44,all_links,177,143392.57256779005,2.550901354428962,1.865218440759441,6.240048482167991,27.199114537306937,0.324429455922487,1.267922656082166,13.541579016625622,2.9313360408009905,1.2680583118782223,178
8iter_5scen_4dev_test_1547628,dev767,development,scenario_44,used_links,58,143392.57256779008,2.522840215555155,1.8613925508756632,6.525470726508358,18.581246872835365,0.9900692016944861,2.2111958560862504,13.541579016625622,2.9313360408009905,1.2680583118782223,178
8iter_5scen_4dev_test_1547628,dev770,development,scenario_44,all_links,177,143432.93354041473,2.550498378646741,1.866790906023062,6.244957920669609,27.199114537306937,0.32534299351391827,1.2717151454356008,13.582642895095496,2.93728854734696,1.273354975146471,178
8iter_5scen_4dev_test_1547628,dev770,development,scenario_44,used_links,58,143432.93354041473,2.5216104446335486,1.8630620636236959,6.532327998663267,18.62231075130524,0.9928570664131643,2.217800172350851,13.582642895095496,2.93728854734696,1.273354975146471,178
8iter_5scen_4dev_test_1547628,dev775,development,scenario_44,all_links,177,145895.21388711347,2.583442650898061,1.8855459835814898,6.2693163710260595,27.199114537306937,0.3365047951085231,1.3168942416495253,14.063905417771302,2.994279997133775,1.317463775153616,178
8iter_5scen_4dev_test_1547628,dev775,development,scenario_44,used_links,58,145895.21388711347,2.6221472754694757,1.899955980503732,6.614115923700425,19.103573273981045,1.026919805762217,2.296571046740617,14.063905417771302,2.994279997133775,1.317463775153616,178
8iter_5scen_4dev_test_1547628,dev776,development,scenario_44,all_links,177,143684.2400812949,2.5587796795489113,1.8714941270274699,6.262942575941526,27.199114537306937,0.3282450536006449,1.297218766721929,13.853490324164675,2.9724188277048467,1.3020781928222251,178
8iter_5scen_4dev_test_1547628,dev776,development,scenario_44,used_links,58,143684.24008129488,2.546882690490175,1.87431953280227,6.578505458234879,18.893158180374417,1.0017133532295541,2.262274205234084,13.853490324164675,2.9724188277048467,1.3020781928222251,178
8iter_5scen_4dev_test_1547628,dev780,development,scenario_44,all_links,177,143892.91264731658,2.555604850882636,1.8714941270274699,6.2449371947142405,27.199114537306937,0.32639794805591854,1.2717283695064983,13.584035529791059,2.9371115888688935,1.2716592149933783,178
8iter_5scen_4dev_test_1547628,dev780,development,scenario_44,used_links,58,143892.91264731658,2.5371939892155067,1.9102586915225759,6.532299049626309,18.623703386000802,0.9960764966534067,2.2177722912063804,13.584035529791059,2.9371115888688935,1.2716592149933783,178
8iter_5scen_4dev_test_1547628,dev789,development,scenario_44,all_links,177,145663.426231534,2.5766398034746083,1.8803691027616494,6.265275649332042,27.199114537306937,0.33356344473428906,1.304429197263227,13.932179549519141,2.984499943608736,1.3010303282150326,178
8iter_5scen_4dev_test_1547628,dev789,development,scenario_44,used_links,58,145663.42623153405,2.601386861780663,1.8970854994753696,6.5915403657428335,18.971847405728884,1.0179436158270545,2.2748282718829786,13.932179549519141,2.984499943608736,1.3010303282150326,178
8iter_5scen_4dev_test_1547628,dev791,development,scenario_44,all_links,177,144229.48585417622,2.5637271629667913,1.8714941270274699,6.258102509452099,27.199114537306937,0.3280131263592841,1.2822939000491327,13.695761153619525,2.951705390136473,1.2814007250094313,178
8iter_5scen_4dev_test_1547628,dev791,development,scenario_44,used_links,58,144229.48585417625,2.561981045058532,1.8919607036721593,6.551463951834561,18.735429009829268,1.00100557526885,2.236230224988813,13.695761153619525,2.951705390136473,1.2814007250094313,178
8iter_5scen_4dev_test_1547628,dev809,development,scenario_44,all_links,177,144265.0666963759,2.5640240899457423,1.8714941270274699,6.258212799803451,27.199114537306937,0.32812041894949967,1.2826342590026572,13.699393004159084,2.952251398434539,1.2816120185993596,178
8iter_5scen_4dev_test_1547628,dev809,development,scenario_44,used_links,58,144265.06669637587,2.5628871842874,1.8920313544143994,6.552080145279117,18.739060860368827,1.0013330026562317,2.2368236878551064,13.699393004159084,2.952251398434539,1.2816120185993596,178
8iter_5scen_4dev_test_1547628,dev810,development,scenario_44,all_links,177,143580.48072084095,2.5678734033452715,1.8690382874851752,6.251974534221066,27.199114537306937,0.32387283733407773,1.277133134442874,13.64083116625141,2.9547022983530926,1.2748179585111636,178
8iter_5scen_4dev_test_1547628,dev810,development,scenario_44,used_links,58,143580.48072084098,2.574634226903205,1.8654487878325887,6.542128473546966,18.680499022461152,0.9883705553126163,2.2272391204067308,13.64083116625141,2.9547022983530926,1.2748179585111636,178
8iter_5scen_4dev_test_1547628,dev811,development,scenario_44,all_links,177,143541.73773741178,2.54986819570272,1.8690465839171737,6.25200043674726,27.199114537306937,0.32639074383009015,1.2771309285697188,13.63965314839903,2.9426414527025457,1.2795385691448955,178
8iter_5scen_4dev_test_1547628,dev811,development,scenario_44,used_links,58,143541.73773741178,2.519687300131968,1.8654590610076682,6.542164652973912,18.679321004608774,0.9960545113435512,2.227273965221465,13.63965314839903,2.9426414527025457,1.2795385691448955,178
8iter_5scen_4dev_test_1547628,dev813,development,scenario_44,all_links,177,142942.71511116868,2.5633926730672876,1.860511645926967,6.225353264216689,27.199114537306937,0.3197828035002515,1.256600515959506,13.421463409757447,2.940145578960889,1.2519937083056702,178
8iter_5scen_4dev_test_1547628,dev813,development,scenario_44,used_links,58,142942.71511116865,2.5609602741583237,1.8563914281863487,6.504945139145448,18.46113126596719,0.9758889003369744,2.1914274310625648,13.421463409757447,2.940145578960889,1.2519937083056702,178
8iter_5scen_4dev_test_1547628,dev822,development,scenario_44,all_links,177,143857.71442430737,2.55732795268875,1.8714941270274699,6.257029857631613,27.199114537306937,0.327407345729038,1.2810392159652735,13.682384302518642,2.9476514491034527,1.282551667075277,178
8iter_5scen_4dev_test_1547628,dev822,development,scenario_44,used_links,58,143857.71442430737,2.5424524205893366,1.8916999236758205,6.5491895108622895,18.722052158728385,0.9991568998972367,2.2340396851988324,13.682384302518642,2.9476514491034527,1.282551667075277,178
8iter_5scen_4dev_test_1547628,dev831,development,scenario_44,all_links,177,143599.43666996737,2.558457203834632,1.8714941270274699,6.261157380850893,27.199114537306937,0.3276084383038071,1.2917135955505237,13.794872706722785,2.9649409889725513,1.295972467213305,178
8iter_5scen_4dev_test_1547628,dev831,development,scenario_44,used_links,58,143599.43666996737,2.5458985835690116,1.8718894922267415,6.568531553005555,18.834540562932528,0.9997705789616181,2.252668224453453,13.794872706722785,2.9649409889725513,1.295972467213305,178
8iter_5scen_4dev_test_1547628,dev837,development,scenario_44,all_links,177,144047.25676449164,2.5504022175539056,1.8685620854013267,6.250487770157602,27.199114537306937,0.32619110060115053,1.2759582769020748,13.62563453242598,2.934324553316063,1.2733254813896882,178
8iter_5scen_4dev_test_1547628,dev837,development,scenario_44,used_links,58,144047.25676449164,2.521316987505416,1.8649542869949063,6.540051831623466,18.665302388635723,0.9954452552828212,2.225239083114743,13.62563453242598,2.934324553316063,1.2733254813896882,178
8iter_5scen_4dev_test_1547628,dev858,development,scenario_44,all_links,177,143562.66631099125,2.5729376882865527,1.8684127574630658,6.250021549156461,27.199114537306937,0.3243030361521961,1.27562681783221,13.624563541821605,2.9540990423847022,1.273683210324204,178
8iter_5scen_4dev_test_1547628,dev858,development,scenario_44,used_links,58,143562.6663109913,2.5900890274998734,1.8647855111835456,6.539400636117482,18.664231398031347,0.9896834034299778,2.2246119093677414,13.624563541821605,2.9540990423847022,1.273683210324204,178
8iter_5scen_4dev_test_1547628,dev863,development,scenario_44,all_links,177,143787.918590351,2.558780552861912,1.8676128080473164,6.247524004344577,27.199114537306937,0.3236973431806935,1.2736956330805145,13.603786111150164,2.9430582314108067,1.2689311638412735,178
8iter_5scen_4dev_test_1547628,dev863,development,scenario_44,used_links,58,143787.91859035104,2.546885355600538,1.8639352248233452,6.5359121833161025,18.643453967359907,0.9878349955686683,2.2212521410730046,13.603786111150164,2.9430582314108067,1.2689311638412735,178
8iter_5scen_4dev_test_1547628,dev866,development,scenario_44,all_links,177,143956.92567266995,2.5548394982240743,1.8703268205837214,6.255997500038476,27.199114537306937,0.3272717842763089,1.2802497342227062,13.673191351939288,2.9447679076519977,1.2805969037723646,178
8iter_5scen_4dev_test_1547628,dev866,development,scenario_44,used_links,58,143956.92567266995,2.5348583440333448,1.8668198528732374,6.547747562465339,18.71285920814903,0.9987432037397701,2.2326509284110663,13.673191351939288,2.9447679076519977,1.2805969037723646,178
8iter_5scen_4dev_test_1547628,dev873,development,scenario_44,all_links,177,145744.67083975492,2.577921798543448,1.8830859112240161,6.267396205565499,27.199114537306937,0.3348410751359703,1.3109841659463752,14.001389510488742,2.987823219785447,1.3094872410415186,178
8iter_5scen_4dev_test_1547628,dev873,development,scenario_44,used_links,58,145744.67083975495,2.6052991570769506,1.8986888849740349,6.603387937482705,19.041057366698485,1.0218425913632196,2.2862388020427944,14.001389510488742,2.987823219785447,1.3094872410415186,178
8iter_5scen_4dev_test_1547628,dev878,development,scenario_44,all_links,177,143772.14002583234,2.5738089993858413,1.8714941270274699,6.258819323794559,27.199114537306937,0.32751093942848225,1.2845022582859058,13.71798023258351,2.960102718593526,1.2867534006612014,178
8iter_5scen_4dev_test_1547628,dev878,development,scenario_44,used_links,58,143772.14002583234,2.59274802861322,1.8687060124496004,6.555468801700119,18.757648088793253,0.9994730392903682,2.2400873411287114,13.71798023258351,2.960102718593526,1.2867534006612014,178
8iter_5scen_4dev_test_1547628,dev887,development,scenario_44,all_links,177,144943.44317384105,2.553365439701639,1.8714941270274699,6.262570981610725,27.199114537306937,0.3310872178969412,1.2960839889658835,13.842017346819599,2.954504851172754,1.2950943486954187,178
8iter_5scen_4dev_test_1547628,dev887,development,scenario_44,used_links,58,144943.44317384102,2.530359924059705,1.8738083354414954,6.576429356491934,18.881685203029342,1.0103868546165273,2.2602746881960907,13.842017346819599,2.954504851172754,1.2950943486954187,178
8iter_5scen_4dev_test_1547628,dev895,development,scenario_44,all_links,177,145918.64303823008,2.569161221431831,1.8816248998733127,6.266255839297578,27.199114537306937,0.33455199291060145,1.3074669784679145,13.964091176233836,2.9770810494830533,1.3039710880017013,178
8iter_5scen_4dev_test_1547628,dev895,development,scenario_44,used_links,58,145918.64303823005,2.578564292443222,1.8978805655858015,6.597016698203236,19.00375903244358,1.0209603921582149,2.2801025895302227,13.964091176233836,2.9770810494830533,1.3039710880017013,178
8iter_5scen_4dev_test_1547628,dev90,development,scenario_44,all_links,177,144004.49912301576,2.5499437403716456,1.8686866931425676,6.250876811528882,27.199114537306937,0.3262793161727807,1.2762590875534492,13.628878124205482,2.935010888751046,1.2742199316160854,178
8iter_5scen_4dev_test_1547628,dev90,development,scenario_44,used_links,58,144004.4991230158,2.5199178416216217,1.8650866254671175,6.540595226262488,18.668545980415225,0.9957144648721067,2.2257624326291725,13.628878124205482,2.935010888751046,1.2742199316160854,178
8iter_5scen_4dev_test_1547628,dev935,development,scenario_44,all_links,177,144336.7998897562,2.552253498757171,1.8714941270274699,6.258362276810467,27.199114537306937,0.32800794140226613,1.2830937065086312,13.70410903213197,2.94289436741789,1.2814670470081677,178
8iter_5scen_4dev_test_1547628,dev935,development,scenario_44,used_links,58,144336.79988975616,2.5269665870395164,1.8680781472735752,6.552915275013543,18.743776888341714,1.000989752210364,2.23762801073504,13.70410903213197,2.94289436741789,1.2814670470081677,178
8iter_5scen_4dev_test_1547628,dev938,development,scenario_44,all_links,177,143233.55519824236,2.556238143225203,1.862286595156355,6.230894883664044,27.199114537306937,0.32060921090024225,1.260873052577598,13.466941295632747,2.9315196030961674,1.255238364874961,178
8iter_5scen_4dev_test_1547628,dev938,development,scenario_44,used_links,58,143233.55519824233,2.5391266227436837,1.8582770284670644,6.512685411829775,18.50660915184249,0.978410867747291,2.1988821751104495,13.466941295632747,2.9315196030961674,1.255238364874961,178
8iter_5scen_4dev_test_1547628,dev940,development,scenario_44,all_links,177,144322.55755290692,2.5522990604219506,1.8711643521864516,6.258091045971139,27.199114537306937,0.327824468871906,1.2822524276810428,13.69393105318376,2.941912516562645,1.2803776233893263,178
8iter_5scen_4dev_test_1547628,dev940,development,scenario_44,used_links,58,144322.55755290692,2.527105628671691,1.8677099814857425,6.551399905236354,18.733598909393503,1.0004298446608164,2.2361685409866787,13.69393105318376,2.941912516562645,1.2803776233893263,178
8iter_5scen_4dev_test_1547628,dev945,development,scenario_44,all_links,177,146629.21958205715,2.567853026732551,1.8862900769935755,6.273383511927245,27.199114537306937,0.3375245800096163,1.3294211944189374,14.198437818887019,2.994595964659265,1.3259568829670603,178
8iter_5scen_4dev_test_1547628,dev945,development,scenario_44,used_links,58,146629.21958205715,2.574572043102314,1.8885233945414124,6.6368390860682664,19.23810567509676,1.0300319079603808,2.318455981072944,14.198437818887019,2.994595964659265,1.3259568829670603,178
8iter_5scen_4dev_test_1547628,dev94,development,scenario_44,all_links,177,143398.49891868737,2.5477935869867805,1.8687462922549292,6.25106288761187,27.199114537306937,0.32625544811119306,1.2764091264759823,13.631996807741658,2.943554981747639,1.279891544896668,178
8iter_5scen_4dev_test_1547628,dev94,development,scenario_44,used_links,58,143398.49891868737,2.5133561666367745,1.8651407873828023,6.540855128559287,18.6716646639514,0.9956416261324338,2.2260127474667915,13.631996807741658,2.943554981747639,1.279891544896668,178
8iter_5scen_4dev_test_1547628,dev952,development,scenario_44,all_links,177,145187.09913255318,2.590787174652154,1.8798837113003894,6.347376618789964,27.199114537306937,0.33236353776152633,1.3032514648622096,13.919743458939003,2.989917807104468,1.3018926694030952,178
8iter_5scen_4dev_test_1547628,dev952,development,scenario_44,used_links,58,145187.0991325532,2.64456073589145,1.896957035601385,6.8043516310402525,18.959411315148746,1.0142818307550028,2.2727896394270113,13.919743458939003,2.989917807104468,1.3018926694030952,178
8iter_5scen_4dev_test_1547628,dev958,development,scenario_44,all_links,177,143803.71378723596,2.5541526528968768,1.8667688125168784,6.244888941905878,27.199114537306937,0.3262432168540707,1.2716903313707608,13.583579877730955,2.936576042058644,1.2720395951538115,178
8iter_5scen_4dev_test_1547628,dev958,development,scenario_44,used_links,58,143803.71378723596,2.5327622815693096,1.8630425269734994,6.5322316523793384,18.623247733940698,0.9956042997098364,2.217707380156578,13.583579877730955,2.936576042058644,1.2720395951538115,178
8iter_5scen_4dev_test_1547628,dev964,development,scenario_44,all_links,177,143498.93519302615,2.5527802339979395,1.8688812352448005,6.25148419695671,27.199114537306937,0.3263386675415546,1.2767505281454299,13.634988644501437,2.9433707646993796,1.2794602571720988,178
8iter_5scen_4dev_test_1547628,dev964,development,scenario_44,used_links,58,143498.93519302615,2.5285740376880703,1.8652852547400118,6.54144359358192,18.67465650071118,0.9958955888768132,2.2265795047767423,13.634988644501437,2.9433707646993796,1.2794602571720988,178
8iter_5scen_4dev_test_1547628,dev970,development,scenario_44,all_links,177,144509.3468724334,2.5530639529578862,1.8714941270274699,6.259602842741983,27.199114537306937,0.3289170974525718,1.2869231426576109,13.744121202085601,2.9462540680726996,1.2855348712132062,178
8iter_5scen_4dev_test_1547628,dev970,development,scenario_44,used_links,58,144509.3468724334,2.5294398696865277,1.8697691627931077,6.559846330950558,18.783789058295344,1.0037642456742277,2.2443033889935657,13.744121202085601,2.9462540680726996,1.2855348712132062,178
8iter_5scen_4dev_test_1547628,dev971,development,scenario_44,all_links,177,143717.9612989223,2.5520577448484034,1.869029199923964,6.251946161687868,27.199114537306937,0.32659127169259966,1.2771172415412944,13.640500919622482,2.9425687294818843,1.278397571780217,178
8iter_5scen_4dev_test_1547628,dev971,development,scenario_44,used_links,58,143717.96129892234,2.5263692001110383,1.8654439070328521,6.542088844130731,18.680168775832225,0.9966664670618988,2.227200952868343,13.640500919622482,2.9425687294818843,1.278397571780217,178
8iter_5scen_4dev_test_1547628,dev987,development,scenario_44,all_links,177,143387.59297177693,2.555230271369639,1.86920004680344,6.252479567587118,27.199114537306937,0.3265180302656536,1.2775107653366604,13.643462406266867,2.945730924132966,1.2815944743578143,178
8iter_5scen_4dev_test_1547628,dev987,development,scenario_44,used_links,58,143387.59297177693,2.5360508758741194,1.8661739261217551,6.542833880333746,18.68313026247661,0.9964429544313912,2.2279185056505773,13.643462406266867,2.945730924132966,1.2815944743578143,178
8iter_5scen_4dev_test_1547628,dev9,development,scenario_44,all_links,177,135727.1995960257,2.547365835579374,1.8565338129224818,6.259052378905355,27.199114537306937,0.2903216027638378,1.1377713675237682,12.152070309806138,2.799301569530637,1.1376274651547216,178
8iter_5scen_4dev_test_1547628,dev9,development,scenario_44,used_links,57,135727.1995960257,2.4354567625516226,1.811167140456118,6.298484472000483,17.19173816601588,0.9015249770034961,1.9896100767975555,12.152070309806138,2.799301569530637,1.1376274651547216,178
8iter_5scen_4dev_test_1547628,status_quo,status_quo,scenario_44,all_links,176,130130.84855697228,2.502314554879371,1.8365913161445153,5.9649281040906255,27.199114537306937,0.2715252423340851,0.9767212828760383,12.919055425022488,2.706878783410317,1.0556195729483837,178
8iter_5scen_4dev_test_1547628,status_quo,status_quo,scenario_44,used_links,57,130130.84855697228,2.3723255162638974,1.786622102234485,5.96919846819329,17.95872328123223,0.8383937307157714,1.6707632371834502,12.919055425022488,2.706878783410317,1.0556195729483837,178
